rank,grid_id,Latitude,Longitude,land_cover,priority,LST,NDVI,recommended_action,cost_estimate,cooling_c,cooling_per_rupee,cumulative_cost,within_budget
1,+87383+19374,17.404409471122015,78.497933625115,built_up,High,44.47821,0.16771771,Cool roof,427034.4303663836,1.0,2.3417315534534955e-06,427034.4303663836,True
2,+87384+19374,17.404409471122015,78.49883194039907,built_up,High,44.071472,0.3129395,Cool roof,427034.4303663836,1.0,2.3417315534534955e-06,854068.8607327671,True
3,+87393+19349,17.381951589020385,78.50691677795565,built_up,High,43.747833,0.24398166,Cool roof,427085.5857734706,1.0,2.341451065806767e-06,1281154.4465062376,True
4,+87391+19347,17.380154958452252,78.50512014738753,built_up,High,43.706635,0.30379164,Cool roof,427089.6754206114,1.0,2.341428644968222e-06,1708244.121926849,True
5,+87385+19375,17.40530778640608,78.49973025568313,built_up,High,43.479523,0.18444438,Cool roof,427032.38280901685,1.0,2.3417427817113192e-06,2135276.5047358656,True
6,+87386+19375,17.40530778640608,78.5006285709672,built_up,High,43.470734,0.23099239,Cool roof,427032.38280901685,1.0,2.3417427817113192e-06,2562308.8875448825,True
7,+87385+19374,17.404409471122015,78.49973025568313,built_up,High,43.41101,0.21676263,Cool roof,427034.4303663836,1.0,2.3417315534534955e-06,2989343.317911266,True
8,+87392+19349,17.381951589020385,78.50601846267159,built_up,High,43.353912,0.25065032,Cool roof,427085.5857734706,1.0,2.341451065806767e-06,3416428.903684736,True
9,+87319+19366,17.397222948849492,78.44044144693483,built_up,High,43.34256,0.26429704,Cool roof,427050.8071116288,1.0,2.3416417516302816e-06,3843479.710796365,True
10,+87389+19373,17.40351115583795,78.50332351681939,built_up,High,43.14511,0.20544672,Cool roof,427036.4778205931,1.0,2.341720325869025e-06,4270516.188616958,True
11,+87389+19374,17.404409471122015,78.50332351681939,built_up,High,42.985474,0.26885659,Cool roof,427034.4303663836,1.0,2.3417315534534955e-06,4697550.618983342,True
12,+87390+19374,17.404409471122015,78.50422183210345,built_up,High,42.934296,0.30340222,Cool roof,427034.4303663836,1.0,2.3417315534534955e-06,5124585.049349726,True
13,+87385+19376,17.406206101690145,78.49973025568313,built_up,High,42.898254,0.27558413,Cool roof,427030.3351484935,1.0,2.34175401064251e-06,5551615.38449822,True
14,+87386+19377,17.40710441697421,78.5006285709672,built_up,High,42.88562,0.26869637,Cool roof,427028.28738481377,1.0,2.3417652402470857e-06,5978643.671883034,True
15,+87318+19368,17.399019579417622,78.43954313165077,built_up,High,42.854828,0.3296735,Cool roof,427046.71354427113,1.0,2.3416641980464084e-06,6405690.385427305,True
16,+87384+19375,17.40530778640608,78.49883194039907,built_up,High,42.8432,0.32191312,Cool roof,427032.38280901685,1.0,2.3417427817113192e-06,6832722.768236321,True
17,+87384+19373,17.40351115583795,78.49883194039907,built_up,High,42.782135,0.24592564,Cool roof,427036.4778205931,1.0,2.341720325869025e-06,7259759.246056914,True
18,+87394+19351,17.383748219588515,78.50781509323971,built_up,High,42.779633,0.24628274,Cool roof,427081.4957136619,1.0,2.341473489337157e-06,7686840.741770577,True
19,+87393+19351,17.383748219588515,78.50691677795565,built_up,High,42.77182,0.27931312,Cool roof,427081.4957136619,1.0,2.341473489337157e-06,8113922.237484239,True
20,+87385+19383,17.412494308678603,78.49973025568313,built_up,High,42.75528,0.24091433,Cool roof,427015.99863647495,1.0,2.341832632016476e-06,8540938.236120714,True
21,+87332+19345,17.378358327884122,78.45211954562768,built_up,High,42.736603,0.15688086,Cool roof,427093.76465508126,1.0,2.341406226821398e-06,8968032.000775795,True
22,+87386+19374,17.404409471122015,78.5006285709672,built_up,High,42.703857,0.21616688,Cool roof,427034.4303663836,1.0,2.3417315534534955e-06,9395066.43114218,True
23,+87383+19375,17.40530778640608,78.497933625115,built_up,High,42.697357,0.2697685,Cool roof,427032.38280901685,1.0,2.3417427817113192e-06,9822098.813951196,True
24,+87332+19346,17.379256643168187,78.45211954562768,built_up,High,42.688904,0.16101496,Cool roof,427091.72008943046,1.0,2.3414174355583527e-06,10249190.534040626,True
25,+87406+19347,17.380154958452252,78.5185948766485,built_up,High,42.681305,0.18957815,Cool roof,427089.6754206114,1.0,2.341428644968222e-06,10676280.209461238,True
26,+87388+19376,17.406206101690145,78.50242520153533,built_up,High,42.652496,0.2797773,Cool roof,427030.3351484935,1.0,2.34175401064251e-06,11103310.544609731,True
27,+87313+19342,17.375663382031927,78.43505155523043,built_up,High,42.63025,0.17331831,Cool roof,427099.8977330211,1.0,2.341372604647864e-06,11530410.442342753,True
28,+87316+19371,17.40171452526982,78.43774650108263,built_up,High,42.621307,0.30431938,Cool roof,427040.5724195397,1.0,2.341697872720077e-06,11957451.014762292,True
29,+87317+19372,17.402612840553886,78.43864481636669,built_up,High,42.61502,0.19264236,Cool roof,427038.5251716453,1.0,2.3417090989578906e-06,12384489.539933937,True
30,+87383+19373,17.40351115583795,78.497933625115,built_up,High,42.593903,0.20519102,Cool roof,427036.4778205931,1.0,2.341720325869025e-06,12811526.01775453,True
31,+87385+19382,17.41159599339454,78.49973025568313,built_up,High,42.567535,0.22660428,Cool roof,427018.0470190842,1.0,2.3418213983712686e-06,13238544.064773615,True
32,+87393+19341,17.374765066747862,78.50691677795565,built_up,High,42.55252,0.18179603,Cool roof,427101.94188599556,1.0,2.3413613986024103e-06,13665646.00665961,True
33,+87332+19344,17.377460012600057,78.45211954562768,built_up,High,42.54074,0.17305897,Cool roof,427095.80911756353,1.0,2.3413950187573424e-06,14092741.815777173,True
34,+87353+19379,17.40890104754234,78.47098416659304,built_up,High,42.531586,0.30796292,Cool roof,427024.1915479869,1.0,2.3417877014764513e-06,14519766.00732516,True
35,+87389+19375,17.40530778640608,78.50332351681939,built_up,High,42.526917,0.23455249,Cool roof,427032.38280901685,1.0,2.3417427817113192e-06,14946798.390134176,True
36,+87318+19366,17.397222948849492,78.43954313165077,built_up,High,42.4841,0.29007214,Cool roof,427050.8071116288,1.0,2.3416417516302816e-06,15373849.197245805,True
37,+87391+19346,17.379256643168187,78.50512014738753,built_up,High,42.41696,0.18625355,Cool roof,427091.72008943046,1.0,2.3414174355583527e-06,15800940.917335235,True
38,+87317+19365,17.396324633565428,78.43864481636669,built_up,High,42.403442,0.23878707,Cool roof,427052.85374056763,1.0,2.341630529432066e-06,16227993.771075802,True
39,+87387+19377,17.40710441697421,78.50152688625127,built_up,High,42.403015,0.28065917,Cool roof,427028.28738481377,1.0,2.3417652402470857e-06,16655022.058460616,True
40,+87385+19377,17.40710441697421,78.49973025568313,built_up,High,42.37497,0.3532445,Cool roof,427028.28738481377,1.0,2.3417652402470857e-06,17082050.34584543,True
41,+87317+19371,17.40171452526982,78.43864481636669,built_up,High,42.3732,0.28757596,Cool roof,427040.5724195397,1.0,2.341697872720077e-06,17509090.91826497,True
42,+87379+19345,17.378358327884122,78.49434036397874,built_up,High,42.363434,0.24422616,Cool roof,427093.76465508126,1.0,2.341406226821398e-06,17936184.68292005,True
43,+87313+19343,17.376561697315992,78.43505155523043,built_up,High,42.340057,0.17898394,Cool roof,427097.85347687715,1.0,2.3413838113661685e-06,18363282.536396928,True
44,+87389+19372,17.402612840553886,78.50332351681939,built_up,High,42.33969,0.2243734,Cool roof,427038.5251716453,1.0,2.3417090989578906e-06,18790321.061568573,True
45,+87355+19369,17.399917894701687,78.47278079716118,built_up,High,42.33612,0.26067582,Cool roof,427044.66660585295,1.0,2.3416754222643517e-06,19217365.728174426,True
46,+87319+19368,17.399019579417622,78.44044144693483,built_up,High,42.334717,0.31772596,Cool roof,427046.71354427113,1.0,2.3416641980464084e-06,19644412.441718698,True
47,+87331+19344,17.377460012600057,78.4512212303436,built_up,High,42.332764,0.15851034,Cool roof,427095.80911756353,1.0,2.3413950187573424e-06,20071508.25083626,True
48,+87387+19374,17.404409471122015,78.50152688625127,built_up,High,42.324432,0.30126962,Cool roof,427034.4303663836,1.0,2.3417315534534955e-06,20498542.681202643,True
49,+87355+19368,17.399019579417622,78.47278079716118,built_up,High,42.31711,0.25592664,Cool roof,427046.71354427113,1.0,2.3416641980464084e-06,20925589.394746915,True
50,+87388+19360,17.391833057145103,78.50242520153533,built_up,High,42.317047,0.15589763,Cool roof,427063.08533784345,1.0,2.3415744285388524e-06,21352652.48008476,True
51,+87388+19375,17.40530778640608,78.50242520153533,built_up,High,42.316437,0.21952584,Cool roof,427032.38280901685,1.0,2.3417427817113192e-06,21779684.862893775,True
52,+87376+19345,17.378358327884122,78.49164541812655,built_up,High,42.28476,0.18438709,Cool roof,427093.76465508126,1.0,2.341406226821398e-06,22206778.627548855,True
53,+87396+19350,17.38284990430445,78.50961172380785,built_up,High,42.2753,0.28805205,Cool roof,427083.5407951495,1.0,2.3414622772354733e-06,22633862.168344006,True
54,+87329+19349,17.381951589020385,78.44942459977548,built_up,High,42.242218,0.14259206,Cool roof,427085.5857734706,1.0,2.341451065806767e-06,23060947.754117478,True
55,+87395+19351,17.383748219588515,78.50871340852379,built_up,High,42.24109,0.3489814,Cool roof,427081.4957136619,1.0,2.341473489337157e-06,23488029.24983114,True
56,+87377+19345,17.378358327884122,78.49254373341061,built_up,High,42.20877,0.2994988,Cool roof,427093.76465508126,1.0,2.341406226821398e-06,23915123.01448622,True
57,+87389+19376,17.406206101690145,78.50332351681939,built_up,High,42.19992,0.29496208,Cool roof,427030.3351484935,1.0,2.34175401064251e-06,24342153.349634714,True
58,+87384+19355,17.387341480724775,78.49883194039907,built_up,High,42.196136,0.23467354,Cool roof,427073.3143560538,1.0,2.341518344473974e-06,24769226.66399077,True
59,+87317+19364,17.395426318281363,78.43864481636669,built_up,High,42.189423,0.26422718,Cool roof,427054.9002663456,1.0,2.341619307907063e-06,25196281.564257115,True
60,+87331+19345,17.378358327884122,78.4512212303436,built_up,High,42.17929,0.1456383,Cool roof,427093.76465508126,1.0,2.341406226821398e-06,25623375.328912195,True
61,+87391+19341,17.374765066747862,78.50512014738753,built_up,High,42.17514,0.20109229,Cool roof,427101.94188599556,1.0,2.3413613986024103e-06,26050477.27079819,True
62,+87315+19373,17.40351115583795,78.43684818579857,built_up,High,42.166412,0.33004865,Cool roof,427036.4778205931,1.0,2.341720325869025e-06,26477513.748618785,True
63,+87331+19346,17.379256643168187,78.4512212303436,built_up,High,42.16269,0.15273906,Cool roof,427091.72008943046,1.0,2.3414174355583527e-06,26904605.468708217,True
64,+87316+19372,17.402612840553886,78.43774650108263,built_up,High,42.151337,0.35410172,Cool roof,427038.5251716453,1.0,2.3417090989578906e-06,27331643.993879862,True
65,+87319+19365,17.396324633565428,78.44044144693483,built_up,High,42.145325,0.2833164,Cool roof,427052.85374056763,1.0,2.341630529432066e-06,27758696.84762043,True
66,+87318+19365,17.396324633565428,78.43954313165077,built_up,High,42.144043,0.27891603,Cool roof,427052.85374056763,1.0,2.341630529432066e-06,28185749.701361,True
67,+87333+19345,17.378358327884122,78.45301786091174,built_up,High,42.141052,0.19636238,Cool roof,427093.76465508126,1.0,2.341406226821398e-06,28612843.46601608,True
68,+87360+19348,17.38105327373632,78.4772723735815,built_up,High,42.127533,0.16066608,Cool roof,427087.63064862473,1.0,2.3414398550510214e-06,29039931.096664704,True
69,+87378+19345,17.378358327884122,78.49344204869467,built_up,High,42.126617,0.28150755,Cool roof,427093.76465508126,1.0,2.341406226821398e-06,29467024.861319784,True
70,+87387+19360,17.391833057145103,78.50152688625127,built_up,High,42.105774,0.24579751,Cool roof,427063.08533784345,1.0,2.3415744285388524e-06,29894087.946657628,True
71,+87349+19355,17.387341480724775,78.46739090545678,built_up,High,42.103973,0.1757292,Cool roof,427073.3143560538,1.0,2.341518344473974e-06,30321161.261013683,True
72,+87392+19341,17.374765066747862,78.50601846267159,built_up,High,42.10025,0.17535251,Cool roof,427101.94188599556,1.0,2.3413613986024103e-06,30748263.20289968,True
73,+87379+19390,17.418782515667058,78.49434036397874,built_up,High,42.091705,0.20857653,Cool roof,427001.65706993314,1.0,2.341911286391619e-06,31175264.859969612,True
74,+87360+19349,17.381951589020385,78.4772723735815,built_up,High,42.087433,0.150176,Cool roof,427085.5857734706,1.0,2.341451065806767e-06,31602350.445743084,True
75,+87350+19355,17.387341480724775,78.46828922074084,built_up,High,42.08667,0.18556638,Cool roof,427073.3143560538,1.0,2.341518344473974e-06,32029423.76009914,True
76,+87332+19347,17.380154958452252,78.45211954562768,built_up,High,42.083252,0.1500505,Cool roof,427089.6754206114,1.0,2.341428644968222e-06,32456513.43551975,True
77,+87390+19375,17.40530778640608,78.50422183210345,built_up,High,42.082825,0.3019118,Cool roof,427032.38280901685,1.0,2.3417427817113192e-06,32883545.818328768,True
78,+87336+19365,17.396324633565428,78.45571280676394,built_up,High,42.079926,0.2672602,Cool roof,427052.85374056763,1.0,2.341630529432066e-06,33310598.672069337,True
79,+87353+19378,17.408002732258275,78.47098416659304,built_up,High,42.0755,0.18892686,Cool roof,427026.23951797804,1.0,2.341776470525061e-06,33737624.91158731,True
80,+87407+19360,17.391833057145103,78.51949319193257,built_up,High,42.068024,0.22549187,Cool roof,427063.08533784345,1.0,2.3415744285388524e-06,34164687.99692515,True
81,+87321+19373,17.40351115583795,78.44223807750296,built_up,High,42.061554,0.29250535,Cool roof,427036.4778205931,1.0,2.341720325869025e-06,34591724.47474574,True
82,+87342+19367,17.398121264133557,78.46110269846832,built_up,High,42.051483,0.18087499,Cool roof,427048.7603795299,1.0,2.3416529745017237e-06,35018773.23512527,True
83,+87333+19346,17.379256643168187,78.45301786091174,built_up,High,42.04532,0.19730912,Cool roof,427091.72008943046,1.0,2.3414174355583527e-06,35445864.9552147,True
84,+87390+19341,17.374765066747862,78.50422183210345,built_up,High,42.030853,0.22509557,Cool roof,427101.94188599556,1.0,2.3413613986024103e-06,35872966.897100694,True
85,+87385+19357,17.389138111292905,78.49973025568313,built_up,High,42.029663,0.15552476,Cool roof,427069.2230582606,1.0,2.3415407760806503e-06,36300036.120158955,True
86,+87356+19369,17.399917894701687,78.47367911244524,built_up,High,42.01938,0.2520899,Cool roof,427044.66660585295,1.0,2.3416754222643517e-06,36727080.78676481,True
87,+87408+19346,17.379256643168187,78.52039150721663,built_up,High,42.009216,0.23656571,Cool roof,427091.72008943046,1.0,2.3414174355583527e-06,37154172.506854236,True
88,+87386+19357,17.389138111292905,78.5006285709672,built_up,High,42.009125,0.20596994,Cool roof,427069.2230582606,1.0,2.3415407760806503e-06,37581241.7299125,True
89,+87392+19351,17.383748219588515,78.50601846267159,built_up,High,42.00058,0.24490665,Cool roof,427081.4957136619,1.0,2.341473489337157e-06,38008323.225626156,True
90,+87329+19350,17.38284990430445,78.44942459977548,built_up,High,41.99637,0.15440932,Cool roof,427083.5407951495,1.0,2.3414622772354733e-06,38435406.7664213,True
91,+87379+19346,17.379256643168187,78.49434036397874,built_up,High,41.990845,0.15929957,Cool roof,427091.72008943046,1.0,2.3414174355583527e-06,38862498.48651073,True
92,+87342+19368,17.399019579417622,78.46110269846832,built_up,High,41.984528,0.16489252,Cool roof,427046.71354427113,1.0,2.3416641980464084e-06,39289545.200055,True
93,+87384+19354,17.38644316544071,78.49883194039907,built_up,High,41.97995,0.19682267,Cool roof,427075.35985020373,1.0,2.3415071296802258e-06,39716620.55990521,True
94,+87313+19357,17.389138111292905,78.43505155523043,built_up,High,41.97946,0.27628806,Cool roof,427069.2230582606,1.0,2.3415407760806503e-06,40143689.78296347,True
95,+87313+19358,17.39003642657697,78.43505155523043,built_up,High,41.976654,0.2702203,Cool roof,427067.17725461826,1.0,2.34155199289361e-06,40570756.96021809,True
96,+87382+19374,17.404409471122015,78.49703530983093,built_up,High,41.97586,0.18111543,Cool roof,427034.4303663836,1.0,2.3417315534534955e-06,40997791.39058447,True
97,+87384+19383,17.412494308678603,78.49883194039907,built_up,High,41.971863,0.12994501,Cool roof,427015.99863647495,1.0,2.341832632016476e-06,41424807.389220946,True
98,+87354+19352,17.38464653487258,78.47188248187712,built_up,High,41.97165,0.20446664,Cool roof,427079.4505290082,1.0,2.341484702111833e-06,41851886.839749955,True
99,+87351+19347,17.380154958452252,78.46918753602492,built_up,High,41.970856,0.18915173,Cool roof,427089.6754206114,1.0,2.341428644968222e-06,42278976.51517057,True
100,+87326+19350,17.38284990430445,78.44672965392328,built_up,High,41.967987,0.2004793,Cool roof,427083.5407951495,1.0,2.3414622772354733e-06,42706060.055965714,True
101,+87320+19366,17.397222948849492,78.44133976221889,built_up,High,41.96408,0.26290822,Cool roof,427050.8071116288,1.0,2.3416417516302816e-06,43133110.86307734,True
102,+87385+19373,17.40351115583795,78.49973025568313,built_up,High,41.941315,0.32584986,Cool roof,427036.4778205931,1.0,2.341720325869025e-06,43560147.34089793,True
103,+87406+19348,17.38105327373632,78.5185948766485,built_up,High,41.940887,0.21695168,Cool roof,427087.63064862473,1.0,2.3414398550510214e-06,43987234.97154656,True
104,+87388+19374,17.404409471122015,78.50242520153533,built_up,High,41.93988,0.24463537,Cool roof,427034.4303663836,1.0,2.3417315534534955e-06,44414269.40191294,True
105,+87330+19349,17.381951589020385,78.45032291505954,built_up,High,41.929596,0.1505282,Cool roof,427085.5857734706,1.0,2.341451065806767e-06,44841354.98768641,True
106,+87325+19350,17.38284990430445,78.44583133863922,built_up,High,41.924835,0.15457802,Cool roof,427083.5407951495,1.0,2.3414622772354733e-06,45268438.52848156,True
107,+87331+19347,17.380154958452252,78.4512212303436,built_up,High,41.92215,0.1455523,Cool roof,427089.6754206114,1.0,2.341428644968222e-06,45695528.20390217,True
108,+87332+19343,17.376561697315992,78.45211954562768,built_up,High,41.92215,0.18005195,Cool roof,427097.85347687715,1.0,2.3413838113661685e-06,46122626.057379045,True
109,+87384+19356,17.38823979600884,78.49883194039907,built_up,High,41.921722,0.20864694,Cool roof,427071.26875873934,1.0,2.3415295599407763e-06,46549697.32613778,True
110,+87390+19349,17.381951589020385,78.50422183210345,built_up,High,41.917877,0.28249323,Cool roof,427085.5857734706,1.0,2.341451065806767e-06,46976782.91191125,True
111,+87318+19364,17.395426318281363,78.43954313165077,built_up,High,41.914764,0.2744953,Cool roof,427054.9002663456,1.0,2.341619307907063e-06,47403837.8121776,True
112,+87391+19342,17.375663382031927,78.50512014738753,built_up,High,41.893158,0.16823958,Cool roof,427099.8977330211,1.0,2.341372604647864e-06,47830937.70991062,True
113,+87384+19357,17.389138111292905,78.49883194039907,built_up,High,41.888733,0.21462801,Cool roof,427069.2230582606,1.0,2.3415407760806503e-06,48258006.93296888,True
114,+87389+19377,17.40710441697421,78.50332351681939,built_up,High,41.885406,0.26524112,Cool roof,427028.28738481377,1.0,2.3417652402470857e-06,48685035.22035369,True
115,+87393+19342,17.375663382031927,78.50691677795565,built_up,High,41.878326,0.16233288,Cool roof,427099.8977330211,1.0,2.341372604647864e-06,49112135.11808671,True
116,+87400+19414,17.440342082484626,78.51320498494411,built_up,High,41.874176,0.31511414,Cool roof,426952.4476133907,1.0,2.3421812091483994e-06,49539087.5657001,True
117,+87378+19346,17.379256643168187,78.49344204869467,built_up,High,41.867035,0.18300347,Cool roof,427091.72008943046,1.0,2.3414174355583527e-06,49966179.28578953,True
118,+87388+19377,17.40710441697421,78.50242520153533,built_up,High,41.861847,0.30751067,Cool roof,427028.28738481377,1.0,2.3417652402470857e-06,50393207.57317434,True
119,+87394+19341,17.374765066747862,78.50781509323971,built_up,High,41.86154,0.21124756,Cool roof,427101.94188599556,1.0,2.3413613986024103e-06,50820309.515060335,True
120,+87391+19374,17.404409471122015,78.50512014738753,built_up,High,41.84906,0.34588897,Cool roof,427034.4303663836,1.0,2.3417315534534955e-06,51247343.94542672,True
121,+87405+19348,17.38105327373632,78.51769656136443,built_up,High,41.846832,0.2200835,Cool roof,427087.63064862473,1.0,2.3414398550510214e-06,51674431.576075345,True
122,+87385+19356,17.38823979600884,78.49973025568313,built_up,High,41.846252,0.25729296,Cool roof,427071.26875873934,1.0,2.3415295599407763e-06,52101502.84483408,True
123,+87406+19360,17.391833057145103,78.5185948766485,built_up,High,41.84085,0.18542734,Cool roof,427063.08533784345,1.0,2.3415744285388524e-06,52528565.93017192,True
124,+87385+19341,17.374765066747862,78.49973025568313,built_up,High,41.839386,0.12435211,Cool roof,427101.94188599556,1.0,2.3413613986024103e-06,52955667.872057915,True
125,+87362+19351,17.383748219588515,78.47906900414964,built_up,High,41.81131,0.17354405,Cool roof,427081.4957136619,1.0,2.341473489337157e-06,53382749.36777157,True
126,+87377+19346,17.379256643168187,78.49254373341061,built_up,High,41.80838,0.2889442,Cool roof,427091.72008943046,1.0,2.3414174355583527e-06,53809841.087861,True
127,+87321+19374,17.404409471122015,78.44223807750296,built_up,High,41.80081,0.23219587,Cool roof,427034.4303663836,1.0,2.3417315534534955e-06,54236875.51822738,True
128,+87392+19342,17.375663382031927,78.50601846267159,built_up,High,41.797913,0.19182006,Cool roof,427099.8977330211,1.0,2.341372604647864e-06,54663975.4159604,True
129,+87313+19356,17.38823979600884,78.43505155523043,built_up,High,41.79294,0.28658113,Cool roof,427071.26875873934,1.0,2.3415295599407763e-06,55091046.68471914,True
130,+87381+19389,17.417884200382993,78.49613699454687,built_up,High,41.78943,0.16389602,Cool roof,427003.7061746089,1.0,2.3419000480316284e-06,55518050.39089375,True
131,+87390+19373,17.40351115583795,78.50422183210345,built_up,High,41.78543,0.23520815,Cool roof,427036.4778205931,1.0,2.341720325869025e-06,55945086.86871434,True
132,+87389+19360,17.391833057145103,78.50332351681939,built_up,High,41.78354,0.20491724,Cool roof,427063.08533784345,1.0,2.3415744285388524e-06,56372149.95405218,True
133,+87375+19345,17.378358327884122,78.49074710284248,built_up,High,41.782196,0.18777125,Cool roof,427093.76465508126,1.0,2.341406226821398e-06,56799243.71870726,True
134,+87379+19389,17.417884200382993,78.49434036397874,built_up,High,41.780304,0.16193873,Cool roof,427003.7061746089,1.0,2.3419000480316284e-06,57226247.424881876,True
135,+87323+19345,17.378358327884122,78.44403470807109,built_up,High,41.776154,0.18731734,Cool roof,427093.76465508126,1.0,2.341406226821398e-06,57653341.18953696,True
136,+87385+19355,17.387341480724775,78.49973025568313,built_up,High,41.768646,0.31326285,Cool roof,427073.3143560538,1.0,2.341518344473974e-06,58080414.50389301,True
137,+87328+19349,17.381951589020385,78.44852628449141,built_up,High,41.766205,0.15418029,Cool roof,427085.5857734706,1.0,2.341451065806767e-06,58507500.08966648,True
138,+87329+19348,17.38105327373632,78.44942459977548,built_up,High,41.755585,0.14038087,Cool roof,427087.63064862473,1.0,2.3414398550510214e-06,58934587.720315106,True
139,+87385+19354,17.38644316544071,78.49973025568313,built_up,High,41.749542,0.24582943,Cool roof,427075.35985020373,1.0,2.3415071296802258e-06,59361663.08016531,True
140,+87397+19349,17.381951589020385,78.51051003909191,built_up,High,41.74942,0.22740039,Cool roof,427085.5857734706,1.0,2.341451065806767e-06,59788748.66593878,True
141,+87386+19356,17.38823979600884,78.5006285709672,built_up,High,41.745453,0.20773844,Cool roof,427071.26875873934,1.0,2.3415295599407763e-06,60215819.934697516,True
142,+87382+19347,17.380154958452252,78.49703530983093,built_up,High,41.73575,0.1884229,Cool roof,427089.6754206114,1.0,2.341428644968222e-06,60642909.61011813,True
143,+87370+19352,17.38464653487258,78.48625552642216,built_up,High,41.733795,0.30424803,Cool roof,427079.4505290082,1.0,2.341484702111833e-06,61069989.06064714,True
144,+87380+19346,17.379256643168187,78.49523867926281,built_up,High,41.732758,0.22091848,Cool roof,427091.72008943046,1.0,2.3414174355583527e-06,61497080.780736566,True
145,+87333+19344,17.377460012600057,78.45301786091174,built_up,High,41.722168,0.17394151,Cool roof,427095.80911756353,1.0,2.3413950187573424e-06,61924176.58985413,True
146,+87407+19359,17.390934741861038,78.51949319193257,built_up,High,41.720184,0.25716734,Cool roof,427065.1313478123,1.0,2.3415632103796727e-06,62351241.72120194,True
147,+87313+19350,17.38284990430445,78.43505155523043,built_up,High,41.716644,0.22298719,Cool roof,427083.5407951495,1.0,2.3414622772354733e-06,62778325.26199709,True
148,+87330+19350,17.38284990430445,78.45032291505954,built_up,High,41.713837,0.153844,Cool roof,427083.5407951495,1.0,2.3414622772354733e-06,63205408.802792236,True
149,+87390+19340,17.373866751463797,78.50422183210345,built_up,High,41.696747,0.16933472,Cool roof,427103.9859357997,1.0,2.3413501932297943e-06,63632512.788728036,True
150,+87388+19373,17.40351115583795,78.50242520153533,built_up,High,41.687347,0.21949366,Cool roof,427036.4778205931,1.0,2.341720325869025e-06,64059549.266548626,True
151,+87354+19378,17.408002732258275,78.47188248187712,built_up,High,41.686554,0.22400679,Cool roof,427026.23951797804,1.0,2.341776470525061e-06,64486575.506066605,True
152,+87352+19379,17.40890104754234,78.47008585130898,built_up,High,41.685883,0.27484122,Cool roof,427024.1915479869,1.0,2.3417877014764513e-06,64913599.697614595,True
153,+87348+19356,17.38823979600884,78.46649259017272,built_up,High,41.685272,0.19246596,Cool roof,427071.26875873934,1.0,2.3415295599407763e-06,65340670.96637333,True
154,+87326+19349,17.381951589020385,78.44672965392328,built_up,High,41.68161,0.18364063,Cool roof,427085.5857734706,1.0,2.341451065806767e-06,65767756.5521468,True
155,+87369+19344,17.377460012600057,78.4853572111381,built_up,High,41.68094,0.2011974,Cool roof,427095.80911756353,1.0,2.3413950187573424e-06,66194852.36126436,True
156,+87331+19343,17.376561697315992,78.4512212303436,built_up,High,41.68039,0.18069966,Cool roof,427097.85347687715,1.0,2.3413838113661685e-06,66621950.21474124,True
157,+87352+19347,17.380154958452252,78.47008585130898,built_up,High,41.68039,0.15397291,Cool roof,427089.6754206114,1.0,2.341428644968222e-06,67049039.89016185,True
158,+87353+19352,17.38464653487258,78.47098416659304,built_up,High,41.674866,0.20120016,Cool roof,427079.4505290082,1.0,2.341484702111833e-06,67476119.34069085,True
159,+87378+19390,17.418782515667058,78.49344204869467,built_up,High,41.67224,0.17600676,Cool roof,427001.65706993314,1.0,2.341911286391619e-06,67903120.99776079,True
160,+87392+19404,17.431358929643974,78.50601846267159,built_up,High,41.671112,0.18725722,Cool roof,426972.9587738207,1.0,2.342068694166947e-06,68330093.95653461,True
161,+87335+19356,17.38823979600884,78.45481449147987,built_up,High,41.66458,0.1619836,Cool roof,427071.26875873934,1.0,2.3415295599407763e-06,68757165.22529335,True
162,+87406+19349,17.381951589020385,78.5185948766485,built_up,High,41.662903,0.19395034,Cool roof,427085.5857734706,1.0,2.341451065806767e-06,69184250.81106682,True
163,+87314+19343,17.376561697315992,78.4359498705145,built_up,High,41.661346,0.1909716,Cool roof,427097.85347687715,1.0,2.3413838113661685e-06,69611348.6645437,True
164,+87330+19348,17.38105327373632,78.45032291505954,built_up,High,41.658905,0.1362686,Cool roof,427087.63064862473,1.0,2.3414398550510214e-06,70038436.29519233,True
165,+87396+19358,17.39003642657697,78.50961172380785,built_up,High,41.6481,0.20570914,Cool roof,427067.17725461826,1.0,2.34155199289361e-06,70465503.47244695,True
166,+87313+19375,17.40530778640608,78.43505155523043,built_up,High,41.647858,0.18292564,Cool roof,427032.38280901685,1.0,2.3417427817113192e-06,70892535.85525596,True
167,+87318+19372,17.402612840553886,78.43954313165077,built_up,High,41.645905,0.25075048,Cool roof,427038.5251716453,1.0,2.3417090989578906e-06,71319574.38042761,True
168,+87376+19340,17.373866751463797,78.49164541812655,built_up,High,41.635986,0.16881426,Cool roof,427103.9859357997,1.0,2.3413501932297943e-06,71746678.3663634,True
169,+87368+19344,17.377460012600057,78.48445889585402,built_up,High,41.631805,0.27457088,Cool roof,427095.80911756353,1.0,2.3413950187573424e-06,72173774.17548098,True
170,+87331+19348,17.38105327373632,78.4512212303436,built_up,High,41.63138,0.14707541,Cool roof,427087.63064862473,1.0,2.3414398550510214e-06,72600861.8061296,True
171,+87322+19341,17.374765066747862,78.44313639278703,built_up,High,41.628326,0.17214389,Cool roof,427101.94188599556,1.0,2.3413613986024103e-06,73027963.7480156,True
172,+87380+19390,17.418782515667058,78.49523867926281,built_up,High,41.62735,0.14013861,Cool roof,427001.65706993314,1.0,2.341911286391619e-06,73454965.40508553,True
173,+87382+19389,17.417884200382993,78.49703530983093,built_up,High,41.625153,0.17610097,Cool roof,427003.7061746089,1.0,2.3419000480316284e-06,73881969.11126015,True
174,+87369+19345,17.378358327884122,78.4853572111381,built_up,High,41.623688,0.21298085,Cool roof,427093.76465508126,1.0,2.341406226821398e-06,74309062.87591523,True
175,+87385+19378,17.408002732258275,78.49973025568313,built_up,High,41.61798,0.26234594,Cool roof,427026.23951797804,1.0,2.341776470525061e-06,74736089.1154332,True
176,+87323+19371,17.40171452526982,78.44403470807109,built_up,High,41.615387,0.17572728,Cool roof,427040.5724195397,1.0,2.341697872720077e-06,75163129.68785274,True
177,+87328+19350,17.38284990430445,78.44852628449141,built_up,High,41.61441,0.15904729,Cool roof,427083.5407951495,1.0,2.3414622772354733e-06,75590213.22864789,True
178,+87404+19351,17.383748219588515,78.51679824608037,built_up,High,41.613922,0.1895432,Cool roof,427081.4957136619,1.0,2.341473489337157e-06,76017294.72436155,True
179,+87380+19389,17.417884200382993,78.49523867926281,built_up,High,41.612885,0.17156512,Cool roof,427003.7061746089,1.0,2.3419000480316284e-06,76444298.43053617,True
180,+87332+19348,17.38105327373632,78.45211954562768,built_up,High,41.608,0.13814235,Cool roof,427087.63064862473,1.0,2.3414398550510214e-06,76871386.0611848,True
181,+87384+19341,17.374765066747862,78.49883194039907,built_up,High,41.599823,0.16169888,Cool roof,427101.94188599556,1.0,2.3413613986024103e-06,77298488.00307079,True
182,+87358+19352,17.38464653487258,78.47547574301338,built_up,High,41.594147,0.22348337,Cool roof,427079.4505290082,1.0,2.341484702111833e-06,77725567.4535998,True
183,+87339+19352,17.38464653487258,78.45840775261613,built_up,High,41.59195,0.25522792,Cool roof,427079.4505290082,1.0,2.341484702111833e-06,78152646.9041288,True
184,+87413+19350,17.38284990430445,78.52488308363696,built_up,High,41.582794,0.18679036,Cool roof,427083.5407951495,1.0,2.3414622772354733e-06,78579730.44492395,True
185,+87380+19345,17.378358327884122,78.49523867926281,built_up,High,41.575226,0.26336163,Cool roof,427093.76465508126,1.0,2.341406226821398e-06,79006824.20957904,True
186,+87322+19373,17.40351115583795,78.44313639278703,built_up,High,41.573914,0.25480545,Cool roof,427036.4778205931,1.0,2.341720325869025e-06,79433860.68739963,True
187,+87391+19340,17.373866751463797,78.50512014738753,built_up,High,41.571747,0.18679748,Cool roof,427103.9859357997,1.0,2.3413501932297943e-06,79860964.67333542,True
188,+87392+19340,17.373866751463797,78.50601846267159,built_up,High,41.569763,0.17795512,Cool roof,427103.9859357997,1.0,2.3413501932297943e-06,80288068.65927121,True
189,+87335+19357,17.389138111292905,78.45481449147987,built_up,High,41.5679,0.16953056,Cool roof,427069.2230582606,1.0,2.3415407760806503e-06,80715137.88232946,True
190,+87376+19341,17.374765066747862,78.49164541812655,built_up,High,41.564514,0.17450403,Cool roof,427101.94188599556,1.0,2.3413613986024103e-06,81142239.82421546,True
191,+87393+19340,17.373866751463797,78.50691677795565,built_up,High,41.548553,0.16191514,Cool roof,427103.9859357997,1.0,2.3413501932297943e-06,81569343.81015125,True
192,+87346+19389,17.417884200382993,78.46469595960458,built_up,High,41.538574,0.1886707,Cool roof,427003.7061746089,1.0,2.3419000480316284e-06,81996347.51632586,True
193,+87325+19349,17.381951589020385,78.44583133863922,built_up,High,41.534515,0.13620245,Cool roof,427085.5857734706,1.0,2.341451065806767e-06,82423433.10209933,True
194,+87323+19346,17.379256643168187,78.44403470807109,built_up,High,41.53351,0.20795949,Cool roof,427091.72008943046,1.0,2.3414174355583527e-06,82850524.82218876,True
195,+87353+19353,17.385544850156645,78.47098416659304,built_up,High,41.52774,0.20179676,Cool roof,427077.40524118865,1.0,2.3414959155595174e-06,83277602.22742996,True
196,+87407+19353,17.385544850156645,78.51949319193257,built_up,High,41.526794,0.28034115,Cool roof,427077.40524118865,1.0,2.3414959155595174e-06,83704679.63267115,True
197,+87376+19348,17.38105327373632,78.49164541812655,built_up,High,41.52603,0.22841519,Cool roof,427087.63064862473,1.0,2.3414398550510214e-06,84131767.26331978,True
198,+87332+19350,17.38284990430445,78.45211954562768,built_up,High,41.523865,0.16025795,Cool roof,427083.5407951495,1.0,2.3414622772354733e-06,84558850.80411492,True
199,+87313+19352,17.38464653487258,78.43505155523043,built_up,High,41.520874,0.2216462,Cool roof,427079.4505290082,1.0,2.341484702111833e-06,84985930.25464393,True
200,+87332+19349,17.381951589020385,78.45211954562768,built_up,High,41.514954,0.17163356,Cool roof,427085.5857734706,1.0,2.341451065806767e-06,85413015.8404174,True
201,+87388+19359,17.390934741861038,78.50242520153533,built_up,High,41.51004,0.24651672,Cool roof,427065.1313478123,1.0,2.3415632103796727e-06,85840080.9717652,True
202,+87381+19390,17.418782515667058,78.49613699454687,built_up,High,41.50821,0.14937802,Cool roof,427001.65706993314,1.0,2.341911286391619e-06,86267082.62883514,True
203,+87395+19359,17.390934741861038,78.50871340852379,built_up,High,41.507996,0.16834594,Cool roof,427065.1313478123,1.0,2.3415632103796727e-06,86694147.76018295,True
204,+87348+19355,17.387341480724775,78.46649259017272,built_up,High,41.505127,0.20298932,Cool roof,427073.3143560538,1.0,2.341518344473974e-06,87121221.074539,True
205,+87351+19355,17.387341480724775,78.46918753602492,built_up,High,41.503815,0.16725706,Cool roof,427073.3143560538,1.0,2.341518344473974e-06,87548294.38889506,True
206,+87386+19378,17.408002732258275,78.5006285709672,built_up,High,41.503082,0.31753278,Cool roof,427026.23951797804,1.0,2.341776470525061e-06,87975320.62841304,True
207,+87333+19350,17.38284990430445,78.45301786091174,built_up,High,41.502228,0.1824061,Cool roof,427083.5407951495,1.0,2.3414622772354733e-06,88402404.16920818,True
208,+87381+19346,17.379256643168187,78.49613699454687,built_up,High,41.50009,0.16651097,Cool roof,427091.72008943046,1.0,2.3414174355583527e-06,88829495.88929762,True
209,+87365+19346,17.379256643168187,78.48176395000183,built_up,High,41.49597,0.17498519,Cool roof,427091.72008943046,1.0,2.3414174355583527e-06,89256587.60938706,True
210,+87397+19350,17.38284990430445,78.51051003909191,built_up,High,41.493958,0.22013865,Cool roof,427083.5407951495,1.0,2.3414622772354733e-06,89683671.1501822,True
211,+87369+19353,17.385544850156645,78.4853572111381,built_up,High,41.49112,0.17244603,Cool roof,427077.40524118865,1.0,2.3414959155595174e-06,90110748.5554234,True
212,+87409+19349,17.381951589020385,78.5212898225007,built_up,High,41.48636,0.2158788,Cool roof,427085.5857734706,1.0,2.341451065806767e-06,90537834.14119686,True
213,+87322+19345,17.378358327884122,78.44313639278703,built_up,High,41.48224,0.20084217,Cool roof,427093.76465508126,1.0,2.341406226821398e-06,90964927.90585195,True
214,+87330+19344,17.377460012600057,78.45032291505954,built_up,High,41.481293,0.15499383,Cool roof,427095.80911756353,1.0,2.3413950187573424e-06,91392023.71496952,True
215,+87354+19353,17.385544850156645,78.47188248187712,built_up,High,41.48105,0.24338625,Cool roof,427077.40524118865,1.0,2.3414959155595174e-06,91819101.1202107,True
216,+87359+19349,17.381951589020385,78.47637405829744,built_up,High,41.476044,0.14858983,Cool roof,427085.5857734706,1.0,2.341451065806767e-06,92246186.70598418,True
217,+87333+19347,17.380154958452252,78.45301786091174,built_up,High,41.475525,0.18415517,Cool roof,427089.6754206114,1.0,2.341428644968222e-06,92673276.38140479,True
218,+87331+19349,17.381951589020385,78.4512212303436,built_up,High,41.47281,0.14591977,Cool roof,427085.5857734706,1.0,2.341451065806767e-06,93100361.96717826,True
219,+87385+19340,17.373866751463797,78.49973025568313,built_up,High,41.471313,0.117881775,Cool roof,427103.9859357997,1.0,2.3413501932297943e-06,93527465.95311405,True
220,+87348+19357,17.389138111292905,78.46649259017272,built_up,High,41.461395,0.22532181,Cool roof,427069.2230582606,1.0,2.3415407760806503e-06,93954535.1761723,True
221,+87330+19346,17.379256643168187,78.45032291505954,built_up,High,41.45816,0.14191309,Cool roof,427091.72008943046,1.0,2.3414174355583527e-06,94381626.89626174,True
222,+87358+19341,17.374765066747862,78.47547574301338,built_up,High,41.457977,0.2036677,Cool roof,427101.94188599556,1.0,2.3413613986024103e-06,94808728.83814773,True
223,+87390+19376,17.406206101690145,78.50422183210345,built_up,High,41.44818,0.28247687,Cool roof,427030.3351484935,1.0,2.34175401064251e-06,95235759.17329623,True
224,+87347+19356,17.38823979600884,78.46559427488866,built_up,High,41.447296,0.18863599,Cool roof,427071.26875873934,1.0,2.3415295599407763e-06,95662830.44205497,True
225,+87358+19342,17.375663382031927,78.47547574301338,built_up,High,41.4422,0.21115513,Cool roof,427099.8977330211,1.0,2.341372604647864e-06,96089930.33978799,True
226,+87313+19351,17.383748219588515,78.43505155523043,built_up,High,41.441864,0.26274812,Cool roof,427081.4957136619,1.0,2.341473489337157e-06,96517011.83550166,True
227,+87369+19393,17.421477461519256,78.4853572111381,built_up,High,41.441864,0.31141683,Cool roof,426995.50913700275,1.0,2.341945005513271e-06,96944007.34463866,True
228,+87352+19378,17.408002732258275,78.47008585130898,built_up,High,41.440155,0.16354358,Cool roof,427026.23951797804,1.0,2.341776470525061e-06,97371033.58415663,True
229,+87399+19414,17.440342082484626,78.51230666966005,built_up,High,41.440094,0.26005077,Cool roof,426952.4476133907,1.0,2.3421812091483994e-06,97797986.03177002,True
230,+87376+19349,17.381951589020385,78.49164541812655,built_up,High,41.43643,0.21510196,Cool roof,427085.5857734706,1.0,2.341451065806767e-06,98225071.61754349,True
231,+87328+19348,17.38105327373632,78.44852628449141,built_up,High,41.435455,0.16884385,Cool roof,427087.63064862473,1.0,2.3414398550510214e-06,98652159.24819212,True
232,+87330+19347,17.380154958452252,78.45032291505954,built_up,High,41.429382,0.15146959,Cool roof,427089.6754206114,1.0,2.341428644968222e-06,99079248.92361273,True
233,+87324+19351,17.383748219588515,78.44493302335515,built_up,High,41.426178,0.15555121,Cool roof,427081.4957136619,1.0,2.341473489337157e-06,99506330.4193264,True
234,+87407+19352,17.38464653487258,78.51949319193257,built_up,High,41.423004,0.21963401,Cool roof,427079.4505290082,1.0,2.341484702111833e-06,99933409.8698554,True
235,+87323+19344,17.377460012600057,78.44403470807109,built_up,High,41.42227,0.16632257,Cool roof,427095.80911756353,1.0,2.3413950187573424e-06,100360505.67897297,False
236,+87396+19359,17.390934741861038,78.50961172380785,built_up,High,41.421417,0.17607687,Cool roof,427065.1313478123,1.0,2.3415632103796727e-06,100787570.81032078,False
237,+87359+19358,17.39003642657697,78.47637405829744,built_up,High,41.411743,0.16917273,Cool roof,427067.17725461826,1.0,2.34155199289361e-06,101214637.9875754,False
238,+87329+19347,17.380154958452252,78.44942459977548,built_up,High,41.410675,0.14377393,Cool roof,427089.6754206114,1.0,2.341428644968222e-06,101641727.66299601,False
239,+87405+19350,17.38284990430445,78.51769656136443,built_up,High,41.409943,0.195988,Cool roof,427083.5407951495,1.0,2.3414622772354733e-06,102068811.20379116,False
240,+87390+19347,17.380154958452252,78.50422183210345,built_up,Medium,41.408875,0.33617926,Cool roof,427089.6754206114,1.0,2.341428644968222e-06,102495900.87921177,False
241,+87377+19340,17.373866751463797,78.49254373341061,built_up,High,41.404694,0.1809466,Cool roof,427103.9859357997,1.0,2.3413501932297943e-06,102923004.86514756,False
242,+87321+19375,17.40530778640608,78.44223807750296,built_up,High,41.40451,0.20687535,Cool roof,427032.38280901685,1.0,2.3417427817113192e-06,103350037.24795657,False
243,+87315+19342,17.375663382031927,78.43684818579857,built_up,High,41.39798,0.29293373,Cool roof,427099.8977330211,1.0,2.341372604647864e-06,103777137.14568959,False
244,+87390+19342,17.375663382031927,78.50422183210345,built_up,High,41.39682,0.24220677,Cool roof,427099.8977330211,1.0,2.341372604647864e-06,104204237.04342261,False
245,+87329+19346,17.379256643168187,78.44942459977548,built_up,High,41.39505,0.15529643,Cool roof,427091.72008943046,1.0,2.3414174355583527e-06,104631328.76351205,False
246,+87317+19366,17.397222948849492,78.43864481636669,built_up,High,41.392365,0.29890025,Cool roof,427050.8071116288,1.0,2.3416417516302816e-06,105058379.57062368,False
247,+87397+19356,17.38823979600884,78.51051003909191,built_up,High,41.39029,0.19614139,Cool roof,427071.26875873934,1.0,2.3415295599407763e-06,105485450.83938242,False
248,+87323+19341,17.374765066747862,78.44403470807109,built_up,High,41.389984,0.20152637,Cool roof,427101.94188599556,1.0,2.3413613986024103e-06,105912552.78126842,False
249,+87384+19378,17.408002732258275,78.49883194039907,built_up,High,41.38791,0.27470076,Cool roof,427026.23951797804,1.0,2.341776470525061e-06,106339579.02078639,False
250,+87319+19364,17.395426318281363,78.44044144693483,built_up,High,41.384644,0.25891685,Cool roof,427054.9002663456,1.0,2.341619307907063e-06,106766633.92105274,False
251,+87368+19363,17.394528002997298,78.48445889585402,built_up,High,41.384064,0.18058749,Cool roof,427056.9466889627,1.0,2.3416080870552553e-06,107193690.8677417,False
252,+87384+19376,17.406206101690145,78.49883194039907,built_up,High,41.381134,0.3067894,Cool roof,427030.3351484935,1.0,2.34175401064251e-06,107620721.2028902,False
253,+87320+19374,17.404409471122015,78.44133976221889,built_up,High,41.37973,0.20874234,Cool roof,427034.4303663836,1.0,2.3417315534534955e-06,108047755.63325658,False
254,+87405+19351,17.383748219588515,78.51769656136443,built_up,High,41.373993,0.18192923,Cool roof,427081.4957136619,1.0,2.341473489337157e-06,108474837.12897025,False
255,+87321+19372,17.402612840553886,78.44223807750296,built_up,High,41.370514,0.30604848,Cool roof,427038.5251716453,1.0,2.3417090989578906e-06,108901875.6541419,False
256,+87367+19353,17.385544850156645,78.48356058056996,built_up,High,41.36728,0.17593396,Cool roof,427077.40524118865,1.0,2.3414959155595174e-06,109328953.0593831,False
257,+87325+19351,17.383748219588515,78.44583133863922,built_up,High,41.366882,0.19229329,Cool roof,427081.4957136619,1.0,2.341473489337157e-06,109756034.55509676,False
258,+87314+19374,17.404409471122015,78.4359498705145,built_up,High,41.366486,0.24607623,Cool roof,427034.4303663836,1.0,2.3417315534534955e-06,110183068.98546314,False
259,+87383+19391,17.419680830951123,78.497933625115,built_up,High,41.363922,0.16546047,Cool roof,426999.6078621065,1.0,2.3419225254252125e-06,110610068.59332524,False
260,+87398+19359,17.390934741861038,78.51140835437599,built_up,High,41.36325,0.25659215,Cool roof,427065.1313478123,1.0,2.3415632103796727e-06,111037133.72467305,False
261,+87387+19359,17.390934741861038,78.50152688625127,built_up,High,41.362213,0.18760708,Cool roof,427065.1313478123,1.0,2.3415632103796727e-06,111464198.85602085,False
262,+87372+19344,17.377460012600057,78.48805215699028,built_up,High,41.360992,0.2235621,Cool roof,427095.80911756353,1.0,2.3413950187573424e-06,111891294.66513842,False
263,+87368+19352,17.38464653487258,78.48445889585402,built_up,High,41.35971,0.22580792,Cool roof,427079.4505290082,1.0,2.341484702111833e-06,112318374.11566743,False
264,+87350+19354,17.38644316544071,78.46828922074084,built_up,High,41.35318,0.232563,Cool roof,427075.35985020373,1.0,2.3415071296802258e-06,112745449.47551763,False
265,+87387+19357,17.389138111292905,78.50152688625127,built_up,High,41.351715,0.2577268,Cool roof,427069.2230582606,1.0,2.3415407760806503e-06,113172518.69857588,False
266,+87353+19380,17.409799362826405,78.47098416659304,built_up,Medium,41.349274,0.31868157,Cool roof,427022.1434748407,1.0,2.3417989331012717e-06,113599540.84205073,False
267,+87382+19388,17.416985885098928,78.49703530983093,built_up,High,41.34909,0.1669306,Cool roof,427005.7551761335,1.0,2.341888810345226e-06,114026546.59722686,False
268,+87349+19350,17.38284990430445,78.46739090545678,built_up,High,41.348846,0.21241954,Cool roof,427083.5407951495,1.0,2.3414622772354733e-06,114453630.138022,False
269,+87359+19357,17.389138111292905,78.47637405829744,built_up,High,41.340088,0.21824288,Cool roof,427069.2230582606,1.0,2.3415407760806503e-06,114880699.36108026,False
270,+87358+19340,17.373866751463797,78.47547574301338,built_up,High,41.338318,0.2598829,Cool roof,427103.9859357997,1.0,2.3413501932297943e-06,115307803.34701605,False
271,+87405+19349,17.381951589020385,78.51769656136443,built_up,High,41.33719,0.18817037,Cool roof,427085.5857734706,1.0,2.341451065806767e-06,115734888.93278952,False
272,+87376+19344,17.377460012600057,78.49164541812655,built_up,High,41.332275,0.20026806,Cool roof,427095.80911756353,1.0,2.3413950187573424e-06,116161984.74190709,False
273,+87397+19359,17.390934741861038,78.51051003909191,built_up,High,41.326965,0.14794645,Cool roof,427065.1313478123,1.0,2.3415632103796727e-06,116589049.8732549,False
274,+87384+19340,17.373866751463797,78.49883194039907,built_up,High,41.32663,0.14487821,Cool roof,427103.9859357997,1.0,2.3413501932297943e-06,117016153.85919069,False
275,+87331+19350,17.38284990430445,78.4512212303436,built_up,High,41.319733,0.15019846,Cool roof,427083.5407951495,1.0,2.3414622772354733e-06,117443237.39998583,False
276,+87366+19352,17.38464653487258,78.4826622652859,built_up,High,41.318573,0.22545443,Cool roof,427079.4505290082,1.0,2.341484702111833e-06,117870316.85051484,False
277,+87368+19353,17.385544850156645,78.48445889585402,built_up,High,41.31659,0.18899582,Cool roof,427077.40524118865,1.0,2.3414959155595174e-06,118297394.25575604,False
278,+87383+19348,17.38105327373632,78.497933625115,built_up,High,41.312653,0.19154237,Cool roof,427087.63064862473,1.0,2.3414398550510214e-06,118724481.88640466,False
279,+87333+19349,17.381951589020385,78.45301786091174,built_up,High,41.310577,0.20664081,Cool roof,427085.5857734706,1.0,2.341451065806767e-06,119151567.47217813,False
280,+87327+19350,17.38284990430445,78.44762796920735,built_up,High,41.30783,0.19551274,Cool roof,427083.5407951495,1.0,2.3414622772354733e-06,119578651.01297328,False
281,+87378+19389,17.417884200382993,78.49344204869467,built_up,High,41.30725,0.16771139,Cool roof,427003.7061746089,1.0,2.3419000480316284e-06,120005654.71914789,False
282,+87315+19374,17.404409471122015,78.43684818579857,built_up,High,41.305267,0.19879721,Cool roof,427034.4303663836,1.0,2.3417315534534955e-06,120432689.14951427,False
283,+87361+19351,17.383748219588515,78.47817068886556,built_up,High,41.303833,0.15093647,Cool roof,427081.4957136619,1.0,2.341473489337157e-06,120859770.64522794,False
284,+87375+19341,17.374765066747862,78.49074710284248,built_up,High,41.30356,0.18229328,Cool roof,427101.94188599556,1.0,2.3413613986024103e-06,121286872.58711393,False
285,+87359+19348,17.38105327373632,78.47637405829744,built_up,High,41.30017,0.14403427,Cool roof,427087.63064862473,1.0,2.3414398550510214e-06,121713960.21776256,False
286,+87381+19407,17.43405387549617,78.49613699454687,built_up,High,41.2966,0.17876716,Cool roof,426966.80650869873,1.0,2.3421024415855304e-06,122140927.02427126,False
287,+87387+19407,17.43405387549617,78.50152688625127,built_up,High,41.295563,0.15038022,Cool roof,426966.80650869873,1.0,2.3421024415855304e-06,122567893.83077997,False
288,+87371+19415,17.44124039776869,78.48715384170622,built_up,High,41.293396,0.1920513,Cool roof,426950.395930064,1.0,2.342192464353174e-06,122994844.22671004,False
289,+87314+19356,17.38823979600884,78.4359498705145,built_up,High,41.29013,0.26147625,Cool roof,427071.26875873934,1.0,2.3415295599407763e-06,123421915.49546878,False
290,+87390+19356,17.38823979600884,78.50422183210345,built_up,High,41.289948,0.24970686,Cool roof,427071.26875873934,1.0,2.3415295599407763e-06,123848986.76422752,False
291,+87349+19354,17.38644316544071,78.46739090545678,built_up,High,41.286774,0.19903177,Cool roof,427075.35985020373,1.0,2.3415071296802258e-06,124276062.12407772,False
292,+87320+19372,17.402612840553886,78.44133976221889,built_up,High,41.286713,0.24979377,Cool roof,427038.5251716453,1.0,2.3417090989578906e-06,124703100.64924937,False
293,+87347+19357,17.389138111292905,78.46559427488866,built_up,High,41.28647,0.18705313,Cool roof,427069.2230582606,1.0,2.3415407760806503e-06,125130169.87230763,False
294,+87320+19373,17.40351115583795,78.44133976221889,built_up,High,41.28415,0.22650339,Cool roof,427036.4778205931,1.0,2.341720325869025e-06,125557206.35012822,False
295,+87373+19344,17.377460012600057,78.48895047227435,built_up,High,41.28354,0.21135154,Cool roof,427095.80911756353,1.0,2.3413950187573424e-06,125984302.15924579,False
296,+87314+19342,17.375663382031927,78.4359498705145,built_up,High,41.28244,0.24224117,Cool roof,427099.8977330211,1.0,2.341372604647864e-06,126411402.0569788,False
297,+87338+19342,17.375663382031927,78.45750943733206,built_up,High,41.28012,0.19500509,Cool roof,427099.8977330211,1.0,2.341372604647864e-06,126838501.95471182,False
298,+87328+19347,17.380154958452252,78.44852628449141,built_up,High,41.276947,0.15542407,Cool roof,427089.6754206114,1.0,2.341428644968222e-06,127265591.63013244,False
299,+87324+19371,17.40171452526982,78.44493302335515,built_up,High,41.276855,0.20359161,Cool roof,427040.5724195397,1.0,2.341697872720077e-06,127692632.20255198,False
300,+87382+19375,17.40530778640608,78.49703530983093,built_up,High,41.27426,0.13971454,Cool roof,427032.38280901685,1.0,2.3417427817113192e-06,128119664.58536099,False
301,+87334+19356,17.38823979600884,78.4539161761958,built_up,High,41.273468,0.15618455,Cool roof,427071.26875873934,1.0,2.3415295599407763e-06,128546735.85411973,False
302,+87347+19355,17.387341480724775,78.46559427488866,built_up,High,41.272675,0.20503838,Cool roof,427073.3143560538,1.0,2.341518344473974e-06,128973809.16847579,False
303,+87384+19342,17.375663382031927,78.49883194039907,built_up,High,41.272064,0.24125192,Cool roof,427099.8977330211,1.0,2.341372604647864e-06,129400909.06620881,False
304,+87327+19341,17.374765066747862,78.44762796920735,built_up,High,41.27115,0.18140355,Cool roof,427101.94188599556,1.0,2.3413613986024103e-06,129828011.0080948,False
305,+87376+19346,17.379256643168187,78.49164541812655,built_up,Medium,41.269073,0.31860676,Cool roof,427091.72008943046,1.0,2.3414174355583527e-06,130255102.72818424,False
306,+87348+19359,17.390934741861038,78.46649259017272,built_up,High,41.267242,0.18275933,Cool roof,427065.1313478123,1.0,2.3415632103796727e-06,130682167.85953204,False
307,+87374+19343,17.376561697315992,78.48984878755842,built_up,High,41.266174,0.17043872,Cool roof,427097.85347687715,1.0,2.3413838113661685e-06,131109265.71300893,False
308,+87323+19342,17.375663382031927,78.44403470807109,built_up,High,41.26523,0.23358299,Cool roof,427099.8977330211,1.0,2.341372604647864e-06,131536365.61074194,False
309,+87374+19344,17.377460012600057,78.48984878755842,built_up,High,41.26361,0.22955053,Cool roof,427095.80911756353,1.0,2.3413950187573424e-06,131963461.41985951,False
310,+87396+19351,17.383748219588515,78.50961172380785,built_up,High,41.263397,0.23415077,Cool roof,427081.4957136619,1.0,2.341473489337157e-06,132390542.91557318,False
311,+87316+19370,17.400816209985756,78.43774650108263,built_up,Medium,41.26236,0.37843993,Cool roof,427042.6195642755,1.0,2.3416866471555702e-06,132817585.53513746,False
312,+87366+19346,17.379256643168187,78.4826622652859,built_up,Medium,41.254272,0.33804858,Cool roof,427091.72008943046,1.0,2.3414174355583527e-06,133244677.2552269,False
313,+87333+19348,17.38105327373632,78.45301786091174,built_up,High,41.252167,0.18524636,Cool roof,427087.63064862473,1.0,2.3414398550510214e-06,133671764.88587552,False
314,+87352+19381,17.410697678110473,78.47008585130898,built_up,High,41.251984,0.26397973,Cool roof,427020.0952985397,1.0,2.3418101653995388e-06,134098784.98117407,False
315,+87375+19344,17.377460012600057,78.49074710284248,built_up,High,41.246185,0.19435851,Cool roof,427095.80911756353,1.0,2.3413950187573424e-06,134525880.79029164,False
316,+87393+19377,17.40710441697421,78.50691677795565,built_up,High,41.24289,0.24472567,Cool roof,427028.28738481377,1.0,2.3417652402470857e-06,134952909.07767645,False
317,+87396+19343,17.376561697315992,78.50961172380785,built_up,High,41.24225,0.26531297,Cool roof,427097.85347687715,1.0,2.3413838113661685e-06,135380006.93115333,False
318,+87388+19378,17.408002732258275,78.50242520153533,built_up,High,41.24167,0.27727163,Cool roof,427026.23951797804,1.0,2.341776470525061e-06,135807033.1706713,False
319,+87397+19351,17.383748219588515,78.51051003909191,built_up,High,41.239838,0.26262692,Cool roof,427081.4957136619,1.0,2.341473489337157e-06,136234114.66638497,False
320,+87372+19343,17.376561697315992,78.48805215699028,built_up,High,41.236603,0.18400303,Cool roof,427097.85347687715,1.0,2.3413838113661685e-06,136661212.51986185,False
321,+87320+19368,17.399019579417622,78.44133976221889,built_up,Medium,41.234528,0.3263177,Cool roof,427046.71354427113,1.0,2.3416641980464084e-06,137088259.23340613,False
322,+87367+19363,17.394528002997298,78.48356058056996,built_up,High,41.233948,0.15336572,Cool roof,427056.9466889627,1.0,2.3416080870552553e-06,137515316.18009508,False
323,+87330+19345,17.378358327884122,78.45032291505954,built_up,High,41.232147,0.15468515,Cool roof,427093.76465508126,1.0,2.341406226821398e-06,137942409.94475016,False
324,+87387+19378,17.408002732258275,78.50152688625127,built_up,High,41.231323,0.28459838,Cool roof,427026.23951797804,1.0,2.341776470525061e-06,138369436.18426815,False
325,+87349+19351,17.383748219588515,78.46739090545678,built_up,High,41.229675,0.20135239,Cool roof,427081.4957136619,1.0,2.341473489337157e-06,138796517.6799818,False
326,+87407+19346,17.379256643168187,78.51949319193257,built_up,High,41.229584,0.21855667,Cool roof,427091.72008943046,1.0,2.3414174355583527e-06,139223609.40007123,False
327,+87333+19343,17.376561697315992,78.45301786091174,built_up,High,41.22867,0.22821061,Cool roof,427097.85347687715,1.0,2.3413838113661685e-06,139650707.25354812,False
328,+87322+19342,17.375663382031927,78.44313639278703,built_up,High,41.227814,0.23123172,Cool roof,427099.8977330211,1.0,2.341372604647864e-06,140077807.15128115,False
329,+87347+19358,17.39003642657697,78.46559427488866,built_up,High,41.226532,0.2589236,Cool roof,427067.17725461826,1.0,2.34155199289361e-06,140504874.32853577,False
330,+87362+19350,17.38284990430445,78.47906900414964,built_up,High,41.225555,0.16164732,Cool roof,427083.5407951495,1.0,2.3414622772354733e-06,140931957.8693309,False
331,+87366+19363,17.394528002997298,78.4826622652859,built_up,High,41.222076,0.15623882,Cool roof,427056.9466889627,1.0,2.3416080870552553e-06,141359014.81601986,False
332,+87338+19352,17.38464653487258,78.45750943733206,built_up,Medium,41.21994,0.3077014,Cool roof,427079.4505290082,1.0,2.341484702111833e-06,141786094.26654887,False
333,+87354+19379,17.40890104754234,78.47188248187712,built_up,Medium,41.21881,0.31339553,Cool roof,427024.1915479869,1.0,2.3417877014764513e-06,142213118.45809686,False
334,+87413+19351,17.383748219588515,78.52488308363696,built_up,High,41.21814,0.16249417,Cool roof,427081.4957136619,1.0,2.341473489337157e-06,142640199.9538105,False
335,+87406+19413,17.439443767200558,78.5185948766485,built_up,High,41.215424,0.23395361,Cool roof,426954.49919357605,1.0,2.342169954617604e-06,143067154.4530041,False
336,+87405+19413,17.439443767200558,78.51769656136443,built_up,High,41.21521,0.26159984,Cool roof,426954.49919357605,1.0,2.342169954617604e-06,143494108.95219767,False
337,+87406+19350,17.38284990430445,78.5185948766485,built_up,High,41.21167,0.19701767,Cool roof,427083.5407951495,1.0,2.3414622772354733e-06,143921192.49299282,False
338,+87381+19408,17.434952190780233,78.49613699454687,built_up,High,41.209198,0.15996626,Cool roof,426964.7555473694,1.0,2.3421136920727768e-06,144348157.2485402,False
339,+87377+19344,17.377460012600057,78.49254373341061,built_up,High,41.20822,0.2575476,Cool roof,427095.80911756353,1.0,2.3413950187573424e-06,144775253.05765775,False
340,+87349+19359,17.390934741861038,78.46739090545678,built_up,High,41.207886,0.19779201,Cool roof,427065.1313478123,1.0,2.3415632103796727e-06,145202318.18900555,False
341,+87334+19357,17.389138111292905,78.4539161761958,built_up,High,41.20462,0.15059015,Cool roof,427069.2230582606,1.0,2.3415407760806503e-06,145629387.4120638,False
342,+87382+19390,17.418782515667058,78.49703530983093,built_up,High,41.203705,0.20127653,Cool roof,427001.65706993314,1.0,2.341911286391619e-06,146056389.06913373,False
343,+87322+19374,17.404409471122015,78.44313639278703,built_up,High,41.203583,0.30074897,Cool roof,427034.4303663836,1.0,2.3417315534534955e-06,146483423.49950013,False
344,+87390+19372,17.402612840553886,78.50422183210345,built_up,High,41.20346,0.22644854,Cool roof,427038.5251716453,1.0,2.3417090989578906e-06,146910462.02467176,False
345,+87313+19349,17.381951589020385,78.43505155523043,built_up,High,41.20175,0.1911451,Cool roof,427085.5857734706,1.0,2.341451065806767e-06,147337547.61044523,False
346,+87389+19340,17.373866751463797,78.50332351681939,built_up,High,41.199615,0.1868021,Cool roof,427103.9859357997,1.0,2.3413501932297943e-06,147764651.59638104,False
347,+87352+19353,17.385544850156645,78.47008585130898,built_up,High,41.198822,0.1972757,Cool roof,427077.40524118865,1.0,2.3414959155595174e-06,148191729.00162223,False
348,+87386+19355,17.387341480724775,78.5006285709672,built_up,High,41.196167,0.24788785,Cool roof,427073.3143560538,1.0,2.341518344473974e-06,148618802.3159783,False
349,+87337+19365,17.396324633565428,78.456611122048,built_up,High,41.195312,0.22919351,Cool roof,427052.85374056763,1.0,2.341630529432066e-06,149045855.16971886,False
350,+87316+19365,17.396324633565428,78.43774650108263,built_up,High,41.194153,0.27849594,Cool roof,427052.85374056763,1.0,2.341630529432066e-06,149472908.02345943,False
351,+87388+19361,17.392731372429168,78.50242520153533,built_up,High,41.193085,0.2757439,Cool roof,427061.0392247119,1.0,2.3415856473711663e-06,149899969.06268415,False
352,+87348+19358,17.39003642657697,78.46649259017272,built_up,High,41.192047,0.26457864,Cool roof,427067.17725461826,1.0,2.34155199289361e-06,150327036.23993877,False
353,+87384+19382,17.41159599339454,78.49883194039907,built_up,High,41.187653,0.21837743,Cool roof,427018.0470190842,1.0,2.3418213983712686e-06,150754054.28695786,False
354,+87320+19365,17.396324633565428,78.44133976221889,built_up,High,41.187286,0.29227263,Cool roof,427052.85374056763,1.0,2.341630529432066e-06,151181107.14069843,False
355,+87363+19347,17.380154958452252,78.4799673194337,built_up,High,41.18689,0.16917935,Cool roof,427089.6754206114,1.0,2.341428644968222e-06,151608196.81611905,False
356,+87351+19352,17.38464653487258,78.46918753602492,built_up,High,41.1868,0.19722241,Cool roof,427079.4505290082,1.0,2.341484702111833e-06,152035276.26664805,False
357,+87351+19354,17.38644316544071,78.46918753602492,built_up,High,41.18466,0.15882736,Cool roof,427075.35985020373,1.0,2.3415071296802258e-06,152462351.62649825,False
358,+87408+19375,17.40530778640608,78.52039150721663,built_up,Medium,41.180695,0.33922663,Cool roof,427032.38280901685,1.0,2.3417427817113192e-06,152889384.00930727,False
359,+87316+19374,17.404409471122015,78.43774650108263,built_up,High,41.17978,0.18114223,Cool roof,427034.4303663836,1.0,2.3417315534534955e-06,153316418.43967366,False
360,+87338+19343,17.376561697315992,78.45750943733206,built_up,High,41.179413,0.18488443,Cool roof,427097.85347687715,1.0,2.3413838113661685e-06,153743516.29315054,False
361,+87407+19361,17.392731372429168,78.51949319193257,built_up,High,41.177338,0.13857582,Cool roof,427061.0392247119,1.0,2.3415856473711663e-06,154170577.33237526,False
362,+87322+19346,17.379256643168187,78.44313639278703,built_up,High,41.17627,0.28516594,Cool roof,427091.72008943046,1.0,2.3414174355583527e-06,154597669.0524647,False
363,+87318+19369,17.399917894701687,78.43954313165077,built_up,Medium,41.17276,0.3460615,Cool roof,427044.66660585295,1.0,2.3416754222643517e-06,155024713.71907055,False
364,+87324+19370,17.400816209985756,78.44493302335515,built_up,High,41.167267,0.29211694,Cool roof,427042.6195642755,1.0,2.3416866471555702e-06,155451756.33863482,False
365,+87315+19343,17.376561697315992,78.43684818579857,built_up,High,41.16678,0.24422684,Cool roof,427097.85347687715,1.0,2.3413838113661685e-06,155878854.1921117,False
366,+87319+19374,17.404409471122015,78.44044144693483,built_up,High,41.166412,0.16820635,Cool roof,427034.4303663836,1.0,2.3417315534534955e-06,156305888.6224781,False
367,+87384+19391,17.419680830951123,78.49883194039907,built_up,High,41.163055,0.15829618,Cool roof,426999.6078621065,1.0,2.3419225254252125e-06,156732888.2303402,False
368,+87347+19359,17.390934741861038,78.46559427488866,built_up,High,41.16034,0.18436798,Cool roof,427065.1313478123,1.0,2.3415632103796727e-06,157159953.36168802,False
369,+87359+19352,17.38464653487258,78.47637405829744,built_up,High,41.159332,0.18187073,Cool roof,427079.4505290082,1.0,2.341484702111833e-06,157587032.81221703,False
370,+87380+19344,17.377460012600057,78.49523867926281,built_up,High,41.1586,0.19459814,Cool roof,427095.80911756353,1.0,2.3413950187573424e-06,158014128.62133458,False
371,+87363+19351,17.383748219588515,78.4799673194337,built_up,High,41.158417,0.27720907,Cool roof,427081.4957136619,1.0,2.341473489337157e-06,158441210.11704823,False
372,+87324+19350,17.38284990430445,78.44493302335515,built_up,High,41.15811,0.1773741,Cool roof,427083.5407951495,1.0,2.3414622772354733e-06,158868293.65784338,False
373,+87398+19358,17.39003642657697,78.51140835437599,built_up,High,41.157867,0.18016683,Cool roof,427067.17725461826,1.0,2.34155199289361e-06,159295360.835098,False
374,+87381+19388,17.416985885098928,78.49613699454687,built_up,High,41.157745,0.16335148,Cool roof,427005.7551761335,1.0,2.341888810345226e-06,159722366.59027413,False
375,+87317+19367,17.398121264133557,78.43864481636669,built_up,Medium,41.15509,0.333399,Cool roof,427048.7603795299,1.0,2.3416529745017237e-06,160149415.35065365,False
376,+87352+19348,17.38105327373632,78.47008585130898,built_up,High,41.153717,0.20048432,Cool roof,427087.63064862473,1.0,2.3414398550510214e-06,160576502.98130226,False
377,+87360+19350,17.38284990430445,78.4772723735815,built_up,High,41.15323,0.1520116,Cool roof,427083.5407951495,1.0,2.3414622772354733e-06,161003586.5220974,False
378,+87351+19353,17.385544850156645,78.46918753602492,built_up,High,41.1528,0.19578928,Cool roof,427077.40524118865,1.0,2.3414959155595174e-06,161430663.9273386,False
379,+87380+19388,17.416985885098928,78.49523867926281,built_up,High,41.15091,0.18294173,Cool roof,427005.7551761335,1.0,2.341888810345226e-06,161857669.68251473,False
380,+87361+19348,17.38105327373632,78.47817068886556,built_up,High,41.147583,0.16773507,Cool roof,427087.63064862473,1.0,2.3414398550510214e-06,162284757.31316334,False
381,+87323+19347,17.380154958452252,78.44403470807109,built_up,High,41.14746,0.23795275,Cool roof,427089.6754206114,1.0,2.341428644968222e-06,162711846.98858395,False
382,+87317+19370,17.400816209985756,78.43864481636669,built_up,Medium,41.142975,0.38464287,Cool roof,427042.6195642755,1.0,2.3416866471555702e-06,163138889.60814822,False
383,+87381+19347,17.380154958452252,78.49613699454687,built_up,High,41.14261,0.17901565,Cool roof,427089.6754206114,1.0,2.341428644968222e-06,163565979.28356883,False
384,+87343+19346,17.379256643168187,78.4620010137524,built_up,High,41.141937,0.15468837,Cool roof,427091.72008943046,1.0,2.3414174355583527e-06,163993071.00365826,False
385,+87409+19350,17.38284990430445,78.5212898225007,built_up,High,41.141876,0.15659264,Cool roof,427083.5407951495,1.0,2.3414622772354733e-06,164420154.5444534,False
386,+87348+19351,17.383748219588515,78.46649259017272,built_up,High,41.141327,0.1700281,Cool roof,427081.4957136619,1.0,2.341473489337157e-06,164847236.04016706,False
387,+87327+19349,17.381951589020385,78.44762796920735,built_up,High,41.140076,0.22547475,Cool roof,427085.5857734706,1.0,2.341451065806767e-06,165274321.62594053,False
388,+87313+19374,17.404409471122015,78.43505155523043,built_up,High,41.13977,0.27080712,Cool roof,427034.4303663836,1.0,2.3417315534534955e-06,165701356.05630693,False
389,+87384+19377,17.40710441697421,78.49883194039907,built_up,High,41.138153,0.27587909,Cool roof,427028.28738481377,1.0,2.3417652402470857e-06,166128384.34369174,False
390,+87373+19343,17.376561697315992,78.48895047227435,built_up,High,41.134003,0.18100542,Cool roof,427097.85347687715,1.0,2.3413838113661685e-06,166555482.19716862,False
391,+87349+19356,17.38823979600884,78.46739090545678,built_up,High,41.13388,0.22948666,Cool roof,427071.26875873934,1.0,2.3415295599407763e-06,166982553.46592736,False
392,+87383+19342,17.375663382031927,78.497933625115,built_up,High,41.133087,0.25724778,Cool roof,427099.8977330211,1.0,2.341372604647864e-06,167409653.3636604,False
393,+87347+19350,17.38284990430445,78.46559427488866,built_up,High,41.132263,0.22675018,Cool roof,427083.5407951495,1.0,2.3414622772354733e-06,167836736.90445554,False
394,+87359+19341,17.374765066747862,78.47637405829744,built_up,High,41.131134,0.22782996,Cool roof,427101.94188599556,1.0,2.3413613986024103e-06,168263838.84634155,False
395,+87370+19393,17.421477461519256,78.48625552642216,built_up,High,41.12912,0.2540093,Cool roof,426995.50913700275,1.0,2.341945005513271e-06,168690834.35547855,False
396,+87396+19357,17.389138111292905,78.50961172380785,built_up,High,41.12851,0.17661887,Cool roof,427069.2230582606,1.0,2.3415407760806503e-06,169117903.5785368,False
397,+87383+19390,17.418782515667058,78.497933625115,built_up,High,41.12619,0.22331282,Cool roof,427001.65706993314,1.0,2.341911286391619e-06,169544905.23560673,False
398,+87352+19355,17.387341480724775,78.47008585130898,built_up,High,41.125366,0.19028747,Cool roof,427073.3143560538,1.0,2.341518344473974e-06,169971978.5499628,False
399,+87346+19356,17.38823979600884,78.46469595960458,built_up,High,41.125214,0.1742828,Cool roof,427071.26875873934,1.0,2.3415295599407763e-06,170399049.81872153,False
400,+87383+19376,17.406206101690145,78.497933625115,built_up,High,41.122345,0.23258083,Cool roof,427030.3351484935,1.0,2.34175401064251e-06,170826080.15387002,False
401,+87348+19350,17.38284990430445,78.46649259017272,built_up,High,41.1214,0.19721895,Cool roof,427083.5407951495,1.0,2.3414622772354733e-06,171253163.69466516,False
402,+87386+19358,17.39003642657697,78.5006285709672,built_up,High,41.119812,0.18034534,Cool roof,427067.17725461826,1.0,2.34155199289361e-06,171680230.87191978,False
403,+87357+19352,17.38464653487258,78.4745774277293,built_up,High,41.119537,0.19895098,Cool roof,427079.4505290082,1.0,2.341484702111833e-06,172107310.3224488,False
404,+87408+19352,17.38464653487258,78.52039150721663,built_up,High,41.11606,0.26937953,Cool roof,427079.4505290082,1.0,2.341484702111833e-06,172534389.7729778,False
405,+87368+19407,17.43405387549617,78.48445889585402,built_up,Medium,41.115845,0.3134809,Cool roof,426966.80650869873,1.0,2.3421024415855304e-06,172961356.5794865,False
406,+87387+19361,17.392731372429168,78.50152688625127,built_up,Medium,41.113434,0.30137965,Cool roof,427061.0392247119,1.0,2.3415856473711663e-06,173388417.6187112,False
407,+87389+19378,17.408002732258275,78.50332351681939,built_up,Medium,41.113373,0.32265475,Cool roof,427026.23951797804,1.0,2.341776470525061e-06,173815443.8582292,False
408,+87371+19344,17.377460012600057,78.48715384170622,built_up,High,41.112762,0.2020784,Cool roof,427095.80911756353,1.0,2.3413950187573424e-06,174242539.66734675,False
409,+87375+19340,17.373866751463797,78.49074710284248,built_up,High,41.111786,0.18616027,Cool roof,427103.9859357997,1.0,2.3413501932297943e-06,174669643.65328255,False
410,+87382+19346,17.379256643168187,78.49703530983093,built_up,High,41.111023,0.21872652,Cool roof,427091.72008943046,1.0,2.3414174355583527e-06,175096735.373372,False
411,+87381+19357,17.389138111292905,78.49613699454687,built_up,High,41.110992,0.2033862,Cool roof,427069.2230582606,1.0,2.3415407760806503e-06,175523804.59643024,False
412,+87334+19345,17.378358327884122,78.4539161761958,built_up,High,41.109802,0.18469928,Cool roof,427093.76465508126,1.0,2.341406226821398e-06,175950898.36108533,False
413,+87405+19347,17.380154958452252,78.51769656136443,built_up,High,41.102753,0.22934477,Cool roof,427089.6754206114,1.0,2.341428644968222e-06,176377988.03650594,False
414,+87387+19358,17.39003642657697,78.50152688625127,built_up,High,41.098267,0.2658443,Cool roof,427067.17725461826,1.0,2.34155199289361e-06,176805055.21376055,False
415,+87386+19373,17.40351115583795,78.5006285709672,built_up,Medium,41.098145,0.32860893,Cool roof,427036.4778205931,1.0,2.341720325869025e-06,177232091.69158116,False
416,+87379+19391,17.419680830951123,78.49434036397874,built_up,High,41.09491,0.1904557,Cool roof,426999.6078621065,1.0,2.3419225254252125e-06,177659091.29944327,False
417,+87377+19417,17.44303702833682,78.49254373341061,built_up,High,41.092896,0.29136255,Cool roof,426946.29225398856,1.0,2.3422149767847243e-06,178086037.59169728,False
418,+87364+19346,17.379256643168187,78.48086563471776,built_up,High,41.091278,0.16315912,Cool roof,427091.72008943046,1.0,2.3414174355583527e-06,178513129.3117867,False
419,+87392+19377,17.40710441697421,78.50601846267159,built_up,Medium,41.089294,0.31184244,Cool roof,427028.28738481377,1.0,2.3417652402470857e-06,178940157.59917152,False
420,+87328+19346,17.379256643168187,78.44852628449141,built_up,High,41.089203,0.17459807,Cool roof,427091.72008943046,1.0,2.3414174355583527e-06,179367249.31926095,False
421,+87360+19347,17.380154958452252,78.4772723735815,built_up,High,41.086304,0.15410998,Cool roof,427089.6754206114,1.0,2.341428644968222e-06,179794338.99468157,False
422,+87389+19359,17.390934741861038,78.50332351681939,built_up,High,41.08606,0.228653,Cool roof,427065.1313478123,1.0,2.3415632103796727e-06,180221404.12602937,False
423,+87365+19365,17.396324633565428,78.48176395000183,built_up,High,41.085297,0.18066394,Cool roof,427052.85374056763,1.0,2.341630529432066e-06,180648456.97976995,False
424,+87370+19345,17.378358327884122,78.48625552642216,built_up,High,41.084686,0.20557976,Cool roof,427093.76465508126,1.0,2.341406226821398e-06,181075550.74442503,False
425,+87323+19351,17.383748219588515,78.44403470807109,built_up,High,41.084625,0.17332178,Cool roof,427081.4957136619,1.0,2.341473489337157e-06,181502632.24013868,False
426,+87343+19350,17.38284990430445,78.4620010137524,built_up,High,41.084503,0.22088844,Cool roof,427083.5407951495,1.0,2.3414622772354733e-06,181929715.78093383,False
427,+87322+19344,17.377460012600057,78.44313639278703,built_up,High,41.082794,0.16789605,Cool roof,427095.80911756353,1.0,2.3413950187573424e-06,182356811.59005138,False
428,+87329+19345,17.378358327884122,78.44942459977548,built_up,High,41.082794,0.15661247,Cool roof,427093.76465508126,1.0,2.341406226821398e-06,182783905.35470647,False
429,+87398+19357,17.389138111292905,78.51140835437599,built_up,High,41.0795,0.16933113,Cool roof,427069.2230582606,1.0,2.3415407760806503e-06,183210974.57776472,False
430,+87361+19352,17.38464653487258,78.47817068886556,built_up,High,41.079132,0.15416464,Cool roof,427079.4505290082,1.0,2.341484702111833e-06,183638054.02829373,False
431,+87363+19346,17.379256643168187,78.4799673194337,built_up,High,41.078796,0.2171097,Cool roof,427091.72008943046,1.0,2.3414174355583527e-06,184065145.74838316,False
432,+87406+19351,17.383748219588515,78.5185948766485,built_up,High,41.07663,0.17467949,Cool roof,427081.4957136619,1.0,2.341473489337157e-06,184492227.24409682,False
433,+87352+19352,17.38464653487258,78.47008585130898,built_up,High,41.071594,0.19372264,Cool roof,427079.4505290082,1.0,2.341484702111833e-06,184919306.69462582,False
434,+87377+19341,17.374765066747862,78.49254373341061,built_up,High,41.07138,0.194197,Cool roof,427101.94188599556,1.0,2.3413613986024103e-06,185346408.63651183,False
435,+87324+19347,17.380154958452252,78.44493302335515,built_up,High,41.06711,0.15892346,Cool roof,427089.6754206114,1.0,2.341428644968222e-06,185773498.31193244,False
436,+87385+19342,17.375663382031927,78.49973025568313,built_up,High,41.06711,0.17831315,Cool roof,427099.8977330211,1.0,2.341372604647864e-06,186200598.20966548,False
437,+87327+19343,17.376561697315992,78.44762796920735,built_up,High,41.066986,0.15636949,Cool roof,427097.85347687715,1.0,2.3413838113661685e-06,186627696.06314236,False
438,+87390+19350,17.38284990430445,78.50422183210345,built_up,High,41.062866,0.18587534,Cool roof,427083.5407951495,1.0,2.3414622772354733e-06,187054779.6039375,False
439,+87382+19357,17.389138111292905,78.49703530983093,built_up,High,41.06253,0.18659644,Cool roof,427069.2230582606,1.0,2.3415407760806503e-06,187481848.82699576,False
440,+87392+19374,17.404409471122015,78.50601846267159,built_up,High,41.061584,0.22544074,Cool roof,427034.4303663836,1.0,2.3417315534534955e-06,187908883.25736216,False
441,+87384+19390,17.418782515667058,78.49883194039907,built_up,High,41.055542,0.19784635,Cool roof,427001.65706993314,1.0,2.341911286391619e-06,188335884.91443208,False
442,+87395+19358,17.39003642657697,78.50871340852379,built_up,High,41.05185,0.22085004,Cool roof,427067.17725461826,1.0,2.34155199289361e-06,188762952.0916867,False
443,+87357+19351,17.383748219588515,78.4745774277293,built_up,High,41.051483,0.14263412,Cool roof,427081.4957136619,1.0,2.341473489337157e-06,189190033.58740035,False
444,+87361+19350,17.38284990430445,78.47817068886556,built_up,High,41.049988,0.15047975,Cool roof,427083.5407951495,1.0,2.3414622772354733e-06,189617117.1281955,False
445,+87325+19348,17.38105327373632,78.44583133863922,built_up,High,41.049072,0.15718982,Cool roof,427087.63064862473,1.0,2.3414398550510214e-06,190044204.7588441,False
446,+87407+19347,17.380154958452252,78.51949319193257,built_up,High,41.04666,0.2723931,Cool roof,427089.6754206114,1.0,2.341428644968222e-06,190471294.43426472,False
447,+87346+19358,17.39003642657697,78.46469595960458,built_up,High,41.046356,0.18887137,Cool roof,427067.17725461826,1.0,2.34155199289361e-06,190898361.61151934,False
448,+87407+19351,17.383748219588515,78.51949319193257,built_up,High,41.04489,0.1570344,Cool roof,427081.4957136619,1.0,2.341473489337157e-06,191325443.107233,False
449,+87343+19367,17.398121264133557,78.4620010137524,built_up,High,41.043,0.1887332,Cool roof,427048.7603795299,1.0,2.3416529745017237e-06,191752491.8676125,False
450,+87387+19356,17.38823979600884,78.50152688625127,built_up,High,41.040802,0.16846885,Cool roof,427071.26875873934,1.0,2.3415295599407763e-06,192179563.13637125,False
451,+87357+19341,17.374765066747862,78.4745774277293,built_up,High,41.039337,0.21381296,Cool roof,427101.94188599556,1.0,2.3413613986024103e-06,192606665.07825726,False
452,+87374+19345,17.378358327884122,78.48984878755842,built_up,Medium,41.039276,0.3196037,Cool roof,427093.76465508126,1.0,2.341406226821398e-06,193033758.84291235,False
453,+87389+19371,17.40171452526982,78.50332351681939,built_up,High,41.039093,0.24419254,Cool roof,427040.5724195397,1.0,2.341697872720077e-06,193460799.4153319,False
454,+87344+19351,17.383748219588515,78.46289932903646,built_up,High,41.035614,0.19622664,Cool roof,427081.4957136619,1.0,2.341473489337157e-06,193887880.91104555,False
455,+87389+19361,17.392731372429168,78.50332351681939,built_up,Medium,41.031647,0.30086774,Cool roof,427061.0392247119,1.0,2.3415856473711663e-06,194314941.95027027,False
456,+87334+19355,17.387341480724775,78.4539161761958,built_up,High,41.029755,0.1604971,Cool roof,427073.3143560538,1.0,2.341518344473974e-06,194742015.26462632,False
457,+87372+19353,17.385544850156645,78.48805215699028,built_up,High,41.029327,0.26422656,Cool roof,427077.40524118865,1.0,2.3414959155595174e-06,195169092.66986752,False
458,+87367+19354,17.38644316544071,78.48356058056996,built_up,High,41.029205,0.19715793,Cool roof,427075.35985020373,1.0,2.3415071296802258e-06,195596168.0297177,False
459,+87394+19342,17.375663382031927,78.50781509323971,built_up,High,41.028168,0.23510472,Cool roof,427099.8977330211,1.0,2.341372604647864e-06,196023267.92745075,False
460,+87328+19344,17.377460012600057,78.44852628449141,built_up,High,41.027985,0.16633198,Cool roof,427095.80911756353,1.0,2.3413950187573424e-06,196450363.7365683,False
461,+87375+19348,17.38105327373632,78.49074710284248,built_up,High,41.024414,0.23359627,Cool roof,427087.63064862473,1.0,2.3414398550510214e-06,196877451.3672169,False
462,+87327+19344,17.377460012600057,78.44762796920735,built_up,High,41.02414,0.20829871,Cool roof,427095.80911756353,1.0,2.3413950187573424e-06,197304547.17633447,False
463,+87381+19414,17.440342082484626,78.49613699454687,built_up,High,41.02231,0.2056618,Cool roof,426952.4476133907,1.0,2.3421812091483994e-06,197731499.62394786,False
464,+87324+19345,17.378358327884122,78.44493302335515,built_up,High,41.022156,0.1782611,Cool roof,427093.76465508126,1.0,2.341406226821398e-06,198158593.38860294,False
465,+87399+19359,17.390934741861038,78.51230666966005,built_up,Medium,41.018646,0.304934,Cool roof,427065.1313478123,1.0,2.3415632103796727e-06,198585658.51995075,False
466,+87338+19353,17.385544850156645,78.45750943733206,built_up,High,41.01541,0.21414119,Cool roof,427077.40524118865,1.0,2.3414959155595174e-06,199012735.92519194,False
467,+87383+19357,17.389138111292905,78.497933625115,built_up,High,41.014435,0.27016094,Cool roof,427069.2230582606,1.0,2.3415407760806503e-06,199439805.1482502,False
468,+87334+19346,17.379256643168187,78.4539161761958,built_up,High,41.012848,0.22375862,Cool roof,427091.72008943046,1.0,2.3414174355583527e-06,199866896.86833963,False
469,+87376+19417,17.44303702833682,78.49164541812655,built_up,High,41.011536,0.2597872,Cool roof,426946.29225398856,1.0,2.3422149767847243e-06,200293843.16059363,False
470,+87384+19358,17.39003642657697,78.49883194039907,built_up,High,41.010834,0.23994736,Cool roof,427067.17725461826,1.0,2.34155199289361e-06,200720910.33784825,False
471,+87324+19346,17.379256643168187,78.44493302335515,built_up,High,41.010468,0.1434096,Cool roof,427091.72008943046,1.0,2.3414174355583527e-06,201148002.05793768,False
472,+87336+19355,17.387341480724775,78.45571280676394,built_up,High,41.002472,0.18996793,Cool roof,427073.3143560538,1.0,2.341518344473974e-06,201575075.37229374,False
473,+87335+19355,17.387341480724775,78.45481449147987,built_up,High,41.002167,0.16180883,Cool roof,427073.3143560538,1.0,2.341518344473974e-06,202002148.6866498,False
474,+87363+19350,17.38284990430445,78.4799673194337,built_up,High,41.001038,0.18533681,Cool roof,427083.5407951495,1.0,2.3414622772354733e-06,202429232.22744495,False
475,+87330+19343,17.376561697315992,78.45032291505954,built_up,High,41.000824,0.1756513,Cool roof,427097.85347687715,1.0,2.3413838113661685e-06,202856330.08092183,False
476,+87346+19357,17.389138111292905,78.46469595960458,built_up,High,40.999115,0.18218479,Cool roof,427069.2230582606,1.0,2.3415407760806503e-06,203283399.30398008,False
477,+87370+19353,17.385544850156645,78.48625552642216,built_up,High,40.999084,0.21043846,Cool roof,427077.40524118865,1.0,2.3414959155595174e-06,203710476.70922127,False
478,+87367+19352,17.38464653487258,78.48356058056996,built_up,High,40.995758,0.16792245,Cool roof,427079.4505290082,1.0,2.341484702111833e-06,204137556.15975028,False
479,+87317+19373,17.40351115583795,78.43864481636669,built_up,High,40.993195,0.19827968,Cool roof,427036.4778205931,1.0,2.341720325869025e-06,204564592.6375709,False
480,+87383+19347,17.380154958452252,78.497933625115,built_up,High,40.992462,0.18360345,Cool roof,427089.6754206114,1.0,2.341428644968222e-06,204991682.3129915,False
481,+87379+19388,17.416985885098928,78.49434036397874,built_up,High,40.992096,0.194433,Cool roof,427005.7551761335,1.0,2.341888810345226e-06,205418688.06816763,False
482,+87364+19345,17.378358327884122,78.48086563471776,built_up,High,40.992004,0.20470233,Cool roof,427093.76465508126,1.0,2.341406226821398e-06,205845781.8328227,False
483,+87374+19417,17.44303702833682,78.48984878755842,built_up,High,40.99121,0.20124875,Cool roof,426946.29225398856,1.0,2.3422149767847243e-06,206272728.1250767,False
484,+87366+19348,17.38105327373632,78.4826622652859,built_up,High,40.991028,0.18840747,Cool roof,427087.63064862473,1.0,2.3414398550510214e-06,206699815.75572532,False
485,+87314+19357,17.389138111292905,78.4359498705145,built_up,High,40.990417,0.27952877,Cool roof,427069.2230582606,1.0,2.3415407760806503e-06,207126884.97878358,False
486,+87384+19384,17.413392623962668,78.49883194039907,built_up,High,40.9899,0.22231276,Cool roof,427013.9501507122,1.0,2.341843866335176e-06,207553898.92893428,False
487,+87390+19407,17.43405387549617,78.50422183210345,built_up,High,40.989594,0.19204664,Cool roof,426966.80650869873,1.0,2.3421024415855304e-06,207980865.73544297,False
488,+87387+19405,17.43225724492804,78.50152688625127,built_up,High,40.98929,0.17199223,Cool roof,426970.90812192473,1.0,2.3420799426326314e-06,208407836.64356488,False
489,+87381+19343,17.376561697315992,78.49613699454687,built_up,High,40.989227,0.15615056,Cool roof,427097.85347687715,1.0,2.3413838113661685e-06,208834934.49704176,False
490,+87350+19351,17.383748219588515,78.46828922074084,built_up,High,40.98889,0.17928033,Cool roof,427081.4957136619,1.0,2.341473489337157e-06,209262015.9927554,False
491,+87377+19343,17.376561697315992,78.49254373341061,built_up,High,40.987457,0.1732677,Cool roof,427097.85347687715,1.0,2.3413838113661685e-06,209689113.8462323,False
492,+87336+19356,17.38823979600884,78.45571280676394,built_up,High,40.987213,0.18651806,Cool roof,427071.26875873934,1.0,2.3415295599407763e-06,210116185.11499104,False
493,+87371+19343,17.376561697315992,78.48715384170622,built_up,High,40.986237,0.15905905,Cool roof,427097.85347687715,1.0,2.3413838113661685e-06,210543282.96846792,False
494,+87323+19370,17.400816209985756,78.44403470807109,built_up,High,40.985046,0.2663523,Cool roof,427042.6195642755,1.0,2.3416866471555702e-06,210970325.5880322,False
495,+87350+19352,17.38464653487258,78.46828922074084,built_up,High,40.984528,0.14827135,Cool roof,427079.4505290082,1.0,2.341484702111833e-06,211397405.0385612,False
496,+87376+19342,17.375663382031927,78.49164541812655,built_up,High,40.983185,0.14772247,Cool roof,427099.8977330211,1.0,2.341372604647864e-06,211824504.93629423,False
497,+87334+19344,17.377460012600057,78.4539161761958,built_up,High,40.982758,0.1825035,Cool roof,427095.80911756353,1.0,2.3413950187573424e-06,212251600.74541178,False
498,+87327+19347,17.380154958452252,78.44762796920735,built_up,High,40.97998,0.15359037,Cool roof,427089.6754206114,1.0,2.341428644968222e-06,212678690.4208324,False
499,+87373+19340,17.373866751463797,78.48895047227435,built_up,High,40.97815,0.17729257,Cool roof,427103.9859357997,1.0,2.3413501932297943e-06,213105794.4067682,False
500,+87361+19347,17.380154958452252,78.47817068886556,built_up,High,40.97763,0.20336239,Cool roof,427089.6754206114,1.0,2.341428644968222e-06,213532884.0821888,False
501,+87374+19365,17.396324633565428,78.48984878755842,built_up,High,40.97647,0.1535252,Cool roof,427052.85374056763,1.0,2.341630529432066e-06,213959936.9359294,False
502,+87374+19405,17.43225724492804,78.48984878755842,built_up,High,40.97635,0.21376091,Cool roof,426970.90812192473,1.0,2.3420799426326314e-06,214386907.8440513,False
503,+87369+19381,17.410697678110473,78.4853572111381,built_up,High,40.975067,0.20483647,Cool roof,427020.0952985397,1.0,2.3418101653995388e-06,214813927.93934983,False
504,+87365+19364,17.395426318281363,78.48176395000183,built_up,High,40.974823,0.17214394,Cool roof,427054.9002663456,1.0,2.341619307907063e-06,215240982.83961618,False
505,+87324+19349,17.381951589020385,78.44493302335515,built_up,High,40.9711,0.1440388,Cool roof,427085.5857734706,1.0,2.341451065806767e-06,215668068.42538965,False
506,+87369+19406,17.433155560212104,78.4853572111381,built_up,High,40.969788,0.24260615,Cool roof,426968.857366884,1.0,2.3420911917721534e-06,216095037.28275654,False
507,+87317+19374,17.404409471122015,78.43864481636669,built_up,High,40.968994,0.16304217,Cool roof,427034.4303663836,1.0,2.3417315534534955e-06,216522071.71312293,False
508,+87324+19341,17.374765066747862,78.44493302335515,built_up,High,40.96884,0.16246276,Cool roof,427101.94188599556,1.0,2.3413613986024103e-06,216949173.65500894,False
509,+87319+19373,17.40351115583795,78.44044144693483,built_up,High,40.967865,0.17139997,Cool roof,427036.4778205931,1.0,2.341720325869025e-06,217376210.13282955,False
510,+87365+19348,17.38105327373632,78.48176395000183,built_up,High,40.96591,0.20047264,Cool roof,427087.63064862473,1.0,2.3414398550510214e-06,217803297.76347816,False
511,+87359+19350,17.38284990430445,78.47637405829744,built_up,High,40.96524,0.16661495,Cool roof,427083.5407951495,1.0,2.3414622772354733e-06,218230381.3042733,False
512,+87342+19346,17.379256643168187,78.46110269846832,built_up,High,40.963898,0.21280724,Cool roof,427091.72008943046,1.0,2.3414174355583527e-06,218657473.02436274,False
513,+87403+19340,17.373866751463797,78.51589993079631,built_up,High,40.963745,0.20667315,Cool roof,427103.9859357997,1.0,2.3413501932297943e-06,219084577.01029855,False
514,+87365+19417,17.44303702833682,78.48176395000183,built_up,Medium,40.9635,0.29622552,Cool roof,426946.29225398856,1.0,2.3422149767847243e-06,219511523.30255255,False
515,+87383+19389,17.417884200382993,78.497933625115,built_up,High,40.96344,0.16742174,Cool roof,427003.7061746089,1.0,2.3419000480316284e-06,219938527.00872716,False
516,+87365+19363,17.394528002997298,78.48176395000183,built_up,High,40.962036,0.17530712,Cool roof,427056.9466889627,1.0,2.3416080870552553e-06,220365583.9554161,False
517,+87319+19369,17.399917894701687,78.44044144693483,built_up,Medium,40.962006,0.33532786,Cool roof,427044.66660585295,1.0,2.3416754222643517e-06,220792628.62202197,False
518,+87359+19343,17.376561697315992,78.47637405829744,built_up,High,40.96176,0.18779974,Cool roof,427097.85347687715,1.0,2.3413838113661685e-06,221219726.47549886,False
519,+87313+19353,17.385544850156645,78.43505155523043,built_up,High,40.959198,0.23677829,Cool roof,427077.40524118865,1.0,2.3414959155595174e-06,221646803.88074005,False
520,+87327+19348,17.38105327373632,78.44762796920735,built_up,High,40.95871,0.17456806,Cool roof,427087.63064862473,1.0,2.3414398550510214e-06,222073891.51138866,False
521,+87375+19417,17.44303702833682,78.49074710284248,built_up,High,40.95865,0.18834227,Cool roof,426946.29225398856,1.0,2.3422149767847243e-06,222500837.80364266,False
522,+87346+19390,17.418782515667058,78.46469595960458,built_up,High,40.958282,0.14298704,Cool roof,427001.65706993314,1.0,2.341911286391619e-06,222927839.46071258,False
523,+87357+19368,17.399019579417622,78.4745774277293,built_up,Medium,40.957214,0.2849363,Cool roof,427046.71354427113,1.0,2.3416641980464084e-06,223354886.17425686,False
524,+87365+19345,17.378358327884122,78.48176395000183,built_up,High,40.956024,0.26045972,Cool roof,427093.76465508126,1.0,2.341406226821398e-06,223781979.93891194,False
525,+87339+19343,17.376561697315992,78.45840775261613,built_up,High,40.955414,0.24568398,Cool roof,427097.85347687715,1.0,2.3413838113661685e-06,224209077.79238883,False
526,+87320+19364,17.395426318281363,78.44133976221889,built_up,High,40.955383,0.24552931,Cool roof,427054.9002663456,1.0,2.341619307907063e-06,224636132.69265518,False
527,+87342+19347,17.380154958452252,78.46110269846832,built_up,High,40.954224,0.15930183,Cool roof,427089.6754206114,1.0,2.341428644968222e-06,225063222.3680758,False
528,+87361+19356,17.38823979600884,78.47817068886556,built_up,High,40.95346,0.23784713,Cool roof,427071.26875873934,1.0,2.3415295599407763e-06,225490293.63683453,False
529,+87373+19406,17.433155560212104,78.48895047227435,built_up,High,40.951996,0.15775286,Cool roof,426968.857366884,1.0,2.3420911917721534e-06,225917262.49420142,False
530,+87399+19413,17.439443767200558,78.51230666966005,built_up,Medium,40.95175,0.30113798,Cool roof,426954.49919357605,1.0,2.342169954617604e-06,226344216.993395,False
531,+87375+19349,17.381951589020385,78.49074710284248,built_up,High,40.951447,0.14188448,Cool roof,427085.5857734706,1.0,2.341451065806767e-06,226771302.57916847,False
532,+87325+19370,17.400816209985756,78.44583133863922,built_up,High,40.946686,0.22280478,Cool roof,427042.6195642755,1.0,2.3416866471555702e-06,227198345.19873273,False
533,+87382+19391,17.419680830951123,78.49703530983093,built_up,High,40.94641,0.17040333,Cool roof,426999.6078621065,1.0,2.3419225254252125e-06,227625344.80659485,False
534,+87317+19341,17.374765066747862,78.43864481636669,built_up,Medium,40.94635,0.3072048,Cool roof,427101.94188599556,1.0,2.3413613986024103e-06,228052446.74848086,False
535,+87359+19359,17.390934741861038,78.47637405829744,built_up,High,40.946014,0.17521892,Cool roof,427065.1313478123,1.0,2.3415632103796727e-06,228479511.87982866,False
536,+87359+19340,17.373866751463797,78.47637405829744,built_up,High,40.945465,0.18984392,Cool roof,427103.9859357997,1.0,2.3413501932297943e-06,228906615.86576447,False
537,+87323+19343,17.376561697315992,78.44403470807109,built_up,High,40.945282,0.20547952,Cool roof,427097.85347687715,1.0,2.3413838113661685e-06,229333713.71924135,False
538,+87326+19342,17.375663382031927,78.44672965392328,built_up,High,40.94406,0.15587589,Cool roof,427099.8977330211,1.0,2.341372604647864e-06,229760813.61697438,False
539,+87357+19340,17.373866751463797,78.4745774277293,built_up,High,40.94406,0.25524598,Cool roof,427103.9859357997,1.0,2.3413501932297943e-06,230187917.6029102,False
540,+87383+19341,17.374765066747862,78.497933625115,built_up,High,40.943756,0.1689058,Cool roof,427101.94188599556,1.0,2.3413613986024103e-06,230615019.5447962,False
541,+87335+19358,17.39003642657697,78.45481449147987,built_up,High,40.941284,0.14234018,Cool roof,427067.17725461826,1.0,2.34155199289361e-06,231042086.72205082,False
542,+87366+19362,17.393629687713233,78.4826622652859,built_up,High,40.94113,0.22595717,Cool roof,427058.9930084181,1.0,2.3415968668766287e-06,231469145.71505922,False
543,+87325+19347,17.380154958452252,78.44583133863922,built_up,High,40.939545,0.18074234,Cool roof,427089.6754206114,1.0,2.341428644968222e-06,231896235.39047983,False
544,+87383+19388,17.416985885098928,78.497933625115,built_up,High,40.93924,0.16452806,Cool roof,427005.7551761335,1.0,2.341888810345226e-06,232323241.14565596,False
545,+87360+19352,17.38464653487258,78.4772723735815,built_up,High,40.93918,0.1549904,Cool roof,427079.4505290082,1.0,2.341484702111833e-06,232750320.59618497,False
546,+87360+19356,17.38823979600884,78.4772723735815,built_up,High,40.93857,0.17533687,Cool roof,427071.26875873934,1.0,2.3415295599407763e-06,233177391.8649437,False
547,+87374+19342,17.375663382031927,78.48984878755842,built_up,High,40.937805,0.18981025,Cool roof,427099.8977330211,1.0,2.341372604647864e-06,233604491.76267675,False
548,+87363+19345,17.378358327884122,78.4799673194337,built_up,High,40.936493,0.16022296,Cool roof,427093.76465508126,1.0,2.341406226821398e-06,234031585.52733183,False
549,+87372+19340,17.373866751463797,78.48805215699028,built_up,High,40.936462,0.15224096,Cool roof,427103.9859357997,1.0,2.3413501932297943e-06,234458689.51326764,False
550,+87364+19347,17.380154958452252,78.48086563471776,built_up,High,40.93387,0.1641637,Cool roof,427089.6754206114,1.0,2.341428644968222e-06,234885779.18868825,False
551,+87377+19342,17.375663382031927,78.49254373341061,built_up,High,40.933167,0.15703392,Cool roof,427099.8977330211,1.0,2.341372604647864e-06,235312879.08642128,False
552,+87373+19342,17.375663382031927,78.48895047227435,built_up,High,40.931732,0.14682052,Cool roof,427099.8977330211,1.0,2.341372604647864e-06,235739978.9841543,False
553,+87387+19406,17.433155560212104,78.50152688625127,built_up,High,40.93051,0.15382183,Cool roof,426968.857366884,1.0,2.3420911917721534e-06,236166947.8415212,False
554,+87385+19358,17.39003642657697,78.49973025568313,built_up,High,40.92984,0.2580365,Cool roof,427067.17725461826,1.0,2.34155199289361e-06,236594015.01877582,False
555,+87344+19346,17.379256643168187,78.46289932903646,built_up,High,40.929474,0.15286075,Cool roof,427091.72008943046,1.0,2.3414174355583527e-06,237021106.73886526,False
556,+87339+19342,17.375663382031927,78.45840775261613,built_up,High,40.92935,0.23565423,Cool roof,427099.8977330211,1.0,2.341372604647864e-06,237448206.6365983,False
557,+87396+19356,17.38823979600884,78.50961172380785,built_up,High,40.92758,0.25402108,Cool roof,427071.26875873934,1.0,2.3415295599407763e-06,237875277.90535703,False
558,+87371+19405,17.43225724492804,78.48715384170622,built_up,High,40.927032,0.24025375,Cool roof,426970.90812192473,1.0,2.3420799426326314e-06,238302248.81347895,False
559,+87357+19342,17.375663382031927,78.4745774277293,built_up,High,40.92404,0.16686448,Cool roof,427099.8977330211,1.0,2.341372604647864e-06,238729348.71121198,False
560,+87320+19375,17.40530778640608,78.44133976221889,built_up,High,40.923676,0.23739631,Cool roof,427032.38280901685,1.0,2.3417427817113192e-06,239156381.094021,False
561,+87389+19341,17.374765066747862,78.50332351681939,built_up,High,40.922913,0.2114522,Cool roof,427101.94188599556,1.0,2.3413613986024103e-06,239583483.035907,False
562,+87337+19353,17.385544850156645,78.456611122048,built_up,High,40.922394,0.23411794,Cool roof,427077.40524118865,1.0,2.3414959155595174e-06,240010560.4411482,False
563,+87326+19341,17.374765066747862,78.44672965392328,built_up,High,40.920837,0.21564867,Cool roof,427101.94188599556,1.0,2.3413613986024103e-06,240437662.3830342,False
564,+87397+19357,17.389138111292905,78.51051003909191,built_up,High,40.920685,0.18292198,Cool roof,427069.2230582606,1.0,2.3415407760806503e-06,240864731.60609245,False
565,+87339+19353,17.385544850156645,78.45840775261613,built_up,High,40.91678,0.19559518,Cool roof,427077.40524118865,1.0,2.3414959155595174e-06,241291809.01133364,False
566,+87382+19384,17.413392623962668,78.49703530983093,built_up,High,40.916718,0.2733346,Cool roof,427013.9501507122,1.0,2.341843866335176e-06,241718822.96148434,False
567,+87382+19342,17.375663382031927,78.49703530983093,built_up,High,40.915863,0.16961576,Cool roof,427099.8977330211,1.0,2.341372604647864e-06,242145922.85921738,False
568,+87368+19408,17.434952190780233,78.48445889585402,built_up,Medium,40.91516,0.345642,Cool roof,426964.7555473694,1.0,2.3421136920727768e-06,242572887.61476475,False
569,+87332+19342,17.375663382031927,78.45211954562768,built_up,High,40.91507,0.20494987,Cool roof,427099.8977330211,1.0,2.341372604647864e-06,242999987.51249778,False
570,+87367+19362,17.393629687713233,78.48356058056996,built_up,High,40.912994,0.20465474,Cool roof,427058.9930084181,1.0,2.3415968668766287e-06,243427046.5055062,False
571,+87371+19345,17.378358327884122,78.48715384170622,built_up,High,40.911774,0.2047601,Cool roof,427093.76465508126,1.0,2.341406226821398e-06,243854140.27016127,False
572,+87375+19342,17.375663382031927,78.49074710284248,built_up,High,40.91159,0.17353821,Cool roof,427099.8977330211,1.0,2.341372604647864e-06,244281240.1678943,False
573,+87392+19378,17.408002732258275,78.50601846267159,built_up,High,40.91147,0.26308084,Cool roof,427026.23951797804,1.0,2.341776470525061e-06,244708266.4074123,False
574,+87324+19344,17.377460012600057,78.44493302335515,built_up,High,40.91089,0.1995732,Cool roof,427095.80911756353,1.0,2.3413950187573424e-06,245135362.21652985,False
575,+87389+19405,17.43225724492804,78.50332351681939,built_up,High,40.910553,0.15680072,Cool roof,426970.90812192473,1.0,2.3420799426326314e-06,245562333.12465176,False
576,+87361+19349,17.381951589020385,78.47817068886556,built_up,High,40.910126,0.19310105,Cool roof,427085.5857734706,1.0,2.341451065806767e-06,245989418.71042523,False
577,+87313+19344,17.377460012600057,78.43505155523043,built_up,High,40.907867,0.24319181,Cool roof,427095.80911756353,1.0,2.3413950187573424e-06,246416514.51954278,False
578,+87326+19348,17.38105327373632,78.44672965392328,built_up,High,40.906097,0.22866112,Cool roof,427087.63064862473,1.0,2.3414398550510214e-06,246843602.1501914,False
579,+87385+19381,17.410697678110473,78.49973025568313,built_up,High,40.901215,0.2739136,Cool roof,427020.0952985397,1.0,2.3418101653995388e-06,247270622.24548993,False
580,+87407+19349,17.381951589020385,78.51949319193257,built_up,High,40.901215,0.18651238,Cool roof,427085.5857734706,1.0,2.341451065806767e-06,247697707.8312634,False
581,+87358+19346,17.379256643168187,78.47547574301338,built_up,High,40.901093,0.16065866,Cool roof,427091.72008943046,1.0,2.3414174355583527e-06,248124799.55135283,False
582,+87410+19349,17.381951589020385,78.52218813778477,built_up,Medium,40.900482,0.40602845,Cool roof,427085.5857734706,1.0,2.341451065806767e-06,248551885.1371263,False
583,+87377+19355,17.387341480724775,78.49254373341061,built_up,High,40.899567,0.16326913,Cool roof,427073.3143560538,1.0,2.341518344473974e-06,248978958.45148236,False
584,+87340+19352,17.38464653487258,78.4593060679002,built_up,High,40.89798,0.17845406,Cool roof,427079.4505290082,1.0,2.341484702111833e-06,249406037.90201136,False
585,+87324+19348,17.38105327373632,78.44493302335515,built_up,High,40.895844,0.15132193,Cool roof,427087.63064862473,1.0,2.3414398550510214e-06,249833125.53265998,False
586,+87361+19357,17.389138111292905,78.47817068886556,built_up,High,40.894745,0.22352052,Cool roof,427069.2230582606,1.0,2.3415407760806503e-06,250260194.75571823,False
587,+87380+19391,17.419680830951123,78.49523867926281,built_up,High,40.894623,0.1507433,Cool roof,426999.6078621065,1.0,2.3419225254252125e-06,250687194.36358035,False
588,+87323+19340,17.373866751463797,78.44403470807109,built_up,High,40.89377,0.20048225,Cool roof,427103.9859357997,1.0,2.3413501932297943e-06,251114298.34951615,False
589,+87397+19352,17.38464653487258,78.51051003909191,built_up,High,40.89377,0.22172906,Cool roof,427079.4505290082,1.0,2.341484702111833e-06,251541377.80004516,False
590,+87406+19361,17.392731372429168,78.5185948766485,built_up,High,40.893494,0.12768827,Cool roof,427061.0392247119,1.0,2.3415856473711663e-06,251968438.83926988,False
591,+87366+19353,17.385544850156645,78.4826622652859,built_up,High,40.891937,0.21666743,Cool roof,427077.40524118865,1.0,2.3414959155595174e-06,252395516.24451107,False
592,+87343+19351,17.383748219588515,78.4620010137524,built_up,High,40.890533,0.19729419,Cool roof,427081.4957136619,1.0,2.341473489337157e-06,252822597.74022472,False
593,+87391+19351,17.383748219588515,78.50512014738753,built_up,High,40.889587,0.16328694,Cool roof,427081.4957136619,1.0,2.341473489337157e-06,253249679.23593837,False
594,+87322+19340,17.373866751463797,78.44313639278703,built_up,High,40.888092,0.16487077,Cool roof,427103.9859357997,1.0,2.3413501932297943e-06,253676783.22187418,False
595,+87372+19415,17.44124039776869,78.48805215699028,built_up,High,40.88626,0.19388698,Cool roof,426950.395930064,1.0,2.342192464353174e-06,254103733.61780423,False
596,+87334+19343,17.376561697315992,78.4539161761958,built_up,High,40.883606,0.22737469,Cool roof,427097.85347687715,1.0,2.3413838113661685e-06,254530831.4712811,False
597,+87390+19360,17.391833057145103,78.50422183210345,built_up,High,40.883514,0.22895442,Cool roof,427063.08533784345,1.0,2.3415744285388524e-06,254957894.55661896,False
598,+87382+19343,17.376561697315992,78.49703530983093,built_up,High,40.88199,0.20564458,Cool roof,427097.85347687715,1.0,2.3413838113661685e-06,255384992.41009584,False
599,+87367+19344,17.377460012600057,78.48356058056996,built_up,High,40.88034,0.24682702,Cool roof,427095.80911756353,1.0,2.3413950187573424e-06,255812088.2192134,False
600,+87357+19345,17.378358327884122,78.4745774277293,built_up,High,40.87784,0.14241226,Cool roof,427093.76465508126,1.0,2.341406226821398e-06,256239181.98386848,False
601,+87376+19343,17.376561697315992,78.49164541812655,built_up,High,40.875336,0.15162537,Cool roof,427097.85347687715,1.0,2.3413838113661685e-06,256666279.83734536,False
602,+87391+19343,17.376561697315992,78.50512014738753,built_up,High,40.87506,0.19087443,Cool roof,427097.85347687715,1.0,2.3413838113661685e-06,257093377.69082224,False
603,+87373+19405,17.43225724492804,78.48895047227435,built_up,High,40.874786,0.21675976,Cool roof,426970.90812192473,1.0,2.3420799426326314e-06,257520348.59894416,False
604,+87337+19342,17.375663382031927,78.456611122048,built_up,Medium,40.87439,0.27639115,Cool roof,427099.8977330211,1.0,2.341372604647864e-06,257947448.4966772,False
605,+87386+19406,17.433155560212104,78.5006285709672,built_up,High,40.87381,0.17075223,Cool roof,426968.857366884,1.0,2.3420911917721534e-06,258374417.35404408,False
606,+87376+19350,17.38284990430445,78.49164541812655,built_up,High,40.871307,0.1891865,Cool roof,427083.5407951495,1.0,2.3414622772354733e-06,258801500.89483923,False
607,+87385+19399,17.426867353223646,78.49973025568313,built_up,High,40.87027,0.22033866,Cool roof,426983.2104861137,1.0,2.3420124619455547e-06,259228484.10532534,False
608,+87359+19353,17.385544850156645,78.47637405829744,built_up,High,40.865448,0.15440792,Cool roof,427077.40524118865,1.0,2.3414959155595174e-06,259655561.51056653,False
609,+87327+19340,17.373866751463797,78.44762796920735,built_up,High,40.86508,0.2007675,Cool roof,427103.9859357997,1.0,2.3413501932297943e-06,260082665.49650234,False
610,+87349+19360,17.391833057145103,78.46739090545678,built_up,High,40.86502,0.1961498,Cool roof,427063.08533784345,1.0,2.3415744285388524e-06,260509728.5818402,False
611,+87404+19378,17.408002732258275,78.51679824608037,built_up,High,40.864258,0.25975648,Cool roof,427026.23951797804,1.0,2.341776470525061e-06,260936754.82135817,False
612,+87337+19352,17.38464653487258,78.456611122048,built_up,High,40.86386,0.26118678,Cool roof,427079.4505290082,1.0,2.341484702111833e-06,261363834.27188718,False
613,+87370+19342,17.375663382031927,78.48625552642216,built_up,High,40.862823,0.16675343,Cool roof,427099.8977330211,1.0,2.341372604647864e-06,261790934.16962022,False
614,+87367+19408,17.434952190780233,78.48356058056996,built_up,High,40.862152,0.24936362,Cool roof,426964.7555473694,1.0,2.3421136920727768e-06,262217898.9251676,False
615,+87316+19364,17.395426318281363,78.43774650108263,built_up,Medium,40.861847,0.3273582,Cool roof,427054.9002663456,1.0,2.341619307907063e-06,262644953.82543394,False
616,+87321+19376,17.406206101690145,78.44223807750296,built_up,High,40.861664,0.17600799,Cool roof,427030.3351484935,1.0,2.34175401064251e-06,263071984.16058242,False
617,+87397+19358,17.39003642657697,78.51051003909191,built_up,High,40.86142,0.16522868,Cool roof,427067.17725461826,1.0,2.34155199289361e-06,263499051.33783704,False
618,+87365+19347,17.380154958452252,78.48176395000183,built_up,High,40.860535,0.1541611,Cool roof,427089.6754206114,1.0,2.341428644968222e-06,263926141.01325765,False
619,+87324+19340,17.373866751463797,78.44493302335515,built_up,High,40.857147,0.16229783,Cool roof,427103.9859357997,1.0,2.3413501932297943e-06,264353244.99919346,False
620,+87319+19372,17.402612840553886,78.44044144693483,built_up,High,40.8562,0.23372659,Cool roof,427038.5251716453,1.0,2.3417090989578906e-06,264780283.5243651,False
621,+87359+19356,17.38823979600884,78.47637405829744,built_up,High,40.855927,0.22230268,Cool roof,427071.26875873934,1.0,2.3415295599407763e-06,265207354.79312384,False
622,+87413+19349,17.381951589020385,78.52488308363696,built_up,Medium,40.85556,0.3555849,Cool roof,427085.5857734706,1.0,2.341451065806767e-06,265634440.3788973,False
623,+87374+19340,17.373866751463797,78.48984878755842,built_up,High,40.85388,0.22602409,Cool roof,427103.9859357997,1.0,2.3413501932297943e-06,266061544.36483312,False
624,+87372+19406,17.433155560212104,78.48805215699028,built_up,High,40.852753,0.19216597,Cool roof,426968.857366884,1.0,2.3420911917721534e-06,266488513.2222,False
625,+87374+19358,17.39003642657697,78.48984878755842,built_up,High,40.851074,0.20726928,Cool roof,427067.17725461826,1.0,2.34155199289361e-06,266915580.39945462,False
626,+87358+19353,17.385544850156645,78.47547574301338,built_up,High,40.84842,0.17225787,Cool roof,427077.40524118865,1.0,2.3414959155595174e-06,267342657.8046958,False
627,+87392+19405,17.43225724492804,78.50601846267159,built_up,High,40.844574,0.24480899,Cool roof,426970.90812192473,1.0,2.3420799426326314e-06,267769628.71281773,False
628,+87325+19342,17.375663382031927,78.44583133863922,built_up,High,40.84366,0.20444413,Cool roof,427099.8977330211,1.0,2.341372604647864e-06,268196728.61055076,False
629,+87383+19355,17.387341480724775,78.497933625115,built_up,High,40.842163,0.24555011,Cool roof,427073.3143560538,1.0,2.341518344473974e-06,268623801.9249068,False
630,+87391+19406,17.433155560212104,78.50512014738753,built_up,High,40.842133,0.17788884,Cool roof,426968.857366884,1.0,2.3420911917721534e-06,269050770.78227365,False
631,+87350+19350,17.38284990430445,78.46828922074084,built_up,High,40.84134,0.15441206,Cool roof,427083.5407951495,1.0,2.3414622772354733e-06,269477854.3230688,False
632,+87375+19358,17.39003642657697,78.49074710284248,built_up,High,40.840607,0.1558249,Cool roof,427067.17725461826,1.0,2.34155199289361e-06,269904921.5003234,False
633,+87316+19342,17.375663382031927,78.43774650108263,built_up,Medium,40.839935,0.27751288,Cool roof,427099.8977330211,1.0,2.341372604647864e-06,270332021.39805645,False
634,+87390+19406,17.433155560212104,78.50422183210345,built_up,High,40.839874,0.14273413,Cool roof,426968.857366884,1.0,2.3420911917721534e-06,270758990.2554233,False
635,+87406+19352,17.38464653487258,78.5185948766485,built_up,Medium,40.83963,0.2839843,Cool roof,427079.4505290082,1.0,2.341484702111833e-06,271186069.7059523,False
636,+87368+19345,17.378358327884122,78.48445889585402,built_up,High,40.839203,0.24132688,Cool roof,427093.76465508126,1.0,2.341406226821398e-06,271613163.47060734,False
637,+87362+19352,17.38464653487258,78.47906900414964,built_up,High,40.838837,0.16108836,Cool roof,427079.4505290082,1.0,2.341484702111833e-06,272040242.9211363,False
638,+87373+19358,17.39003642657697,78.48895047227435,built_up,High,40.837036,0.14768702,Cool roof,427067.17725461826,1.0,2.34155199289361e-06,272467310.09839094,False
639,+87379+19344,17.377460012600057,78.49434036397874,built_up,High,40.836884,0.20431843,Cool roof,427095.80911756353,1.0,2.3413950187573424e-06,272894405.9075085,False
640,+87412+19350,17.38284990430445,78.52398476835289,built_up,High,40.836273,0.19717306,Cool roof,427083.5407951495,1.0,2.3414622772354733e-06,273321489.44830364,False
641,+87353+19354,17.38644316544071,78.47098416659304,built_up,High,40.835754,0.2107438,Cool roof,427075.35985020373,1.0,2.3415071296802258e-06,273748564.80815387,False
642,+87325+19341,17.374765066747862,78.44583133863922,built_up,High,40.834686,0.17440605,Cool roof,427101.94188599556,1.0,2.3413613986024103e-06,274175666.7500399,False
643,+87344+19345,17.378358327884122,78.46289932903646,built_up,High,40.83249,0.1918706,Cool roof,427093.76465508126,1.0,2.341406226821398e-06,274602760.5146949,False
644,+87385+19405,17.43225724492804,78.49973025568313,built_up,High,40.83206,0.15579447,Cool roof,426970.90812192473,1.0,2.3420799426326314e-06,275029731.4228169,False
645,+87314+19375,17.40530778640608,78.4359498705145,built_up,High,40.831635,0.19149157,Cool roof,427032.38280901685,1.0,2.3417427817113192e-06,275456763.8056259,False
646,+87398+19356,17.38823979600884,78.51140835437599,built_up,High,40.830658,0.21676739,Cool roof,427071.26875873934,1.0,2.3415295599407763e-06,275883835.0743846,False
647,+87366+19347,17.380154958452252,78.4826622652859,built_up,Medium,40.830505,0.2975422,Cool roof,427089.6754206114,1.0,2.341428644968222e-06,276310924.7498052,False
648,+87346+19359,17.390934741861038,78.46469595960458,built_up,High,40.83029,0.19389619,Cool roof,427065.1313478123,1.0,2.3415632103796727e-06,276737989.88115305,False
649,+87387+19408,17.434952190780233,78.50152688625127,built_up,High,40.830048,0.17506662,Cool roof,426964.7555473694,1.0,2.3421136920727768e-06,277164954.6367004,False
650,+87322+19375,17.40530778640608,78.44313639278703,built_up,High,40.828583,0.17540887,Cool roof,427032.38280901685,1.0,2.3417427817113192e-06,277591987.01950943,False
651,+87337+19355,17.387341480724775,78.456611122048,built_up,High,40.828094,0.17573224,Cool roof,427073.3143560538,1.0,2.341518344473974e-06,278019060.33386546,False
652,+87404+19350,17.38284990430445,78.51679824608037,built_up,High,40.8273,0.22072615,Cool roof,427083.5407951495,1.0,2.3414622772354733e-06,278446143.8746606,False
653,+87374+19352,17.38464653487258,78.48984878755842,built_up,High,40.825836,0.20042779,Cool roof,427079.4505290082,1.0,2.341484702111833e-06,278873223.3251896,False
654,+87391+19373,17.40351115583795,78.50512014738753,built_up,High,40.825745,0.24832389,Cool roof,427036.4778205931,1.0,2.341720325869025e-06,279300259.80301017,False
655,+87372+19341,17.374765066747862,78.48805215699028,built_up,High,40.8255,0.17707965,Cool roof,427101.94188599556,1.0,2.3413613986024103e-06,279727361.7448962,False
656,+87315+19385,17.414290939246733,78.43684818579857,built_up,High,40.824066,0.15966952,Cool roof,427011.90156179626,1.0,2.3418551013273855e-06,280154373.64645797,False
657,+87392+19345,17.378358327884122,78.50601846267159,built_up,Medium,40.82376,0.28615844,Cool roof,427093.76465508126,1.0,2.341406226821398e-06,280581467.411113,False
658,+87374+19341,17.374765066747862,78.48984878755842,built_up,Medium,40.822723,0.2982737,Cool roof,427101.94188599556,1.0,2.3413613986024103e-06,281008569.35299903,False
659,+87360+19357,17.389138111292905,78.4772723735815,built_up,High,40.819885,0.1879194,Cool roof,427069.2230582606,1.0,2.3415407760806503e-06,281435638.5760573,False
660,+87378+19356,17.38823979600884,78.49344204869467,built_up,High,40.81961,0.1453246,Cool roof,427071.26875873934,1.0,2.3415295599407763e-06,281862709.844816,False
661,+87408+19351,17.383748219588515,78.52039150721663,built_up,High,40.81894,0.14812332,Cool roof,427081.4957136619,1.0,2.341473489337157e-06,282289791.3405297,False
662,+87386+19383,17.412494308678603,78.5006285709672,built_up,High,40.818756,0.18898733,Cool roof,427015.99863647495,1.0,2.341832632016476e-06,282716807.33916616,False
663,+87329+19356,17.38823979600884,78.44942459977548,built_up,High,40.816315,0.1597373,Cool roof,427071.26875873934,1.0,2.3415295599407763e-06,283143878.6079249,False
664,+87356+19340,17.373866751463797,78.47367911244524,built_up,High,40.816193,0.19546528,Cool roof,427103.9859357997,1.0,2.3413501932297943e-06,283570982.5938607,False
665,+87318+19373,17.40351115583795,78.43954313165077,built_up,High,40.81613,0.16850282,Cool roof,427036.4778205931,1.0,2.341720325869025e-06,283998019.07168126,False
666,+87394+19340,17.373866751463797,78.50781509323971,built_up,High,40.8143,0.19724749,Cool roof,427103.9859357997,1.0,2.3413501932297943e-06,284425123.05761707,False
667,+87371+19416,17.442138713052756,78.48715384170622,built_up,High,40.81314,0.15977778,Cool roof,426948.3441435965,1.0,2.342203720231944e-06,284852071.40176064,False
668,+87370+19406,17.433155560212104,78.48625552642216,built_up,High,40.81302,0.26705953,Cool roof,426968.857366884,1.0,2.3420911917721534e-06,285279040.2591275,False
669,+87327+19361,17.392731372429168,78.44762796920735,built_up,Medium,40.8118,0.27924702,Cool roof,427061.0392247119,1.0,2.3415856473711663e-06,285706101.2983522,False
670,+87351+19356,17.38823979600884,78.46918753602492,built_up,Medium,40.810455,0.27555227,Cool roof,427071.26875873934,1.0,2.3415295599407763e-06,286133172.5671109,False
671,+87358+19351,17.383748219588515,78.47547574301338,built_up,High,40.810455,0.18381539,Cool roof,427081.4957136619,1.0,2.341473489337157e-06,286560254.06282455,False
672,+87359+19344,17.377460012600057,78.47637405829744,built_up,High,40.810028,0.16186652,Cool roof,427095.80911756353,1.0,2.3413950187573424e-06,286987349.8719421,False
673,+87343+19347,17.380154958452252,78.4620010137524,built_up,High,40.8096,0.1672651,Cool roof,427089.6754206114,1.0,2.341428644968222e-06,287414439.5473627,False
674,+87324+19352,17.38464653487258,78.44493302335515,built_up,High,40.80899,0.14767449,Cool roof,427079.4505290082,1.0,2.341484702111833e-06,287841518.99789166,False
675,+87339+19356,17.38823979600884,78.45840775261613,built_up,High,40.80887,0.1815297,Cool roof,427071.26875873934,1.0,2.3415295599407763e-06,288268590.2666504,False
676,+87377+19356,17.38823979600884,78.49254373341061,built_up,High,40.80844,0.17356531,Cool roof,427071.26875873934,1.0,2.3415295599407763e-06,288695661.5354091,False
677,+87325+19343,17.376561697315992,78.44583133863922,built_up,High,40.808014,0.23906693,Cool roof,427097.85347687715,1.0,2.3413838113661685e-06,289122759.388886,False
678,+87372+19416,17.442138713052756,78.48805215699028,built_up,High,40.807312,0.18648829,Cool roof,426948.3441435965,1.0,2.342203720231944e-06,289549707.73302954,False
679,+87386+19407,17.43405387549617,78.5006285709672,built_up,High,40.806183,0.23540117,Cool roof,426966.80650869873,1.0,2.3421024415855304e-06,289976674.53953826,False
680,+87334+19358,17.39003642657697,78.4539161761958,built_up,High,40.803467,0.16526704,Cool roof,427067.17725461826,1.0,2.34155199289361e-06,290403741.7167929,False
681,+87392+19375,17.40530778640608,78.50601846267159,built_up,Medium,40.79953,0.33252582,Cool roof,427032.38280901685,1.0,2.3417427817113192e-06,290830774.0996019,False
682,+87347+19352,17.38464653487258,78.46559427488866,built_up,High,40.799194,0.20276386,Cool roof,427079.4505290082,1.0,2.341484702111833e-06,291257853.5501309,False
683,+87405+19353,17.385544850156645,78.51769656136443,built_up,Medium,40.799103,0.2780726,Cool roof,427077.40524118865,1.0,2.3414959155595174e-06,291684930.9553721,False
684,+87364+19344,17.377460012600057,78.48086563471776,built_up,High,40.79825,0.24500203,Cool roof,427095.80911756353,1.0,2.3413950187573424e-06,292112026.76448965,False
685,+87378+19344,17.377460012600057,78.49344204869467,built_up,High,40.79785,0.251314,Cool roof,427095.80911756353,1.0,2.3413950187573424e-06,292539122.5736072,False
686,+87374+19349,17.381951589020385,78.48984878755842,built_up,High,40.797394,0.15332648,Cool roof,427085.5857734706,1.0,2.341451065806767e-06,292966208.1593807,False
687,+87350+19348,17.38105327373632,78.46828922074084,built_up,High,40.79718,0.25481617,Cool roof,427087.63064862473,1.0,2.3414398550510214e-06,293393295.7900293,False
688,+87387+19355,17.387341480724775,78.50152688625127,built_up,High,40.796906,0.1933253,Cool roof,427073.3143560538,1.0,2.341518344473974e-06,293820369.1043853,False
689,+87373+19341,17.374765066747862,78.48895047227435,built_up,High,40.795563,0.20431177,Cool roof,427101.94188599556,1.0,2.3413613986024103e-06,294247471.0462713,False
690,+87409+19353,17.385544850156645,78.5212898225007,built_up,High,40.79422,0.2058558,Cool roof,427077.40524118865,1.0,2.3414959155595174e-06,294674548.4515125,False
691,+87329+19344,17.377460012600057,78.44942459977548,built_up,High,40.794098,0.2074777,Cool roof,427095.80911756353,1.0,2.3413950187573424e-06,295101644.2606301,False
692,+87318+19374,17.404409471122015,78.43954313165077,built_up,High,40.793396,0.15647133,Cool roof,427034.4303663836,1.0,2.3417315534534955e-06,295528678.69099647,False
693,+87375+19343,17.376561697315992,78.49074710284248,built_up,High,40.793304,0.16454546,Cool roof,427097.85347687715,1.0,2.3413838113661685e-06,295955776.54447335,False
694,+87316+19343,17.376561697315992,78.43774650108263,built_up,High,40.790924,0.25260302,Cool roof,427097.85347687715,1.0,2.3413838113661685e-06,296382874.39795023,False
695,+87352+19349,17.381951589020385,78.47008585130898,built_up,High,40.790863,0.20983574,Cool roof,427085.5857734706,1.0,2.341451065806767e-06,296809959.9837237,False
696,+87346+19351,17.383748219588515,78.46469595960458,built_up,High,40.790802,0.22482587,Cool roof,427081.4957136619,1.0,2.341473489337157e-06,297237041.47943735,False
697,+87322+19371,17.40171452526982,78.44313639278703,built_up,High,40.78952,0.24840483,Cool roof,427040.5724195397,1.0,2.341697872720077e-06,297664082.0518569,False
698,+87366+19364,17.395426318281363,78.4826622652859,built_up,High,40.788544,0.15179688,Cool roof,427054.9002663456,1.0,2.341619307907063e-06,298091136.9521232,False
699,+87328+19360,17.391833057145103,78.44852628449141,built_up,High,40.78827,0.19371553,Cool roof,427063.08533784345,1.0,2.3415744285388524e-06,298518200.03746104,False
700,+87357+19356,17.38823979600884,78.4745774277293,built_up,High,40.78766,0.2183696,Cool roof,427071.26875873934,1.0,2.3415295599407763e-06,298945271.30621976,False
701,+87360+19353,17.385544850156645,78.4772723735815,built_up,High,40.787384,0.16229795,Cool roof,427077.40524118865,1.0,2.3414959155595174e-06,299372348.71146095,False
702,+87390+19405,17.43225724492804,78.50422183210345,built_up,High,40.785797,0.16178034,Cool roof,426970.90812192473,1.0,2.3420799426326314e-06,299799319.6195829,False
703,+87337+19341,17.374765066747862,78.456611122048,built_up,High,40.782806,0.16502951,Cool roof,427101.94188599556,1.0,2.3413613986024103e-06,300226421.5614689,False
704,+87338+19355,17.387341480724775,78.45750943733206,built_up,High,40.780426,0.16883107,Cool roof,427073.3143560538,1.0,2.341518344473974e-06,300653494.8758249,False
705,+87347+19340,17.373866751463797,78.46559427488866,built_up,High,40.779877,0.15013716,Cool roof,427103.9859357997,1.0,2.3413501932297943e-06,301080598.86176074,False
706,+87327+19346,17.379256643168187,78.44762796920735,built_up,High,40.77896,0.21614295,Cool roof,427091.72008943046,1.0,2.3414174355583527e-06,301507690.5818502,False
707,+87326+19407,17.43405387549617,78.44672965392328,built_up,High,40.777863,0.15493464,Cool roof,426966.80650869873,1.0,2.3421024415855304e-06,301934657.3883589,False
708,+87381+19345,17.378358327884122,78.49613699454687,built_up,High,40.775757,0.1842751,Cool roof,427093.76465508126,1.0,2.341406226821398e-06,302361751.15301394,False
709,+87327+19342,17.375663382031927,78.44762796920735,built_up,High,40.7753,0.14162402,Cool roof,427099.8977330211,1.0,2.341372604647864e-06,302788851.050747,False
710,+87377+19354,17.38644316544071,78.49254373341061,built_up,High,40.774567,0.1649127,Cool roof,427075.35985020373,1.0,2.3415071296802258e-06,303215926.4105972,False
711,+87368+19392,17.42057914623519,78.48445889585402,built_up,High,40.772064,0.265318,Cool roof,426997.55855112965,1.0,2.3419337651324247e-06,303642923.96914834,False
712,+87377+19368,17.399019579417622,78.49254373341061,built_up,High,40.77182,0.15088068,Cool roof,427046.71354427113,1.0,2.3416641980464084e-06,304069970.6826926,False
713,+87328+19351,17.383748219588515,78.44852628449141,built_up,High,40.771698,0.19948992,Cool roof,427081.4957136619,1.0,2.341473489337157e-06,304497052.17840624,False
714,+87338+19418,17.443935343620886,78.45750943733206,built_up,Medium,40.768982,0.287047,Cool roof,426944.24026124045,1.0,2.3422262340115322e-06,304923996.4186675,False
715,+87399+19358,17.39003642657697,78.51230666966005,built_up,High,40.768555,0.19088851,Cool roof,427067.17725461826,1.0,2.34155199289361e-06,305351063.5959221,False
716,+87333+19351,17.383748219588515,78.45301786091174,built_up,High,40.76834,0.18945307,Cool roof,427081.4957136619,1.0,2.341473489337157e-06,305778145.09163576,False
717,+87329+19359,17.390934741861038,78.44942459977548,built_up,High,40.76651,0.15752003,Cool roof,427065.1313478123,1.0,2.3415632103796727e-06,306205210.2229836,False
718,+87383+19387,17.416087569814863,78.497933625115,built_up,High,40.76413,0.15308948,Cool roof,427007.8040745065,1.0,2.341877573332395e-06,306632218.0270581,False
719,+87328+19343,17.376561697315992,78.44852628449141,built_up,High,40.763367,0.13429698,Cool roof,427097.85347687715,1.0,2.3413838113661685e-06,307059315.880535,False
720,+87338+19356,17.38823979600884,78.45750943733206,built_up,High,40.76288,0.16141778,Cool roof,427071.26875873934,1.0,2.3415295599407763e-06,307486387.1492937,False
721,+87371+19341,17.374765066747862,78.48715384170622,built_up,High,40.762726,0.1740007,Cool roof,427101.94188599556,1.0,2.3413613986024103e-06,307913489.0911797,False
722,+87323+19375,17.40530778640608,78.44403470807109,built_up,High,40.761322,0.1687422,Cool roof,427032.38280901685,1.0,2.3417427817113192e-06,308340521.4739888,False
723,+87324+19342,17.375663382031927,78.44493302335515,built_up,High,40.76129,0.2308206,Cool roof,427099.8977330211,1.0,2.341372604647864e-06,308767621.3717218,False
724,+87314+19344,17.377460012600057,78.4359498705145,built_up,High,40.760223,0.18224981,Cool roof,427095.80911756353,1.0,2.3413950187573424e-06,309194717.18083936,False
725,+87358+19343,17.376561697315992,78.47547574301338,built_up,High,40.757446,0.15371877,Cool roof,427097.85347687715,1.0,2.3413838113661685e-06,309621815.03431624,False
726,+87391+19404,17.431358929643974,78.50512014738753,built_up,Medium,40.756317,0.26684788,Cool roof,426972.9587738207,1.0,2.342068694166947e-06,310048787.99309003,False
727,+87374+19348,17.38105327373632,78.48984878755842,built_up,High,40.755463,0.23065303,Cool roof,427087.63064862473,1.0,2.3414398550510214e-06,310475875.62373865,False
728,+87329+19355,17.387341480724775,78.44942459977548,built_up,High,40.75537,0.1729933,Cool roof,427073.3143560538,1.0,2.341518344473974e-06,310902948.9380947,False
729,+87316+19341,17.374765066747862,78.43774650108263,built_up,High,40.755096,0.26150376,Cool roof,427101.94188599556,1.0,2.3413613986024103e-06,311330050.8799807,False
730,+87323+19374,17.404409471122015,78.44403470807109,built_up,High,40.754425,0.1805745,Cool roof,427034.4303663836,1.0,2.3417315534534955e-06,311757085.3103471,False
731,+87325+19353,17.385544850156645,78.44583133863922,built_up,High,40.753418,0.16551706,Cool roof,427077.40524118865,1.0,2.3414959155595174e-06,312184162.7155883,False
732,+87380+19357,17.389138111292905,78.49523867926281,built_up,High,40.75006,0.21117194,Cool roof,427069.2230582606,1.0,2.3415407760806503e-06,312611231.93864655,False
733,+87326+19351,17.383748219588515,78.44672965392328,built_up,High,40.749756,0.22040199,Cool roof,427081.4957136619,1.0,2.341473489337157e-06,313038313.4343602,False
734,+87373+19359,17.390934741861038,78.48895047227435,built_up,High,40.749664,0.1838837,Cool roof,427065.1313478123,1.0,2.3415632103796727e-06,313465378.56570804,False
735,+87381+19344,17.377460012600057,78.49613699454687,built_up,High,40.748993,0.16917466,Cool roof,427095.80911756353,1.0,2.3413950187573424e-06,313892474.3748256,False
736,+87343+19368,17.399019579417622,78.4620010137524,built_up,High,40.74881,0.2205703,Cool roof,427046.71354427113,1.0,2.3416641980464084e-06,314319521.08836985,False
737,+87314+19386,17.415189254530798,78.4359498705145,built_up,High,40.748383,0.16021062,Cool roof,427009.85286972753,1.0,2.34186633699312e-06,314746530.9412396,False
738,+87371+19406,17.433155560212104,78.48715384170622,built_up,High,40.748047,0.24361287,Cool roof,426968.857366884,1.0,2.3420911917721534e-06,315173499.79860646,False
739,+87390+19344,17.377460012600057,78.50422183210345,built_up,High,40.74765,0.22971268,Cool roof,427095.80911756353,1.0,2.3413950187573424e-06,315600595.607724,False
740,+87388+19404,17.431358929643974,78.50242520153533,built_up,High,40.74292,0.26068348,Cool roof,426972.9587738207,1.0,2.342068694166947e-06,316027568.5664978,False
741,+87361+19355,17.387341480724775,78.47817068886556,built_up,High,40.74228,0.23882142,Cool roof,427073.3143560538,1.0,2.341518344473974e-06,316454641.88085383,False
742,+87324+19343,17.376561697315992,78.44493302335515,built_up,High,40.7399,0.17491597,Cool roof,427097.85347687715,1.0,2.3413838113661685e-06,316881739.7343307,False
743,+87336+19364,17.395426318281363,78.45571280676394,built_up,Medium,40.739807,0.30081207,Cool roof,427054.9002663456,1.0,2.341619307907063e-06,317308794.63459706,False
744,+87335+19344,17.377460012600057,78.45481449147987,built_up,High,40.734894,0.16454187,Cool roof,427095.80911756353,1.0,2.3413950187573424e-06,317735890.4437146,False
745,+87371+19342,17.375663382031927,78.48715384170622,built_up,High,40.73465,0.1703507,Cool roof,427099.8977330211,1.0,2.341372604647864e-06,318162990.34144765,False
746,+87380+19408,17.434952190780233,78.49523867926281,built_up,High,40.73355,0.15118274,Cool roof,426964.7555473694,1.0,2.3421136920727768e-06,318589955.096995,False
747,+87340+19356,17.38823979600884,78.4593060679002,built_up,High,40.733368,0.18711136,Cool roof,427071.26875873934,1.0,2.3415295599407763e-06,319017026.3657537,False
748,+87330+19358,17.39003642657697,78.45032291505954,built_up,High,40.731842,0.24211493,Cool roof,427067.17725461826,1.0,2.34155199289361e-06,319444093.5430083,False
749,+87331+19356,17.38823979600884,78.4512212303436,built_up,High,40.73166,0.16875122,Cool roof,427071.26875873934,1.0,2.3415295599407763e-06,319871164.81176704,False
750,+87356+19351,17.383748219588515,78.47367911244524,built_up,High,40.729492,0.22357096,Cool roof,427081.4957136619,1.0,2.341473489337157e-06,320298246.3074807,False
751,+87322+19376,17.406206101690145,78.44313639278703,built_up,High,40.72943,0.16984624,Cool roof,427030.3351484935,1.0,2.34175401064251e-06,320725276.6426292,False
752,+87356+19341,17.374765066747862,78.47367911244524,built_up,High,40.72696,0.20574756,Cool roof,427101.94188599556,1.0,2.3413613986024103e-06,321152378.5845152,False
753,+87378+19417,17.44303702833682,78.49344204869467,built_up,High,40.72583,0.26039758,Cool roof,426946.29225398856,1.0,2.3422149767847243e-06,321579324.8767692,False
754,+87364+19348,17.38105327373632,78.48086563471776,built_up,High,40.724884,0.17766312,Cool roof,427087.63064862473,1.0,2.3414398550510214e-06,322006412.5074178,False
755,+87314+19351,17.383748219588515,78.4359498705145,built_up,Medium,40.723663,0.26668304,Cool roof,427081.4957136619,1.0,2.341473489337157e-06,322433494.00313145,False
756,+87374+19359,17.390934741861038,78.48984878755842,built_up,High,40.722992,0.17429,Cool roof,427065.1313478123,1.0,2.3415632103796727e-06,322860559.1344793,False
757,+87383+19392,17.42057914623519,78.497933625115,built_up,High,40.71927,0.19562167,Cool roof,426997.55855112965,1.0,2.3419337651324247e-06,323287556.6930304,False
758,+87359+19347,17.380154958452252,78.47637405829744,built_up,High,40.71878,0.1386616,Cool roof,427089.6754206114,1.0,2.341428644968222e-06,323714646.368451,False
759,+87352+19354,17.38644316544071,78.47008585130898,built_up,High,40.71701,0.22187555,Cool roof,427075.35985020373,1.0,2.3415071296802258e-06,324141721.7283012,False
760,+87317+19369,17.399917894701687,78.43864481636669,built_up,Medium,40.71463,0.3830419,Cool roof,427044.66660585295,1.0,2.3416754222643517e-06,324568766.39490706,False
761,+87382+19376,17.406206101690145,78.49703530983093,built_up,High,40.71292,0.1519238,Cool roof,427030.3351484935,1.0,2.34175401064251e-06,324995796.7300556,False
762,+87359+19414,17.440342082484626,78.47637405829744,built_up,Medium,40.71237,0.27412,Cool roof,426952.4476133907,1.0,2.3421812091483994e-06,325422749.177669,False
763,+87393+19404,17.431358929643974,78.50691677795565,built_up,High,40.711945,0.23918873,Cool roof,426972.9587738207,1.0,2.342068694166947e-06,325849722.1364428,False
764,+87362+19346,17.379256643168187,78.47906900414964,built_up,High,40.71045,0.21902184,Cool roof,427091.72008943046,1.0,2.3414174355583527e-06,326276813.8565322,False
765,+87407+19350,17.38284990430445,78.51949319193257,built_up,High,40.70993,0.14007089,Cool roof,427083.5407951495,1.0,2.3414622772354733e-06,326703897.39732736,False
766,+87359+19413,17.439443767200558,78.47637405829744,built_up,Medium,40.70935,0.26837814,Cool roof,426954.49919357605,1.0,2.342169954617604e-06,327130851.8965209,False
767,+87358+19356,17.38823979600884,78.47547574301338,built_up,High,40.708282,0.15103608,Cool roof,427071.26875873934,1.0,2.3415295599407763e-06,327557923.1652796,False
768,+87382+19407,17.43405387549617,78.49703530983093,built_up,High,40.706482,0.20156588,Cool roof,426966.80650869873,1.0,2.3421024415855304e-06,327984889.97178835,False
769,+87409+19390,17.418782515667058,78.5212898225007,built_up,High,40.70633,0.23572603,Cool roof,427001.65706993314,1.0,2.341911286391619e-06,328411891.62885827,False
770,+87341+19356,17.38823979600884,78.46020438318426,built_up,High,40.70352,0.14334303,Cool roof,427071.26875873934,1.0,2.3415295599407763e-06,328838962.897617,False
771,+87389+19356,17.38823979600884,78.50332351681939,built_up,High,40.703033,0.20151591,Cool roof,427071.26875873934,1.0,2.3415295599407763e-06,329266034.1663757,False
772,+87381+19391,17.419680830951123,78.49613699454687,built_up,High,40.7023,0.16660091,Cool roof,426999.6078621065,1.0,2.3419225254252125e-06,329693033.7742378,False
773,+87318+19371,17.40171452526982,78.43954313165077,built_up,Medium,40.70224,0.40921968,Cool roof,427040.5724195397,1.0,2.341697872720077e-06,330120074.34665734,False
774,+87408+19361,17.392731372429168,78.52039150721663,built_up,High,40.702118,0.17428373,Cool roof,427061.0392247119,1.0,2.3415856473711663e-06,330547135.385882,False
775,+87333+19342,17.375663382031927,78.45301786091174,built_up,High,40.701782,0.21430784,Cool roof,427099.8977330211,1.0,2.341372604647864e-06,330974235.28361505,False
776,+87370+19405,17.43225724492804,78.48625552642216,built_up,High,40.697235,0.21330073,Cool roof,426970.90812192473,1.0,2.3420799426326314e-06,331401206.191737,False
777,+87335+19343,17.376561697315992,78.45481449147987,built_up,High,40.697113,0.22751507,Cool roof,427097.85347687715,1.0,2.3413838113661685e-06,331828304.0452139,False
778,+87405+19352,17.38464653487258,78.51769656136443,built_up,Medium,40.69699,0.26648653,Cool roof,427079.4505290082,1.0,2.341484702111833e-06,332255383.49574286,False
779,+87370+19341,17.374765066747862,78.48625552642216,built_up,High,40.696503,0.1572762,Cool roof,427101.94188599556,1.0,2.3413613986024103e-06,332682485.43762887,False
780,+87326+19343,17.376561697315992,78.44672965392328,built_up,High,40.69626,0.1982055,Cool roof,427097.85347687715,1.0,2.3413838113661685e-06,333109583.29110575,False
781,+87363+19348,17.38105327373632,78.4799673194337,built_up,High,40.695282,0.18562394,Cool roof,427087.63064862473,1.0,2.3414398550510214e-06,333536670.92175436,False
782,+87326+19353,17.385544850156645,78.44672965392328,built_up,High,40.694122,0.16501781,Cool roof,427077.40524118865,1.0,2.3414959155595174e-06,333963748.32699555,False
783,+87390+19343,17.376561697315992,78.50422183210345,built_up,High,40.69229,0.17640483,Cool roof,427097.85347687715,1.0,2.3413838113661685e-06,334390846.18047243,False
784,+87386+19340,17.373866751463797,78.5006285709672,built_up,High,40.692078,0.17385553,Cool roof,427103.9859357997,1.0,2.3413501932297943e-06,334817950.16640824,False
785,+87372+19342,17.375663382031927,78.48805215699028,built_up,High,40.69098,0.1672546,Cool roof,427099.8977330211,1.0,2.341372604647864e-06,335245050.0641413,False
786,+87391+19405,17.43225724492804,78.50512014738753,built_up,High,40.69034,0.24447556,Cool roof,426970.90812192473,1.0,2.3420799426326314e-06,335672020.9722632,False
787,+87405+19360,17.391833057145103,78.51769656136443,built_up,High,40.68976,0.18631873,Cool roof,427063.08533784345,1.0,2.3415744285388524e-06,336099084.05760103,False
788,+87328+19345,17.378358327884122,78.44852628449141,built_up,High,40.684723,0.15228197,Cool roof,427093.76465508126,1.0,2.341406226821398e-06,336526177.8222561,False
789,+87397+19360,17.391833057145103,78.51051003909191,built_up,High,40.68445,0.22558132,Cool roof,427063.08533784345,1.0,2.3415744285388524e-06,336953240.9075939,False
790,+87339+19357,17.389138111292905,78.45840775261613,built_up,High,40.684235,0.19796339,Cool roof,427069.2230582606,1.0,2.3415407760806503e-06,337380310.1306522,False
791,+87322+19347,17.380154958452252,78.44313639278703,built_up,High,40.683014,0.24450997,Cool roof,427089.6754206114,1.0,2.341428644968222e-06,337807399.8060728,False
792,+87382+19358,17.39003642657697,78.49703530983093,built_up,High,40.68222,0.18491994,Cool roof,427067.17725461826,1.0,2.34155199289361e-06,338234466.9833274,False
793,+87334+19354,17.38644316544071,78.4539161761958,built_up,High,40.679413,0.17099594,Cool roof,427075.35985020373,1.0,2.3415071296802258e-06,338661542.3431776,False
794,+87326+19347,17.380154958452252,78.44672965392328,built_up,High,40.67923,0.18780845,Cool roof,427089.6754206114,1.0,2.341428644968222e-06,339088632.0185982,False
795,+87409+19402,17.42956229907584,78.5212898225007,built_up,Medium,40.679108,0.31543383,Cool roof,426977.0597681764,1.0,2.3420461992570315e-06,339515609.0783664,False
796,+87323+19348,17.38105327373632,78.44403470807109,built_up,High,40.67868,0.18803965,Cool roof,427087.63064862473,1.0,2.3414398550510214e-06,339942696.709015,False
797,+87352+19356,17.38823979600884,78.47008585130898,built_up,High,40.67569,0.23998702,Cool roof,427071.26875873934,1.0,2.3415295599407763e-06,340369767.9777737,False
798,+87327+19360,17.391833057145103,78.44762796920735,built_up,High,40.67447,0.18721613,Cool roof,427063.08533784345,1.0,2.3415744285388524e-06,340796831.06311154,False
799,+87382+19348,17.38105327373632,78.49703530983093,built_up,High,40.67343,0.20476617,Cool roof,427087.63064862473,1.0,2.3414398550510214e-06,341223918.69376016,False
800,+87398+19364,17.395426318281363,78.51140835437599,built_up,Medium,40.672394,0.2636848,Cool roof,427054.9002663456,1.0,2.341619307907063e-06,341650973.5940265,False
801,+87342+19349,17.381951589020385,78.46110269846832,built_up,High,40.6716,0.23613349,Cool roof,427085.5857734706,1.0,2.341451065806767e-06,342078059.1798,False
802,+87339+19421,17.44663028947308,78.45840775261613,built_up,High,40.67093,0.25806677,Cool roof,426938.0836641594,1.0,2.3422600097362737e-06,342504997.26346415,False
803,+87364+19357,17.389138111292905,78.48086563471776,built_up,Medium,40.66797,0.31620473,Cool roof,427069.2230582606,1.0,2.3415407760806503e-06,342932066.48652244,False
804,+87410+19348,17.38105327373632,78.52218813778477,built_up,Medium,40.667633,0.351497,Cool roof,427087.63064862473,1.0,2.3414398550510214e-06,343359154.11717105,False
805,+87356+19342,17.375663382031927,78.47367911244524,built_up,High,40.664703,0.14871004,Cool roof,427099.8977330211,1.0,2.341372604647864e-06,343786254.0149041,False
806,+87400+19359,17.390934741861038,78.51320498494411,built_up,High,40.663605,0.20968768,Cool roof,427065.1313478123,1.0,2.3415632103796727e-06,344213319.1462519,False
807,+87378+19342,17.375663382031927,78.49344204869467,built_up,High,40.663177,0.13805652,Cool roof,427099.8977330211,1.0,2.341372604647864e-06,344640419.04398495,False
808,+87394+19359,17.390934741861038,78.50781509323971,built_up,High,40.663177,0.14840253,Cool roof,427065.1313478123,1.0,2.3415632103796727e-06,345067484.1753328,False
809,+87318+19370,17.400816209985756,78.43954313165077,built_up,Medium,40.662415,0.41511238,Cool roof,427042.6195642755,1.0,2.3416866471555702e-06,345494526.7948971,False
810,+87357+19343,17.376561697315992,78.4745774277293,built_up,High,40.662262,0.18107413,Cool roof,427097.85347687715,1.0,2.3413838113661685e-06,345921624.64837396,False
811,+87330+19356,17.38823979600884,78.45032291505954,built_up,High,40.661316,0.17235865,Cool roof,427071.26875873934,1.0,2.3415295599407763e-06,346348695.9171327,False
812,+87345+19389,17.417884200382993,78.46379764432052,built_up,High,40.66028,0.1576244,Cool roof,427003.7061746089,1.0,2.3419000480316284e-06,346775699.6233073,False
813,+87333+19355,17.387341480724775,78.45301786091174,built_up,High,40.660126,0.15396097,Cool roof,427073.3143560538,1.0,2.341518344473974e-06,347202772.9376633,False
814,+87316+19373,17.40351115583795,78.43774650108263,built_up,High,40.658783,0.25640386,Cool roof,427036.4778205931,1.0,2.341720325869025e-06,347629809.4154839,False
815,+87357+19344,17.377460012600057,78.4745774277293,built_up,High,40.658478,0.13592874,Cool roof,427095.80911756353,1.0,2.3413950187573424e-06,348056905.22460145,False
816,+87381+19376,17.406206101690145,78.49613699454687,built_up,High,40.657074,0.123322316,Cool roof,427030.3351484935,1.0,2.34175401064251e-06,348483935.55974996,False
817,+87348+19354,17.38644316544071,78.46649259017272,built_up,High,40.655853,0.24495214,Cool roof,427075.35985020373,1.0,2.3415071296802258e-06,348911010.9196002,False
818,+87370+19356,17.38823979600884,78.48625552642216,built_up,High,40.654938,0.19581382,Cool roof,427071.26875873934,1.0,2.3415295599407763e-06,349338082.1883589,False
819,+87383+19340,17.373866751463797,78.497933625115,built_up,High,40.654938,0.15068914,Cool roof,427103.9859357997,1.0,2.3413501932297943e-06,349765186.1742947,False
820,+87324+19375,17.40530778640608,78.44493302335515,built_up,High,40.654022,0.15066244,Cool roof,427032.38280901685,1.0,2.3417427817113192e-06,350192218.55710375,False
821,+87343+19345,17.378358327884122,78.4620010137524,built_up,High,40.653473,0.16207322,Cool roof,427093.76465508126,1.0,2.341406226821398e-06,350619312.3217588,False
822,+87347+19341,17.374765066747862,78.46559427488866,built_up,High,40.65262,0.17671528,Cool roof,427101.94188599556,1.0,2.3413613986024103e-06,351046414.2636448,False
823,+87370+19384,17.413392623962668,78.48625552642216,built_up,High,40.651978,0.23737904,Cool roof,427013.9501507122,1.0,2.341843866335176e-06,351473428.21379554,False
824,+87358+19350,17.38284990430445,78.47547574301338,built_up,High,40.65164,0.19989483,Cool roof,427083.5407951495,1.0,2.3414622772354733e-06,351900511.7545907,False
825,+87383+19358,17.39003642657697,78.497933625115,built_up,High,40.651306,0.22058141,Cool roof,427067.17725461826,1.0,2.34155199289361e-06,352327578.9318453,False
826,+87338+19344,17.377460012600057,78.45750943733206,built_up,High,40.651245,0.20662943,Cool roof,427095.80911756353,1.0,2.3413950187573424e-06,352754674.74096286,False
827,+87314+19385,17.414290939246733,78.4359498705145,built_up,High,40.650604,0.19638665,Cool roof,427011.90156179626,1.0,2.3418551013273855e-06,353181686.64252466,False
828,+87364+19364,17.395426318281363,78.48086563471776,built_up,High,40.650604,0.1810991,Cool roof,427054.9002663456,1.0,2.341619307907063e-06,353608741.542791,False
829,+87338+19354,17.38644316544071,78.45750943733206,built_up,High,40.650543,0.18662885,Cool roof,427075.35985020373,1.0,2.3415071296802258e-06,354035816.90264124,False
830,+87402+19360,17.391833057145103,78.51500161551225,built_up,Medium,40.64975,0.2987656,Cool roof,427063.08533784345,1.0,2.3415744285388524e-06,354462879.98797905,False
831,+87366+19354,17.38644316544071,78.4826622652859,built_up,High,40.64966,0.21427107,Cool roof,427075.35985020373,1.0,2.3415071296802258e-06,354889955.3478293,False
832,+87394+19352,17.38464653487258,78.50781509323971,built_up,High,40.649414,0.1830523,Cool roof,427079.4505290082,1.0,2.341484702111833e-06,355317034.79835826,False
833,+87364+19365,17.396324633565428,78.48086563471776,built_up,High,40.649017,0.17254585,Cool roof,427052.85374056763,1.0,2.341630529432066e-06,355744087.65209883,False
834,+87388+19405,17.43225724492804,78.50242520153533,built_up,High,40.647797,0.18305445,Cool roof,426970.90812192473,1.0,2.3420799426326314e-06,356171058.5602208,False
835,+87346+19355,17.387341480724775,78.46469595960458,built_up,High,40.64615,0.1661148,Cool roof,427073.3143560538,1.0,2.341518344473974e-06,356598131.8745768,False
836,+87383+19356,17.38823979600884,78.497933625115,built_up,Medium,40.643707,0.33936444,Cool roof,427071.26875873934,1.0,2.3415295599407763e-06,357025203.1433355,False
837,+87374+19351,17.383748219588515,78.48984878755842,built_up,High,40.64209,0.17662834,Cool roof,427081.4957136619,1.0,2.341473489337157e-06,357452284.6390492,False
838,+87336+19357,17.389138111292905,78.45571280676394,built_up,High,40.640778,0.20349929,Cool roof,427069.2230582606,1.0,2.3415407760806503e-06,357879353.86210746,False
839,+87363+19343,17.376561697315992,78.4799673194337,built_up,High,40.640472,0.19027272,Cool roof,427097.85347687715,1.0,2.3413838113661685e-06,358306451.71558434,False
840,+87400+19417,17.44303702833682,78.51320498494411,built_up,High,40.637726,0.19961777,Cool roof,426946.29225398856,1.0,2.3422149767847243e-06,358733398.0078383,False
841,+87334+19351,17.383748219588515,78.4539161761958,built_up,High,40.636322,0.21170206,Cool roof,427081.4957136619,1.0,2.341473489337157e-06,359160479.50355196,False
842,+87355+19346,17.379256643168187,78.47278079716118,built_up,High,40.634644,0.18661673,Cool roof,427091.72008943046,1.0,2.3414174355583527e-06,359587571.2236414,False
843,+87362+19355,17.387341480724775,78.47906900414964,built_up,High,40.634033,0.20343637,Cool roof,427073.3143560538,1.0,2.341518344473974e-06,360014644.5379974,False
844,+87334+19350,17.38284990430445,78.4539161761958,built_up,High,40.632477,0.2537254,Cool roof,427083.5407951495,1.0,2.3414622772354733e-06,360441728.0787926,False
845,+87321+19346,17.379256643168187,78.44223807750296,built_up,High,40.631622,0.21936797,Cool roof,427091.72008943046,1.0,2.3414174355583527e-06,360868819.798882,False
846,+87324+19362,17.393629687713233,78.44493302335515,built_up,High,40.631134,0.18098915,Cool roof,427058.9930084181,1.0,2.3415968668766287e-06,361295878.79189044,False
847,+87364+19360,17.391833057145103,78.48086563471776,built_up,High,40.630646,0.2311361,Cool roof,427063.08533784345,1.0,2.3415744285388524e-06,361722941.87722826,False
848,+87367+19364,17.395426318281363,78.48356058056996,built_up,High,40.63028,0.16423883,Cool roof,427054.9002663456,1.0,2.341619307907063e-06,362149996.7774946,False
849,+87318+19341,17.374765066747862,78.43954313165077,built_up,High,40.62973,0.21782343,Cool roof,427101.94188599556,1.0,2.3413613986024103e-06,362577098.7193806,False
850,+87395+19352,17.38464653487258,78.50871340852379,built_up,Medium,40.629303,0.26468223,Cool roof,427079.4505290082,1.0,2.341484702111833e-06,363004178.1699096,False
851,+87409+19359,17.390934741861038,78.5212898225007,built_up,Medium,40.627655,0.26704484,Cool roof,427065.1313478123,1.0,2.3415632103796727e-06,363431243.30125743,False
852,+87352+19346,17.379256643168187,78.47008585130898,built_up,High,40.627594,0.14986648,Cool roof,427091.72008943046,1.0,2.3414174355583527e-06,363858335.02134687,False
853,+87350+19356,17.38823979600884,78.46828922074084,built_up,High,40.62735,0.23833658,Cool roof,427071.26875873934,1.0,2.3415295599407763e-06,364285406.2901056,False
854,+87393+19352,17.38464653487258,78.50691677795565,built_up,High,40.625458,0.18091899,Cool roof,427079.4505290082,1.0,2.341484702111833e-06,364712485.74063456,False
855,+87343+19366,17.397222948849492,78.4620010137524,built_up,High,40.625427,0.1537676,Cool roof,427050.8071116288,1.0,2.3416417516302816e-06,365139536.5477462,False
856,+87404+19379,17.40890104754234,78.51679824608037,built_up,High,40.624786,0.22713327,Cool roof,427024.1915479869,1.0,2.3417877014764513e-06,365566560.7392942,False
857,+87388+19358,17.39003642657697,78.50242520153533,built_up,Medium,40.623016,0.28628975,Cool roof,427067.17725461826,1.0,2.34155199289361e-06,365993627.9165488,False
858,+87389+19404,17.431358929643974,78.50332351681939,built_up,Medium,40.622955,0.27198693,Cool roof,426972.9587738207,1.0,2.342068694166947e-06,366420600.8753226,False
859,+87349+19358,17.39003642657697,78.46739090545678,built_up,High,40.62265,0.17489591,Cool roof,427067.17725461826,1.0,2.34155199289361e-06,366847668.0525772,False
860,+87313+19348,17.38105327373632,78.43505155523043,built_up,High,40.618988,0.18634968,Cool roof,427087.63064862473,1.0,2.3414398550510214e-06,367274755.6832258,False
861,+87344+19350,17.38284990430445,78.46289932903646,built_up,High,40.618286,0.19218656,Cool roof,427083.5407951495,1.0,2.3414622772354733e-06,367701839.22402096,False
862,+87375+19399,17.426867353223646,78.49074710284248,built_up,Medium,40.617676,0.28425258,Cool roof,426983.2104861137,1.0,2.3420124619455547e-06,368128822.4345071,False
863,+87401+19360,17.391833057145103,78.51410330022817,built_up,Medium,40.617554,0.28871164,Cool roof,427063.08533784345,1.0,2.3415744285388524e-06,368555885.5198449,False
864,+87392+19376,17.406206101690145,78.50601846267159,built_up,Medium,40.616943,0.319962,Cool roof,427030.3351484935,1.0,2.34175401064251e-06,368982915.8549934,False
865,+87374+19406,17.433155560212104,78.48984878755842,built_up,High,40.616455,0.14780004,Cool roof,426968.857366884,1.0,2.3420911917721534e-06,369409884.71236026,False
866,+87402+19361,17.392731372429168,78.51500161551225,built_up,High,40.61438,0.22648717,Cool roof,427061.0392247119,1.0,2.3415856473711663e-06,369836945.75158495,False
867,+87372+19402,17.42956229907584,78.48805215699028,built_up,High,40.613922,0.18547179,Cool roof,426977.0597681764,1.0,2.3420461992570315e-06,370263922.81135315,False
868,+87340+19357,17.389138111292905,78.4593060679002,built_up,High,40.61313,0.2061726,Cool roof,427069.2230582606,1.0,2.3415407760806503e-06,370690992.03441143,False
869,+87382+19373,17.40351115583795,78.49703530983093,built_up,High,40.61261,0.22739814,Cool roof,427036.4778205931,1.0,2.341720325869025e-06,371118028.512232,False
870,+87410+19350,17.38284990430445,78.52218813778477,built_up,High,40.61197,0.17650956,Cool roof,427083.5407951495,1.0,2.3414622772354733e-06,371545112.05302715,False
871,+87368+19391,17.419680830951123,78.48445889585402,built_up,Medium,40.61145,0.3425946,Cool roof,426999.6078621065,1.0,2.3419225254252125e-06,371972111.66088927,False
872,+87396+19352,17.38464653487258,78.50961172380785,built_up,High,40.611176,0.2335928,Cool roof,427079.4505290082,1.0,2.341484702111833e-06,372399191.11141825,False
873,+87391+19407,17.43405387549617,78.50512014738753,built_up,High,40.609833,0.20125335,Cool roof,426966.80650869873,1.0,2.3421024415855304e-06,372826157.91792697,False
874,+87313+19376,17.406206101690145,78.43505155523043,built_up,High,40.608917,0.22216673,Cool roof,427030.3351484935,1.0,2.34175401064251e-06,373253188.2530755,False
875,+87359+19354,17.38644316544071,78.47637405829744,built_up,High,40.608673,0.20340458,Cool roof,427075.35985020373,1.0,2.3415071296802258e-06,373680263.6129257,False
876,+87361+19346,17.379256643168187,78.47817068886556,built_up,High,40.6084,0.18518099,Cool roof,427091.72008943046,1.0,2.3414174355583527e-06,374107355.33301514,False
877,+87382+19345,17.378358327884122,78.49703530983093,built_up,High,40.608124,0.1981719,Cool roof,427093.76465508126,1.0,2.341406226821398e-06,374534449.0976702,False
878,+87362+19356,17.38823979600884,78.47906900414964,built_up,High,40.607117,0.17778184,Cool roof,427071.26875873934,1.0,2.3415295599407763e-06,374961520.3664289,False
879,+87343+19348,17.38105327373632,78.4620010137524,built_up,High,40.606934,0.17284368,Cool roof,427087.63064862473,1.0,2.3414398550510214e-06,375388607.9970775,False
880,+87329+19351,17.383748219588515,78.44942459977548,built_up,High,40.605408,0.23778065,Cool roof,427081.4957136619,1.0,2.341473489337157e-06,375815689.4927912,False
881,+87364+19341,17.374765066747862,78.48086563471776,built_up,Medium,40.605255,0.30432713,Cool roof,427101.94188599556,1.0,2.3413613986024103e-06,376242791.4346772,False
882,+87338+19347,17.380154958452252,78.45750943733206,built_up,High,40.605164,0.20392665,Cool roof,427089.6754206114,1.0,2.341428644968222e-06,376669881.11009777,False
883,+87320+19360,17.391833057145103,78.44133976221889,built_up,High,40.60501,0.24486832,Cool roof,427063.08533784345,1.0,2.3415744285388524e-06,377096944.1954356,False
884,+87338+19349,17.381951589020385,78.45750943733206,built_up,High,40.604645,0.24603045,Cool roof,427085.5857734706,1.0,2.341451065806767e-06,377524029.78120905,False
885,+87360+19351,17.383748219588515,78.4772723735815,built_up,High,40.603607,0.17038818,Cool roof,427081.4957136619,1.0,2.341473489337157e-06,377951111.2769227,False
886,+87315+19375,17.40530778640608,78.43684818579857,built_up,High,40.60312,0.23460591,Cool roof,427032.38280901685,1.0,2.3417427817113192e-06,378378143.65973175,False
887,+87386+19382,17.41159599339454,78.5006285709672,built_up,High,40.601044,0.18957543,Cool roof,427018.0470190842,1.0,2.3418213983712686e-06,378805161.7067508,False
888,+87364+19342,17.375663382031927,78.48086563471776,built_up,Medium,40.599243,0.32545203,Cool roof,427099.8977330211,1.0,2.341372604647864e-06,379232261.60448384,False
889,+87327+19345,17.378358327884122,78.44762796920735,built_up,High,40.599213,0.18647414,Cool roof,427093.76465508126,1.0,2.341406226821398e-06,379659355.3691389,False
890,+87344+19340,17.373866751463797,78.46289932903646,built_up,High,40.59848,0.21466784,Cool roof,427103.9859357997,1.0,2.3413501932297943e-06,380086459.3550747,False
891,+87372+19359,17.390934741861038,78.48805215699028,built_up,High,40.597565,0.18578579,Cool roof,427065.1313478123,1.0,2.3415632103796727e-06,380513524.48642254,False
892,+87385+19400,17.42776566850771,78.49973025568313,built_up,High,40.596558,0.21202922,Cool roof,426981.160349948,1.0,2.3420237070422817e-06,380940505.6467725,False
893,+87339+19355,17.387341480724775,78.45840775261613,built_up,High,40.595947,0.24206203,Cool roof,427073.3143560538,1.0,2.341518344473974e-06,381367578.96112853,False
894,+87408+19350,17.38284990430445,78.52039150721663,built_up,High,40.59326,0.14388502,Cool roof,427083.5407951495,1.0,2.3414622772354733e-06,381794662.5019237,False
895,+87325+19352,17.38464653487258,78.44583133863922,built_up,High,40.59308,0.18287498,Cool roof,427079.4505290082,1.0,2.341484702111833e-06,382221741.95245266,False
896,+87389+19357,17.389138111292905,78.50332351681939,built_up,High,40.59146,0.24618368,Cool roof,427069.2230582606,1.0,2.3415407760806503e-06,382648811.17551094,False
897,+87314+19350,17.38284990430445,78.4359498705145,built_up,High,40.591003,0.19272552,Cool roof,427083.5407951495,1.0,2.3414622772354733e-06,383075894.7163061,False
898,+87388+19386,17.415189254530798,78.50242520153533,built_up,High,40.590973,0.15401974,Cool roof,427009.85286972753,1.0,2.34186633699312e-06,383502904.56917584,False
899,+87402+19353,17.385544850156645,78.51500161551225,built_up,Medium,40.590668,0.26741138,Cool roof,427077.40524118865,1.0,2.3414959155595174e-06,383929981.97441703,False
900,+87340+19353,17.385544850156645,78.4593060679002,built_up,High,40.589996,0.15933144,Cool roof,427077.40524118865,1.0,2.3414959155595174e-06,384357059.3796582,False
901,+87400+19348,17.38105327373632,78.51320498494411,built_up,High,40.589935,0.19295815,Cool roof,427087.63064862473,1.0,2.3414398550510214e-06,384784147.01030684,False
902,+87384+19381,17.410697678110473,78.49883194039907,built_up,High,40.58835,0.24203369,Cool roof,427020.0952985397,1.0,2.3418101653995388e-06,385211167.10560536,False
903,+87331+19342,17.375663382031927,78.4512212303436,built_up,Medium,40.588226,0.26550367,Cool roof,427099.8977330211,1.0,2.341372604647864e-06,385638267.0033384,False
904,+87341+19357,17.389138111292905,78.46020438318426,built_up,High,40.585724,0.19702703,Cool roof,427069.2230582606,1.0,2.3415407760806503e-06,386065336.2263967,False
905,+87383+19383,17.412494308678603,78.497933625115,built_up,High,40.58496,0.16449474,Cool roof,427015.99863647495,1.0,2.341832632016476e-06,386492352.22503316,False
906,+87323+19352,17.38464653487258,78.44403470807109,built_up,High,40.58481,0.13136958,Cool roof,427079.4505290082,1.0,2.341484702111833e-06,386919431.67556214,False
907,+87350+19360,17.391833057145103,78.46828922074084,built_up,High,40.58429,0.21066605,Cool roof,427063.08533784345,1.0,2.3415744285388524e-06,387346494.76089996,False
908,+87405+19354,17.38644316544071,78.51769656136443,built_up,Medium,40.584076,0.29666105,Cool roof,427075.35985020373,1.0,2.3415071296802258e-06,387773570.1207502,False
909,+87382+19383,17.412494308678603,78.49703530983093,built_up,High,40.583984,0.25224373,Cool roof,427015.99863647495,1.0,2.341832632016476e-06,388200586.1193867,False
910,+87379+19357,17.389138111292905,78.49434036397874,built_up,High,40.583893,0.16051587,Cool roof,427069.2230582606,1.0,2.3415407760806503e-06,388627655.34244496,False
911,+87403+19412,17.438545451916493,78.51589993079631,built_up,High,40.58362,0.24412641,Cool roof,426956.55067061976,1.0,2.342158700760773e-06,389054611.8931156,False
912,+87403+19351,17.383748219588515,78.51589993079631,built_up,High,40.582977,0.22331777,Cool roof,427081.4957136619,1.0,2.341473489337157e-06,389481693.38882923,False
913,+87389+19348,17.38105327373632,78.50332351681939,built_up,Medium,40.582855,0.26971886,Cool roof,427087.63064862473,1.0,2.3414398550510214e-06,389908781.01947784,False
914,+87333+19354,17.38644316544071,78.45301786091174,built_up,High,40.582733,0.21424823,Cool roof,427075.35985020373,1.0,2.3415071296802258e-06,390335856.3793281,False
915,+87355+19340,17.373866751463797,78.47278079716118,built_up,High,40.58133,0.19965348,Cool roof,427103.9859357997,1.0,2.3413501932297943e-06,390762960.3652639,False
916,+87383+19384,17.413392623962668,78.497933625115,built_up,High,40.58127,0.20879182,Cool roof,427013.9501507122,1.0,2.341843866335176e-06,391189974.3154146,False
917,+87358+19344,17.377460012600057,78.47547574301338,built_up,High,40.581024,0.15777725,Cool roof,427095.80911756353,1.0,2.3413950187573424e-06,391617070.12453216,False
918,+87353+19355,17.387341480724775,78.47098416659304,built_up,Medium,40.580353,0.2709884,Cool roof,427073.3143560538,1.0,2.341518344473974e-06,392044143.4388882,False
919,+87382+19344,17.377460012600057,78.49703530983093,built_up,High,40.5795,0.20277925,Cool roof,427095.80911756353,1.0,2.3413950187573424e-06,392471239.24800575,False
920,+87410+19362,17.393629687713233,78.52218813778477,built_up,High,40.579376,0.15325722,Cool roof,427058.9930084181,1.0,2.3415968668766287e-06,392898298.2410142,False
921,+87372+19358,17.39003642657697,78.48805215699028,built_up,High,40.579193,0.16710976,Cool roof,427067.17725461826,1.0,2.34155199289361e-06,393325365.4182688,False
922,+87367+19381,17.410697678110473,78.48356058056996,built_up,High,40.57788,0.21825087,Cool roof,427020.0952985397,1.0,2.3418101653995388e-06,393752385.5135673,False
923,+87362+19345,17.378358327884122,78.47906900414964,built_up,High,40.57785,0.16229144,Cool roof,427093.76465508126,1.0,2.341406226821398e-06,394179479.2782224,False
924,+87362+19354,17.38644316544071,78.47906900414964,built_up,High,40.57785,0.22265588,Cool roof,427075.35985020373,1.0,2.3415071296802258e-06,394606554.6380726,False
925,+87377+19367,17.398121264133557,78.49254373341061,built_up,High,40.577087,0.18958403,Cool roof,427048.7603795299,1.0,2.3416529745017237e-06,395033603.39845216,False
926,+87377+19358,17.39003642657697,78.49254373341061,built_up,High,40.576355,0.15344983,Cool roof,427067.17725461826,1.0,2.34155199289361e-06,395460670.5757068,False
927,+87353+19381,17.410697678110473,78.47098416659304,built_up,Medium,40.576202,0.2740423,Cool roof,427020.0952985397,1.0,2.3418101653995388e-06,395887690.6710053,False
928,+87403+19360,17.391833057145103,78.51589993079631,built_up,High,40.576202,0.21671078,Cool roof,427063.08533784345,1.0,2.3415744285388524e-06,396314753.7563431,False
929,+87404+19352,17.38464653487258,78.51679824608037,built_up,High,40.576202,0.21227515,Cool roof,427079.4505290082,1.0,2.341484702111833e-06,396741833.2068721,False
930,+87359+19342,17.375663382031927,78.47637405829744,built_up,High,40.57541,0.1851448,Cool roof,427099.8977330211,1.0,2.341372604647864e-06,397168933.10460514,False
931,+87376+19368,17.399019579417622,78.49164541812655,built_up,High,40.573395,0.17292939,Cool roof,427046.71354427113,1.0,2.3416641980464084e-06,397595979.8181494,False
932,+87342+19357,17.389138111292905,78.46110269846832,built_up,High,40.572235,0.13873434,Cool roof,427069.2230582606,1.0,2.3415407760806503e-06,398023049.0412077,False
933,+87387+19373,17.40351115583795,78.50152688625127,built_up,Medium,40.571686,0.3679416,Cool roof,427036.4778205931,1.0,2.341720325869025e-06,398450085.51902825,False
934,+87388+19356,17.38823979600884,78.50242520153533,built_up,High,40.570953,0.19899078,Cool roof,427071.26875873934,1.0,2.3415295599407763e-06,398877156.78778696,False
935,+87359+19346,17.379256643168187,78.47637405829744,built_up,High,40.570038,0.19849311,Cool roof,427091.72008943046,1.0,2.3414174355583527e-06,399304248.5078764,False
936,+87362+19347,17.380154958452252,78.47906900414964,built_up,Medium,40.569916,0.25611985,Cool roof,427089.6754206114,1.0,2.341428644968222e-06,399731338.183297,False
937,+87409+19362,17.393629687713233,78.5212898225007,built_up,High,40.569916,0.16106547,Cool roof,427058.9930084181,1.0,2.3415968668766287e-06,400158397.1763054,False
938,+87366+19417,17.44303702833682,78.4826622652859,built_up,Medium,40.56961,0.2751512,Cool roof,426946.29225398856,1.0,2.3422149767847243e-06,400585343.4685594,False
939,+87378+19357,17.389138111292905,78.49344204869467,built_up,High,40.56784,0.1517168,Cool roof,427069.2230582606,1.0,2.3415407760806503e-06,401012412.69161767,False
940,+87392+19358,17.39003642657697,78.50601846267159,built_up,High,40.566193,0.1604059,Cool roof,427067.17725461826,1.0,2.34155199289361e-06,401439479.8688723,False
941,+87371+19414,17.440342082484626,78.48715384170622,built_up,High,40.564972,0.22163434,Cool roof,426952.4476133907,1.0,2.3421812091483994e-06,401866432.3164857,False
942,+87376+19358,17.39003642657697,78.49164541812655,built_up,High,40.56485,0.16163793,Cool roof,427067.17725461826,1.0,2.34155199289361e-06,402293499.4937403,False
943,+87383+19377,17.40710441697421,78.497933625115,built_up,High,40.564667,0.1540606,Cool roof,427028.28738481377,1.0,2.3417652402470857e-06,402720527.7811251,False
944,+87339+19354,17.38644316544071,78.45840775261613,built_up,High,40.564575,0.17601451,Cool roof,427075.35985020373,1.0,2.3415071296802258e-06,403147603.14097536,False
945,+87342+19350,17.38284990430445,78.46110269846832,built_up,Medium,40.56192,0.29590648,Cool roof,427083.5407951495,1.0,2.3414622772354733e-06,403574686.6817705,False
946,+87339+19347,17.380154958452252,78.45840775261613,built_up,High,40.559845,0.16489984,Cool roof,427089.6754206114,1.0,2.341428644968222e-06,404001776.3571911,False
947,+87399+19357,17.389138111292905,78.51230666966005,built_up,High,40.559418,0.15322806,Cool roof,427069.2230582606,1.0,2.3415407760806503e-06,404428845.58024937,False
948,+87373+19416,17.442138713052756,78.48895047227435,built_up,High,40.558563,0.20466381,Cool roof,426948.3441435965,1.0,2.342203720231944e-06,404855793.92439294,False
949,+87356+19352,17.38464653487258,78.47367911244524,built_up,High,40.55844,0.23122972,Cool roof,427079.4505290082,1.0,2.341484702111833e-06,405282873.3749219,False
950,+87369+19363,17.394528002997298,78.4853572111381,built_up,High,40.558197,0.20408848,Cool roof,427056.9466889627,1.0,2.3416080870552553e-06,405709930.32161087,False
951,+87326+19340,17.373866751463797,78.44672965392328,built_up,High,40.556854,0.23302756,Cool roof,427103.9859357997,1.0,2.3413501932297943e-06,406137034.3075467,False
952,+87358+19359,17.390934741861038,78.47547574301338,built_up,High,40.556274,0.17548582,Cool roof,427065.1313478123,1.0,2.3415632103796727e-06,406564099.4388945,False
953,+87340+19343,17.376561697315992,78.4593060679002,built_up,Medium,40.555756,0.26511958,Cool roof,427097.85347687715,1.0,2.3413838113661685e-06,406991197.2923714,False
954,+87375+19351,17.383748219588515,78.49074710284248,built_up,High,40.55246,0.21210326,Cool roof,427081.4957136619,1.0,2.341473489337157e-06,407418278.78808504,False
955,+87379+19356,17.38823979600884,78.49434036397874,built_up,High,40.551727,0.12852393,Cool roof,427071.26875873934,1.0,2.3415295599407763e-06,407845350.05684376,False
956,+87335+19354,17.38644316544071,78.45481449147987,built_up,High,40.550323,0.20403782,Cool roof,427075.35985020373,1.0,2.3415071296802258e-06,408272425.416694,False
957,+87370+19362,17.393629687713233,78.48625552642216,built_up,High,40.54959,0.2414507,Cool roof,427058.9930084181,1.0,2.3415968668766287e-06,408699484.4097024,False
958,+87390+19408,17.434952190780233,78.50422183210345,built_up,High,40.548187,0.22003503,Cool roof,426964.7555473694,1.0,2.3421136920727768e-06,409126449.16524976,False
959,+87413+19378,17.408002732258275,78.52488308363696,built_up,High,40.5477,0.22933091,Cool roof,427026.23951797804,1.0,2.341776470525061e-06,409553475.40476775,False
960,+87343+19352,17.38464653487258,78.4620010137524,built_up,Medium,40.547394,0.2973051,Cool roof,427079.4505290082,1.0,2.341484702111833e-06,409980554.85529673,False
961,+87361+19353,17.385544850156645,78.47817068886556,built_up,High,40.54715,0.19271645,Cool roof,427077.40524118865,1.0,2.3414959155595174e-06,410407632.2605379,False
962,+87381+19413,17.439443767200558,78.49613699454687,built_up,Medium,40.54654,0.27913466,Cool roof,426954.49919357605,1.0,2.342169954617604e-06,410834586.7597315,False
963,+87354+19369,17.399917894701687,78.47188248187712,built_up,High,40.546356,0.23775382,Cool roof,427044.66660585295,1.0,2.3416754222643517e-06,411261631.4263373,False
964,+87339+19349,17.381951589020385,78.45840775261613,built_up,Medium,40.545013,0.29434657,Cool roof,427085.5857734706,1.0,2.341451065806767e-06,411688717.01211077,False
965,+87326+19361,17.392731372429168,78.44672965392328,built_up,High,40.54471,0.21845986,Cool roof,427061.0392247119,1.0,2.3415856473711663e-06,412115778.05133545,False
966,+87323+19350,17.38284990430445,78.44403470807109,built_up,High,40.54425,0.17491561,Cool roof,427083.5407951495,1.0,2.3414622772354733e-06,412542861.5921306,False
967,+87386+19408,17.434952190780233,78.5006285709672,built_up,High,40.54416,0.22664545,Cool roof,426964.7555473694,1.0,2.3421136920727768e-06,412969826.34767795,False
968,+87357+19346,17.379256643168187,78.4745774277293,built_up,High,40.542694,0.14832924,Cool roof,427091.72008943046,1.0,2.3414174355583527e-06,413396918.0677674,False
969,+87313+19370,17.400816209985756,78.43505155523043,built_up,Medium,40.5383,0.35727462,Cool roof,427042.6195642755,1.0,2.3416866471555702e-06,413823960.6873317,False
970,+87390+19357,17.389138111292905,78.50422183210345,built_up,High,40.53824,0.16994251,Cool roof,427069.2230582606,1.0,2.3415407760806503e-06,414251029.91038996,False
971,+87378+19340,17.373866751463797,78.49344204869467,built_up,High,40.537933,0.16411088,Cool roof,427103.9859357997,1.0,2.3413501932297943e-06,414678133.89632577,False
972,+87343+19349,17.381951589020385,78.4620010137524,built_up,High,40.53769,0.22109918,Cool roof,427085.5857734706,1.0,2.341451065806767e-06,415105219.48209924,False
973,+87331+19355,17.387341480724775,78.4512212303436,built_up,High,40.537323,0.16104648,Cool roof,427073.3143560538,1.0,2.341518344473974e-06,415532292.79645526,False
974,+87371+19356,17.38823979600884,78.48715384170622,built_up,High,40.53708,0.21877325,Cool roof,427071.26875873934,1.0,2.3415295599407763e-06,415959364.065214,False
975,+87372+19407,17.43405387549617,78.48805215699028,built_up,High,40.53647,0.16364992,Cool roof,426966.80650869873,1.0,2.3421024415855304e-06,416386330.8717227,False
976,+87315+19386,17.415189254530798,78.43684818579857,built_up,High,40.53366,0.19847931,Cool roof,427009.85286972753,1.0,2.34186633699312e-06,416813340.72459245,False
977,+87375+19352,17.38464653487258,78.49074710284248,built_up,High,40.533386,0.20945576,Cool roof,427079.4505290082,1.0,2.341484702111833e-06,417240420.1751214,False
978,+87382+19387,17.416087569814863,78.49703530983093,built_up,High,40.532715,0.15474625,Cool roof,427007.8040745065,1.0,2.341877573332395e-06,417667427.97919595,False
979,+87389+19358,17.39003642657697,78.50332351681939,built_up,High,40.53238,0.1905868,Cool roof,427067.17725461826,1.0,2.34155199289361e-06,418094495.15645057,False
980,+87402+19341,17.374765066747862,78.51500161551225,built_up,High,40.53232,0.21776932,Cool roof,427101.94188599556,1.0,2.3413613986024103e-06,418521597.0983366,False
981,+87373+19345,17.378358327884122,78.48895047227435,built_up,Medium,40.530487,0.32880482,Cool roof,427093.76465508126,1.0,2.341406226821398e-06,418948690.86299163,False
982,+87317+19342,17.375663382031927,78.43864481636669,built_up,High,40.53018,0.2175082,Cool roof,427099.8977330211,1.0,2.341372604647864e-06,419375790.76072466,False
983,+87352+19380,17.409799362826405,78.47008585130898,built_up,Medium,40.52945,0.29262426,Cool roof,427022.1434748407,1.0,2.3417989331012717e-06,419802812.9041995,False
984,+87403+19361,17.392731372429168,78.51589993079631,built_up,High,40.529114,0.17371292,Cool roof,427061.0392247119,1.0,2.3415856473711663e-06,420229873.94342417,False
985,+87389+19389,17.417884200382993,78.50332351681939,built_up,High,40.528717,0.22209755,Cool roof,427003.7061746089,1.0,2.3419000480316284e-06,420656877.6495988,False
986,+87363+19342,17.375663382031927,78.4799673194337,built_up,High,40.5282,0.1713664,Cool roof,427099.8977330211,1.0,2.341372604647864e-06,421083977.5473318,False
987,+87343+19365,17.396324633565428,78.4620010137524,built_up,High,40.527252,0.156809,Cool roof,427052.85374056763,1.0,2.341630529432066e-06,421511030.4010724,False
988,+87329+19343,17.376561697315992,78.44942459977548,built_up,High,40.526794,0.15578681,Cool roof,427097.85347687715,1.0,2.3413838113661685e-06,421938128.25454926,False
989,+87350+19353,17.385544850156645,78.46828922074084,built_up,Medium,40.523346,0.26403502,Cool roof,427077.40524118865,1.0,2.3414959155595174e-06,422365205.65979046,False
990,+87368+19354,17.38644316544071,78.48445889585402,built_up,High,40.52243,0.16690494,Cool roof,427075.35985020373,1.0,2.3415071296802258e-06,422792281.0196407,False
991,+87328+19361,17.392731372429168,78.44852628449141,built_up,High,40.521606,0.21585593,Cool roof,427061.0392247119,1.0,2.3415856473711663e-06,423219342.05886537,False
992,+87375+19415,17.44124039776869,78.49074710284248,built_up,High,40.52008,0.22917458,Cool roof,426950.395930064,1.0,2.342192464353174e-06,423646292.4547954,False
993,+87366+19345,17.378358327884122,78.4826622652859,built_up,Medium,40.51889,0.30746496,Cool roof,427093.76465508126,1.0,2.341406226821398e-06,424073386.2194505,False
994,+87331+19357,17.389138111292905,78.4512212303436,built_up,High,40.518585,0.16826472,Cool roof,427069.2230582606,1.0,2.3415407760806503e-06,424500455.44250876,False
995,+87377+19416,17.442138713052756,78.49254373341061,built_up,Medium,40.518585,0.35607585,Cool roof,426948.3441435965,1.0,2.342203720231944e-06,424927403.7866523,False
996,+87368+19343,17.376561697315992,78.48445889585402,built_up,Medium,40.517853,0.27494556,Cool roof,427097.85347687715,1.0,2.3413838113661685e-06,425354501.6401292,False
997,+87341+19343,17.376561697315992,78.46020438318426,built_up,High,40.51645,0.21464887,Cool roof,427097.85347687715,1.0,2.3413838113661685e-06,425781599.4936061,False
998,+87345+19351,17.383748219588515,78.46379764432052,built_up,High,40.51645,0.20426236,Cool roof,427081.4957136619,1.0,2.341473489337157e-06,426208680.98931974,False
999,+87388+19389,17.417884200382993,78.50242520153533,built_up,High,40.516144,0.24116899,Cool roof,427003.7061746089,1.0,2.3419000480316284e-06,426635684.69549435,False
1000,+87314+19352,17.38464653487258,78.4359498705145,built_up,High,40.51602,0.21688826,Cool roof,427079.4505290082,1.0,2.341484702111833e-06,427062764.14602333,False
1001,+87316+19375,17.40530778640608,78.43774650108263,built_up,High,40.51602,0.21140619,Cool roof,427032.38280901685,1.0,2.3417427817113192e-06,427489796.5288324,False
1002,+87410+19359,17.390934741861038,78.52218813778477,built_up,High,40.51584,0.22226687,Cool roof,427065.1313478123,1.0,2.3415632103796727e-06,427916861.6601802,False
1003,+87375+19365,17.396324633565428,78.49074710284248,built_up,High,40.515625,0.20114851,Cool roof,427052.85374056763,1.0,2.341630529432066e-06,428343914.5139208,False
1004,+87353+19349,17.381951589020385,78.47098416659304,built_up,High,40.515472,0.18867908,Cool roof,427085.5857734706,1.0,2.341451065806767e-06,428771000.09969425,False
1005,+87389+19345,17.378358327884122,78.50332351681939,built_up,High,40.513947,0.2274456,Cool roof,427093.76465508126,1.0,2.341406226821398e-06,429198093.8643493,False
1006,+87386+19399,17.426867353223646,78.5006285709672,built_up,Medium,40.51355,0.32791683,Cool roof,426983.2104861137,1.0,2.3420124619455547e-06,429625077.0748354,False
1007,+87360+19355,17.387341480724775,78.4772723735815,built_up,High,40.512695,0.23835886,Cool roof,427073.3143560538,1.0,2.341518344473974e-06,430052150.38919145,False
1008,+87412+19351,17.383748219588515,78.52398476835289,built_up,High,40.50998,0.14645588,Cool roof,427081.4957136619,1.0,2.341473489337157e-06,430479231.8849051,False
1009,+87388+19340,17.373866751463797,78.50242520153533,built_up,High,40.509186,0.17994139,Cool roof,427103.9859357997,1.0,2.3413501932297943e-06,430906335.8708409,False
1010,+87400+19358,17.39003642657697,78.51320498494411,built_up,High,40.508698,0.17021601,Cool roof,427067.17725461826,1.0,2.34155199289361e-06,431333403.0480955,False
1011,+87395+19356,17.38823979600884,78.50871340852379,built_up,High,40.508087,0.17873378,Cool roof,427071.26875873934,1.0,2.3415295599407763e-06,431760474.31685424,False
1012,+87364+19363,17.394528002997298,78.48086563471776,built_up,High,40.507965,0.18536583,Cool roof,427056.9466889627,1.0,2.3416080870552553e-06,432187531.2635432,False
1013,+87335+19353,17.385544850156645,78.45481449147987,built_up,Medium,40.50772,0.24742775,Cool roof,427077.40524118865,1.0,2.3414959155595174e-06,432614608.6687844,False
1014,+87361+19354,17.38644316544071,78.47817068886556,built_up,Medium,40.50534,0.27554098,Cool roof,427075.35985020373,1.0,2.3415071296802258e-06,433041684.0286346,False
1015,+87389+19349,17.381951589020385,78.50332351681939,built_up,High,40.504517,0.1767727,Cool roof,427085.5857734706,1.0,2.341451065806767e-06,433468769.6144081,False
1016,+87375+19350,17.38284990430445,78.49074710284248,built_up,High,40.504486,0.17763083,Cool roof,427083.5407951495,1.0,2.3414622772354733e-06,433895853.1552032,False
1017,+87376+19351,17.383748219588515,78.49164541812655,built_up,High,40.503876,0.158206,Cool roof,427081.4957136619,1.0,2.341473489337157e-06,434322934.6509169,False
1018,+87382+19408,17.434952190780233,78.49703530983093,built_up,High,40.50363,0.17337699,Cool roof,426964.7555473694,1.0,2.3421136920727768e-06,434749899.4064642,False
1019,+87411+19362,17.393629687713233,78.52308645306883,built_up,High,40.502472,0.21522813,Cool roof,427058.9930084181,1.0,2.3415968668766287e-06,435176958.39947265,False
1020,+87377+19357,17.389138111292905,78.49254373341061,built_up,High,40.501617,0.1389941,Cool roof,427069.2230582606,1.0,2.3415407760806503e-06,435604027.62253094,False
1021,+87334+19342,17.375663382031927,78.4539161761958,built_up,High,40.501434,0.21759394,Cool roof,427099.8977330211,1.0,2.341372604647864e-06,436031127.52026397,False
1022,+87374+19410,17.436748821348363,78.48984878755842,built_up,High,40.50119,0.14756617,Cool roof,426960.65331528033,1.0,2.3421361950689414e-06,436458088.1735793,False
1023,+87363+19344,17.377460012600057,78.4799673194337,built_up,High,40.50009,0.23911892,Cool roof,427095.80911756353,1.0,2.3413950187573424e-06,436885183.98269683,False
1024,+87345+19358,17.39003642657697,78.46379764432052,built_up,High,40.499786,0.21409823,Cool roof,427067.17725461826,1.0,2.34155199289361e-06,437312251.15995145,False
1025,+87322+19372,17.402612840553886,78.44313639278703,built_up,Medium,40.499054,0.32491502,Cool roof,427038.5251716453,1.0,2.3417090989578906e-06,437739289.6851231,False
1026,+87373+19415,17.44124039776869,78.48895047227435,built_up,High,40.498505,0.17314476,Cool roof,426950.395930064,1.0,2.342192464353174e-06,438166240.08105314,False
1027,+87369+19346,17.379256643168187,78.4853572111381,built_up,High,40.4982,0.18119965,Cool roof,427091.72008943046,1.0,2.3414174355583527e-06,438593331.8011426,False
1028,+87409+19351,17.383748219588515,78.5212898225007,built_up,High,40.49582,0.14344338,Cool roof,427081.4957136619,1.0,2.341473489337157e-06,439020413.2968562,False
1029,+87409+19361,17.392731372429168,78.5212898225007,built_up,High,40.49405,0.20046806,Cool roof,427061.0392247119,1.0,2.3415856473711663e-06,439447474.3360809,False
1030,+87329+19358,17.39003642657697,78.44942459977548,built_up,High,40.493927,0.17072606,Cool roof,427067.17725461826,1.0,2.34155199289361e-06,439874541.5133355,False
1031,+87355+19347,17.380154958452252,78.47278079716118,built_up,High,40.493805,0.17774901,Cool roof,427089.6754206114,1.0,2.341428644968222e-06,440301631.1887561,False
1032,+87326+19346,17.379256643168187,78.44672965392328,built_up,High,40.491547,0.20305376,Cool roof,427091.72008943046,1.0,2.3414174355583527e-06,440728722.90884554,False
1033,+87370+19363,17.394528002997298,78.48625552642216,built_up,High,40.491333,0.22481921,Cool roof,427056.9466889627,1.0,2.3416080870552553e-06,441155779.8555345,False
1034,+87348+19341,17.374765066747862,78.46649259017272,built_up,High,40.490906,0.13910171,Cool roof,427101.94188599556,1.0,2.3413613986024103e-06,441582881.7974205,False
1035,+87376+19354,17.38644316544071,78.49164541812655,built_up,High,40.490692,0.14609702,Cool roof,427075.35985020373,1.0,2.3415071296802258e-06,442009957.1572707,False
1036,+87402+19418,17.443935343620886,78.51500161551225,built_up,High,40.490692,0.1900469,Cool roof,426944.24026124045,1.0,2.3422262340115322e-06,442436901.397532,False
1037,+87324+19353,17.385544850156645,78.44493302335515,built_up,High,40.49005,0.14465502,Cool roof,427077.40524118865,1.0,2.3414959155595174e-06,442863978.8027732,False
1038,+87330+19357,17.389138111292905,78.45032291505954,built_up,High,40.489807,0.18753715,Cool roof,427069.2230582606,1.0,2.3415407760806503e-06,443291048.02583146,False
1039,+87400+19413,17.439443767200558,78.51320498494411,built_up,Medium,40.489746,0.29265806,Cool roof,426954.49919357605,1.0,2.342169954617604e-06,443718002.525025,False
1040,+87317+19340,17.373866751463797,78.43864481636669,built_up,High,40.488983,0.21274948,Cool roof,427103.9859357997,1.0,2.3413501932297943e-06,444145106.5109608,False
1041,+87389+19386,17.415189254530798,78.50332351681939,built_up,High,40.48761,0.14941569,Cool roof,427009.85286972753,1.0,2.34186633699312e-06,444572116.36383057,False
1042,+87408+19349,17.381951589020385,78.52039150721663,built_up,High,40.487183,0.18061611,Cool roof,427085.5857734706,1.0,2.341451065806767e-06,444999201.94960403,False
1043,+87328+19340,17.373866751463797,78.44852628449141,built_up,High,40.486847,0.21245901,Cool roof,427103.9859357997,1.0,2.3413501932297943e-06,445426305.93553984,False
1044,+87324+19374,17.404409471122015,78.44493302335515,built_up,High,40.485077,0.15680449,Cool roof,427034.4303663836,1.0,2.3417315534534955e-06,445853340.36590624,False
1045,+87338+19348,17.38105327373632,78.45750943733206,built_up,High,40.482452,0.17255853,Cool roof,427087.63064862473,1.0,2.3414398550510214e-06,446280427.99655485,False
1046,+87407+19413,17.439443767200558,78.51949319193257,built_up,Medium,40.48239,0.26192272,Cool roof,426954.49919357605,1.0,2.342169954617604e-06,446707382.4957484,False
1047,+87349+19349,17.381951589020385,78.46739090545678,built_up,High,40.481903,0.2253282,Cool roof,427085.5857734706,1.0,2.341451065806767e-06,447134468.08152187,False
1048,+87322+19343,17.376561697315992,78.44313639278703,built_up,High,40.481537,0.20786306,Cool roof,427097.85347687715,1.0,2.3413838113661685e-06,447561565.93499875,False
1049,+87365+19379,17.40890104754234,78.48176395000183,built_up,Medium,40.480164,0.32278344,Cool roof,427024.1915479869,1.0,2.3417877014764513e-06,447988590.12654674,False
1050,+87347+19360,17.391833057145103,78.46559427488866,built_up,High,40.479797,0.20360692,Cool roof,427063.08533784345,1.0,2.3415744285388524e-06,448415653.21188456,False
1051,+87337+19350,17.38284990430445,78.456611122048,built_up,Medium,40.479218,0.28296635,Cool roof,427083.5407951495,1.0,2.3414622772354733e-06,448842736.7526797,False
1052,+87378+19355,17.387341480724775,78.49344204869467,built_up,High,40.478607,0.16201513,Cool roof,427073.3143560538,1.0,2.341518344473974e-06,449269810.06703573,False
1053,+87322+19351,17.383748219588515,78.44313639278703,built_up,High,40.47809,0.1682536,Cool roof,427081.4957136619,1.0,2.341473489337157e-06,449696891.5627494,False
1054,+87368+19362,17.393629687713233,78.48445889585402,built_up,High,40.478058,0.17870358,Cool roof,427058.9930084181,1.0,2.3415968668766287e-06,450123950.5557578,False
1055,+87317+19343,17.376561697315992,78.43864481636669,built_up,High,40.47708,0.16920507,Cool roof,427097.85347687715,1.0,2.3413838113661685e-06,450551048.4092347,False
1056,+87369+19343,17.376561697315992,78.4853572111381,built_up,Medium,40.476562,0.27276397,Cool roof,427097.85347687715,1.0,2.3413838113661685e-06,450978146.2627116,False
1057,+87369+19354,17.38644316544071,78.4853572111381,built_up,High,40.47586,0.16133706,Cool roof,427075.35985020373,1.0,2.3415071296802258e-06,451405221.6225618,False
1058,+87315+19351,17.383748219588515,78.43684818579857,built_up,High,40.475616,0.20990853,Cool roof,427081.4957136619,1.0,2.341473489337157e-06,451832303.11827546,False
1059,+87403+19341,17.374765066747862,78.51589993079631,built_up,High,40.475555,0.24438109,Cool roof,427101.94188599556,1.0,2.3413613986024103e-06,452259405.0601615,False
1060,+87388+19387,17.416087569814863,78.50242520153533,built_up,High,40.475433,0.15004982,Cool roof,427007.8040745065,1.0,2.341877573332395e-06,452686412.864236,False
1061,+87344+19341,17.374765066747862,78.46289932903646,built_up,High,40.47528,0.15568852,Cool roof,427101.94188599556,1.0,2.3413613986024103e-06,453113514.806122,False
1062,+87390+19352,17.38464653487258,78.50422183210345,built_up,High,40.473755,0.16985889,Cool roof,427079.4505290082,1.0,2.341484702111833e-06,453540594.256651,False
1063,+87394+19367,17.398121264133557,78.50781509323971,built_up,High,40.473236,0.22328034,Cool roof,427048.7603795299,1.0,2.3416529745017237e-06,453967643.01703054,False
1064,+87388+19357,17.389138111292905,78.50242520153533,built_up,Medium,40.472748,0.278099,Cool roof,427069.2230582606,1.0,2.3415407760806503e-06,454394712.2400888,False
1065,+87318+19363,17.394528002997298,78.43954313165077,built_up,High,40.472076,0.1578554,Cool roof,427056.9466889627,1.0,2.3416080870552553e-06,454821769.1867778,False
1066,+87393+19358,17.39003642657697,78.50691677795565,built_up,High,40.471893,0.17156601,Cool roof,427067.17725461826,1.0,2.34155199289361e-06,455248836.3640324,False
1067,+87351+19378,17.408002732258275,78.46918753602492,built_up,High,40.471832,0.1646006,Cool roof,427026.23951797804,1.0,2.341776470525061e-06,455675862.6035504,False
1068,+87370+19415,17.44124039776869,78.48625552642216,built_up,High,40.47061,0.14935258,Cool roof,426950.395930064,1.0,2.342192464353174e-06,456102812.9994804,False
1069,+87391+19344,17.377460012600057,78.50512014738753,built_up,Medium,40.470367,0.2651767,Cool roof,427095.80911756353,1.0,2.3413950187573424e-06,456529908.808598,False
1070,+87358+19349,17.381951589020385,78.47547574301338,built_up,High,40.46994,0.17110392,Cool roof,427085.5857734706,1.0,2.341451065806767e-06,456956994.39437145,False
1071,+87342+19348,17.38105327373632,78.46110269846832,built_up,High,40.469513,0.16103585,Cool roof,427087.63064862473,1.0,2.3414398550510214e-06,457384082.02502006,False
1072,+87387+19340,17.373866751463797,78.50152688625127,built_up,High,40.469025,0.15685956,Cool roof,427103.9859357997,1.0,2.3413501932297943e-06,457811186.01095587,False
1073,+87358+19347,17.380154958452252,78.47547574301338,built_up,High,40.468903,0.13209026,Cool roof,427089.6754206114,1.0,2.341428644968222e-06,458238275.68637645,False
1074,+87369+19362,17.393629687713233,78.4853572111381,built_up,High,40.467987,0.17688595,Cool roof,427058.9930084181,1.0,2.3415968668766287e-06,458665334.6793849,False
1075,+87325+19354,17.38644316544071,78.44583133863922,built_up,High,40.466156,0.17093319,Cool roof,427075.35985020373,1.0,2.3415071296802258e-06,459092410.0392351,False
1076,+87400+19360,17.391833057145103,78.51320498494411,built_up,High,40.465973,0.20480989,Cool roof,427063.08533784345,1.0,2.3415744285388524e-06,459519473.12457293,False
1077,+87338+19346,17.379256643168187,78.45750943733206,built_up,High,40.4653,0.23383118,Cool roof,427091.72008943046,1.0,2.3414174355583527e-06,459946564.84466237,False
1078,+87364+19361,17.392731372429168,78.48086563471776,built_up,Medium,40.46512,0.31013978,Cool roof,427061.0392247119,1.0,2.3415856473711663e-06,460373625.88388705,False
1079,+87329+19360,17.391833057145103,78.44942459977548,built_up,High,40.464996,0.21674466,Cool roof,427063.08533784345,1.0,2.3415744285388524e-06,460800688.9692249,False
1080,+87338+19357,17.389138111292905,78.45750943733206,built_up,High,40.464935,0.15147981,Cool roof,427069.2230582606,1.0,2.3415407760806503e-06,461227758.19228315,False
1081,+87349+19352,17.38464653487258,78.46739090545678,built_up,High,40.464752,0.18178003,Cool roof,427079.4505290082,1.0,2.341484702111833e-06,461654837.64281213,False
1082,+87323+19349,17.381951589020385,78.44403470807109,built_up,High,40.463776,0.1447474,Cool roof,427085.5857734706,1.0,2.341451065806767e-06,462081923.2285856,False
1083,+87321+19345,17.378358327884122,78.44223807750296,built_up,High,40.462555,0.20617977,Cool roof,427093.76465508126,1.0,2.341406226821398e-06,462509016.99324065,False
1084,+87348+19340,17.373866751463797,78.46649259017272,built_up,High,40.46164,0.15364705,Cool roof,427103.9859357997,1.0,2.3413501932297943e-06,462936120.97917646,False
1085,+87386+19379,17.40890104754234,78.5006285709672,built_up,Medium,40.461273,0.24770106,Cool roof,427024.1915479869,1.0,2.3417877014764513e-06,463363145.17072445,False
1086,+87335+19365,17.396324633565428,78.45481449147987,built_up,Medium,40.45993,0.35439238,Cool roof,427052.85374056763,1.0,2.341630529432066e-06,463790198.024465,False
1087,+87344+19344,17.377460012600057,78.46289932903646,built_up,High,40.458344,0.164423,Cool roof,427095.80911756353,1.0,2.3413950187573424e-06,464217293.8335826,False
1088,+87405+19361,17.392731372429168,78.51769656136443,built_up,High,40.458344,0.17806736,Cool roof,427061.0392247119,1.0,2.3415856473711663e-06,464644354.87280726,False
1089,+87380+19356,17.38823979600884,78.49523867926281,built_up,High,40.45822,0.17205514,Cool roof,427071.26875873934,1.0,2.3415295599407763e-06,465071426.141566,False
1090,+87338+19345,17.378358327884122,78.45750943733206,built_up,High,40.456085,0.2365494,Cool roof,427093.76465508126,1.0,2.341406226821398e-06,465498519.90622103,False
1091,+87373+19353,17.385544850156645,78.48895047227435,built_up,Medium,40.456085,0.25995082,Cool roof,427077.40524118865,1.0,2.3414959155595174e-06,465925597.3114622,False
1092,+87382+19392,17.42057914623519,78.49703530983093,built_up,High,40.45587,0.23970047,Cool roof,426997.55855112965,1.0,2.3419337651324247e-06,466352594.87001336,False
1093,+87325+19371,17.40171452526982,78.44583133863922,built_up,Medium,40.45462,0.25138277,Cool roof,427040.5724195397,1.0,2.341697872720077e-06,466779635.4424329,False
1094,+87337+19354,17.38644316544071,78.456611122048,built_up,High,40.454193,0.18302003,Cool roof,427075.35985020373,1.0,2.3415071296802258e-06,467206710.8022831,False
1095,+87334+19349,17.381951589020385,78.4539161761958,built_up,High,40.453247,0.21567143,Cool roof,427085.5857734706,1.0,2.341451065806767e-06,467633796.3880566,False
1096,+87404+19340,17.373866751463797,78.51679824608037,built_up,High,40.453033,0.17251982,Cool roof,427103.9859357997,1.0,2.3413501932297943e-06,468060900.3739924,False
1097,+87325+19346,17.379256643168187,78.44583133863922,built_up,High,40.45224,0.18220046,Cool roof,427091.72008943046,1.0,2.3414174355583527e-06,468487992.0940818,False
1098,+87377+19349,17.381951589020385,78.49254373341061,built_up,High,40.45224,0.20276959,Cool roof,427085.5857734706,1.0,2.341451065806767e-06,468915077.6798553,False
1099,+87385+19406,17.433155560212104,78.49973025568313,built_up,High,40.45114,0.2238602,Cool roof,426968.857366884,1.0,2.3420911917721534e-06,469342046.53722215,False
1100,+87381+19384,17.413392623962668,78.49613699454687,built_up,Medium,40.45047,0.27442014,Cool roof,427013.9501507122,1.0,2.341843866335176e-06,469769060.4873729,False
1101,+87330+19355,17.387341480724775,78.45032291505954,built_up,High,40.450348,0.16805127,Cool roof,427073.3143560538,1.0,2.341518344473974e-06,470196133.8017289,False
1102,+87394+19356,17.38823979600884,78.50781509323971,built_up,High,40.450226,0.21069832,Cool roof,427071.26875873934,1.0,2.3415295599407763e-06,470623205.0704876,False
1103,+87358+19345,17.378358327884122,78.47547574301338,built_up,High,40.44937,0.20642722,Cool roof,427093.76465508126,1.0,2.341406226821398e-06,471050298.8351427,False
1104,+87346+19348,17.38105327373632,78.46469595960458,built_up,High,40.44925,0.17547496,Cool roof,427087.63064862473,1.0,2.3414398550510214e-06,471477386.4657913,False
1105,+87370+19343,17.376561697315992,78.48625552642216,built_up,High,40.44922,0.2147212,Cool roof,427097.85347687715,1.0,2.3413838113661685e-06,471904484.31926817,False
1106,+87348+19349,17.381951589020385,78.46649259017272,built_up,High,40.448822,0.17142959,Cool roof,427085.5857734706,1.0,2.341451065806767e-06,472331569.90504164,False
1107,+87345+19341,17.374765066747862,78.46379764432052,built_up,High,40.44864,0.17296869,Cool roof,427101.94188599556,1.0,2.3413613986024103e-06,472758671.84692764,False
1108,+87337+19351,17.383748219588515,78.456611122048,built_up,Medium,40.448395,0.2660129,Cool roof,427081.4957136619,1.0,2.341473489337157e-06,473185753.3426413,False
1109,+87368+19349,17.381951589020385,78.48445889585402,built_up,Medium,40.44693,0.32663593,Cool roof,427085.5857734706,1.0,2.341451065806767e-06,473612838.92841476,False
1110,+87350+19359,17.390934741861038,78.46828922074084,built_up,High,40.44638,0.17955679,Cool roof,427065.1313478123,1.0,2.3415632103796727e-06,474039904.0597626,False
1111,+87336+19354,17.38644316544071,78.45571280676394,built_up,High,40.446198,0.17355041,Cool roof,427075.35985020373,1.0,2.3415071296802258e-06,474466979.4196128,False
1112,+87342+19345,17.378358327884122,78.46110269846832,built_up,High,40.446136,0.19366468,Cool roof,427093.76465508126,1.0,2.341406226821398e-06,474894073.1842679,False
1113,+87381+19358,17.39003642657697,78.49613699454687,built_up,High,40.445557,0.20401657,Cool roof,427067.17725461826,1.0,2.34155199289361e-06,475321140.3615225,False
1114,+87408+19360,17.391833057145103,78.52039150721663,built_up,High,40.445282,0.21968608,Cool roof,427063.08533784345,1.0,2.3415744285388524e-06,475748203.4468603,False
1115,+87385+19384,17.413392623962668,78.49973025568313,built_up,High,40.44452,0.23776993,Cool roof,427013.9501507122,1.0,2.341843866335176e-06,476175217.39701104,False
1116,+87357+19369,17.399917894701687,78.4745774277293,built_up,High,40.444,0.23045756,Cool roof,427044.66660585295,1.0,2.3416754222643517e-06,476602262.0636169,False
1117,+87365+19352,17.38464653487258,78.48176395000183,built_up,Medium,40.44394,0.33854163,Cool roof,427079.4505290082,1.0,2.341484702111833e-06,477029341.51414585,False
1118,+87362+19348,17.38105327373632,78.47906900414964,built_up,High,40.443695,0.14230745,Cool roof,427087.63064862473,1.0,2.3414398550510214e-06,477456429.14479446,False
1119,+87322+19367,17.398121264133557,78.44313639278703,built_up,Medium,40.443054,0.38034448,Cool roof,427048.7603795299,1.0,2.3416529745017237e-06,477883477.905174,False
1120,+87360+19344,17.377460012600057,78.4772723735815,built_up,High,40.44284,0.17224091,Cool roof,427095.80911756353,1.0,2.3413950187573424e-06,478310573.7142916,False
1121,+87376+19416,17.442138713052756,78.49164541812655,built_up,Medium,40.44278,0.25454083,Cool roof,426948.3441435965,1.0,2.342203720231944e-06,478737522.05843514,False
1122,+87399+19356,17.38823979600884,78.51230666966005,built_up,High,40.44229,0.19702017,Cool roof,427071.26875873934,1.0,2.3415295599407763e-06,479164593.32719386,False
1123,+87410+19402,17.42956229907584,78.52218813778477,built_up,Medium,40.44217,0.31455493,Cool roof,426977.0597681764,1.0,2.3420461992570315e-06,479591570.38696206,False
1124,+87393+19376,17.406206101690145,78.50691677795565,built_up,Medium,40.44159,0.27154464,Cool roof,427030.3351484935,1.0,2.34175401064251e-06,480018600.72211057,False
1125,+87367+19348,17.38105327373632,78.48356058056996,built_up,High,40.44052,0.21808802,Cool roof,427087.63064862473,1.0,2.3414398550510214e-06,480445688.3527592,False
1126,+87371+19353,17.385544850156645,78.48715384170622,built_up,Medium,40.440308,0.3551817,Cool roof,427077.40524118865,1.0,2.3414959155595174e-06,480872765.7580004,False
1127,+87323+19373,17.40351115583795,78.44403470807109,built_up,High,40.4382,0.18654397,Cool roof,427036.4778205931,1.0,2.341720325869025e-06,481299802.23582095,False
1128,+87409+19348,17.38105327373632,78.5212898225007,built_up,Medium,40.437653,0.32413515,Cool roof,427087.63064862473,1.0,2.3414398550510214e-06,481726889.86646956,False
1129,+87370+19344,17.377460012600057,78.48625552642216,built_up,Medium,40.4375,0.24723744,Cool roof,427095.80911756353,1.0,2.3413950187573424e-06,482153985.6755871,False
1130,+87334+19347,17.380154958452252,78.4539161761958,built_up,High,40.4368,0.23348063,Cool roof,427089.6754206114,1.0,2.341428644968222e-06,482581075.3510077,False
1131,+87350+19417,17.44303702833682,78.46828922074084,built_up,Medium,40.436676,0.251466,Cool roof,426946.29225398856,1.0,2.3422149767847243e-06,483008021.6432617,False
1132,+87318+19342,17.375663382031927,78.43954313165077,built_up,High,40.435577,0.23222923,Cool roof,427099.8977330211,1.0,2.341372604647864e-06,483435121.5409947,False
1133,+87380+19343,17.376561697315992,78.49523867926281,built_up,Medium,40.435333,0.27411473,Cool roof,427097.85347687715,1.0,2.3413838113661685e-06,483862219.3944716,False
1134,+87350+19345,17.378358327884122,78.46828922074084,built_up,High,40.434723,0.24134822,Cool roof,427093.76465508126,1.0,2.341406226821398e-06,484289313.15912664,False
1135,+87369+19407,17.43405387549617,78.4853572111381,built_up,High,40.434357,0.19884595,Cool roof,426966.80650869873,1.0,2.3421024415855304e-06,484716279.96563536,False
1136,+87355+19411,17.437647136632428,78.47278079716118,built_up,Medium,40.434113,0.29820064,Cool roof,426958.6020445212,1.0,2.3421474475778915e-06,485143238.5676799,False
1137,+87399+19349,17.381951589020385,78.51230666966005,built_up,High,40.433685,0.19682236,Cool roof,427085.5857734706,1.0,2.341451065806767e-06,485570324.15345335,False
1138,+87380+19407,17.43405387549617,78.49523867926281,built_up,High,40.433655,0.1617703,Cool roof,426966.80650869873,1.0,2.3421024415855304e-06,485997290.95996207,False
1139,+87328+19359,17.390934741861038,78.44852628449141,built_up,High,40.43335,0.16936478,Cool roof,427065.1313478123,1.0,2.3415632103796727e-06,486424356.0913099,False
1140,+87411+19350,17.38284990430445,78.52308645306883,built_up,High,40.433136,0.16242892,Cool roof,427083.5407951495,1.0,2.3414622772354733e-06,486851439.63210505,False
1141,+87390+19379,17.40890104754234,78.50422183210345,built_up,High,40.432495,0.2388299,Cool roof,427024.1915479869,1.0,2.3417877014764513e-06,487278463.82365304,False
1142,+87389+19352,17.38464653487258,78.50332351681939,built_up,High,40.432343,0.15825415,Cool roof,427079.4505290082,1.0,2.341484702111833e-06,487705543.274182,False
1143,+87374+19404,17.431358929643974,78.48984878755842,built_up,High,40.431305,0.17028026,Cool roof,426972.9587738207,1.0,2.342068694166947e-06,488132516.2329558,False
1144,+87325+19340,17.373866751463797,78.44583133863922,built_up,High,40.42984,0.24050578,Cool roof,427103.9859357997,1.0,2.3413501932297943e-06,488559620.2188916,False
1145,+87360+19354,17.38644316544071,78.4772723735815,built_up,High,40.429443,0.17051251,Cool roof,427075.35985020373,1.0,2.3415071296802258e-06,488986695.57874185,False
1146,+87328+19353,17.385544850156645,78.44852628449141,built_up,High,40.42813,0.16110222,Cool roof,427077.40524118865,1.0,2.3414959155595174e-06,489413772.98398304,False
1147,+87341+19372,17.402612840553886,78.46020438318426,built_up,High,40.427887,0.19780129,Cool roof,427038.5251716453,1.0,2.3417090989578906e-06,489840811.5091547,False
1148,+87408+19359,17.390934741861038,78.52039150721663,built_up,Medium,40.427765,0.2877663,Cool roof,427065.1313478123,1.0,2.3415632103796727e-06,490267876.6405025,False
1149,+87402+19342,17.375663382031927,78.51500161551225,built_up,Medium,40.42746,0.2611539,Cool roof,427099.8977330211,1.0,2.341372604647864e-06,490694976.53823555,False
1150,+87344+19352,17.38464653487258,78.46289932903646,built_up,High,40.4274,0.19941421,Cool roof,427079.4505290082,1.0,2.341484702111833e-06,491122055.9887645,False
1151,+87371+19340,17.373866751463797,78.48715384170622,built_up,High,40.427002,0.15982857,Cool roof,427103.9859357997,1.0,2.3413501932297943e-06,491549159.97470033,False
1152,+87383+19354,17.38644316544071,78.497933625115,built_up,Medium,40.42691,0.2888037,Cool roof,427075.35985020373,1.0,2.3415071296802258e-06,491976235.33455056,False
1153,+87327+19372,17.402612840553886,78.44762796920735,built_up,High,40.426605,0.15358876,Cool roof,427038.5251716453,1.0,2.3417090989578906e-06,492403273.8597222,False
1154,+87364+19343,17.376561697315992,78.48086563471776,built_up,Medium,40.42636,0.25096905,Cool roof,427097.85347687715,1.0,2.3413838113661685e-06,492830371.7131991,False
1155,+87389+19347,17.380154958452252,78.50332351681939,built_up,Medium,40.425995,0.2768965,Cool roof,427089.6754206114,1.0,2.341428644968222e-06,493257461.38861966,False
1156,+87337+19343,17.376561697315992,78.456611122048,built_up,High,40.42566,0.22299671,Cool roof,427097.85347687715,1.0,2.3413838113661685e-06,493684559.24209654,False
1157,+87325+19407,17.43405387549617,78.44583133863922,built_up,High,40.425476,0.16815706,Cool roof,426966.80650869873,1.0,2.3421024415855304e-06,494111526.04860526,False
1158,+87401+19417,17.44303702833682,78.51410330022817,built_up,High,40.424896,0.23355001,Cool roof,426946.29225398856,1.0,2.3422149767847243e-06,494538472.34085923,False
1159,+87339+19344,17.377460012600057,78.45840775261613,built_up,High,40.42462,0.22264265,Cool roof,427095.80911756353,1.0,2.3413950187573424e-06,494965568.1499768,False
1160,+87395+19341,17.374765066747862,78.50871340852379,built_up,High,40.423737,0.18454455,Cool roof,427101.94188599556,1.0,2.3413613986024103e-06,495392670.0918628,False
1161,+87328+19341,17.374765066747862,78.44852628449141,built_up,Medium,40.423615,0.24230792,Cool roof,427101.94188599556,1.0,2.3413613986024103e-06,495819772.0337488,False
1162,+87327+19353,17.385544850156645,78.44762796920735,built_up,High,40.423035,0.15743147,Cool roof,427077.40524118865,1.0,2.3414959155595174e-06,496246849.43899,False
1163,+87403+19352,17.38464653487258,78.51589993079631,built_up,High,40.42276,0.21553093,Cool roof,427079.4505290082,1.0,2.341484702111833e-06,496673928.889519,False
1164,+87380+19347,17.380154958452252,78.49523867926281,built_up,High,40.422028,0.22720996,Cool roof,427089.6754206114,1.0,2.341428644968222e-06,497101018.56493956,False
1165,+87380+19351,17.383748219588515,78.49523867926281,built_up,High,40.420868,0.168288,Cool roof,427081.4957136619,1.0,2.341473489337157e-06,497528100.0606532,False
1166,+87339+19360,17.391833057145103,78.45840775261613,built_up,High,40.420685,0.1978137,Cool roof,427063.08533784345,1.0,2.3415744285388524e-06,497955163.145991,False
1167,+87339+19346,17.379256643168187,78.45840775261613,built_up,High,40.41913,0.17671849,Cool roof,427091.72008943046,1.0,2.3414174355583527e-06,498382254.86608046,False
1168,+87378+19358,17.39003642657697,78.49344204869467,built_up,High,40.419037,0.19113392,Cool roof,427067.17725461826,1.0,2.34155199289361e-06,498809322.0433351,False
1169,+87321+19410,17.436748821348363,78.44223807750296,built_up,High,40.41806,0.22403717,Cool roof,426960.65331528033,1.0,2.3421361950689414e-06,499236282.6966504,False
1170,+87326+19344,17.377460012600057,78.44672965392328,built_up,High,40.416412,0.18768087,Cool roof,427095.80911756353,1.0,2.3413950187573424e-06,499663378.50576794,False
1171,+87322+19348,17.38105327373632,78.44313639278703,built_up,High,40.41635,0.16531602,Cool roof,427087.63064862473,1.0,2.3414398550510214e-06,500090466.13641655,False
1172,+87327+19351,17.383748219588515,78.44762796920735,built_up,High,40.415802,0.19910283,Cool roof,427081.4957136619,1.0,2.341473489337157e-06,500517547.6321302,False
1173,+87380+19387,17.416087569814863,78.49523867926281,built_up,High,40.414948,0.18721192,Cool roof,427007.8040745065,1.0,2.341877573332395e-06,500944555.43620473,False
1174,+87365+19360,17.391833057145103,78.48176395000183,built_up,High,40.414764,0.21119043,Cool roof,427063.08533784345,1.0,2.3415744285388524e-06,501371618.52154255,False
1175,+87347+19349,17.381951589020385,78.46559427488866,built_up,Medium,40.413513,0.24646994,Cool roof,427085.5857734706,1.0,2.341451065806767e-06,501798704.107316,False
1176,+87386+19372,17.402612840553886,78.5006285709672,built_up,Medium,40.41336,0.30119085,Cool roof,427038.5251716453,1.0,2.3417090989578906e-06,502225742.63248765,False
1177,+87329+19361,17.392731372429168,78.44942459977548,built_up,High,40.412384,0.20534375,Cool roof,427061.0392247119,1.0,2.3415856473711663e-06,502652803.67171234,False
1178,+87373+19410,17.436748821348363,78.48895047227435,built_up,High,40.411224,0.14803728,Cool roof,426960.65331528033,1.0,2.3421361950689414e-06,503079764.32502764,False
1179,+87402+19417,17.44303702833682,78.51500161551225,built_up,High,40.410553,0.18918024,Cool roof,426946.29225398856,1.0,2.3422149767847243e-06,503506710.6172816,False
1180,+87398+19351,17.383748219588515,78.51140835437599,built_up,High,40.410095,0.20857075,Cool roof,427081.4957136619,1.0,2.341473489337157e-06,503933792.11299527,False
1181,+87342+19352,17.38464653487258,78.46110269846832,built_up,Medium,40.408966,0.29128346,Cool roof,427079.4505290082,1.0,2.341484702111833e-06,504360871.56352425,False
1182,+87395+19340,17.373866751463797,78.50871340852379,built_up,High,40.407684,0.19664022,Cool roof,427103.9859357997,1.0,2.3413501932297943e-06,504787975.54946005,False
1183,+87392+19387,17.416087569814863,78.50601846267159,built_up,Medium,40.40692,0.23964359,Cool roof,427007.8040745065,1.0,2.341877573332395e-06,505214983.3535346,False
1184,+87386+19341,17.374765066747862,78.5006285709672,built_up,Medium,40.40683,0.25673306,Cool roof,427101.94188599556,1.0,2.3413613986024103e-06,505642085.2954206,False
1185,+87374+19416,17.442138713052756,78.48984878755842,built_up,High,40.40558,0.18884514,Cool roof,426948.3441435965,1.0,2.342203720231944e-06,506069033.63956416,False
1186,+87385+19408,17.434952190780233,78.49973025568313,built_up,High,40.405365,0.21465527,Cool roof,426964.7555473694,1.0,2.3421136920727768e-06,506495998.3951115,False
1187,+87355+19341,17.374765066747862,78.47278079716118,built_up,High,40.40445,0.15893605,Cool roof,427101.94188599556,1.0,2.3413613986024103e-06,506923100.3369975,False
1188,+87401+19361,17.392731372429168,78.51410330022817,built_up,High,40.40439,0.17601904,Cool roof,427061.0392247119,1.0,2.3415856473711663e-06,507350161.3762222,False
1189,+87346+19352,17.38464653487258,78.46469595960458,built_up,High,40.40335,0.21229135,Cool roof,427079.4505290082,1.0,2.341484702111833e-06,507777240.8267512,False
1190,+87397+19363,17.394528002997298,78.51051003909191,built_up,High,40.4028,0.20117536,Cool roof,427056.9466889627,1.0,2.3416080870552553e-06,508204297.7734401,False
1191,+87333+19357,17.389138111292905,78.45301786091174,built_up,High,40.40152,0.1520051,Cool roof,427069.2230582606,1.0,2.3415407760806503e-06,508631366.9964984,False
1192,+87356+19344,17.377460012600057,78.47367911244524,built_up,High,40.40094,0.14276133,Cool roof,427095.80911756353,1.0,2.3413950187573424e-06,509058462.80561596,False
1193,+87402+19362,17.393629687713233,78.51500161551225,built_up,High,40.400665,0.18492815,Cool roof,427058.9930084181,1.0,2.3415968668766287e-06,509485521.7986244,False
1194,+87367+19409,17.4358505060643,78.48356058056996,built_up,High,40.400513,0.20365217,Cool roof,426962.70448289654,1.0,2.342124943233908e-06,509912484.5031073,False
1195,+87362+19357,17.389138111292905,78.47906900414964,built_up,High,40.399628,0.23261854,Cool roof,427069.2230582606,1.0,2.3415407760806503e-06,510339553.7261656,False
1196,+87351+19351,17.383748219588515,78.46918753602492,built_up,High,40.399475,0.16082707,Cool roof,427081.4957136619,1.0,2.341473489337157e-06,510766635.22187924,False
1197,+87378+19341,17.374765066747862,78.49344204869467,built_up,High,40.399323,0.16290106,Cool roof,427101.94188599556,1.0,2.3413613986024103e-06,511193737.16376525,False
1198,+87336+19353,17.385544850156645,78.45571280676394,built_up,Medium,40.398712,0.30195668,Cool roof,427077.40524118865,1.0,2.3414959155595174e-06,511620814.56900644,False
1199,+87381+19387,17.416087569814863,78.49613699454687,built_up,High,40.39862,0.15564649,Cool roof,427007.8040745065,1.0,2.341877573332395e-06,512047822.37308097,False
1200,+87350+19418,17.443935343620886,78.46828922074084,built_up,High,40.39856,0.22551374,Cool roof,426944.24026124045,1.0,2.3422262340115322e-06,512474766.6133422,False
1201,+87395+19357,17.389138111292905,78.50871340852379,built_up,High,40.398224,0.18037686,Cool roof,427069.2230582606,1.0,2.3415407760806503e-06,512901835.8364005,False
1202,+87378+19343,17.376561697315992,78.49344204869467,built_up,High,40.3981,0.21555954,Cool roof,427097.85347687715,1.0,2.3413838113661685e-06,513328933.6898774,False
1203,+87376+19415,17.44124039776869,78.49164541812655,built_up,High,40.39798,0.22964957,Cool roof,426950.395930064,1.0,2.342192464353174e-06,513755884.08580744,False
1204,+87360+19346,17.379256643168187,78.4772723735815,built_up,High,40.397797,0.17841123,Cool roof,427091.72008943046,1.0,2.3414174355583527e-06,514182975.8058969,False
1205,+87335+19345,17.378358327884122,78.45481449147987,built_up,High,40.39731,0.21785726,Cool roof,427093.76465508126,1.0,2.341406226821398e-06,514610069.57055193,False
1206,+87355+19372,17.402612840553886,78.47278079716118,built_up,Medium,40.397156,0.25606355,Cool roof,427038.5251716453,1.0,2.3417090989578906e-06,515037108.09572357,False
1207,+87380+19350,17.38284990430445,78.49523867926281,built_up,High,40.397095,0.21569757,Cool roof,427083.5407951495,1.0,2.3414622772354733e-06,515464191.6365187,False
1208,+87349+19357,17.389138111292905,78.46739090545678,built_up,Medium,40.39682,0.28992227,Cool roof,427069.2230582606,1.0,2.3415407760806503e-06,515891260.859577,False
1209,+87354+19354,17.38644316544071,78.47188248187712,built_up,High,40.396057,0.22990127,Cool roof,427075.35985020373,1.0,2.3415071296802258e-06,516318336.2194272,False
1210,+87354+19368,17.399019579417622,78.47188248187712,built_up,Medium,40.3956,0.2392235,Cool roof,427046.71354427113,1.0,2.3416641980464084e-06,516745382.9329715,False
1211,+87316+19366,17.397222948849492,78.43774650108263,built_up,Medium,40.394928,0.30752614,Cool roof,427050.8071116288,1.0,2.3416417516302816e-06,517172433.7400831,False
1212,+87375+19406,17.433155560212104,78.49074710284248,built_up,High,40.394836,0.15713486,Cool roof,426968.857366884,1.0,2.3420911917721534e-06,517599402.59744996,False
1213,+87356+19346,17.379256643168187,78.47367911244524,built_up,High,40.394257,0.15564357,Cool roof,427091.72008943046,1.0,2.3414174355583527e-06,518026494.3175394,False
1214,+87392+19403,17.43046061435991,78.50601846267159,built_up,High,40.39322,0.21632668,Cool roof,426975.0093225714,1.0,2.3420574463750857e-06,518453469.326862,False
1215,+87365+19362,17.393629687713233,78.48176395000183,built_up,Medium,40.39264,0.29483154,Cool roof,427058.9930084181,1.0,2.3415968668766287e-06,518880528.3198704,False
1216,+87354+19377,17.40710441697421,78.47188248187712,built_up,Medium,40.392548,0.2730179,Cool roof,427028.28738481377,1.0,2.3417652402470857e-06,519307556.6072552,False
1217,+87327+19407,17.43405387549617,78.44762796920735,built_up,High,40.391327,0.18654023,Cool roof,426966.80650869873,1.0,2.3421024415855304e-06,519734523.41376394,False
1218,+87337+19356,17.38823979600884,78.456611122048,built_up,High,40.391144,0.18476768,Cool roof,427071.26875873934,1.0,2.3415295599407763e-06,520161594.68252265,False
1219,+87359+19351,17.383748219588515,78.47637405829744,built_up,High,40.390686,0.17486043,Cool roof,427081.4957136619,1.0,2.341473489337157e-06,520588676.1782363,False
1220,+87356+19345,17.378358327884122,78.47367911244524,built_up,High,40.390167,0.12780838,Cool roof,427093.76465508126,1.0,2.341406226821398e-06,521015769.94289136,False
1221,+87354+19349,17.381951589020385,78.47188248187712,built_up,High,40.389008,0.16349687,Cool roof,427085.5857734706,1.0,2.341451065806767e-06,521442855.5286648,False
1222,+87345+19340,17.373866751463797,78.46379764432052,built_up,High,40.38571,0.17121805,Cool roof,427103.9859357997,1.0,2.3413501932297943e-06,521869959.51460063,False
1223,+87374+19350,17.38284990430445,78.48984878755842,built_up,High,40.385468,0.15427694,Cool roof,427083.5407951495,1.0,2.3414622772354733e-06,522297043.0553958,False
1224,+87374+19415,17.44124039776869,78.48984878755842,built_up,High,40.385468,0.17831449,Cool roof,426950.395930064,1.0,2.342192464353174e-06,522723993.45132583,False
1225,+87391+19345,17.378358327884122,78.50512014738753,built_up,Medium,40.384552,0.33530453,Cool roof,427093.76465508126,1.0,2.341406226821398e-06,523151087.2159809,False
1226,+87384+19348,17.38105327373632,78.49883194039907,built_up,High,40.38321,0.17648311,Cool roof,427087.63064862473,1.0,2.3414398550510214e-06,523578174.8466295,False
1227,+87397+19343,17.376561697315992,78.51051003909191,built_up,Medium,40.38321,0.2715939,Cool roof,427097.85347687715,1.0,2.3413838113661685e-06,524005272.7001064,False
1228,+87319+19363,17.394528002997298,78.44044144693483,built_up,High,40.383087,0.17376944,Cool roof,427056.9466889627,1.0,2.3416080870552553e-06,524432329.64679533,False
1229,+87325+19344,17.377460012600057,78.44583133863922,built_up,High,40.38272,0.21804386,Cool roof,427095.80911756353,1.0,2.3413950187573424e-06,524859425.4559129,False
1230,+87404+19377,17.40710441697421,78.51679824608037,built_up,Medium,40.381744,0.26305866,Cool roof,427028.28738481377,1.0,2.3417652402470857e-06,525286453.7432977,False
1231,+87328+19356,17.38823979600884,78.44852628449141,built_up,High,40.381134,0.14636414,Cool roof,427071.26875873934,1.0,2.3415295599407763e-06,525713525.0120564,False
1232,+87377+19353,17.385544850156645,78.49254373341061,built_up,High,40.38089,0.16473192,Cool roof,427077.40524118865,1.0,2.3414959155595174e-06,526140602.4172976,False
1233,+87326+19345,17.378358327884122,78.44672965392328,built_up,High,40.38022,0.19165057,Cool roof,427093.76465508126,1.0,2.341406226821398e-06,526567696.18195266,False
1234,+87328+19355,17.387341480724775,78.44852628449141,built_up,High,40.379974,0.16149205,Cool roof,427073.3143560538,1.0,2.341518344473974e-06,526994769.4963087,False
1235,+87383+19343,17.376561697315992,78.497933625115,built_up,High,40.377594,0.22576144,Cool roof,427097.85347687715,1.0,2.3413838113661685e-06,527421867.34978557,False
1236,+87329+19353,17.385544850156645,78.44942459977548,built_up,High,40.377045,0.20562145,Cool roof,427077.40524118865,1.0,2.3414959155595174e-06,527848944.75502676,False
1237,+87344+19359,17.390934741861038,78.46289932903646,built_up,High,40.376312,0.15844028,Cool roof,427065.1313478123,1.0,2.3415632103796727e-06,528276009.8863746,False
1238,+87358+19354,17.38644316544071,78.47547574301338,built_up,High,40.375397,0.23138328,Cool roof,427075.35985020373,1.0,2.3415071296802258e-06,528703085.2462248,False
1239,+87398+19363,17.394528002997298,78.51140835437599,built_up,Medium,40.37436,0.26093638,Cool roof,427056.9466889627,1.0,2.3416080870552553e-06,529130142.1929138,False
1240,+87341+19346,17.379256643168187,78.46020438318426,built_up,High,40.3743,0.2197459,Cool roof,427091.72008943046,1.0,2.3414174355583527e-06,529557233.9130032,False
1241,+87400+19349,17.381951589020385,78.51320498494411,built_up,Medium,40.374023,0.24269938,Cool roof,427085.5857734706,1.0,2.341451065806767e-06,529984319.4987767,False
1242,+87321+19347,17.380154958452252,78.44223807750296,built_up,High,40.373505,0.19792639,Cool roof,427089.6754206114,1.0,2.341428644968222e-06,530411409.17419726,False
1243,+87357+19350,17.38284990430445,78.4745774277293,built_up,High,40.373413,0.15984279,Cool roof,427083.5407951495,1.0,2.3414622772354733e-06,530838492.7149924,False
1244,+87402+19352,17.38464653487258,78.51500161551225,built_up,High,40.372772,0.22450714,Cool roof,427079.4505290082,1.0,2.341484702111833e-06,531265572.1655214,False
1245,+87385+19372,17.402612840553886,78.49973025568313,built_up,Medium,40.372223,0.2976489,Cool roof,427038.5251716453,1.0,2.3417090989578906e-06,531692610.690693,False
1246,+87345+19359,17.390934741861038,78.46379764432052,built_up,High,40.37216,0.15451255,Cool roof,427065.1313478123,1.0,2.3415632103796727e-06,532119675.82204086,False
1247,+87369+19341,17.374765066747862,78.4853572111381,built_up,High,40.371857,0.18664016,Cool roof,427101.94188599556,1.0,2.3413613986024103e-06,532546777.76392686,False
1248,+87397+19355,17.387341480724775,78.51051003909191,built_up,High,40.37149,0.219378,Cool roof,427073.3143560538,1.0,2.341518344473974e-06,532973851.0782829,False
1249,+87342+19356,17.38823979600884,78.46110269846832,built_up,High,40.371246,0.20850442,Cool roof,427071.26875873934,1.0,2.3415295599407763e-06,533400922.3470416,False
1250,+87342+19358,17.39003642657697,78.46110269846832,built_up,High,40.371185,0.19654661,Cool roof,427067.17725461826,1.0,2.34155199289361e-06,533827989.5242962,False
1251,+87403+19344,17.377460012600057,78.51589993079631,built_up,Medium,40.37021,0.26269096,Cool roof,427095.80911756353,1.0,2.3413950187573424e-06,534255085.3334138,False
1252,+87372+19345,17.378358327884122,78.48805215699028,built_up,Medium,40.370148,0.3145898,Cool roof,427093.76465508126,1.0,2.341406226821398e-06,534682179.09806883,False
1253,+87340+19351,17.383748219588515,78.4593060679002,built_up,Medium,40.368805,0.25497025,Cool roof,427081.4957136619,1.0,2.341473489337157e-06,535109260.5937825,False
1254,+87373+19402,17.42956229907584,78.48895047227435,built_up,Medium,40.368073,0.2522342,Cool roof,426977.0597681764,1.0,2.3420461992570315e-06,535536237.6535507,False
1255,+87339+19361,17.392731372429168,78.45840775261613,built_up,High,40.365723,0.17642088,Cool roof,427061.0392247119,1.0,2.3415856473711663e-06,535963298.69277537,False
1256,+87321+19344,17.377460012600057,78.44223807750296,built_up,High,40.36548,0.19414201,Cool roof,427095.80911756353,1.0,2.3413950187573424e-06,536390394.5018929,False
1257,+87355+19352,17.38464653487258,78.47278079716118,built_up,Medium,40.36447,0.24073707,Cool roof,427079.4505290082,1.0,2.341484702111833e-06,536817473.9524219,False
1258,+87373+19409,17.4358505060643,78.48895047227435,built_up,High,40.364227,0.16505109,Cool roof,426962.70448289654,1.0,2.342124943233908e-06,537244436.6569048,False
1259,+87375+19400,17.42776566850771,78.49074710284248,built_up,Medium,40.363953,0.24031782,Cool roof,426981.160349948,1.0,2.3420237070422817e-06,537671417.8172548,False
1260,+87342+19351,17.383748219588515,78.46110269846832,built_up,Medium,40.363434,0.27486268,Cool roof,427081.4957136619,1.0,2.341473489337157e-06,538098499.3129685,False
1261,+87376+19410,17.436748821348363,78.49164541812655,built_up,High,40.362915,0.15914465,Cool roof,426960.65331528033,1.0,2.3421361950689414e-06,538525459.9662838,False
1262,+87392+19352,17.38464653487258,78.50601846267159,built_up,High,40.362732,0.16032818,Cool roof,427079.4505290082,1.0,2.341484702111833e-06,538952539.4168128,False
1263,+87375+19359,17.390934741861038,78.49074710284248,built_up,High,40.361847,0.19820544,Cool roof,427065.1313478123,1.0,2.3415632103796727e-06,539379604.5481606,False
1264,+87373+19349,17.381951589020385,78.48895047227435,built_up,Medium,40.361298,0.26562163,Cool roof,427085.5857734706,1.0,2.341451065806767e-06,539806690.133934,False
1265,+87318+19340,17.373866751463797,78.43954313165077,built_up,High,40.360504,0.20602396,Cool roof,427103.9859357997,1.0,2.3413501932297943e-06,540233794.1198698,False
1266,+87393+19357,17.389138111292905,78.50691677795565,built_up,High,40.360382,0.16265136,Cool roof,427069.2230582606,1.0,2.3415407760806503e-06,540660863.342928,False
1267,+87326+19370,17.400816209985756,78.44672965392328,built_up,High,40.360138,0.16370696,Cool roof,427042.6195642755,1.0,2.3416866471555702e-06,541087905.9624923,False
1268,+87375+19364,17.395426318281363,78.49074710284248,built_up,High,40.35977,0.22887665,Cool roof,427054.9002663456,1.0,2.341619307907063e-06,541514960.8627586,False
1269,+87342+19353,17.385544850156645,78.46110269846832,built_up,Medium,40.35965,0.24382345,Cool roof,427077.40524118865,1.0,2.3414959155595174e-06,541942038.2679998,False
1270,+87347+19342,17.375663382031927,78.46559427488866,built_up,High,40.3591,0.15628296,Cool roof,427099.8977330211,1.0,2.341372604647864e-06,542369138.1657327,False
1271,+87338+19341,17.374765066747862,78.45750943733206,built_up,High,40.35898,0.20421878,Cool roof,427101.94188599556,1.0,2.3413613986024103e-06,542796240.1076187,False
1272,+87402+19340,17.373866751463797,78.51500161551225,built_up,High,40.358856,0.23583964,Cool roof,427103.9859357997,1.0,2.3413501932297943e-06,543223344.0935545,False
1273,+87377+19406,17.433155560212104,78.49254373341061,built_up,High,40.357727,0.1648005,Cool roof,426968.857366884,1.0,2.3420911917721534e-06,543650312.9509214,False
1274,+87381+19375,17.40530778640608,78.49613699454687,built_up,High,40.35559,0.14607686,Cool roof,427032.38280901685,1.0,2.3417427817113192e-06,544077345.3337305,False
1275,+87376+19411,17.437647136632428,78.49164541812655,built_up,High,40.355316,0.1895296,Cool roof,426958.6020445212,1.0,2.3421474475778915e-06,544504303.9357749,False
1276,+87358+19348,17.38105327373632,78.47547574301338,built_up,High,40.354187,0.1555447,Cool roof,427087.63064862473,1.0,2.3414398550510214e-06,544931391.5664235,False
1277,+87390+19351,17.383748219588515,78.50422183210345,built_up,High,40.353363,0.15266031,Cool roof,427081.4957136619,1.0,2.341473489337157e-06,545358473.0621372,False
1278,+87362+19353,17.385544850156645,78.47906900414964,built_up,High,40.35324,0.20962971,Cool roof,427077.40524118865,1.0,2.3414959155595174e-06,545785550.4673784,False
1279,+87398+19360,17.391833057145103,78.51140835437599,built_up,High,40.35324,0.22225627,Cool roof,427063.08533784345,1.0,2.3415744285388524e-06,546212613.5527163,False
1280,+87386+19405,17.43225724492804,78.5006285709672,built_up,High,40.35263,0.15954235,Cool roof,426970.90812192473,1.0,2.3420799426326314e-06,546639584.4608382,False
1281,+87357+19347,17.380154958452252,78.4745774277293,built_up,High,40.35141,0.14984463,Cool roof,427089.6754206114,1.0,2.341428644968222e-06,547066674.1362588,False
1282,+87385+19345,17.378358327884122,78.49973025568313,built_up,High,40.351105,0.18530281,Cool roof,427093.76465508126,1.0,2.341406226821398e-06,547493767.900914,False
1283,+87359+19368,17.399019579417622,78.47637405829744,built_up,Medium,40.34845,0.31256676,Cool roof,427046.71354427113,1.0,2.3416641980464084e-06,547920814.6144582,False
1284,+87365+19366,17.397222948849492,78.48176395000183,built_up,High,40.3472,0.18690287,Cool roof,427050.8071116288,1.0,2.3416417516302816e-06,548347865.4215698,False
1285,+87395+19360,17.391833057145103,78.50871340852379,built_up,High,40.347168,0.17775616,Cool roof,427063.08533784345,1.0,2.3415744285388524e-06,548774928.5069077,False
1286,+87341+19359,17.390934741861038,78.46020438318426,built_up,High,40.347015,0.21473202,Cool roof,427065.1313478123,1.0,2.3415632103796727e-06,549201993.6382555,False
1287,+87388+19390,17.418782515667058,78.50242520153533,built_up,Medium,40.346863,0.24428548,Cool roof,427001.65706993314,1.0,2.341911286391619e-06,549628995.2953254,False
1288,+87367+19407,17.43405387549617,78.48356058056996,built_up,Medium,40.346527,0.28651622,Cool roof,426966.80650869873,1.0,2.3421024415855304e-06,550055962.101834,False
1289,+87321+19341,17.374765066747862,78.44223807750296,built_up,High,40.343964,0.1790065,Cool roof,427101.94188599556,1.0,2.3413613986024103e-06,550483064.04372,False
1290,+87373+19413,17.439443767200558,78.48895047227435,built_up,High,40.34308,0.20638537,Cool roof,426954.49919357605,1.0,2.342169954617604e-06,550910018.5429136,False
1291,+87342+19363,17.394528002997298,78.46110269846832,built_up,High,40.34305,0.14263585,Cool roof,427056.9466889627,1.0,2.3416080870552553e-06,551337075.4896026,False
1292,+87348+19353,17.385544850156645,78.46649259017272,built_up,High,40.342743,0.22806196,Cool roof,427077.40524118865,1.0,2.3414959155595174e-06,551764152.8948437,False
1293,+87384+19372,17.402612840553886,78.49883194039907,built_up,High,40.341705,0.1738091,Cool roof,427038.5251716453,1.0,2.3417090989578906e-06,552191191.4200153,False
1294,+87341+19344,17.377460012600057,78.46020438318426,built_up,High,40.34134,0.17073825,Cool roof,427095.80911756353,1.0,2.3413950187573424e-06,552618287.2291329,False
1295,+87339+19351,17.383748219588515,78.45840775261613,built_up,Medium,40.341278,0.24555594,Cool roof,427081.4957136619,1.0,2.341473489337157e-06,553045368.7248466,False
1296,+87366+19365,17.396324633565428,78.4826622652859,built_up,High,40.341034,0.1577002,Cool roof,427052.85374056763,1.0,2.341630529432066e-06,553472421.5785872,False
1297,+87325+19375,17.40530778640608,78.44583133863922,built_up,High,40.340546,0.15882286,Cool roof,427032.38280901685,1.0,2.3417427817113192e-06,553899453.9613962,False
1298,+87358+19413,17.439443767200558,78.47547574301338,built_up,Medium,40.339508,0.2734669,Cool roof,426954.49919357605,1.0,2.342169954617604e-06,554326408.4605898,False
1299,+87359+19367,17.398121264133557,78.47637405829744,built_up,Medium,40.33835,0.3093569,Cool roof,427048.7603795299,1.0,2.3416529745017237e-06,554753457.2209693,False
1300,+87384+19405,17.43225724492804,78.49883194039907,built_up,Medium,40.338287,0.23781249,Cool roof,426970.90812192473,1.0,2.3420799426326314e-06,555180428.1290913,False
1301,+87339+19418,17.443935343620886,78.45840775261613,built_up,Medium,40.337982,0.28461567,Cool roof,426944.24026124045,1.0,2.3422262340115322e-06,555607372.3693525,False
1302,+87328+19354,17.38644316544071,78.44852628449141,built_up,High,40.33792,0.15709005,Cool roof,427075.35985020373,1.0,2.3415071296802258e-06,556034447.7292026,False
1303,+87320+19363,17.394528002997298,78.44133976221889,built_up,High,40.33365,0.23226573,Cool roof,427056.9466889627,1.0,2.3416080870552553e-06,556461504.6758916,False
1304,+87322+19397,17.425070722655516,78.44313639278703,built_up,Medium,40.333588,0.27075025,Cool roof,426987.3104490032,1.0,2.3419899737733167e-06,556888491.9863406,False
1305,+87386+19345,17.378358327884122,78.5006285709672,built_up,Medium,40.333282,0.26525152,Cool roof,427093.76465508126,1.0,2.341406226821398e-06,557315585.7509958,False
1306,+87377+19415,17.44124039776869,78.49254373341061,built_up,Medium,40.333252,0.28728947,Cool roof,426950.395930064,1.0,2.342192464353174e-06,557742536.1469258,False
1307,+87364+19356,17.38823979600884,78.48086563471776,built_up,High,40.332733,0.23135556,Cool roof,427071.26875873934,1.0,2.3415295599407763e-06,558169607.4156846,False
1308,+87328+19352,17.38464653487258,78.44852628449141,built_up,High,40.331146,0.1774572,Cool roof,427079.4505290082,1.0,2.341484702111833e-06,558596686.8662136,False
1309,+87374+19411,17.437647136632428,78.48984878755842,built_up,High,40.331024,0.16060829,Cool roof,426958.6020445212,1.0,2.3421474475778915e-06,559023645.468258,False
1310,+87363+19357,17.389138111292905,78.4799673194337,built_up,Medium,40.330902,0.28081825,Cool roof,427069.2230582606,1.0,2.3415407760806503e-06,559450714.6913162,False
1311,+87334+19348,17.38105327373632,78.4539161761958,built_up,High,40.33084,0.22815433,Cool roof,427087.63064862473,1.0,2.3414398550510214e-06,559877802.3219649,False
1312,+87345+19393,17.421477461519256,78.46379764432052,built_up,High,40.33017,0.16131707,Cool roof,426995.50913700275,1.0,2.341945005513271e-06,560304797.8311019,False
1313,+87384+19343,17.376561697315992,78.49883194039907,built_up,Medium,40.329193,0.27157477,Cool roof,427097.85347687715,1.0,2.3413838113661685e-06,560731895.6845788,False
1314,+87356+19347,17.380154958452252,78.47367911244524,built_up,High,40.32907,0.14315061,Cool roof,427089.6754206114,1.0,2.341428644968222e-06,561158985.3599994,False
1315,+87389+19350,17.38284990430445,78.50332351681939,built_up,High,40.328156,0.17705247,Cool roof,427083.5407951495,1.0,2.3414622772354733e-06,561586068.9007946,False
1316,+87314+19349,17.381951589020385,78.4359498705145,built_up,High,40.3266,0.15515889,Cool roof,427085.5857734706,1.0,2.341451065806767e-06,562013154.4865681,False
1317,+87359+19355,17.387341480724775,78.47637405829744,built_up,Medium,40.326447,0.32107505,Cool roof,427073.3143560538,1.0,2.341518344473974e-06,562440227.8009242,False
1318,+87380+19376,17.406206101690145,78.49523867926281,built_up,High,40.32617,0.18544665,Cool roof,427030.3351484935,1.0,2.34175401064251e-06,562867258.1360726,False
1319,+87371+19357,17.389138111292905,78.48715384170622,built_up,High,40.325592,0.155549,Cool roof,427069.2230582606,1.0,2.3415407760806503e-06,563294327.3591309,False
1320,+87346+19340,17.373866751463797,78.46469595960458,built_up,Medium,40.325287,0.2682978,Cool roof,427103.9859357997,1.0,2.3413501932297943e-06,563721431.3450667,False
1321,+87341+19363,17.394528002997298,78.46020438318426,built_up,Medium,40.324677,0.2543848,Cool roof,427056.9466889627,1.0,2.3416080870552553e-06,564148488.2917557,False
1322,+87403+19345,17.378358327884122,78.51589993079631,built_up,Medium,40.324554,0.23600571,Cool roof,427093.76465508126,1.0,2.341406226821398e-06,564575582.0564108,False
1323,+87321+19340,17.373866751463797,78.44223807750296,built_up,High,40.324493,0.1774257,Cool roof,427103.9859357997,1.0,2.3413501932297943e-06,565002686.0423466,False
1324,+87341+19360,17.391833057145103,78.46020438318426,built_up,High,40.324493,0.19931044,Cool roof,427063.08533784345,1.0,2.3415744285388524e-06,565429749.1276845,False
1325,+87393+19359,17.390934741861038,78.50691677795565,built_up,High,40.32419,0.18063723,Cool roof,427065.1313478123,1.0,2.3415632103796727e-06,565856814.2590322,False
1326,+87333+19356,17.38823979600884,78.45301786091174,built_up,High,40.324127,0.18798454,Cool roof,427071.26875873934,1.0,2.3415295599407763e-06,566283885.527791,False
1327,+87375+19416,17.442138713052756,78.49074710284248,built_up,High,40.323456,0.1620475,Cool roof,426948.3441435965,1.0,2.342203720231944e-06,566710833.8719347,False
1328,+87387+19379,17.40890104754234,78.50152688625127,built_up,High,40.32303,0.20994051,Cool roof,427024.1915479869,1.0,2.3417877014764513e-06,567137858.0634826,False
1329,+87330+19359,17.390934741861038,78.45032291505954,built_up,Medium,40.322906,0.25149974,Cool roof,427065.1313478123,1.0,2.3415632103796727e-06,567564923.1948304,False
1330,+87384+19387,17.416087569814863,78.49883194039907,built_up,High,40.322235,0.17751013,Cool roof,427007.8040745065,1.0,2.341877573332395e-06,567991930.998905,False
1331,+87346+19360,17.391833057145103,78.46469595960458,built_up,High,40.321198,0.173828,Cool roof,427063.08533784345,1.0,2.3415744285388524e-06,568418994.0842428,False
1332,+87363+19356,17.38823979600884,78.4799673194337,built_up,High,40.32083,0.21107557,Cool roof,427071.26875873934,1.0,2.3415295599407763e-06,568846065.3530016,False
1333,+87340+19344,17.377460012600057,78.4593060679002,built_up,High,40.320404,0.18790427,Cool roof,427095.80911756353,1.0,2.3413950187573424e-06,569273161.1621192,False
1334,+87376+19355,17.387341480724775,78.49164541812655,built_up,High,40.32016,0.13687475,Cool roof,427073.3143560538,1.0,2.341518344473974e-06,569700234.4764752,False
1335,+87321+19368,17.399019579417622,78.44223807750296,built_up,Medium,40.320038,0.37638062,Cool roof,427046.71354427113,1.0,2.3416641980464084e-06,570127281.1900195,False
1336,+87365+19349,17.381951589020385,78.48176395000183,built_up,High,40.317352,0.2065717,Cool roof,427085.5857734706,1.0,2.341451065806767e-06,570554366.775793,False
1337,+87404+19361,17.392731372429168,78.51679824608037,built_up,High,40.317352,0.16695152,Cool roof,427061.0392247119,1.0,2.3415856473711663e-06,570981427.8150177,False
1338,+87341+19358,17.39003642657697,78.46020438318426,built_up,High,40.316437,0.21896815,Cool roof,427067.17725461826,1.0,2.34155199289361e-06,571408494.9922724,False
1339,+87376+19353,17.385544850156645,78.49164541812655,built_up,High,40.315643,0.20366485,Cool roof,427077.40524118865,1.0,2.3414959155595174e-06,571835572.3975135,False
1340,+87403+19362,17.393629687713233,78.51589993079631,built_up,High,40.314972,0.14924069,Cool roof,427058.9930084181,1.0,2.3415968668766287e-06,572262631.3905219,False
1341,+87359+19345,17.378358327884122,78.47637405829744,built_up,High,40.313507,0.16139123,Cool roof,427093.76465508126,1.0,2.341406226821398e-06,572689725.155177,False
1342,+87358+19355,17.387341480724775,78.47547574301338,built_up,High,40.313446,0.21259272,Cool roof,427073.3143560538,1.0,2.341518344473974e-06,573116798.4695331,False
1343,+87403+19378,17.408002732258275,78.51589993079631,built_up,High,40.31317,0.17588146,Cool roof,427026.23951797804,1.0,2.341776470525061e-06,573543824.709051,False
1344,+87363+19341,17.374765066747862,78.4799673194337,built_up,High,40.312958,0.22922489,Cool roof,427101.94188599556,1.0,2.3413613986024103e-06,573970926.650937,False
1345,+87340+19354,17.38644316544071,78.4593060679002,built_up,High,40.312775,0.15031107,Cool roof,427075.35985020373,1.0,2.3415071296802258e-06,574398002.0107871,False
1346,+87378+19388,17.416985885098928,78.49344204869467,built_up,High,40.31192,0.21309343,Cool roof,427005.7551761335,1.0,2.341888810345226e-06,574825007.7659633,False
1347,+87409+19389,17.417884200382993,78.5212898225007,built_up,Medium,40.310547,0.23903415,Cool roof,427003.7061746089,1.0,2.3419000480316284e-06,575252011.4721379,False
1348,+87374+19409,17.4358505060643,78.48984878755842,built_up,High,40.310272,0.1537061,Cool roof,426962.70448289654,1.0,2.342124943233908e-06,575678974.1766208,False
1349,+87321+19364,17.395426318281363,78.44223807750296,built_up,High,40.310028,0.17020589,Cool roof,427054.9002663456,1.0,2.341619307907063e-06,576106029.0768871,False
1350,+87340+19342,17.375663382031927,78.4593060679002,built_up,Medium,40.309418,0.23429985,Cool roof,427099.8977330211,1.0,2.341372604647864e-06,576533128.9746201,False
1351,+87381+19342,17.375663382031927,78.49613699454687,built_up,High,40.309082,0.19030145,Cool roof,427099.8977330211,1.0,2.341372604647864e-06,576960228.8723531,False
1352,+87315+19387,17.416087569814863,78.43684818579857,built_up,Medium,40.30905,0.24883944,Cool roof,427007.8040745065,1.0,2.341877573332395e-06,577387236.6764276,False
1353,+87349+19361,17.392731372429168,78.46739090545678,built_up,High,40.30902,0.15568341,Cool roof,427061.0392247119,1.0,2.3415856473711663e-06,577814297.7156523,False
1354,+87338+19365,17.396324633565428,78.45750943733206,built_up,Medium,40.30789,0.23956019,Cool roof,427052.85374056763,1.0,2.341630529432066e-06,578241350.5693929,False
1355,+87411+19421,17.44663028947308,78.52308645306883,built_up,High,40.306976,0.19557622,Cool roof,426938.0836641594,1.0,2.3422600097362737e-06,578668288.6530571,False
1356,+87335+19346,17.379256643168187,78.45481449147987,built_up,Medium,40.306854,0.2763561,Cool roof,427091.72008943046,1.0,2.3414174355583527e-06,579095380.3731465,False
1357,+87340+19363,17.394528002997298,78.4593060679002,built_up,High,40.306335,0.21044305,Cool roof,427056.9466889627,1.0,2.3416080870552553e-06,579522437.3198355,False
1358,+87343+19359,17.390934741861038,78.4620010137524,built_up,High,40.305695,0.1521658,Cool roof,427065.1313478123,1.0,2.3415632103796727e-06,579949502.4511833,False
1359,+87379+19342,17.375663382031927,78.49434036397874,built_up,High,40.30539,0.19094804,Cool roof,427099.8977330211,1.0,2.341372604647864e-06,580376602.3489163,False
1360,+87373+19361,17.392731372429168,78.48895047227435,built_up,High,40.304962,0.19007039,Cool roof,427061.0392247119,1.0,2.3415856473711663e-06,580803663.388141,False
1361,+87383+19346,17.379256643168187,78.497933625115,built_up,High,40.304626,0.17534536,Cool roof,427091.72008943046,1.0,2.3414174355583527e-06,581230755.1082305,False
1362,+87353+19348,17.38105327373632,78.47098416659304,built_up,High,40.304565,0.16627525,Cool roof,427087.63064862473,1.0,2.3414398550510214e-06,581657842.7388791,False
1363,+87373+19352,17.38464653487258,78.48895047227435,built_up,Medium,40.30423,0.26509383,Cool roof,427079.4505290082,1.0,2.341484702111833e-06,582084922.1894081,False
1364,+87371+19355,17.387341480724775,78.48715384170622,built_up,Medium,40.302094,0.271191,Cool roof,427073.3143560538,1.0,2.341518344473974e-06,582511995.5037642,False
1365,+87377+19351,17.383748219588515,78.49254373341061,built_up,High,40.299286,0.14483713,Cool roof,427081.4957136619,1.0,2.341473489337157e-06,582939076.9994779,False
1366,+87412+19362,17.393629687713233,78.52398476835289,built_up,High,40.29898,0.15457696,Cool roof,427058.9930084181,1.0,2.3415968668766287e-06,583366135.9924862,False
1367,+87368+19348,17.38105327373632,78.48445889585402,built_up,Medium,40.297455,0.24096826,Cool roof,427087.63064862473,1.0,2.3414398550510214e-06,583793223.6231349,False
1368,+87327+19408,17.434952190780233,78.44762796920735,built_up,High,40.297394,0.18098201,Cool roof,426964.7555473694,1.0,2.3421136920727768e-06,584220188.3786823,False
1369,+87350+19340,17.373866751463797,78.46828922074084,built_up,High,40.296906,0.17162399,Cool roof,427103.9859357997,1.0,2.3413501932297943e-06,584647292.3646181,False
1370,+87346+19341,17.374765066747862,78.46469595960458,built_up,High,40.295197,0.15695424,Cool roof,427101.94188599556,1.0,2.3413613986024103e-06,585074394.306504,False
1371,+87364+19359,17.390934741861038,78.48086563471776,built_up,High,40.29471,0.18864673,Cool roof,427065.1313478123,1.0,2.3415632103796727e-06,585501459.4378518,False
1372,+87325+19369,17.399917894701687,78.44583133863922,built_up,High,40.294098,0.17811441,Cool roof,427044.66660585295,1.0,2.3416754222643517e-06,585928504.1044576,False
1373,+87375+19405,17.43225724492804,78.49074710284248,built_up,Medium,40.291046,0.27091512,Cool roof,426970.90812192473,1.0,2.3420799426326314e-06,586355475.0125796,False
1374,+87323+19362,17.393629687713233,78.44403470807109,built_up,High,40.290955,0.15834098,Cool roof,427058.9930084181,1.0,2.3415968668766287e-06,586782534.0055879,False
1375,+87345+19390,17.418782515667058,78.46379764432052,built_up,High,40.289795,0.15232462,Cool roof,427001.65706993314,1.0,2.341911286391619e-06,587209535.6626579,False
1376,+87338+19361,17.392731372429168,78.45750943733206,built_up,High,40.289154,0.16788757,Cool roof,427061.0392247119,1.0,2.3415856473711663e-06,587636596.7018826,False
1377,+87376+19406,17.433155560212104,78.49164541812655,built_up,High,40.289154,0.15925586,Cool roof,426968.857366884,1.0,2.3420911917721534e-06,588063565.5592495,False
1378,+87378+19367,17.398121264133557,78.49344204869467,built_up,High,40.288513,0.17630975,Cool roof,427048.7603795299,1.0,2.3416529745017237e-06,588490614.3196291,False
1379,+87412+19379,17.40890104754234,78.52398476835289,built_up,Medium,40.288483,0.34369522,Cool roof,427024.1915479869,1.0,2.3417877014764513e-06,588917638.5111771,False
1380,+87409+19354,17.38644316544071,78.5212898225007,built_up,High,40.28824,0.21208535,Cool roof,427075.35985020373,1.0,2.3415071296802258e-06,589344713.8710272,False
1381,+87332+19357,17.389138111292905,78.45211954562768,built_up,High,40.287994,0.17255509,Cool roof,427069.2230582606,1.0,2.3415407760806503e-06,589771783.0940855,False
1382,+87407+19399,17.426867353223646,78.51949319193257,built_up,High,40.287537,0.20683922,Cool roof,426983.2104861137,1.0,2.3420124619455547e-06,590198766.3045715,False
1383,+87388+19379,17.40890104754234,78.50242520153533,built_up,Medium,40.287292,0.24020648,Cool roof,427024.1915479869,1.0,2.3417877014764513e-06,590625790.4961195,False
1384,+87327+19371,17.40171452526982,78.44762796920735,built_up,High,40.28592,0.16678517,Cool roof,427040.5724195397,1.0,2.341697872720077e-06,591052831.068539,False
1385,+87340+19355,17.387341480724775,78.4593060679002,built_up,High,40.28543,0.19100459,Cool roof,427073.3143560538,1.0,2.341518344473974e-06,591479904.3828951,False
1386,+87390+19345,17.378358327884122,78.50422183210345,built_up,Medium,40.285248,0.2960159,Cool roof,427093.76465508126,1.0,2.341406226821398e-06,591906998.1475502,False
1387,+87398+19345,17.378358327884122,78.51140835437599,built_up,Medium,40.2847,0.27480012,Cool roof,427093.76465508126,1.0,2.341406226821398e-06,592334091.9122053,False
1388,+87356+19343,17.376561697315992,78.47367911244524,built_up,High,40.284515,0.16778153,Cool roof,427097.85347687715,1.0,2.3413838113661685e-06,592761189.7656822,False
1389,+87367+19345,17.378358327884122,78.48356058056996,built_up,Medium,40.284332,0.34799024,Cool roof,427093.76465508126,1.0,2.341406226821398e-06,593188283.5303373,False
1390,+87324+19354,17.38644316544071,78.44493302335515,built_up,High,40.283813,0.1520766,Cool roof,427075.35985020373,1.0,2.3415071296802258e-06,593615358.8901875,False
1391,+87329+19354,17.38644316544071,78.44942459977548,built_up,High,40.28366,0.2008941,Cool roof,427075.35985020373,1.0,2.3415071296802258e-06,594042434.2500377,False
1392,+87388+19345,17.378358327884122,78.50242520153533,built_up,Medium,40.28363,0.2666698,Cool roof,427093.76465508126,1.0,2.341406226821398e-06,594469528.0146928,False
1393,+87358+19358,17.39003642657697,78.47547574301338,built_up,High,40.28305,0.17019144,Cool roof,427067.17725461826,1.0,2.34155199289361e-06,594896595.1919475,False
1394,+87363+19354,17.38644316544071,78.4799673194337,built_up,High,40.281677,0.151449,Cool roof,427075.35985020373,1.0,2.3415071296802258e-06,595323670.5517976,False
1395,+87316+19344,17.377460012600057,78.43774650108263,built_up,High,40.28055,0.18719727,Cool roof,427095.80911756353,1.0,2.3413950187573424e-06,595750766.3609152,False
1396,+87389+19344,17.377460012600057,78.50332351681939,built_up,High,40.28006,0.15876736,Cool roof,427095.80911756353,1.0,2.3413950187573424e-06,596177862.1700327,False
1397,+87365+19341,17.374765066747862,78.48176395000183,built_up,Medium,40.279724,0.2725522,Cool roof,427101.94188599556,1.0,2.3413613986024103e-06,596604964.1119187,False
1398,+87367+19380,17.409799362826405,78.48356058056996,built_up,Medium,40.279083,0.26188654,Cool roof,427022.1434748407,1.0,2.3417989331012717e-06,597031986.2553935,False
1399,+87372+19354,17.38644316544071,78.48805215699028,built_up,Medium,40.279083,0.2916616,Cool roof,427075.35985020373,1.0,2.3415071296802258e-06,597459061.6152437,False
1400,+87343+19344,17.377460012600057,78.4620010137524,built_up,High,40.278595,0.15794688,Cool roof,427095.80911756353,1.0,2.3413950187573424e-06,597886157.4243612,False
1401,+87389+19351,17.383748219588515,78.50332351681939,built_up,High,40.27768,0.15846594,Cool roof,427081.4957136619,1.0,2.341473489337157e-06,598313238.9200749,False
1402,+87382+19406,17.433155560212104,78.49703530983093,built_up,High,40.277557,0.21741897,Cool roof,426968.857366884,1.0,2.3420911917721534e-06,598740207.7774419,False
1403,+87376+19407,17.43405387549617,78.49164541812655,built_up,High,40.27591,0.13811262,Cool roof,426966.80650869873,1.0,2.3421024415855304e-06,599167174.5839505,False
1404,+87350+19361,17.392731372429168,78.46828922074084,built_up,High,40.275238,0.2165984,Cool roof,427061.0392247119,1.0,2.3415856473711663e-06,599594235.6231753,False
1405,+87338+19413,17.439443767200558,78.45750943733206,built_up,Medium,40.275116,0.23162949,Cool roof,426954.49919357605,1.0,2.342169954617604e-06,600021190.1223688,False
1406,+87326+19372,17.402612840553886,78.44672965392328,built_up,High,40.27469,0.1831375,Cool roof,427038.5251716453,1.0,2.3417090989578906e-06,600448228.6475405,False
1407,+87333+19358,17.39003642657697,78.45301786091174,built_up,High,40.273712,0.16290656,Cool roof,427067.17725461826,1.0,2.34155199289361e-06,600875295.8247951,False
1408,+87384+19347,17.380154958452252,78.49883194039907,built_up,High,40.27298,0.19448328,Cool roof,427089.6754206114,1.0,2.341428644968222e-06,601302385.5002158,False
1409,+87371+19358,17.39003642657697,78.48715384170622,built_up,High,40.272095,0.15491472,Cool roof,427067.17725461826,1.0,2.34155199289361e-06,601729452.6774704,False
1410,+87412+19361,17.392731372429168,78.52398476835289,built_up,High,40.27118,0.15417917,Cool roof,427061.0392247119,1.0,2.3415856473711663e-06,602156513.7166952,False
1411,+87334+19353,17.385544850156645,78.4539161761958,built_up,Medium,40.269684,0.23092996,Cool roof,427077.40524118865,1.0,2.3414959155595174e-06,602583591.1219363,False
1412,+87337+19364,17.395426318281363,78.456611122048,built_up,Medium,40.269135,0.3176076,Cool roof,427054.9002663456,1.0,2.341619307907063e-06,603010646.0222026,False
1413,+87389+19342,17.375663382031927,78.50332351681939,built_up,Medium,40.26895,0.31115496,Cool roof,427099.8977330211,1.0,2.341372604647864e-06,603437745.9199356,False
1414,+87374+19353,17.385544850156645,78.48984878755842,built_up,High,40.26758,0.18370704,Cool roof,427077.40524118865,1.0,2.3414959155595174e-06,603864823.3251767,False
1415,+87351+19349,17.381951589020385,78.46918753602492,built_up,High,40.26657,0.16219783,Cool roof,427085.5857734706,1.0,2.341451065806767e-06,604291908.9109502,False
1416,+87372+19362,17.393629687713233,78.48805215699028,built_up,High,40.266388,0.21006633,Cool roof,427058.9930084181,1.0,2.3415968668766287e-06,604718967.9039586,False
1417,+87342+19364,17.395426318281363,78.46110269846832,built_up,High,40.266144,0.15425016,Cool roof,427054.9002663456,1.0,2.341619307907063e-06,605146022.8042248,False
1418,+87399+19417,17.44303702833682,78.51230666966005,built_up,High,40.26587,0.2217857,Cool roof,426946.29225398856,1.0,2.3422149767847243e-06,605572969.0964788,False
1419,+87373+19407,17.43405387549617,78.48895047227435,built_up,High,40.2648,0.17151955,Cool roof,426966.80650869873,1.0,2.3421024415855304e-06,605999935.9029875,False
1420,+87314+19358,17.39003642657697,78.4359498705145,built_up,Medium,40.264557,0.24663761,Cool roof,427067.17725461826,1.0,2.34155199289361e-06,606427003.0802422,False
1421,+87315+19341,17.374765066747862,78.43684818579857,built_up,Medium,40.264496,0.31232005,Cool roof,427101.94188599556,1.0,2.3413613986024103e-06,606854105.0221281,False
1422,+87377+19350,17.38284990430445,78.49254373341061,built_up,High,40.26419,0.16691336,Cool roof,427083.5407951495,1.0,2.3414622772354733e-06,607281188.5629233,False
1423,+87353+19414,17.440342082484626,78.47098416659304,built_up,High,40.26416,0.19145976,Cool roof,426952.4476133907,1.0,2.3421812091483994e-06,607708141.0105367,False
1424,+87400+19357,17.389138111292905,78.51320498494411,built_up,High,40.263947,0.1890568,Cool roof,427069.2230582606,1.0,2.3415407760806503e-06,608135210.2335949,False
1425,+87375+19354,17.38644316544071,78.49074710284248,built_up,Medium,40.263397,0.23118845,Cool roof,427075.35985020373,1.0,2.3415071296802258e-06,608562285.5934451,False
1426,+87370+19355,17.387341480724775,78.48625552642216,built_up,High,40.26303,0.18882859,Cool roof,427073.3143560538,1.0,2.341518344473974e-06,608989358.9078012,False
1427,+87376+19352,17.38464653487258,78.49164541812655,built_up,High,40.2623,0.178222,Cool roof,427079.4505290082,1.0,2.341484702111833e-06,609416438.3583301,False
1428,+87364+19417,17.44303702833682,78.48086563471776,built_up,Medium,40.262268,0.26464027,Cool roof,426946.29225398856,1.0,2.3422149767847243e-06,609843384.6505841,False
1429,+87313+19386,17.415189254530798,78.43505155523043,built_up,High,40.261505,0.19333963,Cool roof,427009.85286972753,1.0,2.34186633699312e-06,610270394.5034539,False
1430,+87389+19387,17.416087569814863,78.50332351681939,built_up,High,40.260956,0.13537446,Cool roof,427007.8040745065,1.0,2.341877573332395e-06,610697402.3075284,False
1431,+87402+19344,17.377460012600057,78.51500161551225,built_up,High,40.260895,0.2244719,Cool roof,427095.80911756353,1.0,2.3413950187573424e-06,611124498.1166459,False
1432,+87326+19408,17.434952190780233,78.44672965392328,built_up,High,40.260834,0.16274254,Cool roof,426964.7555473694,1.0,2.3421136920727768e-06,611551462.8721933,False
1433,+87341+19345,17.378358327884122,78.46020438318426,built_up,High,40.260162,0.17547788,Cool roof,427093.76465508126,1.0,2.341406226821398e-06,611978556.6368484,False
1434,+87391+19380,17.409799362826405,78.50512014738753,built_up,High,40.260162,0.1642959,Cool roof,427022.1434748407,1.0,2.3417989331012717e-06,612405578.7803233,False
1435,+87338+19360,17.391833057145103,78.45750943733206,built_up,High,40.25946,0.20006163,Cool roof,427063.08533784345,1.0,2.3415744285388524e-06,612832641.8656611,False
1436,+87371+19359,17.390934741861038,78.48715384170622,built_up,High,40.257416,0.16867779,Cool roof,427065.1313478123,1.0,2.3415632103796727e-06,613259706.9970089,False
1437,+87391+19364,17.395426318281363,78.50512014738753,built_up,High,40.256714,0.21622877,Cool roof,427054.9002663456,1.0,2.341619307907063e-06,613686761.8972752,False
1438,+87376+19367,17.398121264133557,78.49164541812655,built_up,High,40.256195,0.18414432,Cool roof,427048.7603795299,1.0,2.3416529745017237e-06,614113810.6576548,False
1439,+87373+19411,17.437647136632428,78.48895047227435,built_up,High,40.25592,0.15742917,Cool roof,426958.6020445212,1.0,2.3421474475778915e-06,614540769.2596992,False
1440,+87326+19369,17.399917894701687,78.44672965392328,built_up,High,40.254944,0.19663164,Cool roof,427044.66660585295,1.0,2.3416754222643517e-06,614967813.926305,False
1441,+87388+19407,17.43405387549617,78.50242520153533,built_up,High,40.25351,0.16974941,Cool roof,426966.80650869873,1.0,2.3421024415855304e-06,615394780.7328137,False
1442,+87377+19405,17.43225724492804,78.49254373341061,built_up,High,40.252716,0.16187648,Cool roof,426970.90812192473,1.0,2.3420799426326314e-06,615821751.6409357,False
1443,+87371+19413,17.439443767200558,78.48715384170622,built_up,Medium,40.252594,0.28218526,Cool roof,426954.49919357605,1.0,2.342169954617604e-06,616248706.1401292,False
1444,+87343+19353,17.385544850156645,78.4620010137524,built_up,Medium,40.25238,0.24037783,Cool roof,427077.40524118865,1.0,2.3414959155595174e-06,616675783.5453703,False
1445,+87363+19349,17.381951589020385,78.4799673194337,built_up,High,40.25235,0.16302556,Cool roof,427085.5857734706,1.0,2.341451065806767e-06,617102869.1311438,False
1446,+87380+19414,17.440342082484626,78.49523867926281,built_up,High,40.25232,0.2215103,Cool roof,426952.4476133907,1.0,2.3421812091483994e-06,617529821.5787572,False
1447,+87387+19386,17.415189254530798,78.50152688625127,built_up,High,40.251312,0.14363198,Cool roof,427009.85286972753,1.0,2.34186633699312e-06,617956831.4316269,False
1448,+87394+19368,17.399019579417622,78.50781509323971,built_up,High,40.2493,0.20220798,Cool roof,427046.71354427113,1.0,2.3416641980464084e-06,618383878.1451712,False
1449,+87401+19359,17.390934741861038,78.51410330022817,built_up,Medium,40.249268,0.2570737,Cool roof,427065.1313478123,1.0,2.3415632103796727e-06,618810943.276519,False
1450,+87322+19366,17.397222948849492,78.44313639278703,built_up,Medium,40.248993,0.24175274,Cool roof,427050.8071116288,1.0,2.3416417516302816e-06,619237994.0836306,False
1451,+87370+19357,17.389138111292905,78.48625552642216,built_up,High,40.2482,0.19501163,Cool roof,427069.2230582606,1.0,2.3415407760806503e-06,619665063.3066888,False
1452,+87345+19346,17.379256643168187,78.46379764432052,built_up,High,40.24765,0.19941615,Cool roof,427091.72008943046,1.0,2.3414174355583527e-06,620092155.0267782,False
1453,+87371+19362,17.393629687713233,78.48715384170622,built_up,High,40.247345,0.19429359,Cool roof,427058.9930084181,1.0,2.3415968668766287e-06,620519214.0197866,False
1454,+87321+19371,17.40171452526982,78.44223807750296,built_up,Medium,40.247314,0.34609747,Cool roof,427040.5724195397,1.0,2.341697872720077e-06,620946254.5922061,False
1455,+87387+19404,17.431358929643974,78.50152688625127,built_up,Medium,40.24698,0.2872054,Cool roof,426972.9587738207,1.0,2.342068694166947e-06,621373227.55098,False
1456,+87409+19386,17.415189254530798,78.5212898225007,built_up,Medium,40.24582,0.29208216,Cool roof,427009.85286972753,1.0,2.34186633699312e-06,621800237.4038497,False
1457,+87386+19400,17.42776566850771,78.5006285709672,built_up,High,40.24475,0.22041635,Cool roof,426981.160349948,1.0,2.3420237070422817e-06,622227218.5641997,False
1458,+87356+19356,17.38823979600884,78.47367911244524,built_up,High,40.243713,0.21050431,Cool roof,427071.26875873934,1.0,2.3415295599407763e-06,622654289.8329585,False
1459,+87365+19361,17.392731372429168,78.48176395000183,built_up,Medium,40.2435,0.26976117,Cool roof,427061.0392247119,1.0,2.3415856473711663e-06,623081350.8721832,False
1460,+87355+19342,17.375663382031927,78.47278079716118,built_up,High,40.24301,0.1437491,Cool roof,427099.8977330211,1.0,2.341372604647864e-06,623508450.7699162,False
1461,+87372+19361,17.392731372429168,78.48805215699028,built_up,High,40.24185,0.18072794,Cool roof,427061.0392247119,1.0,2.3415856473711663e-06,623935511.8091409,False
1462,+87325+19345,17.378358327884122,78.44583133863922,built_up,Medium,40.238678,0.25940654,Cool roof,427093.76465508126,1.0,2.341406226821398e-06,624362605.573796,False
1463,+87396+19363,17.394528002997298,78.50961172380785,built_up,High,40.238678,0.16187985,Cool roof,427056.9466889627,1.0,2.3416080870552553e-06,624789662.520485,False
1464,+87370+19414,17.440342082484626,78.48625552642216,built_up,Medium,40.238068,0.2957389,Cool roof,426952.4476133907,1.0,2.3421812091483994e-06,625216614.9680984,False
1465,+87408+19347,17.380154958452252,78.52039150721663,built_up,Medium,40.238068,0.3306633,Cool roof,427089.6754206114,1.0,2.341428644968222e-06,625643704.643519,False
1466,+87332+19355,17.387341480724775,78.45211954562768,built_up,High,40.237732,0.17136982,Cool roof,427073.3143560538,1.0,2.341518344473974e-06,626070777.9578751,False
1467,+87348+19352,17.38464653487258,78.46649259017272,built_up,High,40.237427,0.15725693,Cool roof,427079.4505290082,1.0,2.341484702111833e-06,626497857.4084041,False
1468,+87383+19381,17.410697678110473,78.497933625115,built_up,High,40.236786,0.18482175,Cool roof,427020.0952985397,1.0,2.3418101653995388e-06,626924877.5037026,False
1469,+87401+19354,17.38644316544071,78.51410330022817,built_up,High,40.235992,0.18057695,Cool roof,427075.35985020373,1.0,2.3415071296802258e-06,627351952.8635528,False
1470,+87391+19352,17.38464653487258,78.50512014738753,built_up,High,40.235504,0.1405743,Cool roof,427079.4505290082,1.0,2.341484702111833e-06,627779032.3140818,False
1471,+87372+19357,17.389138111292905,78.48805215699028,built_up,High,40.235443,0.15471953,Cool roof,427069.2230582606,1.0,2.3415407760806503e-06,628206101.53714,False
1472,+87391+19376,17.406206101690145,78.50512014738753,built_up,Medium,40.234955,0.3853461,Cool roof,427030.3351484935,1.0,2.34175401064251e-06,628633131.8722885,False
1473,+87370+19354,17.38644316544071,78.48625552642216,built_up,High,40.234863,0.21178527,Cool roof,427075.35985020373,1.0,2.3415071296802258e-06,629060207.2321386,False
1474,+87316+19385,17.414290939246733,78.43774650108263,built_up,High,40.233765,0.15806557,Cool roof,427011.90156179626,1.0,2.3418551013273855e-06,629487219.1337004,False
1475,+87343+19364,17.395426318281363,78.4620010137524,built_up,High,40.233673,0.16309813,Cool roof,427054.9002663456,1.0,2.341619307907063e-06,629914274.0339667,False
1476,+87382+19413,17.439443767200558,78.49703530983093,built_up,Medium,40.233643,0.2832677,Cool roof,426954.49919357605,1.0,2.342169954617604e-06,630341228.5331602,False
1477,+87403+19343,17.376561697315992,78.51589993079631,built_up,Medium,40.23358,0.37751254,Cool roof,427097.85347687715,1.0,2.3413838113661685e-06,630768326.3866371,False
1478,+87339+19345,17.378358327884122,78.45840775261613,built_up,High,40.233,0.20184448,Cool roof,427093.76465508126,1.0,2.341406226821398e-06,631195420.1512922,False
1479,+87349+19341,17.374765066747862,78.46739090545678,built_up,High,40.232513,0.1346342,Cool roof,427101.94188599556,1.0,2.3413613986024103e-06,631622522.0931782,False
1480,+87336+19358,17.39003642657697,78.45571280676394,built_up,High,40.23239,0.20665939,Cool roof,427067.17725461826,1.0,2.34155199289361e-06,632049589.2704328,False
1481,+87370+19399,17.426867353223646,78.48625552642216,built_up,Medium,40.23166,0.29598004,Cool roof,426983.2104861137,1.0,2.3420124619455547e-06,632476572.4809189,False
1482,+87343+19341,17.374765066747862,78.4620010137524,built_up,High,40.231537,0.17912152,Cool roof,427101.94188599556,1.0,2.3413613986024103e-06,632903674.4228048,False
1483,+87335+19347,17.380154958452252,78.45481449147987,built_up,Medium,40.2305,0.26305965,Cool roof,427089.6754206114,1.0,2.341428644968222e-06,633330764.0982255,False
1484,+87341+19342,17.375663382031927,78.46020438318426,built_up,High,40.2305,0.20524314,Cool roof,427099.8977330211,1.0,2.341372604647864e-06,633757863.9959584,False
1485,+87389+19407,17.43405387549617,78.50332351681939,built_up,High,40.22931,0.14577113,Cool roof,426966.80650869873,1.0,2.3421024415855304e-06,634184830.8024671,False
1486,+87336+19343,17.376561697315992,78.45571280676394,built_up,Medium,40.22928,0.25349793,Cool roof,427097.85347687715,1.0,2.3413838113661685e-06,634611928.655944,False
1487,+87374+19412,17.438545451916493,78.48984878755842,built_up,High,40.228455,0.15295961,Cool roof,426956.55067061976,1.0,2.342158700760773e-06,635038885.2066146,False
1488,+87392+19359,17.390934741861038,78.50601846267159,built_up,High,40.227997,0.18045132,Cool roof,427065.1313478123,1.0,2.3415632103796727e-06,635465950.3379624,False
1489,+87388+19408,17.434952190780233,78.50242520153533,built_up,High,40.22769,0.19060497,Cool roof,426964.7555473694,1.0,2.3421136920727768e-06,635892915.0935098,False
1490,+87401+19353,17.385544850156645,78.51410330022817,built_up,Medium,40.22769,0.24102378,Cool roof,427077.40524118865,1.0,2.3414959155595174e-06,636319992.4987509,False
1491,+87377+19352,17.38464653487258,78.49254373341061,built_up,High,40.22766,0.14594528,Cool roof,427079.4505290082,1.0,2.341484702111833e-06,636747071.9492799,False
1492,+87379+19408,17.434952190780233,78.49434036397874,built_up,High,40.227142,0.13707596,Cool roof,426964.7555473694,1.0,2.3421136920727768e-06,637174036.7048273,False
1493,+87384+19392,17.42057914623519,78.49883194039907,built_up,Medium,40.226562,0.27839163,Cool roof,426997.55855112965,1.0,2.3419337651324247e-06,637601034.2633784,False
1494,+87407+19400,17.42776566850771,78.51949319193257,built_up,Medium,40.22586,0.22701013,Cool roof,426981.160349948,1.0,2.3420237070422817e-06,638028015.4237283,False
1495,+87372+19405,17.43225724492804,78.48805215699028,built_up,High,40.224518,0.2239635,Cool roof,426970.90812192473,1.0,2.3420799426326314e-06,638454986.3318503,False
1496,+87330+19342,17.375663382031927,78.45032291505954,built_up,High,40.223724,0.19792642,Cool roof,427099.8977330211,1.0,2.341372604647864e-06,638882086.2295833,False
1497,+87352+19362,17.393629687713233,78.47008585130898,built_up,High,40.2229,0.19383712,Cool roof,427058.9930084181,1.0,2.3415968668766287e-06,639309145.2225916,False
1498,+87408+19403,17.43046061435991,78.52039150721663,built_up,Medium,40.22287,0.35444927,Cool roof,426975.0093225714,1.0,2.3420574463750857e-06,639736120.2319142,False
1499,+87404+19360,17.391833057145103,78.51679824608037,built_up,High,40.222717,0.19621761,Cool roof,427063.08533784345,1.0,2.3415744285388524e-06,640163183.317252,False
1500,+87327+19354,17.38644316544071,78.44762796920735,built_up,High,40.22177,0.15343688,Cool roof,427075.35985020373,1.0,2.3415071296802258e-06,640590258.6771022,False
1501,+87325+19355,17.387341480724775,78.44583133863922,built_up,High,40.221283,0.16070619,Cool roof,427073.3143560538,1.0,2.341518344473974e-06,641017331.9914583,False
1502,+87404+19362,17.393629687713233,78.51679824608037,built_up,High,40.220978,0.17227603,Cool roof,427058.9930084181,1.0,2.3415968668766287e-06,641444390.9844667,False
1503,+87331+19358,17.39003642657697,78.4512212303436,built_up,High,40.220856,0.16472566,Cool roof,427067.17725461826,1.0,2.34155199289361e-06,641871458.1617213,False
1504,+87363+19358,17.39003642657697,78.4799673194337,built_up,Medium,40.22049,0.24361533,Cool roof,427067.17725461826,1.0,2.34155199289361e-06,642298525.338976,False
1505,+87360+19343,17.376561697315992,78.4772723735815,built_up,Medium,40.220276,0.23274924,Cool roof,427097.85347687715,1.0,2.3413838113661685e-06,642725623.1924529,False
1506,+87382+19414,17.440342082484626,78.49703530983093,built_up,Medium,40.21985,0.3332689,Cool roof,426952.4476133907,1.0,2.3421812091483994e-06,643152575.6400663,False
1507,+87364+19358,17.39003642657697,78.48086563471776,built_up,Medium,40.219574,0.26547402,Cool roof,427067.17725461826,1.0,2.34155199289361e-06,643579642.817321,False
1508,+87408+19362,17.393629687713233,78.52039150721663,built_up,High,40.21939,0.18821181,Cool roof,427058.9930084181,1.0,2.3415968668766287e-06,644006701.8103293,False
1509,+87392+19343,17.376561697315992,78.50601846267159,built_up,Medium,40.219147,0.33874908,Cool roof,427097.85347687715,1.0,2.3413838113661685e-06,644433799.6638062,False
1510,+87378+19406,17.433155560212104,78.49344204869467,built_up,High,40.218292,0.18796751,Cool roof,426968.857366884,1.0,2.3420911917721534e-06,644860768.5211731,False
1511,+87381+19406,17.433155560212104,78.49613699454687,built_up,Medium,40.216278,0.24187467,Cool roof,426968.857366884,1.0,2.3420911917721534e-06,645287737.37854,False
1512,+87342+19359,17.390934741861038,78.46110269846832,built_up,High,40.214996,0.17681453,Cool roof,427065.1313478123,1.0,2.3415632103796727e-06,645714802.5098878,False
1513,+87373+19360,17.391833057145103,78.48895047227435,built_up,High,40.214844,0.15333085,Cool roof,427063.08533784345,1.0,2.3415744285388524e-06,646141865.5952257,False
1514,+87370+19413,17.439443767200558,78.48625552642216,built_up,Medium,40.214264,0.28748804,Cool roof,426954.49919357605,1.0,2.342169954617604e-06,646568820.0944192,False
1515,+87375+19404,17.431358929643974,78.49074710284248,built_up,High,40.21396,0.18277939,Cool roof,426972.9587738207,1.0,2.342068694166947e-06,646995793.0531931,False
1516,+87365+19351,17.383748219588515,78.48176395000183,built_up,Medium,40.21292,0.32009447,Cool roof,427081.4957136619,1.0,2.341473489337157e-06,647422874.5489068,False
1517,+87323+19376,17.406206101690145,78.44403470807109,built_up,High,40.211884,0.20072193,Cool roof,427030.3351484935,1.0,2.34175401064251e-06,647849904.8840553,False
1518,+87346+19342,17.375663382031927,78.46469595960458,built_up,High,40.211212,0.1384365,Cool roof,427099.8977330211,1.0,2.341372604647864e-06,648277004.7817882,False
1519,+87384+19380,17.409799362826405,78.49883194039907,built_up,Medium,40.210083,0.28818363,Cool roof,427022.1434748407,1.0,2.3417989331012717e-06,648704026.925263,False
1520,+87394+19358,17.39003642657697,78.50781509323971,built_up,High,40.209686,0.19092469,Cool roof,427067.17725461826,1.0,2.34155199289361e-06,649131094.1025177,False
1521,+87351+19360,17.391833057145103,78.46918753602492,built_up,Medium,40.208588,0.23040542,Cool roof,427063.08533784345,1.0,2.3415744285388524e-06,649558157.1878556,False
1522,+87363+19360,17.391833057145103,78.4799673194337,built_up,Medium,40.208344,0.22515696,Cool roof,427063.08533784345,1.0,2.3415744285388524e-06,649985220.2731935,False
1523,+87389+19406,17.433155560212104,78.50332351681939,built_up,High,40.20804,0.12861376,Cool roof,426968.857366884,1.0,2.3420911917721534e-06,650412189.1305604,False
1524,+87375+19409,17.4358505060643,78.49074710284248,built_up,High,40.207855,0.1549801,Cool roof,426962.70448289654,1.0,2.342124943233908e-06,650839151.8350433,False
1525,+87326+19360,17.391833057145103,78.44672965392328,built_up,High,40.207764,0.17732665,Cool roof,427063.08533784345,1.0,2.3415744285388524e-06,651266214.9203812,False
1526,+87343+19340,17.373866751463797,78.4620010137524,built_up,Medium,40.207672,0.2679421,Cool roof,427103.9859357997,1.0,2.3413501932297943e-06,651693318.906317,False
1527,+87377+19407,17.43405387549617,78.49254373341061,built_up,High,40.20694,0.16318893,Cool roof,426966.80650869873,1.0,2.3421024415855304e-06,652120285.7128257,False
1528,+87400+19402,17.42956229907584,78.51320498494411,built_up,High,40.206757,0.196394,Cool roof,426977.0597681764,1.0,2.3420461992570315e-06,652547262.7725939,False
1529,+87378+19354,17.38644316544071,78.49344204869467,built_up,High,40.204926,0.15475509,Cool roof,427075.35985020373,1.0,2.3415071296802258e-06,652974338.132444,False
1530,+87363+19355,17.387341480724775,78.4799673194337,built_up,High,40.20462,0.14857595,Cool roof,427073.3143560538,1.0,2.341518344473974e-06,653401411.4468001,False
1531,+87358+19357,17.389138111292905,78.47547574301338,built_up,High,40.203156,0.19500251,Cool roof,427069.2230582606,1.0,2.3415407760806503e-06,653828480.6698583,False
1532,+87393+19366,17.397222948849492,78.50691677795565,built_up,High,40.20157,0.22206746,Cool roof,427050.8071116288,1.0,2.3416417516302816e-06,654255531.47697,False
1533,+87386+19409,17.4358505060643,78.5006285709672,built_up,High,40.201447,0.18288118,Cool roof,426962.70448289654,1.0,2.342124943233908e-06,654682494.1814529,False
1534,+87377+19410,17.436748821348363,78.49254373341061,built_up,High,40.201416,0.14765954,Cool roof,426960.65331528033,1.0,2.3421361950689414e-06,655109454.8347682,False
1535,+87379+19417,17.44303702833682,78.49434036397874,built_up,Medium,40.201202,0.24505074,Cool roof,426946.29225398856,1.0,2.3422149767847243e-06,655536401.1270221,False
1536,+87377+19404,17.431358929643974,78.49254373341061,built_up,Medium,40.199646,0.27443138,Cool roof,426972.9587738207,1.0,2.342068694166947e-06,655963374.085796,False
1537,+87395+19363,17.394528002997298,78.50871340852379,built_up,High,40.199005,0.17088385,Cool roof,427056.9466889627,1.0,2.3416080870552553e-06,656390431.032485,False
1538,+87323+19367,17.398121264133557,78.44403470807109,built_up,High,40.197906,0.22231299,Cool roof,427048.7603795299,1.0,2.3416529745017237e-06,656817479.7928646,False
1539,+87400+19403,17.43046061435991,78.51320498494411,built_up,Medium,40.19754,0.24997355,Cool roof,426975.0093225714,1.0,2.3420574463750857e-06,657244454.8021871,False
1540,+87371+19354,17.38644316544071,78.48715384170622,built_up,Medium,40.197144,0.26788735,Cool roof,427075.35985020373,1.0,2.3415071296802258e-06,657671530.1620373,False
1541,+87384+19389,17.417884200382993,78.49883194039907,built_up,High,40.193512,0.17292555,Cool roof,427003.7061746089,1.0,2.3419000480316284e-06,658098533.8682119,False
1542,+87398+19344,17.377460012600057,78.51140835437599,built_up,Medium,40.193512,0.2955353,Cool roof,427095.80911756353,1.0,2.3413950187573424e-06,658525629.6773294,False
1543,+87368+19351,17.383748219588515,78.48445889585402,built_up,Medium,40.19272,0.2581654,Cool roof,427081.4957136619,1.0,2.341473489337157e-06,658952711.1730431,False
1544,+87394+19363,17.394528002997298,78.50781509323971,built_up,High,40.191956,0.16818984,Cool roof,427056.9466889627,1.0,2.3416080870552553e-06,659379768.1197321,False
1545,+87326+19371,17.40171452526982,78.44672965392328,built_up,High,40.191193,0.18685457,Cool roof,427040.5724195397,1.0,2.341697872720077e-06,659806808.6921517,False
1546,+87364+19349,17.381951589020385,78.48086563471776,built_up,High,40.190674,0.1446516,Cool roof,427085.5857734706,1.0,2.341451065806767e-06,660233894.2779251,False
1547,+87326+19355,17.387341480724775,78.44672965392328,built_up,High,40.190308,0.14633295,Cool roof,427073.3143560538,1.0,2.341518344473974e-06,660660967.5922812,False
1548,+87356+19350,17.38284990430445,78.47367911244524,built_up,High,40.188965,0.19193086,Cool roof,427083.5407951495,1.0,2.3414622772354733e-06,661088051.1330764,False
1549,+87324+19369,17.399917894701687,78.44493302335515,built_up,High,40.188263,0.19998568,Cool roof,427044.66660585295,1.0,2.3416754222643517e-06,661515095.7996823,False
1550,+87337+19340,17.373866751463797,78.456611122048,built_up,High,40.1882,0.18422312,Cool roof,427103.9859357997,1.0,2.3413501932297943e-06,661942199.7856181,False
1551,+87357+19355,17.387341480724775,78.4745774277293,built_up,High,40.187958,0.21660529,Cool roof,427073.3143560538,1.0,2.341518344473974e-06,662369273.0999742,False
1552,+87326+19352,17.38464653487258,78.44672965392328,built_up,Medium,40.187744,0.22918786,Cool roof,427079.4505290082,1.0,2.341484702111833e-06,662796352.5505031,False
1553,+87350+19349,17.381951589020385,78.46828922074084,built_up,High,40.18741,0.1510722,Cool roof,427085.5857734706,1.0,2.341451065806767e-06,663223438.1362766,False
1554,+87368+19371,17.40171452526982,78.48445889585402,built_up,High,40.187256,0.15578651,Cool roof,427040.5724195397,1.0,2.341697872720077e-06,663650478.7086961,False
1555,+87337+19366,17.397222948849492,78.456611122048,built_up,Medium,40.18686,0.3299406,Cool roof,427050.8071116288,1.0,2.3416417516302816e-06,664077529.5158077,False
1556,+87374+19355,17.387341480724775,78.48984878755842,built_up,High,40.18643,0.15706831,Cool roof,427073.3143560538,1.0,2.341518344473974e-06,664504602.8301638,False
1557,+87372+19403,17.43046061435991,78.48805215699028,built_up,Medium,40.18631,0.22427218,Cool roof,426975.0093225714,1.0,2.3420574463750857e-06,664931577.8394864,False
1558,+87413+19362,17.393629687713233,78.52488308363696,built_up,High,40.186157,0.17582953,Cool roof,427058.9930084181,1.0,2.3415968668766287e-06,665358636.8324947,False
1559,+87344+19358,17.39003642657697,78.46289932903646,built_up,Medium,40.185516,0.26767915,Cool roof,427067.17725461826,1.0,2.34155199289361e-06,665785704.0097494,False
1560,+87337+19348,17.38105327373632,78.456611122048,built_up,High,40.18515,0.18199678,Cool roof,427087.63064862473,1.0,2.3414398550510214e-06,666212791.640398,False
1561,+87342+19343,17.376561697315992,78.46110269846832,built_up,Medium,40.183746,0.23480503,Cool roof,427097.85347687715,1.0,2.3413838113661685e-06,666639889.4938749,False
1562,+87381+19350,17.38284990430445,78.49613699454687,built_up,Medium,40.182617,0.2615666,Cool roof,427083.5407951495,1.0,2.3414622772354733e-06,667066973.0346701,False
1563,+87368+19364,17.395426318281363,78.48445889585402,built_up,High,40.182404,0.18200013,Cool roof,427054.9002663456,1.0,2.341619307907063e-06,667494027.9349364,False
1564,+87392+19357,17.389138111292905,78.50601846267159,built_up,High,40.18167,0.1511461,Cool roof,427069.2230582606,1.0,2.3415407760806503e-06,667921097.1579946,False
1565,+87357+19367,17.398121264133557,78.4745774277293,built_up,Medium,40.180267,0.29361725,Cool roof,427048.7603795299,1.0,2.3416529745017237e-06,668348145.9183742,False
1566,+87407+19362,17.393629687713233,78.51949319193257,built_up,High,40.178925,0.15659153,Cool roof,427058.9930084181,1.0,2.3415968668766287e-06,668775204.9113826,False
1567,+87344+19342,17.375663382031927,78.46289932903646,built_up,High,40.178802,0.14236379,Cool roof,427099.8977330211,1.0,2.341372604647864e-06,669202304.8091155,False
1568,+87381+19351,17.383748219588515,78.49613699454687,built_up,Medium,40.17856,0.23036599,Cool roof,427081.4957136619,1.0,2.341473489337157e-06,669629386.3048292,False
1569,+87373+19348,17.38105327373632,78.48895047227435,built_up,Medium,40.178223,0.31135255,Cool roof,427087.63064862473,1.0,2.3414398550510214e-06,670056473.9354779,False
1570,+87385+19346,17.379256643168187,78.49973025568313,built_up,High,40.17697,0.17678276,Cool roof,427091.72008943046,1.0,2.3414174355583527e-06,670483565.6555673,False
1571,+87402+19363,17.394528002997298,78.51500161551225,built_up,High,40.17679,0.16631483,Cool roof,427056.9466889627,1.0,2.3416080870552553e-06,670910622.6022563,False
1572,+87342+19344,17.377460012600057,78.46110269846832,built_up,Medium,40.176636,0.2541107,Cool roof,427095.80911756353,1.0,2.3413950187573424e-06,671337718.4113739,False
1573,+87341+19362,17.393629687713233,78.46020438318426,built_up,Medium,40.176483,0.28729847,Cool roof,427058.9930084181,1.0,2.3415968668766287e-06,671764777.4043822,False
1574,+87358+19414,17.440342082484626,78.47547574301338,built_up,Medium,40.17636,0.23896635,Cool roof,426952.4476133907,1.0,2.3421812091483994e-06,672191729.8519956,False
1575,+87401+19358,17.39003642657697,78.51410330022817,built_up,High,40.17581,0.15855081,Cool roof,427067.17725461826,1.0,2.34155199289361e-06,672618797.0292503,False
1576,+87339+19362,17.393629687713233,78.45840775261613,built_up,High,40.174957,0.17867044,Cool roof,427058.9930084181,1.0,2.3415968668766287e-06,673045856.0222586,False
1577,+87411+19415,17.44124039776869,78.52308645306883,built_up,High,40.17401,0.19988671,Cool roof,426950.395930064,1.0,2.342192464353174e-06,673472806.4181887,False
1578,+87411+19414,17.440342082484626,78.52308645306883,built_up,Medium,40.17386,0.23543581,Cool roof,426952.4476133907,1.0,2.3421812091483994e-06,673899758.865802,False
1579,+87381+19415,17.44124039776869,78.49613699454687,built_up,High,40.173004,0.19485721,Cool roof,426950.395930064,1.0,2.342192464353174e-06,674326709.2617321,False
1580,+87362+19349,17.381951589020385,78.47906900414964,built_up,High,40.172974,0.14564016,Cool roof,427085.5857734706,1.0,2.341451065806767e-06,674753794.8475056,False
1581,+87373+19412,17.438545451916493,78.48895047227435,built_up,High,40.17227,0.18936889,Cool roof,426956.55067061976,1.0,2.342158700760773e-06,675180751.3981762,False
1582,+87390+19346,17.379256643168187,78.50422183210345,built_up,Medium,40.172028,0.30814502,Cool roof,427091.72008943046,1.0,2.3414174355583527e-06,675607843.1182656,False
1583,+87375+19368,17.399019579417622,78.49074710284248,built_up,High,40.171417,0.1817025,Cool roof,427046.71354427113,1.0,2.3416641980464084e-06,676034889.8318099,False
1584,+87401+19341,17.374765066747862,78.51410330022817,built_up,Medium,40.171417,0.22736165,Cool roof,427101.94188599556,1.0,2.3413613986024103e-06,676461991.7736958,False
1585,+87395+19355,17.387341480724775,78.50871340852379,built_up,High,40.17105,0.18872684,Cool roof,427073.3143560538,1.0,2.341518344473974e-06,676889065.0880519,False
1586,+87364+19362,17.393629687713233,78.48086563471776,built_up,Medium,40.170807,0.28100717,Cool roof,427058.9930084181,1.0,2.3415968668766287e-06,677316124.0810603,False
1587,+87371+19370,17.400816209985756,78.48715384170622,built_up,High,40.16916,0.19448082,Cool roof,427042.6195642755,1.0,2.3416866471555702e-06,677743166.7006246,False
1588,+87399+19348,17.38105327373632,78.51230666966005,built_up,High,40.168976,0.19468331,Cool roof,427087.63064862473,1.0,2.3414398550510214e-06,678170254.3312732,False
1589,+87407+19385,17.414290939246733,78.51949319193257,built_up,Medium,40.1669,0.32987434,Cool roof,427011.90156179626,1.0,2.3418551013273855e-06,678597266.2328349,False
1590,+87329+19357,17.389138111292905,78.44942459977548,built_up,High,40.165375,0.16996762,Cool roof,427069.2230582606,1.0,2.3415407760806503e-06,679024335.4558932,False
1591,+87378+19391,17.419680830951123,78.49344204869467,built_up,High,40.165253,0.15738319,Cool roof,426999.6078621065,1.0,2.3419225254252125e-06,679451335.0637553,False
1592,+87317+19344,17.377460012600057,78.43864481636669,built_up,Medium,40.164825,0.24113317,Cool roof,427095.80911756353,1.0,2.3413950187573424e-06,679878430.8728728,False
1593,+87346+19391,17.419680830951123,78.46469595960458,built_up,High,40.164276,0.14575517,Cool roof,426999.6078621065,1.0,2.3419225254252125e-06,680305430.480735,False
1594,+87372+19408,17.434952190780233,78.48805215699028,built_up,High,40.163086,0.16329668,Cool roof,426964.7555473694,1.0,2.3421136920727768e-06,680732395.2362823,False
1595,+87313+19364,17.395426318281363,78.43505155523043,built_up,Medium,40.16275,0.29754457,Cool roof,427054.9002663456,1.0,2.341619307907063e-06,681159450.1365486,False
1596,+87407+19377,17.40710441697421,78.51949319193257,built_up,Medium,40.161713,0.32697102,Cool roof,427028.28738481377,1.0,2.3417652402470857e-06,681586478.4239335,False
1597,+87388+19388,17.416985885098928,78.50242520153533,built_up,High,40.160065,0.15932344,Cool roof,427005.7551761335,1.0,2.341888810345226e-06,682013484.1791097,False
1598,+87336+19408,17.434952190780233,78.45571280676394,built_up,Medium,40.159515,0.24380997,Cool roof,426964.7555473694,1.0,2.3421136920727768e-06,682440448.9346571,False
1599,+87384+19388,17.416985885098928,78.49883194039907,built_up,High,40.159393,0.1599115,Cool roof,427005.7551761335,1.0,2.341888810345226e-06,682867454.6898333,False
1600,+87313+19359,17.390934741861038,78.43505155523043,built_up,High,40.15927,0.19988734,Cool roof,427065.1313478123,1.0,2.3415632103796727e-06,683294519.821181,False
1601,+87351+19345,17.378358327884122,78.46918753602492,built_up,High,40.15912,0.20856602,Cool roof,427093.76465508126,1.0,2.341406226821398e-06,683721613.5858362,False
1602,+87376+19356,17.38823979600884,78.49164541812655,built_up,High,40.158905,0.14060079,Cool roof,427071.26875873934,1.0,2.3415295599407763e-06,684148684.854595,False
1603,+87346+19347,17.380154958452252,78.46469595960458,built_up,Medium,40.158203,0.22808164,Cool roof,427089.6754206114,1.0,2.341428644968222e-06,684575774.5300156,False
1604,+87389+19401,17.428663983791775,78.50332351681939,built_up,Medium,40.156982,0.241978,Cool roof,426979.11011063546,1.0,2.3420349528127683e-06,685002753.6401262,False
1605,+87368+19409,17.4358505060643,78.48445889585402,built_up,High,40.15695,0.18761466,Cool roof,426962.70448289654,1.0,2.342124943233908e-06,685429716.3446091,False
1606,+87401+19402,17.42956229907584,78.51410330022817,built_up,High,40.15695,0.1774123,Cool roof,426977.0597681764,1.0,2.3420461992570315e-06,685856693.4043773,False
1607,+87394+19355,17.387341480724775,78.50781509323971,built_up,High,40.15689,0.21682306,Cool roof,427073.3143560538,1.0,2.341518344473974e-06,686283766.7187334,False
1608,+87313+19369,17.399917894701687,78.43505155523043,built_up,Medium,40.15567,0.2647737,Cool roof,427044.66660585295,1.0,2.3416754222643517e-06,686710811.3853393,False
1609,+87384+19349,17.381951589020385,78.49883194039907,built_up,High,40.155243,0.20957498,Cool roof,427085.5857734706,1.0,2.341451065806767e-06,687137896.9711127,False
1610,+87332+19354,17.38644316544071,78.45211954562768,built_up,Medium,40.155,0.25022382,Cool roof,427075.35985020373,1.0,2.3415071296802258e-06,687564972.3309629,False
1611,+87372+19414,17.440342082484626,78.48805215699028,built_up,High,40.154633,0.21116054,Cool roof,426952.4476133907,1.0,2.3421812091483994e-06,687991924.7785763,False
1612,+87361+19365,17.396324633565428,78.47817068886556,built_up,High,40.154114,0.20346706,Cool roof,427052.85374056763,1.0,2.341630529432066e-06,688418977.6323168,False
1613,+87335+19415,17.44124039776869,78.45481449147987,built_up,Medium,40.153687,0.22792666,Cool roof,426950.395930064,1.0,2.342192464353174e-06,688845928.0282469,False
1614,+87398+19355,17.387341480724775,78.51140835437599,built_up,Medium,40.153656,0.2469274,Cool roof,427073.3143560538,1.0,2.341518344473974e-06,689273001.342603,False
1615,+87375+19410,17.436748821348363,78.49074710284248,built_up,High,40.15326,0.16003105,Cool roof,426960.65331528033,1.0,2.3421361950689414e-06,689699961.9959183,False
1616,+87377+19411,17.437647136632428,78.49254373341061,built_up,High,40.153137,0.18420054,Cool roof,426958.6020445212,1.0,2.3421474475778915e-06,690126920.5979627,False
1617,+87348+19360,17.391833057145103,78.46649259017272,built_up,Medium,40.152405,0.27295992,Cool roof,427063.08533784345,1.0,2.3415744285388524e-06,690553983.6833006,False
1618,+87325+19362,17.393629687713233,78.44583133863922,built_up,Medium,40.152374,0.22417347,Cool roof,427058.9930084181,1.0,2.3415968668766287e-06,690981042.676309,False
1619,+87342+19360,17.391833057145103,78.46110269846832,built_up,High,40.15158,0.16106261,Cool roof,427063.08533784345,1.0,2.3415744285388524e-06,691408105.7616469,False
1620,+87387+19385,17.414290939246733,78.50152688625127,built_up,Medium,40.151123,0.22089909,Cool roof,427011.90156179626,1.0,2.3418551013273855e-06,691835117.6632086,False
1621,+87403+19377,17.40710441697421,78.51589993079631,built_up,Medium,40.151,0.2226623,Cool roof,427028.28738481377,1.0,2.3417652402470857e-06,692262145.9505935,False
1622,+87382+19385,17.414290939246733,78.49703530983093,built_up,Medium,40.148346,0.27726677,Cool roof,427011.90156179626,1.0,2.3418551013273855e-06,692689157.8521552,False
1623,+87369+19342,17.375663382031927,78.4853572111381,built_up,Medium,40.14807,0.21977046,Cool roof,427099.8977330211,1.0,2.341372604647864e-06,693116257.7498882,False
1624,+87327+19355,17.387341480724775,78.44762796920735,built_up,High,40.146576,0.18645681,Cool roof,427073.3143560538,1.0,2.341518344473974e-06,693543331.0642443,False
1625,+87342+19372,17.402612840553886,78.46110269846832,built_up,High,40.146454,0.18399282,Cool roof,427038.5251716453,1.0,2.3417090989578906e-06,693970369.5894159,False
1626,+87380+19392,17.42057914623519,78.49523867926281,built_up,High,40.146362,0.15882891,Cool roof,426997.55855112965,1.0,2.3419337651324247e-06,694397367.147967,False
1627,+87410+19351,17.383748219588515,78.52218813778477,built_up,High,40.14151,0.1512457,Cool roof,427081.4957136619,1.0,2.341473489337157e-06,694824448.6436807,False
1628,+87390+19380,17.409799362826405,78.50422183210345,built_up,High,40.140503,0.20944513,Cool roof,427022.1434748407,1.0,2.3417989331012717e-06,695251470.7871555,False
1629,+87388+19351,17.383748219588515,78.50242520153533,built_up,High,40.139984,0.16772088,Cool roof,427081.4957136619,1.0,2.341473489337157e-06,695678552.2828692,False
1630,+87378+19404,17.431358929643974,78.49344204869467,built_up,Medium,40.13965,0.2664288,Cool roof,426972.9587738207,1.0,2.342068694166947e-06,696105525.2416431,False
1631,+87396+19360,17.391833057145103,78.50961172380785,built_up,High,40.13925,0.20563033,Cool roof,427063.08533784345,1.0,2.3415744285388524e-06,696532588.326981,False
1632,+87345+19352,17.38464653487258,78.46379764432052,built_up,High,40.138794,0.20027368,Cool roof,427079.4505290082,1.0,2.341484702111833e-06,696959667.7775099,False
1633,+87399+19350,17.38284990430445,78.51230666966005,built_up,Medium,40.1373,0.22476915,Cool roof,427083.5407951495,1.0,2.3414622772354733e-06,697386751.3183051,False
1634,+87376+19347,17.380154958452252,78.49164541812655,built_up,Medium,40.13681,0.26339123,Cool roof,427089.6754206114,1.0,2.341428644968222e-06,697813840.9937258,False
1635,+87334+19352,17.38464653487258,78.4539161761958,built_up,Medium,40.13672,0.2872426,Cool roof,427079.4505290082,1.0,2.341484702111833e-06,698240920.4442548,False
1636,+87411+19351,17.383748219588515,78.52308645306883,built_up,High,40.136475,0.1342542,Cool roof,427081.4957136619,1.0,2.341473489337157e-06,698668001.9399685,False
1637,+87376+19398,17.42596903793958,78.49164541812655,built_up,High,40.13449,0.20167145,Cool roof,426985.2605191322,1.0,2.3420012175225717e-06,699094987.2004876,False
1638,+87339+19363,17.394528002997298,78.45840775261613,built_up,Medium,40.134094,0.28768528,Cool roof,427056.9466889627,1.0,2.3416080870552553e-06,699522044.1471766,False
1639,+87381+19356,17.38823979600884,78.49613699454687,built_up,Medium,40.13315,0.24244165,Cool roof,427071.26875873934,1.0,2.3415295599407763e-06,699949115.4159354,False
1640,+87374+19354,17.38644316544071,78.48984878755842,built_up,High,40.131287,0.20875406,Cool roof,427075.35985020373,1.0,2.3415071296802258e-06,700376190.7757856,False
1641,+87398+19347,17.380154958452252,78.51140835437599,built_up,High,40.13095,0.1881835,Cool roof,427089.6754206114,1.0,2.341428644968222e-06,700803280.4512062,False
1642,+87343+19356,17.38823979600884,78.4620010137524,built_up,High,40.130646,0.16385464,Cool roof,427071.26875873934,1.0,2.3415295599407763e-06,701230351.719965,False
1643,+87348+19342,17.375663382031927,78.46649259017272,built_up,High,40.130585,0.14940451,Cool roof,427099.8977330211,1.0,2.341372604647864e-06,701657451.617698,False
1644,+87379+19358,17.39003642657697,78.49434036397874,built_up,High,40.130524,0.17681599,Cool roof,427067.17725461826,1.0,2.34155199289361e-06,702084518.7949526,False
1645,+87340+19359,17.390934741861038,78.4593060679002,built_up,High,40.12796,0.18205367,Cool roof,427065.1313478123,1.0,2.3415632103796727e-06,702511583.9263004,False
1646,+87376+19357,17.389138111292905,78.49164541812655,built_up,High,40.127045,0.17106655,Cool roof,427069.2230582606,1.0,2.3415407760806503e-06,702938653.1493586,False
1647,+87326+19354,17.38644316544071,78.44672965392328,built_up,High,40.12552,0.16155611,Cool roof,427075.35985020373,1.0,2.3415071296802258e-06,703365728.5092088,False
1648,+87332+19356,17.38823979600884,78.45211954562768,built_up,High,40.125458,0.18009177,Cool roof,427071.26875873934,1.0,2.3415295599407763e-06,703792799.7779676,False
1649,+87378+19405,17.43225724492804,78.49344204869467,built_up,High,40.12393,0.17838871,Cool roof,426970.90812192473,1.0,2.3420799426326314e-06,704219770.6860895,False
1650,+87375+19353,17.385544850156645,78.49074710284248,built_up,Medium,40.123566,0.35597786,Cool roof,427077.40524118865,1.0,2.3414959155595174e-06,704646848.0913306,False
1651,+87385+19409,17.4358505060643,78.49973025568313,built_up,High,40.123535,0.17062669,Cool roof,426962.70448289654,1.0,2.342124943233908e-06,705073810.7958136,False
1652,+87350+19416,17.442138713052756,78.46828922074084,built_up,High,40.12271,0.21323441,Cool roof,426948.3441435965,1.0,2.342203720231944e-06,705500759.1399572,False
1653,+87366+19361,17.392731372429168,78.4826622652859,built_up,Medium,40.121887,0.23622306,Cool roof,427061.0392247119,1.0,2.3415856473711663e-06,705927820.1791819,False
1654,+87403+19342,17.375663382031927,78.51589993079631,built_up,Medium,40.12137,0.26661244,Cool roof,427099.8977330211,1.0,2.341372604647864e-06,706354920.0769149,False
1655,+87381+19383,17.412494308678603,78.49613699454687,built_up,Medium,40.121124,0.2788585,Cool roof,427015.99863647495,1.0,2.341832632016476e-06,706781936.0755514,False
1656,+87388+19396,17.42417240737145,78.50242520153533,built_up,Medium,40.12094,0.24700893,Cool roof,426989.3602757261,1.0,2.341978730697775e-06,707208925.4358271,False
1657,+87389+19379,17.40890104754234,78.50332351681939,built_up,Medium,40.120514,0.33153635,Cool roof,427024.1915479869,1.0,2.3417877014764513e-06,707635949.6273751,False
1658,+87391+19379,17.40890104754234,78.50512014738753,built_up,High,40.119904,0.21169123,Cool roof,427024.1915479869,1.0,2.3417877014764513e-06,708062973.8189231,False
1659,+87399+19360,17.391833057145103,78.51230666966005,built_up,High,40.1196,0.19102702,Cool roof,427063.08533784345,1.0,2.3415744285388524e-06,708490036.904261,False
1660,+87338+19358,17.39003642657697,78.45750943733206,built_up,High,40.119324,0.17263769,Cool roof,427067.17725461826,1.0,2.34155199289361e-06,708917104.0815157,False
1661,+87383+19378,17.408002732258275,78.497933625115,built_up,Medium,40.118958,0.22671475,Cool roof,427026.23951797804,1.0,2.341776470525061e-06,709344130.3210336,False
1662,+87331+19340,17.373866751463797,78.4512212303436,built_up,High,40.11844,0.15838629,Cool roof,427103.9859357997,1.0,2.3413501932297943e-06,709771234.3069694,False
1663,+87404+19353,17.385544850156645,78.51679824608037,built_up,Medium,40.11667,0.22056803,Cool roof,427077.40524118865,1.0,2.3414959155595174e-06,710198311.7122105,False
1664,+87366+19351,17.383748219588515,78.4826622652859,built_up,Medium,40.11551,0.28082404,Cool roof,427081.4957136619,1.0,2.341473489337157e-06,710625393.2079242,False
1665,+87387+19345,17.378358327884122,78.50152688625127,built_up,High,40.11386,0.19978832,Cool roof,427093.76465508126,1.0,2.341406226821398e-06,711052486.9725794,False
1666,+87399+19364,17.395426318281363,78.51230666966005,built_up,High,40.112915,0.19630644,Cool roof,427054.9002663456,1.0,2.341619307907063e-06,711479541.8728456,False
1667,+87336+19342,17.375663382031927,78.45571280676394,built_up,Medium,40.112305,0.2292043,Cool roof,427099.8977330211,1.0,2.341372604647864e-06,711906641.7705786,False
1668,+87330+19340,17.373866751463797,78.45032291505954,built_up,High,40.11206,0.18077762,Cool roof,427103.9859357997,1.0,2.3413501932297943e-06,712333745.7565144,False
1669,+87389+19343,17.376561697315992,78.50332351681939,built_up,High,40.111877,0.19477831,Cool roof,427097.85347687715,1.0,2.3413838113661685e-06,712760843.6099913,False
1670,+87342+19342,17.375663382031927,78.46110269846832,built_up,High,40.111816,0.21648899,Cool roof,427099.8977330211,1.0,2.341372604647864e-06,713187943.5077243,False
1671,+87316+19387,17.416087569814863,78.43774650108263,built_up,Medium,40.11078,0.2329416,Cool roof,427007.8040745065,1.0,2.341877573332395e-06,713614951.3117988,False
1672,+87383+19406,17.433155560212104,78.497933625115,built_up,Medium,40.110443,0.28672242,Cool roof,426968.857366884,1.0,2.3420911917721534e-06,714041920.1691657,False
1673,+87363+19359,17.390934741861038,78.4799673194337,built_up,Medium,40.1102,0.22134459,Cool roof,427065.1313478123,1.0,2.3415632103796727e-06,714468985.3005135,False
1674,+87326+19406,17.433155560212104,78.44672965392328,built_up,High,40.10916,0.14717287,Cool roof,426968.857366884,1.0,2.3420911917721534e-06,714895954.1578804,False
1675,+87372+19413,17.439443767200558,78.48805215699028,built_up,Medium,40.10898,0.22545138,Cool roof,426954.49919357605,1.0,2.342169954617604e-06,715322908.657074,False
1676,+87370+19346,17.379256643168187,78.48625552642216,built_up,High,40.108063,0.14830822,Cool roof,427091.72008943046,1.0,2.3414174355583527e-06,715750000.3771634,False
1677,+87377+19390,17.418782515667058,78.49254373341061,built_up,High,40.10611,0.18384933,Cool roof,427001.65706993314,1.0,2.341911286391619e-06,716177002.0342333,False
1678,+87326+19368,17.399019579417622,78.44672965392328,built_up,High,40.105927,0.1879769,Cool roof,427046.71354427113,1.0,2.3416641980464084e-06,716604048.7477776,False
1679,+87379+19351,17.383748219588515,78.49434036397874,built_up,High,40.105133,0.16149342,Cool roof,427081.4957136619,1.0,2.341473489337157e-06,717031130.2434913,False
1680,+87375+19414,17.440342082484626,78.49074710284248,built_up,High,40.10498,0.15579414,Cool roof,426952.4476133907,1.0,2.3421812091483994e-06,717458082.6911047,False
1681,+87336+19347,17.380154958452252,78.45571280676394,built_up,Medium,40.104706,0.31137007,Cool roof,427089.6754206114,1.0,2.341428644968222e-06,717885172.3665253,False
1682,+87380+19352,17.38464653487258,78.49523867926281,built_up,High,40.10437,0.18066958,Cool roof,427079.4505290082,1.0,2.341484702111833e-06,718312251.8170543,False
1683,+87329+19352,17.38464653487258,78.44942459977548,built_up,High,40.10373,0.18679151,Cool roof,427079.4505290082,1.0,2.341484702111833e-06,718739331.2675833,False
1684,+87327+19369,17.399917894701687,78.44762796920735,built_up,High,40.103607,0.19637358,Cool roof,427044.66660585295,1.0,2.3416754222643517e-06,719166375.9341891,False
1685,+87345+19342,17.375663382031927,78.46379764432052,built_up,High,40.103577,0.13201219,Cool roof,427099.8977330211,1.0,2.341372604647864e-06,719593475.831922,False
1686,+87380+19353,17.385544850156645,78.49523867926281,built_up,High,40.103516,0.16957453,Cool roof,427077.40524118865,1.0,2.3414959155595174e-06,720020553.2371632,False
1687,+87386+19381,17.410697678110473,78.5006285709672,built_up,Medium,40.103302,0.2526584,Cool roof,427020.0952985397,1.0,2.3418101653995388e-06,720447573.3324617,False
1688,+87343+19342,17.375663382031927,78.4620010137524,built_up,High,40.102997,0.18747684,Cool roof,427099.8977330211,1.0,2.341372604647864e-06,720874673.2301947,False
1689,+87354+19347,17.380154958452252,78.47188248187712,built_up,Medium,40.102814,0.26922056,Cool roof,427089.6754206114,1.0,2.341428644968222e-06,721301762.9056153,False
1690,+87346+19350,17.38284990430445,78.46469595960458,built_up,High,40.102386,0.21135163,Cool roof,427083.5407951495,1.0,2.3414622772354733e-06,721728846.4464105,False
1691,+87345+19347,17.380154958452252,78.46379764432052,built_up,High,40.10208,0.18716246,Cool roof,427089.6754206114,1.0,2.341428644968222e-06,722155936.1218312,False
1692,+87404+19341,17.374765066747862,78.51679824608037,built_up,High,40.10147,0.20682772,Cool roof,427101.94188599556,1.0,2.3413613986024103e-06,722583038.0637171,False
1693,+87342+19366,17.397222948849492,78.46110269846832,built_up,High,40.100555,0.19992389,Cool roof,427050.8071116288,1.0,2.3416417516302816e-06,723010088.8708287,False
1694,+87354+19340,17.373866751463797,78.47188248187712,built_up,High,40.10031,0.16899665,Cool roof,427103.9859357997,1.0,2.3413501932297943e-06,723437192.8567646,False
1695,+87388+19350,17.38284990430445,78.50242520153533,built_up,High,40.10031,0.15042166,Cool roof,427083.5407951495,1.0,2.3414622772354733e-06,723864276.3975598,False
1696,+87327+19359,17.390934741861038,78.44762796920735,built_up,High,40.099945,0.1509019,Cool roof,427065.1313478123,1.0,2.3415632103796727e-06,724291341.5289075,False
1697,+87388+19371,17.40171452526982,78.50242520153533,built_up,Medium,40.099854,0.25418034,Cool roof,427040.5724195397,1.0,2.341697872720077e-06,724718382.1013271,False
1698,+87340+19421,17.44663028947308,78.4593060679002,built_up,Medium,40.099396,0.22278067,Cool roof,426938.0836641594,1.0,2.3422600097362737e-06,725145320.1849912,False
1699,+87340+19362,17.393629687713233,78.4593060679002,built_up,High,40.099274,0.20938276,Cool roof,427058.9930084181,1.0,2.3415968668766287e-06,725572379.1779996,False
1700,+87385+19386,17.415189254530798,78.49973025568313,built_up,High,40.099274,0.14255968,Cool roof,427009.85286972753,1.0,2.34186633699312e-06,725999389.0308694,False
1701,+87339+19365,17.396324633565428,78.45840775261613,built_up,High,40.09854,0.20671812,Cool roof,427052.85374056763,1.0,2.341630529432066e-06,726426441.8846099,False
1702,+87374+19357,17.389138111292905,78.48984878755842,built_up,High,40.09793,0.15956506,Cool roof,427069.2230582606,1.0,2.3415407760806503e-06,726853511.1076682,False
1703,+87391+19387,17.416087569814863,78.50512014738753,built_up,High,40.097626,0.17745547,Cool roof,427007.8040745065,1.0,2.341877573332395e-06,727280518.9117427,False
1704,+87377+19403,17.43046061435991,78.49254373341061,built_up,High,40.09665,0.21443956,Cool roof,426975.0093225714,1.0,2.3420574463750857e-06,727707493.9210652,False
1705,+87407+19348,17.38105327373632,78.51949319193257,built_up,Medium,40.09665,0.28308177,Cool roof,427087.63064862473,1.0,2.3414398550510214e-06,728134581.5517138,False
1706,+87340+19360,17.391833057145103,78.4593060679002,built_up,High,40.096344,0.20200963,Cool roof,427063.08533784345,1.0,2.3415744285388524e-06,728561644.6370517,False
1707,+87373+19417,17.44303702833682,78.48895047227435,built_up,Medium,40.09549,0.30200776,Cool roof,426946.29225398856,1.0,2.3422149767847243e-06,728988590.9293057,False
1708,+87369+19340,17.373866751463797,78.4853572111381,built_up,Medium,40.09546,0.28406122,Cool roof,427103.9859357997,1.0,2.3413501932297943e-06,729415694.9152415,False
1709,+87321+19370,17.400816209985756,78.44223807750296,built_up,Medium,40.09543,0.35889253,Cool roof,427042.6195642755,1.0,2.3416866471555702e-06,729842737.5348058,False
1710,+87339+19358,17.39003642657697,78.45840775261613,built_up,Medium,40.095184,0.22151062,Cool roof,427067.17725461826,1.0,2.34155199289361e-06,730269804.7120605,False
1711,+87382+19393,17.421477461519256,78.49703530983093,built_up,Medium,40.094696,0.2497693,Cool roof,426995.50913700275,1.0,2.341945005513271e-06,730696800.2211975,False
1712,+87317+19363,17.394528002997298,78.43864481636669,built_up,Medium,40.093628,0.23640607,Cool roof,427056.9466889627,1.0,2.3416080870552553e-06,731123857.1678865,False
1713,+87322+19410,17.436748821348363,78.44313639278703,built_up,Medium,40.09305,0.23082568,Cool roof,426960.65331528033,1.0,2.3421361950689414e-06,731550817.8212018,False
1714,+87341+19353,17.385544850156645,78.46020438318426,built_up,Medium,40.09305,0.22074059,Cool roof,427077.40524118865,1.0,2.3414959155595174e-06,731977895.2264429,False
1715,+87380+19358,17.39003642657697,78.49523867926281,built_up,High,40.09305,0.17154925,Cool roof,427067.17725461826,1.0,2.34155199289361e-06,732404962.4036976,False
1716,+87386+19386,17.415189254530798,78.5006285709672,built_up,High,40.09256,0.14812715,Cool roof,427009.85286972753,1.0,2.34186633699312e-06,732831972.2565674,False
1717,+87363+19352,17.38464653487258,78.4799673194337,built_up,Medium,40.092133,0.22667818,Cool roof,427079.4505290082,1.0,2.341484702111833e-06,733259051.7070963,False
1718,+87368+19381,17.410697678110473,78.48445889585402,built_up,Medium,40.09134,0.2655046,Cool roof,427020.0952985397,1.0,2.3418101653995388e-06,733686071.8023949,False
1719,+87344+19347,17.380154958452252,78.46289932903646,built_up,High,40.09018,0.1596989,Cool roof,427089.6754206114,1.0,2.341428644968222e-06,734113161.4778155,False
1720,+87379+19353,17.385544850156645,78.49434036397874,built_up,High,40.089813,0.1865532,Cool roof,427077.40524118865,1.0,2.3414959155595174e-06,734540238.8830566,False
1721,+87385+19391,17.419680830951123,78.49973025568313,built_up,High,40.088287,0.2134109,Cool roof,426999.6078621065,1.0,2.3419225254252125e-06,734967238.4909188,False
1722,+87368+19350,17.38284990430445,78.48445889585402,built_up,Medium,40.088165,0.28417164,Cool roof,427083.5407951495,1.0,2.3414622772354733e-06,735394322.031714,False
1723,+87381+19352,17.38464653487258,78.49613699454687,built_up,Medium,40.087616,0.2788134,Cool roof,427079.4505290082,1.0,2.341484702111833e-06,735821401.482243,False
1724,+87370+19340,17.373866751463797,78.48625552642216,built_up,Medium,40.087463,0.22069506,Cool roof,427103.9859357997,1.0,2.3413501932297943e-06,736248505.4681787,False
1725,+87334+19359,17.390934741861038,78.4539161761958,built_up,High,40.087433,0.16247839,Cool roof,427065.1313478123,1.0,2.3415632103796727e-06,736675570.5995265,False
1726,+87360+19341,17.374765066747862,78.4772723735815,built_up,High,40.087433,0.1654888,Cool roof,427101.94188599556,1.0,2.3413613986024103e-06,737102672.5414125,False
1727,+87342+19340,17.373866751463797,78.46110269846832,built_up,Medium,40.086456,0.261139,Cool roof,427103.9859357997,1.0,2.3413501932297943e-06,737529776.5273483,False
1728,+87394+19360,17.391833057145103,78.50781509323971,built_up,High,40.085907,0.1445019,Cool roof,427063.08533784345,1.0,2.3415744285388524e-06,737956839.6126862,False
1729,+87320+19346,17.379256643168187,78.44133976221889,built_up,High,40.08548,0.19879347,Cool roof,427091.72008943046,1.0,2.3414174355583527e-06,738383931.3327756,False
1730,+87396+19355,17.387341480724775,78.50961172380785,built_up,High,40.08548,0.1951459,Cool roof,427073.3143560538,1.0,2.341518344473974e-06,738811004.6471317,False
1731,+87350+19358,17.39003642657697,78.46828922074084,built_up,Medium,40.084747,0.2349911,Cool roof,427067.17725461826,1.0,2.34155199289361e-06,739238071.8243864,False
1732,+87374+19413,17.439443767200558,78.48984878755842,built_up,High,40.084534,0.17006244,Cool roof,426954.49919357605,1.0,2.342169954617604e-06,739665026.3235799,False
1733,+87376+19404,17.431358929643974,78.49164541812655,built_up,Medium,40.084534,0.25206584,Cool roof,426972.9587738207,1.0,2.342068694166947e-06,740091999.2823538,False
1734,+87371+19363,17.394528002997298,78.48715384170622,built_up,High,40.08426,0.180063,Cool roof,427056.9466889627,1.0,2.3416080870552553e-06,740519056.2290428,False
1735,+87385+19416,17.442138713052756,78.49973025568313,built_up,Medium,40.084137,0.23529768,Cool roof,426948.3441435965,1.0,2.342203720231944e-06,740946004.5731864,False
1736,+87361+19366,17.397222948849492,78.47817068886556,built_up,High,40.08383,0.19050764,Cool roof,427050.8071116288,1.0,2.3416417516302816e-06,741373055.380298,False
1737,+87393+19362,17.393629687713233,78.50691677795565,built_up,High,40.083557,0.16286719,Cool roof,427058.9930084181,1.0,2.3415968668766287e-06,741800114.3733064,False
1738,+87343+19343,17.376561697315992,78.4620010137524,built_up,High,40.083435,0.15183514,Cool roof,427097.85347687715,1.0,2.3413838113661685e-06,742227212.2267833,False
1739,+87375+19369,17.399917894701687,78.49074710284248,built_up,High,40.083282,0.17893367,Cool roof,427044.66660585295,1.0,2.3416754222643517e-06,742654256.8933891,False
1740,+87405+19359,17.390934741861038,78.51769656136443,built_up,Medium,40.082672,0.2442108,Cool roof,427065.1313478123,1.0,2.3415632103796727e-06,743081322.0247369,False
1741,+87337+19413,17.439443767200558,78.456611122048,built_up,Medium,40.081604,0.21547371,Cool roof,426954.49919357605,1.0,2.342169954617604e-06,743508276.5239304,False
1742,+87354+19341,17.374765066747862,78.47188248187712,built_up,High,40.080902,0.16472149,Cool roof,427101.94188599556,1.0,2.3413613986024103e-06,743935378.4658164,False
1743,+87340+19358,17.39003642657697,78.4593060679002,built_up,High,40.080475,0.1865965,Cool roof,427067.17725461826,1.0,2.34155199289361e-06,744362445.643071,False
1744,+87328+19358,17.39003642657697,78.44852628449141,built_up,High,40.08011,0.17290285,Cool roof,427067.17725461826,1.0,2.34155199289361e-06,744789512.8203257,False
1745,+87327+19368,17.399019579417622,78.44762796920735,built_up,High,40.080017,0.1630587,Cool roof,427046.71354427113,1.0,2.3416641980464084e-06,745216559.53387,False
1746,+87388+19349,17.381951589020385,78.50242520153533,built_up,High,40.079742,0.17328739,Cool roof,427085.5857734706,1.0,2.341451065806767e-06,745643645.1196434,False
1747,+87379+19352,17.38464653487258,78.49434036397874,built_up,High,40.079315,0.20108594,Cool roof,427079.4505290082,1.0,2.341484702111833e-06,746070724.5701724,False
1748,+87378+19398,17.42596903793958,78.49344204869467,built_up,High,40.079193,0.1730136,Cool roof,426985.2605191322,1.0,2.3420012175225717e-06,746497709.8306916,False
1749,+87413+19361,17.392731372429168,78.52488308363696,built_up,High,40.078766,0.15730138,Cool roof,427061.0392247119,1.0,2.3415856473711663e-06,746924770.8699163,False
1750,+87327+19352,17.38464653487258,78.44762796920735,built_up,High,40.07837,0.19996007,Cool roof,427079.4505290082,1.0,2.341484702111833e-06,747351850.3204453,False
1751,+87328+19398,17.42596903793958,78.44852628449141,built_up,Medium,40.07785,0.21679078,Cool roof,426985.2605191322,1.0,2.3420012175225717e-06,747778835.5809644,False
1752,+87321+19348,17.38105327373632,78.44223807750296,built_up,Medium,40.076324,0.23897934,Cool roof,427087.63064862473,1.0,2.3414398550510214e-06,748205923.211613,False
1753,+87378+19351,17.383748219588515,78.49344204869467,built_up,Medium,40.07614,0.23158309,Cool roof,427081.4957136619,1.0,2.341473489337157e-06,748633004.7073268,False
1754,+87365+19357,17.389138111292905,78.48176395000183,built_up,Medium,40.075714,0.31718713,Cool roof,427069.2230582606,1.0,2.3415407760806503e-06,749060073.930385,False
1755,+87323+19372,17.402612840553886,78.44403470807109,built_up,Medium,40.073853,0.29601488,Cool roof,427038.5251716453,1.0,2.3417090989578906e-06,749487112.4555566,False
1756,+87398+19350,17.38284990430445,78.51140835437599,built_up,Medium,40.07309,0.21932733,Cool roof,427083.5407951495,1.0,2.3414622772354733e-06,749914195.9963518,False
1757,+87388+19348,17.38105327373632,78.50242520153533,built_up,High,40.07251,0.1828059,Cool roof,427087.63064862473,1.0,2.3414398550510214e-06,750341283.6270005,False
1758,+87411+19361,17.392731372429168,78.52308645306883,built_up,High,40.07248,0.16265324,Cool roof,427061.0392247119,1.0,2.3415856473711663e-06,750768344.6662252,False
1759,+87412+19392,17.42057914623519,78.52398476835289,built_up,Medium,40.072296,0.2839246,Cool roof,426997.55855112965,1.0,2.3419337651324247e-06,751195342.2247763,False
1760,+87320+19370,17.400816209985756,78.44133976221889,built_up,Medium,40.071594,0.30405498,Cool roof,427042.6195642755,1.0,2.3416866471555702e-06,751622384.8443406,False
1761,+87392+19360,17.391833057145103,78.50601846267159,built_up,High,40.0701,0.17690803,Cool roof,427063.08533784345,1.0,2.3415744285388524e-06,752049447.9296784,False
1762,+87361+19345,17.378358327884122,78.47817068886556,built_up,High,40.06909,0.16660549,Cool roof,427093.76465508126,1.0,2.341406226821398e-06,752476541.6943336,False
1763,+87382+19341,17.374765066747862,78.49703530983093,built_up,High,40.06784,0.18920356,Cool roof,427101.94188599556,1.0,2.3413613986024103e-06,752903643.6362195,False
1764,+87409+19360,17.391833057145103,78.5212898225007,built_up,Medium,40.06778,0.2853956,Cool roof,427063.08533784345,1.0,2.3415744285388524e-06,753330706.7215574,False
1765,+87372+19360,17.391833057145103,78.48805215699028,built_up,High,40.06772,0.18497905,Cool roof,427063.08533784345,1.0,2.3415744285388524e-06,753757769.8068953,False
1766,+87400+19355,17.387341480724775,78.51320498494411,built_up,High,40.067352,0.1885543,Cool roof,427073.3143560538,1.0,2.341518344473974e-06,754184843.1212513,False
1767,+87385+19398,17.42596903793958,78.49973025568313,built_up,Medium,40.067047,0.22405334,Cool roof,426985.2605191322,1.0,2.3420012175225717e-06,754611828.3817705,False
1768,+87379+19343,17.376561697315992,78.49434036397874,built_up,Medium,40.066864,0.2712721,Cool roof,427097.85347687715,1.0,2.3413838113661685e-06,755038926.2352474,False
1769,+87355+19378,17.408002732258275,78.47278079716118,built_up,High,40.066345,0.19345127,Cool roof,427026.23951797804,1.0,2.341776470525061e-06,755465952.4747653,False
1770,+87399+19355,17.387341480724775,78.51230666966005,built_up,High,40.066162,0.20244896,Cool roof,427073.3143560538,1.0,2.341518344473974e-06,755893025.7891214,False
1771,+87373+19401,17.428663983791775,78.48895047227435,built_up,Medium,40.065643,0.2600631,Cool roof,426979.11011063546,1.0,2.3420349528127683e-06,756320004.899232,False
1772,+87401+19416,17.442138713052756,78.51410330022817,built_up,Medium,40.06546,0.2779585,Cool roof,426948.3441435965,1.0,2.342203720231944e-06,756746953.2433757,False
1773,+87339+19359,17.390934741861038,78.45840775261613,built_up,Medium,40.065033,0.23604037,Cool roof,427065.1313478123,1.0,2.3415632103796727e-06,757174018.3747234,False
1774,+87315+19356,17.38823979600884,78.43684818579857,built_up,Medium,40.064728,0.27967405,Cool roof,427071.26875873934,1.0,2.3415295599407763e-06,757601089.6434822,False
1775,+87372+19370,17.400816209985756,78.48805215699028,built_up,High,40.064056,0.17669292,Cool roof,427042.6195642755,1.0,2.3416866471555702e-06,758028132.2630465,False
1776,+87375+19355,17.387341480724775,78.49074710284248,built_up,High,40.06311,0.15440142,Cool roof,427073.3143560538,1.0,2.341518344473974e-06,758455205.5774026,False
1777,+87389+19408,17.434952190780233,78.50332351681939,built_up,High,40.062744,0.17065658,Cool roof,426964.7555473694,1.0,2.3421136920727768e-06,758882170.33295,False
1778,+87383+19344,17.377460012600057,78.497933625115,built_up,Medium,40.062073,0.24171306,Cool roof,427095.80911756353,1.0,2.3413950187573424e-06,759309266.1420676,False
1779,+87386+19342,17.375663382031927,78.5006285709672,built_up,High,40.061737,0.20466658,Cool roof,427099.8977330211,1.0,2.341372604647864e-06,759736366.0398005,False
1780,+87390+19361,17.392731372429168,78.50422183210345,built_up,Medium,40.060944,0.36502004,Cool roof,427061.0392247119,1.0,2.3415856473711663e-06,760163427.0790253,False
1781,+87323+19366,17.397222948849492,78.44403470807109,built_up,High,40.060516,0.20204052,Cool roof,427050.8071116288,1.0,2.3416417516302816e-06,760590477.8861369,False
1782,+87359+19360,17.391833057145103,78.47637405829744,built_up,Medium,40.06021,0.21803558,Cool roof,427063.08533784345,1.0,2.3415744285388524e-06,761017540.9714748,False
1783,+87385+19349,17.381951589020385,78.49973025568313,built_up,High,40.059998,0.17787479,Cool roof,427085.5857734706,1.0,2.341451065806767e-06,761444626.5572482,False
1784,+87335+19341,17.374765066747862,78.45481449147987,built_up,High,40.059845,0.15206799,Cool roof,427101.94188599556,1.0,2.3413613986024103e-06,761871728.4991342,False
1785,+87401+19418,17.443935343620886,78.51410330022817,built_up,Medium,40.058746,0.23299144,Cool roof,426944.24026124045,1.0,2.3422262340115322e-06,762298672.7393954,False
1786,+87413+19352,17.38464653487258,78.52488308363696,built_up,High,40.058746,0.16405056,Cool roof,427079.4505290082,1.0,2.341484702111833e-06,762725752.1899244,False
1787,+87372+19352,17.38464653487258,78.48805215699028,built_up,Medium,40.057343,0.39501303,Cool roof,427079.4505290082,1.0,2.341484702111833e-06,763152831.6404533,False
1788,+87381+19353,17.385544850156645,78.49613699454687,built_up,Medium,40.05652,0.21508853,Cool roof,427077.40524118865,1.0,2.3414959155595174e-06,763579909.0456945,False
1789,+87360+19345,17.378358327884122,78.4772723735815,built_up,High,40.05606,0.1490875,Cool roof,427093.76465508126,1.0,2.341406226821398e-06,764007002.8103496,False
1790,+87398+19346,17.379256643168187,78.51140835437599,built_up,Medium,40.05603,0.24605487,Cool roof,427091.72008943046,1.0,2.3414174355583527e-06,764434094.530439,False
1791,+87376+19405,17.43225724492804,78.49164541812655,built_up,Medium,40.05533,0.21397531,Cool roof,426970.90812192473,1.0,2.3420799426326314e-06,764861065.438561,False
1792,+87354+19348,17.38105327373632,78.47188248187712,built_up,High,40.055054,0.16884796,Cool roof,427087.63064862473,1.0,2.3414398550510214e-06,765288153.0692096,False
1793,+87341+19361,17.392731372429168,78.46020438318426,built_up,High,40.05368,0.1818497,Cool roof,427061.0392247119,1.0,2.3415856473711663e-06,765715214.1084343,False
1794,+87384+19346,17.379256643168187,78.49883194039907,built_up,High,40.05359,0.17109774,Cool roof,427091.72008943046,1.0,2.3414174355583527e-06,766142305.8285238,False
1795,+87324+19376,17.406206101690145,78.44493302335515,built_up,High,40.05301,0.18032706,Cool roof,427030.3351484935,1.0,2.34175401064251e-06,766569336.1636722,False
1796,+87325+19374,17.404409471122015,78.44583133863922,built_up,High,40.052734,0.15724327,Cool roof,427034.4303663836,1.0,2.3417315534534955e-06,766996370.5940386,False
1797,+87388+19355,17.387341480724775,78.50242520153533,built_up,Medium,40.052002,0.23737228,Cool roof,427073.3143560538,1.0,2.341518344473974e-06,767423443.9083947,False
1798,+87373+19357,17.389138111292905,78.48895047227435,built_up,High,40.05179,0.1797723,Cool roof,427069.2230582606,1.0,2.3415407760806503e-06,767850513.1314529,False
1799,+87413+19363,17.394528002997298,78.52488308363696,built_up,High,40.05136,0.1987683,Cool roof,427056.9466889627,1.0,2.3416080870552553e-06,768277570.0781419,False
1800,+87353+19340,17.373866751463797,78.47098416659304,built_up,High,40.05121,0.14332874,Cool roof,427103.9859357997,1.0,2.3413501932297943e-06,768704674.0640777,False
1801,+87345+19357,17.389138111292905,78.46379764432052,built_up,Medium,40.051117,0.21559928,Cool roof,427069.2230582606,1.0,2.3415407760806503e-06,769131743.287136,False
1802,+87345+19344,17.377460012600057,78.46379764432052,built_up,Medium,40.050934,0.24260749,Cool roof,427095.80911756353,1.0,2.3413950187573424e-06,769558839.0962535,False
1803,+87385+19407,17.43405387549617,78.49973025568313,built_up,Medium,40.050903,0.24249828,Cool roof,426966.80650869873,1.0,2.3421024415855304e-06,769985805.9027622,False
1804,+87372+19356,17.38823979600884,78.48805215699028,built_up,Medium,40.050568,0.28304753,Cool roof,427071.26875873934,1.0,2.3415295599407763e-06,770412877.171521,False
1805,+87410+19361,17.392731372429168,78.52218813778477,built_up,High,40.050446,0.18278524,Cool roof,427061.0392247119,1.0,2.3415856473711663e-06,770839938.2107457,False
1806,+87362+19365,17.396324633565428,78.47906900414964,built_up,High,40.050262,0.20604467,Cool roof,427052.85374056763,1.0,2.341630529432066e-06,771266991.0644863,False
1807,+87321+19369,17.399917894701687,78.44223807750296,built_up,Medium,40.049866,0.4207329,Cool roof,427044.66660585295,1.0,2.3416754222643517e-06,771694035.7310921,False
1808,+87337+19358,17.39003642657697,78.456611122048,built_up,High,40.049744,0.19204508,Cool roof,427067.17725461826,1.0,2.34155199289361e-06,772121102.9083468,False
1809,+87375+19407,17.43405387549617,78.49074710284248,built_up,High,40.04953,0.19073118,Cool roof,426966.80650869873,1.0,2.3421024415855304e-06,772548069.7148554,False
1810,+87373+19365,17.396324633565428,78.48895047227435,built_up,High,40.049103,0.1796325,Cool roof,427052.85374056763,1.0,2.341630529432066e-06,772975122.568596,False
1811,+87377+19398,17.42596903793958,78.49254373341061,built_up,High,40.047638,0.19564457,Cool roof,426985.2605191322,1.0,2.3420012175225717e-06,773402107.8291152,False
1812,+87360+19340,17.373866751463797,78.4772723735815,built_up,Medium,40.047394,0.26839536,Cool roof,427103.9859357997,1.0,2.3413501932297943e-06,773829211.815051,False
1813,+87374+19366,17.397222948849492,78.48984878755842,built_up,Medium,40.04721,0.24357349,Cool roof,427050.8071116288,1.0,2.3416417516302816e-06,774256262.6221626,False
1814,+87369+19358,17.39003642657697,78.4853572111381,built_up,Medium,40.0466,0.24561259,Cool roof,427067.17725461826,1.0,2.34155199289361e-06,774683329.7994173,False
1815,+87385+19344,17.377460012600057,78.49973025568313,built_up,High,40.04608,0.17863654,Cool roof,427095.80911756353,1.0,2.3413950187573424e-06,775110425.6085348,False
1816,+87378+19407,17.43405387549617,78.49344204869467,built_up,High,40.045868,0.17761311,Cool roof,426966.80650869873,1.0,2.3421024415855304e-06,775537392.4150435,False
1817,+87395+19368,17.399019579417622,78.50871340852379,built_up,High,40.04544,0.19890463,Cool roof,427046.71354427113,1.0,2.3416641980464084e-06,775964439.1285877,False
1818,+87381+19409,17.4358505060643,78.49613699454687,built_up,High,40.04532,0.15533417,Cool roof,426962.70448289654,1.0,2.342124943233908e-06,776391401.8330706,False
1819,+87357+19353,17.385544850156645,78.4745774277293,built_up,Medium,40.04489,0.2275432,Cool roof,427077.40524118865,1.0,2.3414959155595174e-06,776818479.2383118,False
1820,+87378+19353,17.385544850156645,78.49344204869467,built_up,High,40.042297,0.15760916,Cool roof,427077.40524118865,1.0,2.3414959155595174e-06,777245556.6435529,False
1821,+87370+19416,17.442138713052756,78.48625552642216,built_up,High,40.04178,0.20050365,Cool roof,426948.3441435965,1.0,2.342203720231944e-06,777672504.9876965,False
1822,+87340+19346,17.379256643168187,78.4593060679002,built_up,High,40.040558,0.18038954,Cool roof,427091.72008943046,1.0,2.3414174355583527e-06,778099596.707786,False
1823,+87354+19346,17.379256643168187,78.47188248187712,built_up,Medium,40.040436,0.25324357,Cool roof,427091.72008943046,1.0,2.3414174355583527e-06,778526688.4278754,False
1824,+87378+19352,17.38464653487258,78.49344204869467,built_up,High,40.039337,0.17943107,Cool roof,427079.4505290082,1.0,2.341484702111833e-06,778953767.8784044,False
1825,+87383+19345,17.378358327884122,78.497933625115,built_up,Medium,40.039337,0.26220655,Cool roof,427093.76465508126,1.0,2.341406226821398e-06,779380861.6430595,False
1826,+87388+19385,17.414290939246733,78.50242520153533,built_up,High,40.038177,0.17271987,Cool roof,427011.90156179626,1.0,2.3418551013273855e-06,779807873.5446212,False
1827,+87326+19405,17.43225724492804,78.44672965392328,built_up,High,40.037994,0.15899278,Cool roof,426970.90812192473,1.0,2.3420799426326314e-06,780234844.4527432,False
1828,+87328+19342,17.375663382031927,78.44852628449141,built_up,High,40.037262,0.18903284,Cool roof,427099.8977330211,1.0,2.341372604647864e-06,780661944.3504761,False
1829,+87332+19351,17.383748219588515,78.45211954562768,built_up,Medium,40.036713,0.21897562,Cool roof,427081.4957136619,1.0,2.341473489337157e-06,781089025.8461899,False
1830,+87386+19360,17.391833057145103,78.5006285709672,built_up,Medium,40.036163,0.3644156,Cool roof,427063.08533784345,1.0,2.3415744285388524e-06,781516088.9315277,False
1831,+87402+19354,17.38644316544071,78.51500161551225,built_up,Medium,40.035156,0.22921349,Cool roof,427075.35985020373,1.0,2.3415071296802258e-06,781943164.2913779,False
1832,+87402+19343,17.376561697315992,78.51500161551225,built_up,Medium,40.035004,0.31137797,Cool roof,427097.85347687715,1.0,2.3413838113661685e-06,782370262.1448548,False
1833,+87327+19358,17.39003642657697,78.44762796920735,built_up,High,40.0347,0.16320407,Cool roof,427067.17725461826,1.0,2.34155199289361e-06,782797329.3221095,False
1834,+87328+19368,17.399019579417622,78.44852628449141,built_up,High,40.033905,0.20556653,Cool roof,427046.71354427113,1.0,2.3416641980464084e-06,783224376.0356537,False
1835,+87355+19348,17.38105327373632,78.47278079716118,built_up,High,40.033905,0.1581813,Cool roof,427087.63064862473,1.0,2.3414398550510214e-06,783651463.6663023,False
1836,+87327+19356,17.38823979600884,78.44762796920735,built_up,High,40.032745,0.16389689,Cool roof,427071.26875873934,1.0,2.3415295599407763e-06,784078534.9350611,False
1837,+87346+19410,17.436748821348363,78.46469595960458,built_up,Medium,40.03189,0.25820142,Cool roof,426960.65331528033,1.0,2.3421361950689414e-06,784505495.5883764,False
1838,+87360+19364,17.395426318281363,78.4772723735815,built_up,High,40.031708,0.17803486,Cool roof,427054.9002663456,1.0,2.341619307907063e-06,784932550.4886427,False
1839,+87339+19341,17.374765066747862,78.45840775261613,built_up,Medium,40.031403,0.26632407,Cool roof,427101.94188599556,1.0,2.3413613986024103e-06,785359652.4305286,False
1840,+87374+19414,17.440342082484626,78.48984878755842,built_up,High,40.031097,0.15787289,Cool roof,426952.4476133907,1.0,2.3421812091483994e-06,785786604.878142,False
1841,+87324+19357,17.389138111292905,78.44493302335515,built_up,High,40.03055,0.14672603,Cool roof,427069.2230582606,1.0,2.3415407760806503e-06,786213674.1012002,False
1842,+87375+19411,17.437647136632428,78.49074710284248,built_up,High,40.02957,0.19343399,Cool roof,426958.6020445212,1.0,2.3421474475778915e-06,786640632.7032447,False
1843,+87363+19361,17.392731372429168,78.4799673194337,built_up,Medium,40.029114,0.24532504,Cool roof,427061.0392247119,1.0,2.3415856473711663e-06,787067693.7424694,False
1844,+87316+19351,17.383748219588515,78.43774650108263,built_up,Medium,40.02884,0.21191324,Cool roof,427081.4957136619,1.0,2.341473489337157e-06,787494775.2381831,False
1845,+87364+19366,17.397222948849492,78.48086563471776,built_up,High,40.028656,0.17908838,Cool roof,427050.8071116288,1.0,2.3416417516302816e-06,787921826.0452948,False
1846,+87378+19410,17.436748821348363,78.49344204869467,built_up,High,40.02826,0.18889649,Cool roof,426960.65331528033,1.0,2.3421361950689414e-06,788348786.6986101,False
1847,+87399+19365,17.396324633565428,78.51230666966005,built_up,High,40.027924,0.18332839,Cool roof,427052.85374056763,1.0,2.341630529432066e-06,788775839.5523506,False
1848,+87386+19350,17.38284990430445,78.5006285709672,built_up,High,40.027374,0.1873298,Cool roof,427083.5407951495,1.0,2.3414622772354733e-06,789202923.0931458,False
1849,+87337+19357,17.389138111292905,78.456611122048,built_up,Medium,40.02707,0.22757655,Cool roof,427069.2230582606,1.0,2.3415407760806503e-06,789629992.3162041,False
1850,+87383+19393,17.421477461519256,78.497933625115,built_up,Medium,40.02704,0.27190346,Cool roof,426995.50913700275,1.0,2.341945005513271e-06,790056987.8253411,False
1851,+87392+19365,17.396324633565428,78.50601846267159,built_up,High,40.026764,0.20842822,Cool roof,427052.85374056763,1.0,2.341630529432066e-06,790484040.6790817,False
1852,+87332+19358,17.39003642657697,78.45211954562768,built_up,High,40.02646,0.16747007,Cool roof,427067.17725461826,1.0,2.34155199289361e-06,790911107.8563364,False
1853,+87388+19347,17.380154958452252,78.50242520153533,built_up,High,40.025665,0.16672534,Cool roof,427089.6754206114,1.0,2.341428644968222e-06,791338197.531757,False
1854,+87373+19403,17.43046061435991,78.48895047227435,built_up,High,40.025543,0.20365553,Cool roof,426975.0093225714,1.0,2.3420574463750857e-06,791765172.5410795,False
1855,+87314+19348,17.38105327373632,78.4359498705145,built_up,High,40.025513,0.1906627,Cool roof,427087.63064862473,1.0,2.3414398550510214e-06,792192260.1717281,False
1856,+87381+19416,17.442138713052756,78.49613699454687,built_up,Medium,40.02536,0.23089321,Cool roof,426948.3441435965,1.0,2.342203720231944e-06,792619208.5158718,False
1857,+87369+19359,17.390934741861038,78.4853572111381,built_up,Medium,40.025208,0.24211036,Cool roof,427065.1313478123,1.0,2.3415632103796727e-06,793046273.6472195,False
1858,+87386+19359,17.390934741861038,78.5006285709672,built_up,Medium,40.025055,0.36054358,Cool roof,427065.1313478123,1.0,2.3415632103796727e-06,793473338.7785673,False
1859,+87349+19348,17.38105327373632,78.46739090545678,built_up,High,40.024475,0.14525762,Cool roof,427087.63064862473,1.0,2.3414398550510214e-06,793900426.4092159,False
1860,+87370+19358,17.39003642657697,78.48625552642216,built_up,High,40.02408,0.188516,Cool roof,427067.17725461826,1.0,2.34155199289361e-06,794327493.5864706,False
1861,+87393+19367,17.398121264133557,78.50691677795565,built_up,Medium,40.023865,0.21516535,Cool roof,427048.7603795299,1.0,2.3416529745017237e-06,794754542.3468502,False
1862,+87325+19408,17.434952190780233,78.44583133863922,built_up,Medium,40.023376,0.24295628,Cool roof,426964.7555473694,1.0,2.3421136920727768e-06,795181507.1023976,False
1863,+87335+19342,17.375663382031927,78.45481449147987,built_up,Medium,40.02304,0.3036159,Cool roof,427099.8977330211,1.0,2.341372604647864e-06,795608607.0001305,False
1864,+87346+19349,17.381951589020385,78.46469595960458,built_up,High,40.02182,0.18735066,Cool roof,427085.5857734706,1.0,2.341451065806767e-06,796035692.585904,False
1865,+87367+19417,17.44303702833682,78.48356058056996,built_up,Medium,40.020905,0.25651345,Cool roof,426946.29225398856,1.0,2.3422149767847243e-06,796462638.878158,False
1866,+87384+19408,17.434952190780233,78.49883194039907,built_up,Medium,40.020813,0.22400558,Cool roof,426964.7555473694,1.0,2.3421136920727768e-06,796889603.6337054,False
1867,+87351+19361,17.392731372429168,78.46918753602492,built_up,Medium,40.020355,0.2208515,Cool roof,427061.0392247119,1.0,2.3415856473711663e-06,797316664.6729301,False
1868,+87403+19418,17.443935343620886,78.51589993079631,built_up,High,40.020233,0.19877656,Cool roof,426944.24026124045,1.0,2.3422262340115322e-06,797743608.9131913,False
1869,+87339+19376,17.406206101690145,78.45840775261613,built_up,High,40.01935,0.14894567,Cool roof,427030.3351484935,1.0,2.34175401064251e-06,798170639.2483398,False
1870,+87344+19377,17.40710441697421,78.46289932903646,built_up,Medium,40.019287,0.2917394,Cool roof,427028.28738481377,1.0,2.3417652402470857e-06,798597667.5357246,False
1871,+87322+19352,17.38464653487258,78.44313639278703,built_up,High,40.019196,0.19040722,Cool roof,427079.4505290082,1.0,2.341484702111833e-06,799024746.9862536,False
1872,+87370+19359,17.390934741861038,78.48625552642216,built_up,High,40.01877,0.20465243,Cool roof,427065.1313478123,1.0,2.3415632103796727e-06,799451812.1176014,False
1873,+87391+19363,17.394528002997298,78.50512014738753,built_up,High,40.018738,0.15925948,Cool roof,427056.9466889627,1.0,2.3416080870552553e-06,799878869.0642904,False
1874,+87331+19341,17.374765066747862,78.4512212303436,built_up,High,40.018555,0.16999704,Cool roof,427101.94188599556,1.0,2.3413613986024103e-06,800305971.0061764,False
1875,+87390+19359,17.390934741861038,78.50422183210345,built_up,High,40.0177,0.17609292,Cool roof,427065.1313478123,1.0,2.3415632103796727e-06,800733036.1375241,False
1876,+87391+19381,17.410697678110473,78.50512014738753,built_up,High,40.017548,0.16832744,Cool roof,427020.0952985397,1.0,2.3418101653995388e-06,801160056.2328227,False
1877,+87404+19355,17.387341480724775,78.51679824608037,built_up,Medium,40.017426,0.2644423,Cool roof,427073.3143560538,1.0,2.341518344473974e-06,801587129.5471787,False
1878,+87403+19363,17.394528002997298,78.51589993079631,built_up,High,40.01718,0.1616445,Cool roof,427056.9466889627,1.0,2.3416080870552553e-06,802014186.4938678,False
1879,+87371+19361,17.392731372429168,78.48715384170622,built_up,Medium,40.016632,0.23321413,Cool roof,427061.0392247119,1.0,2.3415856473711663e-06,802441247.5330925,False
1880,+87385+19392,17.42057914623519,78.49973025568313,built_up,Medium,40.0166,0.2990218,Cool roof,426997.55855112965,1.0,2.3419337651324247e-06,802868245.0916436,False
1881,+87362+19375,17.40530778640608,78.47906900414964,built_up,Medium,40.016144,0.2953215,Cool roof,427032.38280901685,1.0,2.3417427817113192e-06,803295277.4744526,False
1882,+87350+19341,17.374765066747862,78.46828922074084,built_up,High,40.0159,0.1608879,Cool roof,427101.94188599556,1.0,2.3413613986024103e-06,803722379.4163386,False
1883,+87328+19357,17.389138111292905,78.44852628449141,built_up,High,40.015656,0.15996759,Cool roof,427069.2230582606,1.0,2.3415407760806503e-06,804149448.6393968,False
1884,+87336+19352,17.38464653487258,78.45571280676394,built_up,Medium,40.015503,0.21582638,Cool roof,427079.4505290082,1.0,2.341484702111833e-06,804576528.0899258,False
1885,+87314+19380,17.409799362826405,78.4359498705145,built_up,Medium,40.015167,0.22957097,Cool roof,427022.1434748407,1.0,2.3417989331012717e-06,805003550.2334006,False
1886,+87347+19353,17.385544850156645,78.46559427488866,built_up,Medium,40.015015,0.21735944,Cool roof,427077.40524118865,1.0,2.3414959155595174e-06,805430627.6386417,False
1887,+87313+19355,17.387341480724775,78.43505155523043,built_up,Medium,40.014984,0.28859597,Cool roof,427073.3143560538,1.0,2.341518344473974e-06,805857700.9529978,False
1888,+87385+19343,17.376561697315992,78.49973025568313,built_up,Medium,40.013824,0.22652869,Cool roof,427097.85347687715,1.0,2.3413838113661685e-06,806284798.8064747,False
1889,+87328+19408,17.434952190780233,78.44852628449141,built_up,High,40.012177,0.18005905,Cool roof,426964.7555473694,1.0,2.3421136920727768e-06,806711763.5620221,False
1890,+87393+19356,17.38823979600884,78.50691677795565,built_up,High,40.011047,0.18079823,Cool roof,427071.26875873934,1.0,2.3415295599407763e-06,807138834.8307809,False
1891,+87369+19350,17.38284990430445,78.4853572111381,built_up,Medium,40.010895,0.27623,Cool roof,427083.5407951495,1.0,2.3414622772354733e-06,807565918.3715761,False
1892,+87352+19350,17.38284990430445,78.47008585130898,built_up,Medium,40.00998,0.30444947,Cool roof,427083.5407951495,1.0,2.3414622772354733e-06,807993001.9123713,False
1893,+87354+19411,17.437647136632428,78.47188248187712,built_up,Medium,40.009552,0.35389656,Cool roof,426958.6020445212,1.0,2.3421474475778915e-06,808419960.5144157,False
1894,+87402+19345,17.378358327884122,78.51500161551225,built_up,Medium,40.00952,0.23935245,Cool roof,427093.76465508126,1.0,2.341406226821398e-06,808847054.2790709,False
1895,+87374+19401,17.428663983791775,78.48984878755842,built_up,Medium,40.00882,0.25060874,Cool roof,426979.11011063546,1.0,2.3420349528127683e-06,809274033.3891815,False
1896,+87406+19346,17.379256643168187,78.5185948766485,built_up,Medium,40.008514,0.29431275,Cool roof,427091.72008943046,1.0,2.3414174355583527e-06,809701125.1092709,False
1897,+87315+19352,17.38464653487258,78.43684818579857,built_up,High,40.00772,0.1954051,Cool roof,427079.4505290082,1.0,2.341484702111833e-06,810128204.5597999,False
1898,+87351+19350,17.38284990430445,78.46918753602492,built_up,High,40.00656,0.15322536,Cool roof,427083.5407951495,1.0,2.3414622772354733e-06,810555288.1005951,False
1899,+87403+19417,17.44303702833682,78.51589993079631,built_up,High,40.006256,0.19183342,Cool roof,426946.29225398856,1.0,2.3422149767847243e-06,810982234.3928491,False
1900,+87401+19375,17.40530778640608,78.51410330022817,built_up,Medium,40.006195,0.26151273,Cool roof,427032.38280901685,1.0,2.3417427817113192e-06,811409266.7756581,False
1901,+87328+19372,17.402612840553886,78.44852628449141,built_up,High,40.00589,0.16870432,Cool roof,427038.5251716453,1.0,2.3417090989578906e-06,811836305.3008298,False
1902,+87383+19407,17.43405387549617,78.497933625115,built_up,Medium,40.0054,0.2265784,Cool roof,426966.80650869873,1.0,2.3421024415855304e-06,812263272.1073384,False
1903,+87369+19357,17.389138111292905,78.4853572111381,built_up,Medium,40.00534,0.24052247,Cool roof,427069.2230582606,1.0,2.3415407760806503e-06,812690341.3303967,False
1904,+87389+19388,17.416985885098928,78.50332351681939,built_up,Medium,40.00476,0.2240557,Cool roof,427005.7551761335,1.0,2.341888810345226e-06,813117347.0855728,False
1905,+87384+19399,17.426867353223646,78.49883194039907,built_up,High,40.004425,0.17241241,Cool roof,426983.2104861137,1.0,2.3420124619455547e-06,813544330.2960589,False
1906,+87409+19352,17.38464653487258,78.5212898225007,built_up,High,40.003967,0.17056878,Cool roof,427079.4505290082,1.0,2.341484702111833e-06,813971409.7465879,False
1907,+87400+19356,17.38823979600884,78.51320498494411,built_up,High,40.003815,0.14944482,Cool roof,427071.26875873934,1.0,2.3415295599407763e-06,814398481.0153466,False
1908,+87393+19381,17.410697678110473,78.50691677795565,built_up,High,40.002655,0.14478876,Cool roof,427020.0952985397,1.0,2.3418101653995388e-06,814825501.1106452,False
1909,+87325+19364,17.395426318281363,78.44583133863922,built_up,High,40.002533,0.20553124,Cool roof,427054.9002663456,1.0,2.341619307907063e-06,815252556.0109115,False
1910,+87394+19369,17.399917894701687,78.50781509323971,built_up,High,40.002472,0.17353025,Cool roof,427044.66660585295,1.0,2.3416754222643517e-06,815679600.6775173,False
1911,+87331+19378,17.408002732258275,78.4512212303436,built_up,High,40.00122,0.1902862,Cool roof,427026.23951797804,1.0,2.341776470525061e-06,816106626.9170352,False
1912,+87354+19412,17.438545451916493,78.47188248187712,built_up,High,40.00113,0.19438566,Cool roof,426956.55067061976,1.0,2.342158700760773e-06,816533583.4677058,False
1913,+87323+19353,17.385544850156645,78.44403470807109,built_up,High,40.00107,0.14635041,Cool roof,427077.40524118865,1.0,2.3414959155595174e-06,816960660.872947,False
1914,+87373+19404,17.431358929643974,78.48895047227435,built_up,High,40.001007,0.19368857,Cool roof,426972.9587738207,1.0,2.342068694166947e-06,817387633.8317208,False
1915,+87408+19399,17.426867353223646,78.52039150721663,built_up,High,40.001007,0.18590933,Cool roof,426983.2104861137,1.0,2.3420124619455547e-06,817814617.0422069,False
1916,+87412+19414,17.440342082484626,78.52398476835289,built_up,Medium,40.000793,0.2648425,Cool roof,426952.4476133907,1.0,2.3421812091483994e-06,818241569.4898202,False
1917,+87385+19348,17.38105327373632,78.49973025568313,built_up,High,40.000458,0.1767142,Cool roof,427087.63064862473,1.0,2.3414398550510214e-06,818668657.1204689,False
1918,+87327+19373,17.40351115583795,78.44762796920735,built_up,High,40.00009,0.1738933,Cool roof,427036.4778205931,1.0,2.341720325869025e-06,819095693.5982895,False
1919,+87325+19363,17.394528002997298,78.44583133863922,built_up,High,40.00006,0.20412302,Cool roof,427056.9466889627,1.0,2.3416080870552553e-06,819522750.5449785,False
1920,+87394+19381,17.410697678110473,78.50781509323971,built_up,High,39.999115,0.15929805,Cool roof,427020.0952985397,1.0,2.3418101653995388e-06,819949770.640277,False
1921,+87325+19361,17.392731372429168,78.44583133863922,built_up,Medium,39.998566,0.21896598,Cool roof,427061.0392247119,1.0,2.3415856473711663e-06,820376831.6795018,False
1922,+87341+19368,17.399019579417622,78.46020438318426,built_up,Medium,39.998383,0.22682568,Cool roof,427046.71354427113,1.0,2.3416641980464084e-06,820803878.393046,False
1923,+87412+19360,17.391833057145103,78.52398476835289,built_up,High,39.997894,0.16561979,Cool roof,427063.08533784345,1.0,2.3415744285388524e-06,821230941.4783839,False
1924,+87371+19346,17.379256643168187,78.48715384170622,built_up,Medium,39.997772,0.2812325,Cool roof,427091.72008943046,1.0,2.3414174355583527e-06,821658033.1984733,False
1925,+87394+19362,17.393629687713233,78.50781509323971,built_up,High,39.996613,0.17666611,Cool roof,427058.9930084181,1.0,2.3415968668766287e-06,822085092.1914817,False
1926,+87381+19392,17.42057914623519,78.49613699454687,built_up,Medium,39.996216,0.24793991,Cool roof,426997.55855112965,1.0,2.3419337651324247e-06,822512089.7500328,False
1927,+87402+19385,17.414290939246733,78.51500161551225,built_up,High,39.996124,0.15990242,Cool roof,427011.90156179626,1.0,2.3418551013273855e-06,822939101.6515945,False
1928,+87400+19391,17.419680830951123,78.51320498494411,built_up,High,39.995514,0.16905569,Cool roof,426999.6078621065,1.0,2.3419225254252125e-06,823366101.2594566,False
1929,+87366+19349,17.381951589020385,78.4826622652859,built_up,Medium,39.99527,0.28364223,Cool roof,427085.5857734706,1.0,2.341451065806767e-06,823793186.8452301,False
1930,+87394+19386,17.415189254530798,78.50781509323971,built_up,High,39.99527,0.17855676,Cool roof,427009.85286972753,1.0,2.34186633699312e-06,824220196.6980999,False
1931,+87364+19355,17.387341480724775,78.48086563471776,built_up,High,39.994293,0.16650833,Cool roof,427073.3143560538,1.0,2.341518344473974e-06,824647270.0124559,False
1932,+87364+19378,17.408002732258275,78.48086563471776,built_up,Medium,39.99411,0.32254094,Cool roof,427026.23951797804,1.0,2.341776470525061e-06,825074296.2519739,False
1933,+87376+19409,17.4358505060643,78.49164541812655,built_up,High,39.99408,0.1599413,Cool roof,426962.70448289654,1.0,2.342124943233908e-06,825501258.9564568,False
1934,+87322+19349,17.381951589020385,78.44313639278703,built_up,High,39.99353,0.1778255,Cool roof,427085.5857734706,1.0,2.341451065806767e-06,825928344.5422302,False
1935,+87343+19357,17.389138111292905,78.4620010137524,built_up,High,39.993286,0.17871512,Cool roof,427069.2230582606,1.0,2.3415407760806503e-06,826355413.7652885,False
1936,+87351+19359,17.390934741861038,78.46918753602492,built_up,Medium,39.992798,0.22225843,Cool roof,427065.1313478123,1.0,2.3415632103796727e-06,826782478.8966362,False
1937,+87409+19363,17.394528002997298,78.5212898225007,built_up,High,39.992065,0.15257163,Cool roof,427056.9466889627,1.0,2.3416080870552553e-06,827209535.8433253,False
1938,+87345+19345,17.378358327884122,78.46379764432052,built_up,Medium,39.99182,0.266987,Cool roof,427093.76465508126,1.0,2.341406226821398e-06,827636629.6079804,False
1939,+87410+19363,17.394528002997298,78.52218813778477,built_up,High,39.991608,0.15265927,Cool roof,427056.9466889627,1.0,2.3416080870552553e-06,828063686.5546694,False
1940,+87373+19414,17.440342082484626,78.48895047227435,built_up,Medium,39.990814,0.22019175,Cool roof,426952.4476133907,1.0,2.3421812091483994e-06,828490639.0022827,False
1941,+87378+19397,17.425070722655516,78.49344204869467,built_up,Medium,39.99048,0.27306896,Cool roof,426987.3104490032,1.0,2.3419899737733167e-06,828917626.3127317,False
1942,+87379+19392,17.42057914623519,78.49434036397874,built_up,High,39.990326,0.1812173,Cool roof,426997.55855112965,1.0,2.3419337651324247e-06,829344623.8712828,False
1943,+87324+19355,17.387341480724775,78.44493302335515,built_up,High,39.990204,0.15805139,Cool roof,427073.3143560538,1.0,2.341518344473974e-06,829771697.1856389,False
1944,+87381+19377,17.40710441697421,78.49613699454687,built_up,High,39.99008,0.16690044,Cool roof,427028.28738481377,1.0,2.3417652402470857e-06,830198725.4730238,False
1945,+87338+19359,17.390934741861038,78.45750943733206,built_up,Medium,39.989716,0.2695526,Cool roof,427065.1313478123,1.0,2.3415632103796727e-06,830625790.6043715,False
1946,+87354+19414,17.440342082484626,78.47188248187712,built_up,Medium,39.98874,0.22439304,Cool roof,426952.4476133907,1.0,2.3421812091483994e-06,831052743.0519849,False
1947,+87351+19340,17.373866751463797,78.46918753602492,built_up,High,39.987457,0.14837633,Cool roof,427103.9859357997,1.0,2.3413501932297943e-06,831479847.0379207,False
1948,+87349+19373,17.40351115583795,78.46739090545678,built_up,Medium,39.987274,0.29771367,Cool roof,427036.4778205931,1.0,2.341720325869025e-06,831906883.5157413,False
1949,+87326+19364,17.395426318281363,78.44672965392328,built_up,Medium,39.987213,0.22309157,Cool roof,427054.9002663456,1.0,2.341619307907063e-06,832333938.4160076,False
1950,+87385+19387,17.416087569814863,78.49973025568313,built_up,High,39.98709,0.1692576,Cool roof,427007.8040745065,1.0,2.341877573332395e-06,832760946.2200822,False
1951,+87390+19364,17.395426318281363,78.50422183210345,built_up,High,39.986786,0.1416034,Cool roof,427054.9002663456,1.0,2.341619307907063e-06,833188001.1203485,False
1952,+87401+19355,17.387341480724775,78.51410330022817,built_up,High,39.986725,0.19163574,Cool roof,427073.3143560538,1.0,2.341518344473974e-06,833615074.4347045,False
1953,+87324+19368,17.399019579417622,78.44493302335515,built_up,High,39.986603,0.20264678,Cool roof,427046.71354427113,1.0,2.3416641980464084e-06,834042121.1482488,False
1954,+87341+19367,17.398121264133557,78.46020438318426,built_up,Medium,39.986237,0.20930086,Cool roof,427048.7603795299,1.0,2.3416529745017237e-06,834469169.9086283,False
1955,+87371+19407,17.43405387549617,78.48715384170622,built_up,High,39.986115,0.1555018,Cool roof,426966.80650869873,1.0,2.3421024415855304e-06,834896136.715137,False
1956,+87361+19364,17.395426318281363,78.47817068886556,built_up,High,39.985992,0.2045369,Cool roof,427054.9002663456,1.0,2.341619307907063e-06,835323191.6154033,False
1957,+87348+19348,17.38105327373632,78.46649259017272,built_up,High,39.985443,0.18539011,Cool roof,427087.63064862473,1.0,2.3414398550510214e-06,835750279.2460519,False
1958,+87401+19362,17.393629687713233,78.51410330022817,built_up,High,39.985016,0.16394067,Cool roof,427058.9930084181,1.0,2.3415968668766287e-06,836177338.2390603,False
1959,+87401+19384,17.413392623962668,78.51410330022817,built_up,High,39.985016,0.15375145,Cool roof,427013.9501507122,1.0,2.341843866335176e-06,836604352.189211,False
1960,+87387+19387,17.416087569814863,78.50152688625127,built_up,High,39.984253,0.15078491,Cool roof,427007.8040745065,1.0,2.341877573332395e-06,837031359.9932855,False
1961,+87391+19378,17.408002732258275,78.50512014738753,built_up,Medium,39.984222,0.3635387,Cool roof,427026.23951797804,1.0,2.341776470525061e-06,837458386.2328035,False
1962,+87385+19380,17.409799362826405,78.49973025568313,built_up,Medium,39.983795,0.25962555,Cool roof,427022.1434748407,1.0,2.3417989331012717e-06,837885408.3762783,False
1963,+87363+19375,17.40530778640608,78.4799673194337,built_up,Medium,39.98294,0.2201439,Cool roof,427032.38280901685,1.0,2.3417427817113192e-06,838312440.7590873,False
1964,+87329+19340,17.373866751463797,78.44942459977548,built_up,High,39.981934,0.20598051,Cool roof,427103.9859357997,1.0,2.3413501932297943e-06,838739544.7450231,False
1965,+87403+19379,17.40890104754234,78.51589993079631,built_up,High,39.980377,0.20335667,Cool roof,427024.1915479869,1.0,2.3417877014764513e-06,839166568.9365711,False
1966,+87320+19344,17.377460012600057,78.44133976221889,built_up,High,39.980316,0.17197335,Cool roof,427095.80911756353,1.0,2.3413950187573424e-06,839593664.7456887,False
1967,+87375+19366,17.397222948849492,78.49074710284248,built_up,Medium,39.980316,0.2651454,Cool roof,427050.8071116288,1.0,2.3416417516302816e-06,840020715.5528003,False
1968,+87411+19360,17.391833057145103,78.52308645306883,built_up,High,39.979828,0.15663491,Cool roof,427063.08533784345,1.0,2.3415744285388524e-06,840447778.6381382,False
1969,+87377+19389,17.417884200382993,78.49254373341061,built_up,Medium,39.978973,0.21836318,Cool roof,427003.7061746089,1.0,2.3419000480316284e-06,840874782.3443128,False
1970,+87367+19343,17.376561697315992,78.48356058056996,built_up,Medium,39.97876,0.3536834,Cool roof,427097.85347687715,1.0,2.3413838113661685e-06,841301880.1977897,False
1971,+87315+19355,17.387341480724775,78.43684818579857,built_up,Medium,39.978577,0.24519214,Cool roof,427073.3143560538,1.0,2.341518344473974e-06,841728953.5121458,False
1972,+87323+19354,17.38644316544071,78.44403470807109,built_up,High,39.977203,0.15677673,Cool roof,427075.35985020373,1.0,2.3415071296802258e-06,842156028.8719959,False
1973,+87327+19370,17.400816209985756,78.44762796920735,built_up,High,39.975494,0.1783048,Cool roof,427042.6195642755,1.0,2.3416866471555702e-06,842583071.4915602,False
1974,+87379+19407,17.43405387549617,78.49434036397874,built_up,High,39.97464,0.14027087,Cool roof,426966.80650869873,1.0,2.3421024415855304e-06,843010038.2980689,False
1975,+87355+19356,17.38823979600884,78.47278079716118,built_up,High,39.97397,0.19261089,Cool roof,427071.26875873934,1.0,2.3415295599407763e-06,843437109.5668277,False
1976,+87399+19403,17.43046061435991,78.51230666966005,built_up,High,39.973602,0.1698324,Cool roof,426975.0093225714,1.0,2.3420574463750857e-06,843864084.5761502,False
1977,+87394+19384,17.413392623962668,78.50781509323971,built_up,Medium,39.97357,0.23844068,Cool roof,427013.9501507122,1.0,2.341843866335176e-06,844291098.5263009,False
1978,+87343+19377,17.40710441697421,78.4620010137524,built_up,Medium,39.97293,0.2894653,Cool roof,427028.28738481377,1.0,2.3417652402470857e-06,844718126.8136858,False
1979,+87389+19370,17.400816209985756,78.50332351681939,built_up,Medium,39.97238,0.2082382,Cool roof,427042.6195642755,1.0,2.3416866471555702e-06,845145169.4332501,False
1980,+87383+19379,17.40890104754234,78.497933625115,built_up,Medium,39.97226,0.28029433,Cool roof,427024.1915479869,1.0,2.3417877014764513e-06,845572193.624798,False
1981,+87386+19354,17.38644316544071,78.5006285709672,built_up,Medium,39.97174,0.32079455,Cool roof,427075.35985020373,1.0,2.3415071296802258e-06,845999268.9846482,False
1982,+87369+19355,17.387341480724775,78.4853572111381,built_up,High,39.970917,0.18496966,Cool roof,427073.3143560538,1.0,2.341518344473974e-06,846426342.2990043,False
1983,+87343+19358,17.39003642657697,78.4620010137524,built_up,High,39.970184,0.20450763,Cool roof,427067.17725461826,1.0,2.34155199289361e-06,846853409.476259,False
1984,+87345+19405,17.43225724492804,78.46379764432052,built_up,Medium,39.968353,0.3557488,Cool roof,426970.90812192473,1.0,2.3420799426326314e-06,847280380.3843809,False
1985,+87382+19394,17.42237577680332,78.49703530983093,built_up,High,39.967896,0.19962767,Cool roof,426993.45961972617,1.0,2.341956246567769e-06,847707373.8440007,False
1986,+87395+19385,17.414290939246733,78.50871340852379,built_up,High,39.967255,0.17678885,Cool roof,427011.90156179626,1.0,2.3418551013273855e-06,848134385.7455624,False
1987,+87401+19357,17.389138111292905,78.51410330022817,built_up,High,39.966827,0.14883876,Cool roof,427069.2230582606,1.0,2.3415407760806503e-06,848561454.9686207,False
1988,+87394+19380,17.409799362826405,78.50781509323971,built_up,High,39.966797,0.20454307,Cool roof,427022.1434748407,1.0,2.3417989331012717e-06,848988477.1120955,False
1989,+87334+19341,17.374765066747862,78.4539161761958,built_up,High,39.9664,0.17788772,Cool roof,427101.94188599556,1.0,2.3413613986024103e-06,849415579.0539814,False
1990,+87368+19340,17.373866751463797,78.48445889585402,built_up,High,39.9664,0.17625737,Cool roof,427103.9859357997,1.0,2.3413501932297943e-06,849842683.0399172,False
1991,+87382+19409,17.4358505060643,78.49703530983093,built_up,High,39.966156,0.1483112,Cool roof,426962.70448289654,1.0,2.342124943233908e-06,850269645.7444001,False
1992,+87340+19345,17.378358327884122,78.4593060679002,built_up,High,39.965363,0.19794558,Cool roof,427093.76465508126,1.0,2.341406226821398e-06,850696739.5090553,False
1993,+87341+19352,17.38464653487258,78.46020438318426,built_up,High,39.964752,0.1858682,Cool roof,427079.4505290082,1.0,2.341484702111833e-06,851123818.9595842,False
1994,+87408+19389,17.417884200382993,78.52039150721663,built_up,Medium,39.9646,0.2184679,Cool roof,427003.7061746089,1.0,2.3419000480316284e-06,851550822.6657588,False
1995,+87349+19340,17.373866751463797,78.46739090545678,built_up,High,39.964508,0.17240447,Cool roof,427103.9859357997,1.0,2.3413501932297943e-06,851977926.6516947,False
1996,+87411+19359,17.390934741861038,78.52308645306883,built_up,Medium,39.96353,0.22861372,Cool roof,427065.1313478123,1.0,2.3415632103796727e-06,852404991.7830424,False
1997,+87336+19350,17.38284990430445,78.45571280676394,built_up,Medium,39.962006,0.2354936,Cool roof,427083.5407951495,1.0,2.3414622772354733e-06,852832075.3238376,False
1998,+87345+19356,17.38823979600884,78.46379764432052,built_up,High,39.962006,0.20204136,Cool roof,427071.26875873934,1.0,2.3415295599407763e-06,853259146.5925964,False
1999,+87315+19344,17.377460012600057,78.43684818579857,built_up,High,39.961334,0.19850726,Cool roof,427095.80911756353,1.0,2.3413950187573424e-06,853686242.401714,False
2000,+87349+19353,17.385544850156645,78.46739090545678,built_up,Medium,39.961212,0.25787842,Cool roof,427077.40524118865,1.0,2.3414959155595174e-06,854113319.8069551,False
2001,+87323+19368,17.399019579417622,78.44403470807109,built_up,Medium,39.96103,0.33043617,Cool roof,427046.71354427113,1.0,2.3416641980464084e-06,854540366.5204993,False
2002,+87352+19342,17.375663382031927,78.47008585130898,built_up,High,39.960815,0.17020115,Cool roof,427099.8977330211,1.0,2.341372604647864e-06,854967466.4182323,False
2003,+87368+19357,17.389138111292905,78.48445889585402,built_up,Medium,39.960815,0.21036269,Cool roof,427069.2230582606,1.0,2.3415407760806503e-06,855394535.6412905,False
2004,+87352+19351,17.383748219588515,78.47008585130898,built_up,Medium,39.96054,0.28121233,Cool roof,427081.4957136619,1.0,2.341473489337157e-06,855821617.1370043,False
2005,+87369+19408,17.434952190780233,78.4853572111381,built_up,Medium,39.95996,0.23802947,Cool roof,426964.7555473694,1.0,2.3421136920727768e-06,856248581.8925517,False
2006,+87336+19344,17.377460012600057,78.45571280676394,built_up,High,39.95993,0.19020273,Cool roof,427095.80911756353,1.0,2.3413950187573424e-06,856675677.7016692,False
2007,+87342+19362,17.393629687713233,78.46110269846832,built_up,High,39.95938,0.1562176,Cool roof,427058.9930084181,1.0,2.3415968668766287e-06,857102736.6946776,False
2008,+87354+19345,17.378358327884122,78.47188248187712,built_up,Medium,39.958923,0.20575361,Cool roof,427093.76465508126,1.0,2.341406226821398e-06,857529830.4593327,False
2009,+87356+19367,17.398121264133557,78.47367911244524,built_up,Medium,39.958344,0.3164582,Cool roof,427048.7603795299,1.0,2.3416529745017237e-06,857956879.2197123,False
2010,+87335+19359,17.390934741861038,78.45481449147987,built_up,High,39.95645,0.17815645,Cool roof,427065.1313478123,1.0,2.3415632103796727e-06,858383944.35106,False
2011,+87322+19350,17.38284990430445,78.44313639278703,built_up,High,39.956024,0.20120494,Cool roof,427083.5407951495,1.0,2.3414622772354733e-06,858811027.8918552,False
2012,+87344+19393,17.421477461519256,78.46289932903646,built_up,High,39.954865,0.19150898,Cool roof,426995.50913700275,1.0,2.341945005513271e-06,859238023.4009923,False
2013,+87326+19358,17.39003642657697,78.44672965392328,built_up,High,39.95468,0.1470394,Cool roof,427067.17725461826,1.0,2.34155199289361e-06,859665090.578247,False
2014,+87395+19386,17.415189254530798,78.50871340852379,built_up,Medium,39.95462,0.23528096,Cool roof,427009.85286972753,1.0,2.34186633699312e-06,860092100.4311167,False
2015,+87376+19400,17.42776566850771,78.49164541812655,built_up,Medium,39.954224,0.32170397,Cool roof,426981.160349948,1.0,2.3420237070422817e-06,860519081.5914667,False
2016,+87325+19359,17.390934741861038,78.44583133863922,built_up,High,39.954132,0.16938879,Cool roof,427065.1313478123,1.0,2.3415632103796727e-06,860946146.7228144,False
2017,+87392+19364,17.395426318281363,78.50601846267159,built_up,High,39.953705,0.15674457,Cool roof,427054.9002663456,1.0,2.341619307907063e-06,861373201.6230807,False
2018,+87402+19386,17.415189254530798,78.51500161551225,built_up,High,39.953156,0.17676046,Cool roof,427009.85286972753,1.0,2.34186633699312e-06,861800211.4759505,False
2019,+87382+19377,17.40710441697421,78.49703530983093,built_up,High,39.95288,0.14235646,Cool roof,427028.28738481377,1.0,2.3417652402470857e-06,862227239.7633353,False
2020,+87331+19354,17.38644316544071,78.4512212303436,built_up,High,39.952606,0.18652092,Cool roof,427075.35985020373,1.0,2.3415071296802258e-06,862654315.1231855,False
2021,+87394+19357,17.389138111292905,78.50781509323971,built_up,High,39.952545,0.1952602,Cool roof,427069.2230582606,1.0,2.3415407760806503e-06,863081384.3462437,False
2022,+87391+19377,17.40710441697421,78.50512014738753,built_up,Medium,39.950745,0.38947582,Cool roof,427028.28738481377,1.0,2.3417652402470857e-06,863508412.6336286,False
2023,+87355+19345,17.378358327884122,78.47278079716118,built_up,High,39.95053,0.15557794,Cool roof,427093.76465508126,1.0,2.341406226821398e-06,863935506.3982837,False
2024,+87355+19349,17.381951589020385,78.47278079716118,built_up,High,39.95041,0.16820647,Cool roof,427085.5857734706,1.0,2.341451065806767e-06,864362591.9840572,False
2025,+87403+19353,17.385544850156645,78.51589993079631,built_up,High,39.950043,0.18658058,Cool roof,427077.40524118865,1.0,2.3414959155595174e-06,864789669.3892983,False
2026,+87375+19357,17.389138111292905,78.49074710284248,built_up,High,39.94998,0.16649687,Cool roof,427069.2230582606,1.0,2.3415407760806503e-06,865216738.6123565,False
2027,+87336+19341,17.374765066747862,78.45571280676394,built_up,High,39.9498,0.14604928,Cool roof,427101.94188599556,1.0,2.3413613986024103e-06,865643840.5542425,False
2028,+87372+19355,17.387341480724775,78.48805215699028,built_up,Medium,39.94931,0.29548767,Cool roof,427073.3143560538,1.0,2.341518344473974e-06,866070913.8685986,False
2029,+87398+19413,17.439443767200558,78.51140835437599,built_up,Medium,39.949005,0.30585727,Cool roof,426954.49919357605,1.0,2.342169954617604e-06,866497868.3677921,False
2030,+87314+19353,17.385544850156645,78.4359498705145,built_up,Medium,39.947662,0.22706369,Cool roof,427077.40524118865,1.0,2.3414959155595174e-06,866924945.7730333,False
2031,+87325+19357,17.389138111292905,78.44583133863922,built_up,High,39.94754,0.15519322,Cool roof,427069.2230582606,1.0,2.3415407760806503e-06,867352014.9960915,False
2032,+87327+19398,17.42596903793958,78.44762796920735,built_up,Medium,39.946075,0.26176363,Cool roof,426985.2605191322,1.0,2.3420012175225717e-06,867779000.2566106,False
2033,+87386+19385,17.414290939246733,78.5006285709672,built_up,High,39.94568,0.1556938,Cool roof,427011.90156179626,1.0,2.3418551013273855e-06,868206012.1581724,False
2034,+87374+19356,17.38823979600884,78.48984878755842,built_up,High,39.944916,0.16058396,Cool roof,427071.26875873934,1.0,2.3415295599407763e-06,868633083.4269311,False
2035,+87394+19385,17.414290939246733,78.50781509323971,built_up,High,39.944305,0.18319541,Cool roof,427011.90156179626,1.0,2.3418551013273855e-06,869060095.3284929,False
2036,+87320+19340,17.373866751463797,78.44133976221889,built_up,High,39.94348,0.16977414,Cool roof,427103.9859357997,1.0,2.3413501932297943e-06,869487199.3144287,False
2037,+87364+19350,17.38284990430445,78.48086563471776,built_up,Medium,39.94229,0.2353257,Cool roof,427083.5407951495,1.0,2.3414622772354733e-06,869914282.8552239,False
2038,+87400+19387,17.416087569814863,78.51320498494411,built_up,High,39.941925,0.16828838,Cool roof,427007.8040745065,1.0,2.341877573332395e-06,870341290.6592984,False
2039,+87373+19408,17.434952190780233,78.48895047227435,built_up,High,39.941498,0.15513323,Cool roof,426964.7555473694,1.0,2.3421136920727768e-06,870768255.4148458,False
2040,+87402+19416,17.442138713052756,78.51500161551225,built_up,Medium,39.940247,0.26213616,Cool roof,426948.3441435965,1.0,2.342203720231944e-06,871195203.7589895,False
2041,+87352+19359,17.390934741861038,78.47008585130898,built_up,High,39.939606,0.1744417,Cool roof,427065.1313478123,1.0,2.3415632103796727e-06,871622268.8903372,False
2042,+87320+19371,17.40171452526982,78.44133976221889,built_up,Medium,39.9393,0.3554975,Cool roof,427040.5724195397,1.0,2.341697872720077e-06,872049309.4627568,False
2043,+87343+19363,17.394528002997298,78.4620010137524,built_up,High,39.937927,0.17038943,Cool roof,427056.9466889627,1.0,2.3416080870552553e-06,872476366.4094458,False
2044,+87316+19386,17.415189254530798,78.43774650108263,built_up,High,39.937683,0.1712412,Cool roof,427009.85286972753,1.0,2.34186633699312e-06,872903376.2623155,False
2045,+87379+19350,17.38284990430445,78.49434036397874,built_up,High,39.93747,0.1864831,Cool roof,427083.5407951495,1.0,2.3414622772354733e-06,873330459.8031107,False
2046,+87409+19355,17.387341480724775,78.5212898225007,built_up,Medium,39.936646,0.33531323,Cool roof,427073.3143560538,1.0,2.341518344473974e-06,873757533.1174668,False
2047,+87390+19404,17.431358929643974,78.50422183210345,built_up,Medium,39.93521,0.29628292,Cool roof,426972.9587738207,1.0,2.342068694166947e-06,874184506.0762407,False
2048,+87405+19362,17.393629687713233,78.51769656136443,built_up,High,39.93509,0.16070017,Cool roof,427058.9930084181,1.0,2.3415968668766287e-06,874611565.069249,False
2049,+87384+19393,17.421477461519256,78.49883194039907,built_up,Medium,39.934967,0.23455735,Cool roof,426995.50913700275,1.0,2.341945005513271e-06,875038560.5783861,False
2050,+87338+19376,17.406206101690145,78.45750943733206,built_up,High,39.934082,0.15364097,Cool roof,427030.3351484935,1.0,2.34175401064251e-06,875465590.9135345,False
2051,+87372+19401,17.428663983791775,78.48805215699028,built_up,Medium,39.933807,0.21178615,Cool roof,426979.11011063546,1.0,2.3420349528127683e-06,875892570.0236452,False
2052,+87324+19373,17.40351115583795,78.44493302335515,built_up,High,39.933502,0.20127074,Cool roof,427036.4778205931,1.0,2.341720325869025e-06,876319606.5014658,False
2053,+87335+19364,17.395426318281363,78.45481449147987,built_up,Medium,39.933258,0.2345621,Cool roof,427054.9002663456,1.0,2.341619307907063e-06,876746661.4017321,False
2054,+87371+19399,17.426867353223646,78.48715384170622,built_up,Medium,39.933258,0.28529587,Cool roof,426983.2104861137,1.0,2.3420124619455547e-06,877173644.6122181,False
2055,+87325+19358,17.39003642657697,78.44583133863922,built_up,High,39.931305,0.15532894,Cool roof,427067.17725461826,1.0,2.34155199289361e-06,877600711.7894728,False
2056,+87386+19384,17.413392623962668,78.5006285709672,built_up,High,39.929108,0.17682205,Cool roof,427013.9501507122,1.0,2.341843866335176e-06,878027725.7396235,False
2057,+87371+19408,17.434952190780233,78.48715384170622,built_up,High,39.92868,0.1575271,Cool roof,426964.7555473694,1.0,2.3421136920727768e-06,878454690.495171,False
2058,+87335+19352,17.38464653487258,78.45481449147987,built_up,Medium,39.926727,0.22796749,Cool roof,427079.4505290082,1.0,2.341484702111833e-06,878881769.9456999,False
2059,+87339+19375,17.40530778640608,78.45840775261613,built_up,High,39.926025,0.18719378,Cool roof,427032.38280901685,1.0,2.3417427817113192e-06,879308802.328509,False
2060,+87388+19341,17.374765066747862,78.50242520153533,built_up,Medium,39.92511,0.26710492,Cool roof,427101.94188599556,1.0,2.3413613986024103e-06,879735904.2703949,False
2061,+87393+19360,17.391833057145103,78.50691677795565,built_up,High,39.92508,0.13258362,Cool roof,427063.08533784345,1.0,2.3415744285388524e-06,880162967.3557328,False
2062,+87369+19348,17.38105327373632,78.4853572111381,built_up,Medium,39.92505,0.264521,Cool roof,427087.63064862473,1.0,2.3414398550510214e-06,880590054.9863814,False
2063,+87367+19361,17.392731372429168,78.48356058056996,built_up,High,39.923462,0.17119512,Cool roof,427061.0392247119,1.0,2.3415856473711663e-06,881017116.0256062,False
2064,+87393+19387,17.416087569814863,78.50691677795565,built_up,Medium,39.92282,0.21077383,Cool roof,427007.8040745065,1.0,2.341877573332395e-06,881444123.8296807,False
2065,+87410+19355,17.387341480724775,78.52218813778477,built_up,Medium,39.922638,0.36549303,Cool roof,427073.3143560538,1.0,2.341518344473974e-06,881871197.1440368,False
2066,+87326+19356,17.38823979600884,78.44672965392328,built_up,High,39.922516,0.14512673,Cool roof,427071.26875873934,1.0,2.3415295599407763e-06,882298268.4127955,False
2067,+87380+19409,17.4358505060643,78.49523867926281,built_up,High,39.921967,0.2014123,Cool roof,426962.70448289654,1.0,2.342124943233908e-06,882725231.1172785,False
2068,+87401+19383,17.412494308678603,78.51410330022817,built_up,High,39.92166,0.16995074,Cool roof,427015.99863647495,1.0,2.341832632016476e-06,883152247.115915,False
2069,+87337+19344,17.377460012600057,78.456611122048,built_up,Medium,39.9216,0.27791572,Cool roof,427095.80911756353,1.0,2.3413950187573424e-06,883579342.9250325,False
2070,+87353+19341,17.374765066747862,78.47098416659304,built_up,High,39.920624,0.14428943,Cool roof,427101.94188599556,1.0,2.3413613986024103e-06,884006444.8669184,False
2071,+87387+19380,17.409799362826405,78.50152688625127,built_up,High,39.9205,0.17789587,Cool roof,427022.1434748407,1.0,2.3417989331012717e-06,884433467.0103933,False
2072,+87338+19362,17.393629687713233,78.45750943733206,built_up,High,39.920258,0.15558097,Cool roof,427058.9930084181,1.0,2.3415968668766287e-06,884860526.0034016,False
2073,+87355+19351,17.383748219588515,78.47278079716118,built_up,Medium,39.919098,0.30778167,Cool roof,427081.4957136619,1.0,2.341473489337157e-06,885287607.4991153,False
2074,+87410+19364,17.395426318281363,78.52218813778477,built_up,High,39.918427,0.1735852,Cool roof,427054.9002663456,1.0,2.341619307907063e-06,885714662.3993816,False
2075,+87351+19379,17.40890104754234,78.46918753602492,built_up,High,39.918182,0.17624035,Cool roof,427024.1915479869,1.0,2.3417877014764513e-06,886141686.5909296,False
2076,+87332+19341,17.374765066747862,78.45211954562768,built_up,Medium,39.91812,0.2032347,Cool roof,427101.94188599556,1.0,2.3413613986024103e-06,886568788.5328156,False
2077,+87390+19387,17.416087569814863,78.50422183210345,built_up,High,39.918,0.16795175,Cool roof,427007.8040745065,1.0,2.341877573332395e-06,886995796.3368901,False
2078,+87373+19370,17.400816209985756,78.48895047227435,built_up,High,39.917877,0.18571627,Cool roof,427042.6195642755,1.0,2.3416866471555702e-06,887422838.9564544,False
2079,+87324+19372,17.402612840553886,78.44493302335515,built_up,Medium,39.917633,0.24406788,Cool roof,427038.5251716453,1.0,2.3417090989578906e-06,887849877.481626,False
2080,+87342+19361,17.392731372429168,78.46110269846832,built_up,High,39.91739,0.18681282,Cool roof,427061.0392247119,1.0,2.3415856473711663e-06,888276938.5208508,False
2081,+87316+19367,17.398121264133557,78.43774650108263,built_up,Medium,39.915924,0.3419623,Cool roof,427048.7603795299,1.0,2.3416529745017237e-06,888703987.2812303,False
2082,+87411+19363,17.394528002997298,78.52308645306883,built_up,High,39.915894,0.18835017,Cool roof,427056.9466889627,1.0,2.3416080870552553e-06,889131044.2279193,False
2083,+87321+19411,17.437647136632428,78.44223807750296,built_up,High,39.915466,0.17264155,Cool roof,426958.6020445212,1.0,2.3421474475778915e-06,889558002.8299638,False
2084,+87389+19364,17.395426318281363,78.50332351681939,built_up,High,39.915283,0.16687787,Cool roof,427054.9002663456,1.0,2.341619307907063e-06,889985057.7302301,False
2085,+87322+19362,17.393629687713233,78.44313639278703,built_up,High,39.91452,0.18550834,Cool roof,427058.9930084181,1.0,2.3415968668766287e-06,890412116.7232385,False
2086,+87360+19358,17.39003642657697,78.4772723735815,built_up,High,39.914154,0.13166565,Cool roof,427067.17725461826,1.0,2.34155199289361e-06,890839183.9004931,False
2087,+87349+19342,17.375663382031927,78.46739090545678,built_up,High,39.91385,0.1733858,Cool roof,427099.8977330211,1.0,2.341372604647864e-06,891266283.7982261,False
2088,+87393+19380,17.409799362826405,78.50691677795565,built_up,High,39.913055,0.16640836,Cool roof,427022.1434748407,1.0,2.3417989331012717e-06,891693305.9417009,False
2089,+87394+19378,17.408002732258275,78.50781509323971,built_up,High,39.912323,0.1816097,Cool roof,427026.23951797804,1.0,2.341776470525061e-06,892120332.1812189,False
2090,+87313+19365,17.396324633565428,78.43505155523043,built_up,Medium,39.911163,0.34561104,Cool roof,427052.85374056763,1.0,2.341630529432066e-06,892547385.0349594,False
2091,+87385+19415,17.44124039776869,78.49973025568313,built_up,Medium,39.91098,0.25305673,Cool roof,426950.395930064,1.0,2.342192464353174e-06,892974335.4308895,False
2092,+87410+19390,17.418782515667058,78.52218813778477,built_up,Medium,39.910736,0.27232695,Cool roof,427001.65706993314,1.0,2.341911286391619e-06,893401337.0879594,False
2093,+87375+19367,17.398121264133557,78.49074710284248,built_up,Medium,39.910645,0.20973615,Cool roof,427048.7603795299,1.0,2.3416529745017237e-06,893828385.848339,False
2094,+87328+19369,17.399917894701687,78.44852628449141,built_up,High,39.910614,0.16046195,Cool roof,427044.66660585295,1.0,2.3416754222643517e-06,894255430.5149448,False
2095,+87384+19406,17.433155560212104,78.49883194039907,built_up,Medium,39.910553,0.3170786,Cool roof,426968.857366884,1.0,2.3420911917721534e-06,894682399.3723117,False
2096,+87383+19382,17.41159599339454,78.497933625115,built_up,High,39.9104,0.18573202,Cool roof,427018.0470190842,1.0,2.3418213983712686e-06,895109417.4193308,False
2097,+87385+19401,17.428663983791775,78.49973025568313,built_up,Medium,39.910095,0.23250715,Cool roof,426979.11011063546,1.0,2.3420349528127683e-06,895536396.5294415,False
2098,+87329+19362,17.393629687713233,78.44942459977548,built_up,High,39.90915,0.17782551,Cool roof,427058.9930084181,1.0,2.3415968668766287e-06,895963455.5224499,False
2099,+87391+19382,17.41159599339454,78.50512014738753,built_up,High,39.90869,0.15212418,Cool roof,427018.0470190842,1.0,2.3418213983712686e-06,896390473.569469,False
2100,+87380+19413,17.439443767200558,78.49523867926281,built_up,Medium,39.907684,0.25828665,Cool roof,426954.49919357605,1.0,2.342169954617604e-06,896817428.0686625,False
2101,+87353+19345,17.378358327884122,78.47098416659304,built_up,High,39.907074,0.18745966,Cool roof,427093.76465508126,1.0,2.341406226821398e-06,897244521.8333176,False
2102,+87374+19364,17.395426318281363,78.48984878755842,built_up,High,39.907074,0.1964343,Cool roof,427054.9002663456,1.0,2.341619307907063e-06,897671576.7335839,False
2103,+87313+19397,17.425070722655516,78.43505155523043,built_up,Medium,39.90683,0.20768294,Cool roof,426987.3104490032,1.0,2.3419899737733167e-06,898098564.0440329,False
2104,+87387+19350,17.38284990430445,78.50152688625127,built_up,High,39.906647,0.19989666,Cool roof,427083.5407951495,1.0,2.3414622772354733e-06,898525647.5848281,False
2105,+87338+19419,17.44483365890495,78.45750943733206,built_up,Medium,39.906036,0.36909464,Cool roof,426942.18816535256,1.0,2.3422374919123827e-06,898952589.7729934,False
2106,+87325+19376,17.406206101690145,78.44583133863922,built_up,Medium,39.90573,0.21583809,Cool roof,427030.3351484935,1.0,2.34175401064251e-06,899379620.1081419,False
2107,+87386+19380,17.409799362826405,78.5006285709672,built_up,Medium,39.904663,0.24732631,Cool roof,427022.1434748407,1.0,2.3417989331012717e-06,899806642.2516167,False
2108,+87383+19372,17.402612840553886,78.497933625115,built_up,High,39.904602,0.17519733,Cool roof,427038.5251716453,1.0,2.3417090989578906e-06,900233680.7767884,False
2109,+87387+19372,17.402612840553886,78.50152688625127,built_up,Medium,39.903717,0.24417548,Cool roof,427038.5251716453,1.0,2.3417090989578906e-06,900660719.30196,False
2110,+87334+19373,17.40351115583795,78.4539161761958,built_up,Medium,39.90335,0.25850272,Cool roof,427036.4778205931,1.0,2.341720325869025e-06,901087755.7797806,False
2111,+87409+19394,17.42237577680332,78.5212898225007,built_up,High,39.903107,0.18318482,Cool roof,426993.45961972617,1.0,2.341956246567769e-06,901514749.2394004,False
2112,+87335+19350,17.38284990430445,78.45481449147987,built_up,Medium,39.902557,0.2201917,Cool roof,427083.5407951495,1.0,2.3414622772354733e-06,901941832.7801956,False
2113,+87355+19357,17.389138111292905,78.47278079716118,built_up,Medium,39.902344,0.23198235,Cool roof,427069.2230582606,1.0,2.3415407760806503e-06,902368902.0032538,False
2114,+87319+19375,17.40530778640608,78.44044144693483,built_up,Medium,39.902008,0.29782543,Cool roof,427032.38280901685,1.0,2.3417427817113192e-06,902795934.3860629,False
2115,+87343+19360,17.391833057145103,78.4620010137524,built_up,High,39.901703,0.17595829,Cool roof,427063.08533784345,1.0,2.3415744285388524e-06,903222997.4714007,False
2116,+87379+19409,17.4358505060643,78.49434036397874,built_up,High,39.901215,0.16879039,Cool roof,426962.70448289654,1.0,2.342124943233908e-06,903649960.1758837,False
2117,+87363+19353,17.385544850156645,78.4799673194337,built_up,Medium,39.901154,0.22543079,Cool roof,427077.40524118865,1.0,2.3414959155595174e-06,904077037.5811248,False
2118,+87380+19377,17.40710441697421,78.49523867926281,built_up,Medium,39.89981,0.21239749,Cool roof,427028.28738481377,1.0,2.3417652402470857e-06,904504065.8685097,False
2119,+87386+19346,17.379256643168187,78.5006285709672,built_up,Medium,39.899384,0.20899843,Cool roof,427091.72008943046,1.0,2.3414174355583527e-06,904931157.5885991,False
2120,+87314+19398,17.42596903793958,78.4359498705145,built_up,Medium,39.899017,0.26631,Cool roof,426985.2605191322,1.0,2.3420012175225717e-06,905358142.8491182,False
2121,+87365+19378,17.408002732258275,78.48176395000183,built_up,Medium,39.898865,0.2621111,Cool roof,427026.23951797804,1.0,2.341776470525061e-06,905785169.0886362,False
2122,+87358+19360,17.391833057145103,78.47547574301338,built_up,High,39.89865,0.17125721,Cool roof,427063.08533784345,1.0,2.3415744285388524e-06,906212232.173974,False
2123,+87385+19347,17.380154958452252,78.49973025568313,built_up,High,39.898346,0.19866064,Cool roof,427089.6754206114,1.0,2.341428644968222e-06,906639321.8493947,False
2124,+87313+19398,17.42596903793958,78.43505155523043,built_up,Medium,39.898285,0.24909195,Cool roof,426985.2605191322,1.0,2.3420012175225717e-06,907066307.1099138,False
2125,+87376+19408,17.434952190780233,78.49164541812655,built_up,High,39.897858,0.16469547,Cool roof,426964.7555473694,1.0,2.3421136920727768e-06,907493271.8654612,False
2126,+87401+19392,17.42057914623519,78.51410330022817,built_up,High,39.897156,0.16209653,Cool roof,426997.55855112965,1.0,2.3419337651324247e-06,907920269.4240123,False
2127,+87332+19340,17.373866751463797,78.45211954562768,built_up,High,39.89633,0.17146924,Cool roof,427103.9859357997,1.0,2.3413501932297943e-06,908347373.4099481,False
2128,+87313+19379,17.40890104754234,78.43505155523043,built_up,Medium,39.895294,0.26967353,Cool roof,427024.1915479869,1.0,2.3417877014764513e-06,908774397.6014961,False
2129,+87378+19408,17.434952190780233,78.49344204869467,built_up,High,39.895172,0.17965303,Cool roof,426964.7555473694,1.0,2.3421136920727768e-06,909201362.3570435,False
2130,+87388+19406,17.433155560212104,78.50242520153533,built_up,High,39.894684,0.115802996,Cool roof,426968.857366884,1.0,2.3420911917721534e-06,909628331.2144104,False
2131,+87393+19363,17.394528002997298,78.50691677795565,built_up,High,39.894318,0.16121298,Cool roof,427056.9466889627,1.0,2.3416080870552553e-06,910055388.1610994,False
2132,+87398+19362,17.393629687713233,78.51140835437599,built_up,High,39.89377,0.18851866,Cool roof,427058.9930084181,1.0,2.3415968668766287e-06,910482447.1541078,False
2133,+87389+19365,17.396324633565428,78.50332351681939,built_up,High,39.89331,0.18928504,Cool roof,427052.85374056763,1.0,2.341630529432066e-06,910909500.0078484,False
2134,+87398+19348,17.38105327373632,78.51140835437599,built_up,High,39.893066,0.19908848,Cool roof,427087.63064862473,1.0,2.3414398550510214e-06,911336587.638497,False
2135,+87338+19366,17.397222948849492,78.45750943733206,built_up,Medium,39.892395,0.20501827,Cool roof,427050.8071116288,1.0,2.3416417516302816e-06,911763638.4456086,False
2136,+87395+19408,17.434952190780233,78.50871340852379,built_up,Medium,39.892365,0.26066977,Cool roof,426964.7555473694,1.0,2.3421136920727768e-06,912190603.201156,False
2137,+87324+19356,17.38823979600884,78.44493302335515,built_up,Medium,39.891785,0.2036855,Cool roof,427071.26875873934,1.0,2.3415295599407763e-06,912617674.4699148,False
2138,+87362+19366,17.397222948849492,78.47906900414964,built_up,Medium,39.89157,0.26060185,Cool roof,427050.8071116288,1.0,2.3416417516302816e-06,913044725.2770264,False
2139,+87406+19385,17.414290939246733,78.5185948766485,built_up,Medium,39.89151,0.21419567,Cool roof,427011.90156179626,1.0,2.3418551013273855e-06,913471737.1785882,False
2140,+87365+19356,17.38823979600884,78.48176395000183,built_up,Medium,39.891083,0.2339385,Cool roof,427071.26875873934,1.0,2.3415295599407763e-06,913898808.4473469,False
2141,+87321+19377,17.40710441697421,78.44223807750296,built_up,Medium,39.8909,0.21895295,Cool roof,427028.28738481377,1.0,2.3417652402470857e-06,914325836.7347318,False
2142,+87402+19377,17.40710441697421,78.51500161551225,built_up,Medium,39.890137,0.2556631,Cool roof,427028.28738481377,1.0,2.3417652402470857e-06,914752865.0221167,False
2143,+87383+19386,17.415189254530798,78.497933625115,built_up,Medium,39.888794,0.20257245,Cool roof,427009.85286972753,1.0,2.34186633699312e-06,915179874.8749864,False
2144,+87404+19411,17.437647136632428,78.51679824608037,built_up,Medium,39.888428,0.32617024,Cool roof,426958.6020445212,1.0,2.3421474475778915e-06,915606833.4770309,False
2145,+87404+19363,17.394528002997298,78.51679824608037,built_up,High,39.888367,0.15580745,Cool roof,427056.9466889627,1.0,2.3416080870552553e-06,916033890.4237199,False
2146,+87410+19354,17.38644316544071,78.52218813778477,built_up,High,39.888245,0.16173616,Cool roof,427075.35985020373,1.0,2.3415071296802258e-06,916460965.78357,False
2147,+87395+19384,17.413392623962668,78.50871340852379,built_up,High,39.886047,0.15038991,Cool roof,427013.9501507122,1.0,2.341843866335176e-06,916887979.7337208,False
2148,+87412+19352,17.38464653487258,78.52398476835289,built_up,High,39.886047,0.15880083,Cool roof,427079.4505290082,1.0,2.341484702111833e-06,917315059.1842498,False
2149,+87345+19350,17.38284990430445,78.46379764432052,built_up,High,39.885895,0.18529436,Cool roof,427083.5407951495,1.0,2.3414622772354733e-06,917742142.725045,False
2150,+87353+19356,17.38823979600884,78.47098416659304,built_up,Medium,39.885834,0.32389754,Cool roof,427071.26875873934,1.0,2.3415295599407763e-06,918169213.9938037,False
2151,+87406+19384,17.413392623962668,78.5185948766485,built_up,Medium,39.885223,0.26125267,Cool roof,427013.9501507122,1.0,2.341843866335176e-06,918596227.9439545,False
2152,+87342+19365,17.396324633565428,78.46110269846832,built_up,High,39.884735,0.19932124,Cool roof,427052.85374056763,1.0,2.341630529432066e-06,919023280.797695,False
2153,+87377+19397,17.425070722655516,78.49254373341061,built_up,Medium,39.88394,0.19960353,Cool roof,426987.3104490032,1.0,2.3419899737733167e-06,919450268.108144,False
2154,+87376+19359,17.390934741861038,78.49164541812655,built_up,Medium,39.88382,0.23196271,Cool roof,427065.1313478123,1.0,2.3415632103796727e-06,919877333.2394918,False
2155,+87406+19362,17.393629687713233,78.5185948766485,built_up,High,39.883636,0.14951903,Cool roof,427058.9930084181,1.0,2.3415968668766287e-06,920304392.2325002,False
2156,+87391+19386,17.415189254530798,78.50512014738753,built_up,High,39.88327,0.19271252,Cool roof,427009.85286972753,1.0,2.34186633699312e-06,920731402.08537,False
2157,+87314+19355,17.387341480724775,78.4359498705145,built_up,Medium,39.883026,0.28320733,Cool roof,427073.3143560538,1.0,2.341518344473974e-06,921158475.399726,False
2158,+87350+19342,17.375663382031927,78.46828922074084,built_up,High,39.882233,0.17415522,Cool roof,427099.8977330211,1.0,2.341372604647864e-06,921585575.297459,False
2159,+87399+19347,17.380154958452252,78.51230666966005,built_up,High,39.881287,0.18370937,Cool roof,427089.6754206114,1.0,2.341428644968222e-06,922012664.9728796,False
2160,+87342+19341,17.374765066747862,78.46110269846832,built_up,Medium,39.881256,0.29712293,Cool roof,427101.94188599556,1.0,2.3413613986024103e-06,922439766.9147656,False
2161,+87369+19356,17.38823979600884,78.4853572111381,built_up,High,39.88095,0.19277278,Cool roof,427071.26875873934,1.0,2.3415295599407763e-06,922866838.1835244,False
2162,+87340+19361,17.392731372429168,78.4593060679002,built_up,High,39.88083,0.17468938,Cool roof,427061.0392247119,1.0,2.3415856473711663e-06,923293899.2227491,False
2163,+87319+19346,17.379256643168187,78.44044144693483,built_up,High,39.879913,0.1907752,Cool roof,427091.72008943046,1.0,2.3414174355583527e-06,923720990.9428385,False
2164,+87343+19375,17.40530778640608,78.4620010137524,built_up,Medium,39.879456,0.28238562,Cool roof,427032.38280901685,1.0,2.3417427817113192e-06,924148023.3256476,False
2165,+87359+19412,17.438545451916493,78.47637405829744,built_up,Medium,39.877777,0.34312448,Cool roof,426956.55067061976,1.0,2.342158700760773e-06,924574979.8763182,False
2166,+87357+19348,17.38105327373632,78.4745774277293,built_up,High,39.87729,0.1629237,Cool roof,427087.63064862473,1.0,2.3414398550510214e-06,925002067.5069668,False
2167,+87376+19366,17.397222948849492,78.49164541812655,built_up,Medium,39.877167,0.25487378,Cool roof,427050.8071116288,1.0,2.3416417516302816e-06,925429118.3140785,False
2168,+87321+19342,17.375663382031927,78.44223807750296,built_up,Medium,39.876556,0.22163266,Cool roof,427099.8977330211,1.0,2.341372604647864e-06,925856218.2118114,False
2169,+87345+19392,17.42057914623519,78.46379764432052,built_up,High,39.87619,0.17880797,Cool roof,426997.55855112965,1.0,2.3419337651324247e-06,926283215.7703625,False
2170,+87318+19343,17.376561697315992,78.43954313165077,built_up,Medium,39.875946,0.24270262,Cool roof,427097.85347687715,1.0,2.3413838113661685e-06,926710313.6238394,False
2171,+87324+19363,17.394528002997298,78.44493302335515,built_up,Medium,39.87558,0.21567519,Cool roof,427056.9466889627,1.0,2.3416080870552553e-06,927137370.5705284,False
2172,+87402+19376,17.406206101690145,78.51500161551225,built_up,Medium,39.875397,0.2390501,Cool roof,427030.3351484935,1.0,2.34175401064251e-06,927564400.9056768,False
2173,+87365+19350,17.38284990430445,78.48176395000183,built_up,Medium,39.87509,0.2773273,Cool roof,427083.5407951495,1.0,2.3414622772354733e-06,927991484.446472,False
2174,+87360+19366,17.397222948849492,78.4772723735815,built_up,Medium,39.87448,0.23627591,Cool roof,427050.8071116288,1.0,2.3416417516302816e-06,928418535.2535837,False
2175,+87404+19345,17.378358327884122,78.51679824608037,built_up,Medium,39.87442,0.26352206,Cool roof,427093.76465508126,1.0,2.341406226821398e-06,928845629.0182388,False
2176,+87392+19381,17.410697678110473,78.50601846267159,built_up,High,39.87375,0.16534838,Cool roof,427020.0952985397,1.0,2.3418101653995388e-06,929272649.1135373,False
2177,+87320+19345,17.378358327884122,78.44133976221889,built_up,High,39.873047,0.16281274,Cool roof,427093.76465508126,1.0,2.341406226821398e-06,929699742.8781924,False
2178,+87373+19354,17.38644316544071,78.48895047227435,built_up,Medium,39.872223,0.3216982,Cool roof,427075.35985020373,1.0,2.3415071296802258e-06,930126818.2380426,False
2179,+87343+19369,17.399917894701687,78.4620010137524,built_up,Medium,39.87204,0.23809716,Cool roof,427044.66660585295,1.0,2.3416754222643517e-06,930553862.9046484,False
2180,+87390+19386,17.415189254530798,78.50422183210345,built_up,High,39.871704,0.1752686,Cool roof,427009.85286972753,1.0,2.34186633699312e-06,930980872.7575182,False
2181,+87315+19388,17.416985885098928,78.43684818579857,built_up,Medium,39.871246,0.25097683,Cool roof,427005.7551761335,1.0,2.341888810345226e-06,931407878.5126944,False
2182,+87341+19421,17.44663028947308,78.46020438318426,built_up,Medium,39.87094,0.22446792,Cool roof,426938.0836641594,1.0,2.3422600097362737e-06,931834816.5963585,False
2183,+87365+19374,17.404409471122015,78.48176395000183,built_up,High,39.869965,0.16827966,Cool roof,427034.4303663836,1.0,2.3417315534534955e-06,932261851.0267249,False
2184,+87393+19384,17.413392623962668,78.50691677795565,built_up,Medium,39.867645,0.22992936,Cool roof,427013.9501507122,1.0,2.341843866335176e-06,932688864.9768757,False
2185,+87407+19414,17.440342082484626,78.51949319193257,built_up,Medium,39.86743,0.23975785,Cool roof,426952.4476133907,1.0,2.3421812091483994e-06,933115817.424489,False
2186,+87325+19356,17.38823979600884,78.44583133863922,built_up,High,39.86728,0.17404588,Cool roof,427071.26875873934,1.0,2.3415295599407763e-06,933542888.6932478,False
2187,+87393+19391,17.419680830951123,78.50691677795565,built_up,High,39.867157,0.17402473,Cool roof,426999.6078621065,1.0,2.3419225254252125e-06,933969888.3011099,False
2188,+87325+19368,17.399019579417622,78.44583133863922,built_up,High,39.866486,0.15997583,Cool roof,427046.71354427113,1.0,2.3416641980464084e-06,934396935.0146542,False
2189,+87404+19344,17.377460012600057,78.51679824608037,built_up,Medium,39.86624,0.25487584,Cool roof,427095.80911756353,1.0,2.3413950187573424e-06,934824030.8237717,False
2190,+87323+19355,17.387341480724775,78.44403470807109,built_up,High,39.864594,0.15298785,Cool roof,427073.3143560538,1.0,2.341518344473974e-06,935251104.1381278,False
2191,+87368+19358,17.39003642657697,78.48445889585402,built_up,High,39.86429,0.18723984,Cool roof,427067.17725461826,1.0,2.34155199289361e-06,935678171.3153825,False
2192,+87345+19391,17.419680830951123,78.46379764432052,built_up,High,39.864258,0.15546118,Cool roof,426999.6078621065,1.0,2.3419225254252125e-06,936105170.9232446,False
2193,+87351+19418,17.443935343620886,78.46918753602492,built_up,Medium,39.86267,0.25270677,Cool roof,426944.24026124045,1.0,2.3422262340115322e-06,936532115.1635058,False
2194,+87406+19364,17.395426318281363,78.5185948766485,built_up,High,39.86264,0.16521136,Cool roof,427054.9002663456,1.0,2.341619307907063e-06,936959170.0637721,False
2195,+87322+19365,17.396324633565428,78.44313639278703,built_up,High,39.86258,0.1815192,Cool roof,427052.85374056763,1.0,2.341630529432066e-06,937386222.9175127,False
2196,+87388+19346,17.379256643168187,78.50242520153533,built_up,High,39.86212,0.1686113,Cool roof,427091.72008943046,1.0,2.3414174355583527e-06,937813314.6376021,False
2197,+87388+19362,17.393629687713233,78.50242520153533,built_up,Medium,39.861176,0.2946626,Cool roof,427058.9930084181,1.0,2.3415968668766287e-06,938240373.6306105,False
2198,+87392+19366,17.397222948849492,78.50601846267159,built_up,High,39.860504,0.1627314,Cool roof,427050.8071116288,1.0,2.3416417516302816e-06,938667424.4377221,False
2199,+87401+19403,17.43046061435991,78.51410330022817,built_up,Medium,39.86032,0.23057172,Cool roof,426975.0093225714,1.0,2.3420574463750857e-06,939094399.4470446,False
2200,+87332+19421,17.44663028947308,78.45211954562768,built_up,Medium,39.859985,0.2741549,Cool roof,426938.0836641594,1.0,2.3422600097362737e-06,939521337.5307088,False
2201,+87319+19345,17.378358327884122,78.44044144693483,built_up,High,39.859863,0.18037233,Cool roof,427093.76465508126,1.0,2.341406226821398e-06,939948431.2953639,False
2202,+87379+19355,17.387341480724775,78.49434036397874,built_up,High,39.858734,0.1627423,Cool roof,427073.3143560538,1.0,2.341518344473974e-06,940375504.60972,False
2203,+87395+19379,17.40890104754234,78.50871340852379,built_up,Medium,39.858612,0.2214553,Cool roof,427024.1915479869,1.0,2.3417877014764513e-06,940802528.801268,False
2204,+87400+19347,17.380154958452252,78.51320498494411,built_up,High,39.85858,0.19580176,Cool roof,427089.6754206114,1.0,2.341428644968222e-06,941229618.4766886,False
2205,+87321+19351,17.383748219588515,78.44223807750296,built_up,High,39.85855,0.17400871,Cool roof,427081.4957136619,1.0,2.341473489337157e-06,941656699.9724023,False
2206,+87320+19410,17.436748821348363,78.44133976221889,built_up,Medium,39.858368,0.28864244,Cool roof,426960.65331528033,1.0,2.3421361950689414e-06,942083660.6257176,False
2207,+87351+19341,17.374765066747862,78.46918753602492,built_up,Medium,39.857025,0.21232508,Cool roof,427101.94188599556,1.0,2.3413613986024103e-06,942510762.5676036,False
2208,+87326+19359,17.390934741861038,78.44672965392328,built_up,Medium,39.85617,0.19901465,Cool roof,427065.1313478123,1.0,2.3415632103796727e-06,942937827.6989514,False
2209,+87379+19401,17.428663983791775,78.49434036397874,built_up,High,39.855743,0.1765721,Cool roof,426979.11011063546,1.0,2.3420349528127683e-06,943364806.809062,False
2210,+87367+19355,17.387341480724775,78.48356058056996,built_up,High,39.85489,0.1882129,Cool roof,427073.3143560538,1.0,2.341518344473974e-06,943791880.1234181,False
2211,+87400+19418,17.443935343620886,78.51320498494411,built_up,Medium,39.854797,0.22338603,Cool roof,426944.24026124045,1.0,2.3422262340115322e-06,944218824.3636793,False
2212,+87378+19359,17.390934741861038,78.49344204869467,built_up,High,39.854767,0.184866,Cool roof,427065.1313478123,1.0,2.3415632103796727e-06,944645889.4950271,False
2213,+87319+19341,17.374765066747862,78.44044144693483,built_up,Medium,39.853943,0.22159454,Cool roof,427101.94188599556,1.0,2.3413613986024103e-06,945072991.436913,False
2214,+87367+19371,17.40171452526982,78.48356058056996,built_up,Medium,39.853516,0.21751499,Cool roof,427040.5724195397,1.0,2.341697872720077e-06,945500032.0093325,False
2215,+87341+19340,17.373866751463797,78.46020438318426,built_up,Medium,39.852997,0.24515891,Cool roof,427103.9859357997,1.0,2.3413501932297943e-06,945927135.9952683,False
2216,+87354+19351,17.383748219588515,78.47188248187712,built_up,Medium,39.852875,0.33248287,Cool roof,427081.4957136619,1.0,2.341473489337157e-06,946354217.490982,False
2217,+87411+19392,17.42057914623519,78.52308645306883,built_up,High,39.852325,0.17683092,Cool roof,426997.55855112965,1.0,2.3419337651324247e-06,946781215.0495331,False
2218,+87392+19363,17.394528002997298,78.50601846267159,built_up,High,39.85202,0.13780217,Cool roof,427056.9466889627,1.0,2.3416080870552553e-06,947208271.9962221,False
2219,+87406+19376,17.406206101690145,78.5185948766485,built_up,Medium,39.85028,0.27235106,Cool roof,427030.3351484935,1.0,2.34175401064251e-06,947635302.3313706,False
2220,+87320+19397,17.425070722655516,78.44133976221889,built_up,Medium,39.849854,0.30575842,Cool roof,426987.3104490032,1.0,2.3419899737733167e-06,948062289.6418196,False
2221,+87387+19384,17.413392623962668,78.50152688625127,built_up,Medium,39.849335,0.21924107,Cool roof,427013.9501507122,1.0,2.341843866335176e-06,948489303.5919703,False
2222,+87345+19355,17.387341480724775,78.46379764432052,built_up,Medium,39.84897,0.23000151,Cool roof,427073.3143560538,1.0,2.341518344473974e-06,948916376.9063264,False
2223,+87364+19379,17.40890104754234,78.48086563471776,built_up,Medium,39.84897,0.3175227,Cool roof,427024.1915479869,1.0,2.3417877014764513e-06,949343401.0978744,False
2224,+87393+19361,17.392731372429168,78.50691677795565,built_up,High,39.84897,0.16607894,Cool roof,427061.0392247119,1.0,2.3415856473711663e-06,949770462.1370991,False
2225,+87357+19349,17.381951589020385,78.4745774277293,built_up,High,39.848846,0.18404454,Cool roof,427085.5857734706,1.0,2.341451065806767e-06,950197547.7228726,False
2226,+87406+19381,17.410697678110473,78.5185948766485,built_up,Medium,39.848175,0.3206421,Cool roof,427020.0952985397,1.0,2.3418101653995388e-06,950624567.8181711,False
2227,+87404+19418,17.443935343620886,78.51679824608037,built_up,High,39.84735,0.19176307,Cool roof,426944.24026124045,1.0,2.3422262340115322e-06,951051512.0584323,False
2228,+87375+19379,17.40890104754234,78.49074710284248,built_up,High,39.84659,0.17695192,Cool roof,427024.1915479869,1.0,2.3417877014764513e-06,951478536.2499803,False
2229,+87404+19354,17.38644316544071,78.51679824608037,built_up,Medium,39.846222,0.29703984,Cool roof,427075.35985020373,1.0,2.3415071296802258e-06,951905611.6098305,False
2230,+87395+19392,17.42057914623519,78.50871340852379,built_up,High,39.84616,0.17791516,Cool roof,426997.55855112965,1.0,2.3419337651324247e-06,952332609.1683816,False
2231,+87372+19399,17.426867353223646,78.48805215699028,built_up,Medium,39.845917,0.19704169,Cool roof,426983.2104861137,1.0,2.3420124619455547e-06,952759592.3788676,False
2232,+87351+19381,17.410697678110473,78.46918753602492,built_up,High,39.84317,0.18164012,Cool roof,427020.0952985397,1.0,2.3418101653995388e-06,953186612.4741662,False
2233,+87322+19377,17.40710441697421,78.44313639278703,built_up,High,39.842377,0.18924667,Cool roof,427028.28738481377,1.0,2.3417652402470857e-06,953613640.761551,False
2234,+87394+19391,17.419680830951123,78.50781509323971,built_up,High,39.841583,0.1509767,Cool roof,426999.6078621065,1.0,2.3419225254252125e-06,954040640.3694131,False
2235,+87392+19380,17.409799362826405,78.50601846267159,built_up,High,39.84146,0.17861366,Cool roof,427022.1434748407,1.0,2.3417989331012717e-06,954467662.512888,False
2236,+87368+19406,17.433155560212104,78.48445889585402,built_up,Medium,39.841217,0.26438355,Cool roof,426968.857366884,1.0,2.3420911917721534e-06,954894631.3702549,False
2237,+87323+19356,17.38823979600884,78.44403470807109,built_up,High,39.8407,0.16127127,Cool roof,427071.26875873934,1.0,2.3415295599407763e-06,955321702.6390136,False
2238,+87352+19341,17.374765066747862,78.47008585130898,built_up,High,39.840607,0.17746021,Cool roof,427101.94188599556,1.0,2.3413613986024103e-06,955748804.5808996,False
2239,+87387+19346,17.379256643168187,78.50152688625127,built_up,High,39.83966,0.19261794,Cool roof,427091.72008943046,1.0,2.3414174355583527e-06,956175896.300989,False
2240,+87354+19413,17.439443767200558,78.47188248187712,built_up,High,39.83957,0.1889947,Cool roof,426954.49919357605,1.0,2.342169954617604e-06,956602850.8001826,False
2241,+87373+19355,17.387341480724775,78.48895047227435,built_up,Medium,39.839478,0.22364596,Cool roof,427073.3143560538,1.0,2.341518344473974e-06,957029924.1145387,False
2242,+87365+19359,17.390934741861038,78.48176395000183,built_up,Medium,39.838287,0.3127627,Cool roof,427065.1313478123,1.0,2.3415632103796727e-06,957456989.2458864,False
2243,+87355+19412,17.438545451916493,78.47278079716118,built_up,High,39.838165,0.17243202,Cool roof,426956.55067061976,1.0,2.342158700760773e-06,957883945.7965571,False
2244,+87387+19349,17.381951589020385,78.50152688625127,built_up,High,39.83725,0.1691236,Cool roof,427085.5857734706,1.0,2.341451065806767e-06,958311031.3823305,False
2245,+87323+19369,17.399917894701687,78.44403470807109,built_up,Medium,39.83719,0.35299715,Cool roof,427044.66660585295,1.0,2.3416754222643517e-06,958738076.0489364,False
2246,+87404+19343,17.376561697315992,78.51679824608037,built_up,Medium,39.836945,0.29565096,Cool roof,427097.85347687715,1.0,2.3413838113661685e-06,959165173.9024132,False
2247,+87384+19416,17.442138713052756,78.49883194039907,built_up,Medium,39.836914,0.20618019,Cool roof,426948.3441435965,1.0,2.342203720231944e-06,959592122.2465569,False
2248,+87374+19360,17.391833057145103,78.48984878755842,built_up,Medium,39.836884,0.24318798,Cool roof,427063.08533784345,1.0,2.3415744285388524e-06,960019185.3318948,False
2249,+87365+19416,17.442138713052756,78.48176395000183,built_up,Medium,39.836334,0.31828585,Cool roof,426948.3441435965,1.0,2.342203720231944e-06,960446133.6760384,False
2250,+87403+19416,17.442138713052756,78.51589993079631,built_up,Medium,39.835358,0.1964424,Cool roof,426948.3441435965,1.0,2.342203720231944e-06,960873082.020182,False
2251,+87404+19342,17.375663382031927,78.51679824608037,built_up,Medium,39.834564,0.28664738,Cool roof,427099.8977330211,1.0,2.341372604647864e-06,961300181.917915,False
2252,+87357+19413,17.439443767200558,78.4745774277293,built_up,Medium,39.834167,0.31982964,Cool roof,426954.49919357605,1.0,2.342169954617604e-06,961727136.4171085,False
2253,+87325+19406,17.433155560212104,78.44583133863922,built_up,High,39.834137,0.17766155,Cool roof,426968.857366884,1.0,2.3420911917721534e-06,962154105.2744755,False
2254,+87338+19340,17.373866751463797,78.45750943733206,built_up,High,39.834076,0.17682032,Cool roof,427103.9859357997,1.0,2.3413501932297943e-06,962581209.2604113,False
2255,+87319+19342,17.375663382031927,78.44044144693483,built_up,Medium,39.83362,0.21377516,Cool roof,427099.8977330211,1.0,2.341372604647864e-06,963008309.1581442,False
2256,+87375+19408,17.434952190780233,78.49074710284248,built_up,High,39.833466,0.17037776,Cool roof,426964.7555473694,1.0,2.3421136920727768e-06,963435273.9136916,False
2257,+87379+19387,17.416087569814863,78.49434036397874,built_up,Medium,39.833313,0.24048539,Cool roof,427007.8040745065,1.0,2.341877573332395e-06,963862281.7177662,False
2258,+87360+19365,17.396324633565428,78.4772723735815,built_up,High,39.83206,0.16497606,Cool roof,427052.85374056763,1.0,2.341630529432066e-06,964289334.5715067,False
2259,+87392+19388,17.416985885098928,78.50601846267159,built_up,Medium,39.83188,0.19909455,Cool roof,427005.7551761335,1.0,2.341888810345226e-06,964716340.3266829,False
2260,+87394+19361,17.392731372429168,78.50781509323971,built_up,High,39.8313,0.15844744,Cool roof,427061.0392247119,1.0,2.3415856473711663e-06,965143401.3659077,False
2261,+87374+19379,17.40890104754234,78.48984878755842,built_up,High,39.831024,0.18150109,Cool roof,427024.1915479869,1.0,2.3417877014764513e-06,965570425.5574557,False
2262,+87399+19387,17.416087569814863,78.51230666966005,built_up,High,39.83011,0.15525618,Cool roof,427007.8040745065,1.0,2.341877573332395e-06,965997433.3615302,False
2263,+87412+19415,17.44124039776869,78.52398476835289,built_up,Medium,39.829865,0.21246558,Cool roof,426950.395930064,1.0,2.342192464353174e-06,966424383.7574602,False
2264,+87402+19388,17.416985885098928,78.51500161551225,built_up,High,39.829742,0.16868085,Cool roof,427005.7551761335,1.0,2.341888810345226e-06,966851389.5126364,False
2265,+87343+19376,17.406206101690145,78.4620010137524,built_up,Medium,39.8295,0.27239278,Cool roof,427030.3351484935,1.0,2.34175401064251e-06,967278419.8477849,False
2266,+87381+19359,17.390934741861038,78.49613699454687,built_up,Medium,39.829437,0.22398955,Cool roof,427065.1313478123,1.0,2.3415632103796727e-06,967705484.9791327,False
2267,+87360+19342,17.375663382031927,78.4772723735815,built_up,High,39.829407,0.18229371,Cool roof,427099.8977330211,1.0,2.341372604647864e-06,968132584.8768656,False
2268,+87323+19357,17.389138111292905,78.44403470807109,built_up,High,39.829376,0.16577627,Cool roof,427069.2230582606,1.0,2.3415407760806503e-06,968559654.0999238,False
2269,+87327+19357,17.389138111292905,78.44762796920735,built_up,High,39.829132,0.18388614,Cool roof,427069.2230582606,1.0,2.3415407760806503e-06,968986723.3229821,False
2270,+87401+19385,17.414290939246733,78.51410330022817,built_up,High,39.828705,0.16855663,Cool roof,427011.90156179626,1.0,2.3418551013273855e-06,969413735.2245438,False
2271,+87389+19346,17.379256643168187,78.50332351681939,built_up,Medium,39.827972,0.24720275,Cool roof,427091.72008943046,1.0,2.3414174355583527e-06,969840826.9446332,False
2272,+87330+19341,17.374765066747862,78.45032291505954,built_up,Medium,39.82779,0.22775878,Cool roof,427101.94188599556,1.0,2.3413613986024103e-06,970267928.8865192,False
2273,+87387+19409,17.4358505060643,78.50152688625127,built_up,Medium,39.82779,0.20861724,Cool roof,426962.70448289654,1.0,2.342124943233908e-06,970694891.5910021,False
2274,+87330+19361,17.392731372429168,78.45032291505954,built_up,High,39.827118,0.18942384,Cool roof,427061.0392247119,1.0,2.3415856473711663e-06,971121952.6302269,False
2275,+87401+19391,17.419680830951123,78.51410330022817,built_up,High,39.826935,0.16032569,Cool roof,426999.6078621065,1.0,2.3419225254252125e-06,971548952.238089,False
2276,+87396+19340,17.373866751463797,78.50961172380785,built_up,Medium,39.82669,0.22589147,Cool roof,427103.9859357997,1.0,2.3413501932297943e-06,971976056.2240248,False
2277,+87315+19384,17.413392623962668,78.43684818579857,built_up,Medium,39.82663,0.19851921,Cool roof,427013.9501507122,1.0,2.341843866335176e-06,972403070.1741755,False
2278,+87353+19342,17.375663382031927,78.47098416659304,built_up,Medium,39.826385,0.23719198,Cool roof,427099.8977330211,1.0,2.341372604647864e-06,972830170.0719085,False
2279,+87372+19409,17.4358505060643,78.48805215699028,built_up,High,39.826385,0.15687403,Cool roof,426962.70448289654,1.0,2.342124943233908e-06,973257132.7763914,False
2280,+87374+19407,17.43405387549617,78.48984878755842,built_up,Medium,39.826385,0.23864089,Cool roof,426966.80650869873,1.0,2.3421024415855304e-06,973684099.5829,False
2281,+87374+19400,17.42776566850771,78.48984878755842,built_up,Medium,39.825897,0.24222885,Cool roof,426981.160349948,1.0,2.3420237070422817e-06,974111080.74325,False
2282,+87383+19405,17.43225724492804,78.497933625115,built_up,Medium,39.825348,0.24810201,Cool roof,426970.90812192473,1.0,2.3420799426326314e-06,974538051.651372,False
2283,+87370+19407,17.43405387549617,78.48625552642216,built_up,High,39.825226,0.17321214,Cool roof,426966.80650869873,1.0,2.3421024415855304e-06,974965018.4578806,False
2284,+87367+19379,17.40890104754234,78.48356058056996,built_up,Medium,39.82498,0.21571124,Cool roof,427024.1915479869,1.0,2.3417877014764513e-06,975392042.6494286,False
2285,+87335+19348,17.38105327373632,78.45481449147987,built_up,Medium,39.8248,0.29840785,Cool roof,427087.63064862473,1.0,2.3414398550510214e-06,975819130.2800772,False
2286,+87385+19390,17.418782515667058,78.49973025568313,built_up,Medium,39.82321,0.24344012,Cool roof,427001.65706993314,1.0,2.341911286391619e-06,976246131.9371471,False
2287,+87393+19379,17.40890104754234,78.50691677795565,built_up,Medium,39.822845,0.21269627,Cool roof,427024.1915479869,1.0,2.3417877014764513e-06,976673156.1286951,False
2288,+87392+19373,17.40351115583795,78.50601846267159,built_up,Medium,39.82263,0.2836241,Cool roof,427036.4778205931,1.0,2.341720325869025e-06,977100192.6065158,False
2289,+87384+19353,17.385544850156645,78.49883194039907,built_up,Medium,39.82199,0.33109352,Cool roof,427077.40524118865,1.0,2.3414959155595174e-06,977527270.0117569,False
2290,+87410+19360,17.391833057145103,78.52218813778477,built_up,High,39.8219,0.18787743,Cool roof,427063.08533784345,1.0,2.3415744285388524e-06,977954333.0970948,False
2291,+87327+19383,17.412494308678603,78.44762796920735,built_up,High,39.82126,0.19353335,Cool roof,427015.99863647495,1.0,2.341832632016476e-06,978381349.0957313,False
2292,+87378+19411,17.437647136632428,78.49344204869467,built_up,Medium,39.821198,0.21358491,Cool roof,426958.6020445212,1.0,2.3421474475778915e-06,978808307.6977757,False
2293,+87402+19389,17.417884200382993,78.51500161551225,built_up,High,39.819824,0.17406553,Cool roof,427003.7061746089,1.0,2.3419000480316284e-06,979235311.4039503,False
2294,+87393+19414,17.440342082484626,78.50691677795565,built_up,Medium,39.81906,0.28907514,Cool roof,426952.4476133907,1.0,2.3421812091483994e-06,979662263.8515637,False
2295,+87392+19362,17.393629687713233,78.50601846267159,built_up,High,39.81836,0.14489622,Cool roof,427058.9930084181,1.0,2.3415968668766287e-06,980089322.8445721,False
2296,+87400+19388,17.416985885098928,78.51320498494411,built_up,High,39.8183,0.18536036,Cool roof,427005.7551761335,1.0,2.341888810345226e-06,980516328.5997483,False
2297,+87380+19401,17.428663983791775,78.49523867926281,built_up,Medium,39.816986,0.21298692,Cool roof,426979.11011063546,1.0,2.3420349528127683e-06,980943307.7098589,False
2298,+87390+19381,17.410697678110473,78.50422183210345,built_up,Medium,39.816742,0.2143912,Cool roof,427020.0952985397,1.0,2.3418101653995388e-06,981370327.8051574,False
2299,+87400+19392,17.42057914623519,78.51320498494411,built_up,High,39.81668,0.18431996,Cool roof,426997.55855112965,1.0,2.3419337651324247e-06,981797325.3637085,False
2300,+87402+19359,17.390934741861038,78.51500161551225,built_up,Medium,39.816498,0.26211202,Cool roof,427065.1313478123,1.0,2.3415632103796727e-06,982224390.4950563,False
2301,+87403+19405,17.43225724492804,78.51589993079631,built_up,High,39.816315,0.1846931,Cool roof,426970.90812192473,1.0,2.3420799426326314e-06,982651361.4031782,False
2302,+87389+19400,17.42776566850771,78.50332351681939,built_up,Medium,39.816254,0.27654856,Cool roof,426981.160349948,1.0,2.3420237070422817e-06,983078342.5635282,False
2303,+87377+19348,17.38105327373632,78.49254373341061,built_up,Medium,39.816193,0.35395396,Cool roof,427087.63064862473,1.0,2.3414398550510214e-06,983505430.1941768,False
2304,+87322+19369,17.399917894701687,78.44313639278703,built_up,Medium,39.814606,0.3675406,Cool roof,427044.66660585295,1.0,2.3416754222643517e-06,983932474.8607826,False
2305,+87383+19408,17.434952190780233,78.497933625115,built_up,High,39.81436,0.17377523,Cool roof,426964.7555473694,1.0,2.3421136920727768e-06,984359439.61633,False
2306,+87373+19356,17.38823979600884,78.48895047227435,built_up,Medium,39.8143,0.2561821,Cool roof,427071.26875873934,1.0,2.3415295599407763e-06,984786510.8850888,False
2307,+87315+19350,17.38284990430445,78.43684818579857,built_up,High,39.81378,0.17958537,Cool roof,427083.5407951495,1.0,2.3414622772354733e-06,985213594.425884,False
2308,+87396+19341,17.374765066747862,78.50961172380785,built_up,Medium,39.81375,0.2257,Cool roof,427101.94188599556,1.0,2.3413613986024103e-06,985640696.36777,False
2309,+87394+19382,17.41159599339454,78.50781509323971,built_up,High,39.8132,0.14494598,Cool roof,427018.0470190842,1.0,2.3418213983712686e-06,986067714.4147891,False
2310,+87381+19393,17.421477461519256,78.49613699454687,built_up,Medium,39.81299,0.21192943,Cool roof,426995.50913700275,1.0,2.341945005513271e-06,986494709.9239261,False
2311,+87361+19368,17.399019579417622,78.47817068886556,built_up,High,39.812744,0.19125709,Cool roof,427046.71354427113,1.0,2.3416641980464084e-06,986921756.6374704,False
2312,+87410+19391,17.419680830951123,78.52218813778477,built_up,Medium,39.812164,0.27255395,Cool roof,426999.6078621065,1.0,2.3419225254252125e-06,987348756.2453325,False
2313,+87389+19385,17.414290939246733,78.50332351681939,built_up,High,39.81137,0.14871204,Cool roof,427011.90156179626,1.0,2.3418551013273855e-06,987775768.1468942,False
2314,+87313+19363,17.394528002997298,78.43505155523043,built_up,Medium,39.810394,0.20493348,Cool roof,427056.9466889627,1.0,2.3416080870552553e-06,988202825.0935832,False
2315,+87412+19363,17.394528002997298,78.52398476835289,built_up,High,39.809753,0.16876337,Cool roof,427056.9466889627,1.0,2.3416080870552553e-06,988629882.0402722,False
2316,+87344+19343,17.376561697315992,78.46289932903646,built_up,High,39.80948,0.14391483,Cool roof,427097.85347687715,1.0,2.3413838113661685e-06,989056979.8937491,False
2317,+87345+19394,17.42237577680332,78.46379764432052,built_up,High,39.809296,0.15571856,Cool roof,426993.45961972617,1.0,2.341956246567769e-06,989483973.3533689,False
2318,+87333+19359,17.390934741861038,78.45301786091174,built_up,High,39.80771,0.16675757,Cool roof,427065.1313478123,1.0,2.3415632103796727e-06,989911038.4847167,False
2319,+87386+19398,17.42596903793958,78.5006285709672,built_up,Medium,39.806458,0.3048168,Cool roof,426985.2605191322,1.0,2.3420012175225717e-06,990338023.7452358,False
2320,+87337+19349,17.381951589020385,78.456611122048,built_up,Medium,39.80597,0.27098206,Cool roof,427085.5857734706,1.0,2.341451065806767e-06,990765109.3310093,False
2321,+87408+19390,17.418782515667058,78.52039150721663,built_up,Medium,39.805817,0.3033789,Cool roof,427001.65706993314,1.0,2.341911286391619e-06,991192110.9880792,False
2322,+87352+19340,17.373866751463797,78.47008585130898,built_up,High,39.804047,0.14254707,Cool roof,427103.9859357997,1.0,2.3413501932297943e-06,991619214.974015,False
2323,+87336+19407,17.43405387549617,78.45571280676394,built_up,Medium,39.80258,0.23602137,Cool roof,426966.80650869873,1.0,2.3421024415855304e-06,992046181.7805237,False
2324,+87395+19369,17.399917894701687,78.50871340852379,built_up,Medium,39.802338,0.21245158,Cool roof,427044.66660585295,1.0,2.3416754222643517e-06,992473226.4471295,False
2325,+87377+19408,17.434952190780233,78.49254373341061,built_up,High,39.802032,0.14748241,Cool roof,426964.7555473694,1.0,2.3421136920727768e-06,992900191.2026769,False
2326,+87402+19351,17.383748219588515,78.51500161551225,built_up,Medium,39.801178,0.19371206,Cool roof,427081.4957136619,1.0,2.341473489337157e-06,993327272.6983906,False
2327,+87371+19364,17.395426318281363,78.48715384170622,built_up,Medium,39.801025,0.29534045,Cool roof,427054.9002663456,1.0,2.341619307907063e-06,993754327.5986569,False
2328,+87338+19363,17.394528002997298,78.45750943733206,built_up,Medium,39.80081,0.25487736,Cool roof,427056.9466889627,1.0,2.3416080870552553e-06,994181384.5453459,False
2329,+87349+19346,17.379256643168187,78.46739090545678,built_up,High,39.80063,0.16011189,Cool roof,427091.72008943046,1.0,2.3414174355583527e-06,994608476.2654353,False
2330,+87371+19360,17.391833057145103,78.48715384170622,built_up,Medium,39.80008,0.22584796,Cool roof,427063.08533784345,1.0,2.3415744285388524e-06,995035539.3507732,False
2331,+87403+19359,17.390934741861038,78.51589993079631,built_up,Medium,39.799896,0.19805767,Cool roof,427065.1313478123,1.0,2.3415632103796727e-06,995462604.482121,False
2332,+87325+19365,17.396324633565428,78.44583133863922,built_up,High,39.799164,0.16627307,Cool roof,427052.85374056763,1.0,2.341630529432066e-06,995889657.3358616,False
2333,+87328+19371,17.40171452526982,78.44852628449141,built_up,High,39.798615,0.16678257,Cool roof,427040.5724195397,1.0,2.341697872720077e-06,996316697.9082811,False
2334,+87384+19394,17.42237577680332,78.49883194039907,built_up,Medium,39.79837,0.19475783,Cool roof,426993.45961972617,1.0,2.341956246567769e-06,996743691.3679008,False
2335,+87335+19340,17.373866751463797,78.45481449147987,built_up,High,39.797607,0.19012828,Cool roof,427103.9859357997,1.0,2.3413501932297943e-06,997170795.3538367,False
2336,+87395+19342,17.375663382031927,78.50871340852379,built_up,Medium,39.797607,0.28095654,Cool roof,427099.8977330211,1.0,2.341372604647864e-06,997597895.2515696,False
2337,+87399+19388,17.416985885098928,78.51230666966005,built_up,High,39.79724,0.18079212,Cool roof,427005.7551761335,1.0,2.341888810345226e-06,998024901.0067458,False
2338,+87382+19386,17.415189254530798,78.49703530983093,built_up,Medium,39.79712,0.29252177,Cool roof,427009.85286972753,1.0,2.34186633699312e-06,998451910.8596156,False
2339,+87392+19379,17.40890104754234,78.50601846267159,built_up,Medium,39.797028,0.2642462,Cool roof,427024.1915479869,1.0,2.3417877014764513e-06,998878935.0511636,False
2340,+87391+19403,17.43046061435991,78.50512014738753,built_up,Medium,39.796112,0.2331708,Cool roof,426975.0093225714,1.0,2.3420574463750857e-06,999305910.0604861,False
2341,+87340+19364,17.395426318281363,78.4593060679002,built_up,Medium,39.795868,0.20334713,Cool roof,427054.9002663456,1.0,2.341619307907063e-06,999732964.9607524,False
2342,+87339+19364,17.395426318281363,78.45840775261613,built_up,Medium,39.795013,0.21928199,Cool roof,427054.9002663456,1.0,2.341619307907063e-06,1000160019.8610187,False
2343,+87313+19371,17.40171452526982,78.43505155523043,built_up,Medium,39.793,0.38824436,Cool roof,427040.5724195397,1.0,2.341697872720077e-06,1000587060.4334382,False
2344,+87372+19365,17.396324633565428,78.48805215699028,built_up,Medium,39.791718,0.24717604,Cool roof,427052.85374056763,1.0,2.341630529432066e-06,1001014113.2871788,False
2345,+87400+19361,17.392731372429168,78.51320498494411,built_up,Medium,39.791534,0.20477554,Cool roof,427061.0392247119,1.0,2.3415856473711663e-06,1001441174.3264035,False
2346,+87384+19400,17.42776566850771,78.49883194039907,built_up,High,39.791473,0.17458028,Cool roof,426981.160349948,1.0,2.3420237070422817e-06,1001868155.4867535,False
2347,+87370+19361,17.392731372429168,78.48625552642216,built_up,Medium,39.791443,0.21329452,Cool roof,427061.0392247119,1.0,2.3415856473711663e-06,1002295216.5259782,False
2348,+87403+19385,17.414290939246733,78.51589993079631,built_up,High,39.79117,0.17479217,Cool roof,427011.90156179626,1.0,2.3418551013273855e-06,1002722228.42754,False
2349,+87385+19385,17.414290939246733,78.49973025568313,built_up,High,39.79068,0.17788646,Cool roof,427011.90156179626,1.0,2.3418551013273855e-06,1003149240.3291017,False
2350,+87341+19373,17.40351115583795,78.46020438318426,built_up,Medium,39.79062,0.24171211,Cool roof,427036.4778205931,1.0,2.341720325869025e-06,1003576276.8069223,False
2351,+87361+19344,17.377460012600057,78.47817068886556,built_up,Medium,39.790497,0.20606068,Cool roof,427095.80911756353,1.0,2.3413950187573424e-06,1004003372.6160399,False
2352,+87363+19365,17.396324633565428,78.4799673194337,built_up,High,39.79019,0.17438668,Cool roof,427052.85374056763,1.0,2.341630529432066e-06,1004430425.4697804,False
2353,+87401+19376,17.406206101690145,78.51410330022817,built_up,Medium,39.79007,0.23435077,Cool roof,427030.3351484935,1.0,2.34175401064251e-06,1004857455.8049289,False
2354,+87364+19354,17.38644316544071,78.48086563471776,built_up,Medium,39.79001,0.23555955,Cool roof,427075.35985020373,1.0,2.3415071296802258e-06,1005284531.1647791,False
2355,+87327+19362,17.393629687713233,78.44762796920735,built_up,Medium,39.789825,0.33050767,Cool roof,427058.9930084181,1.0,2.3415968668766287e-06,1005711590.1577874,False
2356,+87355+19358,17.39003642657697,78.47278079716118,built_up,High,39.78897,0.18954873,Cool roof,427067.17725461826,1.0,2.34155199289361e-06,1006138657.3350421,False
2357,+87326+19404,17.431358929643974,78.44672965392328,built_up,High,39.78842,0.17681019,Cool roof,426972.9587738207,1.0,2.342068694166947e-06,1006565630.293816,False
2358,+87398+19352,17.38464653487258,78.51140835437599,built_up,Medium,39.78842,0.34883374,Cool roof,427079.4505290082,1.0,2.341484702111833e-06,1006992709.744345,False
2359,+87413+19353,17.385544850156645,78.52488308363696,built_up,High,39.787445,0.17912595,Cool roof,427077.40524118865,1.0,2.3414959155595174e-06,1007419787.1495861,False
2360,+87328+19407,17.43405387549617,78.44852628449141,built_up,High,39.787018,0.17965753,Cool roof,426966.80650869873,1.0,2.3421024415855304e-06,1007846753.9560947,False
2361,+87385+19393,17.421477461519256,78.49973025568313,built_up,Medium,39.786285,0.23237106,Cool roof,426995.50913700275,1.0,2.341945005513271e-06,1008273749.4652318,False
2362,+87349+19347,17.380154958452252,78.46739090545678,built_up,High,39.786194,0.16078912,Cool roof,427089.6754206114,1.0,2.341428644968222e-06,1008700839.1406524,False
2363,+87397+19362,17.393629687713233,78.51051003909191,built_up,Medium,39.786102,0.1952597,Cool roof,427058.9930084181,1.0,2.3415968668766287e-06,1009127898.1336608,False
2364,+87387+19362,17.393629687713233,78.50152688625127,built_up,Medium,39.78601,0.30794066,Cool roof,427058.9930084181,1.0,2.3415968668766287e-06,1009554957.1266692,False
2365,+87314+19363,17.394528002997298,78.4359498705145,built_up,Medium,39.785797,0.21914914,Cool roof,427056.9466889627,1.0,2.3416080870552553e-06,1009982014.0733582,False
2366,+87378+19415,17.44124039776869,78.49344204869467,built_up,Medium,39.785614,0.2209712,Cool roof,426950.395930064,1.0,2.342192464353174e-06,1010408964.4692882,False
2367,+87383+19380,17.409799362826405,78.497933625115,built_up,Medium,39.783386,0.2346154,Cool roof,427022.1434748407,1.0,2.3417989331012717e-06,1010835986.612763,False
2368,+87407+19363,17.394528002997298,78.51949319193257,built_up,High,39.783203,0.17985813,Cool roof,427056.9466889627,1.0,2.3416080870552553e-06,1011263043.559452,False
2369,+87337+19359,17.390934741861038,78.456611122048,built_up,Medium,39.78293,0.27122715,Cool roof,427065.1313478123,1.0,2.3415632103796727e-06,1011690108.6907998,False
2370,+87377+19414,17.440342082484626,78.49254373341061,built_up,High,39.782562,0.17079471,Cool roof,426952.4476133907,1.0,2.3421812091483994e-06,1012117061.1384132,False
2371,+87371+19351,17.383748219588515,78.48715384170622,built_up,Medium,39.781708,0.3223808,Cool roof,427081.4957136619,1.0,2.341473489337157e-06,1012544142.6341269,False
2372,+87338+19364,17.395426318281363,78.45750943733206,built_up,Medium,39.780914,0.23106854,Cool roof,427054.9002663456,1.0,2.341619307907063e-06,1012971197.5343932,False
2373,+87315+19357,17.389138111292905,78.43684818579857,built_up,Medium,39.78067,0.20630702,Cool roof,427069.2230582606,1.0,2.3415407760806503e-06,1013398266.7574514,False
2374,+87399+19402,17.42956229907584,78.51230666966005,built_up,Medium,39.78,0.20090538,Cool roof,426977.0597681764,1.0,2.3420461992570315e-06,1013825243.8172196,False
2375,+87410+19353,17.385544850156645,78.52218813778477,built_up,High,39.779327,0.15410484,Cool roof,427077.40524118865,1.0,2.3414959155595174e-06,1014252321.2224607,False
2376,+87368+19359,17.390934741861038,78.48445889585402,built_up,High,39.77829,0.18616663,Cool roof,427065.1313478123,1.0,2.3415632103796727e-06,1014679386.3538085,False
2377,+87341+19355,17.387341480724775,78.46020438318426,built_up,Medium,39.77823,0.24169052,Cool roof,427073.3143560538,1.0,2.341518344473974e-06,1015106459.6681646,False
2378,+87387+19351,17.383748219588515,78.50152688625127,built_up,High,39.777557,0.1673845,Cool roof,427081.4957136619,1.0,2.341473489337157e-06,1015533541.1638783,False
2379,+87366+19368,17.399019579417622,78.4826622652859,built_up,Medium,39.776337,0.23943956,Cool roof,427046.71354427113,1.0,2.3416641980464084e-06,1015960587.8774226,False
2380,+87388+19344,17.377460012600057,78.50242520153533,built_up,Medium,39.776306,0.22428934,Cool roof,427095.80911756353,1.0,2.3413950187573424e-06,1016387683.6865401,False
2381,+87407+19364,17.395426318281363,78.51949319193257,built_up,High,39.77594,0.16909026,Cool roof,427054.9002663456,1.0,2.341619307907063e-06,1016814738.5868064,False
2382,+87409+19387,17.416087569814863,78.5212898225007,built_up,Medium,39.77585,0.34967986,Cool roof,427007.8040745065,1.0,2.341877573332395e-06,1017241746.390881,False
2383,+87376+19369,17.399917894701687,78.49164541812655,built_up,High,39.775208,0.154499,Cool roof,427044.66660585295,1.0,2.3416754222643517e-06,1017668791.0574868,False
2384,+87394+19379,17.40890104754234,78.50781509323971,built_up,Medium,39.775055,0.22855198,Cool roof,427024.1915479869,1.0,2.3417877014764513e-06,1018095815.2490348,False
2385,+87363+19362,17.393629687713233,78.4799673194337,built_up,Medium,39.77469,0.23663017,Cool roof,427058.9930084181,1.0,2.3415968668766287e-06,1018522874.2420431,False
2386,+87320+19400,17.42776566850771,78.44133976221889,built_up,Medium,39.774628,0.30230692,Cool roof,426981.160349948,1.0,2.3420237070422817e-06,1018949855.4023931,False
2387,+87368+19417,17.44303702833682,78.48445889585402,built_up,Medium,39.773895,0.2935308,Cool roof,426946.29225398856,1.0,2.3422149767847243e-06,1019376801.6946471,False
2388,+87342+19369,17.399917894701687,78.46110269846832,built_up,Medium,39.77359,0.21628726,Cool roof,427044.66660585295,1.0,2.3416754222643517e-06,1019803846.3612529,False
2389,+87402+19405,17.43225724492804,78.51500161551225,built_up,Medium,39.773468,0.2081007,Cool roof,426970.90812192473,1.0,2.3420799426326314e-06,1020230817.2693748,False
2390,+87413+19399,17.426867353223646,78.52488308363696,built_up,Medium,39.77304,0.3227409,Cool roof,426983.2104861137,1.0,2.3420124619455547e-06,1020657800.4798609,False
2391,+87357+19354,17.38644316544071,78.4745774277293,built_up,Medium,39.77292,0.28741974,Cool roof,427075.35985020373,1.0,2.3415071296802258e-06,1021084875.8397111,False
2392,+87361+19376,17.406206101690145,78.47817068886556,built_up,Medium,39.772064,0.22285126,Cool roof,427030.3351484935,1.0,2.34175401064251e-06,1021511906.1748595,False
2393,+87351+19342,17.375663382031927,78.46918753602492,built_up,High,39.772003,0.16925141,Cool roof,427099.8977330211,1.0,2.341372604647864e-06,1021939006.0725925,False
2394,+87395+19380,17.409799362826405,78.50871340852379,built_up,High,39.77182,0.182848,Cool roof,427022.1434748407,1.0,2.3417989331012717e-06,1022366028.2160673,False
2395,+87377+19359,17.390934741861038,78.49254373341061,built_up,High,39.77072,0.17090628,Cool roof,427065.1313478123,1.0,2.3415632103796727e-06,1022793093.3474151,False
2396,+87353+19362,17.393629687713233,78.47098416659304,built_up,High,39.77005,0.1711481,Cool roof,427058.9930084181,1.0,2.3415968668766287e-06,1023220152.3404235,False
2397,+87400+19354,17.38644316544071,78.51320498494411,built_up,Medium,39.76944,0.26354298,Cool roof,427075.35985020373,1.0,2.3415071296802258e-06,1023647227.7002736,False
2398,+87345+19354,17.38644316544071,78.46379764432052,built_up,Medium,39.769073,0.24557264,Cool roof,427075.35985020373,1.0,2.3415071296802258e-06,1024074303.0601238,False
2399,+87388+19399,17.426867353223646,78.50242520153533,built_up,Medium,39.769012,0.27660272,Cool roof,426983.2104861137,1.0,2.3420124619455547e-06,1024501286.2706099,False
2400,+87379+19404,17.431358929643974,78.49434036397874,built_up,Medium,39.768524,0.21804759,Cool roof,426972.9587738207,1.0,2.342068694166947e-06,1024928259.2293837,False
2401,+87366+19366,17.397222948849492,78.4826622652859,built_up,Medium,39.767822,0.20241445,Cool roof,427050.8071116288,1.0,2.3416417516302816e-06,1025355310.0364953,False
2402,+87412+19353,17.385544850156645,78.52398476835289,built_up,High,39.767303,0.18767534,Cool roof,427077.40524118865,1.0,2.3414959155595174e-06,1025782387.4417365,False
2403,+87359+19366,17.397222948849492,78.47637405829744,built_up,Medium,39.766937,0.23945422,Cool roof,427050.8071116288,1.0,2.3416417516302816e-06,1026209438.2488481,False
2404,+87357+19414,17.440342082484626,78.4745774277293,built_up,Medium,39.766632,0.29919344,Cool roof,426952.4476133907,1.0,2.3421812091483994e-06,1026636390.6964614,False
2405,+87391+19360,17.391833057145103,78.50512014738753,built_up,High,39.766327,0.164288,Cool roof,427063.08533784345,1.0,2.3415744285388524e-06,1027063453.7817993,False
2406,+87362+19358,17.39003642657697,78.47906900414964,built_up,Medium,39.765594,0.2164437,Cool roof,427067.17725461826,1.0,2.34155199289361e-06,1027490520.959054,False
2407,+87356+19410,17.436748821348363,78.47367911244524,built_up,Medium,39.76538,0.39607722,Cool roof,426960.65331528033,1.0,2.3421361950689414e-06,1027917481.6123693,False
2408,+87389+19362,17.393629687713233,78.50332351681939,built_up,Medium,39.764496,0.2483998,Cool roof,427058.9930084181,1.0,2.3415968668766287e-06,1028344540.6053777,False
2409,+87375+19401,17.428663983791775,78.49074710284248,built_up,Medium,39.764435,0.22047889,Cool roof,426979.11011063546,1.0,2.3420349528127683e-06,1028771519.7154883,False
2410,+87382+19340,17.373866751463797,78.49703530983093,built_up,Medium,39.764435,0.23172942,Cool roof,427103.9859357997,1.0,2.3413501932297943e-06,1029198623.7014241,False
2411,+87411+19352,17.38464653487258,78.52308645306883,built_up,High,39.763214,0.1407025,Cool roof,427079.4505290082,1.0,2.341484702111833e-06,1029625703.1519531,False
2412,+87346+19354,17.38644316544071,78.46469595960458,built_up,Medium,39.762573,0.2406751,Cool roof,427075.35985020373,1.0,2.3415071296802258e-06,1030052778.5118033,False
2413,+87341+19354,17.38644316544071,78.46020438318426,built_up,Medium,39.76181,0.2586103,Cool roof,427075.35985020373,1.0,2.3415071296802258e-06,1030479853.8716534,False
2414,+87393+19407,17.43405387549617,78.50691677795565,built_up,Medium,39.760895,0.31879076,Cool roof,426966.80650869873,1.0,2.3421024415855304e-06,1030906820.6781621,False
2415,+87322+19368,17.399019579417622,78.44313639278703,built_up,Medium,39.760498,0.4007415,Cool roof,427046.71354427113,1.0,2.3416641980464084e-06,1031333867.3917063,False
2416,+87356+19372,17.402612840553886,78.47367911244524,built_up,Medium,39.760284,0.2321443,Cool roof,427038.5251716453,1.0,2.3417090989578906e-06,1031760905.916878,False
2417,+87409+19398,17.42596903793958,78.5212898225007,built_up,Medium,39.759796,0.21911402,Cool roof,426985.2605191322,1.0,2.3420012175225717e-06,1032187891.1773971,False
2418,+87368+19360,17.391833057145103,78.48445889585402,built_up,Medium,39.759186,0.26782408,Cool roof,427063.08533784345,1.0,2.3415744285388524e-06,1032614954.262735,False
2419,+87324+19367,17.398121264133557,78.44493302335515,built_up,Medium,39.75888,0.1903172,Cool roof,427048.7603795299,1.0,2.3416529745017237e-06,1033042003.0231146,False
2420,+87321+19363,17.394528002997298,78.44223807750296,built_up,Medium,39.75882,0.20348999,Cool roof,427056.9466889627,1.0,2.3416080870552553e-06,1033469059.9698036,False
2421,+87336+19351,17.383748219588515,78.45571280676394,built_up,High,39.758636,0.1618384,Cool roof,427081.4957136619,1.0,2.341473489337157e-06,1033896141.4655173,False
2422,+87374+19369,17.399917894701687,78.48984878755842,built_up,Medium,39.7576,0.26403537,Cool roof,427044.66660585295,1.0,2.3416754222643517e-06,1034323186.1321231,False
2423,+87400+19384,17.413392623962668,78.51320498494411,built_up,High,39.757355,0.1638511,Cool roof,427013.9501507122,1.0,2.341843866335176e-06,1034750200.0822738,False
2424,+87383+19349,17.381951589020385,78.497933625115,built_up,Medium,39.756805,0.22399484,Cool roof,427085.5857734706,1.0,2.341451065806767e-06,1035177285.6680473,False
2425,+87344+19356,17.38823979600884,78.46289932903646,built_up,High,39.756012,0.15197544,Cool roof,427071.26875873934,1.0,2.3415295599407763e-06,1035604356.9368061,False
2426,+87365+19380,17.409799362826405,78.48176395000183,built_up,Medium,39.75583,0.33891404,Cool roof,427022.1434748407,1.0,2.3417989331012717e-06,1036031379.0802809,False
2427,+87398+19365,17.396324633565428,78.51140835437599,built_up,Medium,39.755096,0.24523069,Cool roof,427052.85374056763,1.0,2.341630529432066e-06,1036458431.9340215,False
2428,+87403+19386,17.415189254530798,78.51589993079631,built_up,High,39.755035,0.16323167,Cool roof,427009.85286972753,1.0,2.34186633699312e-06,1036885441.7868912,False
2429,+87409+19393,17.421477461519256,78.5212898225007,built_up,High,39.75415,0.18559575,Cool roof,426995.50913700275,1.0,2.341945005513271e-06,1037312437.2960283,False
2430,+87335+19373,17.40351115583795,78.45481449147987,built_up,Medium,39.75403,0.2792734,Cool roof,427036.4778205931,1.0,2.341720325869025e-06,1037739473.7738489,False
2431,+87411+19399,17.426867353223646,78.52308645306883,built_up,Medium,39.753998,0.21843144,Cool roof,426983.2104861137,1.0,2.3420124619455547e-06,1038166456.984335,False
2432,+87376+19365,17.396324633565428,78.49164541812655,built_up,High,39.75345,0.18595687,Cool roof,427052.85374056763,1.0,2.341630529432066e-06,1038593509.8380755,False
2433,+87325+19360,17.391833057145103,78.44583133863922,built_up,Medium,39.7529,0.24146333,Cool roof,427063.08533784345,1.0,2.3415744285388524e-06,1039020572.9234134,False
2434,+87405+19376,17.406206101690145,78.51769656136443,built_up,Medium,39.75284,0.33016598,Cool roof,427030.3351484935,1.0,2.34175401064251e-06,1039447603.2585618,False
2435,+87320+19347,17.380154958452252,78.44133976221889,built_up,Medium,39.75244,0.24354602,Cool roof,427089.6754206114,1.0,2.341428644968222e-06,1039874692.9339825,False
2436,+87355+19343,17.376561697315992,78.47278079716118,built_up,High,39.75235,0.13155496,Cool roof,427097.85347687715,1.0,2.3413838113661685e-06,1040301790.7874594,False
2437,+87392+19390,17.418782515667058,78.50601846267159,built_up,Medium,39.752014,0.19681917,Cool roof,427001.65706993314,1.0,2.341911286391619e-06,1040728792.4445293,False
2438,+87366+19360,17.391833057145103,78.4826622652859,built_up,High,39.751892,0.17320547,Cool roof,427063.08533784345,1.0,2.3415744285388524e-06,1041155855.5298672,False
2439,+87383+19394,17.42237577680332,78.497933625115,built_up,Medium,39.7511,0.20050521,Cool roof,426993.45961972617,1.0,2.341956246567769e-06,1041582848.9894869,False
2440,+87322+19354,17.38644316544071,78.44313639278703,built_up,High,39.75009,0.15698943,Cool roof,427075.35985020373,1.0,2.3415071296802258e-06,1042009924.3493371,False
2441,+87406+19399,17.426867353223646,78.5185948766485,built_up,Medium,39.74936,0.20551163,Cool roof,426983.2104861137,1.0,2.3420124619455547e-06,1042436907.5598232,False
2442,+87353+19344,17.377460012600057,78.47098416659304,built_up,Medium,39.7489,0.3026177,Cool roof,427095.80911756353,1.0,2.3413950187573424e-06,1042864003.3689407,False
2443,+87368+19346,17.379256643168187,78.48445889585402,built_up,Medium,39.74704,0.3175854,Cool roof,427091.72008943046,1.0,2.3414174355583527e-06,1043291095.0890301,False
2444,+87386+19349,17.381951589020385,78.5006285709672,built_up,High,39.746796,0.17854655,Cool roof,427085.5857734706,1.0,2.341451065806767e-06,1043718180.6748036,False
2445,+87409+19385,17.414290939246733,78.5212898225007,built_up,Medium,39.746124,0.3501726,Cool roof,427011.90156179626,1.0,2.3418551013273855e-06,1044145192.5763654,False
2446,+87413+19364,17.395426318281363,78.52488308363696,built_up,High,39.746002,0.1746132,Cool roof,427054.9002663456,1.0,2.341619307907063e-06,1044572247.4766316,False
2447,+87384+19413,17.439443767200558,78.49883194039907,built_up,Medium,39.74594,0.2090413,Cool roof,426954.49919357605,1.0,2.342169954617604e-06,1044999201.9758252,False
2448,+87355+19350,17.38284990430445,78.47278079716118,built_up,Medium,39.745575,0.25161532,Cool roof,427083.5407951495,1.0,2.3414622772354733e-06,1045426285.5166204,False
2449,+87327+19404,17.431358929643974,78.44762796920735,built_up,High,39.74539,0.17773998,Cool roof,426972.9587738207,1.0,2.342068694166947e-06,1045853258.4753942,False
2450,+87332+19420,17.445731974189016,78.45211954562768,built_up,Medium,39.74469,0.31168664,Cool roof,426940.13596632547,1.0,2.342248750487291e-06,1046280198.6113605,False
2451,+87382+19382,17.41159599339454,78.49703530983093,built_up,Medium,39.743744,0.22606896,Cool roof,427018.0470190842,1.0,2.3418213983712686e-06,1046707216.6583797,False
2452,+87406+19414,17.440342082484626,78.5185948766485,built_up,Medium,39.74301,0.28845432,Cool roof,426952.4476133907,1.0,2.3421812091483994e-06,1047134169.105993,False
2453,+87324+19365,17.396324633565428,78.44493302335515,built_up,High,39.742523,0.17869468,Cool roof,427052.85374056763,1.0,2.341630529432066e-06,1047561221.9597336,False
2454,+87384+19344,17.377460012600057,78.49883194039907,built_up,Medium,39.742188,0.21079096,Cool roof,427095.80911756353,1.0,2.3413950187573424e-06,1047988317.7688512,False
2455,+87355+19413,17.439443767200558,78.47278079716118,built_up,Medium,39.742096,0.19668575,Cool roof,426954.49919357605,1.0,2.342169954617604e-06,1048415272.2680447,False
2456,+87380+19359,17.390934741861038,78.49523867926281,built_up,Medium,39.741333,0.20234595,Cool roof,427065.1313478123,1.0,2.3415632103796727e-06,1048842337.3993925,False
2457,+87349+19372,17.402612840553886,78.46739090545678,built_up,Medium,39.74057,0.35438704,Cool roof,427038.5251716453,1.0,2.3417090989578906e-06,1049269375.9245641,False
2458,+87413+19360,17.391833057145103,78.52488308363696,built_up,High,39.740204,0.17005529,Cool roof,427063.08533784345,1.0,2.3415744285388524e-06,1049696439.009902,False
2459,+87367+19360,17.391833057145103,78.48356058056996,built_up,High,39.74008,0.15763478,Cool roof,427063.08533784345,1.0,2.3415744285388524e-06,1050123502.0952399,False
2460,+87401+19340,17.373866751463797,78.51410330022817,built_up,Medium,39.74005,0.23817086,Cool roof,427103.9859357997,1.0,2.3413501932297943e-06,1050550606.0811757,False
2461,+87409+19399,17.426867353223646,78.5212898225007,built_up,Medium,39.739807,0.23432581,Cool roof,426983.2104861137,1.0,2.3420124619455547e-06,1050977589.2916617,False
2462,+87368+19356,17.38823979600884,78.48445889585402,built_up,Medium,39.739655,0.20091403,Cool roof,427071.26875873934,1.0,2.3415295599407763e-06,1051404660.5604205,False
2463,+87406+19383,17.412494308678603,78.5185948766485,built_up,Medium,39.739532,0.31700668,Cool roof,427015.99863647495,1.0,2.341832632016476e-06,1051831676.559057,False
2464,+87349+19419,17.44483365890495,78.46739090545678,built_up,Medium,39.73886,0.25094676,Cool roof,426942.18816535256,1.0,2.3422374919123827e-06,1052258618.7472223,False
2465,+87410+19415,17.44124039776869,78.52218813778477,built_up,Medium,39.737457,0.20513362,Cool roof,426950.395930064,1.0,2.342192464353174e-06,1052685569.1431524,False
2466,+87336+19414,17.440342082484626,78.45571280676394,built_up,High,39.73584,0.17862384,Cool roof,426952.4476133907,1.0,2.3421812091483994e-06,1053112521.5907657,False
2467,+87402+19379,17.40890104754234,78.51500161551225,built_up,Medium,39.73532,0.21986042,Cool roof,427024.1915479869,1.0,2.3417877014764513e-06,1053539545.7823137,False
2468,+87384+19386,17.415189254530798,78.49883194039907,built_up,Medium,39.73517,0.20088579,Cool roof,427009.85286972753,1.0,2.34186633699312e-06,1053966555.6351835,False
2469,+87323+19365,17.396324633565428,78.44403470807109,built_up,Medium,39.73398,0.27412644,Cool roof,427052.85374056763,1.0,2.341630529432066e-06,1054393608.488924,False
2470,+87322+19355,17.387341480724775,78.44313639278703,built_up,High,39.733856,0.1722762,Cool roof,427073.3143560538,1.0,2.341518344473974e-06,1054820681.8032801,False
2471,+87349+19415,17.44124039776869,78.46739090545678,built_up,Medium,39.73343,0.26921615,Cool roof,426950.395930064,1.0,2.342192464353174e-06,1055247632.1992102,False
2472,+87405+19414,17.440342082484626,78.51769656136443,built_up,Medium,39.73343,0.2940388,Cool roof,426952.4476133907,1.0,2.3421812091483994e-06,1055674584.6468235,False
2473,+87373+19350,17.38284990430445,78.48895047227435,built_up,Medium,39.732178,0.20743062,Cool roof,427083.5407951495,1.0,2.3414622772354733e-06,1056101668.1876187,False
2474,+87326+19398,17.42596903793958,78.44672965392328,built_up,Medium,39.731354,0.3329222,Cool roof,426985.2605191322,1.0,2.3420012175225717e-06,1056528653.4481379,False
2475,+87379+19400,17.42776566850771,78.49434036397874,built_up,Medium,39.7305,0.2565558,Cool roof,426981.160349948,1.0,2.3420237070422817e-06,1056955634.6084878,False
2476,+87363+19366,17.397222948849492,78.4799673194337,built_up,High,39.730316,0.17546542,Cool roof,427050.8071116288,1.0,2.3416417516302816e-06,1057382685.4155995,False
2477,+87320+19341,17.374765066747862,78.44133976221889,built_up,High,39.730133,0.17076835,Cool roof,427101.94188599556,1.0,2.3413613986024103e-06,1057809787.3574854,False
2478,+87364+19374,17.404409471122015,78.48086563471776,built_up,Medium,39.728546,0.19790287,Cool roof,427034.4303663836,1.0,2.3417315534534955e-06,1058236821.7878518,False
2479,+87390+19382,17.41159599339454,78.50422183210345,built_up,High,39.72821,0.18498959,Cool roof,427018.0470190842,1.0,2.3418213983712686e-06,1058663839.8348709,False
2480,+87360+19362,17.393629687713233,78.4772723735815,built_up,Medium,39.726715,0.23299694,Cool roof,427058.9930084181,1.0,2.3415968668766287e-06,1059090898.8278793,False
2481,+87371+19382,17.41159599339454,78.48715384170622,built_up,Medium,39.726593,0.2705868,Cool roof,427018.0470190842,1.0,2.3418213983712686e-06,1059517916.8748984,False
2482,+87402+19357,17.389138111292905,78.51500161551225,built_up,High,39.726532,0.14244127,Cool roof,427069.2230582606,1.0,2.3415407760806503e-06,1059944986.0979567,False
2483,+87387+19348,17.38105327373632,78.50152688625127,built_up,High,39.726166,0.17742951,Cool roof,427087.63064862473,1.0,2.3414398550510214e-06,1060372073.7286053,False
2484,+87378+19350,17.38284990430445,78.49344204869467,built_up,Medium,39.726135,0.25698432,Cool roof,427083.5407951495,1.0,2.3414622772354733e-06,1060799157.2694005,False
2485,+87380+19402,17.42956229907584,78.49523867926281,built_up,Medium,39.72516,0.19340333,Cool roof,426977.0597681764,1.0,2.3420461992570315e-06,1061226134.3291687,False
2486,+87335+19351,17.383748219588515,78.45481449147987,built_up,Medium,39.723114,0.18830597,Cool roof,427081.4957136619,1.0,2.341473489337157e-06,1061653215.8248824,False
2487,+87326+19357,17.389138111292905,78.44672965392328,built_up,Medium,39.72293,0.20693968,Cool roof,427069.2230582606,1.0,2.3415407760806503e-06,1062080285.0479406,False
2488,+87363+19417,17.44303702833682,78.4799673194337,built_up,High,39.722565,0.17835876,Cool roof,426946.29225398856,1.0,2.3422149767847243e-06,1062507231.3401946,False
2489,+87410+19414,17.440342082484626,78.52218813778477,built_up,Medium,39.721985,0.26525655,Cool roof,426952.4476133907,1.0,2.3421812091483994e-06,1062934183.787808,False
2490,+87388+19394,17.42237577680332,78.50242520153533,built_up,Medium,39.72116,0.242413,Cool roof,426993.45961972617,1.0,2.341956246567769e-06,1063361177.2474277,False
2491,+87321+19349,17.381951589020385,78.44223807750296,built_up,Medium,39.720215,0.31650248,Cool roof,427085.5857734706,1.0,2.341451065806767e-06,1063788262.8332012,False
2492,+87328+19373,17.40351115583795,78.44852628449141,built_up,Medium,39.719788,0.19791584,Cool roof,427036.4778205931,1.0,2.341720325869025e-06,1064215299.3110218,False
2493,+87392+19382,17.41159599339454,78.50601846267159,built_up,High,39.719208,0.14625533,Cool roof,427018.0470190842,1.0,2.3418213983712686e-06,1064642317.3580409,False
2494,+87318+19355,17.387341480724775,78.43954313165077,built_up,High,39.718475,0.14791767,Cool roof,427073.3143560538,1.0,2.341518344473974e-06,1065069390.672397,False
2495,+87395+19382,17.41159599339454,78.50871340852379,built_up,High,39.71765,0.14435261,Cool roof,427018.0470190842,1.0,2.3418213983712686e-06,1065496408.7194161,False
2496,+87408+19385,17.414290939246733,78.52039150721663,built_up,Medium,39.717438,0.39636448,Cool roof,427011.90156179626,1.0,2.3418551013273855e-06,1065923420.6209779,False
2497,+87351+19344,17.377460012600057,78.46918753602492,built_up,High,39.717194,0.17014877,Cool roof,427095.80911756353,1.0,2.3413950187573424e-06,1066350516.4300954,False
2498,+87386+19348,17.38105327373632,78.5006285709672,built_up,Medium,39.716583,0.18953227,Cool roof,427087.63064862473,1.0,2.3414398550510214e-06,1066777604.060744,False
2499,+87391+19372,17.402612840553886,78.50512014738753,built_up,Medium,39.7164,0.20356147,Cool roof,427038.5251716453,1.0,2.3417090989578906e-06,1067204642.5859157,False
2500,+87336+19340,17.373866751463797,78.45571280676394,built_up,Medium,39.715637,0.2236427,Cool roof,427103.9859357997,1.0,2.3413501932297943e-06,1067631746.5718515,False
2501,+87319+19340,17.373866751463797,78.44044144693483,built_up,Medium,39.713837,0.21159366,Cool roof,427103.9859357997,1.0,2.3413501932297943e-06,1068058850.5577873,False
2502,+87348+19367,17.398121264133557,78.46649259017272,built_up,Medium,39.71347,0.21739969,Cool roof,427048.7603795299,1.0,2.3416529745017237e-06,1068485899.3181669,False
2503,+87378+19368,17.399019579417622,78.49344204869467,built_up,High,39.713043,0.1856789,Cool roof,427046.71354427113,1.0,2.3416641980464084e-06,1068912946.0317111,False
2504,+87372+19400,17.42776566850771,78.48805215699028,built_up,Medium,39.71292,0.24243982,Cool roof,426981.160349948,1.0,2.3420237070422817e-06,1069339927.1920611,False
2505,+87400+19374,17.404409471122015,78.51320498494411,built_up,Medium,39.71237,0.24749821,Cool roof,427034.4303663836,1.0,2.3417315534534955e-06,1069766961.6224275,False
2506,+87396+19342,17.375663382031927,78.50961172380785,built_up,Medium,39.712067,0.2922265,Cool roof,427099.8977330211,1.0,2.341372604647864e-06,1070194061.5201604,False
2507,+87362+19341,17.374765066747862,78.47906900414964,built_up,Medium,39.712006,0.21797298,Cool roof,427101.94188599556,1.0,2.3413613986024103e-06,1070621163.4620464,False
2508,+87371+19365,17.396324633565428,78.48715384170622,built_up,Medium,39.711945,0.20295443,Cool roof,427052.85374056763,1.0,2.341630529432066e-06,1071048216.315787,False
2509,+87317+19375,17.40530778640608,78.43864481636669,built_up,Medium,39.71109,0.2553923,Cool roof,427032.38280901685,1.0,2.3417427817113192e-06,1071475248.698596,False
2510,+87380+19375,17.40530778640608,78.49523867926281,built_up,High,39.710724,0.17206116,Cool roof,427032.38280901685,1.0,2.3417427817113192e-06,1071902281.081405,False
2511,+87385+19410,17.436748821348363,78.49973025568313,built_up,Medium,39.710205,0.19830951,Cool roof,426960.65331528033,1.0,2.3421361950689414e-06,1072329241.7347203,False
2512,+87377+19409,17.4358505060643,78.49254373341061,built_up,High,39.70987,0.17593853,Cool roof,426962.70448289654,1.0,2.342124943233908e-06,1072756204.4392033,False
2513,+87352+19361,17.392731372429168,78.47008585130898,built_up,High,39.70981,0.14210321,Cool roof,427061.0392247119,1.0,2.3415856473711663e-06,1073183265.478428,False
2514,+87392+19383,17.412494308678603,78.50601846267159,built_up,Medium,39.709442,0.1870521,Cool roof,427015.99863647495,1.0,2.341832632016476e-06,1073610281.4770645,False
2515,+87328+19397,17.425070722655516,78.44852628449141,built_up,Medium,39.70929,0.20465703,Cool roof,426987.3104490032,1.0,2.3419899737733167e-06,1074037268.7875135,False
2516,+87387+19383,17.412494308678603,78.50152688625127,built_up,Medium,39.707245,0.20488682,Cool roof,427015.99863647495,1.0,2.341832632016476e-06,1074464284.78615,False
2517,+87401+19342,17.375663382031927,78.51410330022817,built_up,Medium,39.70706,0.23548678,Cool roof,427099.8977330211,1.0,2.341372604647864e-06,1074891384.683883,False
2518,+87378+19366,17.397222948849492,78.49344204869467,built_up,High,39.70694,0.1758164,Cool roof,427050.8071116288,1.0,2.3416417516302816e-06,1075318435.4909947,False
2519,+87394+19414,17.440342082484626,78.50781509323971,built_up,Medium,39.706146,0.23154563,Cool roof,426952.4476133907,1.0,2.3421812091483994e-06,1075745387.9386082,False
2520,+87375+19356,17.38823979600884,78.49074710284248,built_up,High,39.706085,0.17088442,Cool roof,427071.26875873934,1.0,2.3415295599407763e-06,1076172459.207367,False
2521,+87335+19349,17.381951589020385,78.45481449147987,built_up,Medium,39.705963,0.24723962,Cool roof,427085.5857734706,1.0,2.341451065806767e-06,1076599544.7931404,False
2522,+87398+19361,17.392731372429168,78.51140835437599,built_up,Medium,39.705322,0.20236261,Cool roof,427061.0392247119,1.0,2.3415856473711663e-06,1077026605.832365,False
2523,+87315+19346,17.379256643168187,78.43684818579857,built_up,High,39.704956,0.14329293,Cool roof,427091.72008943046,1.0,2.3414174355583527e-06,1077453697.5524545,False
2524,+87381+19403,17.43046061435991,78.49613699454687,built_up,Medium,39.704926,0.21196143,Cool roof,426975.0093225714,1.0,2.3420574463750857e-06,1077880672.561777,False
2525,+87392+19361,17.392731372429168,78.50601846267159,built_up,Medium,39.704865,0.25756502,Cool roof,427061.0392247119,1.0,2.3415856473711663e-06,1078307733.6010017,False
2526,+87400+19404,17.431358929643974,78.51320498494411,built_up,Medium,39.703278,0.22609302,Cool roof,426972.9587738207,1.0,2.342068694166947e-06,1078734706.5597756,False
2527,+87362+19376,17.406206101690145,78.47906900414964,built_up,Medium,39.703186,0.2201648,Cool roof,427030.3351484935,1.0,2.34175401064251e-06,1079161736.8949242,False
2528,+87380+19403,17.43046061435991,78.49523867926281,built_up,High,39.702667,0.15640208,Cool roof,426975.0093225714,1.0,2.3420574463750857e-06,1079588711.9042468,False
2529,+87403+19356,17.38823979600884,78.51589993079631,built_up,High,39.702087,0.17085755,Cool roof,427071.26875873934,1.0,2.3415295599407763e-06,1080015783.1730056,False
2530,+87401+19356,17.38823979600884,78.51410330022817,built_up,High,39.70041,0.14005071,Cool roof,427071.26875873934,1.0,2.3415295599407763e-06,1080442854.4417644,False
2531,+87384+19415,17.44124039776869,78.49883194039907,built_up,Medium,39.700226,0.26481315,Cool roof,426950.395930064,1.0,2.342192464353174e-06,1080869804.8376944,False
2532,+87379+19406,17.433155560212104,78.49434036397874,built_up,High,39.699524,0.16975744,Cool roof,426968.857366884,1.0,2.3420911917721534e-06,1081296773.6950612,False
2533,+87340+19412,17.438545451916493,78.4593060679002,built_up,Medium,39.699493,0.2251037,Cool roof,426956.55067061976,1.0,2.342158700760773e-06,1081723730.2457318,False
2534,+87330+19354,17.38644316544071,78.45032291505954,built_up,Medium,39.69925,0.20681083,Cool roof,427075.35985020373,1.0,2.3415071296802258e-06,1082150805.605582,False
2535,+87343+19362,17.393629687713233,78.4620010137524,built_up,High,39.69919,0.15853238,Cool roof,427058.9930084181,1.0,2.3415968668766287e-06,1082577864.5985904,False
2536,+87395+19367,17.398121264133557,78.50871340852379,built_up,Medium,39.699127,0.19554743,Cool roof,427048.7603795299,1.0,2.3416529745017237e-06,1083004913.35897,False
2537,+87354+19342,17.375663382031927,78.47188248187712,built_up,High,39.698944,0.17369717,Cool roof,427099.8977330211,1.0,2.341372604647864e-06,1083432013.256703,False
2538,+87359+19361,17.392731372429168,78.47637405829744,built_up,Medium,39.6987,0.22984803,Cool roof,427061.0392247119,1.0,2.3415856473711663e-06,1083859074.2959275,False
2539,+87397+19361,17.392731372429168,78.51051003909191,built_up,Medium,39.69748,0.25412774,Cool roof,427061.0392247119,1.0,2.3415856473711663e-06,1084286135.3351521,False
2540,+87391+19411,17.437647136632428,78.50512014738753,built_up,Medium,39.69742,0.26782942,Cool roof,426958.6020445212,1.0,2.3421474475778915e-06,1084713093.9371967,False
2541,+87340+19341,17.374765066747862,78.4593060679002,built_up,Medium,39.697357,0.20722462,Cool roof,427101.94188599556,1.0,2.3413613986024103e-06,1085140195.8790827,False
2542,+87380+19400,17.42776566850771,78.49523867926281,built_up,Medium,39.69699,0.1907406,Cool roof,426981.160349948,1.0,2.3420237070422817e-06,1085567177.0394325,False
2543,+87396+19406,17.433155560212104,78.50961172380785,built_up,Medium,39.69696,0.2805645,Cool roof,426968.857366884,1.0,2.3420911917721534e-06,1085994145.8967993,False
2544,+87329+19342,17.375663382031927,78.44942459977548,built_up,Medium,39.6969,0.23638915,Cool roof,427099.8977330211,1.0,2.341372604647864e-06,1086421245.7945323,False
2545,+87349+19362,17.393629687713233,78.46739090545678,built_up,High,39.696747,0.15595323,Cool roof,427058.9930084181,1.0,2.3415968668766287e-06,1086848304.7875407,False
2546,+87324+19366,17.397222948849492,78.44493302335515,built_up,High,39.696625,0.17823805,Cool roof,427050.8071116288,1.0,2.3416417516302816e-06,1087275355.5946524,False
2547,+87354+19416,17.442138713052756,78.47188248187712,built_up,Medium,39.696533,0.20250195,Cool roof,426948.3441435965,1.0,2.342203720231944e-06,1087702303.938796,False
2548,+87370+19408,17.434952190780233,78.48625552642216,built_up,High,39.696533,0.1794137,Cool roof,426964.7555473694,1.0,2.3421136920727768e-06,1088129268.6943433,False
2549,+87361+19367,17.398121264133557,78.47817068886556,built_up,High,39.69635,0.17318699,Cool roof,427048.7603795299,1.0,2.3416529745017237e-06,1088556317.454723,False
2550,+87382+19405,17.43225724492804,78.49703530983093,built_up,Medium,39.695587,0.31625816,Cool roof,426970.90812192473,1.0,2.3420799426326314e-06,1088983288.3628447,False
2551,+87393+19403,17.43046061435991,78.50691677795565,built_up,Medium,39.695374,0.2509505,Cool roof,426975.0093225714,1.0,2.3420574463750857e-06,1089410263.3721673,False
2552,+87384+19345,17.378358327884122,78.49883194039907,built_up,Medium,39.694763,0.26093122,Cool roof,427093.76465508126,1.0,2.341406226821398e-06,1089837357.1368225,False
2553,+87322+19396,17.42417240737145,78.44313639278703,built_up,Medium,39.694305,0.21153443,Cool roof,426989.3602757261,1.0,2.341978730697775e-06,1090264346.4970982,False
2554,+87395+19381,17.410697678110473,78.50871340852379,built_up,High,39.693695,0.14957431,Cool roof,427020.0952985397,1.0,2.3418101653995388e-06,1090691366.5923967,False
2555,+87391+19365,17.396324633565428,78.50512014738753,built_up,High,39.6933,0.17868048,Cool roof,427052.85374056763,1.0,2.341630529432066e-06,1091118419.4461372,False
2556,+87332+19373,17.40351115583795,78.45211954562768,built_up,Medium,39.69165,0.22200908,Cool roof,427036.4778205931,1.0,2.341720325869025e-06,1091545455.9239578,False
2557,+87344+19354,17.38644316544071,78.46289932903646,built_up,High,39.69165,0.17851612,Cool roof,427075.35985020373,1.0,2.3415071296802258e-06,1091972531.283808,False
2558,+87330+19362,17.393629687713233,78.45032291505954,built_up,Medium,39.69156,0.20550744,Cool roof,427058.9930084181,1.0,2.3415968668766287e-06,1092399590.2768164,False
2559,+87377+19399,17.426867353223646,78.49254373341061,built_up,Medium,39.690826,0.32365653,Cool roof,426983.2104861137,1.0,2.3420124619455547e-06,1092826573.4873025,False
2560,+87378+19409,17.4358505060643,78.49344204869467,built_up,Medium,39.690643,0.18545191,Cool roof,426962.70448289654,1.0,2.342124943233908e-06,1093253536.1917853,False
2561,+87401+19363,17.394528002997298,78.51410330022817,built_up,Medium,39.690582,0.18541192,Cool roof,427056.9466889627,1.0,2.3416080870552553e-06,1093680593.1384742,False
2562,+87357+19366,17.397222948849492,78.4745774277293,built_up,Medium,39.6893,0.29361236,Cool roof,427050.8071116288,1.0,2.3416417516302816e-06,1094107643.945586,False
2563,+87402+19375,17.40530778640608,78.51500161551225,built_up,Medium,39.688324,0.24001339,Cool roof,427032.38280901685,1.0,2.3417427817113192e-06,1094534676.328395,False
2564,+87374+19399,17.426867353223646,78.48984878755842,built_up,Medium,39.687805,0.27550796,Cool roof,426983.2104861137,1.0,2.3420124619455547e-06,1094961659.538881,False
2565,+87400+19375,17.40530778640608,78.51320498494411,built_up,Medium,39.687042,0.19467528,Cool roof,427032.38280901685,1.0,2.3417427817113192e-06,1095388691.92169,False
2566,+87351+19417,17.44303702833682,78.46918753602492,built_up,Medium,39.686127,0.24753575,Cool roof,426946.29225398856,1.0,2.3422149767847243e-06,1095815638.213944,False
2567,+87349+19345,17.378358327884122,78.46739090545678,built_up,Medium,39.685364,0.19574113,Cool roof,427093.76465508126,1.0,2.341406226821398e-06,1096242731.978599,False
2568,+87340+19376,17.406206101690145,78.4593060679002,built_up,High,39.684845,0.17071167,Cool roof,427030.3351484935,1.0,2.34175401064251e-06,1096669762.3137476,False
2569,+87402+19387,17.416087569814863,78.51500161551225,built_up,High,39.6846,0.15325277,Cool roof,427007.8040745065,1.0,2.341877573332395e-06,1097096770.1178222,False
2570,+87404+19364,17.395426318281363,78.51679824608037,built_up,High,39.68451,0.17387924,Cool roof,427054.9002663456,1.0,2.341619307907063e-06,1097523825.0180886,False
2571,+87347+19361,17.392731372429168,78.46559427488866,built_up,Medium,39.684326,0.22315557,Cool roof,427061.0392247119,1.0,2.3415856473711663e-06,1097950886.0573132,False
2572,+87398+19388,17.416985885098928,78.51140835437599,built_up,High,39.684296,0.17140506,Cool roof,427005.7551761335,1.0,2.341888810345226e-06,1098377891.8124893,False
2573,+87343+19374,17.404409471122015,78.4620010137524,built_up,Medium,39.68396,0.24263978,Cool roof,427034.4303663836,1.0,2.3417315534534955e-06,1098804926.2428555,False
2574,+87369+19416,17.442138713052756,78.4853572111381,built_up,Medium,39.683838,0.2348224,Cool roof,426948.3441435965,1.0,2.342203720231944e-06,1099231874.5869992,False
2575,+87345+19343,17.376561697315992,78.46379764432052,built_up,High,39.68152,0.18076079,Cool roof,427097.85347687715,1.0,2.3413838113661685e-06,1099658972.440476,False
2576,+87367+19349,17.381951589020385,78.48356058056996,built_up,Medium,39.680878,0.31642148,Cool roof,427085.5857734706,1.0,2.341451065806767e-06,1100086058.0262494,False
2577,+87387+19389,17.417884200382993,78.50152688625127,built_up,High,39.680237,0.16564187,Cool roof,427003.7061746089,1.0,2.3419000480316284e-06,1100513061.732424,False
2578,+87408+19364,17.395426318281363,78.52039150721663,built_up,High,39.679474,0.17593195,Cool roof,427054.9002663456,1.0,2.341619307907063e-06,1100940116.6326904,False
2579,+87397+19391,17.419680830951123,78.51051003909191,built_up,High,39.67929,0.16160904,Cool roof,426999.6078621065,1.0,2.3419225254252125e-06,1101367116.2405524,False
2580,+87408+19413,17.439443767200558,78.52039150721663,built_up,Medium,39.67862,0.24857868,Cool roof,426954.49919357605,1.0,2.342169954617604e-06,1101794070.739746,False
2581,+87333+19341,17.374765066747862,78.45301786091174,built_up,High,39.67801,0.16311231,Cool roof,427101.94188599556,1.0,2.3413613986024103e-06,1102221172.681632,False
2582,+87380+19406,17.433155560212104,78.49523867926281,built_up,High,39.67752,0.15684342,Cool roof,426968.857366884,1.0,2.3420911917721534e-06,1102648141.5389988,False
2583,+87325+19372,17.402612840553886,78.44583133863922,built_up,Medium,39.677216,0.2568591,Cool roof,427038.5251716453,1.0,2.3417090989578906e-06,1103075180.0641706,False
2584,+87394+19408,17.434952190780233,78.50781509323971,built_up,Medium,39.67688,0.35077736,Cool roof,426964.7555473694,1.0,2.3421136920727768e-06,1103502144.819718,False
2585,+87409+19356,17.38823979600884,78.5212898225007,built_up,Medium,39.676605,0.37239802,Cool roof,427071.26875873934,1.0,2.3415295599407763e-06,1103929216.0884767,False
2586,+87383+19385,17.414290939246733,78.497933625115,built_up,Medium,39.675934,0.21824194,Cool roof,427011.90156179626,1.0,2.3418551013273855e-06,1104356227.9900384,False
2587,+87347+19410,17.436748821348363,78.46559427488866,built_up,Medium,39.67502,0.2710535,Cool roof,426960.65331528033,1.0,2.3421361950689414e-06,1104783188.6433537,False
2588,+87321+19343,17.376561697315992,78.44223807750296,built_up,Medium,39.674866,0.2965835,Cool roof,427097.85347687715,1.0,2.3413838113661685e-06,1105210286.4968305,False
2589,+87369+19371,17.40171452526982,78.4853572111381,built_up,High,39.67456,0.16675317,Cool roof,427040.5724195397,1.0,2.341697872720077e-06,1105637327.06925,False
2590,+87314+19341,17.374765066747862,78.4359498705145,built_up,Medium,39.674316,0.32860628,Cool roof,427101.94188599556,1.0,2.3413613986024103e-06,1106064429.011136,False
2591,+87398+19349,17.381951589020385,78.51140835437599,built_up,Medium,39.67337,0.21283719,Cool roof,427085.5857734706,1.0,2.341451065806767e-06,1106491514.5969095,False
2592,+87320+19357,17.389138111292905,78.44133976221889,built_up,High,39.67325,0.17704053,Cool roof,427069.2230582606,1.0,2.3415407760806503e-06,1106918583.8199677,False
2593,+87335+19391,17.419680830951123,78.45481449147987,built_up,Medium,39.672974,0.29999483,Cool roof,426999.6078621065,1.0,2.3419225254252125e-06,1107345583.4278297,False
2594,+87401+19386,17.415189254530798,78.51410330022817,built_up,High,39.672882,0.15676065,Cool roof,427009.85286972753,1.0,2.34186633699312e-06,1107772593.2806995,False
2595,+87385+19402,17.42956229907584,78.49973025568313,built_up,High,39.671906,0.17451583,Cool roof,426977.0597681764,1.0,2.3420461992570315e-06,1108199570.3404677,False
2596,+87393+19390,17.418782515667058,78.50691677795565,built_up,Medium,39.671906,0.18421502,Cool roof,427001.65706993314,1.0,2.341911286391619e-06,1108626571.9975376,False
2597,+87375+19412,17.438545451916493,78.49074710284248,built_up,Medium,39.671722,0.18692228,Cool roof,426956.55067061976,1.0,2.342158700760773e-06,1109053528.5482082,False
2598,+87352+19345,17.378358327884122,78.47008585130898,built_up,High,39.67105,0.12666175,Cool roof,427093.76465508126,1.0,2.341406226821398e-06,1109480622.3128633,False
2599,+87388+19380,17.409799362826405,78.50242520153533,built_up,High,39.67099,0.17392522,Cool roof,427022.1434748407,1.0,2.3417989331012717e-06,1109907644.4563382,False
2600,+87341+19349,17.381951589020385,78.46020438318426,built_up,Medium,39.6709,0.34388238,Cool roof,427085.5857734706,1.0,2.341451065806767e-06,1110334730.0421116,False
2601,+87360+19376,17.406206101690145,78.4772723735815,built_up,Medium,39.670288,0.21826912,Cool roof,427030.3351484935,1.0,2.34175401064251e-06,1110761760.3772602,False
2602,+87375+19398,17.42596903793958,78.49074710284248,built_up,Medium,39.670258,0.29399294,Cool roof,426985.2605191322,1.0,2.3420012175225717e-06,1111188745.6377792,False
2603,+87344+19357,17.389138111292905,78.46289932903646,built_up,Medium,39.670105,0.1978062,Cool roof,427069.2230582606,1.0,2.3415407760806503e-06,1111615814.8608375,False
2604,+87380+19415,17.44124039776869,78.49523867926281,built_up,Medium,39.668243,0.25451615,Cool roof,426950.395930064,1.0,2.342192464353174e-06,1112042765.2567675,False
2605,+87388+19393,17.421477461519256,78.50242520153533,built_up,Medium,39.66812,0.31898814,Cool roof,426995.50913700275,1.0,2.341945005513271e-06,1112469760.7659044,False
2606,+87338+19375,17.40530778640608,78.45750943733206,built_up,Medium,39.66806,0.18448915,Cool roof,427032.38280901685,1.0,2.3417427817113192e-06,1112896793.1487134,False
2607,+87402+19378,17.408002732258275,78.51500161551225,built_up,Medium,39.66739,0.21244894,Cool roof,427026.23951797804,1.0,2.341776470525061e-06,1113323819.3882313,False
2608,+87376+19403,17.43046061435991,78.49164541812655,built_up,Medium,39.66696,0.19627115,Cool roof,426975.0093225714,1.0,2.3420574463750857e-06,1113750794.397554,False
2609,+87383+19413,17.439443767200558,78.497933625115,built_up,Medium,39.66635,0.2835076,Cool roof,426954.49919357605,1.0,2.342169954617604e-06,1114177748.8967476,False
2610,+87318+19344,17.377460012600057,78.43954313165077,built_up,Medium,39.66629,0.30864647,Cool roof,427095.80911756353,1.0,2.3413950187573424e-06,1114604844.7058651,False
2611,+87330+19351,17.383748219588515,78.45032291505954,built_up,Medium,39.665527,0.24700479,Cool roof,427081.4957136619,1.0,2.341473489337157e-06,1115031926.2015789,False
2612,+87410+19352,17.38464653487258,78.52218813778477,built_up,High,39.665314,0.14890496,Cool roof,427079.4505290082,1.0,2.341484702111833e-06,1115459005.652108,False
2613,+87412+19398,17.42596903793958,78.52398476835289,built_up,Medium,39.664093,0.24833071,Cool roof,426985.2605191322,1.0,2.3420012175225717e-06,1115885990.912627,False
2614,+87370+19398,17.42596903793958,78.48625552642216,built_up,Medium,39.66397,0.31896058,Cool roof,426985.2605191322,1.0,2.3420012175225717e-06,1116312976.173146,False
2615,+87392+19414,17.440342082484626,78.50601846267159,built_up,Medium,39.66388,0.32060438,Cool roof,426952.4476133907,1.0,2.3421812091483994e-06,1116739928.6207595,False
2616,+87380+19404,17.431358929643974,78.49523867926281,built_up,Medium,39.663544,0.21249725,Cool roof,426972.9587738207,1.0,2.342068694166947e-06,1117166901.5795333,False
2617,+87400+19340,17.373866751463797,78.51320498494411,built_up,Medium,39.662933,0.21993671,Cool roof,427103.9859357997,1.0,2.3413501932297943e-06,1117594005.565469,False
2618,+87313+19385,17.414290939246733,78.43505155523043,built_up,Medium,39.662872,0.2065482,Cool roof,427011.90156179626,1.0,2.3418551013273855e-06,1118021017.4670308,False
2619,+87394+19413,17.439443767200558,78.50781509323971,built_up,Medium,39.662262,0.294907,Cool roof,426954.49919357605,1.0,2.342169954617604e-06,1118447971.9662244,False
2620,+87402+19358,17.39003642657697,78.51500161551225,built_up,High,39.661987,0.15056448,Cool roof,427067.17725461826,1.0,2.34155199289361e-06,1118875039.143479,False
2621,+87403+19357,17.389138111292905,78.51589993079631,built_up,High,39.66153,0.1680392,Cool roof,427069.2230582606,1.0,2.3415407760806503e-06,1119302108.3665373,False
2622,+87404+19417,17.44303702833682,78.51679824608037,built_up,High,39.66147,0.17795607,Cool roof,426946.29225398856,1.0,2.3422149767847243e-06,1119729054.6587913,False
2623,+87373+19351,17.383748219588515,78.48895047227435,built_up,Medium,39.65976,0.26897255,Cool roof,427081.4957136619,1.0,2.341473489337157e-06,1120156136.154505,False
2624,+87319+19370,17.400816209985756,78.44044144693483,built_up,Medium,39.65915,0.32322478,Cool roof,427042.6195642755,1.0,2.3416866471555702e-06,1120583178.7740693,False
2625,+87376+19414,17.440342082484626,78.49164541812655,built_up,High,39.657684,0.16288614,Cool roof,426952.4476133907,1.0,2.3421812091483994e-06,1121010131.2216828,False
2626,+87397+19364,17.395426318281363,78.51051003909191,built_up,Medium,39.657684,0.22933571,Cool roof,427054.9002663456,1.0,2.341619307907063e-06,1121437186.1219492,False
2627,+87411+19364,17.395426318281363,78.52308645306883,built_up,Medium,39.657074,0.18449202,Cool roof,427054.9002663456,1.0,2.341619307907063e-06,1121864241.0222156,False
2628,+87388+19352,17.38464653487258,78.50242520153533,built_up,High,39.656708,0.1637923,Cool roof,427079.4505290082,1.0,2.341484702111833e-06,1122291320.4727447,False
2629,+87392+19406,17.433155560212104,78.50601846267159,built_up,Medium,39.656464,0.24328496,Cool roof,426968.857366884,1.0,2.3420911917721534e-06,1122718289.3301115,False
2630,+87333+19353,17.385544850156645,78.45301786091174,built_up,Medium,39.656403,0.26088133,Cool roof,427077.40524118865,1.0,2.3414959155595174e-06,1123145366.7353528,False
2631,+87384+19385,17.414290939246733,78.49883194039907,built_up,Medium,39.656372,0.2674169,Cool roof,427011.90156179626,1.0,2.3418551013273855e-06,1123572378.6369145,False
2632,+87395+19383,17.412494308678603,78.50871340852379,built_up,High,39.65555,0.15438983,Cool roof,427015.99863647495,1.0,2.341832632016476e-06,1123999394.635551,False
2633,+87365+19373,17.40351115583795,78.48176395000183,built_up,Medium,39.654327,0.19278423,Cool roof,427036.4778205931,1.0,2.341720325869025e-06,1124426431.1133716,False
2634,+87394+19387,17.416087569814863,78.50781509323971,built_up,Medium,39.654205,0.21535791,Cool roof,427007.8040745065,1.0,2.341877573332395e-06,1124853438.9174461,False
2635,+87410+19392,17.42057914623519,78.52218813778477,built_up,High,39.65335,0.16780688,Cool roof,426997.55855112965,1.0,2.3419337651324247e-06,1125280436.4759972,False
2636,+87394+19383,17.412494308678603,78.50781509323971,built_up,High,39.65274,0.1581538,Cool roof,427015.99863647495,1.0,2.341832632016476e-06,1125707452.4746337,False
2637,+87376+19401,17.428663983791775,78.49164541812655,built_up,Medium,39.652435,0.3128188,Cool roof,426979.11011063546,1.0,2.3420349528127683e-06,1126134431.5847442,False
2638,+87386+19361,17.392731372429168,78.5006285709672,built_up,Medium,39.65219,0.26704276,Cool roof,427061.0392247119,1.0,2.3415856473711663e-06,1126561492.6239688,False
2639,+87365+19354,17.38644316544071,78.48176395000183,built_up,Medium,39.651337,0.31718805,Cool roof,427075.35985020373,1.0,2.3415071296802258e-06,1126988567.983819,False
2640,+87366+19355,17.387341480724775,78.4826622652859,built_up,Medium,39.65085,0.26876715,Cool roof,427073.3143560538,1.0,2.341518344473974e-06,1127415641.298175,False
2641,+87341+19351,17.383748219588515,78.46020438318426,built_up,Medium,39.650665,0.31075236,Cool roof,427081.4957136619,1.0,2.341473489337157e-06,1127842722.7938888,False
2642,+87342+19376,17.406206101690145,78.46110269846832,built_up,High,39.650085,0.17127647,Cool roof,427030.3351484935,1.0,2.34175401064251e-06,1128269753.1290374,False
2643,+87361+19341,17.374765066747862,78.47817068886556,built_up,Medium,39.649506,0.22822629,Cool roof,427101.94188599556,1.0,2.3413613986024103e-06,1128696855.0709233,False
2644,+87370+19370,17.400816209985756,78.48625552642216,built_up,Medium,39.647644,0.23962416,Cool roof,427042.6195642755,1.0,2.3416866471555702e-06,1129123897.6904876,False
2645,+87395+19378,17.408002732258275,78.50871340852379,built_up,Medium,39.647186,0.19736952,Cool roof,427026.23951797804,1.0,2.341776470525061e-06,1129550923.9300056,False
2646,+87405+19344,17.377460012600057,78.51769656136443,built_up,Medium,39.64624,0.24481566,Cool roof,427095.80911756353,1.0,2.3413950187573424e-06,1129978019.739123,False
2647,+87400+19386,17.415189254530798,78.51320498494411,built_up,High,39.645966,0.1497888,Cool roof,427009.85286972753,1.0,2.34186633699312e-06,1130405029.5919929,False
2648,+87338+19412,17.438545451916493,78.45750943733206,built_up,Medium,39.644867,0.22136332,Cool roof,426956.55067061976,1.0,2.342158700760773e-06,1130831986.1426635,False
2649,+87390+19411,17.437647136632428,78.50422183210345,built_up,Medium,39.64444,0.25412288,Cool roof,426958.6020445212,1.0,2.3421474475778915e-06,1131258944.744708,False
2650,+87380+19393,17.421477461519256,78.49523867926281,built_up,High,39.644073,0.16923,Cool roof,426995.50913700275,1.0,2.341945005513271e-06,1131685940.253845,False
2651,+87377+19369,17.399917894701687,78.49254373341061,built_up,High,39.64322,0.15127192,Cool roof,427044.66660585295,1.0,2.3416754222643517e-06,1132112984.920451,False
2652,+87344+19355,17.387341480724775,78.46289932903646,built_up,Medium,39.643158,0.22598559,Cool roof,427073.3143560538,1.0,2.341518344473974e-06,1132540058.234807,False
2653,+87354+19355,17.387341480724775,78.47188248187712,built_up,Medium,39.642975,0.3023234,Cool roof,427073.3143560538,1.0,2.341518344473974e-06,1132967131.549163,False
2654,+87319+19355,17.387341480724775,78.44044144693483,built_up,Medium,39.641785,0.24298626,Cool roof,427073.3143560538,1.0,2.341518344473974e-06,1133394204.8635192,False
2655,+87313+19347,17.380154958452252,78.43505155523043,built_up,Medium,39.641754,0.23868193,Cool roof,427089.6754206114,1.0,2.341428644968222e-06,1133821294.5389397,False
2656,+87316+19345,17.378358327884122,78.43774650108263,built_up,High,39.64145,0.15918384,Cool roof,427093.76465508126,1.0,2.341406226821398e-06,1134248388.3035948,False
2657,+87375+19395,17.423274092087386,78.49074710284248,built_up,High,39.641357,0.17475389,Cool roof,426991.4099993005,1.0,2.3419674882959313e-06,1134675379.7135942,False
2658,+87341+19364,17.395426318281363,78.46020438318426,built_up,Medium,39.641266,0.19277251,Cool roof,427054.9002663456,1.0,2.341619307907063e-06,1135102434.6138606,False
2659,+87385+19388,17.416985885098928,78.49973025568313,built_up,Medium,39.64084,0.19534673,Cool roof,427005.7551761335,1.0,2.341888810345226e-06,1135529440.3690367,False
2660,+87382+19415,17.44124039776869,78.49703530983093,built_up,Medium,39.640564,0.22672196,Cool roof,426950.395930064,1.0,2.342192464353174e-06,1135956390.7649667,False
2661,+87314+19347,17.380154958452252,78.4359498705145,built_up,Medium,39.64029,0.19143246,Cool roof,427089.6754206114,1.0,2.341428644968222e-06,1136383480.4403872,False
2662,+87380+19355,17.387341480724775,78.49523867926281,built_up,Medium,39.64023,0.23958255,Cool roof,427073.3143560538,1.0,2.341518344473974e-06,1136810553.7547433,False
2663,+87320+19411,17.437647136632428,78.44133976221889,built_up,Medium,39.639435,0.22619998,Cool roof,426958.6020445212,1.0,2.3421474475778915e-06,1137237512.356788,False
2664,+87397+19388,17.416985885098928,78.51051003909191,built_up,High,39.639313,0.16101322,Cool roof,427005.7551761335,1.0,2.341888810345226e-06,1137664518.111964,False
2665,+87323+19363,17.394528002997298,78.44403470807109,built_up,Medium,39.638885,0.24011126,Cool roof,427056.9466889627,1.0,2.3416080870552553e-06,1138091575.0586529,False
2666,+87344+19353,17.385544850156645,78.46289932903646,built_up,Medium,39.63858,0.24467212,Cool roof,427077.40524118865,1.0,2.3414959155595174e-06,1138518652.4638941,False
2667,+87344+19383,17.412494308678603,78.46289932903646,built_up,Medium,39.63852,0.20010246,Cool roof,427015.99863647495,1.0,2.341832632016476e-06,1138945668.4625306,False
2668,+87317+19385,17.414290939246733,78.43864481636669,built_up,Medium,39.6351,0.18743026,Cool roof,427011.90156179626,1.0,2.3418551013273855e-06,1139372680.3640924,False
2669,+87379+19359,17.390934741861038,78.49434036397874,built_up,High,39.634308,0.17188539,Cool roof,427065.1313478123,1.0,2.3415632103796727e-06,1139799745.4954402,False
2670,+87403+19364,17.395426318281363,78.51589993079631,built_up,Medium,39.633698,0.1950794,Cool roof,427054.9002663456,1.0,2.341619307907063e-06,1140226800.3957067,False
2671,+87315+19363,17.394528002997298,78.43684818579857,built_up,Medium,39.63272,0.264307,Cool roof,427056.9466889627,1.0,2.3416080870552553e-06,1140653857.3423955,False
2672,+87393+19383,17.412494308678603,78.50691677795565,built_up,Medium,39.63263,0.20221344,Cool roof,427015.99863647495,1.0,2.341832632016476e-06,1141080873.341032,False
2673,+87344+19374,17.404409471122015,78.46289932903646,built_up,Medium,39.63144,0.19497749,Cool roof,427034.4303663836,1.0,2.3417315534534955e-06,1141507907.7713983,False
2674,+87316+19346,17.379256643168187,78.43774650108263,built_up,High,39.63095,0.15777189,Cool roof,427091.72008943046,1.0,2.3414174355583527e-06,1141934999.4914877,False
2675,+87372+19417,17.44303702833682,78.48805215699028,built_up,Medium,39.629974,0.3189688,Cool roof,426946.29225398856,1.0,2.3422149767847243e-06,1142361945.7837417,False
2676,+87321+19362,17.393629687713233,78.44223807750296,built_up,High,39.629486,0.1788645,Cool roof,427058.9930084181,1.0,2.3415968668766287e-06,1142789004.77675,False
2677,+87379+19354,17.38644316544071,78.49434036397874,built_up,Medium,39.62918,0.22584091,Cool roof,427075.35985020373,1.0,2.3415071296802258e-06,1143216080.1366003,False
2678,+87401+19387,17.416087569814863,78.51410330022817,built_up,High,39.628876,0.15816256,Cool roof,427007.8040745065,1.0,2.341877573332395e-06,1143643087.9406748,False
2679,+87405+19382,17.41159599339454,78.51769656136443,built_up,Medium,39.628754,0.23938343,Cool roof,427018.0470190842,1.0,2.3418213983712686e-06,1144070105.9876938,False
2680,+87386+19344,17.377460012600057,78.5006285709672,built_up,High,39.628326,0.15222588,Cool roof,427095.80911756353,1.0,2.3413950187573424e-06,1144497201.7968113,False
2681,+87355+19367,17.398121264133557,78.47278079716118,built_up,Medium,39.628082,0.30258557,Cool roof,427048.7603795299,1.0,2.3416529745017237e-06,1144924250.557191,False
2682,+87362+19359,17.390934741861038,78.47906900414964,built_up,Medium,39.627594,0.22562881,Cool roof,427065.1313478123,1.0,2.3415632103796727e-06,1145351315.6885388,False
2683,+87340+19347,17.380154958452252,78.4593060679002,built_up,Medium,39.627502,0.27347022,Cool roof,427089.6754206114,1.0,2.341428644968222e-06,1145778405.3639593,False
2684,+87405+19364,17.395426318281363,78.51769656136443,built_up,Medium,39.62732,0.18886453,Cool roof,427054.9002663456,1.0,2.341619307907063e-06,1146205460.2642257,False
2685,+87333+19373,17.40351115583795,78.45301786091174,built_up,Medium,39.626984,0.2008434,Cool roof,427036.4778205931,1.0,2.341720325869025e-06,1146632496.7420464,False
2686,+87385+19404,17.431358929643974,78.49973025568313,built_up,Medium,39.626923,0.35071576,Cool roof,426972.9587738207,1.0,2.342068694166947e-06,1147059469.7008202,False
2687,+87355+19353,17.385544850156645,78.47278079716118,built_up,Medium,39.62683,0.19842131,Cool roof,427077.40524118865,1.0,2.3414959155595174e-06,1147486547.1060615,False
2688,+87346+19353,17.385544850156645,78.46469595960458,built_up,Medium,39.624786,0.24771938,Cool roof,427077.40524118865,1.0,2.3414959155595174e-06,1147913624.5113027,False
2689,+87378+19416,17.442138713052756,78.49344204869467,built_up,Medium,39.624786,0.26783094,Cool roof,426948.3441435965,1.0,2.342203720231944e-06,1148340572.8554463,False
2690,+87363+19364,17.395426318281363,78.4799673194337,built_up,Medium,39.624573,0.18137857,Cool roof,427054.9002663456,1.0,2.341619307907063e-06,1148767627.7557127,False
2691,+87315+19362,17.393629687713233,78.43684818579857,built_up,Medium,39.624542,0.25994474,Cool roof,427058.9930084181,1.0,2.3415968668766287e-06,1149194686.7487211,False
2692,+87365+19367,17.398121264133557,78.48176395000183,built_up,Medium,39.623566,0.1987099,Cool roof,427048.7603795299,1.0,2.3416529745017237e-06,1149621735.5091007,False
2693,+87400+19383,17.412494308678603,78.51320498494411,built_up,Medium,39.623566,0.20525202,Cool roof,427015.99863647495,1.0,2.341832632016476e-06,1150048751.5077372,False
2694,+87405+19417,17.44303702833682,78.51769656136443,built_up,Medium,39.622955,0.21551447,Cool roof,426946.29225398856,1.0,2.3422149767847243e-06,1150475697.7999911,False
2695,+87314+19397,17.425070722655516,78.4359498705145,built_up,High,39.622772,0.17895485,Cool roof,426987.3104490032,1.0,2.3419899737733167e-06,1150902685.11044,False
2696,+87348+19411,17.437647136632428,78.46649259017272,built_up,Medium,39.62216,0.34384975,Cool roof,426958.6020445212,1.0,2.3421474475778915e-06,1151329643.7124846,False
2697,+87353+19359,17.390934741861038,78.47098416659304,built_up,High,39.62149,0.1615224,Cool roof,427065.1313478123,1.0,2.3415632103796727e-06,1151756708.8438325,False
2698,+87316+19352,17.38464653487258,78.43774650108263,built_up,Medium,39.62137,0.19331856,Cool roof,427079.4505290082,1.0,2.341484702111833e-06,1152183788.2943616,False
2699,+87370+19360,17.391833057145103,78.48625552642216,built_up,Medium,39.621185,0.22893655,Cool roof,427063.08533784345,1.0,2.3415744285388524e-06,1152610851.3796995,False
2700,+87401+19410,17.436748821348363,78.51410330022817,built_up,Medium,39.62082,0.20824963,Cool roof,426960.65331528033,1.0,2.3421361950689414e-06,1153037812.0330148,False
2701,+87337+19346,17.379256643168187,78.456611122048,built_up,Medium,39.620056,0.2625811,Cool roof,427091.72008943046,1.0,2.3414174355583527e-06,1153464903.7531042,False
2702,+87402+19402,17.42956229907584,78.51500161551225,built_up,High,39.61972,0.17492601,Cool roof,426977.0597681764,1.0,2.3420461992570315e-06,1153891880.8128724,False
2703,+87315+19353,17.385544850156645,78.43684818579857,built_up,Medium,39.61966,0.18946551,Cool roof,427077.40524118865,1.0,2.3414959155595174e-06,1154318958.2181137,False
2704,+87410+19365,17.396324633565428,78.52218813778477,built_up,Medium,39.619232,0.19628076,Cool roof,427052.85374056763,1.0,2.341630529432066e-06,1154746011.071854,False
2705,+87334+19340,17.373866751463797,78.4539161761958,built_up,Medium,39.61914,0.19901447,Cool roof,427103.9859357997,1.0,2.3413501932297943e-06,1155173115.0577898,False
2706,+87394+19366,17.397222948849492,78.50781509323971,built_up,Medium,39.618958,0.18814553,Cool roof,427050.8071116288,1.0,2.3416417516302816e-06,1155600165.8649015,False
2707,+87410+19368,17.399019579417622,78.52218813778477,built_up,Medium,39.61789,0.31897613,Cool roof,427046.71354427113,1.0,2.3416641980464084e-06,1156027212.578446,False
2708,+87395+19362,17.393629687713233,78.50871340852379,built_up,Medium,39.617065,0.19211502,Cool roof,427058.9930084181,1.0,2.3415968668766287e-06,1156454271.5714543,False
2709,+87362+19344,17.377460012600057,78.47906900414964,built_up,High,39.617035,0.16229673,Cool roof,427095.80911756353,1.0,2.3413950187573424e-06,1156881367.3805718,False
2710,+87375+19394,17.42237577680332,78.49074710284248,built_up,High,39.616425,0.16772823,Cool roof,426993.45961972617,1.0,2.341956246567769e-06,1157308360.8401916,False
2711,+87329+19368,17.399019579417622,78.44942459977548,built_up,Medium,39.614777,0.30868992,Cool roof,427046.71354427113,1.0,2.3416641980464084e-06,1157735407.553736,False
2712,+87408+19398,17.42596903793958,78.52039150721663,built_up,Medium,39.614716,0.20450884,Cool roof,426985.2605191322,1.0,2.3420012175225717e-06,1158162392.814255,False
2713,+87367+19359,17.390934741861038,78.48356058056996,built_up,Medium,39.614594,0.21464933,Cool roof,427065.1313478123,1.0,2.3415632103796727e-06,1158589457.945603,False
2714,+87323+19379,17.40890104754234,78.44403470807109,built_up,Medium,39.61429,0.17873803,Cool roof,427024.1915479869,1.0,2.3417877014764513e-06,1159016482.1371508,False
2715,+87323+19397,17.425070722655516,78.44403470807109,built_up,Medium,39.613922,0.2378553,Cool roof,426987.3104490032,1.0,2.3419899737733167e-06,1159443469.4475996,False
2716,+87411+19353,17.385544850156645,78.52308645306883,built_up,High,39.613678,0.14339794,Cool roof,427077.40524118865,1.0,2.3414959155595174e-06,1159870546.852841,False
2717,+87386+19347,17.380154958452252,78.5006285709672,built_up,Medium,39.61325,0.21604276,Cool roof,427089.6754206114,1.0,2.341428644968222e-06,1160297636.5282614,False
2718,+87365+19368,17.399019579417622,78.48176395000183,built_up,Medium,39.61316,0.1984499,Cool roof,427046.71354427113,1.0,2.3416641980464084e-06,1160724683.2418058,False
2719,+87387+19344,17.377460012600057,78.50152688625127,built_up,High,39.61264,0.1741697,Cool roof,427095.80911756353,1.0,2.3413950187573424e-06,1161151779.0509233,False
2720,+87348+19362,17.393629687713233,78.46649259017272,built_up,Medium,39.610138,0.2579,Cool roof,427058.9930084181,1.0,2.3415968668766287e-06,1161578838.0439317,False
2721,+87357+19357,17.389138111292905,78.4745774277293,built_up,Medium,39.6091,0.22568528,Cool roof,427069.2230582606,1.0,2.3415407760806503e-06,1162005907.26699,False
2722,+87405+19342,17.375663382031927,78.51769656136443,built_up,Medium,39.6091,0.2710086,Cool roof,427099.8977330211,1.0,2.341372604647864e-06,1162433007.164723,False
2723,+87407+19419,17.44483365890495,78.51949319193257,built_up,Medium,39.608765,0.19333865,Cool roof,426942.18816535256,1.0,2.3422374919123827e-06,1162859949.3528883,False
2724,+87330+19360,17.391833057145103,78.45032291505954,built_up,Medium,39.608246,0.27474123,Cool roof,427063.08533784345,1.0,2.3415744285388524e-06,1163287012.4382262,False
2725,+87399+19391,17.419680830951123,78.51230666966005,built_up,Medium,39.60797,0.20293567,Cool roof,426999.6078621065,1.0,2.3419225254252125e-06,1163714012.0460882,False
2726,+87337+19414,17.440342082484626,78.456611122048,built_up,Medium,39.607452,0.18752852,Cool roof,426952.4476133907,1.0,2.3421812091483994e-06,1164140964.4937017,False
2727,+87338+19377,17.40710441697421,78.45750943733206,built_up,High,39.60739,0.16150922,Cool roof,427028.28738481377,1.0,2.3417652402470857e-06,1164567992.7810864,False
2728,+87401+19388,17.416985885098928,78.51410330022817,built_up,High,39.607086,0.15845004,Cool roof,427005.7551761335,1.0,2.341888810345226e-06,1164994998.5362625,False
2729,+87371+19369,17.399917894701687,78.48715384170622,built_up,Medium,39.606354,0.2677231,Cool roof,427044.66660585295,1.0,2.3416754222643517e-06,1165422043.2028685,False
2730,+87384+19370,17.400816209985756,78.49883194039907,built_up,Medium,39.606018,0.26837865,Cool roof,427042.6195642755,1.0,2.3416866471555702e-06,1165849085.8224328,False
2731,+87378+19401,17.428663983791775,78.49344204869467,built_up,Medium,39.605774,0.22190489,Cool roof,426979.11011063546,1.0,2.3420349528127683e-06,1166276064.9325433,False
2732,+87410+19420,17.445731974189016,78.52218813778477,built_up,Medium,39.605743,0.21844833,Cool roof,426940.13596632547,1.0,2.342248750487291e-06,1166703005.0685096,False
2733,+87387+19388,17.416985885098928,78.50152688625127,built_up,High,39.604584,0.15575223,Cool roof,427005.7551761335,1.0,2.341888810345226e-06,1167130010.8236856,False
2734,+87366+19372,17.402612840553886,78.4826622652859,built_up,High,39.60434,0.15394093,Cool roof,427038.5251716453,1.0,2.3417090989578906e-06,1167557049.3488574,False
2735,+87364+19375,17.40530778640608,78.48086563471776,built_up,Medium,39.604187,0.18080346,Cool roof,427032.38280901685,1.0,2.3417427817113192e-06,1167984081.7316663,False
2736,+87400+19410,17.436748821348363,78.51320498494411,built_up,Medium,39.60385,0.28753608,Cool roof,426960.65331528033,1.0,2.3421361950689414e-06,1168411042.3849816,False
2737,+87403+19346,17.379256643168187,78.51589993079631,built_up,Medium,39.60257,0.2601281,Cool roof,427091.72008943046,1.0,2.3414174355583527e-06,1168838134.105071,False
2738,+87383+19415,17.44124039776869,78.497933625115,built_up,Medium,39.601715,0.27454925,Cool roof,426950.395930064,1.0,2.342192464353174e-06,1169265084.5010011,False
2739,+87405+19418,17.443935343620886,78.51769656136443,built_up,Medium,39.601074,0.1985592,Cool roof,426944.24026124045,1.0,2.3422262340115322e-06,1169692028.7412624,False
2740,+87324+19380,17.409799362826405,78.44493302335515,built_up,Medium,39.600616,0.24607286,Cool roof,427022.1434748407,1.0,2.3417989331012717e-06,1170119050.8847373,False
2741,+87339+19412,17.438545451916493,78.45840775261613,built_up,Medium,39.600555,0.27857804,Cool roof,426956.55067061976,1.0,2.342158700760773e-06,1170546007.4354079,False
2742,+87390+19365,17.396324633565428,78.50422183210345,built_up,High,39.60019,0.16753966,Cool roof,427052.85374056763,1.0,2.341630529432066e-06,1170973060.2891483,False
2743,+87406+19363,17.394528002997298,78.5185948766485,built_up,Medium,39.599274,0.18199006,Cool roof,427056.9466889627,1.0,2.3416080870552553e-06,1171400117.2358372,False
2744,+87315+19398,17.42596903793958,78.43684818579857,built_up,Medium,39.59909,0.26655757,Cool roof,426985.2605191322,1.0,2.3420012175225717e-06,1171827102.4963562,False
2745,+87388+19410,17.436748821348363,78.50242520153533,built_up,High,39.59897,0.17432302,Cool roof,426960.65331528033,1.0,2.3421361950689414e-06,1172254063.1496716,False
2746,+87381+19405,17.43225724492804,78.49613699454687,built_up,Medium,39.598938,0.28088075,Cool roof,426970.90812192473,1.0,2.3420799426326314e-06,1172681034.0577934,False
2747,+87399+19363,17.394528002997298,78.51230666966005,built_up,Medium,39.598846,0.19675106,Cool roof,427056.9466889627,1.0,2.3416080870552553e-06,1173108091.0044823,False
2748,+87371+19409,17.4358505060643,78.48715384170622,built_up,High,39.598175,0.15481783,Cool roof,426962.70448289654,1.0,2.342124943233908e-06,1173535053.708965,False
2749,+87384+19398,17.42596903793958,78.49883194039907,built_up,Medium,39.598114,0.18403152,Cool roof,426985.2605191322,1.0,2.3420012175225717e-06,1173962038.969484,False
2750,+87356+19348,17.38105327373632,78.47367911244524,built_up,High,39.59784,0.1558495,Cool roof,427087.63064862473,1.0,2.3414398550510214e-06,1174389126.6001327,False
2751,+87359+19362,17.393629687713233,78.47637405829744,built_up,Medium,39.59778,0.20531304,Cool roof,427058.9930084181,1.0,2.3415968668766287e-06,1174816185.593141,False
2752,+87380+19342,17.375663382031927,78.49523867926281,built_up,Medium,39.597565,0.28865403,Cool roof,427099.8977330211,1.0,2.341372604647864e-06,1175243285.490874,False
2753,+87328+19370,17.400816209985756,78.44852628449141,built_up,High,39.597015,0.17551675,Cool roof,427042.6195642755,1.0,2.3416866471555702e-06,1175670328.1104383,False
2754,+87403+19389,17.417884200382993,78.51589993079631,built_up,Medium,39.596893,0.18125126,Cool roof,427003.7061746089,1.0,2.3419000480316284e-06,1176097331.816613,False
2755,+87397+19341,17.374765066747862,78.51051003909191,built_up,Medium,39.59671,0.22748949,Cool roof,427101.94188599556,1.0,2.3413613986024103e-06,1176524433.758499,False
2756,+87313+19380,17.409799362826405,78.43505155523043,built_up,Medium,39.59555,0.2405382,Cool roof,427022.1434748407,1.0,2.3417989331012717e-06,1176951455.9019737,False
2757,+87370+19409,17.4358505060643,78.48625552642216,built_up,Medium,39.594757,0.18311913,Cool roof,426962.70448289654,1.0,2.342124943233908e-06,1177378418.6064565,False
2758,+87388+19398,17.42596903793958,78.50242520153533,built_up,Medium,39.59445,0.19357142,Cool roof,426985.2605191322,1.0,2.3420012175225717e-06,1177805403.8669755,False
2759,+87393+19385,17.414290939246733,78.50691677795565,built_up,Medium,39.59445,0.19654696,Cool roof,427011.90156179626,1.0,2.3418551013273855e-06,1178232415.7685373,False
2760,+87356+19411,17.437647136632428,78.47367911244524,built_up,Medium,39.59424,0.30207494,Cool roof,426958.6020445212,1.0,2.3421474475778915e-06,1178659374.3705819,False
2761,+87402+19384,17.413392623962668,78.51500161551225,built_up,High,39.594208,0.15938759,Cool roof,427013.9501507122,1.0,2.341843866335176e-06,1179086388.3207326,False
2762,+87374+19408,17.434952190780233,78.48984878755842,built_up,Medium,39.592743,0.18966544,Cool roof,426964.7555473694,1.0,2.3421136920727768e-06,1179513353.0762799,False
2763,+87315+19354,17.38644316544071,78.43684818579857,built_up,High,39.59268,0.1642136,Cool roof,427075.35985020373,1.0,2.3415071296802258e-06,1179940428.43613,False
2764,+87326+19365,17.396324633565428,78.44672965392328,built_up,Medium,39.5925,0.18571709,Cool roof,427052.85374056763,1.0,2.341630529432066e-06,1180367481.2898705,False
2765,+87405+19415,17.44124039776869,78.51769656136443,built_up,Medium,39.591766,0.23707438,Cool roof,426950.395930064,1.0,2.342192464353174e-06,1180794431.6858006,False
2766,+87367+19372,17.402612840553886,78.48356058056996,built_up,Medium,39.591003,0.17908421,Cool roof,427038.5251716453,1.0,2.3417090989578906e-06,1181221470.2109723,False
2767,+87360+19377,17.40710441697421,78.4772723735815,built_up,Medium,39.590942,0.23529579,Cool roof,427028.28738481377,1.0,2.3417652402470857e-06,1181648498.498357,False
2768,+87393+19369,17.399917894701687,78.50691677795565,built_up,Medium,39.5903,0.24385855,Cool roof,427044.66660585295,1.0,2.3416754222643517e-06,1182075543.164963,False
2769,+87399+19346,17.379256643168187,78.51230666966005,built_up,Medium,39.59012,0.20541367,Cool roof,427091.72008943046,1.0,2.3414174355583527e-06,1182502634.8850524,False
2770,+87381+19374,17.404409471122015,78.49613699454687,built_up,Medium,39.590057,0.17690372,Cool roof,427034.4303663836,1.0,2.3417315534534955e-06,1182929669.3154187,False
2771,+87322+19411,17.437647136632428,78.44313639278703,built_up,Medium,39.589752,0.23494016,Cool roof,426958.6020445212,1.0,2.3421474475778915e-06,1183356627.9174633,False
2772,+87316+19384,17.413392623962668,78.43774650108263,built_up,Medium,39.58969,0.20222671,Cool roof,427013.9501507122,1.0,2.341843866335176e-06,1183783641.867614,False
2773,+87329+19398,17.42596903793958,78.44942459977548,built_up,High,39.589172,0.17078242,Cool roof,426985.2605191322,1.0,2.3420012175225717e-06,1184210627.128133,False
2774,+87393+19413,17.439443767200558,78.50691677795565,built_up,Medium,39.58847,0.2865694,Cool roof,426954.49919357605,1.0,2.342169954617604e-06,1184637581.6273267,False
2775,+87400+19368,17.399019579417622,78.51320498494411,built_up,Medium,39.58847,0.19179668,Cool roof,427046.71354427113,1.0,2.3416641980464084e-06,1185064628.340871,False
2776,+87355+19379,17.40890104754234,78.47278079716118,built_up,Medium,39.587982,0.22791633,Cool roof,427024.1915479869,1.0,2.3417877014764513e-06,1185491652.532419,False
2777,+87366+19367,17.398121264133557,78.4826622652859,built_up,Medium,39.5878,0.26515418,Cool roof,427048.7603795299,1.0,2.3416529745017237e-06,1185918701.2927985,False
2778,+87346+19407,17.43405387549617,78.46469595960458,built_up,Medium,39.587646,0.31163374,Cool roof,426966.80650869873,1.0,2.3421024415855304e-06,1186345668.0993073,False
2779,+87408+19394,17.42237577680332,78.52039150721663,built_up,High,39.586823,0.17491421,Cool roof,426993.45961972617,1.0,2.341956246567769e-06,1186772661.558927,False
2780,+87405+19363,17.394528002997298,78.51769656136443,built_up,High,39.586243,0.16748758,Cool roof,427056.9466889627,1.0,2.3416080870552553e-06,1187199718.505616,False
2781,+87337+19360,17.391833057145103,78.456611122048,built_up,Medium,39.585785,0.24884649,Cool roof,427063.08533784345,1.0,2.3415744285388524e-06,1187626781.5909538,False
2782,+87401+19347,17.380154958452252,78.51410330022817,built_up,High,39.585205,0.17128535,Cool roof,427089.6754206114,1.0,2.341428644968222e-06,1188053871.2663743,False
2783,+87366+19373,17.40351115583795,78.4826622652859,built_up,Medium,39.584747,0.22236042,Cool roof,427036.4778205931,1.0,2.341720325869025e-06,1188480907.744195,False
2784,+87331+19421,17.44663028947308,78.4512212303436,built_up,Medium,39.584625,0.25770134,Cool roof,426938.0836641594,1.0,2.3422600097362737e-06,1188907845.8278592,False
2785,+87331+19376,17.406206101690145,78.4512212303436,built_up,High,39.584503,0.17238177,Cool roof,427030.3351484935,1.0,2.34175401064251e-06,1189334876.1630077,False
2786,+87392+19344,17.377460012600057,78.50601846267159,built_up,Medium,39.58432,0.36990207,Cool roof,427095.80911756353,1.0,2.3413950187573424e-06,1189761971.9721253,False
2787,+87316+19388,17.416985885098928,78.43774650108263,built_up,Medium,39.584137,0.3085489,Cool roof,427005.7551761335,1.0,2.341888810345226e-06,1190188977.7273014,False
2788,+87394+19377,17.40710441697421,78.50781509323971,built_up,Medium,39.583984,0.22072597,Cool roof,427028.28738481377,1.0,2.3417652402470857e-06,1190616006.014686,False
2789,+87337+19415,17.44124039776869,78.456611122048,built_up,Medium,39.582733,0.2551483,Cool roof,426950.395930064,1.0,2.342192464353174e-06,1191042956.4106162,False
2790,+87347+19366,17.397222948849492,78.46559427488866,built_up,Medium,39.58203,0.27329636,Cool roof,427050.8071116288,1.0,2.3416417516302816e-06,1191470007.217728,False
2791,+87396+19362,17.393629687713233,78.50961172380785,built_up,Medium,39.58188,0.23753053,Cool roof,427058.9930084181,1.0,2.3415968668766287e-06,1191897066.2107363,False
2792,+87396+19385,17.414290939246733,78.50961172380785,built_up,Medium,39.580475,0.27271992,Cool roof,427011.90156179626,1.0,2.3418551013273855e-06,1192324078.112298,False
2793,+87390+19412,17.438545451916493,78.50422183210345,built_up,Medium,39.580353,0.25859416,Cool roof,426956.55067061976,1.0,2.342158700760773e-06,1192751034.6629686,False
2794,+87354+19415,17.44124039776869,78.47188248187712,built_up,High,39.58011,0.17093326,Cool roof,426950.395930064,1.0,2.342192464353174e-06,1193177985.0588987,False
2795,+87350+19357,17.389138111292905,78.46828922074084,built_up,Medium,39.579987,0.35648707,Cool roof,427069.2230582606,1.0,2.3415407760806503e-06,1193605054.281957,False
2796,+87391+19410,17.436748821348363,78.50512014738753,built_up,Medium,39.579926,0.29184258,Cool roof,426960.65331528033,1.0,2.3421361950689414e-06,1194032014.9352722,False
2797,+87380+19372,17.402612840553886,78.49523867926281,built_up,Medium,39.579742,0.17932492,Cool roof,427038.5251716453,1.0,2.3417090989578906e-06,1194459053.460444,False
2798,+87342+19354,17.38644316544071,78.46110269846832,built_up,Medium,39.579437,0.24932759,Cool roof,427075.35985020373,1.0,2.3415071296802258e-06,1194886128.8202941,False
2799,+87396+19384,17.413392623962668,78.50961172380785,built_up,High,39.578705,0.1663274,Cool roof,427013.9501507122,1.0,2.341843866335176e-06,1195313142.7704449,False
2800,+87374+19395,17.423274092087386,78.48984878755842,built_up,High,39.578583,0.16682063,Cool roof,426991.4099993005,1.0,2.3419674882959313e-06,1195740134.1804442,False
2801,+87409+19395,17.423274092087386,78.5212898225007,built_up,Medium,39.578278,0.21379638,Cool roof,426991.4099993005,1.0,2.3419674882959313e-06,1196167125.5904436,False
2802,+87340+19340,17.373866751463797,78.4593060679002,built_up,Medium,39.578064,0.2557435,Cool roof,427103.9859357997,1.0,2.3413501932297943e-06,1196594229.5763793,False
2803,+87389+19396,17.42417240737145,78.50332351681939,built_up,Medium,39.577698,0.27911484,Cool roof,426989.3602757261,1.0,2.341978730697775e-06,1197021218.936655,False
2804,+87412+19399,17.426867353223646,78.52398476835289,built_up,Medium,39.577484,0.22758898,Cool roof,426983.2104861137,1.0,2.3420124619455547e-06,1197448202.1471412,False
2805,+87341+19347,17.380154958452252,78.46020438318426,built_up,Medium,39.575867,0.3121551,Cool roof,427089.6754206114,1.0,2.341428644968222e-06,1197875291.8225617,False
2806,+87367+19351,17.383748219588515,78.48356058056996,built_up,Medium,39.57556,0.19062626,Cool roof,427081.4957136619,1.0,2.341473489337157e-06,1198302373.3182755,False
2807,+87358+19366,17.397222948849492,78.47547574301338,built_up,Medium,39.575226,0.31502154,Cool roof,427050.8071116288,1.0,2.3416417516302816e-06,1198729424.1253872,False
2808,+87409+19364,17.395426318281363,78.5212898225007,built_up,Medium,39.575104,0.2151874,Cool roof,427054.9002663456,1.0,2.341619307907063e-06,1199156479.0256536,False
2809,+87351+19358,17.39003642657697,78.46918753602492,built_up,Medium,39.574493,0.2883591,Cool roof,427067.17725461826,1.0,2.34155199289361e-06,1199583546.2029083,False
2810,+87359+19415,17.44124039776869,78.47637405829744,built_up,Medium,39.574066,0.23529164,Cool roof,426950.395930064,1.0,2.342192464353174e-06,1200010496.5988383,False
2811,+87399+19362,17.393629687713233,78.51230666966005,built_up,Medium,39.573853,0.18549588,Cool roof,427058.9930084181,1.0,2.3415968668766287e-06,1200437555.5918467,False
2812,+87381+19402,17.42956229907584,78.49613699454687,built_up,Medium,39.57321,0.22399496,Cool roof,426977.0597681764,1.0,2.3420461992570315e-06,1200864532.651615,False
2813,+87401+19406,17.433155560212104,78.51410330022817,built_up,Medium,39.572784,0.19212086,Cool roof,426968.857366884,1.0,2.3420911917721534e-06,1201291501.5089817,False
2814,+87413+19398,17.42596903793958,78.52488308363696,built_up,Medium,39.571716,0.36939093,Cool roof,426985.2605191322,1.0,2.3420012175225717e-06,1201718486.7695007,False
2815,+87353+19350,17.38284990430445,78.47098416659304,built_up,Medium,39.569855,0.2889005,Cool roof,427083.5407951495,1.0,2.3414622772354733e-06,1202145570.3102958,False
2816,+87316+19354,17.38644316544071,78.43774650108263,built_up,High,39.569733,0.1677781,Cool roof,427075.35985020373,1.0,2.3415071296802258e-06,1202572645.670146,False
2817,+87381+19386,17.415189254530798,78.49613699454687,built_up,Medium,39.568695,0.21864776,Cool roof,427009.85286972753,1.0,2.34186633699312e-06,1202999655.5230157,False
2818,+87344+19394,17.42237577680332,78.46289932903646,built_up,Medium,39.56848,0.24858944,Cool roof,426993.45961972617,1.0,2.341956246567769e-06,1203426648.9826355,False
2819,+87393+19382,17.41159599339454,78.50691677795565,built_up,Medium,39.56784,0.1789442,Cool roof,427018.0470190842,1.0,2.3418213983712686e-06,1203853667.0296545,False
2820,+87336+19359,17.390934741861038,78.45571280676394,built_up,Medium,39.56778,0.23282936,Cool roof,427065.1313478123,1.0,2.3415632103796727e-06,1204280732.1610024,False
2821,+87356+19413,17.439443767200558,78.47367911244524,built_up,Medium,39.567535,0.30030593,Cool roof,426954.49919357605,1.0,2.342169954617604e-06,1204707686.660196,False
2822,+87382+19410,17.436748821348363,78.49703530983093,built_up,Medium,39.566986,0.17670953,Cool roof,426960.65331528033,1.0,2.3421361950689414e-06,1205134647.3135114,False
2823,+87381+19404,17.431358929643974,78.49613699454687,built_up,Medium,39.56668,0.27077204,Cool roof,426972.9587738207,1.0,2.342068694166947e-06,1205561620.2722852,False
2824,+87349+19418,17.443935343620886,78.46739090545678,built_up,Medium,39.566498,0.23952417,Cool roof,426944.24026124045,1.0,2.3422262340115322e-06,1205988564.5125465,False
2825,+87376+19394,17.42237577680332,78.49164541812655,built_up,Medium,39.56604,0.18164235,Cool roof,426993.45961972617,1.0,2.341956246567769e-06,1206415557.9721663,False
2826,+87388+19403,17.43046061435991,78.50242520153533,built_up,Medium,39.565765,0.30338034,Cool roof,426975.0093225714,1.0,2.3420574463750857e-06,1206842532.981489,False
2827,+87386+19387,17.416087569814863,78.5006285709672,built_up,High,39.56546,0.17230341,Cool roof,427007.8040745065,1.0,2.341877573332395e-06,1207269540.7855635,False
2828,+87355+19370,17.400816209985756,78.47278079716118,built_up,Medium,39.564972,0.31635815,Cool roof,427042.6195642755,1.0,2.3416866471555702e-06,1207696583.4051278,False
2829,+87404+19349,17.381951589020385,78.51679824608037,built_up,Medium,39.564667,0.24005827,Cool roof,427085.5857734706,1.0,2.341451065806767e-06,1208123668.9909012,False
2830,+87336+19390,17.418782515667058,78.45571280676394,built_up,Medium,39.5643,0.20706841,Cool roof,427001.65706993314,1.0,2.341911286391619e-06,1208550670.6479712,False
2831,+87355+19344,17.377460012600057,78.47278079716118,built_up,High,39.563385,0.12948444,Cool roof,427095.80911756353,1.0,2.3413950187573424e-06,1208977766.4570887,False
2832,+87377+19366,17.397222948849492,78.49254373341061,built_up,Medium,39.56314,0.20725387,Cool roof,427050.8071116288,1.0,2.3416417516302816e-06,1209404817.2642004,False
2833,+87393+19368,17.399019579417622,78.50691677795565,built_up,Medium,39.56314,0.1934096,Cool roof,427046.71354427113,1.0,2.3416641980464084e-06,1209831863.9777448,False
2834,+87384+19409,17.4358505060643,78.49883194039907,built_up,Medium,39.562836,0.18649304,Cool roof,426962.70448289654,1.0,2.342124943233908e-06,1210258826.6822276,False
2835,+87392+19410,17.436748821348363,78.50601846267159,built_up,Medium,39.562164,0.33963472,Cool roof,426960.65331528033,1.0,2.3421361950689414e-06,1210685787.335543,False
2836,+87408+19348,17.38105327373632,78.52039150721663,built_up,Medium,39.56189,0.29972118,Cool roof,427087.63064862473,1.0,2.3414398550510214e-06,1211112874.9661915,False
2837,+87388+19343,17.376561697315992,78.50242520153533,built_up,Medium,39.56125,0.23050605,Cool roof,427097.85347687715,1.0,2.3413838113661685e-06,1211539972.8196683,False
2838,+87314+19362,17.393629687713233,78.4359498705145,built_up,Medium,39.560516,0.21391517,Cool roof,427058.9930084181,1.0,2.3415968668766287e-06,1211967031.8126767,False
2839,+87394+19390,17.418782515667058,78.50781509323971,built_up,High,39.560486,0.16185494,Cool roof,427001.65706993314,1.0,2.341911286391619e-06,1212394033.4697466,False
2840,+87382+19378,17.408002732258275,78.49703530983093,built_up,High,39.55899,0.15205012,Cool roof,427026.23951797804,1.0,2.341776470525061e-06,1212821059.7092645,False
2841,+87344+19390,17.418782515667058,78.46289932903646,built_up,High,39.55896,0.1590712,Cool roof,427001.65706993314,1.0,2.341911286391619e-06,1213248061.3663344,False
2842,+87340+19373,17.40351115583795,78.4593060679002,built_up,Medium,39.55838,0.26786387,Cool roof,427036.4778205931,1.0,2.341720325869025e-06,1213675097.844155,False
2843,+87342+19377,17.40710441697421,78.46110269846832,built_up,Medium,39.558258,0.30533785,Cool roof,427028.28738481377,1.0,2.3417652402470857e-06,1214102126.1315398,False
2844,+87363+19376,17.406206101690145,78.4799673194337,built_up,Medium,39.558258,0.18947646,Cool roof,427030.3351484935,1.0,2.34175401064251e-06,1214529156.4666884,False
2845,+87319+19418,17.443935343620886,78.44044144693483,built_up,Medium,39.55789,0.18809603,Cool roof,426944.24026124045,1.0,2.3422262340115322e-06,1214956100.7069497,False
2846,+87319+19371,17.40171452526982,78.44044144693483,built_up,Medium,39.55783,0.31372154,Cool roof,427040.5724195397,1.0,2.341697872720077e-06,1215383141.2793694,False
2847,+87382+19372,17.402612840553886,78.49703530983093,built_up,Medium,39.557495,0.1777298,Cool roof,427038.5251716453,1.0,2.3417090989578906e-06,1215810179.804541,False
2848,+87392+19389,17.417884200382993,78.50601846267159,built_up,Medium,39.55728,0.18608534,Cool roof,427003.7061746089,1.0,2.3419000480316284e-06,1216237183.5107157,False
2849,+87368+19361,17.392731372429168,78.48445889585402,built_up,Medium,39.556854,0.24092759,Cool roof,427061.0392247119,1.0,2.3415856473711663e-06,1216664244.5499403,False
2850,+87401+19405,17.43225724492804,78.51410330022817,built_up,Medium,39.556274,0.22687131,Cool roof,426970.90812192473,1.0,2.3420799426326314e-06,1217091215.4580622,False
2851,+87320+19343,17.376561697315992,78.44133976221889,built_up,Medium,39.55612,0.18254866,Cool roof,427097.85347687715,1.0,2.3413838113661685e-06,1217518313.311539,False
2852,+87408+19391,17.419680830951123,78.52039150721663,built_up,Medium,39.55591,0.28878498,Cool roof,426999.6078621065,1.0,2.3419225254252125e-06,1217945312.919401,False
2853,+87404+19416,17.442138713052756,78.51679824608037,built_up,Medium,39.555206,0.18434653,Cool roof,426948.3441435965,1.0,2.342203720231944e-06,1218372261.2635446,False
2854,+87341+19341,17.374765066747862,78.46020438318426,built_up,Medium,39.554535,0.21695152,Cool roof,427101.94188599556,1.0,2.3413613986024103e-06,1218799363.2054305,False
2855,+87402+19356,17.38823979600884,78.51500161551225,built_up,High,39.55435,0.13712214,Cool roof,427071.26875873934,1.0,2.3415295599407763e-06,1219226434.4741893,False
2856,+87321+19360,17.391833057145103,78.44223807750296,built_up,Medium,39.55374,0.21897349,Cool roof,427063.08533784345,1.0,2.3415744285388524e-06,1219653497.5595272,False
2857,+87392+19384,17.413392623962668,78.50601846267159,built_up,Medium,39.55307,0.18828991,Cool roof,427013.9501507122,1.0,2.341843866335176e-06,1220080511.509678,False
2858,+87342+19373,17.40351115583795,78.46110269846832,built_up,Medium,39.552704,0.20603056,Cool roof,427036.4778205931,1.0,2.341720325869025e-06,1220507547.9874985,False
2859,+87388+19384,17.413392623962668,78.50242520153533,built_up,Medium,39.552216,0.20013241,Cool roof,427013.9501507122,1.0,2.341843866335176e-06,1220934561.9376493,False
2860,+87381+19400,17.42776566850771,78.49613699454687,built_up,Medium,39.551544,0.25168774,Cool roof,426981.160349948,1.0,2.3420237070422817e-06,1221361543.097999,False
2861,+87374+19402,17.42956229907584,78.48984878755842,built_up,Medium,39.550446,0.22426768,Cool roof,426977.0597681764,1.0,2.3420461992570315e-06,1221788520.1577673,False
2862,+87318+19346,17.379256643168187,78.43954313165077,built_up,High,39.549988,0.16524483,Cool roof,427091.72008943046,1.0,2.3414174355583527e-06,1222215611.8778567,False
2863,+87381+19394,17.42237577680332,78.49613699454687,built_up,Medium,39.549713,0.2468667,Cool roof,426993.45961972617,1.0,2.341956246567769e-06,1222642605.3374765,False
2864,+87353+19363,17.394528002997298,78.47098416659304,built_up,Medium,39.549133,0.2509563,Cool roof,427056.9466889627,1.0,2.3416080870552553e-06,1223069662.2841654,False
2865,+87342+19371,17.40171452526982,78.46110269846832,built_up,Medium,39.548737,0.2272109,Cool roof,427040.5724195397,1.0,2.341697872720077e-06,1223496702.856585,False
2866,+87402+19419,17.44483365890495,78.51500161551225,built_up,Medium,39.548187,0.22146341,Cool roof,426942.18816535256,1.0,2.3422374919123827e-06,1223923645.0447505,False
2867,+87343+19381,17.410697678110473,78.4620010137524,built_up,Medium,39.548065,0.1991682,Cool roof,427020.0952985397,1.0,2.3418101653995388e-06,1224350665.140049,False
2868,+87340+19375,17.40530778640608,78.4593060679002,built_up,High,39.54718,0.17149353,Cool roof,427032.38280901685,1.0,2.3417427817113192e-06,1224777697.522858,False
2869,+87403+19375,17.40530778640608,78.51589993079631,built_up,Medium,39.54651,0.25529173,Cool roof,427032.38280901685,1.0,2.3417427817113192e-06,1225204729.9056668,False
2870,+87336+19378,17.408002732258275,78.45571280676394,built_up,High,39.54648,0.17014445,Cool roof,427026.23951797804,1.0,2.341776470525061e-06,1225631756.1451848,False
2871,+87356+19364,17.395426318281363,78.47367911244524,built_up,Medium,39.546417,0.21825896,Cool roof,427054.9002663456,1.0,2.341619307907063e-06,1226058811.0454512,False
2872,+87363+19363,17.394528002997298,78.4799673194337,built_up,High,39.546417,0.17307834,Cool roof,427056.9466889627,1.0,2.3416080870552553e-06,1226485867.99214,False
2873,+87316+19363,17.394528002997298,78.43774650108263,built_up,Medium,39.54489,0.23070394,Cool roof,427056.9466889627,1.0,2.3416080870552553e-06,1226912924.938829,False
2874,+87411+19354,17.38644316544071,78.52308645306883,built_up,Medium,39.544678,0.2371518,Cool roof,427075.35985020373,1.0,2.3415071296802258e-06,1227340000.298679,False
2875,+87354+19372,17.402612840553886,78.47188248187712,built_up,Medium,39.54428,0.23221476,Cool roof,427038.5251716453,1.0,2.3417090989578906e-06,1227767038.8238509,False
2876,+87397+19342,17.375663382031927,78.51051003909191,built_up,Medium,39.54419,0.2384643,Cool roof,427099.8977330211,1.0,2.341372604647864e-06,1228194138.7215838,False
2877,+87378+19392,17.42057914623519,78.49344204869467,built_up,High,39.544006,0.16143736,Cool roof,426997.55855112965,1.0,2.3419337651324247e-06,1228621136.280135,False
2878,+87334+19390,17.418782515667058,78.4539161761958,built_up,Medium,39.543945,0.25471514,Cool roof,427001.65706993314,1.0,2.341911286391619e-06,1229048137.9372048,False
2879,+87362+19342,17.375663382031927,78.47906900414964,built_up,High,39.543823,0.16425474,Cool roof,427099.8977330211,1.0,2.341372604647864e-06,1229475237.8349378,False
2880,+87320+19401,17.428663983791775,78.44133976221889,built_up,Medium,39.54361,0.26078516,Cool roof,426979.11011063546,1.0,2.3420349528127683e-06,1229902216.9450483,False
2881,+87387+19390,17.418782515667058,78.50152688625127,built_up,High,39.543427,0.1567126,Cool roof,427001.65706993314,1.0,2.341911286391619e-06,1230329218.6021183,False
2882,+87403+19388,17.416985885098928,78.51589993079631,built_up,High,39.542267,0.16408141,Cool roof,427005.7551761335,1.0,2.341888810345226e-06,1230756224.3572943,False
2883,+87368+19370,17.400816209985756,78.48445889585402,built_up,High,39.541626,0.16475695,Cool roof,427042.6195642755,1.0,2.3416866471555702e-06,1231183266.9768586,False
2884,+87348+19343,17.376561697315992,78.46649259017272,built_up,High,39.541016,0.15811443,Cool roof,427097.85347687715,1.0,2.3413838113661685e-06,1231610364.8303354,False
2885,+87326+19375,17.40530778640608,78.44672965392328,built_up,Medium,39.54019,0.21132846,Cool roof,427032.38280901685,1.0,2.3417427817113192e-06,1232037397.2131443,False
2886,+87389+19410,17.436748821348363,78.50332351681939,built_up,Medium,39.54019,0.1909205,Cool roof,426960.65331528033,1.0,2.3421361950689414e-06,1232464357.8664596,False
2887,+87377+19347,17.380154958452252,78.49254373341061,built_up,Medium,39.539917,0.36491555,Cool roof,427089.6754206114,1.0,2.341428644968222e-06,1232891447.5418801,False
2888,+87400+19385,17.414290939246733,78.51320498494411,built_up,Medium,39.539276,0.17471884,Cool roof,427011.90156179626,1.0,2.3418551013273855e-06,1233318459.4434419,False
2889,+87392+19411,17.437647136632428,78.50601846267159,built_up,Medium,39.538788,0.32700688,Cool roof,426958.6020445212,1.0,2.3421474475778915e-06,1233745418.0454865,False
2890,+87358+19370,17.400816209985756,78.47547574301338,built_up,Medium,39.538483,0.24204834,Cool roof,427042.6195642755,1.0,2.3416866471555702e-06,1234172460.6650507,False
2891,+87381+19385,17.414290939246733,78.49613699454687,built_up,Medium,39.538055,0.2789971,Cool roof,427011.90156179626,1.0,2.3418551013273855e-06,1234599472.5666125,False
2892,+87355+19418,17.443935343620886,78.47278079716118,built_up,Medium,39.53775,0.2555874,Cool roof,426944.24026124045,1.0,2.3422262340115322e-06,1235026416.8068738,False
2893,+87383+19409,17.4358505060643,78.497933625115,built_up,High,39.53766,0.17157197,Cool roof,426962.70448289654,1.0,2.342124943233908e-06,1235453379.5113566,False
2894,+87326+19373,17.40351115583795,78.44672965392328,built_up,High,39.537415,0.1557434,Cool roof,427036.4778205931,1.0,2.341720325869025e-06,1235880415.9891772,False
2895,+87412+19364,17.395426318281363,78.52398476835289,built_up,High,39.537415,0.15871386,Cool roof,427054.9002663456,1.0,2.341619307907063e-06,1236307470.8894436,False
2896,+87388+19392,17.42057914623519,78.50242520153533,built_up,Medium,39.536133,0.23319855,Cool roof,426997.55855112965,1.0,2.3419337651324247e-06,1236734468.4479947,False
2897,+87378+19399,17.426867353223646,78.49344204869467,built_up,Medium,39.535553,0.23752563,Cool roof,426983.2104861137,1.0,2.3420124619455547e-06,1237161451.658481,False
2898,+87375+19413,17.439443767200558,78.49074710284248,built_up,Medium,39.534973,0.20528598,Cool roof,426954.49919357605,1.0,2.342169954617604e-06,1237588406.1576746,False
2899,+87378+19403,17.43046061435991,78.49344204869467,built_up,Medium,39.534454,0.23303148,Cool roof,426975.0093225714,1.0,2.3420574463750857e-06,1238015381.1669972,False
2900,+87389+19380,17.409799362826405,78.50332351681939,built_up,Medium,39.532623,0.22374198,Cool roof,427022.1434748407,1.0,2.3417989331012717e-06,1238442403.310472,False
2901,+87395+19361,17.392731372429168,78.50871340852379,built_up,Medium,39.531982,0.20318261,Cool roof,427061.0392247119,1.0,2.3415856473711663e-06,1238869464.3496966,False
2902,+87367+19368,17.399019579417622,78.48356058056996,built_up,High,39.53174,0.16426027,Cool roof,427046.71354427113,1.0,2.3416641980464084e-06,1239296511.063241,False
2903,+87400+19401,17.428663983791775,78.51320498494411,built_up,High,39.531647,0.15393232,Cool roof,426979.11011063546,1.0,2.3420349528127683e-06,1239723490.1733515,False
2904,+87356+19349,17.381951589020385,78.47367911244524,built_up,High,39.53055,0.13512996,Cool roof,427085.5857734706,1.0,2.341451065806767e-06,1240150575.759125,False
2905,+87386+19410,17.436748821348363,78.5006285709672,built_up,Medium,39.530365,0.18420844,Cool roof,426960.65331528033,1.0,2.3421361950689414e-06,1240577536.4124403,False
2906,+87404+19372,17.402612840553886,78.51679824608037,built_up,Medium,39.530304,0.36136037,Cool roof,427038.5251716453,1.0,2.3417090989578906e-06,1241004574.937612,False
2907,+87390+19401,17.428663983791775,78.50422183210345,built_up,Medium,39.530243,0.319333,Cool roof,426979.11011063546,1.0,2.3420349528127683e-06,1241431554.0477226,False
2908,+87352+19344,17.377460012600057,78.47008585130898,built_up,Medium,39.529877,0.2958,Cool roof,427095.80911756353,1.0,2.3413950187573424e-06,1241858649.8568401,False
2909,+87360+19412,17.438545451916493,78.4772723735815,built_up,Medium,39.529694,0.30951047,Cool roof,426956.55067061976,1.0,2.342158700760773e-06,1242285606.4075108,False
2910,+87390+19363,17.394528002997298,78.50422183210345,built_up,Medium,39.529694,0.22497618,Cool roof,427056.9466889627,1.0,2.3416080870552553e-06,1242712663.3541996,False
2911,+87360+19359,17.390934741861038,78.4772723735815,built_up,Medium,39.5271,0.19202647,Cool roof,427065.1313478123,1.0,2.3415632103796727e-06,1243139728.4855475,False
2912,+87381+19372,17.402612840553886,78.49613699454687,built_up,Medium,39.526733,0.22147763,Cool roof,427038.5251716453,1.0,2.3417090989578906e-06,1243566767.0107193,False
2913,+87378+19414,17.440342082484626,78.49344204869467,built_up,Medium,39.52585,0.2535612,Cool roof,426952.4476133907,1.0,2.3421812091483994e-06,1243993719.4583328,False
2914,+87319+19354,17.38644316544071,78.44044144693483,built_up,Medium,39.525818,0.23334636,Cool roof,427075.35985020373,1.0,2.3415071296802258e-06,1244420794.818183,False
2915,+87402+19383,17.412494308678603,78.51500161551225,built_up,High,39.525787,0.16142558,Cool roof,427015.99863647495,1.0,2.341832632016476e-06,1244847810.8168194,False
2916,+87411+19365,17.396324633565428,78.52308645306883,built_up,Medium,39.525604,0.17721067,Cool roof,427052.85374056763,1.0,2.341630529432066e-06,1245274863.67056,False
2917,+87321+19357,17.389138111292905,78.44223807750296,built_up,Medium,39.525482,0.21534681,Cool roof,427069.2230582606,1.0,2.3415407760806503e-06,1245701932.893618,False
2918,+87315+19345,17.378358327884122,78.43684818579857,built_up,High,39.52536,0.1665626,Cool roof,427093.76465508126,1.0,2.341406226821398e-06,1246129026.6582732,False
2919,+87353+19377,17.40710441697421,78.47098416659304,built_up,Medium,39.52536,0.29750338,Cool roof,427028.28738481377,1.0,2.3417652402470857e-06,1246556054.945658,False
2920,+87391+19357,17.389138111292905,78.50512014738753,built_up,Medium,39.5253,0.19987854,Cool roof,427069.2230582606,1.0,2.3415407760806503e-06,1246983124.1687162,False
2921,+87407+19383,17.412494308678603,78.51949319193257,built_up,Medium,39.525055,0.31744906,Cool roof,427015.99863647495,1.0,2.341832632016476e-06,1247410140.1673527,False
2922,+87344+19366,17.397222948849492,78.46289932903646,built_up,Medium,39.523773,0.179505,Cool roof,427050.8071116288,1.0,2.3416417516302816e-06,1247837190.9744644,False
2923,+87381+19399,17.426867353223646,78.49613699454687,built_up,Medium,39.523773,0.19086508,Cool roof,426983.2104861137,1.0,2.3420124619455547e-06,1248264174.1849506,False
2924,+87407+19380,17.409799362826405,78.51949319193257,built_up,Medium,39.523407,0.3060353,Cool roof,427022.1434748407,1.0,2.3417989331012717e-06,1248691196.3284254,False
2925,+87389+19391,17.419680830951123,78.50332351681939,built_up,Medium,39.522797,0.2186393,Cool roof,426999.6078621065,1.0,2.3419225254252125e-06,1249118195.9362874,False
2926,+87378+19400,17.42776566850771,78.49344204869467,built_up,Medium,39.522064,0.2655137,Cool roof,426981.160349948,1.0,2.3420237070422817e-06,1249545177.0966372,False
2927,+87321+19350,17.38284990430445,78.44223807750296,built_up,Medium,39.521393,0.33444855,Cool roof,427083.5407951495,1.0,2.3414622772354733e-06,1249972260.6374323,False
2928,+87372+19369,17.399917894701687,78.48805215699028,built_up,Medium,39.520966,0.22193441,Cool roof,427044.66660585295,1.0,2.3416754222643517e-06,1250399305.3040383,False
2929,+87320+19359,17.390934741861038,78.44133976221889,built_up,Medium,39.520782,0.21346195,Cool roof,427065.1313478123,1.0,2.3415632103796727e-06,1250826370.4353862,False
2930,+87350+19344,17.377460012600057,78.46828922074084,built_up,High,39.520416,0.13004817,Cool roof,427095.80911756353,1.0,2.3413950187573424e-06,1251253466.2445037,False
2931,+87401+19379,17.40890104754234,78.51410330022817,built_up,Medium,39.51944,0.18451835,Cool roof,427024.1915479869,1.0,2.3417877014764513e-06,1251680490.4360516,False
2932,+87380+19354,17.38644316544071,78.49523867926281,built_up,Medium,39.519257,0.27133903,Cool roof,427075.35985020373,1.0,2.3415071296802258e-06,1252107565.7959018,False
2933,+87351+19357,17.389138111292905,78.46918753602492,built_up,Medium,39.519196,0.3175319,Cool roof,427069.2230582606,1.0,2.3415407760806503e-06,1252534635.01896,False
2934,+87317+19345,17.378358327884122,78.43864481636669,built_up,Medium,39.518463,0.19771796,Cool roof,427093.76465508126,1.0,2.341406226821398e-06,1252961728.783615,False
2935,+87318+19354,17.38644316544071,78.43954313165077,built_up,Medium,39.51834,0.20808202,Cool roof,427075.35985020373,1.0,2.3415071296802258e-06,1253388804.1434653,False
2936,+87374+19403,17.43046061435991,78.48984878755842,built_up,Medium,39.51822,0.22605999,Cool roof,426975.0093225714,1.0,2.3420574463750857e-06,1253815779.152788,False
2937,+87393+19375,17.40530778640608,78.50691677795565,built_up,Medium,39.518158,0.31040686,Cool roof,427032.38280901685,1.0,2.3417427817113192e-06,1254242811.5355968,False
2938,+87375+19360,17.391833057145103,78.49074710284248,built_up,Medium,39.517517,0.24536256,Cool roof,427063.08533784345,1.0,2.3415744285388524e-06,1254669874.6209347,False
2939,+87352+19358,17.39003642657697,78.47008585130898,built_up,Medium,39.51712,0.2154766,Cool roof,427067.17725461826,1.0,2.34155199289361e-06,1255096941.7981894,False
2940,+87408+19400,17.42776566850771,78.52039150721663,built_up,Medium,39.517,0.30321717,Cool roof,426981.160349948,1.0,2.3420237070422817e-06,1255523922.9585392,False
2941,+87324+19379,17.40890104754234,78.44493302335515,built_up,Medium,39.516815,0.20371695,Cool roof,427024.1915479869,1.0,2.3417877014764513e-06,1255950947.150087,False
2942,+87340+19349,17.381951589020385,78.4593060679002,built_up,Medium,39.516693,0.30965582,Cool roof,427085.5857734706,1.0,2.341451065806767e-06,1256378032.7358606,False
2943,+87395+19391,17.419680830951123,78.50871340852379,built_up,Medium,39.51642,0.17468125,Cool roof,426999.6078621065,1.0,2.3419225254252125e-06,1256805032.3437226,False
2944,+87401+19393,17.421477461519256,78.51410330022817,built_up,Medium,39.516266,0.17357346,Cool roof,426995.50913700275,1.0,2.341945005513271e-06,1257232027.8528595,False
2945,+87385+19359,17.390934741861038,78.49973025568313,built_up,Medium,39.516144,0.3704172,Cool roof,427065.1313478123,1.0,2.3415632103796727e-06,1257659092.9842074,False
2946,+87402+19411,17.437647136632428,78.51500161551225,built_up,Medium,39.516083,0.2187607,Cool roof,426958.6020445212,1.0,2.3421474475778915e-06,1258086051.586252,False
2947,+87387+19382,17.41159599339454,78.50152688625127,built_up,Medium,39.51468,0.20815636,Cool roof,427018.0470190842,1.0,2.3418213983712686e-06,1258513069.633271,False
2948,+87362+19417,17.44303702833682,78.47906900414964,built_up,Medium,39.514435,0.23048837,Cool roof,426946.29225398856,1.0,2.3422149767847243e-06,1258940015.925525,False
2949,+87322+19363,17.394528002997298,78.44313639278703,built_up,Medium,39.5141,0.2059072,Cool roof,427056.9466889627,1.0,2.3416080870552553e-06,1259367072.8722138,False
2950,+87327+19406,17.433155560212104,78.44762796920735,built_up,Medium,39.513763,0.19152987,Cool roof,426968.857366884,1.0,2.3420911917721534e-06,1259794041.7295806,False
2951,+87413+19414,17.440342082484626,78.52488308363696,built_up,Medium,39.513763,0.28042313,Cool roof,426952.4476133907,1.0,2.3421812091483994e-06,1260220994.177194,False
2952,+87339+19366,17.397222948849492,78.45840775261613,built_up,Medium,39.51364,0.27788198,Cool roof,427050.8071116288,1.0,2.3416417516302816e-06,1260648044.9843059,False
2953,+87360+19363,17.394528002997298,78.4772723735815,built_up,Medium,39.51352,0.22736247,Cool roof,427056.9466889627,1.0,2.3416080870552553e-06,1261075101.9309947,False
2954,+87409+19397,17.425070722655516,78.5212898225007,built_up,Medium,39.51352,0.23449194,Cool roof,426987.3104490032,1.0,2.3419899737733167e-06,1261502089.2414436,False
2955,+87339+19413,17.439443767200558,78.45840775261613,built_up,Medium,39.513275,0.30298513,Cool roof,426954.49919357605,1.0,2.342169954617604e-06,1261929043.7406373,False
2956,+87361+19340,17.373866751463797,78.47817068886556,built_up,Medium,39.513214,0.29528308,Cool roof,427103.9859357997,1.0,2.3413501932297943e-06,1262356147.726573,False
2957,+87320+19349,17.381951589020385,78.44133976221889,built_up,Medium,39.512604,0.30516994,Cool roof,427085.5857734706,1.0,2.341451065806767e-06,1262783233.3123465,False
2958,+87321+19389,17.417884200382993,78.44223807750296,built_up,Medium,39.512146,0.27165824,Cool roof,427003.7061746089,1.0,2.3419000480316284e-06,1263210237.018521,False
2959,+87391+19359,17.390934741861038,78.50512014738753,built_up,Medium,39.51187,0.18422717,Cool roof,427065.1313478123,1.0,2.3415632103796727e-06,1263637302.149869,False
2960,+87346+19367,17.398121264133557,78.46469595960458,built_up,Medium,39.51114,0.31018844,Cool roof,427048.7603795299,1.0,2.3416529745017237e-06,1264064350.9102485,False
2961,+87356+19357,17.389138111292905,78.47367911244524,built_up,Medium,39.51071,0.26526165,Cool roof,427069.2230582606,1.0,2.3415407760806503e-06,1264491420.1333067,False
2962,+87367+19358,17.39003642657697,78.48356058056996,built_up,Medium,39.51004,0.23801866,Cool roof,427067.17725461826,1.0,2.34155199289361e-06,1264918487.3105614,False
2963,+87343+19380,17.409799362826405,78.4620010137524,built_up,Medium,39.509125,0.18335308,Cool roof,427022.1434748407,1.0,2.3417989331012717e-06,1265345509.4540362,False
2964,+87392+19386,17.415189254530798,78.50601846267159,built_up,Medium,39.509064,0.29743588,Cool roof,427009.85286972753,1.0,2.34186633699312e-06,1265772519.306906,False
2965,+87328+19403,17.43046061435991,78.44852628449141,built_up,Medium,39.50818,0.17163633,Cool roof,426975.0093225714,1.0,2.3420574463750857e-06,1266199494.3162286,False
2966,+87369+19360,17.391833057145103,78.4853572111381,built_up,Medium,39.50711,0.2097955,Cool roof,427063.08533784345,1.0,2.3415744285388524e-06,1266626557.4015665,False
2967,+87361+19358,17.39003642657697,78.47817068886556,built_up,Medium,39.506622,0.23991074,Cool roof,427067.17725461826,1.0,2.34155199289361e-06,1267053624.5788212,False
2968,+87376+19379,17.40890104754234,78.49164541812655,built_up,Medium,39.506622,0.24584848,Cool roof,427024.1915479869,1.0,2.3417877014764513e-06,1267480648.770369,False
2969,+87331+19377,17.40710441697421,78.4512212303436,built_up,Medium,39.506256,0.23850293,Cool roof,427028.28738481377,1.0,2.3417652402470857e-06,1267907677.0577538,False
2970,+87397+19387,17.416087569814863,78.51051003909191,built_up,Medium,39.506256,0.17590131,Cool roof,427007.8040745065,1.0,2.341877573332395e-06,1268334684.8618283,False
2971,+87353+19412,17.438545451916493,78.47098416659304,built_up,Medium,39.50583,0.2685492,Cool roof,426956.55067061976,1.0,2.342158700760773e-06,1268761641.412499,False
2972,+87340+19365,17.396324633565428,78.4593060679002,built_up,Medium,39.505585,0.18208064,Cool roof,427052.85374056763,1.0,2.341630529432066e-06,1269188694.2662394,False
2973,+87411+19416,17.442138713052756,78.52308645306883,built_up,Medium,39.5054,0.23269728,Cool roof,426948.3441435965,1.0,2.342203720231944e-06,1269615642.610383,False
2974,+87365+19355,17.387341480724775,78.48176395000183,built_up,Medium,39.504974,0.32233375,Cool roof,427073.3143560538,1.0,2.341518344473974e-06,1270042715.9247391,False
2975,+87372+19366,17.397222948849492,78.48805215699028,built_up,Medium,39.503326,0.20351462,Cool roof,427050.8071116288,1.0,2.3416417516302816e-06,1270469766.7318509,False
2976,+87347+19343,17.376561697315992,78.46559427488866,built_up,Medium,39.5029,0.21143429,Cool roof,427097.85347687715,1.0,2.3413838113661685e-06,1270896864.5853276,False
2977,+87353+19415,17.44124039776869,78.47098416659304,built_up,Medium,39.502747,0.19308625,Cool roof,426950.395930064,1.0,2.342192464353174e-06,1271323814.9812577,False
2978,+87343+19354,17.38644316544071,78.4620010137524,built_up,Medium,39.50119,0.18360068,Cool roof,427075.35985020373,1.0,2.3415071296802258e-06,1271750890.3411078,False
2979,+87379+19410,17.436748821348363,78.49434036397874,built_up,Medium,39.500336,0.17436938,Cool roof,426960.65331528033,1.0,2.3421361950689414e-06,1272177850.9944232,False
2980,+87403+19354,17.38644316544071,78.51589993079631,built_up,Medium,39.498566,0.20904748,Cool roof,427075.35985020373,1.0,2.3415071296802258e-06,1272604926.3542733,False
2981,+87371+19381,17.410697678110473,78.48715384170622,built_up,Medium,39.497467,0.2768289,Cool roof,427020.0952985397,1.0,2.3418101653995388e-06,1273031946.4495718,False
2982,+87333+19340,17.373866751463797,78.45301786091174,built_up,Medium,39.497345,0.18694122,Cool roof,427103.9859357997,1.0,2.3413501932297943e-06,1273459050.4355075,False
2983,+87350+19343,17.376561697315992,78.46828922074084,built_up,High,39.497345,0.14830771,Cool roof,427097.85347687715,1.0,2.3413838113661685e-06,1273886148.2889843,False
2984,+87392+19367,17.398121264133557,78.50601846267159,built_up,Medium,39.496674,0.18777202,Cool roof,427048.7603795299,1.0,2.3416529745017237e-06,1274313197.0493639,False
2985,+87389+19413,17.439443767200558,78.50332351681939,built_up,Medium,39.49594,0.28962788,Cool roof,426954.49919357605,1.0,2.342169954617604e-06,1274740151.5485575,False
2986,+87367+19340,17.373866751463797,78.48356058056996,built_up,Medium,39.49405,0.27223524,Cool roof,427103.9859357997,1.0,2.3413501932297943e-06,1275167255.5344932,False
2987,+87357+19359,17.390934741861038,78.4745774277293,built_up,High,39.493805,0.14542589,Cool roof,427065.1313478123,1.0,2.3415632103796727e-06,1275594320.665841,False
2988,+87381+19354,17.38644316544071,78.49613699454687,built_up,Medium,39.493683,0.37724373,Cool roof,427075.35985020373,1.0,2.3415071296802258e-06,1276021396.0256913,False
2989,+87395+19387,17.416087569814863,78.50871340852379,built_up,Medium,39.49356,0.22915567,Cool roof,427007.8040745065,1.0,2.341877573332395e-06,1276448403.8297658,False
2990,+87381+19401,17.428663983791775,78.49613699454687,built_up,Medium,39.49243,0.28274974,Cool roof,426979.11011063546,1.0,2.3420349528127683e-06,1276875382.9398763,False
2991,+87345+19360,17.391833057145103,78.46379764432052,built_up,Medium,39.492096,0.2592836,Cool roof,427063.08533784345,1.0,2.3415744285388524e-06,1277302446.0252142,False
2992,+87343+19370,17.400816209985756,78.4620010137524,built_up,Medium,39.491364,0.19722603,Cool roof,427042.6195642755,1.0,2.3416866471555702e-06,1277729488.6447785,False
2993,+87412+19341,17.374765066747862,78.52398476835289,built_up,Medium,39.490692,0.23208971,Cool roof,427101.94188599556,1.0,2.3413613986024103e-06,1278156590.5866644,False
2994,+87408+19419,17.44483365890495,78.52039150721663,built_up,Medium,39.48883,0.21221758,Cool roof,426942.18816535256,1.0,2.3422374919123827e-06,1278583532.7748299,False
2995,+87328+19420,17.445731974189016,78.44852628449141,built_up,Medium,39.488678,0.18604776,Cool roof,426940.13596632547,1.0,2.342248750487291e-06,1279010472.9107962,False
2996,+87412+19416,17.442138713052756,78.52398476835289,built_up,Medium,39.486237,0.21913616,Cool roof,426948.3441435965,1.0,2.342203720231944e-06,1279437421.2549398,False
2997,+87358+19363,17.394528002997298,78.47547574301338,built_up,Medium,39.486176,0.17068765,Cool roof,427056.9466889627,1.0,2.3416080870552553e-06,1279864478.2016287,False
2998,+87333+19360,17.391833057145103,78.45301786091174,built_up,Medium,39.4859,0.18612215,Cool roof,427063.08533784345,1.0,2.3415744285388524e-06,1280291541.2869666,False
2999,+87316+19350,17.38284990430445,78.43774650108263,built_up,Medium,39.48471,0.172601,Cool roof,427083.5407951495,1.0,2.3414622772354733e-06,1280718624.8277617,False
3000,+87357+19364,17.395426318281363,78.4745774277293,built_up,Medium,39.48413,0.25634453,Cool roof,427054.9002663456,1.0,2.341619307907063e-06,1281145679.728028,False
3001,+87354+19417,17.44303702833682,78.47188248187712,built_up,Medium,39.4841,0.22284766,Cool roof,426946.29225398856,1.0,2.3422149767847243e-06,1281572626.020282,False
3002,+87348+19410,17.436748821348363,78.46649259017272,built_up,Medium,39.483856,0.2814666,Cool roof,426960.65331528033,1.0,2.3421361950689414e-06,1281999586.6735973,False
3003,+87366+19378,17.408002732258275,78.4826622652859,built_up,High,39.483795,0.16578405,Cool roof,427026.23951797804,1.0,2.341776470525061e-06,1282426612.9131153,False
3004,+87388+19391,17.419680830951123,78.50242520153533,built_up,Medium,39.483765,0.1812896,Cool roof,426999.6078621065,1.0,2.3419225254252125e-06,1282853612.5209773,False
3005,+87376+19412,17.438545451916493,78.49164541812655,built_up,Medium,39.48297,0.2493005,Cool roof,426956.55067061976,1.0,2.342158700760773e-06,1283280569.071648,False
3006,+87368+19355,17.387341480724775,78.48445889585402,built_up,Medium,39.482697,0.19458656,Cool roof,427073.3143560538,1.0,2.341518344473974e-06,1283707642.386004,False
3007,+87346+19346,17.379256643168187,78.46469595960458,built_up,Medium,39.48239,0.2616258,Cool roof,427091.72008943046,1.0,2.3414174355583527e-06,1284134734.1060934,False
3008,+87382+19416,17.442138713052756,78.49703530983093,built_up,Medium,39.48221,0.19240066,Cool roof,426948.3441435965,1.0,2.342203720231944e-06,1284561682.450237,False
3009,+87389+19382,17.41159599339454,78.50332351681939,built_up,Medium,39.48221,0.2493864,Cool roof,427018.0470190842,1.0,2.3418213983712686e-06,1284988700.497256,False
3010,+87355+19371,17.40171452526982,78.47278079716118,built_up,Medium,39.482178,0.2609131,Cool roof,427040.5724195397,1.0,2.341697872720077e-06,1285415741.0696757,False
3011,+87395+19371,17.40171452526982,78.50871340852379,built_up,Medium,39.481415,0.23565727,Cool roof,427040.5724195397,1.0,2.341697872720077e-06,1285842781.6420953,False
3012,+87381+19398,17.42596903793958,78.49613699454687,built_up,High,39.480377,0.16610624,Cool roof,426985.2605191322,1.0,2.3420012175225717e-06,1286269766.9026144,False
3013,+87346+19361,17.392731372429168,78.46469595960458,built_up,Medium,39.480072,0.25258288,Cool roof,427061.0392247119,1.0,2.3415856473711663e-06,1286696827.941839,False
3014,+87381+19373,17.40351115583795,78.49613699454687,built_up,Medium,39.477722,0.19189976,Cool roof,427036.4778205931,1.0,2.341720325869025e-06,1287123864.4196596,False
3015,+87388+19409,17.4358505060643,78.50242520153533,built_up,Medium,39.47757,0.16935104,Cool roof,426962.70448289654,1.0,2.342124943233908e-06,1287550827.1241424,False
3016,+87337+19361,17.392731372429168,78.456611122048,built_up,Medium,39.477386,0.23282295,Cool roof,427061.0392247119,1.0,2.3415856473711663e-06,1287977888.163367,False
3017,+87382+19371,17.40171452526982,78.49703530983093,built_up,High,39.477295,0.16087556,Cool roof,427040.5724195397,1.0,2.341697872720077e-06,1288404928.7357867,False
3018,+87393+19386,17.415189254530798,78.50691677795565,built_up,Medium,39.477142,0.22925606,Cool roof,427009.85286972753,1.0,2.34186633699312e-06,1288831938.5886564,False
3019,+87398+19387,17.416087569814863,78.51140835437599,built_up,High,39.47699,0.15246132,Cool roof,427007.8040745065,1.0,2.341877573332395e-06,1289258946.392731,False
3020,+87398+19407,17.43405387549617,78.51140835437599,built_up,Medium,39.476837,0.2761189,Cool roof,426966.80650869873,1.0,2.3421024415855304e-06,1289685913.1992397,False
3021,+87360+19369,17.399917894701687,78.4772723735815,built_up,Medium,39.476654,0.28238586,Cool roof,427044.66660585295,1.0,2.3416754222643517e-06,1290112957.8658457,False
3022,+87331+19362,17.393629687713233,78.4512212303436,built_up,Medium,39.476044,0.21741036,Cool roof,427058.9930084181,1.0,2.3415968668766287e-06,1290540016.858854,False
3023,+87369+19409,17.4358505060643,78.4853572111381,built_up,Medium,39.475983,0.25211298,Cool roof,426962.70448289654,1.0,2.342124943233908e-06,1290966979.5633368,False
3024,+87379+19393,17.421477461519256,78.49434036397874,built_up,Medium,39.4758,0.2320184,Cool roof,426995.50913700275,1.0,2.341945005513271e-06,1291393975.0724738,False
3025,+87343+19383,17.412494308678603,78.4620010137524,built_up,Medium,39.474884,0.18541825,Cool roof,427015.99863647495,1.0,2.341832632016476e-06,1291820991.0711102,False
3026,+87346+19362,17.393629687713233,78.46469595960458,built_up,Medium,39.474762,0.19484538,Cool roof,427058.9930084181,1.0,2.3415968668766287e-06,1292248050.0641186,False
3027,+87393+19365,17.396324633565428,78.50691677795565,built_up,Medium,39.47473,0.19865851,Cool roof,427052.85374056763,1.0,2.341630529432066e-06,1292675102.917859,False
3028,+87391+19414,17.440342082484626,78.50512014738753,built_up,Medium,39.47406,0.1771931,Cool roof,426952.4476133907,1.0,2.3421812091483994e-06,1293102055.3654726,False
3029,+87401+19345,17.378358327884122,78.51410330022817,built_up,Medium,39.473846,0.24293046,Cool roof,427093.76465508126,1.0,2.341406226821398e-06,1293529149.1301277,False
3030,+87335+19414,17.440342082484626,78.45481449147987,built_up,Medium,39.47342,0.25255466,Cool roof,426952.4476133907,1.0,2.3421812091483994e-06,1293956101.5777411,False
3031,+87386+19343,17.376561697315992,78.5006285709672,built_up,Medium,39.47284,0.19136068,Cool roof,427097.85347687715,1.0,2.3413838113661685e-06,1294383199.431218,False
3032,+87332+19378,17.408002732258275,78.45211954562768,built_up,Medium,39.471954,0.20866513,Cool roof,427026.23951797804,1.0,2.341776470525061e-06,1294810225.6707358,False
3033,+87387+19412,17.438545451916493,78.50152688625127,built_up,Medium,39.471375,0.22003898,Cool roof,426956.55067061976,1.0,2.342158700760773e-06,1295237182.2214065,False
3034,+87408+19363,17.394528002997298,78.52039150721663,built_up,High,39.470306,0.16465776,Cool roof,427056.9466889627,1.0,2.3416080870552553e-06,1295664239.1680954,False
3035,+87396+19373,17.40351115583795,78.50961172380785,built_up,Medium,39.46933,0.20411454,Cool roof,427036.4778205931,1.0,2.341720325869025e-06,1296091275.645916,False
3036,+87393+19388,17.416985885098928,78.50691677795565,built_up,Medium,39.469086,0.23092295,Cool roof,427005.7551761335,1.0,2.341888810345226e-06,1296518281.401092,False
3037,+87381+19371,17.40171452526982,78.49613699454687,built_up,High,39.468933,0.16513714,Cool roof,427040.5724195397,1.0,2.341697872720077e-06,1296945321.9735117,False
3038,+87381+19410,17.436748821348363,78.49613699454687,built_up,Medium,39.46884,0.1948404,Cool roof,426960.65331528033,1.0,2.3421361950689414e-06,1297372282.626827,False
3039,+87387+19347,17.380154958452252,78.50152688625127,built_up,Medium,39.468567,0.16892846,Cool roof,427089.6754206114,1.0,2.341428644968222e-06,1297799372.3022475,False
3040,+87390+19370,17.400816209985756,78.50422183210345,built_up,Medium,39.468567,0.22303963,Cool roof,427042.6195642755,1.0,2.3416866471555702e-06,1298226414.9218118,False
3041,+87402+19346,17.379256643168187,78.51500161551225,built_up,Medium,39.468292,0.30046004,Cool roof,427091.72008943046,1.0,2.3414174355583527e-06,1298653506.6419013,False
3042,+87317+19346,17.379256643168187,78.43864481636669,built_up,High,39.46805,0.16262822,Cool roof,427091.72008943046,1.0,2.3414174355583527e-06,1299080598.3619907,False
3043,+87378+19349,17.381951589020385,78.49344204869467,built_up,Medium,39.467773,0.33711812,Cool roof,427085.5857734706,1.0,2.341451065806767e-06,1299507683.9477642,False
3044,+87403+19376,17.406206101690145,78.51589993079631,built_up,Medium,39.467438,0.3598779,Cool roof,427030.3351484935,1.0,2.34175401064251e-06,1299934714.2829127,False
3045,+87405+19340,17.373866751463797,78.51769656136443,built_up,Medium,39.46695,0.28025958,Cool roof,427103.9859357997,1.0,2.3413501932297943e-06,1300361818.2688484,False
3046,+87400+19405,17.43225724492804,78.51320498494411,built_up,Medium,39.466736,0.24509957,Cool roof,426970.90812192473,1.0,2.3420799426326314e-06,1300788789.1769702,False
3047,+87379+19399,17.426867353223646,78.49434036397874,built_up,Medium,39.466095,0.21443436,Cool roof,426983.2104861137,1.0,2.3420124619455547e-06,1301215772.3874564,False
3048,+87354+19344,17.377460012600057,78.47188248187712,built_up,Medium,39.464905,0.17726006,Cool roof,427095.80911756353,1.0,2.3413950187573424e-06,1301642868.196574,False
3049,+87375+19380,17.409799362826405,78.49074710284248,built_up,Medium,39.46463,0.2161575,Cool roof,427022.1434748407,1.0,2.3417989331012717e-06,1302069890.3400488,False
3050,+87330+19383,17.412494308678603,78.45032291505954,built_up,Medium,39.46457,0.1716951,Cool roof,427015.99863647495,1.0,2.341832632016476e-06,1302496906.3386853,False
3051,+87370+19374,17.404409471122015,78.48625552642216,built_up,Medium,39.464264,0.29184085,Cool roof,427034.4303663836,1.0,2.3417315534534955e-06,1302923940.7690516,False
3052,+87409+19414,17.440342082484626,78.5212898225007,built_up,Medium,39.46405,0.24929062,Cool roof,426952.4476133907,1.0,2.3421812091483994e-06,1303350893.216665,False
3053,+87325+19373,17.40351115583795,78.44583133863922,built_up,Medium,39.463287,0.21373905,Cool roof,427036.4778205931,1.0,2.341720325869025e-06,1303777929.6944857,False
3054,+87358+19362,17.393629687713233,78.47547574301338,built_up,High,39.46292,0.15052302,Cool roof,427058.9930084181,1.0,2.3415968668766287e-06,1304204988.687494,False
3055,+87385+19394,17.42237577680332,78.49973025568313,built_up,Medium,39.462494,0.20626363,Cool roof,426993.45961972617,1.0,2.341956246567769e-06,1304631982.1471138,False
3056,+87319+19344,17.377460012600057,78.44044144693483,built_up,Medium,39.462097,0.2755711,Cool roof,427095.80911756353,1.0,2.3413950187573424e-06,1305059077.9562314,False
3057,+87322+19357,17.389138111292905,78.44313639278703,built_up,Medium,39.461945,0.18093728,Cool roof,427069.2230582606,1.0,2.3415407760806503e-06,1305486147.1792896,False
3058,+87382+19404,17.431358929643974,78.49703530983093,built_up,Medium,39.46167,0.25444084,Cool roof,426972.9587738207,1.0,2.342068694166947e-06,1305913120.1380634,False
3059,+87365+19358,17.39003642657697,78.48176395000183,built_up,Medium,39.46164,0.35009328,Cool roof,427067.17725461826,1.0,2.34155199289361e-06,1306340187.315318,False
3060,+87327+19403,17.43046061435991,78.44762796920735,built_up,Medium,39.46161,0.22447874,Cool roof,426975.0093225714,1.0,2.3420574463750857e-06,1306767162.3246408,False
3061,+87375+19403,17.43046061435991,78.49074710284248,built_up,High,39.461273,0.16515899,Cool roof,426975.0093225714,1.0,2.3420574463750857e-06,1307194137.3339634,False
3062,+87366+19350,17.38284990430445,78.4826622652859,built_up,Medium,39.46115,0.23303905,Cool roof,427083.5407951495,1.0,2.3414622772354733e-06,1307621220.8747585,False
3063,+87320+19342,17.375663382031927,78.44133976221889,built_up,Medium,39.46103,0.19941074,Cool roof,427099.8977330211,1.0,2.341372604647864e-06,1308048320.7724915,False
3064,+87314+19387,17.416087569814863,78.4359498705145,built_up,Medium,39.460663,0.30823946,Cool roof,427007.8040745065,1.0,2.341877573332395e-06,1308475328.576566,False
3065,+87348+19361,17.392731372429168,78.46649259017272,built_up,Medium,39.4606,0.2475323,Cool roof,427061.0392247119,1.0,2.3415856473711663e-06,1308902389.6157906,False
3066,+87352+19420,17.445731974189016,78.47008585130898,built_up,Medium,39.4606,0.30208105,Cool roof,426940.13596632547,1.0,2.342248750487291e-06,1309329329.751757,False
3067,+87318+19388,17.416985885098928,78.43954313165077,built_up,Medium,39.46054,0.26577944,Cool roof,427005.7551761335,1.0,2.341888810345226e-06,1309756335.506933,False
3068,+87388+19412,17.438545451916493,78.50242520153533,built_up,Medium,39.46048,0.24313906,Cool roof,426956.55067061976,1.0,2.342158700760773e-06,1310183292.0576036,False
3069,+87380+19349,17.381951589020385,78.49523867926281,built_up,Medium,39.459595,0.3201115,Cool roof,427085.5857734706,1.0,2.341451065806767e-06,1310610377.643377,False
3070,+87373+19362,17.393629687713233,78.48895047227435,built_up,Medium,39.459503,0.22255099,Cool roof,427058.9930084181,1.0,2.3415968668766287e-06,1311037436.6363854,False
3071,+87370+19380,17.409799362826405,78.48625552642216,built_up,Medium,39.45877,0.24456829,Cool roof,427022.1434748407,1.0,2.3417989331012717e-06,1311464458.7798603,False
3072,+87410+19393,17.421477461519256,78.52218813778477,built_up,Medium,39.458282,0.1929234,Cool roof,426995.50913700275,1.0,2.341945005513271e-06,1311891454.2889972,False
3073,+87322+19353,17.385544850156645,78.44313639278703,built_up,Medium,39.45703,0.21059866,Cool roof,427077.40524118865,1.0,2.3414959155595174e-06,1312318531.6942384,False
3074,+87403+19399,17.426867353223646,78.51589993079631,built_up,Medium,39.456512,0.24537449,Cool roof,426983.2104861137,1.0,2.3420124619455547e-06,1312745514.9047246,False
3075,+87401+19404,17.431358929643974,78.51410330022817,built_up,Medium,39.456024,0.21860023,Cool roof,426972.9587738207,1.0,2.342068694166947e-06,1313172487.8634984,False
3076,+87399+19386,17.415189254530798,78.51230666966005,built_up,Medium,39.45572,0.16832468,Cool roof,427009.85286972753,1.0,2.34186633699312e-06,1313599497.7163682,False
3077,+87343+19361,17.392731372429168,78.4620010137524,built_up,Medium,39.455597,0.17347033,Cool roof,427061.0392247119,1.0,2.3415856473711663e-06,1314026558.7555928,False
3078,+87405+19383,17.412494308678603,78.51769656136443,built_up,Medium,39.455383,0.24539731,Cool roof,427015.99863647495,1.0,2.341832632016476e-06,1314453574.7542293,False
3079,+87380+19378,17.408002732258275,78.49523867926281,built_up,Medium,39.45517,0.1926666,Cool roof,427026.23951797804,1.0,2.341776470525061e-06,1314880600.9937472,False
3080,+87390+19409,17.4358505060643,78.50422183210345,built_up,Medium,39.454895,0.18911469,Cool roof,426962.70448289654,1.0,2.342124943233908e-06,1315307563.69823,False
3081,+87379+19366,17.397222948849492,78.49434036397874,built_up,Medium,39.454407,0.2841542,Cool roof,427050.8071116288,1.0,2.3416417516302816e-06,1315734614.5053418,False
3082,+87400+19367,17.398121264133557,78.51320498494411,built_up,Medium,39.454376,0.22347938,Cool roof,427048.7603795299,1.0,2.3416529745017237e-06,1316161663.2657213,False
3083,+87398+19402,17.42956229907584,78.51140835437599,built_up,Medium,39.45398,0.18920857,Cool roof,426977.0597681764,1.0,2.3420461992570315e-06,1316588640.3254895,False
3084,+87344+19376,17.406206101690145,78.46289932903646,built_up,Medium,39.453888,0.21320693,Cool roof,427030.3351484935,1.0,2.34175401064251e-06,1317015670.660638,False
3085,+87379+19412,17.438545451916493,78.49434036397874,built_up,Medium,39.453644,0.17213875,Cool roof,426956.55067061976,1.0,2.342158700760773e-06,1317442627.2113087,False
3086,+87404+19419,17.44483365890495,78.51679824608037,built_up,Medium,39.453644,0.24758068,Cool roof,426942.18816535256,1.0,2.3422374919123827e-06,1317869569.3994741,False
3087,+87389+19392,17.42057914623519,78.50332351681939,built_up,Medium,39.452606,0.17162119,Cool roof,426997.55855112965,1.0,2.3419337651324247e-06,1318296566.9580252,False
3088,+87321+19352,17.38464653487258,78.44223807750296,built_up,Medium,39.450043,0.18367442,Cool roof,427079.4505290082,1.0,2.341484702111833e-06,1318723646.4085543,False
3089,+87403+19387,17.416087569814863,78.51589993079631,built_up,Medium,39.44992,0.16602407,Cool roof,427007.8040745065,1.0,2.341877573332395e-06,1319150654.2126288,False
3090,+87378+19393,17.421477461519256,78.49344204869467,built_up,Medium,39.449493,0.20357421,Cool roof,426995.50913700275,1.0,2.341945005513271e-06,1319577649.7217658,False
3091,+87337+19363,17.394528002997298,78.456611122048,built_up,Medium,39.44931,0.21586654,Cool roof,427056.9466889627,1.0,2.3416080870552553e-06,1320004706.6684546,False
3092,+87376+19395,17.423274092087386,78.49164541812655,built_up,Medium,39.448975,0.18721816,Cool roof,426991.4099993005,1.0,2.3419674882959313e-06,1320431698.078454,False
3093,+87320+19361,17.392731372429168,78.44133976221889,built_up,Medium,39.447662,0.33303002,Cool roof,427061.0392247119,1.0,2.3415856473711663e-06,1320858759.1176786,False
3094,+87405+19384,17.413392623962668,78.51769656136443,built_up,Medium,39.447662,0.20984752,Cool roof,427013.9501507122,1.0,2.341843866335176e-06,1321285773.0678294,False
3095,+87324+19364,17.395426318281363,78.44493302335515,built_up,Medium,39.44754,0.24062976,Cool roof,427054.9002663456,1.0,2.341619307907063e-06,1321712827.9680958,False
3096,+87386+19371,17.40171452526982,78.5006285709672,built_up,Medium,39.447113,0.27785075,Cool roof,427040.5724195397,1.0,2.341697872720077e-06,1322139868.5405154,False
3097,+87390+19413,17.439443767200558,78.50422183210345,built_up,Medium,39.445892,0.2562257,Cool roof,426954.49919357605,1.0,2.342169954617604e-06,1322566823.039709,False
3098,+87362+19364,17.395426318281363,78.47906900414964,built_up,Medium,39.44565,0.17210442,Cool roof,427054.9002663456,1.0,2.341619307907063e-06,1322993877.9399755,False
3099,+87348+19373,17.40351115583795,78.46649259017272,built_up,Medium,39.445465,0.24506365,Cool roof,427036.4778205931,1.0,2.341720325869025e-06,1323420914.4177961,False
3100,+87318+19345,17.378358327884122,78.43954313165077,built_up,Medium,39.444244,0.18690413,Cool roof,427093.76465508126,1.0,2.341406226821398e-06,1323848008.1824512,False
3101,+87389+19409,17.4358505060643,78.50332351681939,built_up,Medium,39.443512,0.18402877,Cool roof,426962.70448289654,1.0,2.342124943233908e-06,1324274970.886934,False
3102,+87400+19341,17.374765066747862,78.51320498494411,built_up,Medium,39.44339,0.25184926,Cool roof,427101.94188599556,1.0,2.3413613986024103e-06,1324702072.82882,False
3103,+87380+19399,17.426867353223646,78.49523867926281,built_up,Medium,39.443207,0.20066881,Cool roof,426983.2104861137,1.0,2.3420124619455547e-06,1325129056.0393062,False
3104,+87341+19371,17.40171452526982,78.46020438318426,built_up,Medium,39.44278,0.22352444,Cool roof,427040.5724195397,1.0,2.341697872720077e-06,1325556096.6117258,False
3105,+87407+19398,17.42596903793958,78.51949319193257,built_up,Medium,39.442596,0.19853485,Cool roof,426985.2605191322,1.0,2.3420012175225717e-06,1325983081.8722448,False
3106,+87367+19365,17.396324633565428,78.48356058056996,built_up,Medium,39.441986,0.1811773,Cool roof,427052.85374056763,1.0,2.341630529432066e-06,1326410134.7259853,False
3107,+87387+19366,17.397222948849492,78.50152688625127,built_up,Medium,39.441803,0.16673721,Cool roof,427050.8071116288,1.0,2.3416417516302816e-06,1326837185.533097,False
3108,+87389+19411,17.437647136632428,78.50332351681939,built_up,Medium,39.441742,0.22923861,Cool roof,426958.6020445212,1.0,2.3421474475778915e-06,1327264144.1351416,False
3109,+87314+19384,17.413392623962668,78.4359498705145,built_up,Medium,39.441162,0.23722883,Cool roof,427013.9501507122,1.0,2.341843866335176e-06,1327691158.0852923,False
3110,+87336+19415,17.44124039776869,78.45571280676394,built_up,Medium,39.44113,0.22895966,Cool roof,426950.395930064,1.0,2.342192464353174e-06,1328118108.4812224,False
3111,+87366+19369,17.399917894701687,78.4826622652859,built_up,Medium,39.440887,0.17707068,Cool roof,427044.66660585295,1.0,2.3416754222643517e-06,1328545153.1478283,False
3112,+87378+19412,17.438545451916493,78.49344204869467,built_up,High,39.440186,0.16502352,Cool roof,426956.55067061976,1.0,2.342158700760773e-06,1328972109.698499,False
3113,+87354+19356,17.38823979600884,78.47188248187712,built_up,Medium,39.440033,0.35769442,Cool roof,427071.26875873934,1.0,2.3415295599407763e-06,1329399180.9672577,False
3114,+87391+19388,17.416985885098928,78.50512014738753,built_up,Medium,39.438995,0.2611958,Cool roof,427005.7551761335,1.0,2.341888810345226e-06,1329826186.7224338,False
3115,+87405+19416,17.442138713052756,78.51769656136443,built_up,Medium,39.43869,0.24135451,Cool roof,426948.3441435965,1.0,2.342203720231944e-06,1330253135.0665774,False
3116,+87399+19361,17.392731372429168,78.51230666966005,built_up,Medium,39.43863,0.16951977,Cool roof,427061.0392247119,1.0,2.3415856473711663e-06,1330680196.105802,False
3117,+87339+19377,17.40710441697421,78.45840775261613,built_up,Medium,39.437744,0.19166188,Cool roof,427028.28738481377,1.0,2.3417652402470857e-06,1331107224.3931868,False
3118,+87346+19343,17.376561697315992,78.46469595960458,built_up,Medium,39.43741,0.26884088,Cool roof,427097.85347687715,1.0,2.3413838113661685e-06,1331534322.2466636,False
3119,+87405+19341,17.374765066747862,78.51769656136443,built_up,Medium,39.43695,0.2595454,Cool roof,427101.94188599556,1.0,2.3413613986024103e-06,1331961424.1885495,False
3120,+87390+19410,17.436748821348363,78.50422183210345,built_up,Medium,39.4368,0.2511966,Cool roof,426960.65331528033,1.0,2.3421361950689414e-06,1332388384.8418648,False
3121,+87315+19349,17.381951589020385,78.43684818579857,built_up,Medium,39.436523,0.17979541,Cool roof,427085.5857734706,1.0,2.341451065806767e-06,1332815470.4276383,False
3122,+87351+19362,17.393629687713233,78.46918753602492,built_up,Medium,39.435852,0.3334032,Cool roof,427058.9930084181,1.0,2.3415968668766287e-06,1333242529.4206467,False
3123,+87354+19418,17.443935343620886,78.47188248187712,built_up,Medium,39.435333,0.26079714,Cool roof,426944.24026124045,1.0,2.3422262340115322e-06,1333669473.660908,False
3124,+87365+19353,17.385544850156645,78.48176395000183,built_up,Medium,39.43509,0.3522111,Cool roof,427077.40524118865,1.0,2.3414959155595174e-06,1334096551.0661492,False
3125,+87373+19369,17.399917894701687,78.48895047227435,built_up,Medium,39.43509,0.24816653,Cool roof,427044.66660585295,1.0,2.3416754222643517e-06,1334523595.7327552,False
3126,+87381+19378,17.408002732258275,78.49613699454687,built_up,Medium,39.434845,0.21914266,Cool roof,427026.23951797804,1.0,2.341776470525061e-06,1334950621.972273,False
3127,+87344+19360,17.391833057145103,78.46289932903646,built_up,Medium,39.43454,0.3217555,Cool roof,427063.08533784345,1.0,2.3415744285388524e-06,1335377685.057611,False
3128,+87394+19392,17.42057914623519,78.50781509323971,built_up,Medium,39.43454,0.18035808,Cool roof,426997.55855112965,1.0,2.3419337651324247e-06,1335804682.616162,False
3129,+87362+19343,17.376561697315992,78.47906900414964,built_up,Medium,39.434296,0.18948863,Cool roof,427097.85347687715,1.0,2.3413838113661685e-06,1336231780.4696388,False
3130,+87337+19378,17.408002732258275,78.456611122048,built_up,High,39.434235,0.16334169,Cool roof,427026.23951797804,1.0,2.341776470525061e-06,1336658806.7091568,False
3131,+87403+19384,17.413392623962668,78.51589993079631,built_up,High,39.434113,0.15871891,Cool roof,427013.9501507122,1.0,2.341843866335176e-06,1337085820.6593075,False
3132,+87349+19414,17.440342082484626,78.46739090545678,built_up,Medium,39.433136,0.2730513,Cool roof,426952.4476133907,1.0,2.3421812091483994e-06,1337512773.106921,False
3133,+87398+19391,17.419680830951123,78.51140835437599,built_up,Medium,39.433136,0.18981129,Cool roof,426999.6078621065,1.0,2.3419225254252125e-06,1337939772.714783,False
3134,+87349+19343,17.376561697315992,78.46739090545678,built_up,Medium,39.433014,0.17255196,Cool roof,427097.85347687715,1.0,2.3413838113661685e-06,1338366870.5682597,False
3135,+87396+19383,17.412494308678603,78.50961172380785,built_up,Medium,39.432434,0.18882136,Cool roof,427015.99863647495,1.0,2.341832632016476e-06,1338793886.5668962,False
3136,+87403+19358,17.39003642657697,78.51589993079631,built_up,High,39.431763,0.15220107,Cool roof,427067.17725461826,1.0,2.34155199289361e-06,1339220953.7441509,False
3137,+87410+19367,17.398121264133557,78.52218813778477,built_up,Medium,39.431427,0.35157952,Cool roof,427048.7603795299,1.0,2.3416529745017237e-06,1339648002.5045304,False
3138,+87350+19419,17.44483365890495,78.46828922074084,built_up,Medium,39.431244,0.26566845,Cool roof,426942.18816535256,1.0,2.3422374919123827e-06,1340074944.6926959,False
3139,+87397+19369,17.399917894701687,78.51051003909191,built_up,Medium,39.43112,0.16522367,Cool roof,427044.66660585295,1.0,2.3416754222643517e-06,1340501989.3593018,False
3140,+87389+19412,17.438545451916493,78.50332351681939,built_up,Medium,39.430206,0.30159065,Cool roof,426956.55067061976,1.0,2.342158700760773e-06,1340928945.9099724,False
3141,+87396+19379,17.40890104754234,78.50961172380785,built_up,Medium,39.42856,0.17001405,Cool roof,427024.1915479869,1.0,2.3417877014764513e-06,1341355970.1015203,False
3142,+87324+19358,17.39003642657697,78.44493302335515,built_up,Medium,39.428497,0.17137308,Cool roof,427067.17725461826,1.0,2.34155199289361e-06,1341783037.278775,False
3143,+87345+19353,17.385544850156645,78.46379764432052,built_up,Medium,39.42801,0.23561941,Cool roof,427077.40524118865,1.0,2.3414959155595174e-06,1342210114.6840162,False
3144,+87400+19346,17.379256643168187,78.51320498494411,built_up,Medium,39.427643,0.22848885,Cool roof,427091.72008943046,1.0,2.3414174355583527e-06,1342637206.4041057,False
3145,+87344+19382,17.41159599339454,78.46289932903646,built_up,Medium,39.42755,0.21434945,Cool roof,427018.0470190842,1.0,2.3418213983712686e-06,1343064224.4511247,False
3146,+87321+19388,17.416985885098928,78.44223807750296,built_up,Medium,39.427155,0.23718303,Cool roof,427005.7551761335,1.0,2.341888810345226e-06,1343491230.2063007,False
3147,+87328+19362,17.393629687713233,78.44852628449141,built_up,Medium,39.427155,0.32359612,Cool roof,427058.9930084181,1.0,2.3415968668766287e-06,1343918289.199309,False
3148,+87314+19345,17.378358327884122,78.4359498705145,built_up,Medium,39.427032,0.25363165,Cool roof,427093.76465508126,1.0,2.341406226821398e-06,1344345382.9639642,False
3149,+87342+19404,17.431358929643974,78.46110269846832,built_up,Medium,39.42697,0.21301441,Cool roof,426972.9587738207,1.0,2.342068694166947e-06,1344772355.922738,False
3150,+87409+19396,17.42417240737145,78.5212898225007,built_up,Medium,39.426422,0.19258353,Cool roof,426989.3602757261,1.0,2.341978730697775e-06,1345199345.2830138,False
3151,+87349+19371,17.40171452526982,78.46739090545678,built_up,Medium,39.425995,0.2752678,Cool roof,427040.5724195397,1.0,2.341697872720077e-06,1345626385.8554335,False
3152,+87360+19361,17.392731372429168,78.4772723735815,built_up,Medium,39.425568,0.27015188,Cool roof,427061.0392247119,1.0,2.3415856473711663e-06,1346053446.894658,False
3153,+87388+19383,17.412494308678603,78.50242520153533,built_up,High,39.425507,0.16073228,Cool roof,427015.99863647495,1.0,2.341832632016476e-06,1346480462.8932946,False
3154,+87381+19341,17.374765066747862,78.49613699454687,built_up,Medium,39.424957,0.1989777,Cool roof,427101.94188599556,1.0,2.3413613986024103e-06,1346907564.8351805,False
3155,+87379+19340,17.373866751463797,78.49434036397874,built_up,Medium,39.424896,0.29695487,Cool roof,427103.9859357997,1.0,2.3413501932297943e-06,1347334668.8211162,False
3156,+87388+19342,17.375663382031927,78.50242520153533,built_up,Medium,39.424652,0.2164062,Cool roof,427099.8977330211,1.0,2.341372604647864e-06,1347761768.7188492,False
3157,+87327+19409,17.4358505060643,78.44762796920735,built_up,Medium,39.424408,0.18066262,Cool roof,426962.70448289654,1.0,2.342124943233908e-06,1348188731.423332,False
3158,+87374+19370,17.400816209985756,78.48984878755842,built_up,Medium,39.424255,0.21135361,Cool roof,427042.6195642755,1.0,2.3416866471555702e-06,1348615774.0428963,False
3159,+87384+19404,17.431358929643974,78.49883194039907,built_up,Medium,39.423798,0.2964218,Cool roof,426972.9587738207,1.0,2.342068694166947e-06,1349042747.0016701,False
3160,+87322+19364,17.395426318281363,78.44313639278703,built_up,Medium,39.42343,0.2382431,Cool roof,427054.9002663456,1.0,2.341619307907063e-06,1349469801.9019365,False
3161,+87376+19364,17.395426318281363,78.49164541812655,built_up,Medium,39.42325,0.29913798,Cool roof,427054.9002663456,1.0,2.341619307907063e-06,1349896856.802203,False
3162,+87384+19366,17.397222948849492,78.49883194039907,built_up,Medium,39.422638,0.21304841,Cool roof,427050.8071116288,1.0,2.3416417516302816e-06,1350323907.6093147,False
3163,+87387+19381,17.410697678110473,78.50152688625127,built_up,Medium,39.421844,0.22338723,Cool roof,427020.0952985397,1.0,2.3418101653995388e-06,1350750927.7046132,False
3164,+87395+19370,17.400816209985756,78.50871340852379,built_up,Medium,39.421417,0.23186126,Cool roof,427042.6195642755,1.0,2.3416866471555702e-06,1351177970.3241775,False
3165,+87398+19383,17.412494308678603,78.51140835437599,built_up,High,39.421295,0.14366376,Cool roof,427015.99863647495,1.0,2.341832632016476e-06,1351604986.322814,False
3166,+87411+19393,17.421477461519256,78.52308645306883,built_up,Medium,39.420746,0.17988312,Cool roof,426995.50913700275,1.0,2.341945005513271e-06,1352031981.831951,False
3167,+87329+19341,17.374765066747862,78.44942459977548,built_up,Medium,39.420166,0.31706038,Cool roof,427101.94188599556,1.0,2.3413613986024103e-06,1352459083.7738369,False
3168,+87402+19415,17.44124039776869,78.51500161551225,built_up,Medium,39.420013,0.35254267,Cool roof,426950.395930064,1.0,2.342192464353174e-06,1352886034.169767,False
3169,+87391+19408,17.434952190780233,78.50512014738753,built_up,Medium,39.419952,0.18795134,Cool roof,426964.7555473694,1.0,2.3421136920727768e-06,1353312998.9253142,False
3170,+87328+19402,17.42956229907584,78.44852628449141,built_up,Medium,39.41989,0.16766275,Cool roof,426977.0597681764,1.0,2.3420461992570315e-06,1353739975.9850824,False
3171,+87402+19398,17.42596903793958,78.51500161551225,built_up,Medium,39.419525,0.18355918,Cool roof,426985.2605191322,1.0,2.3420012175225717e-06,1354166961.2456014,False
3172,+87342+19375,17.40530778640608,78.46110269846832,built_up,Medium,39.419464,0.3115268,Cool roof,427032.38280901685,1.0,2.3417427817113192e-06,1354593993.6284103,False
3173,+87351+19343,17.376561697315992,78.46918753602492,built_up,Medium,39.41916,0.18806686,Cool roof,427097.85347687715,1.0,2.3413838113661685e-06,1355021091.481887,False
3174,+87382+19379,17.40890104754234,78.49703530983093,built_up,Medium,39.418854,0.19769844,Cool roof,427024.1915479869,1.0,2.3417877014764513e-06,1355448115.673435,False
3175,+87402+19355,17.387341480724775,78.51500161551225,built_up,Medium,39.41867,0.19994773,Cool roof,427073.3143560538,1.0,2.341518344473974e-06,1355875188.987791,False
3176,+87337+19377,17.40710441697421,78.456611122048,built_up,Medium,39.41812,0.20044743,Cool roof,427028.28738481377,1.0,2.3417652402470857e-06,1356302217.2751758,False
3177,+87336+19389,17.417884200382993,78.45571280676394,built_up,Medium,39.41739,0.21389526,Cool roof,427003.7061746089,1.0,2.3419000480316284e-06,1356729220.9813504,False
3178,+87316+19355,17.387341480724775,78.43774650108263,built_up,Medium,39.417267,0.20679206,Cool roof,427073.3143560538,1.0,2.341518344473974e-06,1357156294.2957065,False
3179,+87388+19365,17.396324633565428,78.50242520153533,built_up,Medium,39.41629,0.28293532,Cool roof,427052.85374056763,1.0,2.341630529432066e-06,1357583347.149447,False
3180,+87399+19368,17.399019579417622,78.51230666966005,built_up,Medium,39.41617,0.18655924,Cool roof,427046.71354427113,1.0,2.3416641980464084e-06,1358010393.8629913,False
3181,+87383+19370,17.400816209985756,78.497933625115,built_up,Medium,39.415375,0.18570253,Cool roof,427042.6195642755,1.0,2.3416866471555702e-06,1358437436.4825556,False
3182,+87411+19341,17.374765066747862,78.52308645306883,built_up,Medium,39.41513,0.22443837,Cool roof,427101.94188599556,1.0,2.3413613986024103e-06,1358864538.4244416,False
3183,+87403+19404,17.431358929643974,78.51589993079631,built_up,Medium,39.41501,0.2171596,Cool roof,426972.9587738207,1.0,2.342068694166947e-06,1359291511.3832154,False
3184,+87386+19403,17.43046061435991,78.5006285709672,built_up,Medium,39.414825,0.28328654,Cool roof,426975.0093225714,1.0,2.3420574463750857e-06,1359718486.392538,False
3185,+87384+19412,17.438545451916493,78.49883194039907,built_up,Medium,39.414764,0.22002722,Cool roof,426956.55067061976,1.0,2.342158700760773e-06,1360145442.9432087,False
3186,+87388+19370,17.400816209985756,78.50242520153533,built_up,Medium,39.414215,0.21647386,Cool roof,427042.6195642755,1.0,2.3416866471555702e-06,1360572485.562773,False
3187,+87409+19419,17.44483365890495,78.5212898225007,built_up,Medium,39.413666,0.1995947,Cool roof,426942.18816535256,1.0,2.3422374919123827e-06,1360999427.7509384,False
3188,+87329+19408,17.434952190780233,78.44942459977548,built_up,Medium,39.4133,0.1984631,Cool roof,426964.7555473694,1.0,2.3421136920727768e-06,1361426392.5064857,False
3189,+87322+19378,17.408002732258275,78.44313639278703,built_up,Medium,39.412018,0.2684062,Cool roof,427026.23951797804,1.0,2.341776470525061e-06,1361853418.7460036,False
3190,+87344+19365,17.396324633565428,78.46289932903646,built_up,Medium,39.41159,0.21813586,Cool roof,427052.85374056763,1.0,2.341630529432066e-06,1362280471.599744,False
3191,+87347+19362,17.393629687713233,78.46559427488866,built_up,Medium,39.41104,0.24534641,Cool roof,427058.9930084181,1.0,2.3415968668766287e-06,1362707530.5927525,False
3192,+87397+19389,17.417884200382993,78.51051003909191,built_up,High,39.410553,0.16048396,Cool roof,427003.7061746089,1.0,2.3419000480316284e-06,1363134534.298927,False
3193,+87389+19397,17.425070722655516,78.50332351681939,built_up,Medium,39.410065,0.31854546,Cool roof,426987.3104490032,1.0,2.3419899737733167e-06,1363561521.609376,False
3194,+87379+19405,17.43225724492804,78.49434036397874,built_up,Medium,39.409637,0.23505972,Cool roof,426970.90812192473,1.0,2.3420799426326314e-06,1363988492.5174978,False
3195,+87322+19356,17.38823979600884,78.44313639278703,built_up,Medium,39.409363,0.19100961,Cool roof,427071.26875873934,1.0,2.3415295599407763e-06,1364415563.7862566,False
3196,+87393+19374,17.404409471122015,78.50691677795565,built_up,Medium,39.40924,0.23412234,Cool roof,427034.4303663836,1.0,2.3417315534534955e-06,1364842598.2166228,False
3197,+87352+19343,17.376561697315992,78.47008585130898,built_up,Medium,39.408966,0.23641664,Cool roof,427097.85347687715,1.0,2.3413838113661685e-06,1365269696.0700996,False
3198,+87370+19371,17.40171452526982,78.48625552642216,built_up,Medium,39.408813,0.19225311,Cool roof,427040.5724195397,1.0,2.341697872720077e-06,1365696736.6425192,False
3199,+87356+19414,17.440342082484626,78.47367911244524,built_up,Medium,39.40866,0.25178626,Cool roof,426952.4476133907,1.0,2.3421812091483994e-06,1366123689.0901327,False
3200,+87380+19405,17.43225724492804,78.49523867926281,built_up,Medium,39.408234,0.22835812,Cool roof,426970.90812192473,1.0,2.3420799426326314e-06,1366550659.9982545,False
3201,+87412+19421,17.44663028947308,78.52398476835289,built_up,Medium,39.40741,0.26454896,Cool roof,426938.0836641594,1.0,2.3422600097362737e-06,1366977598.0819187,False
3202,+87410+19399,17.426867353223646,78.52218813778477,built_up,Medium,39.407227,0.23914376,Cool roof,426983.2104861137,1.0,2.3420124619455547e-06,1367404581.292405,False
3203,+87404+19384,17.413392623962668,78.51679824608037,built_up,High,39.40555,0.1490028,Cool roof,427013.9501507122,1.0,2.341843866335176e-06,1367831595.2425556,False
3204,+87377+19412,17.438545451916493,78.49254373341061,built_up,Medium,39.405273,0.24107909,Cool roof,426956.55067061976,1.0,2.342158700760773e-06,1368258551.7932262,False
3205,+87341+19384,17.413392623962668,78.46020438318426,built_up,Medium,39.404907,0.25905696,Cool roof,427013.9501507122,1.0,2.341843866335176e-06,1368685565.743377,False
3206,+87336+19409,17.4358505060643,78.45571280676394,built_up,Medium,39.40445,0.17353743,Cool roof,426962.70448289654,1.0,2.342124943233908e-06,1369112528.4478598,False
3207,+87383+19412,17.438545451916493,78.497933625115,built_up,Medium,39.40442,0.20140933,Cool roof,426956.55067061976,1.0,2.342158700760773e-06,1369539484.9985304,False
3208,+87379+19360,17.391833057145103,78.49434036397874,built_up,High,39.40439,0.15838316,Cool roof,427063.08533784345,1.0,2.3415744285388524e-06,1369966548.0838683,False
3209,+87385+19370,17.400816209985756,78.49973025568313,built_up,Medium,39.40323,0.27264917,Cool roof,427042.6195642755,1.0,2.3416866471555702e-06,1370393590.7034326,False
3210,+87369+19385,17.414290939246733,78.4853572111381,built_up,Medium,39.402924,0.3379037,Cool roof,427011.90156179626,1.0,2.3418551013273855e-06,1370820602.6049943,False
3211,+87404+19415,17.44124039776869,78.51679824608037,built_up,Medium,39.40219,0.32635668,Cool roof,426950.395930064,1.0,2.342192464353174e-06,1371247553.0009243,False
3212,+87359+19364,17.395426318281363,78.47637405829744,built_up,High,39.401764,0.15794103,Cool roof,427054.9002663456,1.0,2.341619307907063e-06,1371674607.9011908,False
3213,+87346+19393,17.421477461519256,78.46469595960458,built_up,Medium,39.40164,0.20999068,Cool roof,426995.50913700275,1.0,2.341945005513271e-06,1372101603.4103277,False
3214,+87412+19417,17.44303702833682,78.52398476835289,built_up,Medium,39.40097,0.2735976,Cool roof,426946.29225398856,1.0,2.3422149767847243e-06,1372528549.7025816,False
3215,+87371+19417,17.44303702833682,78.48715384170622,built_up,Medium,39.400177,0.2706717,Cool roof,426946.29225398856,1.0,2.3422149767847243e-06,1372955495.9948356,False
3216,+87401+19389,17.417884200382993,78.51410330022817,built_up,Medium,39.400055,0.1645366,Cool roof,427003.7061746089,1.0,2.3419000480316284e-06,1373382499.7010102,False
3217,+87392+19407,17.43405387549617,78.50601846267159,built_up,Medium,39.39972,0.24578743,Cool roof,426966.80650869873,1.0,2.3421024415855304e-06,1373809466.507519,False
3218,+87411+19404,17.431358929643974,78.52308645306883,built_up,Medium,39.398712,0.34871545,Cool roof,426972.9587738207,1.0,2.342068694166947e-06,1374236439.4662929,False
3219,+87395+19372,17.402612840553886,78.50871340852379,built_up,Medium,39.39804,0.25749272,Cool roof,427038.5251716453,1.0,2.3417090989578906e-06,1374663477.9914646,False
3220,+87319+19343,17.376561697315992,78.44044144693483,built_up,Medium,39.39792,0.27783564,Cool roof,427097.85347687715,1.0,2.3413838113661685e-06,1375090575.8449414,False
3221,+87412+19359,17.390934741861038,78.52398476835289,built_up,Medium,39.397125,0.3112869,Cool roof,427065.1313478123,1.0,2.3415632103796727e-06,1375517640.9762893,False
3222,+87354+19358,17.39003642657697,78.47188248187712,built_up,Medium,39.397003,0.21843691,Cool roof,427067.17725461826,1.0,2.34155199289361e-06,1375944708.153544,False
3223,+87390+19358,17.39003642657697,78.50422183210345,built_up,High,39.396973,0.16188203,Cool roof,427067.17725461826,1.0,2.34155199289361e-06,1376371775.3307986,False
3224,+87337+19379,17.40890104754234,78.456611122048,built_up,Medium,39.396088,0.20731725,Cool roof,427024.1915479869,1.0,2.3417877014764513e-06,1376798799.5223465,False
3225,+87339+19340,17.373866751463797,78.45840775261613,built_up,Medium,39.396057,0.2667589,Cool roof,427103.9859357997,1.0,2.3413501932297943e-06,1377225903.5082822,False
3226,+87333+19352,17.38464653487258,78.45301786091174,built_up,Medium,39.395996,0.29232505,Cool roof,427079.4505290082,1.0,2.341484702111833e-06,1377652982.9588113,False
3227,+87350+19415,17.44124039776869,78.46828922074084,built_up,Medium,39.3956,0.2564646,Cool roof,426950.395930064,1.0,2.342192464353174e-06,1378079933.3547413,False
3228,+87349+19364,17.395426318281363,78.46739090545678,built_up,Medium,39.395172,0.21242605,Cool roof,427054.9002663456,1.0,2.341619307907063e-06,1378506988.2550077,False
3229,+87391+19383,17.412494308678603,78.50512014738753,built_up,Medium,39.39514,0.17703095,Cool roof,427015.99863647495,1.0,2.341832632016476e-06,1378934004.2536442,False
3230,+87337+19409,17.4358505060643,78.456611122048,built_up,Medium,39.394684,0.17804612,Cool roof,426962.70448289654,1.0,2.342124943233908e-06,1379360966.958127,False
3231,+87404+19405,17.43225724492804,78.51679824608037,built_up,Medium,39.39447,0.23553038,Cool roof,426970.90812192473,1.0,2.3420799426326314e-06,1379787937.8662488,False
3232,+87387+19396,17.42417240737145,78.50152688625127,built_up,Medium,39.394135,0.26561236,Cool roof,426989.3602757261,1.0,2.341978730697775e-06,1380214927.2265246,False
3233,+87343+19382,17.41159599339454,78.4620010137524,built_up,Medium,39.394012,0.18542269,Cool roof,427018.0470190842,1.0,2.3418213983712686e-06,1380641945.2735436,False
3234,+87393+19408,17.434952190780233,78.50691677795565,built_up,Medium,39.393707,0.27068657,Cool roof,426964.7555473694,1.0,2.3421136920727768e-06,1381068910.029091,False
3235,+87370+19410,17.436748821348363,78.48625552642216,built_up,Medium,39.39337,0.17952673,Cool roof,426960.65331528033,1.0,2.3421361950689414e-06,1381495870.6824062,False
3236,+87397+19390,17.418782515667058,78.51051003909191,built_up,High,39.392944,0.15823758,Cool roof,427001.65706993314,1.0,2.341911286391619e-06,1381922872.339476,False
3237,+87385+19397,17.425070722655516,78.49973025568313,built_up,Medium,39.392548,0.24128105,Cool roof,426987.3104490032,1.0,2.3419899737733167e-06,1382349859.649925,False
3238,+87399+19367,17.398121264133557,78.51230666966005,built_up,Medium,39.39212,0.19108869,Cool roof,427048.7603795299,1.0,2.3416529745017237e-06,1382776908.4103045,False
3239,+87339+19416,17.442138713052756,78.45840775261613,built_up,Medium,39.391754,0.25278845,Cool roof,426948.3441435965,1.0,2.342203720231944e-06,1383203856.7544482,False
3240,+87399+19418,17.443935343620886,78.51230666966005,built_up,Medium,39.39157,0.2327331,Cool roof,426944.24026124045,1.0,2.3422262340115322e-06,1383630800.9947095,False
3241,+87405+19399,17.426867353223646,78.51769656136443,built_up,Medium,39.391144,0.1986953,Cool roof,426983.2104861137,1.0,2.3420124619455547e-06,1384057784.2051957,False
3242,+87316+19340,17.373866751463797,78.43774650108263,built_up,Medium,39.389923,0.2780501,Cool roof,427103.9859357997,1.0,2.3413501932297943e-06,1384484888.1911314,False
3243,+87363+19379,17.40890104754234,78.4799673194337,built_up,Medium,39.389923,0.35054094,Cool roof,427024.1915479869,1.0,2.3417877014764513e-06,1384911912.3826792,False
3244,+87388+19411,17.437647136632428,78.50242520153533,built_up,Medium,39.389862,0.19741833,Cool roof,426958.6020445212,1.0,2.3421474475778915e-06,1385338870.9847238,False
3245,+87402+19404,17.431358929643974,78.51500161551225,built_up,Medium,39.389862,0.23063532,Cool roof,426972.9587738207,1.0,2.342068694166947e-06,1385765843.9434977,False
3246,+87357+19365,17.396324633565428,78.4745774277293,built_up,Medium,39.38971,0.32115135,Cool roof,427052.85374056763,1.0,2.341630529432066e-06,1386192896.797238,False
3247,+87385+19350,17.38284990430445,78.49973025568313,built_up,Medium,39.389618,0.21573944,Cool roof,427083.5407951495,1.0,2.3414622772354733e-06,1386619980.3380332,False
3248,+87371+19371,17.40171452526982,78.48715384170622,built_up,Medium,39.389374,0.18015616,Cool roof,427040.5724195397,1.0,2.341697872720077e-06,1387047020.9104528,False
3249,+87359+19365,17.396324633565428,78.47637405829744,built_up,Medium,39.38913,0.17567556,Cool roof,427052.85374056763,1.0,2.341630529432066e-06,1387474073.7641933,False
3250,+87328+19409,17.4358505060643,78.44852628449141,built_up,Medium,39.388397,0.18692225,Cool roof,426962.70448289654,1.0,2.342124943233908e-06,1387901036.468676,False
3251,+87352+19363,17.394528002997298,78.47008585130898,built_up,Medium,39.387573,0.24399489,Cool roof,427056.9466889627,1.0,2.3416080870552553e-06,1388328093.415365,False
3252,+87398+19341,17.374765066747862,78.51140835437599,built_up,Medium,39.386597,0.2374236,Cool roof,427101.94188599556,1.0,2.3413613986024103e-06,1388755195.357251,False
3253,+87341+19412,17.438545451916493,78.46020438318426,built_up,Medium,39.386322,0.25498575,Cool roof,426956.55067061976,1.0,2.342158700760773e-06,1389182151.9079216,False
3254,+87336+19346,17.379256643168187,78.45571280676394,built_up,Medium,39.385956,0.32021138,Cool roof,427091.72008943046,1.0,2.3414174355583527e-06,1389609243.628011,False
3255,+87403+19355,17.387341480724775,78.51589993079631,built_up,Medium,39.38559,0.21638618,Cool roof,427073.3143560538,1.0,2.341518344473974e-06,1390036316.942367,False
3256,+87413+19384,17.413392623962668,78.52488308363696,built_up,Medium,39.384155,0.35436368,Cool roof,427013.9501507122,1.0,2.341843866335176e-06,1390463330.8925178,False
3257,+87353+19411,17.437647136632428,78.47098416659304,built_up,Medium,39.38388,0.37114906,Cool roof,426958.6020445212,1.0,2.3421474475778915e-06,1390890289.4945624,False
3258,+87396+19370,17.400816209985756,78.50961172380785,built_up,Medium,39.383728,0.24279967,Cool roof,427042.6195642755,1.0,2.3416866471555702e-06,1391317332.1141267,False
3259,+87347+19415,17.44124039776869,78.46559427488866,built_up,Medium,39.38199,0.32912344,Cool roof,426950.395930064,1.0,2.342192464353174e-06,1391744282.5100567,False
3260,+87371+19384,17.413392623962668,78.48715384170622,built_up,Medium,39.380768,0.26176435,Cool roof,427013.9501507122,1.0,2.341843866335176e-06,1392171296.4602075,False
3261,+87410+19356,17.38823979600884,78.52218813778477,built_up,Medium,39.378998,0.3790582,Cool roof,427071.26875873934,1.0,2.3415295599407763e-06,1392598367.7289662,False
3262,+87409+19413,17.439443767200558,78.5212898225007,built_up,Medium,39.378845,0.2649477,Cool roof,426954.49919357605,1.0,2.342169954617604e-06,1393025322.22816,False
3263,+87327+19405,17.43225724492804,78.44762796920735,built_up,High,39.378418,0.14635819,Cool roof,426970.90812192473,1.0,2.3420799426326314e-06,1393452293.1362817,False
3264,+87387+19371,17.40171452526982,78.50152688625127,built_up,Medium,39.378296,0.24119115,Cool roof,427040.5724195397,1.0,2.341697872720077e-06,1393879333.7087014,False
3265,+87359+19363,17.394528002997298,78.47637405829744,built_up,Medium,39.377502,0.16141269,Cool roof,427056.9466889627,1.0,2.3416080870552553e-06,1394306390.6553903,False
3266,+87335+19408,17.434952190780233,78.45481449147987,built_up,Medium,39.376617,0.1847556,Cool roof,426964.7555473694,1.0,2.3421136920727768e-06,1394733355.4109375,False
3267,+87379+19398,17.42596903793958,78.49434036397874,built_up,Medium,39.376373,0.1799643,Cool roof,426985.2605191322,1.0,2.3420012175225717e-06,1395160340.6714566,False
3268,+87325+19405,17.43225724492804,78.44583133863922,built_up,Medium,39.37607,0.19445628,Cool roof,426970.90812192473,1.0,2.3420799426326314e-06,1395587311.5795784,False
3269,+87398+19403,17.43046061435991,78.51140835437599,built_up,Medium,39.375946,0.21184224,Cool roof,426975.0093225714,1.0,2.3420574463750857e-06,1396014286.588901,False
3270,+87331+19351,17.383748219588515,78.4512212303436,built_up,Medium,39.375824,0.23189917,Cool roof,427081.4957136619,1.0,2.341473489337157e-06,1396441368.0846148,False
3271,+87391+19362,17.393629687713233,78.50512014738753,built_up,Medium,39.37509,0.18107973,Cool roof,427058.9930084181,1.0,2.3415968668766287e-06,1396868427.0776231,False
3272,+87346+19392,17.42057914623519,78.46469595960458,built_up,Medium,39.37448,0.16055962,Cool roof,426997.55855112965,1.0,2.3419337651324247e-06,1397295424.6361742,False
3273,+87348+19384,17.413392623962668,78.46649259017272,built_up,Medium,39.37442,0.17580913,Cool roof,427013.9501507122,1.0,2.341843866335176e-06,1397722438.586325,False
3274,+87408+19393,17.421477461519256,78.52039150721663,built_up,Medium,39.374115,0.2070815,Cool roof,426995.50913700275,1.0,2.341945005513271e-06,1398149434.0954618,False
3275,+87408+19404,17.431358929643974,78.52039150721663,built_up,Medium,39.373657,0.3165135,Cool roof,426972.9587738207,1.0,2.342068694166947e-06,1398576407.0542357,False
3276,+87391+19371,17.40171452526982,78.50512014738753,built_up,Medium,39.373505,0.21943425,Cool roof,427040.5724195397,1.0,2.341697872720077e-06,1399003447.6266553,False
3277,+87395+19412,17.438545451916493,78.50871340852379,built_up,Medium,39.373505,0.35907754,Cool roof,426956.55067061976,1.0,2.342158700760773e-06,1399430404.177326,False
3278,+87385+19389,17.417884200382993,78.49973025568313,built_up,Medium,39.37314,0.18180044,Cool roof,427003.7061746089,1.0,2.3419000480316284e-06,1399857407.8835006,False
3279,+87387+19410,17.436748821348363,78.50152688625127,built_up,Medium,39.372833,0.1947599,Cool roof,426960.65331528033,1.0,2.3421361950689414e-06,1400284368.536816,False
3280,+87345+19377,17.40710441697421,78.46379764432052,built_up,Medium,39.371185,0.25846997,Cool roof,427028.28738481377,1.0,2.3417652402470857e-06,1400711396.8242006,False
3281,+87396+19387,17.416087569814863,78.50961172380785,built_up,Medium,39.371185,0.2499553,Cool roof,427007.8040745065,1.0,2.341877573332395e-06,1401138404.6282752,False
3282,+87387+19341,17.374765066747862,78.50152688625127,built_up,Medium,39.37088,0.3111855,Cool roof,427101.94188599556,1.0,2.3413613986024103e-06,1401565506.570161,False
3283,+87322+19379,17.40890104754234,78.44313639278703,built_up,Medium,39.368958,0.19974005,Cool roof,427024.1915479869,1.0,2.3417877014764513e-06,1401992530.761709,False
3284,+87333+19396,17.42417240737145,78.45301786091174,built_up,Medium,39.36734,0.18969288,Cool roof,426989.3602757261,1.0,2.341978730697775e-06,1402419520.1219847,False
3285,+87373+19400,17.42776566850771,78.48895047227435,built_up,Medium,39.36734,0.3045277,Cool roof,426981.160349948,1.0,2.3420237070422817e-06,1402846501.2823346,False
3286,+87395+19413,17.439443767200558,78.50871340852379,built_up,Medium,39.367035,0.33164236,Cool roof,426954.49919357605,1.0,2.342169954617604e-06,1403273455.7815282,False
3287,+87380+19416,17.442138713052756,78.49523867926281,built_up,Medium,39.366974,0.23723523,Cool roof,426948.3441435965,1.0,2.342203720231944e-06,1403700404.1256719,False
3288,+87317+19354,17.38644316544071,78.43864481636669,built_up,Medium,39.365326,0.23104873,Cool roof,427075.35985020373,1.0,2.3415071296802258e-06,1404127479.485522,False
3289,+87364+19376,17.406206101690145,78.48086563471776,built_up,Medium,39.36508,0.20749946,Cool roof,427030.3351484935,1.0,2.34175401064251e-06,1404554509.8206706,False
3290,+87356+19353,17.385544850156645,78.47367911244524,built_up,Medium,39.364838,0.23962292,Cool roof,427077.40524118865,1.0,2.3414959155595174e-06,1404981587.2259119,False
3291,+87385+19411,17.437647136632428,78.49973025568313,built_up,Medium,39.364838,0.17733668,Cool roof,426958.6020445212,1.0,2.3421474475778915e-06,1405408545.8279564,False
3292,+87366+19340,17.373866751463797,78.4826622652859,built_up,Medium,39.364716,0.2753267,Cool roof,427103.9859357997,1.0,2.3413501932297943e-06,1405835649.8138921,False
3293,+87345+19374,17.404409471122015,78.46379764432052,built_up,Medium,39.364105,0.22961535,Cool roof,427034.4303663836,1.0,2.3417315534534955e-06,1406262684.2442584,False
3294,+87393+19355,17.387341480724775,78.50691677795565,built_up,Medium,39.363617,0.30674645,Cool roof,427073.3143560538,1.0,2.341518344473974e-06,1406689757.5586145,False
3295,+87336+19377,17.40710441697421,78.45571280676394,built_up,Medium,39.363403,0.16613655,Cool roof,427028.28738481377,1.0,2.3417652402470857e-06,1407116785.8459992,False
3296,+87406+19342,17.375663382031927,78.5185948766485,built_up,Medium,39.36252,0.26117456,Cool roof,427099.8977330211,1.0,2.341372604647864e-06,1407543885.7437322,False
3297,+87352+19419,17.44483365890495,78.47008585130898,built_up,Medium,39.362366,0.24129814,Cool roof,426942.18816535256,1.0,2.3422374919123827e-06,1407970827.9318976,False
3298,+87345+19406,17.433155560212104,78.46379764432052,built_up,Medium,39.36203,0.3443106,Cool roof,426968.857366884,1.0,2.3420911917721534e-06,1408397796.7892644,False
3299,+87396+19371,17.40171452526982,78.50961172380785,built_up,Medium,39.36087,0.22260544,Cool roof,427040.5724195397,1.0,2.341697872720077e-06,1408824837.361684,False
3300,+87374+19396,17.42417240737145,78.48984878755842,built_up,Medium,39.360687,0.16960262,Cool roof,426989.3602757261,1.0,2.341978730697775e-06,1409251826.7219598,False
3301,+87347+19414,17.440342082484626,78.46559427488866,built_up,Medium,39.359467,0.33496174,Cool roof,426952.4476133907,1.0,2.3421812091483994e-06,1409678779.1695733,False
3302,+87337+19412,17.438545451916493,78.456611122048,built_up,Medium,39.35904,0.23916599,Cool roof,426956.55067061976,1.0,2.342158700760773e-06,1410105735.720244,False
3303,+87383+19414,17.440342082484626,78.497933625115,built_up,Medium,39.358795,0.31268603,Cool roof,426952.4476133907,1.0,2.3421812091483994e-06,1410532688.1678574,False
3304,+87333+19397,17.425070722655516,78.45301786091174,built_up,Medium,39.358643,0.1897013,Cool roof,426987.3104490032,1.0,2.3419899737733167e-06,1410959675.4783063,False
3305,+87411+19391,17.419680830951123,78.52308645306883,built_up,Medium,39.358368,0.1983687,Cool roof,426999.6078621065,1.0,2.3419225254252125e-06,1411386675.0861683,False
3306,+87383+19400,17.42776566850771,78.497933625115,built_up,Medium,39.358,0.22331099,Cool roof,426981.160349948,1.0,2.3420237070422817e-06,1411813656.2465181,False
3307,+87357+19360,17.391833057145103,78.4745774277293,built_up,Medium,39.356415,0.17981066,Cool roof,427063.08533784345,1.0,2.3415744285388524e-06,1412240719.331856,False
3308,+87380+19412,17.438545451916493,78.49523867926281,built_up,Medium,39.35617,0.22590254,Cool roof,426956.55067061976,1.0,2.342158700760773e-06,1412667675.8825266,False
3309,+87383+19395,17.423274092087386,78.497933625115,built_up,Medium,39.355255,0.23133796,Cool roof,426991.4099993005,1.0,2.3419674882959313e-06,1413094667.292526,False
3310,+87412+19393,17.421477461519256,78.52398476835289,built_up,Medium,39.35492,0.20424423,Cool roof,426995.50913700275,1.0,2.341945005513271e-06,1413521662.801663,False
3311,+87368+19372,17.402612840553886,78.48445889585402,built_up,Medium,39.354095,0.20402609,Cool roof,427038.5251716453,1.0,2.3417090989578906e-06,1413948701.3268347,False
3312,+87343+19403,17.43046061435991,78.4620010137524,built_up,Medium,39.352814,0.22001922,Cool roof,426975.0093225714,1.0,2.3420574463750857e-06,1414375676.3361573,False
3313,+87396+19392,17.42057914623519,78.50961172380785,built_up,Medium,39.352753,0.16848913,Cool roof,426997.55855112965,1.0,2.3419337651324247e-06,1414802673.8947084,False
3314,+87322+19413,17.439443767200558,78.44313639278703,built_up,Medium,39.35254,0.25006267,Cool roof,426954.49919357605,1.0,2.342169954617604e-06,1415229628.393902,False
3315,+87401+19348,17.38105327373632,78.51410330022817,built_up,Medium,39.35208,0.268914,Cool roof,427087.63064862473,1.0,2.3414398550510214e-06,1415656716.0245507,False
3316,+87388+19395,17.423274092087386,78.50242520153533,built_up,Medium,39.351837,0.20958607,Cool roof,426991.4099993005,1.0,2.3419674882959313e-06,1416083707.43455,False
3317,+87389+19369,17.399917894701687,78.50332351681939,built_up,Medium,39.351837,0.18069108,Cool roof,427044.66660585295,1.0,2.3416754222643517e-06,1416510752.101156,False
3318,+87391+19361,17.392731372429168,78.50512014738753,built_up,Medium,39.351807,0.18265687,Cool roof,427061.0392247119,1.0,2.3415856473711663e-06,1416937813.1403806,False
3319,+87382+19399,17.426867353223646,78.49703530983093,built_up,Medium,39.35132,0.27930525,Cool roof,426983.2104861137,1.0,2.3420124619455547e-06,1417364796.3508668,False
3320,+87343+19355,17.387341480724775,78.4620010137524,built_up,High,39.350677,0.14915186,Cool roof,427073.3143560538,1.0,2.341518344473974e-06,1417791869.665223,False
3321,+87346+19419,17.44483365890495,78.46469595960458,built_up,Medium,39.349274,0.1888408,Cool roof,426942.18816535256,1.0,2.3422374919123827e-06,1418218811.8533883,False
3322,+87322+19406,17.433155560212104,78.44313639278703,built_up,Medium,39.348846,0.16454543,Cool roof,426968.857366884,1.0,2.3420911917721534e-06,1418645780.710755,False
3323,+87362+19360,17.391833057145103,78.47906900414964,built_up,Medium,39.34848,0.27948892,Cool roof,427063.08533784345,1.0,2.3415744285388524e-06,1419072843.796093,False
3324,+87400+19369,17.399917894701687,78.51320498494411,built_up,Medium,39.348114,0.1778218,Cool roof,427044.66660585295,1.0,2.3416754222643517e-06,1419499888.462699,False
3325,+87399+19383,17.412494308678603,78.51230666966005,built_up,Medium,39.348083,0.16942583,Cool roof,427015.99863647495,1.0,2.341832632016476e-06,1419926904.4613354,False
3326,+87411+19420,17.445731974189016,78.52308645306883,built_up,Medium,39.34787,0.20067474,Cool roof,426940.13596632547,1.0,2.342248750487291e-06,1420353844.5973017,False
3327,+87372+19363,17.394528002997298,78.48805215699028,built_up,Medium,39.346252,0.2387985,Cool roof,427056.9466889627,1.0,2.3416080870552553e-06,1420780901.5439906,False
3328,+87371+19366,17.397222948849492,78.48715384170622,built_up,High,39.34543,0.14742205,Cool roof,427050.8071116288,1.0,2.3416417516302816e-06,1421207952.3511024,False
3329,+87348+19345,17.378358327884122,78.46649259017272,built_up,Medium,39.345184,0.18191138,Cool roof,427093.76465508126,1.0,2.341406226821398e-06,1421635046.1157575,False
3330,+87396+19386,17.415189254530798,78.50961172380785,built_up,Medium,39.34503,0.3504941,Cool roof,427009.85286972753,1.0,2.34186633699312e-06,1422062055.9686272,False
3331,+87410+19416,17.442138713052756,78.52218813778477,built_up,Medium,39.344696,0.1824545,Cool roof,426948.3441435965,1.0,2.342203720231944e-06,1422489004.3127708,False
3332,+87375+19393,17.421477461519256,78.49074710284248,built_up,Medium,39.344513,0.1809033,Cool roof,426995.50913700275,1.0,2.341945005513271e-06,1422915999.8219078,False
3333,+87392+19368,17.399019579417622,78.50601846267159,built_up,Medium,39.343903,0.24623333,Cool roof,427046.71354427113,1.0,2.3416641980464084e-06,1423343046.5354521,False
3334,+87373+19397,17.425070722655516,78.48895047227435,built_up,Medium,39.343536,0.32342482,Cool roof,426987.3104490032,1.0,2.3419899737733167e-06,1423770033.845901,False
3335,+87344+19392,17.42057914623519,78.46289932903646,built_up,Medium,39.343475,0.17445786,Cool roof,426997.55855112965,1.0,2.3419337651324247e-06,1424197031.404452,False
3336,+87399+19401,17.428663983791775,78.51230666966005,built_up,High,39.342255,0.15246478,Cool roof,426979.11011063546,1.0,2.3420349528127683e-06,1424624010.5145626,False
3337,+87367+19367,17.398121264133557,78.48356058056996,built_up,Medium,39.34189,0.18061882,Cool roof,427048.7603795299,1.0,2.3416529745017237e-06,1425051059.2749422,False
3338,+87374+19398,17.42596903793958,78.48984878755842,built_up,Medium,39.340546,0.2689692,Cool roof,426985.2605191322,1.0,2.3420012175225717e-06,1425478044.5354612,False
3339,+87331+19379,17.40890104754234,78.4512212303436,built_up,Medium,39.339783,0.19102146,Cool roof,427024.1915479869,1.0,2.3417877014764513e-06,1425905068.727009,False
3340,+87320+19348,17.38105327373632,78.44133976221889,built_up,Medium,39.339752,0.32725886,Cool roof,427087.63064862473,1.0,2.3414398550510214e-06,1426332156.3576577,False
3341,+87317+19384,17.413392623962668,78.43864481636669,built_up,Medium,39.339325,0.21787804,Cool roof,427013.9501507122,1.0,2.341843866335176e-06,1426759170.3078084,False
3342,+87350+19372,17.402612840553886,78.46828922074084,built_up,Medium,39.339325,0.28526992,Cool roof,427038.5251716453,1.0,2.3417090989578906e-06,1427186208.8329802,False
3343,+87385+19414,17.440342082484626,78.49973025568313,built_up,Medium,39.338745,0.30129328,Cool roof,426952.4476133907,1.0,2.3421812091483994e-06,1427613161.2805936,False
3344,+87406+19400,17.42776566850771,78.5185948766485,built_up,Medium,39.3385,0.1875319,Cool roof,426981.160349948,1.0,2.3420237070422817e-06,1428040142.4409435,False
3345,+87396+19369,17.399917894701687,78.50961172380785,built_up,Medium,39.33786,0.22176588,Cool roof,427044.66660585295,1.0,2.3416754222643517e-06,1428467187.1075494,False
3346,+87386+19391,17.419680830951123,78.5006285709672,built_up,Medium,39.33783,0.26498023,Cool roof,426999.6078621065,1.0,2.3419225254252125e-06,1428894186.7154114,False
3347,+87377+19379,17.40890104754234,78.49254373341061,built_up,Medium,39.336304,0.20625545,Cool roof,427024.1915479869,1.0,2.3417877014764513e-06,1429321210.9069593,False
3348,+87379+19411,17.437647136632428,78.49434036397874,built_up,Medium,39.33603,0.22947632,Cool roof,426958.6020445212,1.0,2.3421474475778915e-06,1429748169.5090039,False
3349,+87345+19383,17.412494308678603,78.46379764432052,built_up,Medium,39.335938,0.19792593,Cool roof,427015.99863647495,1.0,2.341832632016476e-06,1430175185.5076404,False
3350,+87348+19419,17.44483365890495,78.46649259017272,built_up,Medium,39.335114,0.21160033,Cool roof,426942.18816535256,1.0,2.3422374919123827e-06,1430602127.6958058,False
3351,+87348+19385,17.414290939246733,78.46649259017272,built_up,Medium,39.334595,0.17769109,Cool roof,427011.90156179626,1.0,2.3418551013273855e-06,1431029139.5973675,False
3352,+87342+19355,17.387341480724775,78.46110269846832,built_up,Medium,39.334076,0.30583555,Cool roof,427073.3143560538,1.0,2.341518344473974e-06,1431456212.9117236,False
3353,+87350+19371,17.40171452526982,78.46828922074084,built_up,Medium,39.333282,0.2712874,Cool roof,427040.5724195397,1.0,2.341697872720077e-06,1431883253.4841433,False
3354,+87377+19394,17.42237577680332,78.49254373341061,built_up,Medium,39.33313,0.23111382,Cool roof,426993.45961972617,1.0,2.341956246567769e-06,1432310246.943763,False
3355,+87413+19415,17.44124039776869,78.52488308363696,built_up,Medium,39.33264,0.2513243,Cool roof,426950.395930064,1.0,2.342192464353174e-06,1432737197.339693,False
3356,+87315+19380,17.409799362826405,78.43684818579857,built_up,Medium,39.332306,0.2675201,Cool roof,427022.1434748407,1.0,2.3417989331012717e-06,1433164219.483168,False
3357,+87382+19402,17.42956229907584,78.49703530983093,built_up,Medium,39.332123,0.21986386,Cool roof,426977.0597681764,1.0,2.3420461992570315e-06,1433591196.542936,False
3358,+87404+19359,17.390934741861038,78.51679824608037,built_up,Medium,39.33203,0.3505946,Cool roof,427065.1313478123,1.0,2.3415632103796727e-06,1434018261.674284,False
3359,+87408+19414,17.440342082484626,78.52039150721663,built_up,Medium,39.331635,0.22100823,Cool roof,426952.4476133907,1.0,2.3421812091483994e-06,1434445214.1218975,False
3360,+87338+19378,17.408002732258275,78.45750943733206,built_up,Medium,39.33136,0.1753127,Cool roof,427026.23951797804,1.0,2.341776470525061e-06,1434872240.3614154,False
3361,+87345+19410,17.436748821348363,78.46379764432052,built_up,Medium,39.330933,0.30580935,Cool roof,426960.65331528033,1.0,2.3421361950689414e-06,1435299201.0147307,False
3362,+87389+19383,17.412494308678603,78.50332351681939,built_up,Medium,39.33087,0.20471136,Cool roof,427015.99863647495,1.0,2.341832632016476e-06,1435726217.0133672,False
3363,+87393+19364,17.395426318281363,78.50691677795565,built_up,Medium,39.33078,0.18172483,Cool roof,427054.9002663456,1.0,2.341619307907063e-06,1436153271.9136336,False
3364,+87385+19413,17.439443767200558,78.49973025568313,built_up,Medium,39.330475,0.25399342,Cool roof,426954.49919357605,1.0,2.342169954617604e-06,1436580226.4128273,False
3365,+87372+19410,17.436748821348363,78.48805215699028,built_up,Medium,39.329956,0.17521474,Cool roof,426960.65331528033,1.0,2.3421361950689414e-06,1437007187.0661426,False
3366,+87382+19354,17.38644316544071,78.49703530983093,built_up,Medium,39.329956,0.3121638,Cool roof,427075.35985020373,1.0,2.3415071296802258e-06,1437434262.4259927,False
3367,+87386+19351,17.383748219588515,78.5006285709672,built_up,Medium,39.329895,0.33967143,Cool roof,427081.4957136619,1.0,2.341473489337157e-06,1437861343.9217064,False
3368,+87359+19369,17.399917894701687,78.47637405829744,built_up,Medium,39.3291,0.2984679,Cool roof,427044.66660585295,1.0,2.3416754222643517e-06,1438288388.5883124,False
3369,+87369+19413,17.439443767200558,78.4853572111381,built_up,Medium,39.32895,0.21314137,Cool roof,426954.49919357605,1.0,2.342169954617604e-06,1438715343.087506,False
3370,+87391+19358,17.39003642657697,78.50512014738753,built_up,Medium,39.32846,0.19132784,Cool roof,427067.17725461826,1.0,2.34155199289361e-06,1439142410.2647607,False
3371,+87346+19406,17.433155560212104,78.46469595960458,built_up,Medium,39.328156,0.29503125,Cool roof,426968.857366884,1.0,2.3420911917721534e-06,1439569379.1221275,False
3372,+87332+19397,17.425070722655516,78.45211954562768,built_up,Medium,39.327667,0.20556971,Cool roof,426987.3104490032,1.0,2.3419899737733167e-06,1439996366.4325764,False
3373,+87379+19361,17.392731372429168,78.49434036397874,built_up,Medium,39.32724,0.2096703,Cool roof,427061.0392247119,1.0,2.3415856473711663e-06,1440423427.471801,False
3374,+87331+19367,17.398121264133557,78.4512212303436,built_up,Medium,39.326874,0.2664187,Cool roof,427048.7603795299,1.0,2.3416529745017237e-06,1440850476.2321806,False
3375,+87383+19404,17.431358929643974,78.497933625115,built_up,Medium,39.326477,0.26945615,Cool roof,426972.9587738207,1.0,2.342068694166947e-06,1441277449.1909544,False
3376,+87392+19391,17.419680830951123,78.50601846267159,built_up,Medium,39.326263,0.2304673,Cool roof,426999.6078621065,1.0,2.3419225254252125e-06,1441704448.7988164,False
3377,+87362+19367,17.398121264133557,78.47906900414964,built_up,Medium,39.325226,0.16641484,Cool roof,427048.7603795299,1.0,2.3416529745017237e-06,1442131497.559196,False
3378,+87399+19340,17.373866751463797,78.51230666966005,built_up,Medium,39.3248,0.27943027,Cool roof,427103.9859357997,1.0,2.3413501932297943e-06,1442558601.5451317,False
3379,+87321+19358,17.39003642657697,78.44223807750296,built_up,Medium,39.324005,0.18108082,Cool roof,427067.17725461826,1.0,2.34155199289361e-06,1442985668.7223864,False
3380,+87389+19394,17.42237577680332,78.50332351681939,built_up,Medium,39.323456,0.26072654,Cool roof,426993.45961972617,1.0,2.341956246567769e-06,1443412662.1820061,False
3381,+87403+19398,17.42596903793958,78.51589993079631,built_up,Medium,39.323395,0.16265526,Cool roof,426985.2605191322,1.0,2.3420012175225717e-06,1443839647.4425251,False
3382,+87383+19371,17.40171452526982,78.497933625115,built_up,Medium,39.32254,0.16413522,Cool roof,427040.5724195397,1.0,2.341697872720077e-06,1444266688.0149448,False
3383,+87330+19382,17.41159599339454,78.45032291505954,built_up,High,39.32141,0.1433378,Cool roof,427018.0470190842,1.0,2.3418213983712686e-06,1444693706.0619638,False
3384,+87369+19347,17.380154958452252,78.4853572111381,built_up,Medium,39.320923,0.28193682,Cool roof,427089.6754206114,1.0,2.341428644968222e-06,1445120795.7373843,False
3385,+87387+19393,17.421477461519256,78.50152688625127,built_up,Medium,39.32074,0.35207567,Cool roof,426995.50913700275,1.0,2.341945005513271e-06,1445547791.2465212,False
3386,+87327+19412,17.438545451916493,78.44762796920735,built_up,Medium,39.320312,0.1719296,Cool roof,426956.55067061976,1.0,2.342158700760773e-06,1445974747.7971919,False
3387,+87408+19392,17.42057914623519,78.52039150721663,built_up,Medium,39.32022,0.2547825,Cool roof,426997.55855112965,1.0,2.3419337651324247e-06,1446401745.355743,False
3388,+87391+19356,17.38823979600884,78.50512014738753,built_up,Medium,39.319305,0.22159837,Cool roof,427071.26875873934,1.0,2.3415295599407763e-06,1446828816.6245017,False
3389,+87318+19418,17.443935343620886,78.43954313165077,built_up,Medium,39.318756,0.30841908,Cool roof,426944.24026124045,1.0,2.3422262340115322e-06,1447255760.864763,False
3390,+87352+19360,17.391833057145103,78.47008585130898,built_up,High,39.318695,0.15590087,Cool roof,427063.08533784345,1.0,2.3415744285388524e-06,1447682823.950101,False
3391,+87382+19411,17.437647136632428,78.49703530983093,built_up,Medium,39.318268,0.2638515,Cool roof,426958.6020445212,1.0,2.3421474475778915e-06,1448109782.5521455,False
3392,+87345+19348,17.38105327373632,78.46379764432052,built_up,Medium,39.317688,0.1820875,Cool roof,427087.63064862473,1.0,2.3414398550510214e-06,1448536870.182794,False
3393,+87351+19382,17.41159599339454,78.46918753602492,built_up,Medium,39.317657,0.3083937,Cool roof,427018.0470190842,1.0,2.3418213983712686e-06,1448963888.229813,False
3394,+87410+19419,17.44483365890495,78.52218813778477,built_up,Medium,39.316986,0.17415898,Cool roof,426942.18816535256,1.0,2.3422374919123827e-06,1449390830.4179785,False
3395,+87364+19416,17.442138713052756,78.48086563471776,built_up,Medium,39.316467,0.27178445,Cool roof,426948.3441435965,1.0,2.342203720231944e-06,1449817778.7621222,False
3396,+87354+19343,17.376561697315992,78.47188248187712,built_up,High,39.31613,0.14994185,Cool roof,427097.85347687715,1.0,2.3413838113661685e-06,1450244876.615599,False
3397,+87386+19401,17.428663983791775,78.5006285709672,built_up,Medium,39.315704,0.18864198,Cool roof,426979.11011063546,1.0,2.3420349528127683e-06,1450671855.7257094,False
3398,+87344+19391,17.419680830951123,78.46289932903646,built_up,Medium,39.315308,0.16733505,Cool roof,426999.6078621065,1.0,2.3419225254252125e-06,1451098855.3335714,False
3399,+87348+19368,17.399019579417622,78.46649259017272,built_up,Medium,39.313934,0.22756357,Cool roof,427046.71354427113,1.0,2.3416641980464084e-06,1451525902.0471158,False
3400,+87396+19408,17.434952190780233,78.50961172380785,built_up,Medium,39.313385,0.32422844,Cool roof,426964.7555473694,1.0,2.3421136920727768e-06,1451952866.802663,False
3401,+87336+19373,17.40351115583795,78.45571280676394,built_up,Medium,39.3132,0.29913738,Cool roof,427036.4778205931,1.0,2.341720325869025e-06,1452379903.2804837,False
3402,+87325+19366,17.397222948849492,78.44583133863922,built_up,Medium,39.31253,0.18708839,Cool roof,427050.8071116288,1.0,2.3416417516302816e-06,1452806954.0875955,False
3403,+87382+19359,17.390934741861038,78.49703530983093,built_up,Medium,39.31253,0.22077008,Cool roof,427065.1313478123,1.0,2.3415632103796727e-06,1453234019.2189434,False
3404,+87409+19367,17.398121264133557,78.5212898225007,built_up,Medium,39.312225,0.3161691,Cool roof,427048.7603795299,1.0,2.3416529745017237e-06,1453661067.979323,False
3405,+87401+19346,17.379256643168187,78.51410330022817,built_up,Medium,39.312042,0.2353085,Cool roof,427091.72008943046,1.0,2.3414174355583527e-06,1454088159.6994123,False
3406,+87353+19343,17.376561697315992,78.47098416659304,built_up,Medium,39.311676,0.15885994,Cool roof,427097.85347687715,1.0,2.3413838113661685e-06,1454515257.552889,False
3407,+87379+19362,17.393629687713233,78.49434036397874,built_up,Medium,39.31125,0.23760368,Cool roof,427058.9930084181,1.0,2.3415968668766287e-06,1454942316.5458975,False
3408,+87396+19372,17.402612840553886,78.50961172380785,built_up,Medium,39.311188,0.260722,Cool roof,427038.5251716453,1.0,2.3417090989578906e-06,1455369355.0710692,False
3409,+87358+19361,17.392731372429168,78.47547574301338,built_up,Medium,39.311066,0.22781087,Cool roof,427061.0392247119,1.0,2.3415856473711663e-06,1455796416.1102939,False
3410,+87369+19361,17.392731372429168,78.4853572111381,built_up,Medium,39.310333,0.197535,Cool roof,427061.0392247119,1.0,2.3415856473711663e-06,1456223477.1495185,False
3411,+87380+19373,17.40351115583795,78.49523867926281,built_up,Medium,39.309357,0.19871297,Cool roof,427036.4778205931,1.0,2.341720325869025e-06,1456650513.6273391,False
3412,+87331+19375,17.40530778640608,78.4512212303436,built_up,Medium,39.309296,0.22923286,Cool roof,427032.38280901685,1.0,2.3417427817113192e-06,1457077546.010148,False
3413,+87320+19362,17.393629687713233,78.44133976221889,built_up,Medium,39.308746,0.25493345,Cool roof,427058.9930084181,1.0,2.3415968668766287e-06,1457504605.0031564,False
3414,+87373+19366,17.397222948849492,78.48895047227435,built_up,Medium,39.30835,0.2975632,Cool roof,427050.8071116288,1.0,2.3416417516302816e-06,1457931655.8102682,False
3415,+87396+19391,17.419680830951123,78.50961172380785,built_up,Medium,39.30722,0.16793825,Cool roof,426999.6078621065,1.0,2.3419225254252125e-06,1458358655.4181302,False
3416,+87371+19400,17.42776566850771,78.48715384170622,built_up,Medium,39.3071,0.2605878,Cool roof,426981.160349948,1.0,2.3420237070422817e-06,1458785636.57848,False
3417,+87350+19362,17.393629687713233,78.46828922074084,built_up,Medium,39.306793,0.29659405,Cool roof,427058.9930084181,1.0,2.3415968668766287e-06,1459212695.5714884,False
3418,+87354+19370,17.400816209985756,78.47188248187712,built_up,Medium,39.30612,0.3214345,Cool roof,427042.6195642755,1.0,2.3416866471555702e-06,1459639738.1910527,False
3419,+87379+19372,17.402612840553886,78.49434036397874,built_up,Medium,39.30603,0.16640939,Cool roof,427038.5251716453,1.0,2.3417090989578906e-06,1460066776.7162244,False
3420,+87372+19364,17.395426318281363,78.48805215699028,built_up,Medium,39.305695,0.33609855,Cool roof,427054.9002663456,1.0,2.341619307907063e-06,1460493831.6164908,False
3421,+87349+19380,17.409799362826405,78.46739090545678,built_up,Medium,39.30539,0.35161564,Cool roof,427022.1434748407,1.0,2.3417989331012717e-06,1460920853.7599657,False
3422,+87399+19392,17.42057914623519,78.51230666966005,built_up,Medium,39.305267,0.19425842,Cool roof,426997.55855112965,1.0,2.3419337651324247e-06,1461347851.3185167,False
3423,+87383+19416,17.442138713052756,78.497933625115,built_up,Medium,39.305145,0.29270536,Cool roof,426948.3441435965,1.0,2.342203720231944e-06,1461774799.6626604,False
3424,+87399+19409,17.4358505060643,78.51230666966005,built_up,Medium,39.305023,0.23620686,Cool roof,426962.70448289654,1.0,2.342124943233908e-06,1462201762.3671432,False
3425,+87373+19398,17.42596903793958,78.48895047227435,built_up,Medium,39.30493,0.29552105,Cool roof,426985.2605191322,1.0,2.3420012175225717e-06,1462628747.6276622,False
3426,+87374+19368,17.399019579417622,78.48984878755842,built_up,Medium,39.30484,0.2219922,Cool roof,427046.71354427113,1.0,2.3416641980464084e-06,1463055794.3412066,False
3427,+87332+19362,17.393629687713233,78.45211954562768,built_up,Medium,39.30478,0.2273989,Cool roof,427058.9930084181,1.0,2.3415968668766287e-06,1463482853.334215,False
3428,+87387+19343,17.376561697315992,78.50152688625127,built_up,Medium,39.304657,0.22011633,Cool roof,427097.85347687715,1.0,2.3413838113661685e-06,1463909951.1876917,False
3429,+87413+19365,17.396324633565428,78.52488308363696,built_up,Medium,39.304657,0.3348338,Cool roof,427052.85374056763,1.0,2.341630529432066e-06,1464337004.0414321,False
3430,+87336+19379,17.40890104754234,78.45571280676394,built_up,High,39.30432,0.14862157,Cool roof,427024.1915479869,1.0,2.3417877014764513e-06,1464764028.23298,False
3431,+87381+19411,17.437647136632428,78.49613699454687,built_up,Medium,39.30423,0.16998094,Cool roof,426958.6020445212,1.0,2.3421474475778915e-06,1465190986.8350246,False
3432,+87386+19390,17.418782515667058,78.5006285709672,built_up,Medium,39.303894,0.23937963,Cool roof,427001.65706993314,1.0,2.341911286391619e-06,1465617988.4920945,False
3433,+87378+19362,17.393629687713233,78.49344204869467,built_up,Medium,39.30371,0.19538137,Cool roof,427058.9930084181,1.0,2.3415968668766287e-06,1466045047.485103,False
3434,+87411+19340,17.373866751463797,78.52308645306883,built_up,Medium,39.30356,0.24757463,Cool roof,427103.9859357997,1.0,2.3413501932297943e-06,1466472151.4710386,False
3435,+87317+19355,17.387341480724775,78.43864481636669,built_up,Medium,39.30304,0.19633989,Cool roof,427073.3143560538,1.0,2.341518344473974e-06,1466899224.7853947,False
3436,+87364+19368,17.399019579417622,78.48086563471776,built_up,Medium,39.30185,0.20900655,Cool roof,427046.71354427113,1.0,2.3416641980464084e-06,1467326271.498939,False
3437,+87315+19347,17.380154958452252,78.43684818579857,built_up,Medium,39.300934,0.17843682,Cool roof,427089.6754206114,1.0,2.341428644968222e-06,1467753361.1743596,False
3438,+87382+19412,17.438545451916493,78.49703530983093,built_up,Medium,39.30075,0.23251164,Cool roof,426956.55067061976,1.0,2.342158700760773e-06,1468180317.7250302,False
3439,+87391+19370,17.400816209985756,78.50512014738753,built_up,Medium,39.30069,0.20428374,Cool roof,427042.6195642755,1.0,2.3416866471555702e-06,1468607360.3445945,False
3440,+87328+19404,17.431358929643974,78.44852628449141,built_up,Medium,39.300568,0.16391711,Cool roof,426972.9587738207,1.0,2.342068694166947e-06,1469034333.3033683,False
3441,+87320+19417,17.44303702833682,78.44133976221889,built_up,Medium,39.300354,0.22373936,Cool roof,426946.29225398856,1.0,2.3422149767847243e-06,1469461279.5956223,False
3442,+87319+19360,17.391833057145103,78.44044144693483,built_up,Medium,39.30014,0.3185717,Cool roof,427063.08533784345,1.0,2.3415744285388524e-06,1469888342.6809602,False
3443,+87404+19385,17.414290939246733,78.51679824608037,built_up,Medium,39.29889,0.1986436,Cool roof,427011.90156179626,1.0,2.3418551013273855e-06,1470315354.582522,False
3444,+87361+19377,17.40710441697421,78.47817068886556,built_up,Medium,39.29886,0.2351866,Cool roof,427028.28738481377,1.0,2.3417652402470857e-06,1470742382.8699067,False
3445,+87313+19420,17.445731974189016,78.43505155523043,built_up,Medium,39.298615,0.3240596,Cool roof,426940.13596632547,1.0,2.342248750487291e-06,1471169323.005873,False
3446,+87399+19404,17.431358929643974,78.51230666966005,built_up,Medium,39.298615,0.17583579,Cool roof,426972.9587738207,1.0,2.342068694166947e-06,1471596295.9646468,False
3447,+87364+19377,17.40710441697421,78.48086563471776,built_up,Medium,39.298035,0.25863028,Cool roof,427028.28738481377,1.0,2.3417652402470857e-06,1472023324.2520316,False
3448,+87379+19402,17.42956229907584,78.49434036397874,built_up,Medium,39.2977,0.20899078,Cool roof,426977.0597681764,1.0,2.3420461992570315e-06,1472450301.3117998,False
3449,+87326+19409,17.4358505060643,78.44672965392328,built_up,Medium,39.29709,0.19056179,Cool roof,426962.70448289654,1.0,2.342124943233908e-06,1472877264.0162826,False
3450,+87382+19352,17.38464653487258,78.49703530983093,built_up,Medium,39.297028,0.35524246,Cool roof,427079.4505290082,1.0,2.341484702111833e-06,1473304343.4668117,False
3451,+87377+19388,17.416985885098928,78.49254373341061,built_up,Medium,39.296997,0.30219924,Cool roof,427005.7551761335,1.0,2.341888810345226e-06,1473731349.2219877,False
3452,+87372+19411,17.437647136632428,78.48805215699028,built_up,Medium,39.29657,0.15955113,Cool roof,426958.6020445212,1.0,2.3421474475778915e-06,1474158307.8240323,False
3453,+87328+19412,17.438545451916493,78.44852628449141,built_up,Medium,39.296417,0.1899011,Cool roof,426956.55067061976,1.0,2.342158700760773e-06,1474585264.374703,False
3454,+87345+19409,17.4358505060643,78.46379764432052,built_up,Medium,39.296295,0.3037397,Cool roof,426962.70448289654,1.0,2.342124943233908e-06,1475012227.0791857,False
3455,+87319+19362,17.393629687713233,78.44044144693483,built_up,Medium,39.296173,0.22488503,Cool roof,427058.9930084181,1.0,2.3415968668766287e-06,1475439286.072194,False
3456,+87378+19360,17.391833057145103,78.49344204869467,built_up,Medium,39.296112,0.20025562,Cool roof,427063.08533784345,1.0,2.3415744285388524e-06,1475866349.157532,False
3457,+87349+19370,17.400816209985756,78.46739090545678,built_up,Medium,39.29605,0.2848244,Cool roof,427042.6195642755,1.0,2.3416866471555702e-06,1476293391.7770963,False
3458,+87379+19378,17.408002732258275,78.49434036397874,built_up,Medium,39.295563,0.20735861,Cool roof,427026.23951797804,1.0,2.341776470525061e-06,1476720418.0166142,False
3459,+87344+19389,17.417884200382993,78.46289932903646,built_up,Medium,39.29544,0.15845439,Cool roof,427003.7061746089,1.0,2.3419000480316284e-06,1477147421.7227888,False
3460,+87381+19412,17.438545451916493,78.49613699454687,built_up,Medium,39.29544,0.1781842,Cool roof,426956.55067061976,1.0,2.342158700760773e-06,1477574378.2734594,False
3461,+87411+19398,17.42596903793958,78.52308645306883,built_up,Medium,39.29532,0.20420216,Cool roof,426985.2605191322,1.0,2.3420012175225717e-06,1478001363.5339785,False
3462,+87400+19400,17.42776566850771,78.51320498494411,built_up,Medium,39.295074,0.16048712,Cool roof,426981.160349948,1.0,2.3420237070422817e-06,1478428344.6943283,False
3463,+87324+19361,17.392731372429168,78.44493302335515,built_up,Medium,39.294403,0.21042679,Cool roof,427061.0392247119,1.0,2.3415856473711663e-06,1478855405.733553,False
3464,+87391+19412,17.438545451916493,78.50512014738753,built_up,Medium,39.294342,0.28330913,Cool roof,426956.55067061976,1.0,2.342158700760773e-06,1479282362.2842236,False
3465,+87314+19376,17.406206101690145,78.4359498705145,built_up,Medium,39.293335,0.23695387,Cool roof,427030.3351484935,1.0,2.34175401064251e-06,1479709392.6193721,False
3466,+87388+19400,17.42776566850771,78.50242520153533,built_up,Medium,39.29184,0.27170703,Cool roof,426981.160349948,1.0,2.3420237070422817e-06,1480136373.779722,False
3467,+87349+19344,17.377460012600057,78.46739090545678,built_up,Medium,39.291718,0.18165468,Cool roof,427095.80911756353,1.0,2.3413950187573424e-06,1480563469.5888395,False
3468,+87379+19413,17.439443767200558,78.49434036397874,built_up,Medium,39.29129,0.16797732,Cool roof,426954.49919357605,1.0,2.342169954617604e-06,1480990424.0880332,False
3469,+87395+19364,17.395426318281363,78.50871340852379,built_up,Medium,39.290466,0.20594566,Cool roof,427054.9002663456,1.0,2.341619307907063e-06,1481417478.9882996,False
3470,+87361+19342,17.375663382031927,78.47817068886556,built_up,Medium,39.290375,0.17671189,Cool roof,427099.8977330211,1.0,2.341372604647864e-06,1481844578.8860326,False
3471,+87409+19392,17.42057914623519,78.5212898225007,built_up,Medium,39.29001,0.24092738,Cool roof,426997.55855112965,1.0,2.3419337651324247e-06,1482271576.4445837,False
3472,+87342+19374,17.404409471122015,78.46110269846832,built_up,Medium,39.28952,0.21051633,Cool roof,427034.4303663836,1.0,2.3417315534534955e-06,1482698610.87495,False
3473,+87367+19357,17.389138111292905,78.48356058056996,built_up,Medium,39.28949,0.27726403,Cool roof,427069.2230582606,1.0,2.3415407760806503e-06,1483125680.0980082,False
3474,+87361+19343,17.376561697315992,78.47817068886556,built_up,Medium,39.289154,0.2602247,Cool roof,427097.85347687715,1.0,2.3413838113661685e-06,1483552777.951485,False
3475,+87348+19363,17.394528002997298,78.46649259017272,built_up,Medium,39.28891,0.29163447,Cool roof,427056.9466889627,1.0,2.3416080870552553e-06,1483979834.8981738,False
3476,+87394+19412,17.438545451916493,78.50781509323971,built_up,Medium,39.28775,0.2833722,Cool roof,426956.55067061976,1.0,2.342158700760773e-06,1484406791.4488444,False
3477,+87406+19415,17.44124039776869,78.5185948766485,built_up,Medium,39.287598,0.22567199,Cool roof,426950.395930064,1.0,2.342192464353174e-06,1484833741.8447745,False
3478,+87391+19385,17.414290939246733,78.50512014738753,built_up,Medium,39.28665,0.2080815,Cool roof,427011.90156179626,1.0,2.3418551013273855e-06,1485260753.7463362,False
3479,+87370+19364,17.395426318281363,78.48625552642216,built_up,Medium,39.28601,0.26202747,Cool roof,427054.9002663456,1.0,2.341619307907063e-06,1485687808.6466026,False
3480,+87378+19378,17.408002732258275,78.49344204869467,built_up,Medium,39.28601,0.20255175,Cool roof,427026.23951797804,1.0,2.341776470525061e-06,1486114834.8861206,False
3481,+87339+19374,17.404409471122015,78.45840775261613,built_up,Medium,39.285522,0.2589591,Cool roof,427034.4303663836,1.0,2.3417315534534955e-06,1486541869.3164868,False
3482,+87376+19378,17.408002732258275,78.49164541812655,built_up,Medium,39.285522,0.2359572,Cool roof,427026.23951797804,1.0,2.341776470525061e-06,1486968895.5560048,False
3483,+87407+19384,17.413392623962668,78.51949319193257,built_up,Medium,39.285095,0.34494567,Cool roof,427013.9501507122,1.0,2.341843866335176e-06,1487395909.5061555,False
3484,+87392+19385,17.414290939246733,78.50601846267159,built_up,Medium,39.28424,0.18793496,Cool roof,427011.90156179626,1.0,2.3418551013273855e-06,1487822921.4077172,False
3485,+87383+19399,17.426867353223646,78.497933625115,built_up,Medium,39.28412,0.21329024,Cool roof,426983.2104861137,1.0,2.3420124619455547e-06,1488249904.6182034,False
3486,+87352+19412,17.438545451916493,78.47008585130898,built_up,Medium,39.283936,0.25395903,Cool roof,426956.55067061976,1.0,2.342158700760773e-06,1488676861.168874,False
3487,+87386+19392,17.42057914623519,78.5006285709672,built_up,Medium,39.283813,0.2821671,Cool roof,426997.55855112965,1.0,2.3419337651324247e-06,1489103858.727425,False
3488,+87334+19360,17.391833057145103,78.4539161761958,built_up,Medium,39.281494,0.20220317,Cool roof,427063.08533784345,1.0,2.3415744285388524e-06,1489530921.812763,False
3489,+87389+19398,17.42596903793958,78.50332351681939,built_up,Medium,39.28128,0.33832172,Cool roof,426985.2605191322,1.0,2.3420012175225717e-06,1489957907.073282,False
3490,+87378+19394,17.42237577680332,78.49344204869467,built_up,Medium,39.281036,0.19611974,Cool roof,426993.45961972617,1.0,2.341956246567769e-06,1490384900.5329018,False
3491,+87394+19370,17.400816209985756,78.50781509323971,built_up,Medium,39.280487,0.24940439,Cool roof,427042.6195642755,1.0,2.3416866471555702e-06,1490811943.152466,False
3492,+87344+19378,17.408002732258275,78.46289932903646,built_up,Medium,39.280365,0.34388494,Cool roof,427026.23951797804,1.0,2.341776470525061e-06,1491238969.391984,False
3493,+87360+19375,17.40530778640608,78.4772723735815,built_up,Medium,39.280365,0.2703993,Cool roof,427032.38280901685,1.0,2.3417427817113192e-06,1491666001.774793,False
3494,+87410+19413,17.439443767200558,78.52218813778477,built_up,Medium,39.28018,0.23697942,Cool roof,426954.49919357605,1.0,2.342169954617604e-06,1492092956.2739866,False
3495,+87332+19374,17.404409471122015,78.45211954562768,built_up,Medium,39.279633,0.28043976,Cool roof,427034.4303663836,1.0,2.3417315534534955e-06,1492519990.7043529,False
3496,+87382+19398,17.42596903793958,78.49703530983093,built_up,Medium,39.2789,0.22542149,Cool roof,426985.2605191322,1.0,2.3420012175225717e-06,1492946975.964872,False
3497,+87375+19402,17.42956229907584,78.49074710284248,built_up,Medium,39.27884,0.2083706,Cool roof,426977.0597681764,1.0,2.3420461992570315e-06,1493373953.02464,False
3498,+87382+19400,17.42776566850771,78.49703530983093,built_up,Medium,39.27881,0.29741463,Cool roof,426981.160349948,1.0,2.3420237070422817e-06,1493800934.18499,False
3499,+87340+19377,17.40710441697421,78.4593060679002,built_up,Medium,39.278717,0.21124683,Cool roof,427028.28738481377,1.0,2.3417652402470857e-06,1494227962.4723747,False
3500,+87375+19378,17.408002732258275,78.49074710284248,built_up,Medium,39.27823,0.22252761,Cool roof,427026.23951797804,1.0,2.341776470525061e-06,1494654988.7118926,False
3501,+87330+19379,17.40890104754234,78.45032291505954,built_up,Medium,39.2782,0.1871183,Cool roof,427024.1915479869,1.0,2.3417877014764513e-06,1495082012.9034405,False
3502,+87323+19410,17.436748821348363,78.44403470807109,built_up,Medium,39.278168,0.18137042,Cool roof,426960.65331528033,1.0,2.3421361950689414e-06,1495508973.5567558,False
3503,+87403+19350,17.38284990430445,78.51589993079631,built_up,Medium,39.277313,0.21180072,Cool roof,427083.5407951495,1.0,2.3414622772354733e-06,1495936057.0975509,False
3504,+87398+19389,17.417884200382993,78.51140835437599,built_up,Medium,39.27658,0.21224326,Cool roof,427003.7061746089,1.0,2.3419000480316284e-06,1496363060.8037255,False
3505,+87398+19340,17.373866751463797,78.51140835437599,built_up,Medium,39.27591,0.31793794,Cool roof,427103.9859357997,1.0,2.3413501932297943e-06,1496790164.7896612,False
3506,+87327+19384,17.413392623962668,78.44762796920735,built_up,Medium,39.275665,0.21774523,Cool roof,427013.9501507122,1.0,2.341843866335176e-06,1497217178.739812,False
3507,+87387+19411,17.437647136632428,78.50152688625127,built_up,Medium,39.27536,0.22747213,Cool roof,426958.6020445212,1.0,2.3421474475778915e-06,1497644137.3418565,False
3508,+87368+19367,17.398121264133557,78.48445889585402,built_up,Medium,39.275055,0.2097001,Cool roof,427048.7603795299,1.0,2.3416529745017237e-06,1498071186.102236,False
3509,+87406+19386,17.415189254530798,78.5185948766485,built_up,Medium,39.274994,0.22354592,Cool roof,427009.85286972753,1.0,2.34186633699312e-06,1498498195.9551058,False
3510,+87402+19397,17.425070722655516,78.51500161551225,built_up,Medium,39.27484,0.22146915,Cool roof,426987.3104490032,1.0,2.3419899737733167e-06,1498925183.2655547,False
3511,+87388+19401,17.428663983791775,78.50242520153533,built_up,Medium,39.274445,0.2910029,Cool roof,426979.11011063546,1.0,2.3420349528127683e-06,1499352162.3756652,False
3512,+87378+19361,17.392731372429168,78.49344204869467,built_up,Medium,39.274384,0.18092625,Cool roof,427061.0392247119,1.0,2.3415856473711663e-06,1499779223.4148898,False
3513,+87330+19353,17.385544850156645,78.45032291505954,built_up,Medium,39.274323,0.28183702,Cool roof,427077.40524118865,1.0,2.3414959155595174e-06,1500206300.820131,False
3514,+87332+19359,17.390934741861038,78.45211954562768,built_up,Medium,39.27411,0.19137736,Cool roof,427065.1313478123,1.0,2.3415632103796727e-06,1500633365.951479,False
3515,+87336+19402,17.42956229907584,78.45571280676394,built_up,Medium,39.273926,0.17388672,Cool roof,426977.0597681764,1.0,2.3420461992570315e-06,1501060343.0112472,False
3516,+87315+19379,17.40890104754234,78.43684818579857,built_up,Medium,39.2735,0.34400114,Cool roof,427024.1915479869,1.0,2.3417877014764513e-06,1501487367.202795,False
3517,+87360+19360,17.391833057145103,78.4772723735815,built_up,Medium,39.27301,0.19958344,Cool roof,427063.08533784345,1.0,2.3415744285388524e-06,1501914430.288133,False
3518,+87377+19402,17.42956229907584,78.49254373341061,built_up,Medium,39.27292,0.22016525,Cool roof,426977.0597681764,1.0,2.3420461992570315e-06,1502341407.347901,False
3519,+87336+19403,17.43046061435991,78.45571280676394,built_up,Medium,39.272858,0.17513582,Cool roof,426975.0093225714,1.0,2.3420574463750857e-06,1502768382.3572237,False
3520,+87342+19370,17.400816209985756,78.46110269846832,built_up,Medium,39.272858,0.19988771,Cool roof,427042.6195642755,1.0,2.3416866471555702e-06,1503195424.976788,False
3521,+87326+19384,17.413392623962668,78.44672965392328,built_up,Medium,39.272247,0.21959648,Cool roof,427013.9501507122,1.0,2.341843866335176e-06,1503622438.9269388,False
3522,+87390+19385,17.414290939246733,78.50422183210345,built_up,Medium,39.271698,0.16335726,Cool roof,427011.90156179626,1.0,2.3418551013273855e-06,1504049450.8285005,False
3523,+87344+19375,17.40530778640608,78.46289932903646,built_up,Medium,39.27127,0.22414544,Cool roof,427032.38280901685,1.0,2.3417427817113192e-06,1504476483.2113094,False
3524,+87351+19416,17.442138713052756,78.46918753602492,built_up,Medium,39.27127,0.17009935,Cool roof,426948.3441435965,1.0,2.342203720231944e-06,1504903431.555453,False
3525,+87359+19374,17.404409471122015,78.47637405829744,built_up,Medium,39.27112,0.19514182,Cool roof,427034.4303663836,1.0,2.3417315534534955e-06,1505330465.9858193,False
3526,+87412+19418,17.443935343620886,78.52398476835289,built_up,Medium,39.270996,0.22739196,Cool roof,426944.24026124045,1.0,2.3422262340115322e-06,1505757410.2260807,False
3527,+87409+19416,17.442138713052756,78.5212898225007,built_up,Medium,39.270844,0.2513029,Cool roof,426948.3441435965,1.0,2.342203720231944e-06,1506184358.5702243,False
3528,+87374+19361,17.392731372429168,78.48984878755842,built_up,Medium,39.269745,0.25670967,Cool roof,427061.0392247119,1.0,2.3415856473711663e-06,1506611419.609449,False
3529,+87336+19401,17.428663983791775,78.45571280676394,built_up,Medium,39.269592,0.16220565,Cool roof,426979.11011063546,1.0,2.3420349528127683e-06,1507038398.7195594,False
3530,+87410+19366,17.397222948849492,78.52218813778477,built_up,Medium,39.268463,0.24907546,Cool roof,427050.8071116288,1.0,2.3416417516302816e-06,1507465449.5266712,False
3531,+87355+19417,17.44303702833682,78.47278079716118,built_up,Medium,39.26828,0.23890549,Cool roof,426946.29225398856,1.0,2.3422149767847243e-06,1507892395.8189251,False
3532,+87346+19383,17.412494308678603,78.46469595960458,built_up,Medium,39.266876,0.20401125,Cool roof,427015.99863647495,1.0,2.341832632016476e-06,1508319411.8175616,False
3533,+87340+19374,17.404409471122015,78.4593060679002,built_up,Medium,39.26657,0.21622492,Cool roof,427034.4303663836,1.0,2.3417315534534955e-06,1508746446.247928,False
3534,+87326+19367,17.398121264133557,78.44672965392328,built_up,Medium,39.266052,0.22484444,Cool roof,427048.7603795299,1.0,2.3416529745017237e-06,1509173495.0083075,False
3535,+87342+19411,17.437647136632428,78.46110269846832,built_up,Medium,39.265717,0.28132296,Cool roof,426958.6020445212,1.0,2.3421474475778915e-06,1509600453.610352,False
3536,+87404+19406,17.433155560212104,78.51679824608037,built_up,Medium,39.26523,0.21853127,Cool roof,426968.857366884,1.0,2.3420911917721534e-06,1510027422.4677188,False
3537,+87325+19367,17.398121264133557,78.44583133863922,built_up,Medium,39.265106,0.20854114,Cool roof,427048.7603795299,1.0,2.3416529745017237e-06,1510454471.2280984,False
3538,+87378+19402,17.42956229907584,78.49344204869467,built_up,Medium,39.265045,0.2368741,Cool roof,426977.0597681764,1.0,2.3420461992570315e-06,1510881448.2878666,False
3539,+87342+19381,17.410697678110473,78.46110269846832,built_up,Medium,39.26468,0.17528997,Cool roof,427020.0952985397,1.0,2.3418101653995388e-06,1511308468.3831651,False
3540,+87397+19402,17.42956229907584,78.51051003909191,built_up,Medium,39.264557,0.25437504,Cool roof,426977.0597681764,1.0,2.3420461992570315e-06,1511735445.4429333,False
3541,+87376+19380,17.409799362826405,78.49164541812655,built_up,Medium,39.26352,0.22046366,Cool roof,427022.1434748407,1.0,2.3417989331012717e-06,1512162467.5864081,False
3542,+87367+19350,17.38284990430445,78.48356058056996,built_up,Medium,39.263214,0.28961965,Cool roof,427083.5407951495,1.0,2.3414622772354733e-06,1512589551.1272032,False
3543,+87373+19396,17.42417240737145,78.48895047227435,built_up,Medium,39.262268,0.23829484,Cool roof,426989.3602757261,1.0,2.341978730697775e-06,1513016540.487479,False
3544,+87408+19395,17.423274092087386,78.52039150721663,built_up,Medium,39.262146,0.15780888,Cool roof,426991.4099993005,1.0,2.3419674882959313e-06,1513443531.8974783,False
3545,+87357+19363,17.394528002997298,78.4745774277293,built_up,Medium,39.261444,0.22327797,Cool roof,427056.9466889627,1.0,2.3416080870552553e-06,1513870588.8441672,False
3546,+87380+19360,17.391833057145103,78.49523867926281,built_up,Medium,39.26126,0.20910312,Cool roof,427063.08533784345,1.0,2.3415744285388524e-06,1514297651.929505,False
3547,+87403+19419,17.44483365890495,78.51589993079631,built_up,Medium,39.260956,0.20590878,Cool roof,426942.18816535256,1.0,2.3422374919123827e-06,1514724594.1176705,False
3548,+87409+19368,17.399019579417622,78.5212898225007,built_up,Medium,39.26004,0.3285735,Cool roof,427046.71354427113,1.0,2.3416641980464084e-06,1515151640.831215,False
3549,+87335+19401,17.428663983791775,78.45481449147987,built_up,Medium,39.25998,0.1728776,Cool roof,426979.11011063546,1.0,2.3420349528127683e-06,1515578619.9413254,False
3550,+87380+19398,17.42596903793958,78.49523867926281,built_up,Medium,39.25882,0.19693124,Cool roof,426985.2605191322,1.0,2.3420012175225717e-06,1516005605.2018445,False
3551,+87341+19377,17.40710441697421,78.46020438318426,built_up,Medium,39.258698,0.19154422,Cool roof,427028.28738481377,1.0,2.3417652402470857e-06,1516432633.4892292,False
3552,+87353+19358,17.39003642657697,78.47098416659304,built_up,Medium,39.257416,0.21980353,Cool roof,427067.17725461826,1.0,2.34155199289361e-06,1516859700.6664839,False
3553,+87331+19420,17.445731974189016,78.4512212303436,built_up,Medium,39.257202,0.32152683,Cool roof,426940.13596632547,1.0,2.342248750487291e-06,1517286640.8024502,False
3554,+87380+19371,17.40171452526982,78.49523867926281,built_up,Medium,39.256927,0.19209898,Cool roof,427040.5724195397,1.0,2.341697872720077e-06,1517713681.3748698,False
3555,+87388+19397,17.425070722655516,78.50242520153533,built_up,Medium,39.25656,0.20209913,Cool roof,426987.3104490032,1.0,2.3419899737733167e-06,1518140668.6853187,False
3556,+87320+19358,17.39003642657697,78.44133976221889,built_up,Medium,39.2565,0.29393744,Cool roof,427067.17725461826,1.0,2.34155199289361e-06,1518567735.8625734,False
3557,+87362+19368,17.399019579417622,78.47906900414964,built_up,Medium,39.256256,0.20232208,Cool roof,427046.71354427113,1.0,2.3416641980464084e-06,1518994782.5761178,False
3558,+87386+19411,17.437647136632428,78.5006285709672,built_up,Medium,39.25592,0.28986028,Cool roof,426958.6020445212,1.0,2.3421474475778915e-06,1519421741.1781623,False
3559,+87397+19340,17.373866751463797,78.51051003909191,built_up,Medium,39.25589,0.27586493,Cool roof,427103.9859357997,1.0,2.3413501932297943e-06,1519848845.164098,False
3560,+87403+19365,17.396324633565428,78.51589993079631,built_up,Medium,39.255463,0.20110238,Cool roof,427052.85374056763,1.0,2.341630529432066e-06,1520275898.0178385,False
3561,+87377+19363,17.394528002997298,78.49254373341061,built_up,Medium,39.254974,0.17518929,Cool roof,427056.9466889627,1.0,2.3416080870552553e-06,1520702954.9645274,False
3562,+87363+19374,17.404409471122015,78.4799673194337,built_up,Medium,39.254852,0.2378762,Cool roof,427034.4303663836,1.0,2.3417315534534955e-06,1521129989.3948936,False
3563,+87404+19365,17.396324633565428,78.51679824608037,built_up,Medium,39.252472,0.2278102,Cool roof,427052.85374056763,1.0,2.341630529432066e-06,1521557042.248634,False
3564,+87398+19409,17.4358505060643,78.51140835437599,built_up,Medium,39.25226,0.20882222,Cool roof,426962.70448289654,1.0,2.342124943233908e-06,1521984004.953117,False
3565,+87337+19362,17.393629687713233,78.456611122048,built_up,Medium,39.252106,0.25978637,Cool roof,427058.9930084181,1.0,2.3415968668766287e-06,1522411063.9461253,False
3566,+87377+19400,17.42776566850771,78.49254373341061,built_up,Medium,39.25128,0.28576094,Cool roof,426981.160349948,1.0,2.3420237070422817e-06,1522838045.106475,False
3567,+87377+19378,17.408002732258275,78.49254373341061,built_up,Medium,39.25125,0.19027981,Cool roof,427026.23951797804,1.0,2.341776470525061e-06,1523265071.345993,False
3568,+87331+19363,17.394528002997298,78.4512212303436,built_up,Medium,39.251038,0.2782357,Cool roof,427056.9466889627,1.0,2.3416080870552553e-06,1523692128.292682,False
3569,+87374+19394,17.42237577680332,78.48984878755842,built_up,Medium,39.25064,0.21959984,Cool roof,426993.45961972617,1.0,2.341956246567769e-06,1524119121.7523017,False
3570,+87378+19413,17.439443767200558,78.49344204869467,built_up,Medium,39.250458,0.15179959,Cool roof,426954.49919357605,1.0,2.342169954617604e-06,1524546076.2514954,False
3571,+87352+19418,17.443935343620886,78.47008585130898,built_up,Medium,39.250183,0.26404554,Cool roof,426944.24026124045,1.0,2.3422262340115322e-06,1524973020.4917567,False
3572,+87368+19380,17.409799362826405,78.48445889585402,built_up,Medium,39.25003,0.22445388,Cool roof,427022.1434748407,1.0,2.3417989331012717e-06,1525400042.6352315,False
3573,+87365+19381,17.410697678110473,78.48176395000183,built_up,Medium,39.24948,0.35216367,Cool roof,427020.0952985397,1.0,2.3418101653995388e-06,1525827062.73053,False
3574,+87367+19356,17.38823979600884,78.48356058056996,built_up,Medium,39.2482,0.1995798,Cool roof,427071.26875873934,1.0,2.3415295599407763e-06,1526254133.9992888,False
3575,+87411+19417,17.44303702833682,78.52308645306883,built_up,Medium,39.24817,0.23763111,Cool roof,426946.29225398856,1.0,2.3422149767847243e-06,1526681080.2915428,False
3576,+87394+19415,17.44124039776869,78.50781509323971,built_up,Medium,39.24768,0.28738254,Cool roof,426950.395930064,1.0,2.342192464353174e-06,1527108030.6874728,False
3577,+87398+19343,17.376561697315992,78.51140835437599,built_up,Medium,39.246307,0.34980053,Cool roof,427097.85347687715,1.0,2.3413838113661685e-06,1527535128.5409496,False
3578,+87386+19397,17.425070722655516,78.5006285709672,built_up,Medium,39.246124,0.26572528,Cool roof,426987.3104490032,1.0,2.3419899737733167e-06,1527962115.8513985,False
3579,+87389+19363,17.394528002997298,78.50332351681939,built_up,Medium,39.24588,0.19146828,Cool roof,427056.9466889627,1.0,2.3416080870552553e-06,1528389172.7980874,False
3580,+87355+19359,17.390934741861038,78.47278079716118,built_up,Medium,39.245667,0.1935467,Cool roof,427065.1313478123,1.0,2.3415632103796727e-06,1528816237.9294353,False
3581,+87315+19361,17.392731372429168,78.43684818579857,built_up,Medium,39.245636,0.27450243,Cool roof,427061.0392247119,1.0,2.3415856473711663e-06,1529243298.9686599,False
3582,+87361+19369,17.399917894701687,78.47817068886556,built_up,Medium,39.244904,0.24013571,Cool roof,427044.66660585295,1.0,2.3416754222643517e-06,1529670343.6352658,False
3583,+87381+19340,17.373866751463797,78.49613699454687,built_up,Medium,39.24362,0.21324876,Cool roof,427103.9859357997,1.0,2.3413501932297943e-06,1530097447.6212015,False
3584,+87352+19414,17.440342082484626,78.47008585130898,built_up,Medium,39.24301,0.18613024,Cool roof,426952.4476133907,1.0,2.3421812091483994e-06,1530524400.068815,False
3585,+87321+19361,17.392731372429168,78.44223807750296,built_up,Medium,39.24231,0.2666849,Cool roof,427061.0392247119,1.0,2.3415856473711663e-06,1530951461.1080396,False
3586,+87323+19378,17.408002732258275,78.44403470807109,built_up,Medium,39.240845,0.23696087,Cool roof,427026.23951797804,1.0,2.341776470525061e-06,1531378487.3475575,False
3587,+87364+19340,17.373866751463797,78.48086563471776,built_up,Medium,39.24051,0.3625571,Cool roof,427103.9859357997,1.0,2.3413501932297943e-06,1531805591.3334932,False
3588,+87364+19367,17.398121264133557,78.48086563471776,built_up,Medium,39.24008,0.23320079,Cool roof,427048.7603795299,1.0,2.3416529745017237e-06,1532232640.0938728,False
3589,+87386+19389,17.417884200382993,78.5006285709672,built_up,Medium,39.239258,0.18368651,Cool roof,427003.7061746089,1.0,2.3419000480316284e-06,1532659643.8000474,False
3590,+87407+19415,17.44124039776869,78.51949319193257,built_up,Medium,39.238464,0.185716,Cool roof,426950.395930064,1.0,2.342192464353174e-06,1533086594.1959774,False
3591,+87396+19361,17.392731372429168,78.50961172380785,built_up,Medium,39.23819,0.2349078,Cool roof,427061.0392247119,1.0,2.3415856473711663e-06,1533513655.235202,False
3592,+87390+19414,17.440342082484626,78.50422183210345,built_up,Medium,39.236603,0.18451394,Cool roof,426952.4476133907,1.0,2.3421812091483994e-06,1533940607.6828156,False
3593,+87396+19388,17.416985885098928,78.50961172380785,built_up,Medium,39.236176,0.1938687,Cool roof,427005.7551761335,1.0,2.341888810345226e-06,1534367613.4379916,False
3594,+87408+19397,17.425070722655516,78.52039150721663,built_up,Medium,39.236084,0.21181674,Cool roof,426987.3104490032,1.0,2.3419899737733167e-06,1534794600.7484405,False
3595,+87366+19374,17.404409471122015,78.4826622652859,built_up,Medium,39.235687,0.22943638,Cool roof,427034.4303663836,1.0,2.3417315534534955e-06,1535221635.1788068,False
3596,+87331+19373,17.40351115583795,78.4512212303436,built_up,Medium,39.235626,0.21762943,Cool roof,427036.4778205931,1.0,2.341720325869025e-06,1535648671.6566274,False
3597,+87348+19344,17.377460012600057,78.46649259017272,built_up,Medium,39.235382,0.18225855,Cool roof,427095.80911756353,1.0,2.3413950187573424e-06,1536075767.465745,False
3598,+87397+19392,17.42057914623519,78.51051003909191,built_up,Medium,39.23529,0.15937187,Cool roof,426997.55855112965,1.0,2.3419337651324247e-06,1536502765.024296,False
3599,+87359+19417,17.44303702833682,78.47637405829744,built_up,Medium,39.235077,0.26140252,Cool roof,426946.29225398856,1.0,2.3422149767847243e-06,1536929711.31655,False
3600,+87397+19401,17.428663983791775,78.51051003909191,built_up,Medium,39.234344,0.31962964,Cool roof,426979.11011063546,1.0,2.3420349528127683e-06,1537356690.4266605,False
3601,+87329+19363,17.394528002997298,78.44942459977548,built_up,Medium,39.233704,0.20811969,Cool roof,427056.9466889627,1.0,2.3416080870552553e-06,1537783747.3733494,False
3602,+87352+19357,17.389138111292905,78.47008585130898,built_up,Medium,39.23239,0.30546778,Cool roof,427069.2230582606,1.0,2.3415407760806503e-06,1538210816.5964077,False
3603,+87325+19409,17.4358505060643,78.44583133863922,built_up,Medium,39.231873,0.18789633,Cool roof,426962.70448289654,1.0,2.342124943233908e-06,1538637779.3008904,False
3604,+87385+19371,17.40171452526982,78.49973025568313,built_up,Medium,39.23062,0.2677373,Cool roof,427040.5724195397,1.0,2.341697872720077e-06,1539064819.87331,False
3605,+87331+19359,17.390934741861038,78.4512212303436,built_up,Medium,39.2305,0.26468846,Cool roof,427065.1313478123,1.0,2.3415632103796727e-06,1539491885.004658,False
3606,+87342+19384,17.413392623962668,78.46110269846832,built_up,Medium,39.23044,0.272057,Cool roof,427013.9501507122,1.0,2.341843866335176e-06,1539918898.9548087,False
3607,+87397+19370,17.400816209985756,78.51051003909191,built_up,Medium,39.22995,0.27940443,Cool roof,427042.6195642755,1.0,2.3416866471555702e-06,1540345941.574373,False
3608,+87409+19420,17.445731974189016,78.5212898225007,built_up,Medium,39.229797,0.2551149,Cool roof,426940.13596632547,1.0,2.342248750487291e-06,1540772881.7103393,False
3609,+87401+19390,17.418782515667058,78.51410330022817,built_up,Medium,39.228912,0.17889026,Cool roof,427001.65706993314,1.0,2.341911286391619e-06,1541199883.3674092,False
3610,+87332+19353,17.385544850156645,78.45211954562768,built_up,Medium,39.22821,0.26334423,Cool roof,427077.40524118865,1.0,2.3414959155595174e-06,1541626960.7726505,False
3611,+87398+19401,17.428663983791775,78.51140835437599,built_up,Medium,39.22815,0.23628563,Cool roof,426979.11011063546,1.0,2.3420349528127683e-06,1542053939.882761,False
3612,+87320+19378,17.408002732258275,78.44133976221889,built_up,Medium,39.22812,0.24055186,Cool roof,427026.23951797804,1.0,2.341776470525061e-06,1542480966.122279,False
3613,+87384+19359,17.390934741861038,78.49883194039907,built_up,Medium,39.227936,0.3270447,Cool roof,427065.1313478123,1.0,2.3415632103796727e-06,1542908031.2536268,False
3614,+87398+19382,17.41159599339454,78.51140835437599,built_up,Medium,39.22754,0.17458272,Cool roof,427018.0470190842,1.0,2.3418213983712686e-06,1543335049.3006458,False
3615,+87326+19374,17.404409471122015,78.44672965392328,built_up,Medium,39.22693,0.20666088,Cool roof,427034.4303663836,1.0,2.3417315534534955e-06,1543762083.731012,False
3616,+87340+19384,17.413392623962668,78.4593060679002,built_up,Medium,39.226837,0.2969322,Cool roof,427013.9501507122,1.0,2.341843866335176e-06,1544189097.6811628,False
3617,+87343+19378,17.408002732258275,78.4620010137524,built_up,Medium,39.226654,0.3410578,Cool roof,427026.23951797804,1.0,2.341776470525061e-06,1544616123.9206808,False
3618,+87354+19359,17.390934741861038,78.47188248187712,built_up,Medium,39.22525,0.23629719,Cool roof,427065.1313478123,1.0,2.3415632103796727e-06,1545043189.0520287,False
3619,+87379+19379,17.40890104754234,78.49434036397874,built_up,Medium,39.224274,0.17462182,Cool roof,427024.1915479869,1.0,2.3417877014764513e-06,1545470213.2435765,False
3620,+87336+19349,17.381951589020385,78.45571280676394,built_up,Medium,39.223114,0.36432827,Cool roof,427085.5857734706,1.0,2.341451065806767e-06,1545897298.82935,False
3621,+87408+19365,17.396324633565428,78.52039150721663,built_up,Medium,39.222992,0.20397058,Cool roof,427052.85374056763,1.0,2.341630529432066e-06,1546324351.6830904,False
3622,+87321+19379,17.40890104754234,78.44223807750296,built_up,Medium,39.22281,0.24787268,Cool roof,427024.1915479869,1.0,2.3417877014764513e-06,1546751375.8746383,False
3623,+87343+19372,17.402612840553886,78.4620010137524,built_up,Medium,39.222687,0.18013209,Cool roof,427038.5251716453,1.0,2.3417090989578906e-06,1547178414.39981,False
3624,+87411+19418,17.443935343620886,78.52308645306883,built_up,Medium,39.222565,0.22869055,Cool roof,426944.24026124045,1.0,2.3422262340115322e-06,1547605358.6400714,False
3625,+87412+19340,17.373866751463797,78.52398476835289,built_up,Medium,39.221466,0.19546494,Cool roof,427103.9859357997,1.0,2.3413501932297943e-06,1548032462.626007,False
3626,+87320+19377,17.40710441697421,78.44133976221889,built_up,Medium,39.220123,0.20240061,Cool roof,427028.28738481377,1.0,2.3417652402470857e-06,1548459490.9133918,False
3627,+87375+19363,17.394528002997298,78.49074710284248,built_up,Medium,39.218628,0.22494808,Cool roof,427056.9466889627,1.0,2.3416080870552553e-06,1548886547.8600807,False
3628,+87386+19388,17.416985885098928,78.5006285709672,built_up,Medium,39.218628,0.22823517,Cool roof,427005.7551761335,1.0,2.341888810345226e-06,1549313553.6152568,False
3629,+87386+19402,17.42956229907584,78.5006285709672,built_up,Medium,39.218628,0.20074803,Cool roof,426977.0597681764,1.0,2.3420461992570315e-06,1549740530.675025,False
3630,+87405+19380,17.409799362826405,78.51769656136443,built_up,Medium,39.218475,0.26600045,Cool roof,427022.1434748407,1.0,2.3417989331012717e-06,1550167552.8184998,False
3631,+87335+19379,17.40890104754234,78.45481449147987,built_up,Medium,39.21811,0.19481473,Cool roof,427024.1915479869,1.0,2.3417877014764513e-06,1550594577.0100477,False
3632,+87335+19409,17.4358505060643,78.45481449147987,built_up,Medium,39.217804,0.20764215,Cool roof,426962.70448289654,1.0,2.342124943233908e-06,1551021539.7145305,False
3633,+87356+19370,17.400816209985756,78.47367911244524,built_up,Medium,39.216858,0.30698138,Cool roof,427042.6195642755,1.0,2.3416866471555702e-06,1551448582.3340948,False
3634,+87353+19418,17.443935343620886,78.47098416659304,built_up,Medium,39.216614,0.27204928,Cool roof,426944.24026124045,1.0,2.3422262340115322e-06,1551875526.574356,False
3635,+87326+19376,17.406206101690145,78.44672965392328,built_up,Medium,39.215668,0.25870892,Cool roof,427030.3351484935,1.0,2.34175401064251e-06,1552302556.9095047,False
3636,+87389+19403,17.43046061435991,78.50332351681939,built_up,Medium,39.215668,0.36298493,Cool roof,426975.0093225714,1.0,2.3420574463750857e-06,1552729531.9188273,False
3637,+87334+19415,17.44124039776869,78.4539161761958,built_up,Medium,39.21457,0.24577034,Cool roof,426950.395930064,1.0,2.342192464353174e-06,1553156482.3147573,False
3638,+87365+19372,17.402612840553886,78.48176395000183,built_up,Medium,39.214203,0.15996027,Cool roof,427038.5251716453,1.0,2.3417090989578906e-06,1553583520.839929,False
3639,+87340+19402,17.42956229907584,78.4593060679002,built_up,Medium,39.213715,0.19571963,Cool roof,426977.0597681764,1.0,2.3420461992570315e-06,1554010497.8996973,False
3640,+87349+19374,17.404409471122015,78.46739090545678,built_up,Medium,39.213104,0.2454584,Cool roof,427034.4303663836,1.0,2.3417315534534955e-06,1554437532.3300636,False
3641,+87384+19371,17.40171452526982,78.49883194039907,built_up,Medium,39.21292,0.18112747,Cool roof,427040.5724195397,1.0,2.341697872720077e-06,1554864572.9024832,False
3642,+87405+19343,17.376561697315992,78.51769656136443,built_up,Medium,39.2117,0.26876232,Cool roof,427097.85347687715,1.0,2.3413838113661685e-06,1555291670.75596,False
3643,+87402+19365,17.396324633565428,78.51500161551225,built_up,Medium,39.208954,0.19268824,Cool roof,427052.85374056763,1.0,2.341630529432066e-06,1555718723.6097004,False
3644,+87382+19395,17.423274092087386,78.49703530983093,built_up,Medium,39.208557,0.2246644,Cool roof,426991.4099993005,1.0,2.3419674882959313e-06,1556145715.0196998,False
3645,+87376+19360,17.391833057145103,78.49164541812655,built_up,Medium,39.208282,0.24237227,Cool roof,427063.08533784345,1.0,2.3415744285388524e-06,1556572778.1050377,False
3646,+87384+19395,17.423274092087386,78.49883194039907,built_up,Medium,39.207947,0.24443245,Cool roof,426991.4099993005,1.0,2.3419674882959313e-06,1556999769.515037,False
3647,+87384+19397,17.425070722655516,78.49883194039907,built_up,Medium,39.207947,0.22634664,Cool roof,426987.3104490032,1.0,2.3419899737733167e-06,1557426756.825486,False
3648,+87376+19402,17.42956229907584,78.49164541812655,built_up,Medium,39.20746,0.2748704,Cool roof,426977.0597681764,1.0,2.3420461992570315e-06,1557853733.8852541,False
3649,+87396+19382,17.41159599339454,78.50961172380785,built_up,Medium,39.207184,0.19150034,Cool roof,427018.0470190842,1.0,2.3418213983712686e-06,1558280751.9322731,False
3650,+87332+19361,17.392731372429168,78.45211954562768,built_up,Medium,39.206665,0.2800939,Cool roof,427061.0392247119,1.0,2.3415856473711663e-06,1558707812.9714978,False
3651,+87396+19364,17.395426318281363,78.50961172380785,built_up,Medium,39.20627,0.19521509,Cool roof,427054.9002663456,1.0,2.341619307907063e-06,1559134867.8717642,False
3652,+87325+19399,17.426867353223646,78.44583133863922,built_up,Medium,39.205475,0.26301268,Cool roof,426983.2104861137,1.0,2.3420124619455547e-06,1559561851.0822504,False
3653,+87329+19397,17.425070722655516,78.44942459977548,built_up,Medium,39.20523,0.20454225,Cool roof,426987.3104490032,1.0,2.3419899737733167e-06,1559988838.3926992,False
3654,+87397+19383,17.412494308678603,78.51051003909191,built_up,Medium,39.20285,0.16769092,Cool roof,427015.99863647495,1.0,2.341832632016476e-06,1560415854.3913357,False
3655,+87392+19415,17.44124039776869,78.50601846267159,built_up,Medium,39.20224,0.34346193,Cool roof,426950.395930064,1.0,2.342192464353174e-06,1560842804.7872658,False
3656,+87347+19421,17.44663028947308,78.46559427488866,built_up,Medium,39.201263,0.2891675,Cool roof,426938.0836641594,1.0,2.3422600097362737e-06,1561269742.87093,False
3657,+87348+19366,17.397222948849492,78.46649259017272,built_up,Medium,39.19992,0.25597873,Cool roof,427050.8071116288,1.0,2.3416417516302816e-06,1561696793.6780417,False
3658,+87362+19340,17.373866751463797,78.47906900414964,built_up,Medium,39.199677,0.33764032,Cool roof,427103.9859357997,1.0,2.3413501932297943e-06,1562123897.6639774,False
3659,+87388+19363,17.394528002997298,78.50242520153533,built_up,Medium,39.199432,0.15268731,Cool roof,427056.9466889627,1.0,2.3416080870552553e-06,1562550954.6106663,False
3660,+87325+19380,17.409799362826405,78.44583133863922,built_up,Medium,39.19919,0.20665057,Cool roof,427022.1434748407,1.0,2.3417989331012717e-06,1562977976.754141,False
3661,+87342+19421,17.44663028947308,78.46110269846832,built_up,Medium,39.199158,0.18560696,Cool roof,426938.0836641594,1.0,2.3422600097362737e-06,1563404914.8378053,False
3662,+87387+19400,17.42776566850771,78.50152688625127,built_up,Medium,39.198944,0.33495307,Cool roof,426981.160349948,1.0,2.3420237070422817e-06,1563831895.998155,False
3663,+87315+19348,17.38105327373632,78.43684818579857,built_up,Medium,39.198822,0.16729592,Cool roof,427087.63064862473,1.0,2.3414398550510214e-06,1564258983.6288037,False
3664,+87351+19419,17.44483365890495,78.46918753602492,built_up,Medium,39.198578,0.19673625,Cool roof,426942.18816535256,1.0,2.3422374919123827e-06,1564685925.8169692,False
3665,+87344+19367,17.398121264133557,78.46289932903646,built_up,Medium,39.198456,0.15800397,Cool roof,427048.7603795299,1.0,2.3416529745017237e-06,1565112974.5773487,False
3666,+87410+19340,17.373866751463797,78.52218813778477,built_up,Medium,39.197784,0.20688224,Cool roof,427103.9859357997,1.0,2.3413501932297943e-06,1565540078.5632844,False
3667,+87374+19380,17.409799362826405,78.48984878755842,built_up,Medium,39.19516,0.20863682,Cool roof,427022.1434748407,1.0,2.3417989331012717e-06,1565967100.7067592,False
3668,+87366+19343,17.376561697315992,78.4826622652859,built_up,Medium,39.194916,0.29877114,Cool roof,427097.85347687715,1.0,2.3413838113661685e-06,1566394198.560236,False
3669,+87398+19385,17.414290939246733,78.51140835437599,built_up,Medium,39.194916,0.25200453,Cool roof,427011.90156179626,1.0,2.3418551013273855e-06,1566821210.4617977,False
3670,+87388+19413,17.439443767200558,78.50242520153533,built_up,Medium,39.194824,0.24488421,Cool roof,426954.49919357605,1.0,2.342169954617604e-06,1567248164.9609914,False
3671,+87404+19404,17.431358929643974,78.51679824608037,built_up,Medium,39.194733,0.24766965,Cool roof,426972.9587738207,1.0,2.342068694166947e-06,1567675137.9197652,False
3672,+87388+19382,17.41159599339454,78.50242520153533,built_up,Medium,39.194397,0.19004254,Cool roof,427018.0470190842,1.0,2.3418213983712686e-06,1568102155.9667842,False
3673,+87400+19345,17.378358327884122,78.51320498494411,built_up,Medium,39.194305,0.23461123,Cool roof,427093.76465508126,1.0,2.341406226821398e-06,1568529249.7314394,False
3674,+87377+19413,17.439443767200558,78.49254373341061,built_up,Medium,39.194244,0.16919783,Cool roof,426954.49919357605,1.0,2.342169954617604e-06,1568956204.230633,False
3675,+87373+19395,17.423274092087386,78.48895047227435,built_up,Medium,39.19394,0.22348812,Cool roof,426991.4099993005,1.0,2.3419674882959313e-06,1569383195.6406324,False
3676,+87341+19376,17.406206101690145,78.46020438318426,built_up,Medium,39.193726,0.23469567,Cool roof,427030.3351484935,1.0,2.34175401064251e-06,1569810225.975781,False
3677,+87401+19343,17.376561697315992,78.51410330022817,built_up,Medium,39.19275,0.28004822,Cool roof,427097.85347687715,1.0,2.3413838113661685e-06,1570237323.8292577,False
3678,+87356+19363,17.394528002997298,78.47367911244524,built_up,Medium,39.192657,0.23922947,Cool roof,427056.9466889627,1.0,2.3416080870552553e-06,1570664380.7759466,False
3679,+87369+19405,17.43225724492804,78.4853572111381,built_up,Medium,39.192474,0.26705527,Cool roof,426970.90812192473,1.0,2.3420799426326314e-06,1571091351.6840684,False
3680,+87381+19348,17.38105327373632,78.49613699454687,built_up,Medium,39.19162,0.24253863,Cool roof,427087.63064862473,1.0,2.3414398550510214e-06,1571518439.314717,False
3681,+87389+19414,17.440342082484626,78.50332351681939,built_up,Medium,39.19153,0.22404736,Cool roof,426952.4476133907,1.0,2.3421812091483994e-06,1571945391.7623305,False
3682,+87400+19363,17.394528002997298,78.51320498494411,built_up,Medium,39.191284,0.21782592,Cool roof,427056.9466889627,1.0,2.3416080870552553e-06,1572372448.7090194,False
3683,+87363+19340,17.373866751463797,78.4799673194337,built_up,Medium,39.18979,0.33680293,Cool roof,427103.9859357997,1.0,2.3413501932297943e-06,1572799552.694955,False
3684,+87369+19417,17.44303702833682,78.4853572111381,built_up,Medium,39.18918,0.2698045,Cool roof,426946.29225398856,1.0,2.3422149767847243e-06,1573226498.987209,False
3685,+87317+19351,17.383748219588515,78.43864481636669,built_up,Medium,39.188507,0.2322955,Cool roof,427081.4957136619,1.0,2.341473489337157e-06,1573653580.4829228,False
3686,+87321+19378,17.408002732258275,78.44223807750296,built_up,Medium,39.187775,0.29574403,Cool roof,427026.23951797804,1.0,2.341776470525061e-06,1574080606.7224407,False
3687,+87377+19362,17.393629687713233,78.49254373341061,built_up,Medium,39.18756,0.19947256,Cool roof,427058.9930084181,1.0,2.3415968668766287e-06,1574507665.715449,False
3688,+87367+19369,17.399917894701687,78.48356058056996,built_up,Medium,39.18753,0.22592123,Cool roof,427044.66660585295,1.0,2.3416754222643517e-06,1574934710.382055,False
3689,+87363+19369,17.399917894701687,78.4799673194337,built_up,Medium,39.18741,0.24097832,Cool roof,427044.66660585295,1.0,2.3416754222643517e-06,1575361755.048661,False
3690,+87348+19418,17.443935343620886,78.46649259017272,built_up,Medium,39.187256,0.19150904,Cool roof,426944.24026124045,1.0,2.3422262340115322e-06,1575788699.2889223,False
3691,+87399+19366,17.397222948849492,78.51230666966005,built_up,Medium,39.1868,0.18629813,Cool roof,427050.8071116288,1.0,2.3416417516302816e-06,1576215750.096034,False
3692,+87359+19373,17.40351115583795,78.47637405829744,built_up,Medium,39.18637,0.20074706,Cool roof,427036.4778205931,1.0,2.341720325869025e-06,1576642786.5738547,False
3693,+87405+19409,17.4358505060643,78.51769656136443,built_up,Medium,39.186188,0.20858079,Cool roof,426962.70448289654,1.0,2.342124943233908e-06,1577069749.2783375,False
3694,+87358+19365,17.396324633565428,78.47547574301338,built_up,Medium,39.186066,0.20577301,Cool roof,427052.85374056763,1.0,2.341630529432066e-06,1577496802.132078,False
3695,+87406+19398,17.42596903793958,78.5185948766485,built_up,Medium,39.18576,0.23268214,Cool roof,426985.2605191322,1.0,2.3420012175225717e-06,1577923787.392597,False
3696,+87343+19384,17.413392623962668,78.4620010137524,built_up,Medium,39.18564,0.1856463,Cool roof,427013.9501507122,1.0,2.341843866335176e-06,1578350801.3427477,False
3697,+87377+19396,17.42417240737145,78.49254373341061,built_up,Medium,39.18564,0.21386185,Cool roof,426989.3602757261,1.0,2.341978730697775e-06,1578777790.7030234,False
3698,+87378+19363,17.394528002997298,78.49344204869467,built_up,Medium,39.185333,0.23933268,Cool roof,427056.9466889627,1.0,2.3416080870552553e-06,1579204847.6497123,False
3699,+87390+19355,17.387341480724775,78.50422183210345,built_up,Medium,39.184998,0.25250053,Cool roof,427073.3143560538,1.0,2.341518344473974e-06,1579631920.9640684,False
3700,+87354+19362,17.393629687713233,78.47188248187712,built_up,Medium,39.1846,0.17108987,Cool roof,427058.9930084181,1.0,2.3415968668766287e-06,1580058979.9570768,False
3701,+87355+19355,17.387341480724775,78.47278079716118,built_up,Medium,39.184418,0.22926113,Cool roof,427073.3143560538,1.0,2.341518344473974e-06,1580486053.2714329,False
3702,+87376+19397,17.425070722655516,78.49164541812655,built_up,Medium,39.184235,0.18002504,Cool roof,426987.3104490032,1.0,2.3419899737733167e-06,1580913040.5818818,False
3703,+87370+19369,17.399917894701687,78.48625552642216,built_up,Medium,39.184113,0.24991876,Cool roof,427044.66660585295,1.0,2.3416754222643517e-06,1581340085.2484877,False
3704,+87396+19381,17.410697678110473,78.50961172380785,built_up,Medium,39.18393,0.22094746,Cool roof,427020.0952985397,1.0,2.3418101653995388e-06,1581767105.3437862,False
3705,+87386+19412,17.438545451916493,78.5006285709672,built_up,Medium,39.182953,0.25975126,Cool roof,426956.55067061976,1.0,2.342158700760773e-06,1582194061.8944569,False
3706,+87353+19417,17.44303702833682,78.47098416659304,built_up,Medium,39.18283,0.24553497,Cool roof,426946.29225398856,1.0,2.3422149767847243e-06,1582621008.1867108,False
3707,+87345+19378,17.408002732258275,78.46379764432052,built_up,Medium,39.18268,0.2967624,Cool roof,427026.23951797804,1.0,2.341776470525061e-06,1583048034.4262288,False
3708,+87406+19343,17.376561697315992,78.5185948766485,built_up,Medium,39.182587,0.22718225,Cool roof,427097.85347687715,1.0,2.3413838113661685e-06,1583475132.2797055,False
3709,+87339+19373,17.40351115583795,78.45840775261613,built_up,Medium,39.181915,0.28800693,Cool roof,427036.4778205931,1.0,2.341720325869025e-06,1583902168.7575262,False
3710,+87343+19411,17.437647136632428,78.4620010137524,built_up,Medium,39.18167,0.2983476,Cool roof,426958.6020445212,1.0,2.3421474475778915e-06,1584329127.3595707,False
3711,+87402+19364,17.395426318281363,78.51500161551225,built_up,Medium,39.180267,0.20995958,Cool roof,427054.9002663456,1.0,2.341619307907063e-06,1584756182.2598372,False
3712,+87379+19414,17.440342082484626,78.49434036397874,built_up,Medium,39.179626,0.1931087,Cool roof,426952.4476133907,1.0,2.3421812091483994e-06,1585183134.7074506,False
3713,+87401+19374,17.404409471122015,78.51410330022817,built_up,Medium,39.179535,0.3162046,Cool roof,427034.4303663836,1.0,2.3417315534534955e-06,1585610169.137817,False
3714,+87372+19347,17.380154958452252,78.48805215699028,built_up,Medium,39.179474,0.34043473,Cool roof,427089.6754206114,1.0,2.341428644968222e-06,1586037258.8132374,False
3715,+87328+19365,17.396324633565428,78.44852628449141,built_up,Medium,39.17935,0.21458444,Cool roof,427052.85374056763,1.0,2.341630529432066e-06,1586464311.666978,False
3716,+87317+19388,17.416985885098928,78.43864481636669,built_up,Medium,39.178894,0.31387126,Cool roof,427005.7551761335,1.0,2.341888810345226e-06,1586891317.422154,False
3717,+87326+19366,17.397222948849492,78.44672965392328,built_up,Medium,39.178833,0.21957953,Cool roof,427050.8071116288,1.0,2.3416417516302816e-06,1587318368.2292657,False
3718,+87319+19347,17.380154958452252,78.44044144693483,built_up,Medium,39.178528,0.28867045,Cool roof,427089.6754206114,1.0,2.341428644968222e-06,1587745457.9046862,False
3719,+87389+19355,17.387341480724775,78.50332351681939,built_up,Medium,39.178284,0.26955947,Cool roof,427073.3143560538,1.0,2.341518344473974e-06,1588172531.2190423,False
3720,+87317+19387,17.416087569814863,78.43864481636669,built_up,Medium,39.1774,0.17301576,Cool roof,427007.8040745065,1.0,2.341877573332395e-06,1588599539.0231168,False
3721,+87409+19374,17.404409471122015,78.5212898225007,built_up,Medium,39.177216,0.2227958,Cool roof,427034.4303663836,1.0,2.3417315534534955e-06,1589026573.453483,False
3722,+87393+19389,17.417884200382993,78.50691677795565,built_up,Medium,39.17575,0.23092474,Cool roof,427003.7061746089,1.0,2.3419000480316284e-06,1589453577.1596577,False
3723,+87382+19370,17.400816209985756,78.49703530983093,built_up,Medium,39.1756,0.16856445,Cool roof,427042.6195642755,1.0,2.3416866471555702e-06,1589880619.779222,False
3724,+87409+19365,17.396324633565428,78.5212898225007,built_up,Medium,39.17505,0.30696246,Cool roof,427052.85374056763,1.0,2.341630529432066e-06,1590307672.6329625,False
3725,+87396+19378,17.408002732258275,78.50961172380785,built_up,Medium,39.174805,0.21276802,Cool roof,427026.23951797804,1.0,2.341776470525061e-06,1590734698.8724804,False
3726,+87364+19353,17.385544850156645,78.48086563471776,built_up,Medium,39.17453,0.31855455,Cool roof,427077.40524118865,1.0,2.3414959155595174e-06,1591161776.2777216,False
3727,+87386+19362,17.393629687713233,78.5006285709672,built_up,Medium,39.174347,0.31891608,Cool roof,427058.9930084181,1.0,2.3415968668766287e-06,1591588835.27073,False
3728,+87346+19394,17.42237577680332,78.46469595960458,built_up,Medium,39.17386,0.2420901,Cool roof,426993.45961972617,1.0,2.341956246567769e-06,1592015828.7303498,False
3729,+87332+19396,17.42417240737145,78.45211954562768,built_up,Medium,39.173798,0.17422602,Cool roof,426989.3602757261,1.0,2.341978730697775e-06,1592442818.0906255,False
3730,+87405+19410,17.436748821348363,78.51769656136443,built_up,Medium,39.173615,0.26058626,Cool roof,426960.65331528033,1.0,2.3421361950689414e-06,1592869778.7439408,False
3731,+87354+19373,17.40351115583795,78.47188248187712,built_up,Medium,39.173187,0.27916405,Cool roof,427036.4778205931,1.0,2.341720325869025e-06,1593296815.2217615,False
3732,+87344+19384,17.413392623962668,78.46289932903646,built_up,Medium,39.172516,0.18589695,Cool roof,427013.9501507122,1.0,2.341843866335176e-06,1593723829.1719122,False
3733,+87400+19376,17.406206101690145,78.51320498494411,built_up,Medium,39.17166,0.1882143,Cool roof,427030.3351484935,1.0,2.34175401064251e-06,1594150859.5070608,False
3734,+87380+19394,17.42237577680332,78.49523867926281,built_up,Medium,39.171356,0.21350741,Cool roof,426993.45961972617,1.0,2.341956246567769e-06,1594577852.9666805,False
3735,+87383+19398,17.42596903793958,78.497933625115,built_up,Medium,39.170258,0.194822,Cool roof,426985.2605191322,1.0,2.3420012175225717e-06,1595004838.2271996,False
3736,+87410+19394,17.42237577680332,78.52218813778477,built_up,Medium,39.168243,0.19620699,Cool roof,426993.45961972617,1.0,2.341956246567769e-06,1595431831.6868193,False
3737,+87394+19364,17.395426318281363,78.50781509323971,built_up,Medium,39.16806,0.23458672,Cool roof,427054.9002663456,1.0,2.341619307907063e-06,1595858886.5870857,False
3738,+87326+19410,17.436748821348363,78.44672965392328,built_up,Medium,39.16742,0.198331,Cool roof,426960.65331528033,1.0,2.3421361950689414e-06,1596285847.240401,False
3739,+87397+19410,17.436748821348363,78.51051003909191,built_up,Medium,39.16684,0.32949308,Cool roof,426960.65331528033,1.0,2.3421361950689414e-06,1596712807.8937163,False
3740,+87331+19361,17.392731372429168,78.4512212303436,built_up,Medium,39.16626,0.22663166,Cool roof,427061.0392247119,1.0,2.3415856473711663e-06,1597139868.932941,False
3741,+87385+19412,17.438545451916493,78.49973025568313,built_up,Medium,39.166016,0.19669306,Cool roof,426956.55067061976,1.0,2.342158700760773e-06,1597566825.4836116,False
3742,+87318+19347,17.380154958452252,78.43954313165077,built_up,Medium,39.16513,0.19025473,Cool roof,427089.6754206114,1.0,2.341428644968222e-06,1597993915.159032,False
3743,+87349+19368,17.399019579417622,78.46739090545678,built_up,Medium,39.164062,0.278819,Cool roof,427046.71354427113,1.0,2.3416641980464084e-06,1598420961.8725765,False
3744,+87347+19389,17.417884200382993,78.46559427488866,built_up,Medium,39.163025,0.2522769,Cool roof,427003.7061746089,1.0,2.3419000480316284e-06,1598847965.578751,False
3745,+87398+19406,17.433155560212104,78.51140835437599,built_up,Medium,39.162994,0.34771487,Cool roof,426968.857366884,1.0,2.3420911917721534e-06,1599274934.436118,False
3746,+87336+19404,17.431358929643974,78.45571280676394,built_up,Medium,39.16269,0.19479296,Cool roof,426972.9587738207,1.0,2.342068694166947e-06,1599701907.3948917,False
3747,+87378+19379,17.40890104754234,78.49344204869467,built_up,Medium,39.162598,0.22124645,Cool roof,427024.1915479869,1.0,2.3417877014764513e-06,1600128931.5864396,False
3748,+87401+19378,17.408002732258275,78.51410330022817,built_up,Medium,39.1622,0.28386903,Cool roof,427026.23951797804,1.0,2.341776470525061e-06,1600555957.8259575,False
3749,+87360+19372,17.402612840553886,78.4772723735815,built_up,Medium,39.161285,0.19997202,Cool roof,427038.5251716453,1.0,2.3417090989578906e-06,1600982996.3511293,False
3750,+87366+19371,17.40171452526982,78.4826622652859,built_up,Medium,39.160797,0.20547564,Cool roof,427040.5724195397,1.0,2.341697872720077e-06,1601410036.923549,False
3751,+87354+19364,17.395426318281363,78.47188248187712,built_up,Medium,39.160583,0.24284223,Cool roof,427054.9002663456,1.0,2.341619307907063e-06,1601837091.8238153,False
3752,+87372+19412,17.438545451916493,78.48805215699028,built_up,Medium,39.16031,0.21054053,Cool roof,426956.55067061976,1.0,2.342158700760773e-06,1602264048.374486,False
3753,+87340+19372,17.402612840553886,78.4593060679002,built_up,Medium,39.160187,0.3075507,Cool roof,427038.5251716453,1.0,2.3417090989578906e-06,1602691086.8996577,False
3754,+87321+19354,17.38644316544071,78.44223807750296,built_up,Medium,39.160126,0.16186404,Cool roof,427075.35985020373,1.0,2.3415071296802258e-06,1603118162.259508,False
3755,+87367+19370,17.400816209985756,78.48356058056996,built_up,Medium,39.15985,0.24753875,Cool roof,427042.6195642755,1.0,2.3416866471555702e-06,1603545204.8790722,False
3756,+87407+19401,17.428663983791775,78.51949319193257,built_up,Medium,39.159637,0.30456963,Cool roof,426979.11011063546,1.0,2.3420349528127683e-06,1603972183.9891827,False
3757,+87375+19381,17.410697678110473,78.49074710284248,built_up,Medium,39.159515,0.19786295,Cool roof,427020.0952985397,1.0,2.3418101653995388e-06,1604399204.0844812,False
3758,+87384+19410,17.436748821348363,78.49883194039907,built_up,Medium,39.159393,0.21014771,Cool roof,426960.65331528033,1.0,2.3421361950689414e-06,1604826164.7377965,False
3759,+87372+19350,17.38284990430445,78.48805215699028,built_up,Medium,39.15927,0.31349117,Cool roof,427083.5407951495,1.0,2.3414622772354733e-06,1605253248.2785916,False
3760,+87337+19376,17.406206101690145,78.456611122048,built_up,Medium,39.15857,0.19591364,Cool roof,427030.3351484935,1.0,2.34175401064251e-06,1605680278.6137402,False
3761,+87366+19359,17.390934741861038,78.4826622652859,built_up,Medium,39.15851,0.22081517,Cool roof,427065.1313478123,1.0,2.3415632103796727e-06,1606107343.745088,False
3762,+87384+19411,17.437647136632428,78.49883194039907,built_up,Medium,39.15634,0.18366617,Cool roof,426958.6020445212,1.0,2.3421474475778915e-06,1606534302.3471327,False
3763,+87410+19398,17.42596903793958,78.52218813778477,built_up,Medium,39.154877,0.23726131,Cool roof,426985.2605191322,1.0,2.3420012175225717e-06,1606961287.6076517,False
3764,+87403+19406,17.433155560212104,78.51589993079631,built_up,Medium,39.15457,0.2658694,Cool roof,426968.857366884,1.0,2.3420911917721534e-06,1607388256.4650185,False
3765,+87384+19414,17.440342082484626,78.49883194039907,built_up,Medium,39.154297,0.29736406,Cool roof,426952.4476133907,1.0,2.3421812091483994e-06,1607815208.912632,False
3766,+87352+19415,17.44124039776869,78.47008585130898,built_up,Medium,39.154205,0.17368813,Cool roof,426950.395930064,1.0,2.342192464353174e-06,1608242159.308562,False
3767,+87401+19382,17.41159599339454,78.51410330022817,built_up,Medium,39.153687,0.2115646,Cool roof,427018.0470190842,1.0,2.3418213983712686e-06,1608669177.355581,False
3768,+87400+19343,17.376561697315992,78.51320498494411,built_up,Medium,39.153656,0.28466517,Cool roof,427097.85347687715,1.0,2.3413838113661685e-06,1609096275.2090578,False
3769,+87399+19385,17.414290939246733,78.51230666966005,built_up,Medium,39.15326,0.18753064,Cool roof,427011.90156179626,1.0,2.3418551013273855e-06,1609523287.1106195,False
3770,+87371+19380,17.409799362826405,78.48715384170622,built_up,Medium,39.153015,0.27711356,Cool roof,427022.1434748407,1.0,2.3417989331012717e-06,1609950309.2540944,False
3771,+87341+19420,17.445731974189016,78.46020438318426,built_up,Medium,39.15219,0.36035696,Cool roof,426940.13596632547,1.0,2.342248750487291e-06,1610377249.3900607,False
3772,+87389+19384,17.413392623962668,78.50332351681939,built_up,Medium,39.151337,0.18313251,Cool roof,427013.9501507122,1.0,2.341843866335176e-06,1610804263.3402114,False
3773,+87408+19396,17.42417240737145,78.52039150721663,built_up,Medium,39.150543,0.16563511,Cool roof,426989.3602757261,1.0,2.341978730697775e-06,1611231252.7004871,False
3774,+87361+19375,17.40530778640608,78.47817068886556,built_up,Medium,39.150482,0.33974385,Cool roof,427032.38280901685,1.0,2.3417427817113192e-06,1611658285.083296,False
3775,+87323+19364,17.395426318281363,78.44403470807109,built_up,Medium,39.15039,0.26509118,Cool roof,427054.9002663456,1.0,2.341619307907063e-06,1612085339.9835625,False
3776,+87398+19392,17.42057914623519,78.51140835437599,built_up,Medium,39.149994,0.18861677,Cool roof,426997.55855112965,1.0,2.3419337651324247e-06,1612512337.5421135,False
3777,+87338+19373,17.40351115583795,78.45750943733206,built_up,Medium,39.149567,0.2362164,Cool roof,427036.4778205931,1.0,2.341720325869025e-06,1612939374.0199342,False
3778,+87383+19365,17.396324633565428,78.497933625115,built_up,Medium,39.149567,0.21195197,Cool roof,427052.85374056763,1.0,2.341630529432066e-06,1613366426.8736746,False
3779,+87323+19413,17.439443767200558,78.44403470807109,built_up,Medium,39.14853,0.25908327,Cool roof,426954.49919357605,1.0,2.342169954617604e-06,1613793381.3728683,False
3780,+87413+19416,17.442138713052756,78.52488308363696,built_up,Medium,39.14853,0.21816255,Cool roof,426948.3441435965,1.0,2.342203720231944e-06,1614220329.717012,False
3781,+87336+19360,17.391833057145103,78.45571280676394,built_up,Medium,39.148407,0.2530867,Cool roof,427063.08533784345,1.0,2.3415744285388524e-06,1614647392.8023498,False
3782,+87384+19401,17.428663983791775,78.49883194039907,built_up,Medium,39.148163,0.25134674,Cool roof,426979.11011063546,1.0,2.3420349528127683e-06,1615074371.9124603,False
3783,+87355+19416,17.442138713052756,78.47278079716118,built_up,Medium,39.14749,0.2439357,Cool roof,426948.3441435965,1.0,2.342203720231944e-06,1615501320.256604,False
3784,+87345+19376,17.406206101690145,78.46379764432052,built_up,Medium,39.14743,0.2089469,Cool roof,427030.3351484935,1.0,2.34175401064251e-06,1615928350.5917525,False
3785,+87402+19391,17.419680830951123,78.51500161551225,built_up,Medium,39.147247,0.16069204,Cool roof,426999.6078621065,1.0,2.3419225254252125e-06,1616355350.1996145,False
3786,+87343+19371,17.40171452526982,78.4620010137524,built_up,Medium,39.147186,0.21555084,Cool roof,427040.5724195397,1.0,2.341697872720077e-06,1616782390.7720342,False
3787,+87358+19416,17.442138713052756,78.47547574301338,built_up,Medium,39.14612,0.27763444,Cool roof,426948.3441435965,1.0,2.342203720231944e-06,1617209339.1161778,False
3788,+87364+19373,17.40351115583795,78.48086563471776,built_up,Medium,39.14511,0.24959148,Cool roof,427036.4778205931,1.0,2.341720325869025e-06,1617636375.5939984,False
3789,+87398+19386,17.415189254530798,78.51140835437599,built_up,Medium,39.14505,0.20555189,Cool roof,427009.85286972753,1.0,2.34186633699312e-06,1618063385.4468682,False
3790,+87331+19374,17.404409471122015,78.4512212303436,built_up,Medium,39.144257,0.20196599,Cool roof,427034.4303663836,1.0,2.3417315534534955e-06,1618490419.8772345,False
3791,+87404+19386,17.415189254530798,78.51679824608037,built_up,Medium,39.14395,0.15499286,Cool roof,427009.85286972753,1.0,2.34186633699312e-06,1618917429.7301042,False
3792,+87369+19374,17.404409471122015,78.4853572111381,built_up,Medium,39.143707,0.22208405,Cool roof,427034.4303663836,1.0,2.3417315534534955e-06,1619344464.1604705,False
3793,+87389+19395,17.423274092087386,78.50332351681939,built_up,Medium,39.143707,0.27520683,Cool roof,426991.4099993005,1.0,2.3419674882959313e-06,1619771455.5704699,False
3794,+87344+19349,17.381951589020385,78.46289932903646,built_up,Medium,39.143158,0.2707304,Cool roof,427085.5857734706,1.0,2.341451065806767e-06,1620198541.1562433,False
3795,+87335+19402,17.42956229907584,78.45481449147987,built_up,Medium,39.143036,0.2115428,Cool roof,426977.0597681764,1.0,2.3420461992570315e-06,1620625518.2160115,False
3796,+87401+19419,17.44483365890495,78.51410330022817,built_up,Medium,39.142456,0.20716728,Cool roof,426942.18816535256,1.0,2.3422374919123827e-06,1621052460.404177,False
3797,+87313+19377,17.40710441697421,78.43505155523043,built_up,Medium,39.142303,0.303143,Cool roof,427028.28738481377,1.0,2.3417652402470857e-06,1621479488.6915617,False
3798,+87409+19415,17.44124039776869,78.5212898225007,built_up,Medium,39.14212,0.1990213,Cool roof,426950.395930064,1.0,2.342192464353174e-06,1621906439.0874918,False
3799,+87400+19365,17.396324633565428,78.51320498494411,built_up,Medium,39.142,0.1958503,Cool roof,427052.85374056763,1.0,2.341630529432066e-06,1622333491.9412322,False
3800,+87407+19418,17.443935343620886,78.51949319193257,built_up,Medium,39.14035,0.18865658,Cool roof,426944.24026124045,1.0,2.3422262340115322e-06,1622760436.1814935,False
3801,+87334+19396,17.42417240737145,78.4539161761958,built_up,Medium,39.139923,0.15010817,Cool roof,426989.3602757261,1.0,2.341978730697775e-06,1623187425.5417693,False
3802,+87332+19372,17.402612840553886,78.45211954562768,built_up,Medium,39.139496,0.2711026,Cool roof,427038.5251716453,1.0,2.3417090989578906e-06,1623614464.066941,False
3803,+87396+19412,17.438545451916493,78.50961172380785,built_up,Medium,39.13925,0.28781945,Cool roof,426956.55067061976,1.0,2.342158700760773e-06,1624041420.6176116,False
3804,+87387+19367,17.398121264133557,78.50152688625127,built_up,Medium,39.13922,0.1586128,Cool roof,427048.7603795299,1.0,2.3416529745017237e-06,1624468469.3779912,False
3805,+87326+19411,17.437647136632428,78.44672965392328,built_up,Medium,39.1391,0.32217678,Cool roof,426958.6020445212,1.0,2.3421474475778915e-06,1624895427.9800358,False
3806,+87406+19419,17.44483365890495,78.5185948766485,built_up,Medium,39.138336,0.1922173,Cool roof,426942.18816535256,1.0,2.3422374919123827e-06,1625322370.1682012,False
3807,+87380+19340,17.373866751463797,78.49523867926281,built_up,Medium,39.138275,0.31490093,Cool roof,427103.9859357997,1.0,2.3413501932297943e-06,1625749474.154137,False
3808,+87405+19419,17.44483365890495,78.51769656136443,built_up,Medium,39.138153,0.25624067,Cool roof,426942.18816535256,1.0,2.3422374919123827e-06,1626176416.3423023,False
3809,+87362+19361,17.392731372429168,78.47906900414964,built_up,Medium,39.137787,0.2149612,Cool roof,427061.0392247119,1.0,2.3415856473711663e-06,1626603477.381527,False
3810,+87379+19367,17.398121264133557,78.49434036397874,built_up,Medium,39.137634,0.18422091,Cool roof,427048.7603795299,1.0,2.3416529745017237e-06,1627030526.1419065,False
3811,+87361+19359,17.390934741861038,78.47817068886556,built_up,Medium,39.137115,0.21659614,Cool roof,427065.1313478123,1.0,2.3415632103796727e-06,1627457591.2732544,False
3812,+87402+19392,17.42057914623519,78.51500161551225,built_up,Medium,39.136963,0.19592051,Cool roof,426997.55855112965,1.0,2.3419337651324247e-06,1627884588.8318055,False
3813,+87361+19373,17.40351115583795,78.47817068886556,built_up,Medium,39.13681,0.19800523,Cool roof,427036.4778205931,1.0,2.341720325869025e-06,1628311625.309626,False
3814,+87398+19369,17.399917894701687,78.51140835437599,built_up,Medium,39.13681,0.17042375,Cool roof,427044.66660585295,1.0,2.3416754222643517e-06,1628738669.976232,False
3815,+87327+19414,17.440342082484626,78.44762796920735,built_up,Medium,39.13669,0.18362032,Cool roof,426952.4476133907,1.0,2.3421812091483994e-06,1629165622.4238455,False
3816,+87373+19394,17.42237577680332,78.48895047227435,built_up,Medium,39.13626,0.25728852,Cool roof,426993.45961972617,1.0,2.341956246567769e-06,1629592615.8834653,False
3817,+87339+19378,17.408002732258275,78.45840775261613,built_up,Medium,39.135498,0.18831792,Cool roof,427026.23951797804,1.0,2.341776470525061e-06,1630019642.1229832,False
3818,+87402+19399,17.426867353223646,78.51500161551225,built_up,Medium,39.13492,0.18816578,Cool roof,426983.2104861137,1.0,2.3420124619455547e-06,1630446625.3334694,False
3819,+87382+19403,17.43046061435991,78.49703530983093,built_up,Medium,39.134888,0.23437953,Cool roof,426975.0093225714,1.0,2.3420574463750857e-06,1630873600.342792,False
3820,+87320+19384,17.413392623962668,78.44133976221889,built_up,Medium,39.133026,0.19036661,Cool roof,427013.9501507122,1.0,2.341843866335176e-06,1631300614.2929428,False
3821,+87342+19383,17.412494308678603,78.46110269846832,built_up,Medium,39.132965,0.2358474,Cool roof,427015.99863647495,1.0,2.341832632016476e-06,1631727630.2915792,False
3822,+87355+19364,17.395426318281363,78.47278079716118,built_up,Medium,39.132965,0.32006168,Cool roof,427054.9002663456,1.0,2.341619307907063e-06,1632154685.1918457,False
3823,+87413+19340,17.373866751463797,78.52488308363696,built_up,Medium,39.13141,0.20798573,Cool roof,427103.9859357997,1.0,2.3413501932297943e-06,1632581789.1777813,False
3824,+87401+19366,17.397222948849492,78.51410330022817,built_up,Medium,39.131226,0.22626244,Cool roof,427050.8071116288,1.0,2.3416417516302816e-06,1633008839.984893,False
3825,+87396+19380,17.409799362826405,78.50961172380785,built_up,Medium,39.130707,0.22045906,Cool roof,427022.1434748407,1.0,2.3417989331012717e-06,1633435862.128368,False
3826,+87404+19380,17.409799362826405,78.51679824608037,built_up,Medium,39.130524,0.24226266,Cool roof,427022.1434748407,1.0,2.3417989331012717e-06,1633862884.2718427,False
3827,+87389+19381,17.410697678110473,78.50332351681939,built_up,Medium,39.129364,0.22587517,Cool roof,427020.0952985397,1.0,2.3418101653995388e-06,1634289904.3671412,False
3828,+87348+19414,17.440342082484626,78.46649259017272,built_up,Medium,39.129333,0.3469569,Cool roof,426952.4476133907,1.0,2.3421812091483994e-06,1634716856.8147547,False
3829,+87373+19399,17.426867353223646,78.48895047227435,built_up,Medium,39.128845,0.28442445,Cool roof,426983.2104861137,1.0,2.3420124619455547e-06,1635143840.025241,False
3830,+87358+19415,17.44124039776869,78.47547574301338,built_up,Medium,39.1286,0.3088484,Cool roof,426950.395930064,1.0,2.342192464353174e-06,1635570790.421171,False
3831,+87383+19359,17.390934741861038,78.497933625115,built_up,Medium,39.1286,0.17856917,Cool roof,427065.1313478123,1.0,2.3415632103796727e-06,1635997855.5525188,False
3832,+87385+19395,17.423274092087386,78.49973025568313,built_up,Medium,39.12784,0.18874152,Cool roof,426991.4099993005,1.0,2.3419674882959313e-06,1636424846.9625182,False
3833,+87369+19349,17.381951589020385,78.4853572111381,built_up,Medium,39.126556,0.27218184,Cool roof,427085.5857734706,1.0,2.341451065806767e-06,1636851932.5482917,False
3834,+87399+19345,17.378358327884122,78.51230666966005,built_up,Medium,39.125458,0.24405202,Cool roof,427093.76465508126,1.0,2.341406226821398e-06,1637279026.3129468,False
3835,+87397+19419,17.44483365890495,78.51051003909191,built_up,Medium,39.125427,0.2558389,Cool roof,426942.18816535256,1.0,2.3422374919123827e-06,1637705968.5011122,False
3836,+87317+19350,17.38284990430445,78.43864481636669,built_up,Medium,39.125305,0.2009551,Cool roof,427083.5407951495,1.0,2.3414622772354733e-06,1638133052.0419073,False
3837,+87330+19378,17.408002732258275,78.45032291505954,built_up,Medium,39.124817,0.25389755,Cool roof,427026.23951797804,1.0,2.341776470525061e-06,1638560078.2814252,False
3838,+87379+19341,17.374765066747862,78.49434036397874,built_up,Medium,39.124573,0.32706788,Cool roof,427101.94188599556,1.0,2.3413613986024103e-06,1638987180.2233112,False
3839,+87398+19342,17.375663382031927,78.51140835437599,built_up,Medium,39.12393,0.27191472,Cool roof,427099.8977330211,1.0,2.341372604647864e-06,1639414280.1210442,False
3840,+87342+19412,17.438545451916493,78.46110269846832,built_up,Medium,39.12381,0.20561862,Cool roof,426956.55067061976,1.0,2.342158700760773e-06,1639841236.6717148,False
3841,+87316+19353,17.385544850156645,78.43774650108263,built_up,Medium,39.122406,0.15333045,Cool roof,427077.40524118865,1.0,2.3414959155595174e-06,1640268314.076956,False
3842,+87398+19417,17.44303702833682,78.51140835437599,built_up,Medium,39.12207,0.25978217,Cool roof,426946.29225398856,1.0,2.3422149767847243e-06,1640695260.36921,False
3843,+87401+19344,17.377460012600057,78.51410330022817,built_up,Medium,39.12149,0.29453063,Cool roof,427095.80911756353,1.0,2.3413950187573424e-06,1641122356.1783276,False
3844,+87378+19387,17.416087569814863,78.49344204869467,built_up,Medium,39.12088,0.25213617,Cool roof,427007.8040745065,1.0,2.341877573332395e-06,1641549363.982402,False
3845,+87400+19389,17.417884200382993,78.51320498494411,built_up,Medium,39.120758,0.19514173,Cool roof,427003.7061746089,1.0,2.3419000480316284e-06,1641976367.6885767,False
3846,+87391+19366,17.397222948849492,78.50512014738753,built_up,Medium,39.120087,0.21653692,Cool roof,427050.8071116288,1.0,2.3416417516302816e-06,1642403418.4956884,False
3847,+87346+19420,17.445731974189016,78.46469595960458,built_up,Medium,39.119904,0.29986432,Cool roof,426940.13596632547,1.0,2.342248750487291e-06,1642830358.6316547,False
3848,+87323+19358,17.39003642657697,78.44403470807109,built_up,High,39.119873,0.13922174,Cool roof,427067.17725461826,1.0,2.34155199289361e-06,1643257425.8089094,False
3849,+87385+19360,17.391833057145103,78.49973025568313,built_up,Medium,39.11972,0.32790458,Cool roof,427063.08533784345,1.0,2.3415744285388524e-06,1643684488.8942473,False
3850,+87387+19395,17.423274092087386,78.50152688625127,built_up,Medium,39.119415,0.20728937,Cool roof,426991.4099993005,1.0,2.3419674882959313e-06,1644111480.3042467,False
3851,+87316+19356,17.38823979600884,78.43774650108263,built_up,Medium,39.117737,0.2430145,Cool roof,427071.26875873934,1.0,2.3415295599407763e-06,1644538551.5730054,False
3852,+87363+19367,17.398121264133557,78.4799673194337,built_up,Medium,39.11618,0.1755535,Cool roof,427048.7603795299,1.0,2.3416529745017237e-06,1644965600.333385,False
3853,+87363+19377,17.40710441697421,78.4799673194337,built_up,Medium,39.11606,0.21017782,Cool roof,427028.28738481377,1.0,2.3417652402470857e-06,1645392628.6207697,False
3854,+87356+19355,17.387341480724775,78.47367911244524,built_up,Medium,39.11551,0.20586051,Cool roof,427073.3143560538,1.0,2.341518344473974e-06,1645819701.9351258,False
3855,+87361+19361,17.392731372429168,78.47817068886556,built_up,Medium,39.11447,0.22340848,Cool roof,427061.0392247119,1.0,2.3415856473711663e-06,1646246762.9743505,False
3856,+87377+19395,17.423274092087386,78.49254373341061,built_up,Medium,39.11432,0.1639597,Cool roof,426991.4099993005,1.0,2.3419674882959313e-06,1646673754.3843498,False
3857,+87327+19402,17.42956229907584,78.44762796920735,built_up,Medium,39.112885,0.17659977,Cool roof,426977.0597681764,1.0,2.3420461992570315e-06,1647100731.444118,False
3858,+87376+19413,17.439443767200558,78.49164541812655,built_up,Medium,39.112335,0.18969172,Cool roof,426954.49919357605,1.0,2.342169954617604e-06,1647527685.9433117,False
3859,+87315+19358,17.39003642657697,78.43684818579857,built_up,Medium,39.11209,0.20544934,Cool roof,427067.17725461826,1.0,2.34155199289361e-06,1647954753.1205664,False
3860,+87333+19371,17.40171452526982,78.45301786091174,built_up,Medium,39.111847,0.3090502,Cool roof,427040.5724195397,1.0,2.341697872720077e-06,1648381793.692986,False
3861,+87397+19384,17.413392623962668,78.51051003909191,built_up,Medium,39.111664,0.1826501,Cool roof,427013.9501507122,1.0,2.341843866335176e-06,1648808807.6431367,False
3862,+87392+19416,17.442138713052756,78.50601846267159,built_up,Medium,39.11136,0.2992708,Cool roof,426948.3441435965,1.0,2.342203720231944e-06,1649235755.9872804,False
3863,+87359+19416,17.442138713052756,78.47637405829744,built_up,Medium,39.111237,0.24284002,Cool roof,426948.3441435965,1.0,2.342203720231944e-06,1649662704.331424,False
3864,+87404+19391,17.419680830951123,78.51679824608037,built_up,Medium,39.1109,0.19196004,Cool roof,426999.6078621065,1.0,2.3419225254252125e-06,1650089703.939286,False
3865,+87342+19378,17.408002732258275,78.46110269846832,built_up,Medium,39.11081,0.29398668,Cool roof,427026.23951797804,1.0,2.341776470525061e-06,1650516730.178804,False
3866,+87413+19418,17.443935343620886,78.52488308363696,built_up,Medium,39.11075,0.24411477,Cool roof,426944.24026124045,1.0,2.3422262340115322e-06,1650943674.4190652,False
3867,+87391+19367,17.398121264133557,78.50512014738753,built_up,Medium,39.109955,0.20725992,Cool roof,427048.7603795299,1.0,2.3416529745017237e-06,1651370723.1794448,False
3868,+87368+19368,17.399019579417622,78.48445889585402,built_up,Medium,39.10965,0.23889293,Cool roof,427046.71354427113,1.0,2.3416641980464084e-06,1651797769.8929892,False
3869,+87320+19350,17.38284990430445,78.44133976221889,built_up,Medium,39.109467,0.29208928,Cool roof,427083.5407951495,1.0,2.3414622772354733e-06,1652224853.4337842,False
3870,+87366+19356,17.38823979600884,78.4826622652859,built_up,Medium,39.1091,0.28200158,Cool roof,427071.26875873934,1.0,2.3415295599407763e-06,1652651924.702543,False
3871,+87377+19391,17.419680830951123,78.49254373341061,built_up,Medium,39.10898,0.16813007,Cool roof,426999.6078621065,1.0,2.3419225254252125e-06,1653078924.310405,False
3872,+87402+19390,17.418782515667058,78.51500161551225,built_up,Medium,39.108063,0.20349981,Cool roof,427001.65706993314,1.0,2.341911286391619e-06,1653505925.967475,False
3873,+87411+19394,17.42237577680332,78.52308645306883,built_up,Medium,39.10794,0.1748605,Cool roof,426993.45961972617,1.0,2.341956246567769e-06,1653932919.4270947,False
3874,+87332+19379,17.40890104754234,78.45211954562768,built_up,Medium,39.10721,0.21036744,Cool roof,427024.1915479869,1.0,2.3417877014764513e-06,1654359943.6186426,False
3875,+87353+19361,17.392731372429168,78.47098416659304,built_up,Medium,39.106567,0.15922664,Cool roof,427061.0392247119,1.0,2.3415856473711663e-06,1654787004.6578672,False
3876,+87349+19416,17.442138713052756,78.46739090545678,built_up,Medium,39.106293,0.25356176,Cool roof,426948.3441435965,1.0,2.342203720231944e-06,1655213953.0020108,False
3877,+87413+19354,17.38644316544071,78.52488308363696,built_up,Medium,39.106293,0.19537999,Cool roof,427075.35985020373,1.0,2.3415071296802258e-06,1655641028.361861,False
3878,+87385+19403,17.43046061435991,78.49973025568313,built_up,Medium,39.105743,0.25116488,Cool roof,426975.0093225714,1.0,2.3420574463750857e-06,1656068003.3711836,False
3879,+87387+19398,17.42596903793958,78.50152688625127,built_up,Medium,39.104828,0.273154,Cool roof,426985.2605191322,1.0,2.3420012175225717e-06,1656494988.6317027,False
3880,+87408+19383,17.412494308678603,78.52039150721663,built_up,Medium,39.104218,0.33477706,Cool roof,427015.99863647495,1.0,2.341832632016476e-06,1656922004.6303391,False
3881,+87319+19406,17.433155560212104,78.44044144693483,built_up,Medium,39.104065,0.21103701,Cool roof,426968.857366884,1.0,2.3420911917721534e-06,1657348973.487706,False
3882,+87401+19377,17.40710441697421,78.51410330022817,built_up,Medium,39.103363,0.34912443,Cool roof,427028.28738481377,1.0,2.3417652402470857e-06,1657776001.7750907,False
3883,+87365+19375,17.40530778640608,78.48176395000183,built_up,Medium,39.103302,0.21222085,Cool roof,427032.38280901685,1.0,2.3417427817113192e-06,1658203034.1578996,False
3884,+87338+19367,17.398121264133557,78.45750943733206,built_up,Medium,39.10324,0.3507737,Cool roof,427048.7603795299,1.0,2.3416529745017237e-06,1658630082.9182792,False
3885,+87344+19380,17.409799362826405,78.46289932903646,built_up,Medium,39.10324,0.17031221,Cool roof,427022.1434748407,1.0,2.3417989331012717e-06,1659057105.061754,False
3886,+87383+19410,17.436748821348363,78.497933625115,built_up,Medium,39.1026,0.21336538,Cool roof,426960.65331528033,1.0,2.3421361950689414e-06,1659484065.7150693,False
3887,+87360+19373,17.40351115583795,78.4772723735815,built_up,Medium,39.101776,0.2548726,Cool roof,427036.4778205931,1.0,2.341720325869025e-06,1659911102.19289,False
3888,+87388+19368,17.399019579417622,78.50242520153533,built_up,Medium,39.101654,0.19615102,Cool roof,427046.71354427113,1.0,2.3416641980464084e-06,1660338148.9064343,False
3889,+87345+19419,17.44483365890495,78.46379764432052,built_up,Medium,39.101532,0.20706779,Cool roof,426942.18816535256,1.0,2.3422374919123827e-06,1660765091.0945997,False
3890,+87392+19369,17.399917894701687,78.50601846267159,built_up,Medium,39.10135,0.2233152,Cool roof,427044.66660585295,1.0,2.3416754222643517e-06,1661192135.7612057,False
3891,+87405+19400,17.42776566850771,78.51769656136443,built_up,Medium,39.099762,0.20128861,Cool roof,426981.160349948,1.0,2.3420237070422817e-06,1661619116.9215555,False
3892,+87402+19406,17.433155560212104,78.51500161551225,built_up,Medium,39.099457,0.18359064,Cool roof,426968.857366884,1.0,2.3420911917721534e-06,1662046085.7789223,False
3893,+87406+19365,17.396324633565428,78.5185948766485,built_up,Medium,39.099457,0.21875197,Cool roof,427052.85374056763,1.0,2.341630529432066e-06,1662473138.6326628,False
3894,+87350+19373,17.40351115583795,78.46828922074084,built_up,Medium,39.099426,0.3041838,Cool roof,427036.4778205931,1.0,2.341720325869025e-06,1662900175.1104834,False
3895,+87366+19357,17.389138111292905,78.4826622652859,built_up,Medium,39.09842,0.32286987,Cool roof,427069.2230582606,1.0,2.3415407760806503e-06,1663327244.3335416,False
3896,+87376+19381,17.410697678110473,78.49164541812655,built_up,Medium,39.097992,0.20890236,Cool roof,427020.0952985397,1.0,2.3418101653995388e-06,1663754264.4288402,False
3897,+87377+19401,17.428663983791775,78.49254373341061,built_up,Medium,39.09781,0.3455764,Cool roof,426979.11011063546,1.0,2.3420349528127683e-06,1664181243.5389507,False
3898,+87322+19398,17.42596903793958,78.44313639278703,built_up,Medium,39.097504,0.22646339,Cool roof,426985.2605191322,1.0,2.3420012175225717e-06,1664608228.7994697,False
3899,+87364+19371,17.40171452526982,78.48086563471776,built_up,Medium,39.097504,0.18310612,Cool roof,427040.5724195397,1.0,2.341697872720077e-06,1665035269.3718894,False
3900,+87411+19366,17.397222948849492,78.52308645306883,built_up,Medium,39.097473,0.25995559,Cool roof,427050.8071116288,1.0,2.3416417516302816e-06,1665462320.179001,False
3901,+87374+19382,17.41159599339454,78.48984878755842,built_up,Medium,39.095764,0.20133409,Cool roof,427018.0470190842,1.0,2.3418213983712686e-06,1665889338.22602,False
3902,+87354+19357,17.389138111292905,78.47188248187712,built_up,Medium,39.095123,0.2815746,Cool roof,427069.2230582606,1.0,2.3415407760806503e-06,1666316407.4490783,False
3903,+87366+19341,17.374765066747862,78.4826622652859,built_up,Medium,39.094727,0.2763259,Cool roof,427101.94188599556,1.0,2.3413613986024103e-06,1666743509.3909643,False
3904,+87329+19404,17.431358929643974,78.44942459977548,built_up,Medium,39.094208,0.23096071,Cool roof,426972.9587738207,1.0,2.342068694166947e-06,1667170482.3497381,False
3905,+87320+19406,17.433155560212104,78.44133976221889,built_up,Medium,39.09369,0.16388607,Cool roof,426968.857366884,1.0,2.3420911917721534e-06,1667597451.207105,False
3906,+87399+19384,17.413392623962668,78.51230666966005,built_up,Medium,39.093597,0.1705181,Cool roof,427013.9501507122,1.0,2.341843866335176e-06,1668024465.1572556,False
3907,+87329+19369,17.399917894701687,78.44942459977548,built_up,Medium,39.093445,0.27005997,Cool roof,427044.66660585295,1.0,2.3416754222643517e-06,1668451509.8238616,False
3908,+87375+19370,17.400816209985756,78.49074710284248,built_up,Medium,39.093445,0.21972357,Cool roof,427042.6195642755,1.0,2.3416866471555702e-06,1668878552.443426,False
3909,+87388+19369,17.399917894701687,78.50242520153533,built_up,Medium,39.093414,0.25867996,Cool roof,427044.66660585295,1.0,2.3416754222643517e-06,1669305597.1100318,False
3910,+87343+19373,17.40351115583795,78.4620010137524,built_up,Medium,39.09207,0.19366571,Cool roof,427036.4778205931,1.0,2.341720325869025e-06,1669732633.5878525,False
3911,+87379+19349,17.381951589020385,78.49434036397874,built_up,Medium,39.0907,0.3435564,Cool roof,427085.5857734706,1.0,2.341451065806767e-06,1670159719.173626,False
3912,+87329+19383,17.412494308678603,78.44942459977548,built_up,Medium,39.090668,0.2202186,Cool roof,427015.99863647495,1.0,2.341832632016476e-06,1670586735.1722624,False
3913,+87402+19403,17.43046061435991,78.51500161551225,built_up,Medium,39.0903,0.18626256,Cool roof,426975.0093225714,1.0,2.3420574463750857e-06,1671013710.181585,False
3914,+87346+19405,17.43225724492804,78.46469595960458,built_up,Medium,39.09024,0.28966275,Cool roof,426970.90812192473,1.0,2.3420799426326314e-06,1671440681.089707,False
3915,+87406+19344,17.377460012600057,78.5185948766485,built_up,Medium,39.089935,0.26914907,Cool roof,427095.80911756353,1.0,2.3413950187573424e-06,1671867776.8988245,False
3916,+87357+19358,17.39003642657697,78.4745774277293,built_up,Medium,39.08908,0.17028192,Cool roof,427067.17725461826,1.0,2.34155199289361e-06,1672294844.0760791,False
3917,+87399+19354,17.38644316544071,78.51230666966005,built_up,Medium,39.088593,0.23294741,Cool roof,427075.35985020373,1.0,2.3415071296802258e-06,1672721919.4359293,False
3918,+87381+19382,17.41159599339454,78.49613699454687,built_up,Medium,39.08725,0.20634983,Cool roof,427018.0470190842,1.0,2.3418213983712686e-06,1673148937.4829483,False
3919,+87388+19366,17.397222948849492,78.50242520153533,built_up,Medium,39.086823,0.17971274,Cool roof,427050.8071116288,1.0,2.3416417516302816e-06,1673575988.29006,False
3920,+87381+19379,17.40890104754234,78.49613699454687,built_up,Medium,39.08673,0.21347943,Cool roof,427024.1915479869,1.0,2.3417877014764513e-06,1674003012.481608,False
3921,+87354+19367,17.398121264133557,78.47188248187712,built_up,Medium,39.08618,0.2270217,Cool roof,427048.7603795299,1.0,2.3416529745017237e-06,1674430061.2419875,False
3922,+87367+19366,17.397222948849492,78.48356058056996,built_up,Medium,39.08612,0.28224263,Cool roof,427050.8071116288,1.0,2.3416417516302816e-06,1674857112.0490992,False
3923,+87356+19359,17.390934741861038,78.47367911244524,built_up,Medium,39.085968,0.1647307,Cool roof,427065.1313478123,1.0,2.3415632103796727e-06,1675284177.180447,False
3924,+87318+19362,17.393629687713233,78.43954313165077,built_up,Medium,39.085754,0.18796371,Cool roof,427058.9930084181,1.0,2.3415968668766287e-06,1675711236.1734555,False
3925,+87345+19375,17.40530778640608,78.46379764432052,built_up,Medium,39.08542,0.19715476,Cool roof,427032.38280901685,1.0,2.3417427817113192e-06,1676138268.5562644,False
3926,+87403+19374,17.404409471122015,78.51589993079631,built_up,Medium,39.083893,0.20378931,Cool roof,427034.4303663836,1.0,2.3417315534534955e-06,1676565302.9866307,False
3927,+87408+19420,17.445731974189016,78.52039150721663,built_up,Medium,39.08377,0.23677707,Cool roof,426940.13596632547,1.0,2.342248750487291e-06,1676992243.122597,False
3928,+87370+19373,17.40351115583795,78.48625552642216,built_up,Medium,39.08313,0.22545546,Cool roof,427036.4778205931,1.0,2.341720325869025e-06,1677419279.6004176,False
3929,+87349+19363,17.394528002997298,78.46739090545678,built_up,Medium,39.082764,0.17328887,Cool roof,427056.9466889627,1.0,2.3416080870552553e-06,1677846336.5471065,False
3930,+87340+19378,17.408002732258275,78.4593060679002,built_up,Medium,39.08191,0.1869155,Cool roof,427026.23951797804,1.0,2.341776470525061e-06,1678273362.7866244,False
3931,+87321+19406,17.433155560212104,78.44223807750296,built_up,Medium,39.081696,0.15796885,Cool roof,426968.857366884,1.0,2.3420911917721534e-06,1678700331.6439912,False
3932,+87327+19410,17.436748821348363,78.44762796920735,built_up,Medium,39.0813,0.2098657,Cool roof,426960.65331528033,1.0,2.3421361950689414e-06,1679127292.2973065,False
3933,+87395+19390,17.418782515667058,78.50871340852379,built_up,Medium,39.080048,0.22715363,Cool roof,427001.65706993314,1.0,2.341911286391619e-06,1679554293.9543765,False
3934,+87408+19382,17.41159599339454,78.52039150721663,built_up,Medium,39.079987,0.26025853,Cool roof,427018.0470190842,1.0,2.3418213983712686e-06,1679981312.0013955,False
3935,+87337+19419,17.44483365890495,78.456611122048,built_up,Medium,39.079895,0.25983402,Cool roof,426942.18816535256,1.0,2.3422374919123827e-06,1680408254.189561,False
3936,+87395+19414,17.440342082484626,78.50871340852379,built_up,Medium,39.07956,0.27364674,Cool roof,426952.4476133907,1.0,2.3421812091483994e-06,1680835206.6371744,False
3937,+87355+19414,17.440342082484626,78.47278079716118,built_up,Medium,39.079376,0.24224986,Cool roof,426952.4476133907,1.0,2.3421812091483994e-06,1681262159.0847878,False
3938,+87356+19417,17.44303702833682,78.47367911244524,built_up,Medium,39.079132,0.24185038,Cool roof,426946.29225398856,1.0,2.3422149767847243e-06,1681689105.3770418,False
3939,+87409+19366,17.397222948849492,78.5212898225007,built_up,Medium,39.078888,0.19449776,Cool roof,427050.8071116288,1.0,2.3416417516302816e-06,1682116156.1841536,False
3940,+87405+19365,17.396324633565428,78.51769656136443,built_up,Medium,39.078827,0.2286052,Cool roof,427052.85374056763,1.0,2.341630529432066e-06,1682543209.037894,False
3941,+87357+19372,17.402612840553886,78.4745774277293,built_up,Medium,39.07834,0.27045125,Cool roof,427038.5251716453,1.0,2.3417090989578906e-06,1682970247.5630658,False
3942,+87356+19360,17.391833057145103,78.47367911244524,built_up,Medium,39.078217,0.14908455,Cool roof,427063.08533784345,1.0,2.3415744285388524e-06,1683397310.6484036,False
3943,+87370+19387,17.416087569814863,78.48625552642216,built_up,Medium,39.078033,0.17388788,Cool roof,427007.8040745065,1.0,2.341877573332395e-06,1683824318.4524782,False
3944,+87358+19417,17.44303702833682,78.47547574301338,built_up,Medium,39.07794,0.23933707,Cool roof,426946.29225398856,1.0,2.3422149767847243e-06,1684251264.7447321,False
3945,+87329+19386,17.415189254530798,78.44942459977548,built_up,Medium,39.0773,0.20607118,Cool roof,427009.85286972753,1.0,2.34186633699312e-06,1684678274.597602,False
3946,+87380+19410,17.436748821348363,78.49523867926281,built_up,Medium,39.076538,0.20376602,Cool roof,426960.65331528033,1.0,2.3421361950689414e-06,1685105235.2509172,False
3947,+87399+19344,17.377460012600057,78.51230666966005,built_up,Medium,39.076202,0.30089748,Cool roof,427095.80911756353,1.0,2.3413950187573424e-06,1685532331.0600348,False
3948,+87346+19344,17.377460012600057,78.46469595960458,built_up,Medium,39.0755,0.17450556,Cool roof,427095.80911756353,1.0,2.3413950187573424e-06,1685959426.8691523,False
3949,+87403+19402,17.42956229907584,78.51589993079631,built_up,Medium,39.07544,0.18900412,Cool roof,426977.0597681764,1.0,2.3420461992570315e-06,1686386403.9289205,False
3950,+87406+19418,17.443935343620886,78.5185948766485,built_up,Medium,39.07538,0.24965993,Cool roof,426944.24026124045,1.0,2.3422262340115322e-06,1686813348.1691818,False
3951,+87356+19358,17.39003642657697,78.47367911244524,built_up,Medium,39.075287,0.19337843,Cool roof,427067.17725461826,1.0,2.34155199289361e-06,1687240415.3464365,False
3952,+87368+19341,17.374765066747862,78.48445889585402,built_up,Medium,39.075104,0.30263844,Cool roof,427101.94188599556,1.0,2.3413613986024103e-06,1687667517.2883224,False
3953,+87333+19379,17.40890104754234,78.45301786091174,built_up,Medium,39.074432,0.16854732,Cool roof,427024.1915479869,1.0,2.3417877014764513e-06,1688094541.4798703,False
3954,+87342+19380,17.409799362826405,78.46110269846832,built_up,Medium,39.07184,0.20186564,Cool roof,427022.1434748407,1.0,2.3417989331012717e-06,1688521563.6233451,False
3955,+87318+19419,17.44483365890495,78.43954313165077,built_up,Medium,39.07126,0.32391843,Cool roof,426942.18816535256,1.0,2.3422374919123827e-06,1688948505.8115106,False
3956,+87338+19379,17.40890104754234,78.45750943733206,built_up,Medium,39.07077,0.19174215,Cool roof,427024.1915479869,1.0,2.3417877014764513e-06,1689375530.0030584,False
3957,+87381+19397,17.425070722655516,78.49613699454687,built_up,Medium,39.070526,0.22491162,Cool roof,426987.3104490032,1.0,2.3419899737733167e-06,1689802517.3135073,False
3958,+87376+19396,17.42417240737145,78.49164541812655,built_up,Medium,39.070282,0.2505744,Cool roof,426989.3602757261,1.0,2.341978730697775e-06,1690229506.673783,False
3959,+87361+19360,17.391833057145103,78.47817068886556,built_up,Medium,39.07016,0.2492881,Cool roof,427063.08533784345,1.0,2.3415744285388524e-06,1690656569.759121,False
3960,+87389+19393,17.421477461519256,78.50332351681939,built_up,Medium,39.069916,0.28889734,Cool roof,426995.50913700275,1.0,2.341945005513271e-06,1691083565.2682579,False
3961,+87369+19370,17.400816209985756,78.4853572111381,built_up,Medium,39.06967,0.22460215,Cool roof,427042.6195642755,1.0,2.3416866471555702e-06,1691510607.8878222,False
3962,+87367+19373,17.40351115583795,78.48356058056996,built_up,Medium,39.06952,0.21722081,Cool roof,427036.4778205931,1.0,2.341720325869025e-06,1691937644.3656428,False
3963,+87409+19340,17.373866751463797,78.5212898225007,built_up,Medium,39.069305,0.17050596,Cool roof,427103.9859357997,1.0,2.3413501932297943e-06,1692364748.3515785,False
3964,+87400+19408,17.434952190780233,78.51320498494411,built_up,Medium,39.069275,0.25600392,Cool roof,426964.7555473694,1.0,2.3421136920727768e-06,1692791713.1071258,False
3965,+87331+19408,17.434952190780233,78.4512212303436,built_up,Medium,39.06888,0.19197491,Cool roof,426964.7555473694,1.0,2.3421136920727768e-06,1693218677.862673,False
3966,+87378+19396,17.42417240737145,78.49344204869467,built_up,Medium,39.068512,0.20205167,Cool roof,426989.3602757261,1.0,2.341978730697775e-06,1693645667.2229488,False
3967,+87403+19380,17.409799362826405,78.51589993079631,built_up,Medium,39.06839,0.19733448,Cool roof,427022.1434748407,1.0,2.3417989331012717e-06,1694072689.3664236,False
3968,+87313+19362,17.393629687713233,78.43505155523043,built_up,Medium,39.06772,0.2532619,Cool roof,427058.9930084181,1.0,2.3415968668766287e-06,1694499748.359432,False
3969,+87320+19418,17.443935343620886,78.44133976221889,built_up,Medium,39.067535,0.15840119,Cool roof,426944.24026124045,1.0,2.3422262340115322e-06,1694926692.5996933,False
3970,+87388+19364,17.395426318281363,78.50242520153533,built_up,Medium,39.066742,0.2775719,Cool roof,427054.9002663456,1.0,2.341619307907063e-06,1695353747.4999597,False
3971,+87332+19366,17.397222948849492,78.45211954562768,built_up,Medium,39.06665,0.25306368,Cool roof,427050.8071116288,1.0,2.3416417516302816e-06,1695780798.3070714,False
3972,+87332+19360,17.391833057145103,78.45211954562768,built_up,Medium,39.066437,0.26420376,Cool roof,427063.08533784345,1.0,2.3415744285388524e-06,1696207861.3924093,False
3973,+87331+19366,17.397222948849492,78.4512212303436,built_up,Medium,39.066223,0.31391868,Cool roof,427050.8071116288,1.0,2.3416417516302816e-06,1696634912.199521,False
3974,+87375+19392,17.42057914623519,78.49074710284248,built_up,Medium,39.065857,0.16862741,Cool roof,426997.55855112965,1.0,2.3419337651324247e-06,1697061909.7580721,False
3975,+87326+19412,17.438545451916493,78.44672965392328,built_up,Medium,39.065613,0.26217094,Cool roof,426956.55067061976,1.0,2.342158700760773e-06,1697488866.3087428,False
3976,+87345+19382,17.41159599339454,78.46379764432052,built_up,Medium,39.06424,0.17818046,Cool roof,427018.0470190842,1.0,2.3418213983712686e-06,1697915884.3557618,False
3977,+87368+19365,17.396324633565428,78.48445889585402,built_up,Medium,39.064056,0.28236678,Cool roof,427052.85374056763,1.0,2.341630529432066e-06,1698342937.2095022,False
3978,+87383+19411,17.437647136632428,78.497933625115,built_up,Medium,39.063995,0.19655216,Cool roof,426958.6020445212,1.0,2.3421474475778915e-06,1698769895.8115468,False
3979,+87402+19382,17.41159599339454,78.51500161551225,built_up,Medium,39.063904,0.17839094,Cool roof,427018.0470190842,1.0,2.3418213983712686e-06,1699196913.8585658,False
3980,+87351+19413,17.439443767200558,78.46918753602492,built_up,Medium,39.062225,0.19969088,Cool roof,426954.49919357605,1.0,2.342169954617604e-06,1699623868.3577595,False
3981,+87371+19390,17.418782515667058,78.48715384170622,built_up,Medium,39.062164,0.30564272,Cool roof,427001.65706993314,1.0,2.341911286391619e-06,1700050870.0148294,False
3982,+87369+19386,17.415189254530798,78.4853572111381,built_up,Medium,39.062103,0.23938389,Cool roof,427009.85286972753,1.0,2.34186633699312e-06,1700477879.8676991,False
3983,+87344+19348,17.38105327373632,78.46289932903646,built_up,Medium,39.061615,0.24275719,Cool roof,427087.63064862473,1.0,2.3414398550510214e-06,1700904967.4983478,False
3984,+87373+19371,17.40171452526982,78.48895047227435,built_up,Medium,39.061554,0.16768794,Cool roof,427040.5724195397,1.0,2.341697872720077e-06,1701332008.0707674,False
3985,+87399+19408,17.434952190780233,78.51230666966005,built_up,Medium,39.061005,0.32102945,Cool roof,426964.7555473694,1.0,2.3421136920727768e-06,1701758972.8263147,False
3986,+87338+19414,17.440342082484626,78.45750943733206,built_up,Medium,39.06015,0.2895652,Cool roof,426952.4476133907,1.0,2.3421812091483994e-06,1702185925.2739282,False
3987,+87374+19397,17.425070722655516,78.48984878755842,built_up,Medium,39.059906,0.29418698,Cool roof,426987.3104490032,1.0,2.3419899737733167e-06,1702612912.584377,False
3988,+87334+19401,17.428663983791775,78.4539161761958,built_up,Medium,39.059387,0.17264804,Cool roof,426979.11011063546,1.0,2.3420349528127683e-06,1703039891.6944876,False
3989,+87355+19354,17.38644316544071,78.47278079716118,built_up,Medium,39.058746,0.19898577,Cool roof,427075.35985020373,1.0,2.3415071296802258e-06,1703466967.0543377,False
3990,+87361+19362,17.393629687713233,78.47817068886556,built_up,Medium,39.058746,0.20468128,Cool roof,427058.9930084181,1.0,2.3415968668766287e-06,1703894026.047346,False
3991,+87332+19399,17.426867353223646,78.45211954562768,built_up,Medium,39.05777,0.16284272,Cool roof,426983.2104861137,1.0,2.3420124619455547e-06,1704321009.2578323,False
3992,+87401+19369,17.399917894701687,78.51410330022817,built_up,Medium,39.05777,0.17161037,Cool roof,427044.66660585295,1.0,2.3416754222643517e-06,1704748053.9244382,False
3993,+87369+19415,17.44124039776869,78.4853572111381,built_up,Medium,39.057556,0.25545624,Cool roof,426950.395930064,1.0,2.342192464353174e-06,1705175004.3203683,False
3994,+87403+19390,17.418782515667058,78.51589993079631,built_up,Medium,39.057465,0.20351914,Cool roof,427001.65706993314,1.0,2.341911286391619e-06,1705602005.9774382,False
3995,+87400+19399,17.426867353223646,78.51320498494411,built_up,Medium,39.05725,0.19067061,Cool roof,426983.2104861137,1.0,2.3420124619455547e-06,1706028989.1879244,False
3996,+87347+19419,17.44483365890495,78.46559427488866,built_up,Medium,39.056915,0.17857525,Cool roof,426942.18816535256,1.0,2.3422374919123827e-06,1706455931.3760898,False
3997,+87364+19372,17.402612840553886,78.48086563471776,built_up,Medium,39.056366,0.20832227,Cool roof,427038.5251716453,1.0,2.3417090989578906e-06,1706882969.9012616,False
3998,+87389+19399,17.426867353223646,78.50332351681939,built_up,Medium,39.056183,0.3166028,Cool roof,426983.2104861137,1.0,2.3420124619455547e-06,1707309953.1117477,False
3999,+87397+19373,17.40351115583795,78.51051003909191,built_up,Medium,39.055695,0.25243974,Cool roof,427036.4778205931,1.0,2.341720325869025e-06,1707736989.5895684,False
4000,+87379+19394,17.42237577680332,78.49434036397874,built_up,Medium,39.055573,0.17160347,Cool roof,426993.45961972617,1.0,2.341956246567769e-06,1708163983.0491881,False
4001,+87313+19387,17.416087569814863,78.43505155523043,built_up,Medium,39.05478,0.30289674,Cool roof,427007.8040745065,1.0,2.341877573332395e-06,1708590990.8532627,False
4002,+87387+19391,17.419680830951123,78.50152688625127,built_up,Medium,39.05426,0.18645409,Cool roof,426999.6078621065,1.0,2.3419225254252125e-06,1709017990.4611247,False
4003,+87386+19368,17.399019579417622,78.5006285709672,built_up,Medium,39.05374,0.21516082,Cool roof,427046.71354427113,1.0,2.3416641980464084e-06,1709445037.174669,False
4004,+87408+19418,17.443935343620886,78.52039150721663,built_up,Medium,39.05365,0.19855975,Cool roof,426944.24026124045,1.0,2.3422262340115322e-06,1709871981.4149303,False
4005,+87354+19371,17.40171452526982,78.47188248187712,built_up,Medium,39.053497,0.26900724,Cool roof,427040.5724195397,1.0,2.341697872720077e-06,1710299021.98735,False
4006,+87377+19361,17.392731372429168,78.49254373341061,built_up,Medium,39.053314,0.24588856,Cool roof,427061.0392247119,1.0,2.3415856473711663e-06,1710726083.0265746,False
4007,+87330+19421,17.44663028947308,78.45032291505954,built_up,Medium,39.053192,0.21410668,Cool roof,426938.0836641594,1.0,2.3422600097362737e-06,1711153021.1102388,False
4008,+87387+19394,17.42237577680332,78.50152688625127,built_up,Medium,39.05298,0.21491933,Cool roof,426993.45961972617,1.0,2.341956246567769e-06,1711580014.5698586,False
4009,+87380+19411,17.437647136632428,78.49523867926281,built_up,Medium,39.052765,0.17081363,Cool roof,426958.6020445212,1.0,2.3421474475778915e-06,1712006973.1719031,False
4010,+87345+19349,17.381951589020385,78.46379764432052,built_up,Medium,39.052643,0.22915672,Cool roof,427085.5857734706,1.0,2.341451065806767e-06,1712434058.7576766,False
4011,+87380+19383,17.412494308678603,78.49523867926281,built_up,Medium,39.051422,0.30046904,Cool roof,427015.99863647495,1.0,2.341832632016476e-06,1712861074.756313,False
4012,+87329+19407,17.43405387549617,78.44942459977548,built_up,Medium,39.051178,0.2364138,Cool roof,426966.80650869873,1.0,2.3421024415855304e-06,1713288041.5628219,False
4013,+87340+19413,17.439443767200558,78.4593060679002,built_up,Medium,39.050995,0.26371384,Cool roof,426954.49919357605,1.0,2.342169954617604e-06,1713714996.0620155,False
4014,+87347+19363,17.394528002997298,78.46559427488866,built_up,Medium,39.050873,0.2725248,Cool roof,427056.9466889627,1.0,2.3416080870552553e-06,1714142053.0087044,False
4015,+87344+19373,17.40351115583795,78.46289932903646,built_up,Medium,39.050262,0.21390535,Cool roof,427036.4778205931,1.0,2.341720325869025e-06,1714569089.486525,False
4016,+87379+19403,17.43046061435991,78.49434036397874,built_up,Medium,39.05014,0.21568471,Cool roof,426975.0093225714,1.0,2.3420574463750857e-06,1714996064.4958477,False
4017,+87401+19401,17.428663983791775,78.51410330022817,built_up,Medium,39.04904,0.15124385,Cool roof,426979.11011063546,1.0,2.3420349528127683e-06,1715423043.6059582,False
4018,+87407+19394,17.42237577680332,78.51949319193257,built_up,Medium,39.048187,0.21392557,Cool roof,426993.45961972617,1.0,2.341956246567769e-06,1715850037.065578,False
4019,+87328+19383,17.412494308678603,78.44852628449141,built_up,Medium,39.048004,0.23125875,Cool roof,427015.99863647495,1.0,2.341832632016476e-06,1716277053.0642145,False
4020,+87356+19412,17.438545451916493,78.47367911244524,built_up,Medium,39.04721,0.27347508,Cool roof,426956.55067061976,1.0,2.342158700760773e-06,1716704009.614885,False
4021,+87377+19380,17.409799362826405,78.49254373341061,built_up,Medium,39.046417,0.17654817,Cool roof,427022.1434748407,1.0,2.3417989331012717e-06,1717131031.75836,False
4022,+87346+19366,17.397222948849492,78.46469595960458,built_up,Medium,39.04477,0.2929945,Cool roof,427050.8071116288,1.0,2.3416417516302816e-06,1717558082.5654716,False
4023,+87391+19384,17.413392623962668,78.50512014738753,built_up,Medium,39.044586,0.18985869,Cool roof,427013.9501507122,1.0,2.341843866335176e-06,1717985096.5156224,False
4024,+87326+19383,17.412494308678603,78.44672965392328,built_up,Medium,39.044342,0.19174598,Cool roof,427015.99863647495,1.0,2.341832632016476e-06,1718412112.5142589,False
4025,+87391+19368,17.399019579417622,78.50512014738753,built_up,Medium,39.04428,0.16356556,Cool roof,427046.71354427113,1.0,2.3416641980464084e-06,1718839159.2278032,False
4026,+87371+19373,17.40351115583795,78.48715384170622,built_up,Medium,39.04315,0.27940965,Cool roof,427036.4778205931,1.0,2.341720325869025e-06,1719266195.7056239,False
4027,+87385+19396,17.42417240737145,78.49973025568313,built_up,Medium,39.042633,0.2424572,Cool roof,426989.3602757261,1.0,2.341978730697775e-06,1719693185.0658996,False
4028,+87368+19416,17.442138713052756,78.48445889585402,built_up,Medium,39.04239,0.23415132,Cool roof,426948.3441435965,1.0,2.342203720231944e-06,1720120133.4100432,False
4029,+87403+19383,17.412494308678603,78.51589993079631,built_up,Medium,39.042145,0.16769946,Cool roof,427015.99863647495,1.0,2.341832632016476e-06,1720547149.4086797,False
4030,+87387+19402,17.42956229907584,78.50152688625127,built_up,Medium,39.040558,0.21529661,Cool roof,426977.0597681764,1.0,2.3420461992570315e-06,1720974126.468448,False
4031,+87399+19389,17.417884200382993,78.51230666966005,built_up,Medium,39.040283,0.28125775,Cool roof,427003.7061746089,1.0,2.3419000480316284e-06,1721401130.1746225,False
4032,+87369+19380,17.409799362826405,78.4853572111381,built_up,Medium,39.039703,0.25208828,Cool roof,427022.1434748407,1.0,2.3417989331012717e-06,1721828152.3180974,False
4033,+87411+19419,17.44483365890495,78.52308645306883,built_up,Medium,39.0394,0.202072,Cool roof,426942.18816535256,1.0,2.3422374919123827e-06,1722255094.5062628,False
4034,+87392+19356,17.38823979600884,78.50601846267159,built_up,Medium,39.039307,0.19981152,Cool roof,427071.26875873934,1.0,2.3415295599407763e-06,1722682165.7750216,False
4035,+87387+19342,17.375663382031927,78.50152688625127,built_up,Medium,39.03824,0.26254565,Cool roof,427099.8977330211,1.0,2.341372604647864e-06,1723109265.6727545,False
4036,+87368+19369,17.399917894701687,78.48445889585402,built_up,Medium,39.037506,0.266984,Cool roof,427044.66660585295,1.0,2.3416754222643517e-06,1723536310.3393605,False
4037,+87353+19416,17.442138713052756,78.47098416659304,built_up,Medium,39.036255,0.22746532,Cool roof,426948.3441435965,1.0,2.342203720231944e-06,1723963258.683504,False
4038,+87365+19376,17.406206101690145,78.48176395000183,built_up,Medium,39.035248,0.24079558,Cool roof,427030.3351484935,1.0,2.34175401064251e-06,1724390289.0186527,False
4039,+87373+19364,17.395426318281363,78.48895047227435,built_up,Medium,39.035126,0.23668018,Cool roof,427054.9002663456,1.0,2.341619307907063e-06,1724817343.918919,False
4040,+87324+19359,17.390934741861038,78.44493302335515,built_up,Medium,39.03354,0.20312959,Cool roof,427065.1313478123,1.0,2.3415632103796727e-06,1725244409.050267,False
4041,+87372+19404,17.431358929643974,78.48805215699028,built_up,Medium,39.033447,0.18131469,Cool roof,426972.9587738207,1.0,2.342068694166947e-06,1725671382.0090408,False
4042,+87324+19407,17.43405387549617,78.44493302335515,built_up,Medium,39.03305,0.16063519,Cool roof,426966.80650869873,1.0,2.3421024415855304e-06,1726098348.8155496,False
4043,+87405+19385,17.414290939246733,78.51769656136443,built_up,Medium,39.032104,0.21996984,Cool roof,427011.90156179626,1.0,2.3418551013273855e-06,1726525360.7171113,False
4044,+87390+19383,17.412494308678603,78.50422183210345,built_up,Medium,39.031708,0.18886988,Cool roof,427015.99863647495,1.0,2.341832632016476e-06,1726952376.7157478,False
4045,+87400+19379,17.40890104754234,78.51320498494411,built_up,Medium,39.030487,0.22941907,Cool roof,427024.1915479869,1.0,2.3417877014764513e-06,1727379400.9072957,False
4046,+87412+19365,17.396324633565428,78.52398476835289,built_up,Medium,39.030212,0.19514947,Cool roof,427052.85374056763,1.0,2.341630529432066e-06,1727806453.7610362,False
4047,+87327+19399,17.426867353223646,78.44762796920735,built_up,Medium,39.029877,0.27418238,Cool roof,426983.2104861137,1.0,2.3420124619455547e-06,1728233436.9715223,False
4048,+87344+19381,17.410697678110473,78.46289932903646,built_up,Medium,39.029877,0.18476957,Cool roof,427020.0952985397,1.0,2.3418101653995388e-06,1728660457.0668209,False
4049,+87366+19376,17.406206101690145,78.4826622652859,built_up,Medium,39.029205,0.16814575,Cool roof,427030.3351484935,1.0,2.34175401064251e-06,1729087487.4019694,False
4050,+87376+19363,17.394528002997298,78.49164541812655,built_up,Medium,39.02884,0.21331339,Cool roof,427056.9466889627,1.0,2.3416080870552553e-06,1729514544.3486583,False
4051,+87344+19362,17.393629687713233,78.46289932903646,built_up,Medium,39.028778,0.25987488,Cool roof,427058.9930084181,1.0,2.3415968668766287e-06,1729941603.3416667,False
4052,+87347+19368,17.399019579417622,78.46559427488866,built_up,Medium,39.02835,0.20795004,Cool roof,427046.71354427113,1.0,2.3416641980464084e-06,1730368650.055211,False
4053,+87361+19363,17.394528002997298,78.47817068886556,built_up,Medium,39.027863,0.21557395,Cool roof,427056.9466889627,1.0,2.3416080870552553e-06,1730795707.0019,False
4054,+87385+19367,17.398121264133557,78.49973025568313,built_up,Medium,39.02704,0.17293315,Cool roof,427048.7603795299,1.0,2.3416529745017237e-06,1731222755.7622795,False
4055,+87372+19371,17.40171452526982,78.48805215699028,built_up,Medium,39.02646,0.19318844,Cool roof,427040.5724195397,1.0,2.341697872720077e-06,1731649796.3346992,False
4056,+87413+19403,17.43046061435991,78.52488308363696,built_up,Medium,39.026337,0.31949934,Cool roof,426975.0093225714,1.0,2.3420574463750857e-06,1732076771.3440218,False
4057,+87384+19365,17.396324633565428,78.49883194039907,built_up,Medium,39.025543,0.25326294,Cool roof,427052.85374056763,1.0,2.341630529432066e-06,1732503824.1977623,False
4058,+87361+19417,17.44303702833682,78.47817068886556,built_up,Medium,39.025238,0.26947773,Cool roof,426946.29225398856,1.0,2.3422149767847243e-06,1732930770.4900162,False
4059,+87343+19419,17.44483365890495,78.4620010137524,built_up,Medium,39.024933,0.21566364,Cool roof,426942.18816535256,1.0,2.3422374919123827e-06,1733357712.6781816,False
4060,+87385+19369,17.399917894701687,78.49973025568313,built_up,Medium,39.023712,0.29508802,Cool roof,427044.66660585295,1.0,2.3416754222643517e-06,1733784757.3447876,False
4061,+87357+19370,17.400816209985756,78.4745774277293,built_up,Medium,39.02231,0.2555378,Cool roof,427042.6195642755,1.0,2.3416866471555702e-06,1734211799.964352,False
4062,+87348+19374,17.404409471122015,78.46649259017272,built_up,Medium,39.021545,0.19778612,Cool roof,427034.4303663836,1.0,2.3417315534534955e-06,1734638834.3947182,False
4063,+87327+19411,17.437647136632428,78.44762796920735,built_up,Medium,39.021515,0.2743264,Cool roof,426958.6020445212,1.0,2.3421474475778915e-06,1735065792.9967628,False
4064,+87383+19366,17.397222948849492,78.497933625115,built_up,Medium,39.020905,0.24465479,Cool roof,427050.8071116288,1.0,2.3416417516302816e-06,1735492843.8038745,False
4065,+87403+19397,17.425070722655516,78.51589993079631,built_up,Medium,39.020325,0.16714299,Cool roof,426987.3104490032,1.0,2.3419899737733167e-06,1735919831.1143234,False
4066,+87338+19374,17.404409471122015,78.45750943733206,built_up,Medium,39.020172,0.20140481,Cool roof,427034.4303663836,1.0,2.3417315534534955e-06,1736346865.5446897,False
4067,+87318+19375,17.40530778640608,78.43954313165077,built_up,Medium,39.02005,0.27161297,Cool roof,427032.38280901685,1.0,2.3417427817113192e-06,1736773897.9274986,False
4068,+87327+19365,17.396324633565428,78.44762796920735,built_up,Medium,39.01779,0.21778713,Cool roof,427052.85374056763,1.0,2.341630529432066e-06,1737200950.781239,False
4069,+87343+19421,17.44663028947308,78.4620010137524,built_up,Medium,39.017426,0.19610552,Cool roof,426938.0836641594,1.0,2.3422600097362737e-06,1737627888.8649032,False
4070,+87406+19417,17.44303702833682,78.5185948766485,built_up,Medium,39.01718,0.24635944,Cool roof,426946.29225398856,1.0,2.3422149767847243e-06,1738054835.1571572,False
4071,+87341+19365,17.396324633565428,78.46020438318426,built_up,Medium,39.016663,0.26584506,Cool roof,427052.85374056763,1.0,2.341630529432066e-06,1738481888.0108976,False
4072,+87358+19371,17.40171452526982,78.47547574301338,built_up,Medium,39.016663,0.18813527,Cool roof,427040.5724195397,1.0,2.341697872720077e-06,1738908928.5833173,False
4073,+87363+19368,17.399019579417622,78.4799673194337,built_up,Medium,39.016388,0.19108316,Cool roof,427046.71354427113,1.0,2.3416641980464084e-06,1739335975.2968616,False
4074,+87384+19402,17.42956229907584,78.49883194039907,built_up,Medium,39.01581,0.2552656,Cool roof,426977.0597681764,1.0,2.3420461992570315e-06,1739762952.3566298,False
4075,+87320+19356,17.38823979600884,78.44133976221889,built_up,Medium,39.015778,0.18972518,Cool roof,427071.26875873934,1.0,2.3415295599407763e-06,1740190023.6253886,False
4076,+87380+19379,17.40890104754234,78.49523867926281,built_up,Medium,39.015778,0.19753703,Cool roof,427024.1915479869,1.0,2.3417877014764513e-06,1740617047.8169365,False
4077,+87394+19403,17.43046061435991,78.50781509323971,built_up,Medium,39.014496,0.28819153,Cool roof,426975.0093225714,1.0,2.3420574463750857e-06,1741044022.8262591,False
4078,+87402+19380,17.409799362826405,78.51500161551225,built_up,Medium,39.01306,0.1700051,Cool roof,427022.1434748407,1.0,2.3417989331012717e-06,1741471044.969734,False
4079,+87346+19363,17.394528002997298,78.46469595960458,built_up,Medium,39.01291,0.1466219,Cool roof,427056.9466889627,1.0,2.3416080870552553e-06,1741898101.9164228,False
4080,+87400+19390,17.418782515667058,78.51320498494411,built_up,Medium,39.011932,0.18868902,Cool roof,427001.65706993314,1.0,2.341911286391619e-06,1742325103.5734928,False
4081,+87376+19393,17.421477461519256,78.49164541812655,built_up,Medium,39.010925,0.2032901,Cool roof,426995.50913700275,1.0,2.341945005513271e-06,1742752099.0826297,False
4082,+87391+19415,17.44124039776869,78.50512014738753,built_up,Medium,39.01071,0.34621054,Cool roof,426950.395930064,1.0,2.342192464353174e-06,1743179049.4785597,False
4083,+87402+19366,17.397222948849492,78.51500161551225,built_up,Medium,39.009857,0.20498262,Cool roof,427050.8071116288,1.0,2.3416417516302816e-06,1743606100.2856715,False
4084,+87349+19369,17.399917894701687,78.46739090545678,built_up,Medium,39.00882,0.31722343,Cool roof,427044.66660585295,1.0,2.3416754222643517e-06,1744033144.9522774,False
4085,+87371+19368,17.399019579417622,78.48715384170622,built_up,Medium,39.00659,0.18954565,Cool roof,427046.71354427113,1.0,2.3416641980464084e-06,1744460191.6658218,False
4086,+87368+19366,17.397222948849492,78.48445889585402,built_up,Medium,39.006226,0.20928107,Cool roof,427050.8071116288,1.0,2.3416417516302816e-06,1744887242.4729335,False
4087,+87335+19403,17.43046061435991,78.45481449147987,built_up,Medium,39.006134,0.23389402,Cool roof,426975.0093225714,1.0,2.3420574463750857e-06,1745314217.4822562,False
4088,+87371+19410,17.436748821348363,78.48715384170622,built_up,Medium,39.0054,0.14886181,Cool roof,426960.65331528033,1.0,2.3421361950689414e-06,1745741178.1355715,False
4089,+87377+19365,17.396324633565428,78.49254373341061,built_up,Medium,39.00528,0.20305917,Cool roof,427052.85374056763,1.0,2.341630529432066e-06,1746168230.989312,False
4090,+87380+19374,17.404409471122015,78.49523867926281,built_up,Medium,39.00467,0.18651508,Cool roof,427034.4303663836,1.0,2.3417315534534955e-06,1746595265.4196782,False
4091,+87398+19381,17.410697678110473,78.51140835437599,built_up,Medium,39.004547,0.22021404,Cool roof,427020.0952985397,1.0,2.3418101653995388e-06,1747022285.5149767,False
4092,+87399+19374,17.404409471122015,78.51230666966005,built_up,Medium,39.003906,0.3408214,Cool roof,427034.4303663836,1.0,2.3417315534534955e-06,1747449319.945343,False
4093,+87327+19367,17.398121264133557,78.44762796920735,built_up,Medium,39.002747,0.27845812,Cool roof,427048.7603795299,1.0,2.3416529745017237e-06,1747876368.7057226,False
4094,+87388+19402,17.42956229907584,78.50242520153533,built_up,Medium,39.002655,0.3146065,Cool roof,426977.0597681764,1.0,2.3420461992570315e-06,1748303345.7654908,False
4095,+87386+19393,17.421477461519256,78.5006285709672,built_up,Medium,39.00241,0.2605323,Cool roof,426995.50913700275,1.0,2.341945005513271e-06,1748730341.2746277,False
4096,+87374+19367,17.398121264133557,78.48984878755842,built_up,Medium,39.00174,0.28743064,Cool roof,427048.7603795299,1.0,2.3416529745017237e-06,1749157390.0350072,False
4097,+87314+19361,17.392731372429168,78.4359498705145,built_up,Medium,39.00119,0.24022143,Cool roof,427061.0392247119,1.0,2.3415856473711663e-06,1749584451.0742319,False
4098,+87391+19413,17.439443767200558,78.50512014738753,built_up,Medium,39.000427,0.27911732,Cool roof,426954.49919357605,1.0,2.342169954617604e-06,1750011405.5734255,False
4099,+87374+19378,17.408002732258275,78.48984878755842,built_up,Medium,39.000397,0.2474816,Cool roof,427026.23951797804,1.0,2.341776470525061e-06,1750438431.8129435,False
4100,+87344+19364,17.395426318281363,78.46289932903646,built_up,Medium,38.99997,0.261929,Cool roof,427054.9002663456,1.0,2.341619307907063e-06,1750865486.7132099,False
4101,+87409+19418,17.443935343620886,78.5212898225007,built_up,Medium,38.99997,0.2232937,Cool roof,426944.24026124045,1.0,2.3422262340115322e-06,1751292430.9534712,False
4102,+87343+19379,17.40890104754234,78.4620010137524,built_up,Medium,38.999573,0.23701006,Cool roof,427024.1915479869,1.0,2.3417877014764513e-06,1751719455.145019,False
4103,+87350+19370,17.400816209985756,78.46828922074084,built_up,Medium,38.9993,0.3065484,Cool roof,427042.6195642755,1.0,2.3416866471555702e-06,1752146497.7645833,False
4104,+87406+19409,17.4358505060643,78.5185948766485,built_up,Medium,38.999237,0.23063108,Cool roof,426962.70448289654,1.0,2.342124943233908e-06,1752573460.4690661,False
4105,+87352+19417,17.44303702833682,78.47008585130898,built_up,Medium,38.999084,0.17514473,Cool roof,426946.29225398856,1.0,2.3422149767847243e-06,1753000406.76132,False
4106,+87377+19364,17.395426318281363,78.49254373341061,built_up,Medium,38.998566,0.25770077,Cool roof,427054.9002663456,1.0,2.341619307907063e-06,1753427461.6615865,False
4107,+87332+19398,17.42596903793958,78.45211954562768,built_up,Medium,38.99832,0.2534265,Cool roof,426985.2605191322,1.0,2.3420012175225717e-06,1753854446.9221056,False
4108,+87404+19408,17.434952190780233,78.51679824608037,built_up,Medium,38.9982,0.2107493,Cool roof,426964.7555473694,1.0,2.3421136920727768e-06,1754281411.6776528,False
4109,+87322+19358,17.39003642657697,78.44313639278703,built_up,Medium,38.997955,0.20650971,Cool roof,427067.17725461826,1.0,2.34155199289361e-06,1754708478.8549075,False
4110,+87399+19400,17.42776566850771,78.51230666966005,built_up,Medium,38.997772,0.16016266,Cool roof,426981.160349948,1.0,2.3420237070422817e-06,1755135460.0152574,False
4111,+87328+19414,17.440342082484626,78.44852628449141,built_up,Medium,38.997406,0.23746379,Cool roof,426952.4476133907,1.0,2.3421812091483994e-06,1755562412.4628708,False
4112,+87379+19371,17.40171452526982,78.49434036397874,built_up,Medium,38.99698,0.21764554,Cool roof,427040.5724195397,1.0,2.341697872720077e-06,1755989453.0352905,False
4113,+87366+19416,17.442138713052756,78.4826622652859,built_up,Medium,38.996796,0.31078988,Cool roof,426948.3441435965,1.0,2.342203720231944e-06,1756416401.379434,False
4114,+87381+19360,17.391833057145103,78.49613699454687,built_up,Medium,38.99643,0.20207077,Cool roof,427063.08533784345,1.0,2.3415744285388524e-06,1756843464.464772,False
4115,+87403+19401,17.428663983791775,78.51589993079631,built_up,Medium,38.996063,0.16422251,Cool roof,426979.11011063546,1.0,2.3420349528127683e-06,1757270443.5748825,False
4116,+87413+19417,17.44303702833682,78.52488308363696,built_up,Medium,38.99582,0.24189903,Cool roof,426946.29225398856,1.0,2.3422149767847243e-06,1757697389.8671365,False
4117,+87316+19357,17.389138111292905,78.43774650108263,built_up,Medium,38.994843,0.23594677,Cool roof,427069.2230582606,1.0,2.3415407760806503e-06,1758124459.0901947,False
4118,+87333+19380,17.409799362826405,78.45301786091174,built_up,Medium,38.99472,0.16364136,Cool roof,427022.1434748407,1.0,2.3417989331012717e-06,1758551481.2336695,False
4119,+87321+19355,17.387341480724775,78.44223807750296,built_up,Medium,38.9935,0.17925872,Cool roof,427073.3143560538,1.0,2.341518344473974e-06,1758978554.5480256,False
4120,+87356+19365,17.396324633565428,78.47367911244524,built_up,Medium,38.99344,0.25292635,Cool roof,427052.85374056763,1.0,2.341630529432066e-06,1759405607.401766,False
4121,+87357+19417,17.44303702833682,78.4745774277293,built_up,Medium,38.992493,0.24074177,Cool roof,426946.29225398856,1.0,2.3422149767847243e-06,1759832553.69402,False
4122,+87396+19390,17.418782515667058,78.50961172380785,built_up,Medium,38.992493,0.27551305,Cool roof,427001.65706993314,1.0,2.341911286391619e-06,1760259555.35109,False
4123,+87400+19366,17.397222948849492,78.51320498494411,built_up,Medium,38.992462,0.21499865,Cool roof,427050.8071116288,1.0,2.3416417516302816e-06,1760686606.1582017,False
4124,+87387+19397,17.425070722655516,78.50152688625127,built_up,Medium,38.992035,0.21534856,Cool roof,426987.3104490032,1.0,2.3419899737733167e-06,1761113593.4686506,False
4125,+87399+19343,17.376561697315992,78.51230666966005,built_up,Medium,38.99179,0.31818825,Cool roof,427097.85347687715,1.0,2.3413838113661685e-06,1761540691.3221273,False
4126,+87400+19373,17.40351115583795,78.51320498494411,built_up,Medium,38.99118,0.29649386,Cool roof,427036.4778205931,1.0,2.341720325869025e-06,1761967727.799948,False
4127,+87386+19367,17.398121264133557,78.5006285709672,built_up,Medium,38.991028,0.2022975,Cool roof,427048.7603795299,1.0,2.3416529745017237e-06,1762394776.5603275,False
4128,+87313+19378,17.408002732258275,78.43505155523043,built_up,Medium,38.990814,0.24834214,Cool roof,427026.23951797804,1.0,2.341776470525061e-06,1762821802.7998455,False
4129,+87319+19361,17.392731372429168,78.44044144693483,built_up,Medium,38.990814,0.25684094,Cool roof,427061.0392247119,1.0,2.3415856473711663e-06,1763248863.83907,False
4130,+87407+19412,17.438545451916493,78.51949319193257,built_up,Medium,38.990143,0.34960324,Cool roof,426956.55067061976,1.0,2.342158700760773e-06,1763675820.3897407,False
4131,+87370+19385,17.414290939246733,78.48625552642216,built_up,Medium,38.989716,0.2936085,Cool roof,427011.90156179626,1.0,2.3418551013273855e-06,1764102832.2913024,False
4132,+87400+19344,17.377460012600057,78.51320498494411,built_up,Medium,38.989563,0.28421158,Cool roof,427095.80911756353,1.0,2.3413950187573424e-06,1764529928.10042,False
4133,+87328+19366,17.397222948849492,78.44852628449141,built_up,Medium,38.989502,0.26874515,Cool roof,427050.8071116288,1.0,2.3416417516302816e-06,1764956978.9075317,False
4134,+87348+19420,17.445731974189016,78.46649259017272,built_up,Medium,38.98938,0.27245513,Cool roof,426940.13596632547,1.0,2.342248750487291e-06,1765383919.043498,False
4135,+87406+19410,17.436748821348363,78.5185948766485,built_up,Medium,38.98822,0.3032314,Cool roof,426960.65331528033,1.0,2.3421361950689414e-06,1765810879.6968133,False
4136,+87366+19358,17.39003642657697,78.4826622652859,built_up,Medium,38.987762,0.31333953,Cool roof,427067.17725461826,1.0,2.34155199289361e-06,1766237946.874068,False
4137,+87317+19421,17.44663028947308,78.43864481636669,built_up,Medium,38.9877,0.1951574,Cool roof,426938.0836641594,1.0,2.3422600097362737e-06,1766664884.9577322,False
4138,+87390+19415,17.44124039776869,78.50422183210345,built_up,Medium,38.984283,0.27541712,Cool roof,426950.395930064,1.0,2.342192464353174e-06,1767091835.3536623,False
4139,+87382+19381,17.410697678110473,78.49703530983093,built_up,Medium,38.983215,0.32104802,Cool roof,427020.0952985397,1.0,2.3418101653995388e-06,1767518855.4489608,False
4140,+87384+19369,17.399917894701687,78.49883194039907,built_up,Medium,38.98291,0.2504228,Cool roof,427044.66660585295,1.0,2.3416754222643517e-06,1767945900.1155667,False
4141,+87344+19419,17.44483365890495,78.46289932903646,built_up,Medium,38.98239,0.20702569,Cool roof,426942.18816535256,1.0,2.3422374919123827e-06,1768372842.3037322,False
4142,+87397+19382,17.41159599339454,78.51051003909191,built_up,Medium,38.98239,0.20378476,Cool roof,427018.0470190842,1.0,2.3418213983712686e-06,1768799860.3507512,False
4143,+87385+19366,17.397222948849492,78.49973025568313,built_up,Medium,38.981476,0.28858814,Cool roof,427050.8071116288,1.0,2.3416417516302816e-06,1769226911.157863,False
4144,+87353+19364,17.395426318281363,78.47098416659304,built_up,Medium,38.980743,0.24090531,Cool roof,427054.9002663456,1.0,2.341619307907063e-06,1769653966.0581293,False
4145,+87362+19369,17.399917894701687,78.47906900414964,built_up,Medium,38.980072,0.28821874,Cool roof,427044.66660585295,1.0,2.3416754222643517e-06,1770081010.7247353,False
4146,+87386+19363,17.394528002997298,78.5006285709672,built_up,Medium,38.979675,0.2168245,Cool roof,427056.9466889627,1.0,2.3416080870552553e-06,1770508067.6714242,False
4147,+87331+19398,17.42596903793958,78.4512212303436,built_up,Medium,38.979584,0.18794034,Cool roof,426985.2605191322,1.0,2.3420012175225717e-06,1770935052.9319432,False
4148,+87370+19377,17.40710441697421,78.48625552642216,built_up,Medium,38.977142,0.17775138,Cool roof,427028.28738481377,1.0,2.3417652402470857e-06,1771362081.219328,False
4149,+87395+19377,17.40710441697421,78.50871340852379,built_up,Medium,38.97702,0.19084266,Cool roof,427028.28738481377,1.0,2.3417652402470857e-06,1771789109.5067127,False
4150,+87369+19377,17.40710441697421,78.4853572111381,built_up,Medium,38.97635,0.16909029,Cool roof,427028.28738481377,1.0,2.3417652402470857e-06,1772216137.7940974,False
4151,+87409+19417,17.44303702833682,78.5212898225007,built_up,Medium,38.97525,0.21659687,Cool roof,426946.29225398856,1.0,2.3422149767847243e-06,1772643084.0863514,False
4152,+87330+19363,17.394528002997298,78.45032291505954,built_up,Medium,38.97522,0.29675567,Cool roof,427056.9466889627,1.0,2.3416080870552553e-06,1773070141.0330403,False
4153,+87360+19378,17.408002732258275,78.4772723735815,built_up,Medium,38.97467,0.200686,Cool roof,427026.23951797804,1.0,2.341776470525061e-06,1773497167.2725582,False
4154,+87406+19416,17.442138713052756,78.5185948766485,built_up,Medium,38.974335,0.23668768,Cool roof,426948.3441435965,1.0,2.342203720231944e-06,1773924115.6167018,False
4155,+87330+19408,17.434952190780233,78.45032291505954,built_up,Medium,38.974274,0.2036919,Cool roof,426964.7555473694,1.0,2.3421136920727768e-06,1774351080.3722491,False
4156,+87374+19381,17.410697678110473,78.48984878755842,built_up,Medium,38.974213,0.21601222,Cool roof,427020.0952985397,1.0,2.3418101653995388e-06,1774778100.4675477,False
4157,+87353+19413,17.439443767200558,78.47098416659304,built_up,Medium,38.974,0.18552099,Cool roof,426954.49919357605,1.0,2.342169954617604e-06,1775205054.9667413,False
4158,+87343+19420,17.445731974189016,78.4620010137524,built_up,Medium,38.973694,0.2640572,Cool roof,426940.13596632547,1.0,2.342248750487291e-06,1775631995.1027076,False
4159,+87347+19344,17.377460012600057,78.46559427488866,built_up,Medium,38.97354,0.13490564,Cool roof,427095.80911756353,1.0,2.3413950187573424e-06,1776059090.9118252,False
4160,+87403+19400,17.42776566850771,78.51589993079631,built_up,Medium,38.97348,0.23612534,Cool roof,426981.160349948,1.0,2.3420237070422817e-06,1776486072.072175,False
4161,+87345+19361,17.392731372429168,78.46379764432052,built_up,Medium,38.972656,0.28820354,Cool roof,427061.0392247119,1.0,2.3415856473711663e-06,1776913133.1113997,False
4162,+87395+19373,17.40351115583795,78.50871340852379,built_up,Medium,38.972565,0.1945462,Cool roof,427036.4778205931,1.0,2.341720325869025e-06,1777340169.5892203,False
4163,+87323+19377,17.40710441697421,78.44403470807109,built_up,Medium,38.97238,0.2784238,Cool roof,427028.28738481377,1.0,2.3417652402470857e-06,1777767197.876605,False
4164,+87400+19364,17.395426318281363,78.51320498494411,built_up,Medium,38.97162,0.20091121,Cool roof,427054.9002663456,1.0,2.341619307907063e-06,1778194252.7768714,False
4165,+87377+19360,17.391833057145103,78.49254373341061,built_up,Medium,38.97104,0.1892484,Cool roof,427063.08533784345,1.0,2.3415744285388524e-06,1778621315.8622093,False
4166,+87405+19391,17.419680830951123,78.51769656136443,built_up,Medium,38.97046,0.16798052,Cool roof,426999.6078621065,1.0,2.3419225254252125e-06,1779048315.4700713,False
4167,+87394+19389,17.417884200382993,78.50781509323971,built_up,Medium,38.97043,0.23961788,Cool roof,427003.7061746089,1.0,2.3419000480316284e-06,1779475319.176246,False
4168,+87320+19407,17.43405387549617,78.44133976221889,built_up,Medium,38.970062,0.16109581,Cool roof,426966.80650869873,1.0,2.3421024415855304e-06,1779902285.9827547,False
4169,+87385+19363,17.394528002997298,78.49973025568313,built_up,Medium,38.97,0.22845377,Cool roof,427056.9466889627,1.0,2.3416080870552553e-06,1780329342.9294436,False
4170,+87359+19375,17.40530778640608,78.47637405829744,built_up,Medium,38.96982,0.20700425,Cool roof,427032.38280901685,1.0,2.3417427817113192e-06,1780756375.3122525,False
4171,+87333+19400,17.42776566850771,78.45301786091174,built_up,Medium,38.969635,0.13864206,Cool roof,426981.160349948,1.0,2.3420237070422817e-06,1781183356.4726024,False
4172,+87389+19366,17.397222948849492,78.50332351681939,built_up,Medium,38.96936,0.18622962,Cool roof,427050.8071116288,1.0,2.3416417516302816e-06,1781610407.279714,False
4173,+87313+19354,17.38644316544071,78.43505155523043,built_up,Medium,38.969147,0.32378325,Cool roof,427075.35985020373,1.0,2.3415071296802258e-06,1782037482.6395643,False
4174,+87341+19402,17.42956229907584,78.46020438318426,built_up,Medium,38.969147,0.19716322,Cool roof,426977.0597681764,1.0,2.3420461992570315e-06,1782464459.6993325,False
4175,+87389+19415,17.44124039776869,78.50332351681939,built_up,Medium,38.969147,0.26188555,Cool roof,426950.395930064,1.0,2.342192464353174e-06,1782891410.0952625,False
4176,+87413+19419,17.44483365890495,78.52488308363696,built_up,Medium,38.96872,0.19631019,Cool roof,426942.18816535256,1.0,2.3422374919123827e-06,1783318352.283428,False
4177,+87324+19377,17.40710441697421,78.44493302335515,built_up,Medium,38.967926,0.25671226,Cool roof,427028.28738481377,1.0,2.3417652402470857e-06,1783745380.5708127,False
4178,+87386+19416,17.442138713052756,78.5006285709672,built_up,Medium,38.967804,0.17771266,Cool roof,426948.3441435965,1.0,2.342203720231944e-06,1784172328.9149563,False
4179,+87361+19372,17.402612840553886,78.47817068886556,built_up,Medium,38.96689,0.16149479,Cool roof,427038.5251716453,1.0,2.3417090989578906e-06,1784599367.440128,False
4180,+87410+19418,17.443935343620886,78.52218813778477,built_up,Medium,38.96512,0.18977463,Cool roof,426944.24026124045,1.0,2.3422262340115322e-06,1785026311.6803894,False
4181,+87413+19355,17.387341480724775,78.52488308363696,built_up,Medium,38.964325,0.26475397,Cool roof,427073.3143560538,1.0,2.341518344473974e-06,1785453384.9947455,False
4182,+87399+19375,17.40530778640608,78.51230666966005,built_up,Medium,38.963837,0.29157355,Cool roof,427032.38280901685,1.0,2.3417427817113192e-06,1785880417.3775544,False
4183,+87351+19412,17.438545451916493,78.46918753602492,built_up,Medium,38.963745,0.22655019,Cool roof,426956.55067061976,1.0,2.342158700760773e-06,1786307373.928225,False
4184,+87393+19392,17.42057914623519,78.50691677795565,built_up,Medium,38.963745,0.23603833,Cool roof,426997.55855112965,1.0,2.3419337651324247e-06,1786734371.486776,False
4185,+87412+19391,17.419680830951123,78.52398476835289,built_up,Medium,38.96231,0.27264324,Cool roof,426999.6078621065,1.0,2.3419225254252125e-06,1787161371.094638,False
4186,+87319+19417,17.44303702833682,78.44044144693483,built_up,Medium,38.960785,0.22693999,Cool roof,426946.29225398856,1.0,2.3422149767847243e-06,1787588317.386892,False
4187,+87402+19409,17.4358505060643,78.51500161551225,built_up,Medium,38.960663,0.2719662,Cool roof,426962.70448289654,1.0,2.342124943233908e-06,1788015280.0913749,False
4188,+87344+19379,17.40890104754234,78.46289932903646,built_up,Medium,38.9606,0.22194774,Cool roof,427024.1915479869,1.0,2.3417877014764513e-06,1788442304.2829227,False
4189,+87327+19420,17.445731974189016,78.44762796920735,built_up,Medium,38.959503,0.16951625,Cool roof,426940.13596632547,1.0,2.342248750487291e-06,1788869244.418889,False
4190,+87360+19417,17.44303702833682,78.4772723735815,built_up,Medium,38.958984,0.2678658,Cool roof,426946.29225398856,1.0,2.3422149767847243e-06,1789296190.711143,False
4191,+87398+19390,17.418782515667058,78.51140835437599,built_up,Medium,38.957977,0.18143654,Cool roof,427001.65706993314,1.0,2.341911286391619e-06,1789723192.368213,False
4192,+87327+19366,17.397222948849492,78.44762796920735,built_up,Medium,38.957794,0.23171753,Cool roof,427050.8071116288,1.0,2.3416417516302816e-06,1790150243.1753247,False
4193,+87401+19397,17.425070722655516,78.51410330022817,built_up,Medium,38.956573,0.19120996,Cool roof,426987.3104490032,1.0,2.3419899737733167e-06,1790577230.4857736,False
4194,+87359+19411,17.437647136632428,78.47637405829744,built_up,Medium,38.956177,0.33282903,Cool roof,426958.6020445212,1.0,2.3421474475778915e-06,1791004189.0878181,False
4195,+87387+19363,17.394528002997298,78.50152688625127,built_up,Medium,38.956055,0.15863357,Cool roof,427056.9466889627,1.0,2.3416080870552553e-06,1791431246.034507,False
4196,+87403+19408,17.434952190780233,78.51589993079631,built_up,Medium,38.955933,0.18886916,Cool roof,426964.7555473694,1.0,2.3421136920727768e-06,1791858210.7900543,False
4197,+87314+19388,17.416985885098928,78.4359498705145,built_up,Medium,38.955414,0.30616358,Cool roof,427005.7551761335,1.0,2.341888810345226e-06,1792285216.5452304,False
4198,+87406+19340,17.373866751463797,78.5185948766485,built_up,Medium,38.954865,0.334527,Cool roof,427103.9859357997,1.0,2.3413501932297943e-06,1792712320.531166,False
4199,+87387+19354,17.38644316544071,78.50152688625127,built_up,Medium,38.954742,0.31332135,Cool roof,427075.35985020373,1.0,2.3415071296802258e-06,1793139395.8910162,False
4200,+87332+19367,17.398121264133557,78.45211954562768,built_up,Medium,38.95395,0.24805267,Cool roof,427048.7603795299,1.0,2.3416529745017237e-06,1793566444.6513958,False
4201,+87359+19371,17.40171452526982,78.47637405829744,built_up,Medium,38.953827,0.19707389,Cool roof,427040.5724195397,1.0,2.341697872720077e-06,1793993485.2238154,False
4202,+87379+19397,17.425070722655516,78.49434036397874,built_up,Medium,38.953705,0.21652535,Cool roof,426987.3104490032,1.0,2.3419899737733167e-06,1794420472.5342643,False
4203,+87333+19395,17.423274092087386,78.45301786091174,built_up,Medium,38.95349,0.17719397,Cool roof,426991.4099993005,1.0,2.3419674882959313e-06,1794847463.9442637,False
4204,+87346+19388,17.416985885098928,78.46469595960458,built_up,Medium,38.9534,0.31638595,Cool roof,427005.7551761335,1.0,2.341888810345226e-06,1795274469.6994398,False
4205,+87359+19372,17.402612840553886,78.47637405829744,built_up,Medium,38.953278,0.22524764,Cool roof,427038.5251716453,1.0,2.3417090989578906e-06,1795701508.2246115,False
4206,+87412+19419,17.44483365890495,78.52398476835289,built_up,Medium,38.953278,0.22780189,Cool roof,426942.18816535256,1.0,2.3422374919123827e-06,1796128450.412777,False
4207,+87402+19401,17.428663983791775,78.51500161551225,built_up,Medium,38.95282,0.16677931,Cool roof,426979.11011063546,1.0,2.3420349528127683e-06,1796555429.5228875,False
4208,+87408+19416,17.442138713052756,78.52039150721663,built_up,Medium,38.95279,0.19667536,Cool roof,426948.3441435965,1.0,2.342203720231944e-06,1796982377.867031,False
4209,+87404+19375,17.40530778640608,78.51679824608037,built_up,Medium,38.952667,0.2837874,Cool roof,427032.38280901685,1.0,2.3417427817113192e-06,1797409410.24984,False
4210,+87385+19362,17.393629687713233,78.49973025568313,built_up,Medium,38.952393,0.26165062,Cool roof,427058.9930084181,1.0,2.3415968668766287e-06,1797836469.2428484,False
4211,+87400+19393,17.421477461519256,78.51320498494411,built_up,Medium,38.952362,0.2764349,Cool roof,426995.50913700275,1.0,2.341945005513271e-06,1798263464.7519853,False
4212,+87398+19384,17.413392623962668,78.51140835437599,built_up,Medium,38.951965,0.22274251,Cool roof,427013.9501507122,1.0,2.341843866335176e-06,1798690478.702136,False
4213,+87365+19371,17.40171452526982,78.48176395000183,built_up,Medium,38.950836,0.19487508,Cool roof,427040.5724195397,1.0,2.341697872720077e-06,1799117519.2745557,False
4214,+87335+19372,17.402612840553886,78.45481449147987,built_up,Medium,38.950104,0.33267877,Cool roof,427038.5251716453,1.0,2.3417090989578906e-06,1799544557.7997274,False
4215,+87393+19416,17.442138713052756,78.50691677795565,built_up,Medium,38.949768,0.2962019,Cool roof,426948.3441435965,1.0,2.342203720231944e-06,1799971506.143871,False
4216,+87319+19411,17.437647136632428,78.44044144693483,built_up,Medium,38.949738,0.2686974,Cool roof,426958.6020445212,1.0,2.3421474475778915e-06,1800398464.7459157,False
4217,+87314+19346,17.379256643168187,78.4359498705145,built_up,Medium,38.94928,0.330623,Cool roof,427091.72008943046,1.0,2.3414174355583527e-06,1800825556.466005,False
4218,+87404+19399,17.426867353223646,78.51679824608037,built_up,Medium,38.94922,0.24146222,Cool roof,426983.2104861137,1.0,2.3420124619455547e-06,1801252539.6764913,False
4219,+87329+19421,17.44663028947308,78.44942459977548,built_up,Medium,38.949127,0.19907184,Cool roof,426938.0836641594,1.0,2.3422600097362737e-06,1801679477.7601554,False
4220,+87319+19398,17.42596903793958,78.44044144693483,built_up,Medium,38.948822,0.31038898,Cool roof,426985.2605191322,1.0,2.3420012175225717e-06,1802106463.0206745,False
4221,+87407+19388,17.416985885098928,78.51949319193257,built_up,Medium,38.94864,0.28280514,Cool roof,427005.7551761335,1.0,2.341888810345226e-06,1802533468.7758505,False
4222,+87367+19416,17.442138713052756,78.48356058056996,built_up,Medium,38.94803,0.19018479,Cool roof,426948.3441435965,1.0,2.342203720231944e-06,1802960417.1199942,False
4223,+87386+19370,17.400816209985756,78.5006285709672,built_up,Medium,38.94635,0.32479623,Cool roof,427042.6195642755,1.0,2.3416866471555702e-06,1803387459.7395585,False
4224,+87350+19414,17.440342082484626,78.46828922074084,built_up,Medium,38.945984,0.25319353,Cool roof,426952.4476133907,1.0,2.3421812091483994e-06,1803814412.187172,False
4225,+87349+19365,17.396324633565428,78.46739090545678,built_up,Medium,38.94513,0.26885158,Cool roof,427052.85374056763,1.0,2.341630529432066e-06,1804241465.0409124,False
4226,+87331+19399,17.426867353223646,78.4512212303436,built_up,Medium,38.94388,0.2108543,Cool roof,426983.2104861137,1.0,2.3420124619455547e-06,1804668448.2513986,False
4227,+87341+19383,17.412494308678603,78.46020438318426,built_up,Medium,38.943634,0.22261089,Cool roof,427015.99863647495,1.0,2.341832632016476e-06,1805095464.250035,False
4228,+87332+19377,17.40710441697421,78.45211954562768,built_up,Medium,38.94342,0.34366047,Cool roof,427028.28738481377,1.0,2.3417652402470857e-06,1805522492.5374198,False
4229,+87412+19342,17.375663382031927,78.52398476835289,built_up,Medium,38.943054,0.28007114,Cool roof,427099.8977330211,1.0,2.341372604647864e-06,1805949592.4351528,False
4230,+87353+19369,17.399917894701687,78.47098416659304,built_up,Medium,38.943024,0.28186417,Cool roof,427044.66660585295,1.0,2.3416754222643517e-06,1806376637.1017587,False
4231,+87407+19389,17.417884200382993,78.51949319193257,built_up,Medium,38.942352,0.2657118,Cool roof,427003.7061746089,1.0,2.3419000480316284e-06,1806803640.8079333,False
4232,+87317+19386,17.415189254530798,78.43864481636669,built_up,Medium,38.941284,0.25137803,Cool roof,427009.85286972753,1.0,2.34186633699312e-06,1807230650.660803,False
4233,+87320+19354,17.38644316544071,78.44133976221889,built_up,Medium,38.940247,0.18131657,Cool roof,427075.35985020373,1.0,2.3415071296802258e-06,1807657726.0206532,False
4234,+87345+19366,17.397222948849492,78.46379764432052,built_up,Medium,38.939728,0.1809377,Cool roof,427050.8071116288,1.0,2.3416417516302816e-06,1808084776.827765,False
4235,+87360+19371,17.40171452526982,78.4772723735815,built_up,Medium,38.939606,0.19063519,Cool roof,427040.5724195397,1.0,2.341697872720077e-06,1808511817.4001846,False
4236,+87371+19367,17.398121264133557,78.48715384170622,built_up,Medium,38.939484,0.19348408,Cool roof,427048.7603795299,1.0,2.3416529745017237e-06,1808938866.1605642,False
4237,+87337+19373,17.40351115583795,78.456611122048,built_up,Medium,38.93817,0.32279527,Cool roof,427036.4778205931,1.0,2.341720325869025e-06,1809365902.6383848,False
4238,+87368+19410,17.436748821348363,78.48445889585402,built_up,Medium,38.93808,0.21409579,Cool roof,426960.65331528033,1.0,2.3421361950689414e-06,1809792863.2917001,False
4239,+87349+19367,17.398121264133557,78.46739090545678,built_up,Medium,38.93753,0.31038037,Cool roof,427048.7603795299,1.0,2.3416529745017237e-06,1810219912.0520797,False
4240,+87318+19384,17.413392623962668,78.43954313165077,built_up,Medium,38.93695,0.25135073,Cool roof,427013.9501507122,1.0,2.341843866335176e-06,1810646926.0022304,False
4241,+87335+19377,17.40710441697421,78.45481449147987,built_up,Medium,38.936066,0.22013786,Cool roof,427028.28738481377,1.0,2.3417652402470857e-06,1811073954.2896152,False
4242,+87345+19379,17.40890104754234,78.46379764432052,built_up,Medium,38.935974,0.26018447,Cool roof,427024.1915479869,1.0,2.3417877014764513e-06,1811500978.481163,False
4243,+87328+19399,17.426867353223646,78.44852628449141,built_up,Medium,38.935883,0.31011006,Cool roof,426983.2104861137,1.0,2.3420124619455547e-06,1811927961.6916492,False
4244,+87401+19398,17.42596903793958,78.51410330022817,built_up,Medium,38.935455,0.17694344,Cool roof,426985.2605191322,1.0,2.3420012175225717e-06,1812354946.9521682,False
4245,+87407+19342,17.375663382031927,78.51949319193257,built_up,Medium,38.934906,0.28003067,Cool roof,427099.8977330211,1.0,2.341372604647864e-06,1812782046.8499012,False
4246,+87375+19396,17.42417240737145,78.49074710284248,built_up,Medium,38.934418,0.24310893,Cool roof,426989.3602757261,1.0,2.341978730697775e-06,1813209036.210177,False
4247,+87352+19416,17.442138713052756,78.47008585130898,built_up,Medium,38.934204,0.18382598,Cool roof,426948.3441435965,1.0,2.342203720231944e-06,1813635984.5543206,False
4248,+87404+19401,17.428663983791775,78.51679824608037,built_up,Medium,38.934204,0.19374567,Cool roof,426979.11011063546,1.0,2.3420349528127683e-06,1814062963.664431,False
4249,+87384+19396,17.42417240737145,78.49883194039907,built_up,Medium,38.933197,0.2742104,Cool roof,426989.3602757261,1.0,2.341978730697775e-06,1814489953.0247068,False
4250,+87407+19416,17.442138713052756,78.51949319193257,built_up,Medium,38.933014,0.19382858,Cool roof,426948.3441435965,1.0,2.342203720231944e-06,1814916901.3688505,False
4251,+87326+19399,17.426867353223646,78.44672965392328,built_up,Medium,38.932526,0.26357177,Cool roof,426983.2104861137,1.0,2.3420124619455547e-06,1815343884.5793366,False
4252,+87404+19383,17.412494308678603,78.51679824608037,built_up,Medium,38.932465,0.19559003,Cool roof,427015.99863647495,1.0,2.341832632016476e-06,1815770900.5779731,False
4253,+87331+19382,17.41159599339454,78.4512212303436,built_up,Medium,38.931244,0.19002223,Cool roof,427018.0470190842,1.0,2.3418213983712686e-06,1816197918.6249921,False
4254,+87331+19353,17.385544850156645,78.4512212303436,built_up,Medium,38.931213,0.20785627,Cool roof,427077.40524118865,1.0,2.3414959155595174e-06,1816624996.0302334,False
4255,+87319+19407,17.43405387549617,78.44044144693483,built_up,Medium,38.931152,0.21527418,Cool roof,426966.80650869873,1.0,2.3421024415855304e-06,1817051962.8367422,False
4256,+87330+19367,17.398121264133557,78.45032291505954,built_up,Medium,38.93106,0.29966694,Cool roof,427048.7603795299,1.0,2.3416529745017237e-06,1817479011.5971217,False
4257,+87389+19368,17.399019579417622,78.50332351681939,built_up,Medium,38.930695,0.19380648,Cool roof,427046.71354427113,1.0,2.3416641980464084e-06,1817906058.310666,False
4258,+87407+19417,17.44303702833682,78.51949319193257,built_up,Medium,38.930634,0.21263193,Cool roof,426946.29225398856,1.0,2.3422149767847243e-06,1818333004.60292,False
4259,+87337+19367,17.398121264133557,78.456611122048,built_up,Medium,38.92935,0.3324163,Cool roof,427048.7603795299,1.0,2.3416529745017237e-06,1818760053.3632996,False
4260,+87365+19369,17.399917894701687,78.48176395000183,built_up,Medium,38.92923,0.21903116,Cool roof,427044.66660585295,1.0,2.3416754222643517e-06,1819187098.0299056,False
4261,+87325+19404,17.431358929643974,78.44583133863922,built_up,Medium,38.928802,0.21485221,Cool roof,426972.9587738207,1.0,2.342068694166947e-06,1819614070.9886794,False
4262,+87344+19421,17.44663028947308,78.46289932903646,built_up,Medium,38.92871,0.19908158,Cool roof,426938.0836641594,1.0,2.3422600097362737e-06,1820041009.0723436,False
4263,+87393+19370,17.400816209985756,78.50691677795565,built_up,Medium,38.92856,0.2112638,Cool roof,427042.6195642755,1.0,2.3416866471555702e-06,1820468051.691908,False
4264,+87366+19375,17.40530778640608,78.4826622652859,built_up,Medium,38.92743,0.1599428,Cool roof,427032.38280901685,1.0,2.3417427817113192e-06,1820895084.0747168,False
4265,+87381+19365,17.396324633565428,78.49613699454687,built_up,Medium,38.927216,0.20790598,Cool roof,427052.85374056763,1.0,2.341630529432066e-06,1821322136.9284573,False
4266,+87411+19405,17.43225724492804,78.52308645306883,built_up,Medium,38.92691,0.29948017,Cool roof,426970.90812192473,1.0,2.3420799426326314e-06,1821749107.836579,False
4267,+87313+19382,17.41159599339454,78.43505155523043,built_up,Medium,38.926483,0.20523311,Cool roof,427018.0470190842,1.0,2.3418213983712686e-06,1822176125.883598,False
4268,+87321+19356,17.38823979600884,78.44223807750296,built_up,Medium,38.92505,0.22857472,Cool roof,427071.26875873934,1.0,2.3415295599407763e-06,1822603197.1523569,False
4269,+87334+19364,17.395426318281363,78.4539161761958,built_up,Medium,38.924805,0.20822857,Cool roof,427054.9002663456,1.0,2.341619307907063e-06,1823030252.0526233,False
4270,+87318+19385,17.414290939246733,78.43954313165077,built_up,Medium,38.924713,0.24489231,Cool roof,427011.90156179626,1.0,2.3418551013273855e-06,1823457263.954185,False
4271,+87370+19365,17.396324633565428,78.48625552642216,built_up,Medium,38.924347,0.20521559,Cool roof,427052.85374056763,1.0,2.341630529432066e-06,1823884316.8079255,False
4272,+87365+19377,17.40710441697421,78.48176395000183,built_up,Medium,38.923737,0.25210717,Cool roof,427028.28738481377,1.0,2.3417652402470857e-06,1824311345.0953102,False
4273,+87359+19370,17.400816209985756,78.47637405829744,built_up,Medium,38.92337,0.3290705,Cool roof,427042.6195642755,1.0,2.3416866471555702e-06,1824738387.7148745,False
4274,+87344+19363,17.394528002997298,78.46289932903646,built_up,Medium,38.922882,0.21179579,Cool roof,427056.9466889627,1.0,2.3416080870552553e-06,1825165444.6615634,False
4275,+87394+19388,17.416985885098928,78.50781509323971,built_up,Medium,38.922577,0.18500775,Cool roof,427005.7551761335,1.0,2.341888810345226e-06,1825592450.4167395,False
4276,+87401+19365,17.396324633565428,78.51410330022817,built_up,Medium,38.922516,0.20416614,Cool roof,427052.85374056763,1.0,2.341630529432066e-06,1826019503.27048,False
4277,+87407+19387,17.416087569814863,78.51949319193257,built_up,Medium,38.92221,0.3351621,Cool roof,427007.8040745065,1.0,2.341877573332395e-06,1826446511.0745544,False
4278,+87322+19389,17.417884200382993,78.44313639278703,built_up,Medium,38.921356,0.27884778,Cool roof,427003.7061746089,1.0,2.3419000480316284e-06,1826873514.780729,False
4279,+87396+19368,17.399019579417622,78.50961172380785,built_up,Medium,38.921356,0.2040683,Cool roof,427046.71354427113,1.0,2.3416641980464084e-06,1827300561.4942734,False
4280,+87383+19401,17.428663983791775,78.497933625115,built_up,Medium,38.920807,0.2760268,Cool roof,426979.11011063546,1.0,2.3420349528127683e-06,1827727540.604384,False
4281,+87346+19376,17.406206101690145,78.46469595960458,built_up,Medium,38.920166,0.18285106,Cool roof,427030.3351484935,1.0,2.34175401064251e-06,1828154570.9395325,False
4282,+87321+19400,17.42776566850771,78.44223807750296,built_up,Medium,38.919464,0.32971647,Cool roof,426981.160349948,1.0,2.3420237070422817e-06,1828581552.0998824,False
4283,+87362+19374,17.404409471122015,78.47906900414964,built_up,Medium,38.91922,0.28504187,Cool roof,427034.4303663836,1.0,2.3417315534534955e-06,1829008586.5302486,False
4284,+87382+19397,17.425070722655516,78.49703530983093,built_up,Medium,38.91873,0.29145658,Cool roof,426987.3104490032,1.0,2.3419899737733167e-06,1829435573.8406975,False
4285,+87381+19369,17.399917894701687,78.49613699454687,built_up,Medium,38.918365,0.18827079,Cool roof,427044.66660585295,1.0,2.3416754222643517e-06,1829862618.5073035,False
4286,+87396+19413,17.439443767200558,78.50961172380785,built_up,Medium,38.917114,0.33440468,Cool roof,426954.49919357605,1.0,2.342169954617604e-06,1830289573.0064971,False
4287,+87337+19375,17.40530778640608,78.456611122048,built_up,Medium,38.91678,0.16193998,Cool roof,427032.38280901685,1.0,2.3417427817113192e-06,1830716605.389306,False
4288,+87331+19372,17.402612840553886,78.4512212303436,built_up,Medium,38.916718,0.2732642,Cool roof,427038.5251716453,1.0,2.3417090989578906e-06,1831143643.9144778,False
4289,+87404+19348,17.38105327373632,78.51679824608037,built_up,Medium,38.915497,0.27285153,Cool roof,427087.63064862473,1.0,2.3414398550510214e-06,1831570731.5451264,False
4290,+87401+19352,17.38464653487258,78.51410330022817,built_up,Medium,38.915436,0.30466112,Cool roof,427079.4505290082,1.0,2.341484702111833e-06,1831997810.9956555,False
4291,+87413+19341,17.374765066747862,78.52488308363696,built_up,Medium,38.915436,0.22957376,Cool roof,427101.94188599556,1.0,2.3413613986024103e-06,1832424912.9375415,False
4292,+87330+19420,17.445731974189016,78.45032291505954,built_up,Medium,38.91507,0.23634753,Cool roof,426940.13596632547,1.0,2.342248750487291e-06,1832851853.0735078,False
4293,+87331+19383,17.412494308678603,78.4512212303436,built_up,Medium,38.914764,0.24551323,Cool roof,427015.99863647495,1.0,2.341832632016476e-06,1833278869.0721443,False
4294,+87346+19375,17.40530778640608,78.46469595960458,built_up,Medium,38.914703,0.13998067,Cool roof,427032.38280901685,1.0,2.3417427817113192e-06,1833705901.4549532,False
4295,+87320+19405,17.43225724492804,78.44133976221889,built_up,Medium,38.914093,0.19500765,Cool roof,426970.90812192473,1.0,2.3420799426326314e-06,1834132872.363075,False
4296,+87386+19369,17.399917894701687,78.5006285709672,built_up,Medium,38.91385,0.19592454,Cool roof,427044.66660585295,1.0,2.3416754222643517e-06,1834559917.029681,False
4297,+87399+19382,17.41159599339454,78.51230666966005,built_up,Medium,38.913483,0.23944771,Cool roof,427018.0470190842,1.0,2.3418213983712686e-06,1834986935.0767,False
4298,+87335+19396,17.42417240737145,78.45481449147987,built_up,Medium,38.913116,0.16502345,Cool roof,426989.3602757261,1.0,2.341978730697775e-06,1835413924.4369757,False
4299,+87376+19362,17.393629687713233,78.49164541812655,built_up,Medium,38.913116,0.23226367,Cool roof,427058.9930084181,1.0,2.3415968668766287e-06,1835840983.429984,False
4300,+87323+19406,17.433155560212104,78.44403470807109,built_up,Medium,38.91284,0.18283772,Cool roof,426968.857366884,1.0,2.3420911917721534e-06,1836267952.287351,False
4301,+87317+19347,17.380154958452252,78.43864481636669,built_up,Medium,38.91281,0.19548348,Cool roof,427089.6754206114,1.0,2.341428644968222e-06,1836695041.9627714,False
4302,+87394+19365,17.396324633565428,78.50781509323971,built_up,Medium,38.91217,0.2651622,Cool roof,427052.85374056763,1.0,2.341630529432066e-06,1837122094.8165119,False
4303,+87328+19384,17.413392623962668,78.44852628449141,built_up,Medium,38.911407,0.19094563,Cool roof,427013.9501507122,1.0,2.341843866335176e-06,1837549108.7666626,False
4304,+87334+19374,17.404409471122015,78.4539161761958,built_up,Medium,38.91028,0.27293453,Cool roof,427034.4303663836,1.0,2.3417315534534955e-06,1837976143.1970289,False
4305,+87407+19365,17.396324633565428,78.51949319193257,built_up,Medium,38.910034,0.22413762,Cool roof,427052.85374056763,1.0,2.341630529432066e-06,1838403196.0507693,False
4306,+87408+19415,17.44124039776869,78.52039150721663,built_up,Medium,38.90988,0.18056633,Cool roof,426950.395930064,1.0,2.342192464353174e-06,1838830146.4466994,False
4307,+87404+19387,17.416087569814863,78.51679824608037,built_up,Medium,38.909607,0.17177749,Cool roof,427007.8040745065,1.0,2.341877573332395e-06,1839257154.250774,False
4308,+87392+19372,17.402612840553886,78.50601846267159,built_up,Medium,38.909393,0.26352504,Cool roof,427038.5251716453,1.0,2.3417090989578906e-06,1839684192.7759457,False
4309,+87366+19377,17.40710441697421,78.4826622652859,built_up,Medium,38.90909,0.19233917,Cool roof,427028.28738481377,1.0,2.3417652402470857e-06,1840111221.0633304,False
4310,+87321+19412,17.438545451916493,78.44223807750296,built_up,Medium,38.908905,0.19754352,Cool roof,426956.55067061976,1.0,2.342158700760773e-06,1840538177.614001,False
4311,+87319+19384,17.413392623962668,78.44044144693483,built_up,Medium,38.908813,0.19766414,Cool roof,427013.9501507122,1.0,2.341843866335176e-06,1840965191.5641518,False
4312,+87380+19386,17.415189254530798,78.49523867926281,built_up,Medium,38.908752,0.27633697,Cool roof,427009.85286972753,1.0,2.34186633699312e-06,1841392201.4170215,False
4313,+87328+19411,17.437647136632428,78.44852628449141,built_up,Medium,38.90869,0.1967476,Cool roof,426958.6020445212,1.0,2.3421474475778915e-06,1841819160.019066,False
4314,+87370+19412,17.438545451916493,78.48625552642216,built_up,Medium,38.90805,0.28983846,Cool roof,426956.55067061976,1.0,2.342158700760773e-06,1842246116.5697367,False
4315,+87403+19391,17.419680830951123,78.51589993079631,built_up,Medium,38.90695,0.18424524,Cool roof,426999.6078621065,1.0,2.3419225254252125e-06,1842673116.1775987,False
4316,+87318+19389,17.417884200382993,78.43954313165077,built_up,Medium,38.90674,0.2535647,Cool roof,427003.7061746089,1.0,2.3419000480316284e-06,1843100119.8837733,False
4317,+87325+19377,17.40710441697421,78.44583133863922,built_up,Medium,38.906647,0.29862174,Cool roof,427028.28738481377,1.0,2.3417652402470857e-06,1843527148.171158,False
4318,+87330+19364,17.395426318281363,78.45032291505954,built_up,Medium,38.90619,0.24333721,Cool roof,427054.9002663456,1.0,2.341619307907063e-06,1843954203.0714245,False
4319,+87329+19402,17.42956229907584,78.44942459977548,built_up,Medium,38.905853,0.21311021,Cool roof,426977.0597681764,1.0,2.3420461992570315e-06,1844381180.1311927,False
4320,+87341+19374,17.404409471122015,78.46020438318426,built_up,Medium,38.905487,0.27679294,Cool roof,427034.4303663836,1.0,2.3417315534534955e-06,1844808214.561559,False
4321,+87353+19360,17.391833057145103,78.47098416659304,built_up,Medium,38.905243,0.15308145,Cool roof,427063.08533784345,1.0,2.3415744285388524e-06,1845235277.6468968,False
4322,+87356+19371,17.40171452526982,78.47367911244524,built_up,Medium,38.903473,0.29171976,Cool roof,427040.5724195397,1.0,2.341697872720077e-06,1845662318.2193165,False
4323,+87408+19417,17.44303702833682,78.52039150721663,built_up,Medium,38.90323,0.19439562,Cool roof,426946.29225398856,1.0,2.3422149767847243e-06,1846089264.5115705,False
4324,+87412+19420,17.445731974189016,78.52398476835289,built_up,Medium,38.90274,0.2673641,Cool roof,426940.13596632547,1.0,2.342248750487291e-06,1846516204.6475368,False
4325,+87371+19403,17.43046061435991,78.48715384170622,built_up,Medium,38.902252,0.30949184,Cool roof,426975.0093225714,1.0,2.3420574463750857e-06,1846943179.6568594,False
4326,+87341+19378,17.408002732258275,78.46020438318426,built_up,Medium,38.900604,0.22326435,Cool roof,427026.23951797804,1.0,2.341776470525061e-06,1847370205.8963773,False
4327,+87335+19374,17.404409471122015,78.45481449147987,built_up,Medium,38.89975,0.24849428,Cool roof,427034.4303663836,1.0,2.3417315534534955e-06,1847797240.3267436,False
4328,+87358+19364,17.395426318281363,78.47547574301338,built_up,Medium,38.899353,0.17959741,Cool roof,427054.9002663456,1.0,2.341619307907063e-06,1848224295.22701,False
4329,+87401+19407,17.43405387549617,78.51410330022817,built_up,Medium,38.89926,0.22226931,Cool roof,426966.80650869873,1.0,2.3421024415855304e-06,1848651262.0335188,False
4330,+87313+19381,17.410697678110473,78.43505155523043,built_up,Medium,38.8992,0.22222558,Cool roof,427020.0952985397,1.0,2.3418101653995388e-06,1849078282.1288173,False
4331,+87342+19403,17.43046061435991,78.46110269846832,built_up,Medium,38.89914,0.20709611,Cool roof,426975.0093225714,1.0,2.3420574463750857e-06,1849505257.13814,False
4332,+87337+19390,17.418782515667058,78.456611122048,built_up,Medium,38.89859,0.24009705,Cool roof,427001.65706993314,1.0,2.341911286391619e-06,1849932258.79521,False
4333,+87319+19356,17.38823979600884,78.44044144693483,built_up,Medium,38.898285,0.20131654,Cool roof,427071.26875873934,1.0,2.3415295599407763e-06,1850359330.0639687,False
4334,+87405+19392,17.42057914623519,78.51769656136443,built_up,Medium,38.898224,0.17634839,Cool roof,426997.55855112965,1.0,2.3419337651324247e-06,1850786327.6225197,False
4335,+87367+19376,17.406206101690145,78.48356058056996,built_up,Medium,38.897186,0.1720104,Cool roof,427030.3351484935,1.0,2.34175401064251e-06,1851213357.9576683,False
4336,+87336+19345,17.378358327884122,78.45571280676394,built_up,Medium,38.896545,0.2571929,Cool roof,427093.76465508126,1.0,2.341406226821398e-06,1851640451.7223234,False
4337,+87410+19417,17.44303702833682,78.52218813778477,built_up,Medium,38.89572,0.18452309,Cool roof,426946.29225398856,1.0,2.3422149767847243e-06,1852067398.0145774,False
4338,+87370+19368,17.399019579417622,78.48625552642216,built_up,Medium,38.895172,0.21936603,Cool roof,427046.71354427113,1.0,2.3416641980464084e-06,1852494444.7281218,False
4339,+87407+19397,17.425070722655516,78.51949319193257,built_up,Medium,38.894684,0.17906079,Cool roof,426987.3104490032,1.0,2.3419899737733167e-06,1852921432.0385706,False
4340,+87337+19380,17.409799362826405,78.456611122048,built_up,Medium,38.893524,0.24373272,Cool roof,427022.1434748407,1.0,2.3417989331012717e-06,1853348454.1820455,False
4341,+87328+19410,17.436748821348363,78.44852628449141,built_up,Medium,38.89322,0.17804757,Cool roof,426960.65331528033,1.0,2.3421361950689414e-06,1853775414.8353608,False
4342,+87329+19403,17.43046061435991,78.44942459977548,built_up,Medium,38.892975,0.26645166,Cool roof,426975.0093225714,1.0,2.3420574463750857e-06,1854202389.8446834,False
4343,+87324+19410,17.436748821348363,78.44493302335515,built_up,Medium,38.892914,0.18823354,Cool roof,426960.65331528033,1.0,2.3421361950689414e-06,1854629350.4979987,False
4344,+87404+19392,17.42057914623519,78.51679824608037,built_up,Medium,38.892303,0.20303096,Cool roof,426997.55855112965,1.0,2.3419337651324247e-06,1855056348.0565498,False
4345,+87399+19369,17.399917894701687,78.51230666966005,built_up,Medium,38.89145,0.22320552,Cool roof,427044.66660585295,1.0,2.3416754222643517e-06,1855483392.7231557,False
4346,+87370+19388,17.416985885098928,78.48625552642216,built_up,Medium,38.890106,0.30499294,Cool roof,427005.7551761335,1.0,2.341888810345226e-06,1855910398.4783318,False
4347,+87329+19365,17.396324633565428,78.44942459977548,built_up,Medium,38.889587,0.26304582,Cool roof,427052.85374056763,1.0,2.341630529432066e-06,1856337451.3320723,False
4348,+87314+19354,17.38644316544071,78.4359498705145,built_up,Medium,38.887848,0.2349642,Cool roof,427075.35985020373,1.0,2.3415071296802258e-06,1856764526.6919224,False
4349,+87329+19399,17.426867353223646,78.44942459977548,built_up,Medium,38.887848,0.28410962,Cool roof,426983.2104861137,1.0,2.3420124619455547e-06,1857191509.9024086,False
4350,+87314+19359,17.390934741861038,78.4359498705145,built_up,Medium,38.887756,0.27246717,Cool roof,427065.1313478123,1.0,2.3415632103796727e-06,1857618575.0337565,False
4351,+87388+19381,17.410697678110473,78.50242520153533,built_up,Medium,38.8873,0.21700376,Cool roof,427020.0952985397,1.0,2.3418101653995388e-06,1858045595.129055,False
4352,+87356+19378,17.408002732258275,78.47367911244524,built_up,Medium,38.88559,0.22589794,Cool roof,427026.23951797804,1.0,2.341776470525061e-06,1858472621.368573,False
4353,+87325+19384,17.413392623962668,78.44583133863922,built_up,Medium,38.88382,0.2350423,Cool roof,427013.9501507122,1.0,2.341843866335176e-06,1858899635.3187237,False
4354,+87376+19361,17.392731372429168,78.49164541812655,built_up,Medium,38.883423,0.21029101,Cool roof,427061.0392247119,1.0,2.3415856473711663e-06,1859326696.3579483,False
4355,+87358+19374,17.404409471122015,78.47547574301338,built_up,Medium,38.88336,0.21102172,Cool roof,427034.4303663836,1.0,2.3417315534534955e-06,1859753730.7883146,False
4356,+87378+19384,17.413392623962668,78.49344204869467,built_up,Medium,38.88321,0.16893882,Cool roof,427013.9501507122,1.0,2.341843866335176e-06,1860180744.7384653,False
4357,+87407+19393,17.421477461519256,78.51949319193257,built_up,Medium,38.882812,0.22665787,Cool roof,426995.50913700275,1.0,2.341945005513271e-06,1860607740.2476022,False
4358,+87325+19379,17.40890104754234,78.44583133863922,built_up,Medium,38.881866,0.23632401,Cool roof,427024.1915479869,1.0,2.3417877014764513e-06,1861034764.43915,False
4359,+87336+19363,17.394528002997298,78.45571280676394,built_up,Medium,38.881317,0.23368499,Cool roof,427056.9466889627,1.0,2.3416080870552553e-06,1861461821.385839,False
4360,+87355+19415,17.44124039776869,78.47278079716118,built_up,Medium,38.881073,0.23857522,Cool roof,426950.395930064,1.0,2.342192464353174e-06,1861888771.781769,False
4361,+87330+19352,17.38464653487258,78.45032291505954,built_up,Medium,38.880524,0.28160563,Cool roof,427079.4505290082,1.0,2.341484702111833e-06,1862315851.2322981,False
4362,+87322+19412,17.438545451916493,78.44313639278703,built_up,Medium,38.8804,0.2775043,Cool roof,426956.55067061976,1.0,2.342158700760773e-06,1862742807.7829688,False
4363,+87338+19396,17.42417240737145,78.45750943733206,built_up,Medium,38.8804,0.22774011,Cool roof,426989.3602757261,1.0,2.341978730697775e-06,1863169797.1432445,False
4364,+87355+19377,17.40710441697421,78.47278079716118,built_up,Medium,38.879913,0.33786964,Cool roof,427028.28738481377,1.0,2.3417652402470857e-06,1863596825.4306293,False
4365,+87321+19353,17.385544850156645,78.44223807750296,built_up,Medium,38.879547,0.2569829,Cool roof,427077.40524118865,1.0,2.3414959155595174e-06,1864023902.8358705,False
4366,+87389+19416,17.442138713052756,78.50332351681939,built_up,Medium,38.878143,0.27337146,Cool roof,426948.3441435965,1.0,2.342203720231944e-06,1864450851.1800141,False
4367,+87316+19398,17.42596903793958,78.43774650108263,built_up,Medium,38.877106,0.23671204,Cool roof,426985.2605191322,1.0,2.3420012175225717e-06,1864877836.4405332,False
4368,+87360+19411,17.437647136632428,78.4772723735815,built_up,Medium,38.87552,0.28590187,Cool roof,426958.6020445212,1.0,2.3421474475778915e-06,1865304795.0425777,False
4369,+87396+19419,17.44483365890495,78.50961172380785,built_up,Medium,38.875153,0.29865444,Cool roof,426942.18816535256,1.0,2.3422374919123827e-06,1865731737.2307432,False
4370,+87395+19393,17.421477461519256,78.50871340852379,built_up,Medium,38.87506,0.2699086,Cool roof,426995.50913700275,1.0,2.341945005513271e-06,1866158732.73988,False
4371,+87381+19370,17.400816209985756,78.49613699454687,built_up,Medium,38.87448,0.18452796,Cool roof,427042.6195642755,1.0,2.3416866471555702e-06,1866585775.3594444,False
4372,+87376+19392,17.42057914623519,78.49164541812655,built_up,Medium,38.87442,0.17800623,Cool roof,426997.55855112965,1.0,2.3419337651324247e-06,1867012772.9179955,False
4373,+87328+19421,17.44663028947308,78.44852628449141,built_up,Medium,38.87375,0.19837998,Cool roof,426938.0836641594,1.0,2.3422600097362737e-06,1867439711.0016596,False
4374,+87350+19364,17.395426318281363,78.46828922074084,built_up,Medium,38.873566,0.24916004,Cool roof,427054.9002663456,1.0,2.341619307907063e-06,1867866765.901926,False
4375,+87401+19368,17.399019579417622,78.51410330022817,built_up,Medium,38.87204,0.21605667,Cool roof,427046.71354427113,1.0,2.3416641980464084e-06,1868293812.6154704,False
4376,+87390+19366,17.397222948849492,78.50422183210345,built_up,Medium,38.871887,0.22128493,Cool roof,427050.8071116288,1.0,2.3416417516302816e-06,1868720863.4225821,False
4377,+87357+19371,17.40171452526982,78.4745774277293,built_up,Medium,38.871674,0.25755647,Cool roof,427040.5724195397,1.0,2.341697872720077e-06,1869147903.9950018,False
4378,+87400+19378,17.408002732258275,78.51320498494411,built_up,Medium,38.870697,0.24761671,Cool roof,427026.23951797804,1.0,2.341776470525061e-06,1869574930.2345197,False
4379,+87388+19367,17.398121264133557,78.50242520153533,built_up,Medium,38.870148,0.18999451,Cool roof,427048.7603795299,1.0,2.3416529745017237e-06,1870001978.9948993,False
4380,+87321+19390,17.418782515667058,78.44223807750296,built_up,Medium,38.86911,0.2617743,Cool roof,427001.65706993314,1.0,2.341911286391619e-06,1870428980.6519692,False
4381,+87368+19377,17.40710441697421,78.48445889585402,built_up,Medium,38.86908,0.23252726,Cool roof,427028.28738481377,1.0,2.3417652402470857e-06,1870856008.939354,False
4382,+87405+19381,17.410697678110473,78.51769656136443,built_up,Medium,38.86862,0.27749136,Cool roof,427020.0952985397,1.0,2.3418101653995388e-06,1871283029.0346525,False
4383,+87390+19391,17.419680830951123,78.50422183210345,built_up,Medium,38.86856,0.3082015,Cool roof,426999.6078621065,1.0,2.3419225254252125e-06,1871710028.6425145,False
4384,+87402+19400,17.42776566850771,78.51500161551225,built_up,Medium,38.868042,0.16039787,Cool roof,426981.160349948,1.0,2.3420237070422817e-06,1872137009.8028643,False
4385,+87364+19369,17.399917894701687,78.48086563471776,built_up,Medium,38.866974,0.22561496,Cool roof,427044.66660585295,1.0,2.3416754222643517e-06,1872564054.4694703,False
4386,+87346+19415,17.44124039776869,78.46469595960458,built_up,Medium,38.865143,0.29988307,Cool roof,426950.395930064,1.0,2.342192464353174e-06,1872991004.8654003,False
4387,+87357+19416,17.442138713052756,78.4745774277293,built_up,Medium,38.86447,0.31199402,Cool roof,426948.3441435965,1.0,2.342203720231944e-06,1873417953.209544,False
4388,+87397+19393,17.421477461519256,78.51051003909191,built_up,Medium,38.86447,0.17741168,Cool roof,426995.50913700275,1.0,2.341945005513271e-06,1873844948.7186809,False
4389,+87370+19366,17.397222948849492,78.48625552642216,built_up,Medium,38.86441,0.2349117,Cool roof,427050.8071116288,1.0,2.3416417516302816e-06,1874271999.5257926,False
4390,+87341+19366,17.397222948849492,78.46020438318426,built_up,Medium,38.864227,0.29533643,Cool roof,427050.8071116288,1.0,2.3416417516302816e-06,1874699050.3329043,False
4391,+87319+19401,17.428663983791775,78.44044144693483,built_up,Medium,38.864197,0.3393607,Cool roof,426979.11011063546,1.0,2.3420349528127683e-06,1875126029.4430149,False
4392,+87398+19412,17.438545451916493,78.51140835437599,built_up,Medium,38.864105,0.3128397,Cool roof,426956.55067061976,1.0,2.342158700760773e-06,1875552985.9936855,False
4393,+87387+19368,17.399019579417622,78.50152688625127,built_up,Medium,38.862823,0.2380868,Cool roof,427046.71354427113,1.0,2.3416641980464084e-06,1875980032.7072299,False
4394,+87350+19379,17.40890104754234,78.46828922074084,built_up,Medium,38.862762,0.16880761,Cool roof,427024.1915479869,1.0,2.3417877014764513e-06,1876407056.8987777,False
4395,+87338+19372,17.402612840553886,78.45750943733206,built_up,Medium,38.86203,0.31735584,Cool roof,427038.5251716453,1.0,2.3417090989578906e-06,1876834095.4239495,False
4396,+87341+19418,17.443935343620886,78.46020438318426,built_up,Medium,38.86197,0.33723393,Cool roof,426944.24026124045,1.0,2.3422262340115322e-06,1877261039.6642108,False
4397,+87342+19379,17.40890104754234,78.46110269846832,built_up,Medium,38.86197,0.23284931,Cool roof,427024.1915479869,1.0,2.3417877014764513e-06,1877688063.8557587,False
4398,+87364+19386,17.415189254530798,78.48086563471776,built_up,Medium,38.86151,0.3082605,Cool roof,427009.85286972753,1.0,2.34186633699312e-06,1878115073.7086284,False
4399,+87383+19396,17.42417240737145,78.497933625115,built_up,Medium,38.860565,0.27895772,Cool roof,426989.3602757261,1.0,2.341978730697775e-06,1878542063.0689042,False
4400,+87356+19416,17.442138713052756,78.47367911244524,built_up,Medium,38.860474,0.28574207,Cool roof,426948.3441435965,1.0,2.342203720231944e-06,1878969011.4130478,False
4401,+87332+19363,17.394528002997298,78.45211954562768,built_up,Medium,38.860107,0.24801283,Cool roof,427056.9466889627,1.0,2.3416080870552553e-06,1879396068.3597367,False
4402,+87390+19394,17.42237577680332,78.50422183210345,built_up,Medium,38.85977,0.26877713,Cool roof,426993.45961972617,1.0,2.341956246567769e-06,1879823061.8193564,False
4403,+87320+19412,17.438545451916493,78.44133976221889,built_up,Medium,38.859344,0.29710427,Cool roof,426956.55067061976,1.0,2.342158700760773e-06,1880250018.370027,False
4404,+87316+19358,17.39003642657697,78.43774650108263,built_up,Medium,38.858856,0.2353099,Cool roof,427067.17725461826,1.0,2.34155199289361e-06,1880677085.5472817,False
4405,+87402+19396,17.42417240737145,78.51500161551225,built_up,Medium,38.85855,0.16839376,Cool roof,426989.3602757261,1.0,2.341978730697775e-06,1881104074.9075575,False
4406,+87405+19406,17.433155560212104,78.51769656136443,built_up,Medium,38.85855,0.23713231,Cool roof,426968.857366884,1.0,2.3420911917721534e-06,1881531043.7649243,False
4407,+87391+19391,17.419680830951123,78.50512014738753,built_up,Medium,38.858215,0.28118345,Cool roof,426999.6078621065,1.0,2.3419225254252125e-06,1881958043.3727863,False
4408,+87377+19393,17.421477461519256,78.49254373341061,built_up,Medium,38.858185,0.24254441,Cool roof,426995.50913700275,1.0,2.341945005513271e-06,1882385038.8819232,False
4409,+87324+19378,17.408002732258275,78.44493302335515,built_up,Medium,38.85721,0.31075704,Cool roof,427026.23951797804,1.0,2.341776470525061e-06,1882812065.1214411,False
4410,+87325+19410,17.436748821348363,78.44583133863922,built_up,Medium,38.85721,0.22314599,Cool roof,426960.65331528033,1.0,2.3421361950689414e-06,1883239025.7747564,False
4411,+87398+19400,17.42776566850771,78.51140835437599,built_up,Medium,38.85721,0.24722192,Cool roof,426981.160349948,1.0,2.3420237070422817e-06,1883666006.9351063,False
4412,+87315+19397,17.425070722655516,78.43684818579857,built_up,Medium,38.85492,0.27991253,Cool roof,426987.3104490032,1.0,2.3419899737733167e-06,1884092994.2455552,False
4413,+87333+19399,17.426867353223646,78.45301786091174,built_up,Medium,38.854706,0.17884044,Cool roof,426983.2104861137,1.0,2.3420124619455547e-06,1884519977.4560413,False
4414,+87411+19342,17.375663382031927,78.52308645306883,built_up,Medium,38.85443,0.2600026,Cool roof,427099.8977330211,1.0,2.341372604647864e-06,1884947077.3537743,False
4415,+87316+19347,17.380154958452252,78.43774650108263,built_up,Medium,38.85211,0.17668395,Cool roof,427089.6754206114,1.0,2.341428644968222e-06,1885374167.0291948,False
4416,+87386+19415,17.44124039776869,78.5006285709672,built_up,Medium,38.85141,0.25572896,Cool roof,426950.395930064,1.0,2.342192464353174e-06,1885801117.425125,False
4417,+87408+19381,17.410697678110473,78.52039150721663,built_up,Medium,38.85089,0.31735465,Cool roof,427020.0952985397,1.0,2.3418101653995388e-06,1886228137.5204234,False
4418,+87339+19379,17.40890104754234,78.45840775261613,built_up,Medium,38.848663,0.17064354,Cool roof,427024.1915479869,1.0,2.3417877014764513e-06,1886655161.7119713,False
4419,+87362+19377,17.40710441697421,78.47906900414964,built_up,Medium,38.848114,0.24132723,Cool roof,427028.28738481377,1.0,2.3417652402470857e-06,1887082189.999356,False
4420,+87345+19362,17.393629687713233,78.46379764432052,built_up,Medium,38.847443,0.23584883,Cool roof,427058.9930084181,1.0,2.3415968668766287e-06,1887509248.9923644,False
4421,+87347+19411,17.437647136632428,78.46559427488866,built_up,Medium,38.84659,0.20447512,Cool roof,426958.6020445212,1.0,2.3421474475778915e-06,1887936207.594409,False
4422,+87356+19415,17.44124039776869,78.47367911244524,built_up,Medium,38.84561,0.26420957,Cool roof,426950.395930064,1.0,2.342192464353174e-06,1888363157.990339,False
4423,+87380+19382,17.41159599339454,78.49523867926281,built_up,Medium,38.845154,0.2903877,Cool roof,427018.0470190842,1.0,2.3418213983712686e-06,1888790176.037358,False
4424,+87344+19420,17.445731974189016,78.46289932903646,built_up,Medium,38.845123,0.21323967,Cool roof,426940.13596632547,1.0,2.342248750487291e-06,1889217116.1733243,False
4425,+87321+19359,17.390934741861038,78.44223807750296,built_up,Medium,38.844635,0.2356039,Cool roof,427065.1313478123,1.0,2.3415632103796727e-06,1889644181.3046722,False
4426,+87326+19414,17.440342082484626,78.44672965392328,built_up,Medium,38.844208,0.1789162,Cool roof,426952.4476133907,1.0,2.3421812091483994e-06,1890071133.7522857,False
4427,+87355+19361,17.392731372429168,78.47278079716118,built_up,Medium,38.84369,0.15364952,Cool roof,427061.0392247119,1.0,2.3415856473711663e-06,1890498194.7915103,False
4428,+87329+19364,17.395426318281363,78.44942459977548,built_up,Medium,38.84259,0.23230639,Cool roof,427054.9002663456,1.0,2.341619307907063e-06,1890925249.6917768,False
4429,+87370+19378,17.408002732258275,78.48625552642216,built_up,Medium,38.8425,0.21759166,Cool roof,427026.23951797804,1.0,2.341776470525061e-06,1891352275.9312947,False
4430,+87336+19361,17.392731372429168,78.45571280676394,built_up,Medium,38.842316,0.26732525,Cool roof,427061.0392247119,1.0,2.3415856473711663e-06,1891779336.9705193,False
4431,+87342+19382,17.41159599339454,78.46110269846832,built_up,Medium,38.842194,0.20243679,Cool roof,427018.0470190842,1.0,2.3418213983712686e-06,1892206355.0175383,False
4432,+87341+19379,17.40890104754234,78.46020438318426,built_up,Medium,38.84131,0.18571433,Cool roof,427024.1915479869,1.0,2.3417877014764513e-06,1892633379.2090862,False
4433,+87405+19405,17.43225724492804,78.51769656136443,built_up,Medium,38.84076,0.22058901,Cool roof,426970.90812192473,1.0,2.3420799426326314e-06,1893060350.117208,False
4434,+87392+19408,17.434952190780233,78.50601846267159,built_up,Medium,38.8403,0.21448535,Cool roof,426964.7555473694,1.0,2.3421136920727768e-06,1893487314.8727553,False
4435,+87401+19408,17.434952190780233,78.51410330022817,built_up,Medium,38.839935,0.27956575,Cool roof,426964.7555473694,1.0,2.3421136920727768e-06,1893914279.6283026,False
4436,+87324+19406,17.433155560212104,78.44493302335515,built_up,Medium,38.83969,0.2530812,Cool roof,426968.857366884,1.0,2.3420911917721534e-06,1894341248.4856694,False
4437,+87316+19362,17.393629687713233,78.43774650108263,built_up,Medium,38.83664,0.2362231,Cool roof,427058.9930084181,1.0,2.3415968668766287e-06,1894768307.4786777,False
4438,+87340+19411,17.437647136632428,78.4593060679002,built_up,Medium,38.836212,0.26344332,Cool roof,426958.6020445212,1.0,2.3421474475778915e-06,1895195266.0807223,False
4439,+87317+19389,17.417884200382993,78.43864481636669,built_up,Medium,38.83609,0.2031152,Cool roof,427003.7061746089,1.0,2.3419000480316284e-06,1895622269.786897,False
4440,+87410+19369,17.399917894701687,78.52218813778477,built_up,Medium,38.835724,0.32267585,Cool roof,427044.66660585295,1.0,2.3416754222643517e-06,1896049314.453503,False
4441,+87391+19369,17.399917894701687,78.50512014738753,built_up,Medium,38.832764,0.19000293,Cool roof,427044.66660585295,1.0,2.3416754222643517e-06,1896476359.1201088,False
4442,+87369+19372,17.402612840553886,78.4853572111381,built_up,Medium,38.832733,0.1878601,Cool roof,427038.5251716453,1.0,2.3417090989578906e-06,1896903397.6452806,False
4443,+87376+19391,17.419680830951123,78.49164541812655,built_up,Medium,38.832672,0.19376986,Cool roof,426999.6078621065,1.0,2.3419225254252125e-06,1897330397.2531426,False
4444,+87374+19393,17.421477461519256,78.48984878755842,built_up,Medium,38.831512,0.19920132,Cool roof,426995.50913700275,1.0,2.341945005513271e-06,1897757392.7622795,False
4445,+87405+19398,17.42596903793958,78.51769656136443,built_up,Medium,38.831512,0.24872415,Cool roof,426985.2605191322,1.0,2.3420012175225717e-06,1898184378.0227985,False
4446,+87377+19381,17.410697678110473,78.49254373341061,built_up,Medium,38.83136,0.17864245,Cool roof,427020.0952985397,1.0,2.3418101653995388e-06,1898611398.118097,False
4447,+87362+19362,17.393629687713233,78.47906900414964,built_up,Medium,38.83127,0.22594726,Cool roof,427058.9930084181,1.0,2.3415968668766287e-06,1899038457.1111054,False
4448,+87357+19362,17.393629687713233,78.4745774277293,built_up,Medium,38.83087,0.23301205,Cool roof,427058.9930084181,1.0,2.3415968668766287e-06,1899465516.1041138,False
4449,+87356+19366,17.397222948849492,78.47367911244524,built_up,Medium,38.829742,0.2568276,Cool roof,427050.8071116288,1.0,2.3416417516302816e-06,1899892566.9112256,False
4450,+87328+19419,17.44483365890495,78.44852628449141,built_up,Medium,38.82901,0.19161949,Cool roof,426942.18816535256,1.0,2.3422374919123827e-06,1900319509.099391,False
4451,+87406+19341,17.374765066747862,78.5185948766485,built_up,Medium,38.828857,0.29019117,Cool roof,427101.94188599556,1.0,2.3413613986024103e-06,1900746611.041277,False
4452,+87369+19410,17.436748821348363,78.4853572111381,built_up,Medium,38.828674,0.17889713,Cool roof,426960.65331528033,1.0,2.3421361950689414e-06,1901173571.6945922,False
4453,+87335+19363,17.394528002997298,78.45481449147987,built_up,Medium,38.82846,0.27145788,Cool roof,427056.9466889627,1.0,2.3416080870552553e-06,1901600628.6412811,False
4454,+87345+19414,17.440342082484626,78.46379764432052,built_up,Medium,38.8284,0.23095517,Cool roof,426952.4476133907,1.0,2.3421812091483994e-06,1902027581.0888946,False
4455,+87347+19420,17.445731974189016,78.46559427488866,built_up,Medium,38.82834,0.23596452,Cool roof,426940.13596632547,1.0,2.342248750487291e-06,1902454521.224861,False
4456,+87323+19396,17.42417240737145,78.44403470807109,built_up,Medium,38.8273,0.24573098,Cool roof,426989.3602757261,1.0,2.341978730697775e-06,1902881510.5851367,False
4457,+87393+19373,17.40351115583795,78.50691677795565,built_up,Medium,38.826294,0.26743317,Cool roof,427036.4778205931,1.0,2.341720325869025e-06,1903308547.0629573,False
4458,+87353+19370,17.400816209985756,78.47098416659304,built_up,Medium,38.82556,0.26961455,Cool roof,427042.6195642755,1.0,2.3416866471555702e-06,1903735589.6825216,False
4459,+87328+19406,17.433155560212104,78.44852628449141,built_up,Medium,38.82492,0.20983821,Cool roof,426968.857366884,1.0,2.3420911917721534e-06,1904162558.5398884,False
4460,+87321+19413,17.439443767200558,78.44223807750296,built_up,Medium,38.82379,0.22684085,Cool roof,426954.49919357605,1.0,2.342169954617604e-06,1904589513.039082,False
4461,+87327+19413,17.439443767200558,78.44762796920735,built_up,Medium,38.822784,0.21944347,Cool roof,426954.49919357605,1.0,2.342169954617604e-06,1905016467.5382757,False
4462,+87313+19421,17.44663028947308,78.43505155523043,built_up,Medium,38.822754,0.2740586,Cool roof,426938.0836641594,1.0,2.3422600097362737e-06,1905443405.62194,False
4463,+87401+19399,17.426867353223646,78.51410330022817,built_up,Medium,38.82254,0.17931254,Cool roof,426983.2104861137,1.0,2.3420124619455547e-06,1905870388.832426,False
4464,+87345+19421,17.44663028947308,78.46379764432052,built_up,Medium,38.821747,0.23455375,Cool roof,426938.0836641594,1.0,2.3422600097362737e-06,1906297326.9160903,False
4465,+87339+19372,17.402612840553886,78.45840775261613,built_up,Medium,38.820953,0.27817866,Cool roof,427038.5251716453,1.0,2.3417090989578906e-06,1906724365.441262,False
4466,+87404+19407,17.43405387549617,78.51679824608037,built_up,Medium,38.82077,0.21317354,Cool roof,426966.80650869873,1.0,2.3421024415855304e-06,1907151332.2477708,False
4467,+87357+19361,17.392731372429168,78.4745774277293,built_up,Medium,38.82065,0.25830507,Cool roof,427061.0392247119,1.0,2.3415856473711663e-06,1907578393.2869954,False
4468,+87408+19340,17.373866751463797,78.52039150721663,built_up,Medium,38.82065,0.24689719,Cool roof,427103.9859357997,1.0,2.3413501932297943e-06,1908005497.272931,False
4469,+87334+19379,17.40890104754234,78.4539161761958,built_up,Medium,38.819855,0.17441785,Cool roof,427024.1915479869,1.0,2.3417877014764513e-06,1908432521.464479,False
4470,+87323+19398,17.42596903793958,78.44403470807109,built_up,Medium,38.819275,0.22881962,Cool roof,426985.2605191322,1.0,2.3420012175225717e-06,1908859506.724998,False
4471,+87352+19411,17.437647136632428,78.47008585130898,built_up,Medium,38.818695,0.28415194,Cool roof,426958.6020445212,1.0,2.3421474475778915e-06,1909286465.3270426,False
4472,+87404+19409,17.4358505060643,78.51679824608037,built_up,Medium,38.818237,0.20513715,Cool roof,426962.70448289654,1.0,2.342124943233908e-06,1909713428.0315254,False
4473,+87342+19402,17.42956229907584,78.46110269846832,built_up,Medium,38.818207,0.19832271,Cool roof,426977.0597681764,1.0,2.3420461992570315e-06,1910140405.0912936,False
4474,+87394+19376,17.406206101690145,78.50781509323971,built_up,Medium,38.818085,0.289676,Cool roof,427030.3351484935,1.0,2.34175401064251e-06,1910567435.4264421,False
4475,+87365+19415,17.44124039776869,78.48176395000183,built_up,Medium,38.8179,0.2442755,Cool roof,426950.395930064,1.0,2.342192464353174e-06,1910994385.8223722,False
4476,+87343+19412,17.438545451916493,78.4620010137524,built_up,Medium,38.81729,0.21930099,Cool roof,426956.55067061976,1.0,2.342158700760773e-06,1911421342.3730428,False
4477,+87328+19405,17.43225724492804,78.44852628449141,built_up,Medium,38.81601,0.20339102,Cool roof,426970.90812192473,1.0,2.3420799426326314e-06,1911848313.2811646,False
4478,+87379+19377,17.40710441697421,78.49434036397874,built_up,Medium,38.815155,0.33311442,Cool roof,427028.28738481377,1.0,2.3417652402470857e-06,1912275341.5685494,False
4479,+87355+19360,17.391833057145103,78.47278079716118,built_up,Medium,38.815033,0.21681593,Cool roof,427063.08533784345,1.0,2.3415744285388524e-06,1912702404.6538873,False
4480,+87404+19388,17.416985885098928,78.51679824608037,built_up,Medium,38.81479,0.16499197,Cool roof,427005.7551761335,1.0,2.341888810345226e-06,1913129410.4090633,False
4481,+87329+19409,17.4358505060643,78.44942459977548,built_up,Medium,38.814728,0.27816916,Cool roof,426962.70448289654,1.0,2.342124943233908e-06,1913556373.1135461,False
4482,+87378+19365,17.396324633565428,78.49344204869467,built_up,Medium,38.8143,0.25043032,Cool roof,427052.85374056763,1.0,2.341630529432066e-06,1913983425.9672866,False
4483,+87405+19408,17.434952190780233,78.51769656136443,built_up,Medium,38.813934,0.1888581,Cool roof,426964.7555473694,1.0,2.3421136920727768e-06,1914410390.7228339,False
4484,+87396+19389,17.417884200382993,78.50961172380785,built_up,Medium,38.812927,0.3358121,Cool roof,427003.7061746089,1.0,2.3419000480316284e-06,1914837394.4290085,False
4485,+87367+19410,17.436748821348363,78.48356058056996,built_up,Medium,38.812714,0.18442251,Cool roof,426960.65331528033,1.0,2.3421361950689414e-06,1915264355.0823238,False
4486,+87316+19418,17.443935343620886,78.43774650108263,built_up,Medium,38.812286,0.31288883,Cool roof,426944.24026124045,1.0,2.3422262340115322e-06,1915691299.322585,False
4487,+87318+19356,17.38823979600884,78.43954313165077,built_up,Medium,38.812286,0.2694555,Cool roof,427071.26875873934,1.0,2.3415295599407763e-06,1916118370.5913439,False
4488,+87356+19354,17.38644316544071,78.47367911244524,built_up,Medium,38.811554,0.24617,Cool roof,427075.35985020373,1.0,2.3415071296802258e-06,1916545445.951194,False
4489,+87321+19407,17.43405387549617,78.44223807750296,built_up,Medium,38.811066,0.18296653,Cool roof,426966.80650869873,1.0,2.3421024415855304e-06,1916972412.7577028,False
4490,+87370+19417,17.44303702833682,78.48625552642216,built_up,Medium,38.811066,0.2239509,Cool roof,426946.29225398856,1.0,2.3422149767847243e-06,1917399359.0499568,False
4491,+87404+19400,17.42776566850771,78.51679824608037,built_up,Medium,38.811005,0.21001793,Cool roof,426981.160349948,1.0,2.3420237070422817e-06,1917826340.2103066,False
4492,+87342+19418,17.443935343620886,78.46110269846832,built_up,Medium,38.809723,0.32663938,Cool roof,426944.24026124045,1.0,2.3422262340115322e-06,1918253284.450568,False
4493,+87383+19397,17.425070722655516,78.497933625115,built_up,Medium,38.80899,0.2510956,Cool roof,426987.3104490032,1.0,2.3419899737733167e-06,1918680271.7610168,False
4494,+87402+19410,17.436748821348363,78.51500161551225,built_up,Medium,38.80899,0.32740968,Cool roof,426960.65331528033,1.0,2.3421361950689414e-06,1919107232.4143322,False
4495,+87378+19364,17.395426318281363,78.49344204869467,built_up,Medium,38.808716,0.32288244,Cool roof,427054.9002663456,1.0,2.341619307907063e-06,1919534287.3145986,False
4496,+87379+19415,17.44124039776869,78.49434036397874,built_up,Medium,38.807648,0.17766657,Cool roof,426950.395930064,1.0,2.342192464353174e-06,1919961237.7105286,False
4497,+87378+19369,17.399917894701687,78.49344204869467,built_up,Medium,38.807465,0.1685125,Cool roof,427044.66660585295,1.0,2.3416754222643517e-06,1920388282.3771346,False
4498,+87402+19347,17.380154958452252,78.51500161551225,built_up,Medium,38.807373,0.29510668,Cool roof,427089.6754206114,1.0,2.341428644968222e-06,1920815372.052555,False
4499,+87322+19407,17.43405387549617,78.44313639278703,built_up,Medium,38.80716,0.20488974,Cool roof,426966.80650869873,1.0,2.3421024415855304e-06,1921242338.8590639,False
4500,+87330+19365,17.396324633565428,78.45032291505954,built_up,Medium,38.806793,0.27493834,Cool roof,427052.85374056763,1.0,2.341630529432066e-06,1921669391.7128043,False
4501,+87335+19395,17.423274092087386,78.45481449147987,built_up,Medium,38.80667,0.19285741,Cool roof,426991.4099993005,1.0,2.3419674882959313e-06,1922096383.1228037,False
4502,+87326+19403,17.43046061435991,78.44672965392328,built_up,Medium,38.80609,0.21884269,Cool roof,426975.0093225714,1.0,2.3420574463750857e-06,1922523358.1321263,False
4503,+87398+19418,17.443935343620886,78.51140835437599,built_up,Medium,38.80429,0.27173096,Cool roof,426944.24026124045,1.0,2.3422262340115322e-06,1922950302.3723876,False
4504,+87344+19395,17.423274092087386,78.46289932903646,built_up,Medium,38.80362,0.2636973,Cool roof,426991.4099993005,1.0,2.3419674882959313e-06,1923377293.782387,False
4505,+87366+19370,17.400816209985756,78.4826622652859,built_up,Medium,38.802887,0.2083904,Cool roof,427042.6195642755,1.0,2.3416866471555702e-06,1923804336.4019513,False
4506,+87334+19395,17.423274092087386,78.4539161761958,built_up,Medium,38.802826,0.2112411,Cool roof,426991.4099993005,1.0,2.3419674882959313e-06,1924231327.8119507,False
4507,+87384+19362,17.393629687713233,78.49883194039907,built_up,Medium,38.80252,0.276708,Cool roof,427058.9930084181,1.0,2.3415968668766287e-06,1924658386.804959,False
4508,+87387+19370,17.400816209985756,78.50152688625127,built_up,Medium,38.79953,0.24422507,Cool roof,427042.6195642755,1.0,2.3416866471555702e-06,1925085429.4245234,False
4509,+87404+19403,17.43046061435991,78.51679824608037,built_up,Medium,38.79904,0.22297803,Cool roof,426975.0093225714,1.0,2.3420574463750857e-06,1925512404.433846,False
4510,+87380+19361,17.392731372429168,78.49523867926281,built_up,Medium,38.79892,0.23953426,Cool roof,427061.0392247119,1.0,2.3415856473711663e-06,1925939465.4730706,False
4511,+87401+19373,17.40351115583795,78.51410330022817,built_up,Medium,38.798615,0.25877327,Cool roof,427036.4778205931,1.0,2.341720325869025e-06,1926366501.9508913,False
4512,+87342+19401,17.428663983791775,78.46110269846832,built_up,Medium,38.7984,0.20791294,Cool roof,426979.11011063546,1.0,2.3420349528127683e-06,1926793481.0610018,False
4513,+87325+19385,17.414290939246733,78.44583133863922,built_up,Medium,38.79837,0.23693143,Cool roof,427011.90156179626,1.0,2.3418551013273855e-06,1927220492.9625635,False
4514,+87397+19374,17.404409471122015,78.51051003909191,built_up,Medium,38.797974,0.2411493,Cool roof,427034.4303663836,1.0,2.3417315534534955e-06,1927647527.3929298,False
4515,+87347+19375,17.40530778640608,78.46559427488866,built_up,Medium,38.797913,0.19670127,Cool roof,427032.38280901685,1.0,2.3417427817113192e-06,1928074559.7757387,False
4516,+87371+19402,17.42956229907584,78.48715384170622,built_up,Medium,38.79782,0.29019687,Cool roof,426977.0597681764,1.0,2.3420461992570315e-06,1928501536.835507,False
4517,+87354+19361,17.392731372429168,78.47188248187712,built_up,Medium,38.797333,0.1640384,Cool roof,427061.0392247119,1.0,2.3415856473711663e-06,1928928597.8747315,False
4518,+87328+19413,17.439443767200558,78.44852628449141,built_up,Medium,38.796906,0.20867006,Cool roof,426954.49919357605,1.0,2.342169954617604e-06,1929355552.3739252,False
4519,+87390+19397,17.425070722655516,78.50422183210345,built_up,Medium,38.796814,0.29429176,Cool roof,426987.3104490032,1.0,2.3419899737733167e-06,1929782539.684374,False
4520,+87330+19398,17.42596903793958,78.45032291505954,built_up,Medium,38.79596,0.21078986,Cool roof,426985.2605191322,1.0,2.3420012175225717e-06,1930209524.9448931,False
4521,+87369+19373,17.40351115583795,78.4853572111381,built_up,Medium,38.795593,0.2126973,Cool roof,427036.4778205931,1.0,2.341720325869025e-06,1930636561.4227138,False
4522,+87345+19395,17.423274092087386,78.46379764432052,built_up,Medium,38.795258,0.18163742,Cool roof,426991.4099993005,1.0,2.3419674882959313e-06,1931063552.8327131,False
4523,+87329+19401,17.428663983791775,78.44942459977548,built_up,Medium,38.795166,0.23252971,Cool roof,426979.11011063546,1.0,2.3420349528127683e-06,1931490531.9428236,False
4524,+87364+19415,17.44124039776869,78.48086563471776,built_up,Medium,38.792816,0.25207654,Cool roof,426950.395930064,1.0,2.342192464353174e-06,1931917482.3387537,False
4525,+87394+19416,17.442138713052756,78.50781509323971,built_up,Medium,38.79242,0.27965248,Cool roof,426948.3441435965,1.0,2.342203720231944e-06,1932344430.6828973,False
4526,+87320+19403,17.43046061435991,78.44133976221889,built_up,Medium,38.791656,0.22455682,Cool roof,426975.0093225714,1.0,2.3420574463750857e-06,1932771405.69222,False
4527,+87337+19389,17.417884200382993,78.456611122048,built_up,Medium,38.791534,0.19794592,Cool roof,427003.7061746089,1.0,2.3419000480316284e-06,1933198409.3983946,False
4528,+87398+19410,17.436748821348363,78.51140835437599,built_up,Medium,38.791107,0.3216549,Cool roof,426960.65331528033,1.0,2.3421361950689414e-06,1933625370.05171,False
4529,+87404+19410,17.436748821348363,78.51679824608037,built_up,Medium,38.790558,0.28701052,Cool roof,426960.65331528033,1.0,2.3421361950689414e-06,1934052330.7050252,False
4530,+87403+19407,17.43405387549617,78.51589993079631,built_up,Medium,38.7894,0.23624887,Cool roof,426966.80650869873,1.0,2.3421024415855304e-06,1934479297.511534,False
4531,+87318+19387,17.416087569814863,78.43954313165077,built_up,Medium,38.789124,0.29806423,Cool roof,427007.8040745065,1.0,2.341877573332395e-06,1934906305.3156085,False
4532,+87331+19360,17.391833057145103,78.4512212303436,built_up,Medium,38.78885,0.25111282,Cool roof,427063.08533784345,1.0,2.3415744285388524e-06,1935333368.4009464,False
4533,+87354+19363,17.394528002997298,78.47188248187712,built_up,Medium,38.788055,0.26249582,Cool roof,427056.9466889627,1.0,2.3416080870552553e-06,1935760425.3476353,False
4534,+87318+19348,17.38105327373632,78.43954313165077,built_up,Medium,38.786957,0.24708293,Cool roof,427087.63064862473,1.0,2.3414398550510214e-06,1936187512.978284,False
4535,+87401+19400,17.42776566850771,78.51410330022817,built_up,Medium,38.786163,0.15677771,Cool roof,426981.160349948,1.0,2.3420237070422817e-06,1936614494.1386337,False
4536,+87320+19355,17.387341480724775,78.44133976221889,built_up,Medium,38.78409,0.25133213,Cool roof,427073.3143560538,1.0,2.341518344473974e-06,1937041567.4529898,False
4537,+87371+19372,17.402612840553886,78.48715384170622,built_up,Medium,38.784058,0.19702472,Cool roof,427038.5251716453,1.0,2.3417090989578906e-06,1937468605.9781616,False
4538,+87381+19368,17.399019579417622,78.49613699454687,built_up,Medium,38.7836,0.20379092,Cool roof,427046.71354427113,1.0,2.3416641980464084e-06,1937895652.691706,False
4539,+87324+19398,17.42596903793958,78.44493302335515,built_up,Medium,38.783295,0.22362807,Cool roof,426985.2605191322,1.0,2.3420012175225717e-06,1938322637.952225,False
4540,+87332+19380,17.409799362826405,78.45211954562768,built_up,Medium,38.783295,0.18267226,Cool roof,427022.1434748407,1.0,2.3417989331012717e-06,1938749660.0956998,False
4541,+87401+19396,17.42417240737145,78.51410330022817,built_up,Medium,38.78311,0.17582862,Cool roof,426989.3602757261,1.0,2.341978730697775e-06,1939176649.4559755,False
4542,+87354+19365,17.396324633565428,78.47188248187712,built_up,Medium,38.78305,0.26055184,Cool roof,427052.85374056763,1.0,2.341630529432066e-06,1939603702.309716,False
4543,+87369+19414,17.440342082484626,78.4853572111381,built_up,Medium,38.782806,0.22729772,Cool roof,426952.4476133907,1.0,2.3421812091483994e-06,1940030654.7573295,False
4544,+87345+19420,17.445731974189016,78.46379764432052,built_up,Medium,38.78244,0.22393923,Cool roof,426940.13596632547,1.0,2.342248750487291e-06,1940457594.8932958,False
4545,+87392+19402,17.42956229907584,78.50601846267159,built_up,Medium,38.78122,0.31099886,Cool roof,426977.0597681764,1.0,2.3420461992570315e-06,1940884571.953064,False
4546,+87403+19409,17.4358505060643,78.51589993079631,built_up,Medium,38.77945,0.22540274,Cool roof,426962.70448289654,1.0,2.342124943233908e-06,1941311534.6575468,False
4547,+87318+19420,17.445731974189016,78.43954313165077,built_up,Medium,38.7789,0.26391876,Cool roof,426940.13596632547,1.0,2.342248750487291e-06,1941738474.793513,False
4548,+87359+19409,17.4358505060643,78.47637405829744,built_up,Medium,38.778717,0.2846899,Cool roof,426962.70448289654,1.0,2.342124943233908e-06,1942165437.4979959,False
4549,+87410+19412,17.438545451916493,78.52218813778477,built_up,Medium,38.77841,0.3217627,Cool roof,426956.55067061976,1.0,2.342158700760773e-06,1942592394.0486665,False
4550,+87397+19397,17.425070722655516,78.51051003909191,built_up,Medium,38.777374,0.17130047,Cool roof,426987.3104490032,1.0,2.3419899737733167e-06,1943019381.3591154,False
4551,+87339+19402,17.42956229907584,78.45840775261613,built_up,Medium,38.775787,0.17826985,Cool roof,426977.0597681764,1.0,2.3420461992570315e-06,1943446358.4188836,False
4552,+87382+19380,17.409799362826405,78.49703530983093,built_up,Medium,38.774628,0.30032966,Cool roof,427022.1434748407,1.0,2.3417989331012717e-06,1943873380.5623584,False
4553,+87401+19372,17.402612840553886,78.51410330022817,built_up,Medium,38.774475,0.31662688,Cool roof,427038.5251716453,1.0,2.3417090989578906e-06,1944300419.0875301,False
4554,+87348+19375,17.40530778640608,78.46649259017272,built_up,Medium,38.772858,0.22779062,Cool roof,427032.38280901685,1.0,2.3417427817113192e-06,1944727451.470339,False
4555,+87404+19390,17.418782515667058,78.51679824608037,built_up,Medium,38.77243,0.16627276,Cool roof,427001.65706993314,1.0,2.341911286391619e-06,1945154453.127409,False
4556,+87333+19378,17.408002732258275,78.45301786091174,built_up,Medium,38.771088,0.24810952,Cool roof,427026.23951797804,1.0,2.341776470525061e-06,1945581479.366927,False
4557,+87393+19402,17.42956229907584,78.50691677795565,built_up,Medium,38.770874,0.25418434,Cool roof,426977.0597681764,1.0,2.3420461992570315e-06,1946008456.426695,False
4558,+87371+19379,17.40890104754234,78.48715384170622,built_up,Medium,38.770325,0.22125967,Cool roof,427024.1915479869,1.0,2.3417877014764513e-06,1946435480.618243,False
4559,+87317+19356,17.38823979600884,78.43864481636669,built_up,Medium,38.768677,0.19092411,Cool roof,427071.26875873934,1.0,2.3415295599407763e-06,1946862551.8870018,False
4560,+87321+19409,17.4358505060643,78.44223807750296,built_up,Medium,38.76834,0.21012932,Cool roof,426962.70448289654,1.0,2.342124943233908e-06,1947289514.5914845,False
4561,+87391+19409,17.4358505060643,78.50512014738753,built_up,Medium,38.767426,0.17179435,Cool roof,426962.70448289654,1.0,2.342124943233908e-06,1947716477.2959673,False
4562,+87340+19366,17.397222948849492,78.4593060679002,built_up,Medium,38.766052,0.21958867,Cool roof,427050.8071116288,1.0,2.3416417516302816e-06,1948143528.103079,False
4563,+87320+19385,17.414290939246733,78.44133976221889,built_up,Medium,38.76602,0.16045927,Cool roof,427011.90156179626,1.0,2.3418551013273855e-06,1948570540.0046408,False
4564,+87326+19378,17.408002732258275,78.44672965392328,built_up,Medium,38.764557,0.27212355,Cool roof,427026.23951797804,1.0,2.341776470525061e-06,1948997566.2441587,False
4565,+87390+19369,17.399917894701687,78.50422183210345,built_up,Medium,38.764557,0.1796321,Cool roof,427044.66660585295,1.0,2.3416754222643517e-06,1949424610.9107647,False
4566,+87392+19370,17.400816209985756,78.50601846267159,built_up,Medium,38.763702,0.27623317,Cool roof,427042.6195642755,1.0,2.3416866471555702e-06,1949851653.530329,False
4567,+87319+19410,17.436748821348363,78.44044144693483,built_up,Medium,38.76364,0.27352044,Cool roof,426960.65331528033,1.0,2.3421361950689414e-06,1950278614.1836443,False
4568,+87329+19411,17.437647136632428,78.44942459977548,built_up,Medium,38.762634,0.23811941,Cool roof,426958.6020445212,1.0,2.3421474475778915e-06,1950705572.7856889,False
4569,+87370+19367,17.398121264133557,78.48625552642216,built_up,Medium,38.76245,0.16346073,Cool roof,427048.7603795299,1.0,2.3416529745017237e-06,1951132621.5460684,False
4570,+87330+19366,17.397222948849492,78.45032291505954,built_up,Medium,38.762207,0.25431874,Cool roof,427050.8071116288,1.0,2.3416417516302816e-06,1951559672.3531802,False
4571,+87319+19357,17.389138111292905,78.44044144693483,built_up,Medium,38.761932,0.257142,Cool roof,427069.2230582606,1.0,2.3415407760806503e-06,1951986741.5762384,False
4572,+87401+19364,17.395426318281363,78.51410330022817,built_up,Medium,38.76126,0.23206568,Cool roof,427054.9002663456,1.0,2.341619307907063e-06,1952413796.4765048,False
4573,+87314+19389,17.417884200382993,78.4359498705145,built_up,Medium,38.76068,0.22983924,Cool roof,427003.7061746089,1.0,2.3419000480316284e-06,1952840800.1826794,False
4574,+87341+19413,17.439443767200558,78.46020438318426,built_up,Medium,38.760468,0.19474648,Cool roof,426954.49919357605,1.0,2.342169954617604e-06,1953267754.681873,False
4575,+87348+19369,17.399917894701687,78.46649259017272,built_up,Medium,38.760468,0.30641758,Cool roof,427044.66660585295,1.0,2.3416754222643517e-06,1953694799.348479,False
4576,+87413+19420,17.445731974189016,78.52488308363696,built_up,Medium,38.75882,0.22912805,Cool roof,426940.13596632547,1.0,2.342248750487291e-06,1954121739.4844453,False
4577,+87397+19381,17.410697678110473,78.51051003909191,built_up,Medium,38.757355,0.2391855,Cool roof,427020.0952985397,1.0,2.3418101653995388e-06,1954548759.5797439,False
4578,+87382+19349,17.381951589020385,78.49703530983093,built_up,Medium,38.756195,0.32083026,Cool roof,427085.5857734706,1.0,2.341451065806767e-06,1954975845.1655173,False
4579,+87316+19349,17.381951589020385,78.43774650108263,built_up,Medium,38.756012,0.20824555,Cool roof,427085.5857734706,1.0,2.341451065806767e-06,1955402930.7512908,False
4580,+87313+19399,17.426867353223646,78.43505155523043,built_up,Medium,38.754517,0.25464186,Cool roof,426983.2104861137,1.0,2.3420124619455547e-06,1955829913.961777,False
4581,+87344+19370,17.400816209985756,78.46289932903646,built_up,Medium,38.75415,0.19033365,Cool roof,427042.6195642755,1.0,2.3416866471555702e-06,1956256956.5813413,False
4582,+87369+19389,17.417884200382993,78.4853572111381,built_up,Medium,38.75412,0.31792426,Cool roof,427003.7061746089,1.0,2.3419000480316284e-06,1956683960.2875159,False
4583,+87333+19398,17.42596903793958,78.45301786091174,built_up,Medium,38.753754,0.18389101,Cool roof,426985.2605191322,1.0,2.3420012175225717e-06,1957110945.548035,False
4584,+87323+19411,17.437647136632428,78.44403470807109,built_up,Medium,38.75296,0.19542395,Cool roof,426958.6020445212,1.0,2.3421474475778915e-06,1957537904.1500795,False
4585,+87408+19368,17.399019579417622,78.52039150721663,built_up,Medium,38.752716,0.2540417,Cool roof,427046.71354427113,1.0,2.3416641980464084e-06,1957964950.8636239,False
4586,+87405+19345,17.378358327884122,78.51769656136443,built_up,Medium,38.75235,0.21923235,Cool roof,427093.76465508126,1.0,2.341406226821398e-06,1958392044.628279,False
4587,+87319+19385,17.414290939246733,78.44044144693483,built_up,Medium,38.752045,0.18203992,Cool roof,427011.90156179626,1.0,2.3418551013273855e-06,1958819056.5298407,False
4588,+87385+19361,17.392731372429168,78.49973025568313,built_up,Medium,38.750916,0.2768711,Cool roof,427061.0392247119,1.0,2.3415856473711663e-06,1959246117.5690653,False
4589,+87367+19374,17.404409471122015,78.48356058056996,built_up,Medium,38.75064,0.23275997,Cool roof,427034.4303663836,1.0,2.3417315534534955e-06,1959673151.9994316,False
4590,+87347+19383,17.412494308678603,78.46559427488866,built_up,Medium,38.750397,0.22637747,Cool roof,427015.99863647495,1.0,2.341832632016476e-06,1960100167.998068,False
4591,+87379+19373,17.40351115583795,78.49434036397874,built_up,Medium,38.74991,0.18708143,Cool roof,427036.4778205931,1.0,2.341720325869025e-06,1960527204.4758887,False
4592,+87348+19372,17.402612840553886,78.46649259017272,built_up,Medium,38.74893,0.3306277,Cool roof,427038.5251716453,1.0,2.3417090989578906e-06,1960954243.0010605,False
4593,+87348+19383,17.412494308678603,78.46649259017272,built_up,Medium,38.74893,0.28345972,Cool roof,427015.99863647495,1.0,2.341832632016476e-06,1961381258.999697,False
4594,+87344+19368,17.399019579417622,78.46289932903646,built_up,Medium,38.748566,0.21336558,Cool roof,427046.71354427113,1.0,2.3416641980464084e-06,1961808305.7132413,False
4595,+87324+19384,17.413392623962668,78.44493302335515,built_up,Medium,38.74829,0.18680088,Cool roof,427013.9501507122,1.0,2.341843866335176e-06,1962235319.663392,False
4596,+87338+19415,17.44124039776869,78.45750943733206,built_up,Medium,38.74826,0.2801938,Cool roof,426950.395930064,1.0,2.342192464353174e-06,1962662270.059322,False
4597,+87410+19395,17.423274092087386,78.52218813778477,built_up,Medium,38.74826,0.1823375,Cool roof,426991.4099993005,1.0,2.3419674882959313e-06,1963089261.4693215,False
4598,+87361+19371,17.40171452526982,78.47817068886556,built_up,Medium,38.747955,0.21450645,Cool roof,427040.5724195397,1.0,2.341697872720077e-06,1963516302.0417411,False
4599,+87393+19353,17.385544850156645,78.50691677795565,built_up,Medium,38.747833,0.26847216,Cool roof,427077.40524118865,1.0,2.3414959155595174e-06,1963943379.4469824,False
4600,+87399+19399,17.426867353223646,78.51230666966005,built_up,Medium,38.747772,0.17718934,Cool roof,426983.2104861137,1.0,2.3420124619455547e-06,1964370362.6574686,False
4601,+87409+19369,17.399917894701687,78.5212898225007,built_up,Medium,38.74759,0.30858418,Cool roof,427044.66660585295,1.0,2.3416754222643517e-06,1964797407.3240745,False
4602,+87346+19421,17.44663028947308,78.46469595960458,built_up,Medium,38.747437,0.27095222,Cool roof,426938.0836641594,1.0,2.3422600097362737e-06,1965224345.4077387,False
4603,+87359+19410,17.436748821348363,78.47637405829744,built_up,Medium,38.746796,0.320035,Cool roof,426960.65331528033,1.0,2.3421361950689414e-06,1965651306.061054,False
4604,+87386+19396,17.42417240737145,78.5006285709672,built_up,Medium,38.746033,0.25606915,Cool roof,426989.3602757261,1.0,2.341978730697775e-06,1966078295.4213297,False
4605,+87401+19367,17.398121264133557,78.51410330022817,built_up,Medium,38.74588,0.25107518,Cool roof,427048.7603795299,1.0,2.3416529745017237e-06,1966505344.1817093,False
4606,+87370+19372,17.402612840553886,78.48625552642216,built_up,Medium,38.74579,0.27012277,Cool roof,427038.5251716453,1.0,2.3417090989578906e-06,1966932382.706881,False
4607,+87377+19392,17.42057914623519,78.49254373341061,built_up,Medium,38.74472,0.2650392,Cool roof,426997.55855112965,1.0,2.3419337651324247e-06,1967359380.2654321,False
4608,+87316+19361,17.392731372429168,78.43774650108263,built_up,Medium,38.740997,0.26841655,Cool roof,427061.0392247119,1.0,2.3415856473711663e-06,1967786441.3046567,False
4609,+87321+19380,17.409799362826405,78.44223807750296,built_up,Medium,38.740936,0.26923004,Cool roof,427022.1434748407,1.0,2.3417989331012717e-06,1968213463.4481316,False
4610,+87344+19372,17.402612840553886,78.46289932903646,built_up,Medium,38.740387,0.22567788,Cool roof,427038.5251716453,1.0,2.3417090989578906e-06,1968640501.9733033,False
4611,+87325+19411,17.437647136632428,78.44583133863922,built_up,Medium,38.740204,0.26037264,Cool roof,426958.6020445212,1.0,2.3421474475778915e-06,1969067460.575348,False
4612,+87401+19380,17.409799362826405,78.51410330022817,built_up,Medium,38.740143,0.21264955,Cool roof,427022.1434748407,1.0,2.3417989331012717e-06,1969494482.7188227,False
4613,+87398+19380,17.409799362826405,78.51140835437599,built_up,Medium,38.74002,0.18075997,Cool roof,427022.1434748407,1.0,2.3417989331012717e-06,1969921504.8622975,False
4614,+87350+19413,17.439443767200558,78.46828922074084,built_up,Medium,38.739197,0.26233575,Cool roof,426954.49919357605,1.0,2.342169954617604e-06,1970348459.3614912,False
4615,+87379+19383,17.412494308678603,78.49434036397874,built_up,Medium,38.738983,0.19590865,Cool roof,427015.99863647495,1.0,2.341832632016476e-06,1970775475.3601277,False
4616,+87406+19401,17.428663983791775,78.5185948766485,built_up,Medium,38.738464,0.25967854,Cool roof,426979.11011063546,1.0,2.3420349528127683e-06,1971202454.4702382,False
4617,+87317+19349,17.381951589020385,78.43864481636669,built_up,Medium,38.738434,0.26797318,Cool roof,427085.5857734706,1.0,2.341451065806767e-06,1971629540.0560117,False
4618,+87377+19384,17.413392623962668,78.49254373341061,built_up,Medium,38.737946,0.16978297,Cool roof,427013.9501507122,1.0,2.341843866335176e-06,1972056554.0061624,False
4619,+87382+19365,17.396324633565428,78.49703530983093,built_up,Medium,38.73752,0.30052584,Cool roof,427052.85374056763,1.0,2.341630529432066e-06,1972483606.8599029,False
4620,+87335+19360,17.391833057145103,78.45481449147987,built_up,Medium,38.737213,0.2994668,Cool roof,427063.08533784345,1.0,2.3415744285388524e-06,1972910669.9452407,False
4621,+87348+19346,17.379256643168187,78.46649259017272,built_up,Medium,38.736633,0.23105364,Cool roof,427091.72008943046,1.0,2.3414174355583527e-06,1973337761.6653302,False
4622,+87383+19403,17.43046061435991,78.497933625115,built_up,Medium,38.73581,0.18565457,Cool roof,426975.0093225714,1.0,2.3420574463750857e-06,1973764736.6746528,False
4623,+87346+19345,17.378358327884122,78.46469595960458,built_up,Medium,38.73459,0.17896236,Cool roof,427093.76465508126,1.0,2.341406226821398e-06,1974191830.439308,False
4624,+87400+19382,17.41159599339454,78.51320498494411,built_up,Medium,38.733856,0.25038606,Cool roof,427018.0470190842,1.0,2.3418213983712686e-06,1974618848.486327,False
4625,+87390+19396,17.42417240737145,78.50422183210345,built_up,Medium,38.733246,0.3252786,Cool roof,426989.3602757261,1.0,2.341978730697775e-06,1975045837.8466027,False
4626,+87355+19362,17.393629687713233,78.47278079716118,built_up,Medium,38.733185,0.19319113,Cool roof,427058.9930084181,1.0,2.3415968668766287e-06,1975472896.839611,False
4627,+87330+19368,17.399019579417622,78.45032291505954,built_up,Medium,38.73291,0.272888,Cool roof,427046.71354427113,1.0,2.3416641980464084e-06,1975899943.5531554,False
4628,+87388+19416,17.442138713052756,78.50242520153533,built_up,Medium,38.732056,0.28958803,Cool roof,426948.3441435965,1.0,2.342203720231944e-06,1976326891.897299,False
4629,+87370+19379,17.40890104754234,78.48625552642216,built_up,Medium,38.731476,0.24781786,Cool roof,427024.1915479869,1.0,2.3417877014764513e-06,1976753916.088847,False
4630,+87401+19395,17.423274092087386,78.51410330022817,built_up,Medium,38.731323,0.21529984,Cool roof,426991.4099993005,1.0,2.3419674882959313e-06,1977180907.4988463,False
4631,+87358+19373,17.40351115583795,78.47547574301338,built_up,Medium,38.730988,0.29449007,Cool roof,427036.4778205931,1.0,2.341720325869025e-06,1977607943.976667,False
4632,+87379+19363,17.394528002997298,78.49434036397874,built_up,Medium,38.730194,0.32175672,Cool roof,427056.9466889627,1.0,2.3416080870552553e-06,1978035000.9233558,False
4633,+87318+19406,17.433155560212104,78.43954313165077,built_up,Medium,38.729828,0.2696817,Cool roof,426968.857366884,1.0,2.3420911917721534e-06,1978461969.7807226,False
4634,+87403+19392,17.42057914623519,78.51589993079631,built_up,Medium,38.729797,0.19903071,Cool roof,426997.55855112965,1.0,2.3419337651324247e-06,1978888967.3392737,False
4635,+87378+19395,17.423274092087386,78.49344204869467,built_up,Medium,38.729706,0.16633055,Cool roof,426991.4099993005,1.0,2.3419674882959313e-06,1979315958.749273,False
4636,+87324+19408,17.434952190780233,78.44493302335515,built_up,Medium,38.728607,0.16175178,Cool roof,426964.7555473694,1.0,2.3421136920727768e-06,1979742923.5048203,False
4637,+87403+19396,17.42417240737145,78.51589993079631,built_up,Medium,38.728607,0.26463318,Cool roof,426989.3602757261,1.0,2.341978730697775e-06,1980169912.865096,False
4638,+87317+19352,17.38464653487258,78.43864481636669,built_up,Medium,38.727936,0.26233065,Cool roof,427079.4505290082,1.0,2.341484702111833e-06,1980596992.3156252,False
4639,+87387+19401,17.428663983791775,78.50152688625127,built_up,Medium,38.72769,0.2222283,Cool roof,426979.11011063546,1.0,2.3420349528127683e-06,1981023971.4257357,False
4640,+87344+19371,17.40171452526982,78.46289932903646,built_up,Medium,38.727264,0.17714995,Cool roof,427040.5724195397,1.0,2.341697872720077e-06,1981451011.9981554,False
4641,+87404+19396,17.42417240737145,78.51679824608037,built_up,Medium,38.727234,0.25828484,Cool roof,426989.3602757261,1.0,2.341978730697775e-06,1981878001.358431,False
4642,+87387+19413,17.439443767200558,78.50152688625127,built_up,Medium,38.727173,0.3106653,Cool roof,426954.49919357605,1.0,2.342169954617604e-06,1982304955.8576248,False
4643,+87395+19388,17.416985885098928,78.50871340852379,built_up,Medium,38.727173,0.23878825,Cool roof,427005.7551761335,1.0,2.341888810345226e-06,1982731961.6128008,False
4644,+87397+19371,17.40171452526982,78.51051003909191,built_up,Medium,38.725616,0.256515,Cool roof,427040.5724195397,1.0,2.341697872720077e-06,1983159002.1852205,False
4645,+87329+19384,17.413392623962668,78.44942459977548,built_up,Medium,38.7247,0.21433002,Cool roof,427013.9501507122,1.0,2.341843866335176e-06,1983586016.1353712,False
4646,+87402+19408,17.434952190780233,78.51500161551225,built_up,Medium,38.72177,0.3006793,Cool roof,426964.7555473694,1.0,2.3421136920727768e-06,1984012980.8909185,False
4647,+87406+19392,17.42057914623519,78.5185948766485,built_up,Medium,38.721344,0.18275411,Cool roof,426997.55855112965,1.0,2.3419337651324247e-06,1984439978.4494696,False
4648,+87387+19369,17.399917894701687,78.50152688625127,built_up,Medium,38.720184,0.25652507,Cool roof,427044.66660585295,1.0,2.3416754222643517e-06,1984867023.1160755,False
4649,+87398+19368,17.399019579417622,78.51140835437599,built_up,Medium,38.719513,0.21847416,Cool roof,427046.71354427113,1.0,2.3416641980464084e-06,1985294069.82962,False
4650,+87345+19373,17.40351115583795,78.46379764432052,built_up,Medium,38.71939,0.2827551,Cool roof,427036.4778205931,1.0,2.341720325869025e-06,1985721106.3074405,False
4651,+87347+19374,17.404409471122015,78.46559427488866,built_up,Medium,38.718384,0.14598174,Cool roof,427034.4303663836,1.0,2.3417315534534955e-06,1986148140.7378068,False
4652,+87353+19368,17.399019579417622,78.47098416659304,built_up,Medium,38.717865,0.25432965,Cool roof,427046.71354427113,1.0,2.3416641980464084e-06,1986575187.4513512,False
4653,+87328+19418,17.443935343620886,78.44852628449141,built_up,Medium,38.717804,0.24620682,Cool roof,426944.24026124045,1.0,2.3422262340115322e-06,1987002131.6916125,False
4654,+87408+19342,17.375663382031927,78.52039150721663,built_up,Medium,38.71631,0.26923275,Cool roof,427099.8977330211,1.0,2.341372604647864e-06,1987429231.5893455,False
4655,+87315+19418,17.443935343620886,78.43684818579857,built_up,Medium,38.715546,0.30221236,Cool roof,426944.24026124045,1.0,2.3422262340115322e-06,1987856175.8296068,False
4656,+87314+19369,17.399917894701687,78.4359498705145,built_up,Medium,38.715424,0.24911115,Cool roof,427044.66660585295,1.0,2.3416754222643517e-06,1988283220.4962127,False
4657,+87406+19391,17.419680830951123,78.5185948766485,built_up,Medium,38.71457,0.2116526,Cool roof,426999.6078621065,1.0,2.3419225254252125e-06,1988710220.1040747,False
4658,+87319+19405,17.43225724492804,78.44044144693483,built_up,Medium,38.714325,0.18426119,Cool roof,426970.90812192473,1.0,2.3420799426326314e-06,1989137191.0121965,False
4659,+87404+19398,17.42596903793958,78.51679824608037,built_up,Medium,38.713165,0.22107252,Cool roof,426985.2605191322,1.0,2.3420012175225717e-06,1989564176.2727156,False
4660,+87349+19417,17.44303702833682,78.46739090545678,built_up,Medium,38.71225,0.22195025,Cool roof,426946.29225398856,1.0,2.3422149767847243e-06,1989991122.5649695,False
4661,+87395+19366,17.397222948849492,78.50871340852379,built_up,Medium,38.711853,0.2856068,Cool roof,427050.8071116288,1.0,2.3416417516302816e-06,1990418173.3720813,False
4662,+87347+19365,17.396324633565428,78.46559427488866,built_up,Medium,38.711304,0.24142377,Cool roof,427052.85374056763,1.0,2.341630529432066e-06,1990845226.2258217,False
4663,+87399+19390,17.418782515667058,78.51230666966005,built_up,Medium,38.7106,0.240357,Cool roof,427001.65706993314,1.0,2.341911286391619e-06,1991272227.8828917,False
4664,+87326+19377,17.40710441697421,78.44672965392328,built_up,Medium,38.708893,0.2820873,Cool roof,427028.28738481377,1.0,2.3417652402470857e-06,1991699256.1702764,False
4665,+87397+19368,17.399019579417622,78.51051003909191,built_up,Medium,38.7088,0.19122528,Cool roof,427046.71354427113,1.0,2.3416641980464084e-06,1992126302.8838208,False
4666,+87394+19375,17.40530778640608,78.50781509323971,built_up,Medium,38.70871,0.21430169,Cool roof,427032.38280901685,1.0,2.3417427817113192e-06,1992553335.2666297,False
4667,+87410+19411,17.437647136632428,78.52218813778477,built_up,Medium,38.708008,0.28735444,Cool roof,426958.6020445212,1.0,2.3421474475778915e-06,1992980293.8686743,False
4668,+87367+19378,17.408002732258275,78.48356058056996,built_up,Medium,38.707916,0.23302631,Cool roof,427026.23951797804,1.0,2.341776470525061e-06,1993407320.1081922,False
4669,+87355+19363,17.394528002997298,78.47278079716118,built_up,Medium,38.707367,0.2316387,Cool roof,427056.9466889627,1.0,2.3416080870552553e-06,1993834377.054881,False
4670,+87409+19373,17.40351115583795,78.5212898225007,built_up,Medium,38.707306,0.28544122,Cool roof,427036.4778205931,1.0,2.341720325869025e-06,1994261413.5327017,False
4671,+87331+19397,17.425070722655516,78.4512212303436,built_up,Medium,38.707245,0.21278284,Cool roof,426987.3104490032,1.0,2.3419899737733167e-06,1994688400.8431506,False
4672,+87340+19379,17.40890104754234,78.4593060679002,built_up,Medium,38.70703,0.17819175,Cool roof,427024.1915479869,1.0,2.3417877014764513e-06,1995115425.0346985,False
4673,+87379+19382,17.41159599339454,78.49434036397874,built_up,Medium,38.706726,0.17833914,Cool roof,427018.0470190842,1.0,2.3418213983712686e-06,1995542443.0817175,False
4674,+87403+19403,17.43046061435991,78.51589993079631,built_up,Medium,38.7063,0.22556697,Cool roof,426975.0093225714,1.0,2.3420574463750857e-06,1995969418.0910401,False
4675,+87339+19395,17.423274092087386,78.45840775261613,built_up,Medium,38.705963,0.22122553,Cool roof,426991.4099993005,1.0,2.3419674882959313e-06,1996396409.5010395,False
4676,+87318+19405,17.43225724492804,78.43954313165077,built_up,Medium,38.70578,0.28241578,Cool roof,426970.90812192473,1.0,2.3420799426326314e-06,1996823380.4091613,False
4677,+87345+19367,17.398121264133557,78.46379764432052,built_up,Medium,38.705505,0.25149873,Cool roof,427048.7603795299,1.0,2.3416529745017237e-06,1997250429.169541,False
4678,+87331+19407,17.43405387549617,78.4512212303436,built_up,Medium,38.705383,0.29039344,Cool roof,426966.80650869873,1.0,2.3421024415855304e-06,1997677395.9760497,False
4679,+87404+19402,17.42956229907584,78.51679824608037,built_up,Medium,38.703674,0.21175554,Cool roof,426977.0597681764,1.0,2.3420461992570315e-06,1998104373.0358179,False
4680,+87384+19363,17.394528002997298,78.49883194039907,built_up,Medium,38.703156,0.23512362,Cool roof,427056.9466889627,1.0,2.3416080870552553e-06,1998531429.9825068,False
4681,+87388+19417,17.44303702833682,78.50242520153533,built_up,Medium,38.70291,0.26586178,Cool roof,426946.29225398856,1.0,2.3422149767847243e-06,1998958376.2747607,False
4682,+87404+19397,17.425070722655516,78.51679824608037,built_up,Medium,38.701996,0.2469225,Cool roof,426987.3104490032,1.0,2.3419899737733167e-06,1999385363.5852096,False
4683,+87321+19405,17.43225724492804,78.44223807750296,built_up,Medium,38.701294,0.20785183,Cool roof,426970.90812192473,1.0,2.3420799426326314e-06,1999812334.4933314,False
4684,+87340+19395,17.423274092087386,78.4593060679002,built_up,Medium,38.700348,0.20612662,Cool roof,426991.4099993005,1.0,2.3419674882959313e-06,2000239325.9033308,False
4685,+87384+19403,17.43046061435991,78.49883194039907,built_up,Medium,38.69986,0.18760957,Cool roof,426975.0093225714,1.0,2.3420574463750857e-06,2000666300.9126534,False
4686,+87398+19399,17.426867353223646,78.51140835437599,built_up,Medium,38.69983,0.19748685,Cool roof,426983.2104861137,1.0,2.3420124619455547e-06,2001093284.1231396,False
4687,+87313+19389,17.417884200382993,78.43505155523043,built_up,Medium,38.699738,0.22173163,Cool roof,427003.7061746089,1.0,2.3419000480316284e-06,2001520287.8293142,False
4688,+87368+19342,17.375663382031927,78.48445889585402,built_up,Medium,38.6987,0.30765745,Cool roof,427099.8977330211,1.0,2.341372604647864e-06,2001947387.7270472,False
4689,+87364+19370,17.400816209985756,78.48086563471776,built_up,Medium,38.697845,0.18951091,Cool roof,427042.6195642755,1.0,2.3416866471555702e-06,2002374430.3466115,False
4690,+87327+19374,17.404409471122015,78.44762796920735,built_up,Medium,38.697662,0.20096776,Cool roof,427034.4303663836,1.0,2.3417315534534955e-06,2002801464.7769778,False
4691,+87353+19372,17.402612840553886,78.47098416659304,built_up,Medium,38.69742,0.26377198,Cool roof,427038.5251716453,1.0,2.3417090989578906e-06,2003228503.3021495,False
4692,+87367+19375,17.40530778640608,78.48356058056996,built_up,Medium,38.696747,0.17999117,Cool roof,427032.38280901685,1.0,2.3417427817113192e-06,2003655535.6849585,False
4693,+87347+19384,17.413392623962668,78.46559427488866,built_up,Medium,38.696625,0.26695013,Cool roof,427013.9501507122,1.0,2.341843866335176e-06,2004082549.6351092,False
4694,+87332+19400,17.42776566850771,78.45211954562768,built_up,Medium,38.696594,0.17460266,Cool roof,426981.160349948,1.0,2.3420237070422817e-06,2004509530.795459,False
4695,+87363+19414,17.440342082484626,78.4799673194337,built_up,Medium,38.696136,0.23465577,Cool roof,426952.4476133907,1.0,2.3421812091483994e-06,2004936483.2430725,False
4696,+87379+19380,17.409799362826405,78.49434036397874,built_up,Medium,38.696014,0.19492058,Cool roof,427022.1434748407,1.0,2.3417989331012717e-06,2005363505.3865473,False
4697,+87390+19367,17.398121264133557,78.50422183210345,built_up,Medium,38.69467,0.1950836,Cool roof,427048.7603795299,1.0,2.3416529745017237e-06,2005790554.1469269,False
4698,+87400+19377,17.40710441697421,78.51320498494411,built_up,Medium,38.694458,0.23972219,Cool roof,427028.28738481377,1.0,2.3417652402470857e-06,2006217582.4343116,False
4699,+87376+19370,17.400816209985756,78.49164541812655,built_up,Medium,38.69403,0.18621466,Cool roof,427042.6195642755,1.0,2.3416866471555702e-06,2006644625.053876,False
4700,+87352+19413,17.439443767200558,78.47008585130898,built_up,Medium,38.693085,0.23380686,Cool roof,426954.49919357605,1.0,2.342169954617604e-06,2007071579.5530696,False
4701,+87378+19380,17.409799362826405,78.49344204869467,built_up,Medium,38.692627,0.19383545,Cool roof,427022.1434748407,1.0,2.3417989331012717e-06,2007498601.6965444,False
4702,+87351+19377,17.40710441697421,78.46918753602492,built_up,Medium,38.692566,0.2466611,Cool roof,427028.28738481377,1.0,2.3417652402470857e-06,2007925629.9839292,False
4703,+87319+19419,17.44483365890495,78.44044144693483,built_up,Medium,38.691986,0.19852528,Cool roof,426942.18816535256,1.0,2.3422374919123827e-06,2008352572.1720946,False
4704,+87406+19420,17.445731974189016,78.5185948766485,built_up,Medium,38.691986,0.24212067,Cool roof,426940.13596632547,1.0,2.342248750487291e-06,2008779512.308061,False
4705,+87344+19411,17.437647136632428,78.46289932903646,built_up,Medium,38.691803,0.2519297,Cool roof,426958.6020445212,1.0,2.3421474475778915e-06,2009206470.9101055,False
4706,+87370+19375,17.40530778640608,78.48625552642216,built_up,Medium,38.69168,0.22024024,Cool roof,427032.38280901685,1.0,2.3417427817113192e-06,2009633503.2929144,False
4707,+87336+19413,17.439443767200558,78.45571280676394,built_up,Medium,38.69049,0.28469166,Cool roof,426954.49919357605,1.0,2.342169954617604e-06,2010060457.792108,False
4708,+87324+19399,17.426867353223646,78.44493302335515,built_up,Medium,38.68863,0.25957072,Cool roof,426983.2104861137,1.0,2.3420124619455547e-06,2010487441.0025942,False
4709,+87368+19376,17.406206101690145,78.48445889585402,built_up,Medium,38.688324,0.22986637,Cool roof,427030.3351484935,1.0,2.34175401064251e-06,2010914471.3377428,False
4710,+87402+19374,17.404409471122015,78.51500161551225,built_up,Medium,38.687286,0.26131764,Cool roof,427034.4303663836,1.0,2.3417315534534955e-06,2011341505.768109,False
4711,+87392+19412,17.438545451916493,78.50601846267159,built_up,Medium,38.686005,0.32742736,Cool roof,426956.55067061976,1.0,2.342158700760773e-06,2011768462.3187797,False
4712,+87373+19382,17.41159599339454,78.48895047227435,built_up,Medium,38.685486,0.24208622,Cool roof,427018.0470190842,1.0,2.3418213983712686e-06,2012195480.3657987,False
4713,+87380+19341,17.374765066747862,78.49523867926281,built_up,Medium,38.685394,0.28450924,Cool roof,427101.94188599556,1.0,2.3413613986024103e-06,2012622582.3076847,False
4714,+87371+19412,17.438545451916493,78.48715384170622,built_up,Medium,38.683594,0.23754983,Cool roof,426956.55067061976,1.0,2.342158700760773e-06,2013049538.8583553,False
4715,+87343+19389,17.417884200382993,78.4620010137524,built_up,Medium,38.68344,0.20230713,Cool roof,427003.7061746089,1.0,2.3419000480316284e-06,2013476542.56453,False
4716,+87398+19375,17.40530778640608,78.51140835437599,built_up,Medium,38.683044,0.26543948,Cool roof,427032.38280901685,1.0,2.3417427817113192e-06,2013903574.9473388,False
4717,+87351+19420,17.445731974189016,78.46918753602492,built_up,Medium,38.68271,0.23550878,Cool roof,426940.13596632547,1.0,2.342248750487291e-06,2014330515.0833051,False
4718,+87397+19372,17.402612840553886,78.51051003909191,built_up,Medium,38.68271,0.30566543,Cool roof,427038.5251716453,1.0,2.3417090989578906e-06,2014757553.6084769,False
4719,+87405+19401,17.428663983791775,78.51769656136443,built_up,Medium,38.68271,0.18879619,Cool roof,426979.11011063546,1.0,2.3420349528127683e-06,2015184532.7185874,False
4720,+87380+19397,17.425070722655516,78.49523867926281,built_up,Medium,38.68161,0.22528666,Cool roof,426987.3104490032,1.0,2.3419899737733167e-06,2015611520.0290363,False
4721,+87407+19392,17.42057914623519,78.51949319193257,built_up,Medium,38.680267,0.2151481,Cool roof,426997.55855112965,1.0,2.3419337651324247e-06,2016038517.5875874,False
4722,+87402+19393,17.421477461519256,78.51500161551225,built_up,Medium,38.679962,0.254035,Cool roof,426995.50913700275,1.0,2.341945005513271e-06,2016465513.0967243,False
4723,+87367+19377,17.40710441697421,78.48356058056996,built_up,Medium,38.678864,0.19838555,Cool roof,427028.28738481377,1.0,2.3417652402470857e-06,2016892541.384109,False
4724,+87388+19415,17.44124039776869,78.50242520153533,built_up,Medium,38.678467,0.2691222,Cool roof,426950.395930064,1.0,2.342192464353174e-06,2017319491.780039,False
4725,+87334+19416,17.442138713052756,78.4539161761958,built_up,Medium,38.677612,0.2970348,Cool roof,426948.3441435965,1.0,2.342203720231944e-06,2017746440.1241827,False
4726,+87320+19351,17.383748219588515,78.44133976221889,built_up,Medium,38.677124,0.25091472,Cool roof,427081.4957136619,1.0,2.341473489337157e-06,2018173521.6198964,False
4727,+87324+19405,17.43225724492804,78.44493302335515,built_up,Medium,38.67685,0.24708024,Cool roof,426970.90812192473,1.0,2.3420799426326314e-06,2018600492.5280182,False
4728,+87369+19387,17.416087569814863,78.4853572111381,built_up,Medium,38.67563,0.21918246,Cool roof,427007.8040745065,1.0,2.341877573332395e-06,2019027500.3320928,False
4729,+87318+19404,17.431358929643974,78.43954313165077,built_up,Medium,38.675568,0.20625238,Cool roof,426972.9587738207,1.0,2.342068694166947e-06,2019454473.2908666,False
4730,+87315+19399,17.426867353223646,78.43684818579857,built_up,Medium,38.67447,0.25249338,Cool roof,426983.2104861137,1.0,2.3420124619455547e-06,2019881456.5013528,False
4731,+87333+19374,17.404409471122015,78.45301786091174,built_up,Medium,38.674255,0.25239995,Cool roof,427034.4303663836,1.0,2.3417315534534955e-06,2020308490.931719,False
4732,+87337+19400,17.42776566850771,78.456611122048,built_up,Medium,38.670532,0.24042743,Cool roof,426981.160349948,1.0,2.3420237070422817e-06,2020735472.092069,False
4733,+87370+19394,17.42237577680332,78.48625552642216,built_up,Medium,38.67038,0.32579687,Cool roof,426993.45961972617,1.0,2.341956246567769e-06,2021162465.5516887,False
4734,+87331+19381,17.410697678110473,78.4512212303436,built_up,Medium,38.670197,0.17075951,Cool roof,427020.0952985397,1.0,2.3418101653995388e-06,2021589485.6469872,False
4735,+87317+19353,17.385544850156645,78.43864481636669,built_up,Medium,38.670105,0.22537558,Cool roof,427077.40524118865,1.0,2.3414959155595174e-06,2022016563.0522285,False
4736,+87359+19376,17.406206101690145,78.47637405829744,built_up,Medium,38.668365,0.24573137,Cool roof,427030.3351484935,1.0,2.34175401064251e-06,2022443593.387377,False
4737,+87405+19393,17.421477461519256,78.51769656136443,built_up,Medium,38.668243,0.19720553,Cool roof,426995.50913700275,1.0,2.341945005513271e-06,2022870588.896514,False
4738,+87396+19377,17.40710441697421,78.50961172380785,built_up,Medium,38.66794,0.1958015,Cool roof,427028.28738481377,1.0,2.3417652402470857e-06,2023297617.1838987,False
4739,+87400+19342,17.375663382031927,78.51320498494411,built_up,Medium,38.66794,0.28290018,Cool roof,427099.8977330211,1.0,2.341372604647864e-06,2023724717.0816317,False
4740,+87359+19378,17.408002732258275,78.47637405829744,built_up,Medium,38.66736,0.29527676,Cool roof,427026.23951797804,1.0,2.341776470525061e-06,2024151743.3211496,False
4741,+87404+19389,17.417884200382993,78.51679824608037,built_up,Medium,38.667206,0.1627549,Cool roof,427003.7061746089,1.0,2.3419000480316284e-06,2024578747.0273242,False
4742,+87407+19396,17.42417240737145,78.51949319193257,built_up,Medium,38.667114,0.20063712,Cool roof,426989.3602757261,1.0,2.341978730697775e-06,2025005736.3876,False
4743,+87333+19401,17.428663983791775,78.45301786091174,built_up,Medium,38.667023,0.19052225,Cool roof,426979.11011063546,1.0,2.3420349528127683e-06,2025432715.4977105,False
4744,+87378+19381,17.410697678110473,78.49344204869467,built_up,Medium,38.666992,0.19496982,Cool roof,427020.0952985397,1.0,2.3418101653995388e-06,2025859735.593009,False
4745,+87324+19360,17.391833057145103,78.44493302335515,built_up,Medium,38.666718,0.2040643,Cool roof,427063.08533784345,1.0,2.3415744285388524e-06,2026286798.6783469,False
4746,+87381+19364,17.395426318281363,78.49613699454687,built_up,Medium,38.66617,0.19919617,Cool roof,427054.9002663456,1.0,2.341619307907063e-06,2026713853.5786133,False
4747,+87402+19407,17.43405387549617,78.51500161551225,built_up,Medium,38.664215,0.21388887,Cool roof,426966.80650869873,1.0,2.3421024415855304e-06,2027140820.385122,False
4748,+87336+19400,17.42776566850771,78.45571280676394,built_up,Medium,38.663788,0.15897067,Cool roof,426981.160349948,1.0,2.3420237070422817e-06,2027567801.545472,False
4749,+87375+19361,17.392731372429168,78.49074710284248,built_up,Medium,38.663605,0.29010308,Cool roof,427061.0392247119,1.0,2.3415856473711663e-06,2027994862.5846965,False
4750,+87321+19401,17.428663983791775,78.44223807750296,built_up,Medium,38.663208,0.31797916,Cool roof,426979.11011063546,1.0,2.3420349528127683e-06,2028421841.694807,False
4751,+87407+19340,17.373866751463797,78.51949319193257,built_up,Medium,38.66147,0.24602583,Cool roof,427103.9859357997,1.0,2.3413501932297943e-06,2028848945.6807427,False
4752,+87315+19376,17.406206101690145,78.43684818579857,built_up,Medium,38.66104,0.24730402,Cool roof,427030.3351484935,1.0,2.34175401064251e-06,2029275976.0158913,False
4753,+87346+19382,17.41159599339454,78.46469595960458,built_up,Medium,38.658722,0.30605587,Cool roof,427018.0470190842,1.0,2.3418213983712686e-06,2029702994.0629103,False
4754,+87345+19415,17.44124039776869,78.46379764432052,built_up,Medium,38.65732,0.18865247,Cool roof,426950.395930064,1.0,2.342192464353174e-06,2030129944.4588404,False
4755,+87336+19388,17.416985885098928,78.45571280676394,built_up,Medium,38.656586,0.2154836,Cool roof,427005.7551761335,1.0,2.341888810345226e-06,2030556950.2140164,False
4756,+87395+19374,17.404409471122015,78.50871340852379,built_up,Medium,38.65622,0.17692171,Cool roof,427034.4303663836,1.0,2.3417315534534955e-06,2030983984.6443827,False
4757,+87400+19398,17.42596903793958,78.51320498494411,built_up,Medium,38.65567,0.18495907,Cool roof,426985.2605191322,1.0,2.3420012175225717e-06,2031410969.9049017,False
4758,+87405+19386,17.415189254530798,78.51769656136443,built_up,Medium,38.65564,0.2372948,Cool roof,427009.85286972753,1.0,2.34186633699312e-06,2031837979.7577715,False
4759,+87356+19361,17.392731372429168,78.47367911244524,built_up,Medium,38.654877,0.14466543,Cool roof,427061.0392247119,1.0,2.3415856473711663e-06,2032265040.796996,False
4760,+87336+19374,17.404409471122015,78.45571280676394,built_up,Medium,38.65396,0.18129332,Cool roof,427034.4303663836,1.0,2.3417315534534955e-06,2032692075.2273624,False
4761,+87392+19371,17.40171452526982,78.50601846267159,built_up,Medium,38.65341,0.2637989,Cool roof,427040.5724195397,1.0,2.341697872720077e-06,2033119115.799782,False
4762,+87338+19395,17.423274092087386,78.45750943733206,built_up,Medium,38.6528,0.20037411,Cool roof,426991.4099993005,1.0,2.3419674882959313e-06,2033546107.2097814,False
4763,+87408+19367,17.398121264133557,78.52039150721663,built_up,Medium,38.652435,0.23425916,Cool roof,427048.7603795299,1.0,2.3416529745017237e-06,2033973155.970161,False
4764,+87345+19380,17.409799362826405,78.46379764432052,built_up,Medium,38.65152,0.23727368,Cool roof,427022.1434748407,1.0,2.3417989331012717e-06,2034400178.1136358,False
4765,+87396+19367,17.398121264133557,78.50961172380785,built_up,Medium,38.650513,0.2143978,Cool roof,427048.7603795299,1.0,2.3416529745017237e-06,2034827226.8740153,False
4766,+87329+19385,17.414290939246733,78.44942459977548,built_up,Medium,38.65036,0.27111918,Cool roof,427011.90156179626,1.0,2.3418551013273855e-06,2035254238.775577,False
4767,+87383+19362,17.393629687713233,78.497933625115,built_up,Medium,38.650238,0.32019743,Cool roof,427058.9930084181,1.0,2.3415968668766287e-06,2035681297.7685854,False
4768,+87397+19379,17.40890104754234,78.51051003909191,built_up,Medium,38.649384,0.17509203,Cool roof,427024.1915479869,1.0,2.3417877014764513e-06,2036108321.9601333,False
4769,+87412+19394,17.42237577680332,78.52398476835289,built_up,Medium,38.648163,0.22689413,Cool roof,426993.45961972617,1.0,2.341956246567769e-06,2036535315.419753,False
4770,+87337+19396,17.42417240737145,78.456611122048,built_up,Medium,38.647858,0.181253,Cool roof,426989.3602757261,1.0,2.341978730697775e-06,2036962304.7800288,False
4771,+87387+19365,17.396324633565428,78.50152688625127,built_up,Medium,38.647034,0.31980386,Cool roof,427052.85374056763,1.0,2.341630529432066e-06,2037389357.6337693,False
4772,+87406+19393,17.421477461519256,78.5185948766485,built_up,Medium,38.646484,0.16368562,Cool roof,426995.50913700275,1.0,2.341945005513271e-06,2037816353.1429062,False
4773,+87390+19416,17.442138713052756,78.50422183210345,built_up,Medium,38.645355,0.27436402,Cool roof,426948.3441435965,1.0,2.342203720231944e-06,2038243301.4870498,False
4774,+87363+19372,17.402612840553886,78.4799673194337,built_up,Medium,38.64511,0.20505263,Cool roof,427038.5251716453,1.0,2.3417090989578906e-06,2038670340.0122216,False
4775,+87337+19399,17.426867353223646,78.456611122048,built_up,Medium,38.644867,0.21988925,Cool roof,426983.2104861137,1.0,2.3420124619455547e-06,2039097323.2227077,False
4776,+87334+19391,17.419680830951123,78.4539161761958,built_up,Medium,38.644135,0.2335733,Cool roof,426999.6078621065,1.0,2.3419225254252125e-06,2039524322.8305697,False
4777,+87389+19367,17.398121264133557,78.50332351681939,built_up,Medium,38.644135,0.17303114,Cool roof,427048.7603795299,1.0,2.3416529745017237e-06,2039951371.5909493,False
4778,+87340+19383,17.412494308678603,78.4593060679002,built_up,Medium,38.643433,0.1950415,Cool roof,427015.99863647495,1.0,2.341832632016476e-06,2040378387.5895858,False
4779,+87319+19402,17.42956229907584,78.44044144693483,built_up,Medium,38.642487,0.32342836,Cool roof,426977.0597681764,1.0,2.3420461992570315e-06,2040805364.649354,False
4780,+87398+19379,17.40890104754234,78.51140835437599,built_up,Medium,38.64206,0.22543319,Cool roof,427024.1915479869,1.0,2.3417877014764513e-06,2041232388.8409019,False
4781,+87346+19379,17.40890104754234,78.46469595960458,built_up,Medium,38.640533,0.24243991,Cool roof,427024.1915479869,1.0,2.3417877014764513e-06,2041659413.0324497,False
4782,+87316+19376,17.406206101690145,78.43774650108263,built_up,Medium,38.639435,0.2110066,Cool roof,427030.3351484935,1.0,2.34175401064251e-06,2042086443.3675983,False
4783,+87334+19363,17.394528002997298,78.4539161761958,built_up,Medium,38.638397,0.25786582,Cool roof,427056.9466889627,1.0,2.3416080870552553e-06,2042513500.3142872,False
4784,+87381+19395,17.423274092087386,78.49613699454687,built_up,Medium,38.638123,0.26363862,Cool roof,426991.4099993005,1.0,2.3419674882959313e-06,2042940491.7242866,False
4785,+87368+19374,17.404409471122015,78.48445889585402,built_up,Medium,38.637512,0.2359184,Cool roof,427034.4303663836,1.0,2.3417315534534955e-06,2043367526.1546528,False
4786,+87372+19368,17.399019579417622,78.48805215699028,built_up,Medium,38.6373,0.27180532,Cool roof,427046.71354427113,1.0,2.3416641980464084e-06,2043794572.8681972,False
4787,+87329+19412,17.438545451916493,78.44942459977548,built_up,Medium,38.636993,0.22303323,Cool roof,426956.55067061976,1.0,2.342158700760773e-06,2044221529.4188678,False
4788,+87367+19413,17.439443767200558,78.48356058056996,built_up,Medium,38.635956,0.28665444,Cool roof,426954.49919357605,1.0,2.342169954617604e-06,2044648483.9180615,False
4789,+87401+19394,17.42237577680332,78.51410330022817,built_up,Medium,38.635284,0.20574488,Cool roof,426993.45961972617,1.0,2.341956246567769e-06,2045075477.3776813,False
4790,+87370+19347,17.380154958452252,78.48625552642216,built_up,Medium,38.633636,0.25217918,Cool roof,427089.6754206114,1.0,2.341428644968222e-06,2045502567.0531018,False
4791,+87404+19374,17.404409471122015,78.51679824608037,built_up,Medium,38.632874,0.27316266,Cool roof,427034.4303663836,1.0,2.3417315534534955e-06,2045929601.483468,False
4792,+87408+19366,17.397222948849492,78.52039150721663,built_up,Medium,38.63266,0.25376168,Cool roof,427050.8071116288,1.0,2.3416417516302816e-06,2046356652.2905798,False
4793,+87350+19363,17.394528002997298,78.46828922074084,built_up,Medium,38.632294,0.2869439,Cool roof,427056.9466889627,1.0,2.3416080870552553e-06,2046783709.2372687,False
4794,+87375+19382,17.41159599339454,78.49074710284248,built_up,Medium,38.632263,0.21898872,Cool roof,427018.0470190842,1.0,2.3418213983712686e-06,2047210727.2842877,False
4795,+87369+19378,17.408002732258275,78.4853572111381,built_up,Medium,38.63205,0.27837902,Cool roof,427026.23951797804,1.0,2.341776470525061e-06,2047637753.5238056,False
4796,+87390+19368,17.399019579417622,78.50422183210345,built_up,Medium,38.631958,0.21982552,Cool roof,427046.71354427113,1.0,2.3416641980464084e-06,2048064800.23735,False
4797,+87394+19374,17.404409471122015,78.50781509323971,built_up,Medium,38.630035,0.18223518,Cool roof,427034.4303663836,1.0,2.3417315534534955e-06,2048491834.6677163,False
4798,+87366+19412,17.438545451916493,78.4826622652859,built_up,Medium,38.628998,0.28781804,Cool roof,426956.55067061976,1.0,2.342158700760773e-06,2048918791.218387,False
4799,+87404+19366,17.397222948849492,78.51679824608037,built_up,Medium,38.628815,0.24370228,Cool roof,427050.8071116288,1.0,2.3416417516302816e-06,2049345842.0254986,False
4800,+87358+19375,17.40530778640608,78.47547574301338,built_up,Medium,38.62845,0.23597872,Cool roof,427032.38280901685,1.0,2.3417427817113192e-06,2049772874.4083076,False
4801,+87336+19376,17.406206101690145,78.45571280676394,built_up,Medium,38.628387,0.21217346,Cool roof,427030.3351484935,1.0,2.34175401064251e-06,2050199904.7434561,False
4802,+87351+19415,17.44124039776869,78.46918753602492,built_up,Medium,38.628082,0.29398525,Cool roof,426950.395930064,1.0,2.342192464353174e-06,2050626855.1393862,False
4803,+87324+19413,17.439443767200558,78.44493302335515,built_up,Medium,38.627533,0.30421615,Cool roof,426954.49919357605,1.0,2.342169954617604e-06,2051053809.6385798,False
4804,+87334+19402,17.42956229907584,78.4539161761958,built_up,Medium,38.62671,0.2495152,Cool roof,426977.0597681764,1.0,2.3420461992570315e-06,2051480786.698348,False
4805,+87319+19359,17.390934741861038,78.44044144693483,built_up,Medium,38.626007,0.23746076,Cool roof,427065.1313478123,1.0,2.3415632103796727e-06,2051907851.829696,False
4806,+87407+19409,17.4358505060643,78.51949319193257,built_up,Medium,38.626007,0.22549172,Cool roof,426962.70448289654,1.0,2.342124943233908e-06,2052334814.5341787,False
4807,+87351+19380,17.409799362826405,78.46918753602492,built_up,Medium,38.625275,0.2281791,Cool roof,427022.1434748407,1.0,2.3417989331012717e-06,2052761836.6776536,False
4808,+87407+19395,17.423274092087386,78.51949319193257,built_up,Medium,38.624207,0.17049038,Cool roof,426991.4099993005,1.0,2.3419674882959313e-06,2053188828.087653,False
4809,+87379+19416,17.442138713052756,78.49434036397874,built_up,Medium,38.624176,0.23671877,Cool roof,426948.3441435965,1.0,2.342203720231944e-06,2053615776.4317966,False
4810,+87343+19390,17.418782515667058,78.4620010137524,built_up,Medium,38.623627,0.28147736,Cool roof,427001.65706993314,1.0,2.341911286391619e-06,2054042778.0888665,False
4811,+87372+19367,17.398121264133557,78.48805215699028,built_up,Medium,38.62314,0.27540532,Cool roof,427048.7603795299,1.0,2.3416529745017237e-06,2054469826.849246,False
4812,+87403+19366,17.397222948849492,78.51589993079631,built_up,Medium,38.622925,0.24083233,Cool roof,427050.8071116288,1.0,2.3416417516302816e-06,2054896877.6563578,False
4813,+87333+19370,17.400816209985756,78.45301786091174,built_up,Medium,38.622284,0.2785947,Cool roof,427042.6195642755,1.0,2.3416866471555702e-06,2055323920.275922,False
4814,+87321+19399,17.426867353223646,78.44223807750296,built_up,Medium,38.621307,0.2805946,Cool roof,426983.2104861137,1.0,2.3420124619455547e-06,2055750903.4864082,False
4815,+87341+19395,17.423274092087386,78.46020438318426,built_up,Medium,38.61966,0.1927881,Cool roof,426991.4099993005,1.0,2.3419674882959313e-06,2056177894.8964076,False
4816,+87397+19413,17.439443767200558,78.51051003909191,built_up,Medium,38.61966,0.29952466,Cool roof,426954.49919357605,1.0,2.342169954617604e-06,2056604849.3956013,False
4817,+87324+19383,17.412494308678603,78.44493302335515,built_up,Medium,38.619568,0.25099078,Cool roof,427015.99863647495,1.0,2.341832632016476e-06,2057031865.3942378,False
4818,+87375+19397,17.425070722655516,78.49074710284248,built_up,Medium,38.619568,0.31665686,Cool roof,426987.3104490032,1.0,2.3419899737733167e-06,2057458852.7046866,False
4819,+87385+19368,17.399019579417622,78.49973025568313,built_up,Medium,38.61914,0.23201334,Cool roof,427046.71354427113,1.0,2.3416641980464084e-06,2057885899.418231,False
4820,+87347+19376,17.406206101690145,78.46559427488866,built_up,Medium,38.617767,0.26849127,Cool roof,427030.3351484935,1.0,2.34175401064251e-06,2058312929.7533796,False
4821,+87398+19370,17.400816209985756,78.51140835437599,built_up,Medium,38.617584,0.26943076,Cool roof,427042.6195642755,1.0,2.3416866471555702e-06,2058739972.3729439,False
4822,+87342+19408,17.434952190780233,78.46110269846832,built_up,Medium,38.616943,0.29866463,Cool roof,426964.7555473694,1.0,2.3421136920727768e-06,2059166937.1284912,False
4823,+87403+19373,17.40351115583795,78.51589993079631,built_up,Medium,38.615875,0.28908822,Cool roof,427036.4778205931,1.0,2.341720325869025e-06,2059593973.6063118,False
4824,+87346+19374,17.404409471122015,78.46469595960458,built_up,Medium,38.61557,0.12604578,Cool roof,427034.4303663836,1.0,2.3417315534534955e-06,2060021008.036678,False
4825,+87346+19381,17.410697678110473,78.46469595960458,built_up,Medium,38.61508,0.31948614,Cool roof,427020.0952985397,1.0,2.3418101653995388e-06,2060448028.1319766,False
4826,+87324+19409,17.4358505060643,78.44493302335515,built_up,Medium,38.614594,0.1731858,Cool roof,426962.70448289654,1.0,2.342124943233908e-06,2060874990.8364594,False
4827,+87345+19365,17.396324633565428,78.46379764432052,built_up,Medium,38.61441,0.23073585,Cool roof,427052.85374056763,1.0,2.341630529432066e-06,2061302043.6901999,False
4828,+87372+19394,17.42237577680332,78.48805215699028,built_up,Medium,38.614105,0.2488251,Cool roof,426993.45961972617,1.0,2.341956246567769e-06,2061729037.1498196,False
4829,+87380+19365,17.396324633565428,78.49523867926281,built_up,Medium,38.61136,0.25543618,Cool roof,427052.85374056763,1.0,2.341630529432066e-06,2062156090.00356,False
4830,+87318+19400,17.42776566850771,78.43954313165077,built_up,Medium,38.60916,0.31803635,Cool roof,426981.160349948,1.0,2.3420237070422817e-06,2062583071.16391,False
4831,+87338+19397,17.425070722655516,78.45750943733206,built_up,Medium,38.60858,0.17267923,Cool roof,426987.3104490032,1.0,2.3419899737733167e-06,2063010058.4743588,False
4832,+87392+19417,17.44303702833682,78.50601846267159,built_up,Medium,38.608307,0.22277935,Cool roof,426946.29225398856,1.0,2.3422149767847243e-06,2063437004.7666128,False
4833,+87380+19364,17.395426318281363,78.49523867926281,built_up,Medium,38.607147,0.21494848,Cool roof,427054.9002663456,1.0,2.341619307907063e-06,2063864059.6668792,False
4834,+87342+19413,17.439443767200558,78.46110269846832,built_up,Medium,38.606873,0.18316074,Cool roof,426954.49919357605,1.0,2.342169954617604e-06,2064291014.1660728,False
4835,+87339+19396,17.42417240737145,78.45840775261613,built_up,Medium,38.60672,0.2532929,Cool roof,426989.3602757261,1.0,2.341978730697775e-06,2064718003.5263486,False
4836,+87341+19409,17.4358505060643,78.46020438318426,built_up,Medium,38.606018,0.28151247,Cool roof,426962.70448289654,1.0,2.342124943233908e-06,2065144966.2308314,False
4837,+87338+19386,17.415189254530798,78.45750943733206,built_up,Medium,38.603516,0.2267915,Cool roof,427009.85286972753,1.0,2.34186633699312e-06,2065571976.0837011,False
4838,+87366+19413,17.439443767200558,78.4826622652859,built_up,Medium,38.60196,0.23092544,Cool roof,426954.49919357605,1.0,2.342169954617604e-06,2065998930.5828948,False
4839,+87398+19404,17.431358929643974,78.51140835437599,built_up,Medium,38.601837,0.29248,Cool roof,426972.9587738207,1.0,2.342068694166947e-06,2066425903.5416687,False
4840,+87369+19369,17.399917894701687,78.4853572111381,built_up,Medium,38.60086,0.24838497,Cool roof,427044.66660585295,1.0,2.3416754222643517e-06,2066852948.2082746,False
4841,+87334+19397,17.425070722655516,78.4539161761958,built_up,Medium,38.600616,0.18021469,Cool roof,426987.3104490032,1.0,2.3419899737733167e-06,2067279935.5187235,False
4842,+87374+19392,17.42057914623519,78.48984878755842,built_up,Medium,38.600555,0.18372083,Cool roof,426997.55855112965,1.0,2.3419337651324247e-06,2067706933.0772746,False
4843,+87348+19365,17.396324633565428,78.46649259017272,built_up,Medium,38.60019,0.29342312,Cool roof,427052.85374056763,1.0,2.341630529432066e-06,2068133985.931015,False
4844,+87405+19407,17.43405387549617,78.51769656136443,built_up,Medium,38.599884,0.2018344,Cool roof,426966.80650869873,1.0,2.3421024415855304e-06,2068560952.7375238,False
4845,+87313+19360,17.391833057145103,78.43505155523043,built_up,Medium,38.599365,0.25911814,Cool roof,427063.08533784345,1.0,2.3415744285388524e-06,2068988015.8228617,False
4846,+87380+19384,17.413392623962668,78.49523867926281,built_up,Medium,38.598785,0.20269905,Cool roof,427013.9501507122,1.0,2.341843866335176e-06,2069415029.7730124,False
4847,+87396+19414,17.440342082484626,78.50961172380785,built_up,Medium,38.597473,0.19200006,Cool roof,426952.4476133907,1.0,2.3421812091483994e-06,2069841982.2206259,False
4848,+87320+19404,17.431358929643974,78.44133976221889,built_up,Medium,38.597137,0.19252267,Cool roof,426972.9587738207,1.0,2.342068694166947e-06,2070268955.1793997,False
4849,+87347+19418,17.443935343620886,78.46559427488866,built_up,Medium,38.597137,0.21885812,Cool roof,426944.24026124045,1.0,2.3422262340115322e-06,2070695899.419661,False
4850,+87406+19366,17.397222948849492,78.5185948766485,built_up,Medium,38.59671,0.20813046,Cool roof,427050.8071116288,1.0,2.3416417516302816e-06,2071122950.2267728,False
4851,+87330+19376,17.406206101690145,78.45032291505954,built_up,Medium,38.595673,0.23929511,Cool roof,427030.3351484935,1.0,2.34175401064251e-06,2071549980.5619214,False
4852,+87327+19419,17.44483365890495,78.44762796920735,built_up,Medium,38.594482,0.19647485,Cool roof,426942.18816535256,1.0,2.3422374919123827e-06,2071976922.7500868,False
4853,+87316+19348,17.38105327373632,78.43774650108263,built_up,Medium,38.593445,0.19748764,Cool roof,427087.63064862473,1.0,2.3414398550510214e-06,2072404010.3807354,False
4854,+87322+19405,17.43225724492804,78.44313639278703,built_up,Medium,38.59326,0.18726766,Cool roof,426970.90812192473,1.0,2.3420799426326314e-06,2072830981.2888572,False
4855,+87398+19416,17.442138713052756,78.51140835437599,built_up,Medium,38.592377,0.31344655,Cool roof,426948.3441435965,1.0,2.342203720231944e-06,2073257929.6330009,False
4856,+87342+19385,17.414290939246733,78.46110269846832,built_up,Medium,38.59189,0.26415053,Cool roof,427011.90156179626,1.0,2.3418551013273855e-06,2073684941.5345626,False
4857,+87339+19411,17.437647136632428,78.45840775261613,built_up,Medium,38.591736,0.26224458,Cool roof,426958.6020445212,1.0,2.3421474475778915e-06,2074111900.1366072,False
4858,+87353+19373,17.40351115583795,78.47098416659304,built_up,Medium,38.5914,0.23608294,Cool roof,427036.4778205931,1.0,2.341720325869025e-06,2074538936.6144278,False
4859,+87383+19369,17.399917894701687,78.497933625115,built_up,Medium,38.591125,0.24009791,Cool roof,427044.66660585295,1.0,2.3416754222643517e-06,2074965981.2810338,False
4860,+87372+19384,17.413392623962668,78.48805215699028,built_up,Medium,38.59091,0.22599222,Cool roof,427013.9501507122,1.0,2.341843866335176e-06,2075392995.2311845,False
4861,+87405+19396,17.42417240737145,78.51769656136443,built_up,Medium,38.590515,0.2241155,Cool roof,426989.3602757261,1.0,2.341978730697775e-06,2075819984.5914602,False
4862,+87379+19365,17.396324633565428,78.49434036397874,built_up,Medium,38.59012,0.24263859,Cool roof,427052.85374056763,1.0,2.341630529432066e-06,2076247037.4452007,False
4863,+87346+19380,17.409799362826405,78.46469595960458,built_up,Medium,38.590057,0.23889406,Cool roof,427022.1434748407,1.0,2.3417989331012717e-06,2076674059.5886755,False
4864,+87342+19420,17.445731974189016,78.46110269846832,built_up,Medium,38.588593,0.2828648,Cool roof,426940.13596632547,1.0,2.342248750487291e-06,2077100999.7246418,False
4865,+87383+19363,17.394528002997298,78.497933625115,built_up,Medium,38.588562,0.3129817,Cool roof,427056.9466889627,1.0,2.3416080870552553e-06,2077528056.6713307,False
4866,+87374+19371,17.40171452526982,78.48984878755842,built_up,Medium,38.588074,0.18390554,Cool roof,427040.5724195397,1.0,2.341697872720077e-06,2077955097.2437503,False
4867,+87322+19390,17.418782515667058,78.44313639278703,built_up,Medium,38.5867,0.30730474,Cool roof,427001.65706993314,1.0,2.341911286391619e-06,2078382098.9008203,False
4868,+87369+19412,17.438545451916493,78.4853572111381,built_up,Medium,38.586273,0.2595806,Cool roof,426956.55067061976,1.0,2.342158700760773e-06,2078809055.4514909,False
4869,+87330+19373,17.40351115583795,78.45032291505954,built_up,Medium,38.585297,0.25361884,Cool roof,427036.4778205931,1.0,2.341720325869025e-06,2079236091.9293115,False
4870,+87321+19387,17.416087569814863,78.44223807750296,built_up,Medium,38.584534,0.29648608,Cool roof,427007.8040745065,1.0,2.341877573332395e-06,2079663099.733386,False
4871,+87399+19379,17.40890104754234,78.51230666966005,built_up,Medium,38.584015,0.25052807,Cool roof,427024.1915479869,1.0,2.3417877014764513e-06,2080090123.924934,False
4872,+87371+19411,17.437647136632428,78.48715384170622,built_up,Medium,38.58249,0.26857236,Cool roof,426958.6020445212,1.0,2.3421474475778915e-06,2080517082.5269785,False
4873,+87342+19410,17.436748821348363,78.46110269846832,built_up,Medium,38.581818,0.24429908,Cool roof,426960.65331528033,1.0,2.3421361950689414e-06,2080944043.1802938,False
4874,+87320+19409,17.4358505060643,78.44133976221889,built_up,Medium,38.581635,0.2628352,Cool roof,426962.70448289654,1.0,2.342124943233908e-06,2081371005.8847766,False
4875,+87408+19341,17.374765066747862,78.52039150721663,built_up,Medium,38.581116,0.23380457,Cool roof,427101.94188599556,1.0,2.3413613986024103e-06,2081798107.8266625,False
4876,+87399+19378,17.408002732258275,78.51230666966005,built_up,Medium,38.579254,0.20955242,Cool roof,427026.23951797804,1.0,2.341776470525061e-06,2082225134.0661805,False
4877,+87321+19392,17.42057914623519,78.44223807750296,built_up,Medium,38.57898,0.26004067,Cool roof,426997.55855112965,1.0,2.3419337651324247e-06,2082652131.6247315,False
4878,+87391+19416,17.442138713052756,78.50512014738753,built_up,Medium,38.578583,0.26122773,Cool roof,426948.3441435965,1.0,2.342203720231944e-06,2083079079.9688752,False
4879,+87334+19409,17.4358505060643,78.4539161761958,built_up,Medium,38.57846,0.24552622,Cool roof,426962.70448289654,1.0,2.342124943233908e-06,2083506042.673358,False
4880,+87354+19360,17.391833057145103,78.47188248187712,built_up,Medium,38.57846,0.18440945,Cool roof,427063.08533784345,1.0,2.3415744285388524e-06,2083933105.7586958,False
4881,+87404+19346,17.379256643168187,78.51679824608037,built_up,Medium,38.57834,0.20731223,Cool roof,427091.72008943046,1.0,2.3414174355583527e-06,2084360197.4787853,False
4882,+87407+19391,17.419680830951123,78.51949319193257,built_up,Medium,38.577972,0.249255,Cool roof,426999.6078621065,1.0,2.3419225254252125e-06,2084787197.0866473,False
4883,+87328+19401,17.428663983791775,78.44852628449141,built_up,Medium,38.57718,0.21855314,Cool roof,426979.11011063546,1.0,2.3420349528127683e-06,2085214176.1967578,False
4884,+87407+19368,17.399019579417622,78.51949319193257,built_up,Medium,38.576965,0.2446399,Cool roof,427046.71354427113,1.0,2.3416641980464084e-06,2085641222.9103022,False
4885,+87369+19366,17.397222948849492,78.4853572111381,built_up,Medium,38.57657,0.26613083,Cool roof,427050.8071116288,1.0,2.3416417516302816e-06,2086068273.717414,False
4886,+87395+19389,17.417884200382993,78.50871340852379,built_up,Medium,38.575775,0.31629032,Cool roof,427003.7061746089,1.0,2.3419000480316284e-06,2086495277.4235885,False
4887,+87390+19384,17.413392623962668,78.50422183210345,built_up,Medium,38.57492,0.25311565,Cool roof,427013.9501507122,1.0,2.341843866335176e-06,2086922291.3737392,False
4888,+87400+19370,17.400816209985756,78.51320498494411,built_up,Medium,38.57242,0.22897804,Cool roof,427042.6195642755,1.0,2.3416866471555702e-06,2087349333.9933035,False
4889,+87405+19420,17.445731974189016,78.51769656136443,built_up,Medium,38.571075,0.2869914,Cool roof,426940.13596632547,1.0,2.342248750487291e-06,2087776274.1292698,False
4890,+87330+19385,17.414290939246733,78.45032291505954,built_up,Medium,38.570953,0.21730782,Cool roof,427011.90156179626,1.0,2.3418551013273855e-06,2088203286.0308316,False
4891,+87344+19415,17.44124039776869,78.46289932903646,built_up,Medium,38.57083,0.16786855,Cool roof,426950.395930064,1.0,2.342192464353174e-06,2088630236.4267616,False
4892,+87365+19370,17.400816209985756,78.48176395000183,built_up,Medium,38.570465,0.20748344,Cool roof,427042.6195642755,1.0,2.3416866471555702e-06,2089057279.046326,False
4893,+87343+19415,17.44124039776869,78.4620010137524,built_up,Medium,38.569855,0.14076272,Cool roof,426950.395930064,1.0,2.342192464353174e-06,2089484229.442256,False
4894,+87325+19386,17.415189254530798,78.44583133863922,built_up,Medium,38.568542,0.20606583,Cool roof,427009.85286972753,1.0,2.34186633699312e-06,2089911239.2951257,False
4895,+87338+19387,17.416087569814863,78.45750943733206,built_up,Medium,38.568207,0.22643602,Cool roof,427007.8040745065,1.0,2.341877573332395e-06,2090338247.0992002,False
4896,+87345+19381,17.410697678110473,78.46379764432052,built_up,Medium,38.56729,0.266285,Cool roof,427020.0952985397,1.0,2.3418101653995388e-06,2090765267.1944988,False
4897,+87320+19408,17.434952190780233,78.44133976221889,built_up,Medium,38.565643,0.21138343,Cool roof,426964.7555473694,1.0,2.3421136920727768e-06,2091192231.950046,False
4898,+87343+19391,17.419680830951123,78.4620010137524,built_up,Medium,38.565094,0.2885211,Cool roof,426999.6078621065,1.0,2.3419225254252125e-06,2091619231.557908,False
4899,+87370+19376,17.406206101690145,78.48625552642216,built_up,Medium,38.56491,0.25369602,Cool roof,427030.3351484935,1.0,2.34175401064251e-06,2092046261.8930566,False
4900,+87407+19390,17.418782515667058,78.51949319193257,built_up,Medium,38.564667,0.28607038,Cool roof,427001.65706993314,1.0,2.341911286391619e-06,2092473263.5501266,False
4901,+87338+19411,17.437647136632428,78.45750943733206,built_up,Medium,38.56314,0.15594298,Cool roof,426958.6020445212,1.0,2.3421474475778915e-06,2092900222.1521711,False
4902,+87398+19366,17.397222948849492,78.51140835437599,built_up,Medium,38.562836,0.21102059,Cool roof,427050.8071116288,1.0,2.3416417516302816e-06,2093327272.9592829,False
4903,+87407+19341,17.374765066747862,78.51949319193257,built_up,Medium,38.562836,0.31518012,Cool roof,427101.94188599556,1.0,2.3413613986024103e-06,2093754374.9011688,False
4904,+87347+19345,17.378358327884122,78.46559427488866,built_up,Medium,38.562775,0.167732,Cool roof,427093.76465508126,1.0,2.341406226821398e-06,2094181468.665824,False
4905,+87320+19416,17.442138713052756,78.44133976221889,built_up,Medium,38.562622,0.19717793,Cool roof,426948.3441435965,1.0,2.342203720231944e-06,2094608417.0099676,False
4906,+87382+19369,17.399917894701687,78.49703530983093,built_up,Medium,38.562042,0.19040245,Cool roof,427044.66660585295,1.0,2.3416754222643517e-06,2095035461.6765735,False
4907,+87386+19413,17.439443767200558,78.5006285709672,built_up,Medium,38.56192,0.28359854,Cool roof,426954.49919357605,1.0,2.342169954617604e-06,2095462416.1757672,False
4908,+87360+19370,17.400816209985756,78.4772723735815,built_up,Medium,38.561493,0.2670637,Cool roof,427042.6195642755,1.0,2.3416866471555702e-06,2095889458.7953315,False
4909,+87390+19393,17.421477461519256,78.50422183210345,built_up,Medium,38.560974,0.28164116,Cool roof,426995.50913700275,1.0,2.341945005513271e-06,2096316454.3044684,False
4910,+87341+19403,17.43046061435991,78.46020438318426,built_up,Medium,38.560455,0.19832824,Cool roof,426975.0093225714,1.0,2.3420574463750857e-06,2096743429.313791,False
4911,+87319+19358,17.39003642657697,78.44044144693483,built_up,Medium,38.559845,0.2882858,Cool roof,427067.17725461826,1.0,2.34155199289361e-06,2097170496.4910457,False
4912,+87390+19395,17.423274092087386,78.50422183210345,built_up,Medium,38.559174,0.19093002,Cool roof,426991.4099993005,1.0,2.3419674882959313e-06,2097597487.901045,False
4913,+87397+19406,17.433155560212104,78.51051003909191,built_up,Medium,38.558746,0.29667392,Cool roof,426968.857366884,1.0,2.3420911917721534e-06,2098024456.758412,False
4914,+87326+19379,17.40890104754234,78.44672965392328,built_up,Medium,38.558044,0.22907262,Cool roof,427024.1915479869,1.0,2.3417877014764513e-06,2098451480.9499598,False
4915,+87361+19370,17.400816209985756,78.47817068886556,built_up,Medium,38.557587,0.22601649,Cool roof,427042.6195642755,1.0,2.3416866471555702e-06,2098878523.569524,False
4916,+87329+19420,17.445731974189016,78.44942459977548,built_up,Medium,38.55722,0.2265425,Cool roof,426940.13596632547,1.0,2.342248750487291e-06,2099305463.7054904,False
4917,+87337+19410,17.436748821348363,78.456611122048,built_up,Medium,38.55716,0.19209227,Cool roof,426960.65331528033,1.0,2.3421361950689414e-06,2099732424.3588057,False
4918,+87373+19384,17.413392623962668,78.48895047227435,built_up,Medium,38.556854,0.24118868,Cool roof,427013.9501507122,1.0,2.341843866335176e-06,2100159438.3089564,False
4919,+87327+19375,17.40530778640608,78.44762796920735,built_up,Medium,38.556366,0.21083385,Cool roof,427032.38280901685,1.0,2.3417427817113192e-06,2100586470.6917653,False
4920,+87326+19413,17.439443767200558,78.44672965392328,built_up,Medium,38.555878,0.23277509,Cool roof,426954.49919357605,1.0,2.342169954617604e-06,2101013425.190959,False
4921,+87317+19348,17.38105327373632,78.43864481636669,built_up,Medium,38.55548,0.23577054,Cool roof,427087.63064862473,1.0,2.3414398550510214e-06,2101440512.8216076,False
4922,+87379+19385,17.414290939246733,78.49434036397874,built_up,Medium,38.55429,0.19464299,Cool roof,427011.90156179626,1.0,2.3418551013273855e-06,2101867524.7231693,False
4923,+87335+19407,17.43405387549617,78.45481449147987,built_up,Medium,38.553894,0.26396382,Cool roof,426966.80650869873,1.0,2.3421024415855304e-06,2102294491.529678,False
4924,+87331+19380,17.409799362826405,78.4512212303436,built_up,Medium,38.55304,0.2374586,Cool roof,427022.1434748407,1.0,2.3417989331012717e-06,2102721513.673153,False
4925,+87376+19390,17.418782515667058,78.49164541812655,built_up,Medium,38.550995,0.26989394,Cool roof,427001.65706993314,1.0,2.341911286391619e-06,2103148515.3302228,False
4926,+87408+19408,17.434952190780233,78.52039150721663,built_up,Medium,38.550873,0.2665852,Cool roof,426964.7555473694,1.0,2.3421136920727768e-06,2103575480.0857701,False
4927,+87362+19372,17.402612840553886,78.47906900414964,built_up,Medium,38.55069,0.23568165,Cool roof,427038.5251716453,1.0,2.3417090989578906e-06,2104002518.610942,False
4928,+87340+19367,17.398121264133557,78.4593060679002,built_up,Medium,38.54944,0.21838948,Cool roof,427048.7603795299,1.0,2.3416529745017237e-06,2104429567.3713214,False
4929,+87399+19381,17.410697678110473,78.51230666966005,built_up,Medium,38.549347,0.22918394,Cool roof,427020.0952985397,1.0,2.3418101653995388e-06,2104856587.46662,False
4930,+87377+19370,17.400816209985756,78.49254373341061,built_up,Medium,38.548553,0.17694704,Cool roof,427042.6195642755,1.0,2.3416866471555702e-06,2105283630.0861843,False
4931,+87379+19381,17.410697678110473,78.49434036397874,built_up,Medium,38.547882,0.18543181,Cool roof,427020.0952985397,1.0,2.3418101653995388e-06,2105710650.1814828,False
4932,+87313+19361,17.392731372429168,78.43505155523043,built_up,Medium,38.5477,0.26580185,Cool roof,427061.0392247119,1.0,2.3415856473711663e-06,2106137711.2207074,False
4933,+87314+19378,17.408002732258275,78.4359498705145,built_up,Medium,38.547455,0.28880578,Cool roof,427026.23951797804,1.0,2.341776470525061e-06,2106564737.4602253,False
4934,+87373+19380,17.409799362826405,78.48895047227435,built_up,Medium,38.547363,0.20399237,Cool roof,427022.1434748407,1.0,2.3417989331012717e-06,2106991759.6037002,False
4935,+87344+19369,17.399917894701687,78.46289932903646,built_up,Medium,38.54648,0.22950463,Cool roof,427044.66660585295,1.0,2.3416754222643517e-06,2107418804.270306,False
4936,+87329+19396,17.42417240737145,78.44942459977548,built_up,Medium,38.546448,0.21649924,Cool roof,426989.3602757261,1.0,2.341978730697775e-06,2107845793.6305819,False
4937,+87380+19366,17.397222948849492,78.49523867926281,built_up,Medium,38.546234,0.25440553,Cool roof,427050.8071116288,1.0,2.3416417516302816e-06,2108272844.4376936,False
4938,+87329+19405,17.43225724492804,78.44942459977548,built_up,Medium,38.545868,0.24413392,Cool roof,426970.90812192473,1.0,2.3420799426326314e-06,2108699815.3458154,False
4939,+87321+19384,17.413392623962668,78.44223807750296,built_up,Medium,38.545013,0.22494903,Cool roof,427013.9501507122,1.0,2.341843866335176e-06,2109126829.2959661,False
4940,+87321+19417,17.44303702833682,78.44223807750296,built_up,Medium,38.54483,0.23503943,Cool roof,426946.29225398856,1.0,2.3422149767847243e-06,2109553775.5882201,False
4941,+87370+19386,17.415189254530798,78.48625552642216,built_up,Medium,38.542145,0.28506926,Cool roof,427009.85286972753,1.0,2.34186633699312e-06,2109980785.4410899,False
4942,+87333+19361,17.392731372429168,78.45301786091174,built_up,Medium,38.54196,0.3145777,Cool roof,427061.0392247119,1.0,2.3415856473711663e-06,2110407846.4803145,False
4943,+87379+19386,17.415189254530798,78.49434036397874,built_up,Medium,38.540985,0.24127051,Cool roof,427009.85286972753,1.0,2.34186633699312e-06,2110834856.3331842,False
4944,+87358+19372,17.402612840553886,78.47547574301338,built_up,Medium,38.54068,0.30708674,Cool roof,427038.5251716453,1.0,2.3417090989578906e-06,2111261894.858356,False
4945,+87337+19401,17.428663983791775,78.456611122048,built_up,Medium,38.54019,0.26949787,Cool roof,426979.11011063546,1.0,2.3420349528127683e-06,2111688873.9684665,False
4946,+87319+19397,17.425070722655516,78.44044144693483,built_up,Medium,38.539703,0.26914075,Cool roof,426987.3104490032,1.0,2.3419899737733167e-06,2112115861.2789154,False
4947,+87314+19381,17.410697678110473,78.4359498705145,built_up,Medium,38.539642,0.26669186,Cool roof,427020.0952985397,1.0,2.3418101653995388e-06,2112542881.374214,False
4948,+87373+19393,17.421477461519256,78.48895047227435,built_up,Medium,38.539154,0.2598771,Cool roof,426995.50913700275,1.0,2.341945005513271e-06,2112969876.8833508,False
4949,+87407+19343,17.376561697315992,78.51949319193257,built_up,Medium,38.53897,0.29347295,Cool roof,427097.85347687715,1.0,2.3413838113661685e-06,2113396974.7368276,False
4950,+87409+19342,17.375663382031927,78.5212898225007,built_up,Medium,38.53723,0.2660309,Cool roof,427099.8977330211,1.0,2.341372604647864e-06,2113824074.6345606,False
4951,+87337+19374,17.404409471122015,78.456611122048,built_up,Medium,38.536407,0.25325552,Cool roof,427034.4303663836,1.0,2.3417315534534955e-06,2114251109.0649269,False
4952,+87391+19400,17.42776566850771,78.50512014738753,built_up,Medium,38.535736,0.26970643,Cool roof,426981.160349948,1.0,2.3420237070422817e-06,2114678090.2252767,False
4953,+87318+19421,17.44663028947308,78.43954313165077,built_up,Medium,38.53537,0.2716526,Cool roof,426938.0836641594,1.0,2.3422600097362737e-06,2115105028.308941,False
4954,+87346+19378,17.408002732258275,78.46469595960458,built_up,Medium,38.53537,0.23988426,Cool roof,427026.23951797804,1.0,2.341776470525061e-06,2115532054.5484588,False
4955,+87337+19397,17.425070722655516,78.456611122048,built_up,Medium,38.533356,0.1942921,Cool roof,426987.3104490032,1.0,2.3419899737733167e-06,2115959041.8589077,False
4956,+87320+19353,17.385544850156645,78.44133976221889,built_up,Medium,38.531586,0.24649817,Cool roof,427077.40524118865,1.0,2.3414959155595174e-06,2116386119.264149,False
4957,+87315+19389,17.417884200382993,78.43684818579857,built_up,Medium,38.531403,0.2710686,Cool roof,427003.7061746089,1.0,2.3419000480316284e-06,2116813122.9703236,False
4958,+87395+19365,17.396324633565428,78.50871340852379,built_up,Medium,38.530487,0.2504306,Cool roof,427052.85374056763,1.0,2.341630529432066e-06,2117240175.824064,False
4959,+87368+19373,17.40351115583795,78.48445889585402,built_up,Medium,38.529755,0.22960141,Cool roof,427036.4778205931,1.0,2.341720325869025e-06,2117667212.3018847,False
4960,+87376+19382,17.41159599339454,78.49164541812655,built_up,Medium,38.529144,0.22637568,Cool roof,427018.0470190842,1.0,2.3418213983712686e-06,2118094230.3489037,False
4961,+87406+19394,17.42237577680332,78.5185948766485,built_up,Medium,38.528137,0.19056377,Cool roof,426993.45961972617,1.0,2.341956246567769e-06,2118521223.8085234,False
4962,+87369+19368,17.399019579417622,78.4853572111381,built_up,Medium,38.528046,0.2347162,Cool roof,427046.71354427113,1.0,2.3416641980464084e-06,2118948270.5220678,False
4963,+87405+19403,17.43046061435991,78.51769656136443,built_up,Medium,38.528046,0.24989769,Cool roof,426975.0093225714,1.0,2.3420574463750857e-06,2119375245.5313904,False
4964,+87369+19376,17.406206101690145,78.4853572111381,built_up,Medium,38.525665,0.31163123,Cool roof,427030.3351484935,1.0,2.34175401064251e-06,2119802275.866539,False
4965,+87378+19383,17.412494308678603,78.49344204869467,built_up,Medium,38.52417,0.19439563,Cool roof,427015.99863647495,1.0,2.341832632016476e-06,2120229291.8651755,False
4966,+87350+19374,17.404409471122015,78.46828922074084,built_up,Medium,38.52115,0.3113069,Cool roof,427034.4303663836,1.0,2.3417315534534955e-06,2120656326.2955418,False
4967,+87313+19384,17.413392623962668,78.43505155523043,built_up,Medium,38.520386,0.25880957,Cool roof,427013.9501507122,1.0,2.341843866335176e-06,2121083340.2456925,False
4968,+87345+19371,17.40171452526982,78.46379764432052,built_up,Medium,38.51938,0.16019739,Cool roof,427040.5724195397,1.0,2.341697872720077e-06,2121510380.8181121,False
4969,+87319+19388,17.416985885098928,78.44044144693483,built_up,Medium,38.519257,0.30465567,Cool roof,427005.7551761335,1.0,2.341888810345226e-06,2121937386.5732882,False
4970,+87323+19409,17.4358505060643,78.44403470807109,built_up,Medium,38.518707,0.22801532,Cool roof,426962.70448289654,1.0,2.342124943233908e-06,2122364349.277771,False
4971,+87405+19404,17.431358929643974,78.51769656136443,built_up,Medium,38.51834,0.29133615,Cool roof,426972.9587738207,1.0,2.342068694166947e-06,2122791322.2365448,False
4972,+87405+19390,17.418782515667058,78.51769656136443,built_up,Medium,38.517883,0.165609,Cool roof,427001.65706993314,1.0,2.341911286391619e-06,2123218323.8936148,False
4973,+87333+19405,17.43225724492804,78.45301786091174,built_up,Medium,38.51773,0.29882556,Cool roof,426970.90812192473,1.0,2.3420799426326314e-06,2123645294.8017366,False
4974,+87346+19377,17.40710441697421,78.46469595960458,built_up,Medium,38.51761,0.21017493,Cool roof,427028.28738481377,1.0,2.3417652402470857e-06,2124072323.0891213,False
4975,+87409+19341,17.374765066747862,78.5212898225007,built_up,Medium,38.516327,0.21944398,Cool roof,427101.94188599556,1.0,2.3413613986024103e-06,2124499425.0310073,False
4976,+87397+19375,17.40530778640608,78.51051003909191,built_up,Medium,38.515503,0.22430009,Cool roof,427032.38280901685,1.0,2.3417427817113192e-06,2124926457.4138162,False
4977,+87369+19375,17.40530778640608,78.4853572111381,built_up,Medium,38.514465,0.30771255,Cool roof,427032.38280901685,1.0,2.3417427817113192e-06,2125353489.7966251,False
4978,+87405+19366,17.397222948849492,78.51769656136443,built_up,Medium,38.51364,0.23371159,Cool roof,427050.8071116288,1.0,2.3416417516302816e-06,2125780540.6037369,False
4979,+87334+19414,17.440342082484626,78.4539161761958,built_up,Medium,38.51355,0.2535438,Cool roof,426952.4476133907,1.0,2.3421812091483994e-06,2126207493.0513504,False
4980,+87368+19379,17.40890104754234,78.48445889585402,built_up,Medium,38.513153,0.26996964,Cool roof,427024.1915479869,1.0,2.3417877014764513e-06,2126634517.2428982,False
4981,+87346+19365,17.396324633565428,78.46469595960458,built_up,Medium,38.511078,0.30070508,Cool roof,427052.85374056763,1.0,2.341630529432066e-06,2127061570.0966387,False
4982,+87397+19380,17.409799362826405,78.51051003909191,built_up,Medium,38.510834,0.22084214,Cool roof,427022.1434748407,1.0,2.3417989331012717e-06,2127488592.2401135,False
4983,+87394+19371,17.40171452526982,78.50781509323971,built_up,Medium,38.509277,0.24346492,Cool roof,427040.5724195397,1.0,2.341697872720077e-06,2127915632.8125331,False
4984,+87322+19388,17.416985885098928,78.44313639278703,built_up,Medium,38.50827,0.2965848,Cool roof,427005.7551761335,1.0,2.341888810345226e-06,2128342638.5677092,False
4985,+87402+19381,17.410697678110473,78.51500161551225,built_up,Medium,38.50815,0.25265393,Cool roof,427020.0952985397,1.0,2.3418101653995388e-06,2128769658.6630077,False
4986,+87323+19407,17.43405387549617,78.44403470807109,built_up,Medium,38.506195,0.17501555,Cool roof,426966.80650869873,1.0,2.3421024415855304e-06,2129196625.4695165,False
4987,+87343+19416,17.442138713052756,78.4620010137524,built_up,Medium,38.50296,0.19323519,Cool roof,426948.3441435965,1.0,2.342203720231944e-06,2129623573.8136601,False
4988,+87384+19360,17.391833057145103,78.49883194039907,built_up,Medium,38.501495,0.2517945,Cool roof,427063.08533784345,1.0,2.3415744285388524e-06,2130050636.898998,False
4989,+87333+19417,17.44303702833682,78.45301786091174,built_up,Medium,38.501038,0.2415245,Cool roof,426946.29225398856,1.0,2.3422149767847243e-06,2130477583.191252,False
4990,+87325+19412,17.438545451916493,78.44583133863922,built_up,Medium,38.499054,0.24678634,Cool roof,426956.55067061976,1.0,2.342158700760773e-06,2130904539.7419226,False
4991,+87333+19381,17.410697678110473,78.45301786091174,built_up,Medium,38.499054,0.16413805,Cool roof,427020.0952985397,1.0,2.3418101653995388e-06,2131331559.8372211,False
4992,+87373+19383,17.412494308678603,78.48895047227435,built_up,Medium,38.49826,0.22858223,Cool roof,427015.99863647495,1.0,2.341832632016476e-06,2131758575.8358576,False
4993,+87381+19396,17.42417240737145,78.49613699454687,built_up,Medium,38.4982,0.2229769,Cool roof,426989.3602757261,1.0,2.341978730697775e-06,2132185565.1961334,False
4994,+87397+19394,17.42237577680332,78.51051003909191,built_up,Medium,38.49759,0.18860325,Cool roof,426993.45961972617,1.0,2.341956246567769e-06,2132612558.6557531,False
4995,+87345+19408,17.434952190780233,78.46379764432052,built_up,Medium,38.496643,0.3082643,Cool roof,426964.7555473694,1.0,2.3421136920727768e-06,2133039523.4113004,False
4996,+87397+19378,17.408002732258275,78.51051003909191,built_up,Medium,38.495697,0.23110926,Cool roof,427026.23951797804,1.0,2.341776470525061e-06,2133466549.6508183,False
4997,+87377+19387,17.416087569814863,78.49254373341061,built_up,Medium,38.49533,0.26920804,Cool roof,427007.8040745065,1.0,2.341877573332395e-06,2133893557.4548929,False
4998,+87395+19375,17.40530778640608,78.50871340852379,built_up,Medium,38.493378,0.21825376,Cool roof,427032.38280901685,1.0,2.3417427817113192e-06,2134320589.8377018,False
4999,+87386+19395,17.423274092087386,78.5006285709672,built_up,Medium,38.493134,0.25260603,Cool roof,426991.4099993005,1.0,2.3419674882959313e-06,2134747581.2477012,False
5000,+87396+19393,17.421477461519256,78.50961172380785,built_up,Medium,38.490845,0.22952369,Cool roof,426995.50913700275,1.0,2.341945005513271e-06,2135174576.756838,False
5001,+87337+19411,17.437647136632428,78.456611122048,built_up,Medium,38.490448,0.18370038,Cool roof,426958.6020445212,1.0,2.3421474475778915e-06,2135601535.3588827,False
5002,+87335+19392,17.42057914623519,78.45481449147987,built_up,Medium,38.490204,0.2645948,Cool roof,426997.55855112965,1.0,2.3419337651324247e-06,2136028532.9174337,False
5003,+87332+19381,17.410697678110473,78.45211954562768,built_up,Medium,38.489777,0.17511666,Cool roof,427020.0952985397,1.0,2.3418101653995388e-06,2136455553.0127323,False
5004,+87353+19371,17.40171452526982,78.47098416659304,built_up,Medium,38.489532,0.24667378,Cool roof,427040.5724195397,1.0,2.341697872720077e-06,2136882593.585152,False
5005,+87346+19418,17.443935343620886,78.46469595960458,built_up,Medium,38.489166,0.26135978,Cool roof,426944.24026124045,1.0,2.3422262340115322e-06,2137309537.8254132,False
5006,+87380+19363,17.394528002997298,78.49523867926281,built_up,Medium,38.48886,0.2698468,Cool roof,427056.9466889627,1.0,2.3416080870552553e-06,2137736594.772102,False
5007,+87319+19353,17.385544850156645,78.44044144693483,built_up,Medium,38.48654,0.2532634,Cool roof,427077.40524118865,1.0,2.3414959155595174e-06,2138163672.1773434,False
5008,+87369+19411,17.437647136632428,78.4853572111381,built_up,Medium,38.484863,0.30187517,Cool roof,426958.6020445212,1.0,2.3421474475778915e-06,2138590630.779388,False
5009,+87325+19392,17.42057914623519,78.44583133863922,built_up,Medium,38.483917,0.2647313,Cool roof,426997.55855112965,1.0,2.3419337651324247e-06,2139017628.337939,False
5010,+87399+19380,17.409799362826405,78.51230666966005,built_up,Medium,38.48294,0.2486865,Cool roof,427022.1434748407,1.0,2.3417989331012717e-06,2139444650.4814138,False
5011,+87408+19369,17.399917894701687,78.52039150721663,built_up,Medium,38.481018,0.2599504,Cool roof,427044.66660585295,1.0,2.3416754222643517e-06,2139871695.1480198,False
5012,+87349+19378,17.408002732258275,78.46739090545678,built_up,Medium,38.480835,0.27537623,Cool roof,427026.23951797804,1.0,2.341776470525061e-06,2140298721.3875377,False
5013,+87340+19396,17.42417240737145,78.4593060679002,built_up,Medium,38.48056,0.2249813,Cool roof,426989.3602757261,1.0,2.341978730697775e-06,2140725710.7478135,False
5014,+87326+19386,17.415189254530798,78.44672965392328,built_up,Medium,38.47946,0.24235258,Cool roof,427009.85286972753,1.0,2.34186633699312e-06,2141152720.6006832,False
5015,+87346+19411,17.437647136632428,78.46469595960458,built_up,Medium,38.479034,0.24577269,Cool roof,426958.6020445212,1.0,2.3421474475778915e-06,2141579679.2027278,False
5016,+87365+19412,17.438545451916493,78.48176395000183,built_up,Medium,38.47702,0.27996752,Cool roof,426956.55067061976,1.0,2.342158700760773e-06,2142006635.7533984,False
5017,+87338+19409,17.4358505060643,78.45750943733206,built_up,Medium,38.47641,0.1637287,Cool roof,426962.70448289654,1.0,2.342124943233908e-06,2142433598.4578812,False
5018,+87398+19371,17.40171452526982,78.51140835437599,built_up,Medium,38.47577,0.29619092,Cool roof,427040.5724195397,1.0,2.341697872720077e-06,2142860639.0303009,False
5019,+87394+19402,17.42956229907584,78.50781509323971,built_up,Medium,38.47574,0.26900944,Cool roof,426977.0597681764,1.0,2.3420461992570315e-06,2143287616.090069,False
5020,+87409+19370,17.400816209985756,78.5212898225007,built_up,Medium,38.475372,0.26161054,Cool roof,427042.6195642755,1.0,2.3416866471555702e-06,2143714658.7096334,False
5021,+87386+19394,17.42237577680332,78.5006285709672,built_up,Medium,38.474335,0.26678982,Cool roof,426993.45961972617,1.0,2.341956246567769e-06,2144141652.169253,False
5022,+87406+19374,17.404409471122015,78.5185948766485,built_up,Medium,38.47397,0.2461691,Cool roof,427034.4303663836,1.0,2.3417315534534955e-06,2144568686.5996194,False
5023,+87400+19372,17.402612840553886,78.51320498494411,built_up,Medium,38.473724,0.26697138,Cool roof,427038.5251716453,1.0,2.3417090989578906e-06,2144995725.1247911,False
5024,+87396+19375,17.40530778640608,78.50961172380785,built_up,Medium,38.47342,0.20765232,Cool roof,427032.38280901685,1.0,2.3417427817113192e-06,2145422757.5076,False
5025,+87341+19369,17.399917894701687,78.46020438318426,built_up,Medium,38.472504,0.23169808,Cool roof,427044.66660585295,1.0,2.3416754222643517e-06,2145849802.174206,False
5026,+87330+19411,17.437647136632428,78.45032291505954,built_up,Medium,38.472443,0.28089356,Cool roof,426958.6020445212,1.0,2.3421474475778915e-06,2146276760.7762506,False
5027,+87334+19400,17.42776566850771,78.4539161761958,built_up,Medium,38.472046,0.23739861,Cool roof,426981.160349948,1.0,2.3420237070422817e-06,2146703741.9366004,False
5028,+87382+19364,17.395426318281363,78.49703530983093,built_up,Medium,38.468475,0.22251746,Cool roof,427054.9002663456,1.0,2.341619307907063e-06,2147130796.8368669,False
5029,+87316+19380,17.409799362826405,78.43774650108263,built_up,Medium,38.467102,0.26186907,Cool roof,427022.1434748407,1.0,2.3417989331012717e-06,2147557818.980342,False
5030,+87321+19393,17.421477461519256,78.44223807750296,built_up,Medium,38.466644,0.3024623,Cool roof,426995.50913700275,1.0,2.341945005513271e-06,2147984814.489479,False
5031,+87372+19392,17.42057914623519,78.48805215699028,built_up,Medium,38.466644,0.30925068,Cool roof,426997.55855112965,1.0,2.3419337651324247e-06,2148411812.0480304,False
5032,+87336+19395,17.423274092087386,78.45571280676394,built_up,Medium,38.466217,0.26069847,Cool roof,426991.4099993005,1.0,2.3419674882959313e-06,2148838803.4580297,False
5033,+87318+19352,17.38464653487258,78.43954313165077,built_up,Medium,38.465973,0.2660251,Cool roof,427079.4505290082,1.0,2.341484702111833e-06,2149265882.908559,False
5034,+87319+19408,17.434952190780233,78.44044144693483,built_up,Medium,38.465424,0.22287284,Cool roof,426964.7555473694,1.0,2.3421136920727768e-06,2149692847.6641064,False
5035,+87336+19396,17.42417240737145,78.45571280676394,built_up,Medium,38.46463,0.20384264,Cool roof,426989.3602757261,1.0,2.341978730697775e-06,2150119837.024382,False
5036,+87380+19362,17.393629687713233,78.49523867926281,built_up,Medium,38.464417,0.2733625,Cool roof,427058.9930084181,1.0,2.3415968668766287e-06,2150546896.0173907,False
5037,+87320+19352,17.38464653487258,78.44133976221889,built_up,Medium,38.46393,0.21883811,Cool roof,427079.4505290082,1.0,2.341484702111833e-06,2150973975.46792,False
5038,+87332+19395,17.423274092087386,78.45211954562768,built_up,Medium,38.463654,0.27787235,Cool roof,426991.4099993005,1.0,2.3419674882959313e-06,2151400966.877919,False
5039,+87405+19402,17.42956229907584,78.51769656136443,built_up,Medium,38.463043,0.20876847,Cool roof,426977.0597681764,1.0,2.3420461992570315e-06,2151827943.9376874,False
5040,+87337+19398,17.42596903793958,78.456611122048,built_up,Medium,38.461426,0.2040297,Cool roof,426985.2605191322,1.0,2.3420012175225717e-06,2152254929.1982064,False
5041,+87386+19366,17.397222948849492,78.5006285709672,built_up,Medium,38.460327,0.22345231,Cool roof,427050.8071116288,1.0,2.3416417516302816e-06,2152681980.005318,False
5042,+87313+19388,17.416985885098928,78.43505155523043,built_up,Medium,38.459747,0.30286136,Cool roof,427005.7551761335,1.0,2.341888810345226e-06,2153108985.760494,False
5043,+87318+19349,17.381951589020385,78.43954313165077,built_up,Medium,38.459564,0.28062546,Cool roof,427085.5857734706,1.0,2.341451065806767e-06,2153536071.3462677,False
5044,+87355+19365,17.396324633565428,78.47278079716118,built_up,Medium,38.459015,0.28261992,Cool roof,427052.85374056763,1.0,2.341630529432066e-06,2153963124.2000084,False
5045,+87402+19395,17.423274092087386,78.51500161551225,built_up,Medium,38.45871,0.2509076,Cool roof,426991.4099993005,1.0,2.3419674882959313e-06,2154390115.610008,False
5046,+87400+19397,17.425070722655516,78.51320498494411,built_up,Medium,38.458527,0.2189087,Cool roof,426987.3104490032,1.0,2.3419899737733167e-06,2154817102.920457,False
5047,+87364+19414,17.440342082484626,78.48086563471776,built_up,Medium,38.456757,0.2353818,Cool roof,426952.4476133907,1.0,2.3421812091483994e-06,2155244055.36807,False
5048,+87345+19363,17.394528002997298,78.46379764432052,built_up,Medium,38.454926,0.20718902,Cool roof,427056.9466889627,1.0,2.3416080870552553e-06,2155671112.3147593,False
5049,+87380+19385,17.414290939246733,78.49523867926281,built_up,Medium,38.454437,0.25779638,Cool roof,427011.90156179626,1.0,2.3418551013273855e-06,2156098124.216321,False
5050,+87404+19382,17.41159599339454,78.51679824608037,built_up,Medium,38.454193,0.2980195,Cool roof,427018.0470190842,1.0,2.3418213983712686e-06,2156525142.26334,False
5051,+87374+19362,17.393629687713233,78.48984878755842,built_up,Medium,38.45407,0.181757,Cool roof,427058.9930084181,1.0,2.3415968668766287e-06,2156952201.2563486,False
5052,+87396+19374,17.404409471122015,78.50961172380785,built_up,Medium,38.453766,0.19039665,Cool roof,427034.4303663836,1.0,2.3417315534534955e-06,2157379235.686715,False
5053,+87371+19404,17.431358929643974,78.48715384170622,built_up,Medium,38.453156,0.30839366,Cool roof,426972.9587738207,1.0,2.342068694166947e-06,2157806208.6454887,False
5054,+87406+19367,17.398121264133557,78.5185948766485,built_up,Medium,38.45273,0.21080637,Cool roof,427048.7603795299,1.0,2.3416529745017237e-06,2158233257.405868,False
5055,+87408+19421,17.44663028947308,78.52039150721663,built_up,Medium,38.45163,0.27210286,Cool roof,426938.0836641594,1.0,2.3422600097362737e-06,2158660195.489532,False
5056,+87331+19364,17.395426318281363,78.4512212303436,built_up,Medium,38.450653,0.28294307,Cool roof,427054.9002663456,1.0,2.341619307907063e-06,2159087250.389798,False
5057,+87317+19376,17.406206101690145,78.43864481636669,built_up,Medium,38.44919,0.25123164,Cool roof,427030.3351484935,1.0,2.34175401064251e-06,2159514280.7249465,False
5058,+87380+19380,17.409799362826405,78.49523867926281,built_up,Medium,38.447693,0.19299443,Cool roof,427022.1434748407,1.0,2.3417989331012717e-06,2159941302.8684216,False
5059,+87363+19416,17.442138713052756,78.4799673194337,built_up,Medium,38.4476,0.21207722,Cool roof,426948.3441435965,1.0,2.342203720231944e-06,2160368251.212565,False
5060,+87323+19361,17.392731372429168,78.44403470807109,built_up,Medium,38.447296,0.2890074,Cool roof,427061.0392247119,1.0,2.3415856473711663e-06,2160795312.2517896,False
5061,+87391+19401,17.428663983791775,78.50512014738753,built_up,Medium,38.445984,0.2331788,Cool roof,426979.11011063546,1.0,2.3420349528127683e-06,2161222291.3619003,False
5062,+87406+19387,17.416087569814863,78.5185948766485,built_up,Medium,38.444183,0.23413348,Cool roof,427007.8040745065,1.0,2.341877573332395e-06,2161649299.1659746,False
5063,+87392+19392,17.42057914623519,78.50601846267159,built_up,Medium,38.444,0.24596429,Cool roof,426997.55855112965,1.0,2.3419337651324247e-06,2162076296.724526,False
5064,+87323+19383,17.412494308678603,78.44403470807109,built_up,Medium,38.4429,0.252817,Cool roof,427015.99863647495,1.0,2.341832632016476e-06,2162503312.723162,False
5065,+87356+19362,17.393629687713233,78.47367911244524,built_up,Medium,38.4422,0.24431852,Cool roof,427058.9930084181,1.0,2.3415968668766287e-06,2162930371.716171,False
5066,+87395+19396,17.42417240737145,78.50871340852379,built_up,Medium,38.44156,0.30018958,Cool roof,426989.3602757261,1.0,2.341978730697775e-06,2163357361.0764465,False
5067,+87363+19371,17.40171452526982,78.4799673194337,built_up,Medium,38.441437,0.22990577,Cool roof,427040.5724195397,1.0,2.341697872720077e-06,2163784401.648866,False
5068,+87314+19399,17.426867353223646,78.4359498705145,built_up,Medium,38.440582,0.2587193,Cool roof,426983.2104861137,1.0,2.3420124619455547e-06,2164211384.859352,False
5069,+87330+19409,17.4358505060643,78.45032291505954,built_up,Medium,38.437683,0.2178688,Cool roof,426962.70448289654,1.0,2.342124943233908e-06,2164638347.563835,False
5070,+87406+19397,17.425070722655516,78.5185948766485,built_up,Medium,38.437347,0.20336418,Cool roof,426987.3104490032,1.0,2.3419899737733167e-06,2165065334.8742843,False
5071,+87363+19370,17.400816209985756,78.4799673194337,built_up,Medium,38.437317,0.27051488,Cool roof,427042.6195642755,1.0,2.3416866471555702e-06,2165492377.4938483,False
5072,+87371+19378,17.408002732258275,78.48715384170622,built_up,Medium,38.43683,0.21306816,Cool roof,427026.23951797804,1.0,2.341776470525061e-06,2165919403.7333665,False
5073,+87341+19370,17.400816209985756,78.46020438318426,built_up,Medium,38.43564,0.14134775,Cool roof,427042.6195642755,1.0,2.3416866471555702e-06,2166346446.3529305,False
5074,+87324+19385,17.414290939246733,78.44493302335515,built_up,Medium,38.434967,0.22107406,Cool roof,427011.90156179626,1.0,2.3418551013273855e-06,2166773458.2544923,False
5075,+87317+19412,17.438545451916493,78.43864481636669,built_up,Medium,38.43445,0.26969633,Cool roof,426956.55067061976,1.0,2.342158700760773e-06,2167200414.805163,False
5076,+87324+19401,17.428663983791775,78.44493302335515,built_up,Medium,38.43445,0.3026411,Cool roof,426979.11011063546,1.0,2.3420349528127683e-06,2167627393.9152737,False
5077,+87328+19417,17.44303702833682,78.44852628449141,built_up,Medium,38.43445,0.22138852,Cool roof,426946.29225398856,1.0,2.3422149767847243e-06,2168054340.2075276,False
5078,+87315+19417,17.44303702833682,78.43684818579857,built_up,Medium,38.43341,0.29690602,Cool roof,426946.29225398856,1.0,2.3422149767847243e-06,2168481286.4997816,False
5079,+87406+19396,17.42417240737145,78.5185948766485,built_up,Medium,38.433167,0.21895044,Cool roof,426989.3602757261,1.0,2.341978730697775e-06,2168908275.8600574,False
5080,+87314+19382,17.41159599339454,78.4359498705145,built_up,Medium,38.43103,0.296679,Cool roof,427018.0470190842,1.0,2.3418213983712686e-06,2169335293.9070764,False
5081,+87363+19373,17.40351115583795,78.4799673194337,built_up,Medium,38.4292,0.24155335,Cool roof,427036.4778205931,1.0,2.341720325869025e-06,2169762330.3848968,False
5082,+87336+19410,17.436748821348363,78.45571280676394,built_up,Medium,38.428772,0.23952314,Cool roof,426960.65331528033,1.0,2.3421361950689414e-06,2170189291.038212,False
5083,+87382+19360,17.391833057145103,78.49703530983093,built_up,Medium,38.427338,0.2492932,Cool roof,427063.08533784345,1.0,2.3415744285388524e-06,2170616354.1235495,False
5084,+87320+19389,17.417884200382993,78.44133976221889,built_up,Medium,38.42679,0.3007831,Cool roof,427003.7061746089,1.0,2.3419000480316284e-06,2171043357.829724,False
5085,+87362+19373,17.40351115583795,78.47906900414964,built_up,Medium,38.426544,0.2562436,Cool roof,427036.4778205931,1.0,2.341720325869025e-06,2171470394.307544,False
5086,+87368+19413,17.439443767200558,78.48445889585402,built_up,Medium,38.42563,0.20882967,Cool roof,426954.49919357605,1.0,2.342169954617604e-06,2171897348.806738,False
5087,+87381+19367,17.398121264133557,78.49613699454687,built_up,Medium,38.425323,0.20245455,Cool roof,427048.7603795299,1.0,2.3416529745017237e-06,2172324397.567117,False
5088,+87394+19401,17.428663983791775,78.50781509323971,built_up,Medium,38.424835,0.28677183,Cool roof,426979.11011063546,1.0,2.3420349528127683e-06,2172751376.677228,False
5089,+87330+19384,17.413392623962668,78.45032291505954,built_up,Medium,38.42404,0.26285803,Cool roof,427013.9501507122,1.0,2.341843866335176e-06,2173178390.6273785,False
5090,+87338+19380,17.409799362826405,78.45750943733206,built_up,Medium,38.423004,0.2853114,Cool roof,427022.1434748407,1.0,2.3417989331012717e-06,2173605412.7708535,False
5091,+87369+19367,17.398121264133557,78.4853572111381,built_up,Medium,38.42151,0.24240215,Cool roof,427048.7603795299,1.0,2.3416529745017237e-06,2174032461.531233,False
5092,+87330+19381,17.410697678110473,78.45032291505954,built_up,Medium,38.42148,0.16501397,Cool roof,427020.0952985397,1.0,2.3418101653995388e-06,2174459481.6265316,False
5093,+87324+19411,17.437647136632428,78.44493302335515,built_up,Medium,38.421204,0.24473439,Cool roof,426958.6020445212,1.0,2.3421474475778915e-06,2174886440.228576,False
5094,+87354+19376,17.406206101690145,78.47188248187712,built_up,Medium,38.420197,0.29686606,Cool roof,427030.3351484935,1.0,2.34175401064251e-06,2175313470.5637245,False
5095,+87410+19370,17.400816209985756,78.52218813778477,built_up,Medium,38.419586,0.26677284,Cool roof,427042.6195642755,1.0,2.3416866471555702e-06,2175740513.1832886,False
5096,+87336+19406,17.433155560212104,78.45571280676394,built_up,Medium,38.419464,0.2902878,Cool roof,426968.857366884,1.0,2.3420911917721534e-06,2176167482.0406556,False
5097,+87333+19377,17.40710441697421,78.45301786091174,built_up,Medium,38.419342,0.24060746,Cool roof,427028.28738481377,1.0,2.3417652402470857e-06,2176594510.3280406,False
5098,+87317+19362,17.393629687713233,78.43864481636669,built_up,Medium,38.418365,0.24253014,Cool roof,427058.9930084181,1.0,2.3415968668766287e-06,2177021569.321049,False
5099,+87404+19393,17.421477461519256,78.51679824608037,built_up,Medium,38.417145,0.1973541,Cool roof,426995.50913700275,1.0,2.341945005513271e-06,2177448564.8301864,False
5100,+87318+19407,17.43405387549617,78.43954313165077,built_up,Medium,38.416718,0.23323601,Cool roof,426966.80650869873,1.0,2.3421024415855304e-06,2177875531.636695,False
5101,+87326+19392,17.42057914623519,78.44672965392328,built_up,Medium,38.415863,0.23209257,Cool roof,426997.55855112965,1.0,2.3419337651324247e-06,2178302529.195246,False
5102,+87343+19402,17.42956229907584,78.4620010137524,built_up,Medium,38.4133,0.28587902,Cool roof,426977.0597681764,1.0,2.3420461992570315e-06,2178729506.2550144,False
5103,+87374+19363,17.394528002997298,78.48984878755842,built_up,Medium,38.41266,0.16927418,Cool roof,427056.9466889627,1.0,2.3416080870552553e-06,2179156563.2017035,False
5104,+87333+19415,17.44124039776869,78.45301786091174,built_up,Medium,38.408966,0.23246239,Cool roof,426950.395930064,1.0,2.342192464353174e-06,2179583513.597634,False
5105,+87344+19412,17.438545451916493,78.46289932903646,built_up,Medium,38.408783,0.2213196,Cool roof,426956.55067061976,1.0,2.342158700760773e-06,2180010470.1483045,False
5106,+87399+19370,17.400816209985756,78.51230666966005,built_up,Medium,38.408173,0.23280038,Cool roof,427042.6195642755,1.0,2.3416866471555702e-06,2180437512.7678685,False
5107,+87378+19382,17.41159599339454,78.49344204869467,built_up,Medium,38.407623,0.17632845,Cool roof,427018.0470190842,1.0,2.3418213983712686e-06,2180864530.8148875,False
5108,+87390+19353,17.385544850156645,78.50422183210345,built_up,Medium,38.40695,0.2236482,Cool roof,427077.40524118865,1.0,2.3414959155595174e-06,2181291608.2201285,False
5109,+87330+19380,17.409799362826405,78.45032291505954,built_up,Medium,38.40622,0.17772277,Cool roof,427022.1434748407,1.0,2.3417989331012717e-06,2181718630.3636036,False
5110,+87318+19401,17.428663983791775,78.43954313165077,built_up,Medium,38.405243,0.23566212,Cool roof,426979.11011063546,1.0,2.3420349528127683e-06,2182145609.4737144,False
5111,+87335+19388,17.416985885098928,78.45481449147987,built_up,Medium,38.404266,0.25121373,Cool roof,427005.7551761335,1.0,2.341888810345226e-06,2182572615.2288904,False
5112,+87372+19380,17.409799362826405,78.48805215699028,built_up,Medium,38.404144,0.2557638,Cool roof,427022.1434748407,1.0,2.3417989331012717e-06,2182999637.3723655,False
5113,+87334+19371,17.40171452526982,78.4539161761958,built_up,Medium,38.403473,0.23752108,Cool roof,427040.5724195397,1.0,2.341697872720077e-06,2183426677.944785,False
5114,+87378+19377,17.40710441697421,78.49344204869467,built_up,Medium,38.40341,0.2896957,Cool roof,427028.28738481377,1.0,2.3417652402470857e-06,2183853706.23217,False
5115,+87330+19407,17.43405387549617,78.45032291505954,built_up,Medium,38.40326,0.27767673,Cool roof,426966.80650869873,1.0,2.3421024415855304e-06,2184280673.0386786,False
5116,+87325+19383,17.412494308678603,78.44583133863922,built_up,Medium,38.403168,0.27160156,Cool roof,427015.99863647495,1.0,2.341832632016476e-06,2184707689.037315,False
5117,+87322+19360,17.391833057145103,78.44313639278703,built_up,Medium,38.403046,0.241133,Cool roof,427063.08533784345,1.0,2.3415744285388524e-06,2185134752.1226525,False
5118,+87328+19396,17.42417240737145,78.44852628449141,built_up,Medium,38.402954,0.23695602,Cool roof,426989.3602757261,1.0,2.341978730697775e-06,2185561741.4829283,False
5119,+87381+19366,17.397222948849492,78.49613699454687,built_up,Medium,38.40262,0.24895869,Cool roof,427050.8071116288,1.0,2.3416417516302816e-06,2185988792.29004,False
5120,+87330+19375,17.40530778640608,78.45032291505954,built_up,Medium,38.40216,0.29901707,Cool roof,427032.38280901685,1.0,2.3417427817113192e-06,2186415824.672849,False
5121,+87326+19385,17.414290939246733,78.44672965392328,built_up,Medium,38.401337,0.24604222,Cool roof,427011.90156179626,1.0,2.3418551013273855e-06,2186842836.574411,False
5122,+87327+19418,17.443935343620886,78.44762796920735,built_up,Medium,38.401276,0.23521602,Cool roof,426944.24026124045,1.0,2.3422262340115322e-06,2187269780.814672,False
5123,+87329+19373,17.40351115583795,78.44942459977548,built_up,Medium,38.400787,0.21273568,Cool roof,427036.4778205931,1.0,2.341720325869025e-06,2187696817.2924924,False
5124,+87334+19405,17.43225724492804,78.4539161761958,built_up,Medium,38.400482,0.30051348,Cool roof,426970.90812192473,1.0,2.3420799426326314e-06,2188123788.2006145,False
5125,+87325+19381,17.410697678110473,78.44583133863922,built_up,Medium,38.40036,0.28394467,Cool roof,427020.0952985397,1.0,2.3418101653995388e-06,2188550808.295913,False
5126,+87379+19395,17.423274092087386,78.49434036397874,built_up,Medium,38.399445,0.2626736,Cool roof,426991.4099993005,1.0,2.3419674882959313e-06,2188977799.7059126,False
5127,+87377+19383,17.412494308678603,78.49254373341061,built_up,Medium,38.3992,0.2082012,Cool roof,427015.99863647495,1.0,2.341832632016476e-06,2189404815.704549,False
5128,+87392+19353,17.385544850156645,78.50601846267159,built_up,Medium,38.398956,0.24574174,Cool roof,427077.40524118865,1.0,2.3414959155595174e-06,2189831893.10979,False
5129,+87373+19374,17.404409471122015,78.48895047227435,built_up,Medium,38.398346,0.20126371,Cool roof,427034.4303663836,1.0,2.3417315534534955e-06,2190258927.5401564,False
5130,+87328+19374,17.404409471122015,78.44852628449141,built_up,Medium,38.398254,0.22539508,Cool roof,427034.4303663836,1.0,2.3417315534534955e-06,2190685961.970523,False
5131,+87405+19387,17.416087569814863,78.51769656136443,built_up,Medium,38.395966,0.21224228,Cool roof,427007.8040745065,1.0,2.341877573332395e-06,2191112969.774597,False
5132,+87405+19397,17.425070722655516,78.51769656136443,built_up,Medium,38.39554,0.24646752,Cool roof,426987.3104490032,1.0,2.3419899737733167e-06,2191539957.0850463,False
5133,+87322+19393,17.421477461519256,78.44313639278703,built_up,Medium,38.394135,0.23784547,Cool roof,426995.50913700275,1.0,2.341945005513271e-06,2191966952.5941834,False
5134,+87330+19400,17.42776566850771,78.45032291505954,built_up,Medium,38.393158,0.29383472,Cool roof,426981.160349948,1.0,2.3420237070422817e-06,2192393933.7545333,False
5135,+87402+19420,17.445731974189016,78.51500161551225,built_up,Medium,38.393158,0.27963737,Cool roof,426940.13596632547,1.0,2.342248750487291e-06,2192820873.8904996,False
5136,+87373+19379,17.40890104754234,78.48895047227435,built_up,Medium,38.392487,0.27495018,Cool roof,427024.1915479869,1.0,2.3417877014764513e-06,2193247898.0820475,False
5137,+87403+19382,17.41159599339454,78.51589993079631,built_up,Medium,38.391205,0.22206946,Cool roof,427018.0470190842,1.0,2.3418213983712686e-06,2193674916.1290665,False
5138,+87343+19388,17.416985885098928,78.4620010137524,built_up,Medium,38.390747,0.18938707,Cool roof,427005.7551761335,1.0,2.341888810345226e-06,2194101921.8842425,False
5139,+87379+19375,17.40530778640608,78.49434036397874,built_up,Medium,38.39023,0.236724,Cool roof,427032.38280901685,1.0,2.3417427817113192e-06,2194528954.2670517,False
5140,+87378+19385,17.414290939246733,78.49344204869467,built_up,Medium,38.390137,0.1872187,Cool roof,427011.90156179626,1.0,2.3418551013273855e-06,2194955966.1686134,False
5141,+87349+19375,17.40530778640608,78.46739090545678,built_up,Medium,38.389923,0.25835615,Cool roof,427032.38280901685,1.0,2.3417427817113192e-06,2195382998.5514226,False
5142,+87375+19391,17.419680830951123,78.49074710284248,built_up,Medium,38.38913,0.2587903,Cool roof,426999.6078621065,1.0,2.3419225254252125e-06,2195809998.1592846,False
5143,+87319+19404,17.431358929643974,78.44044144693483,built_up,Medium,38.388947,0.20140502,Cool roof,426972.9587738207,1.0,2.342068694166947e-06,2196236971.118058,False
5144,+87326+19391,17.419680830951123,78.44672965392328,built_up,Medium,38.387787,0.2967355,Cool roof,426999.6078621065,1.0,2.3419225254252125e-06,2196663970.72592,False
5145,+87397+19376,17.406206101690145,78.51051003909191,built_up,Medium,38.387695,0.23519902,Cool roof,427030.3351484935,1.0,2.34175401064251e-06,2197091001.0610685,False
5146,+87330+19397,17.425070722655516,78.45032291505954,built_up,Medium,38.386993,0.2693035,Cool roof,426987.3104490032,1.0,2.3419899737733167e-06,2197517988.3715177,False
5147,+87346+19371,17.40171452526982,78.46469595960458,built_up,Medium,38.386993,0.27295026,Cool roof,427040.5724195397,1.0,2.341697872720077e-06,2197945028.9439373,False
5148,+87343+19393,17.421477461519256,78.4620010137524,built_up,Medium,38.38684,0.22722541,Cool roof,426995.50913700275,1.0,2.341945005513271e-06,2198372024.4530745,False
5149,+87399+19371,17.40171452526982,78.51230666966005,built_up,Medium,38.38617,0.23523134,Cool roof,427040.5724195397,1.0,2.341697872720077e-06,2198799065.025494,False
5150,+87368+19378,17.408002732258275,78.48445889585402,built_up,Medium,38.386017,0.24009727,Cool roof,427026.23951797804,1.0,2.341776470525061e-06,2199226091.2650123,False
5151,+87381+19361,17.392731372429168,78.49613699454687,built_up,Medium,38.385834,0.22184646,Cool roof,427061.0392247119,1.0,2.3415856473711663e-06,2199653152.304237,False
5152,+87340+19371,17.40171452526982,78.4593060679002,built_up,Medium,38.385284,0.25203046,Cool roof,427040.5724195397,1.0,2.341697872720077e-06,2200080192.8766565,False
5153,+87400+19380,17.409799362826405,78.51320498494411,built_up,Medium,38.382904,0.26070052,Cool roof,427022.1434748407,1.0,2.3417989331012717e-06,2200507215.0201316,False
5154,+87317+19358,17.39003642657697,78.43864481636669,built_up,Medium,38.38257,0.28269032,Cool roof,427067.17725461826,1.0,2.34155199289361e-06,2200934282.1973863,False
5155,+87340+19368,17.399019579417622,78.4593060679002,built_up,Medium,38.38217,0.28030413,Cool roof,427046.71354427113,1.0,2.3416641980464084e-06,2201361328.9109306,False
5156,+87319+19409,17.4358505060643,78.44044144693483,built_up,Medium,38.381805,0.21962513,Cool roof,426962.70448289654,1.0,2.342124943233908e-06,2201788291.6154137,False
5157,+87337+19388,17.416985885098928,78.456611122048,built_up,Medium,38.381195,0.2590223,Cool roof,427005.7551761335,1.0,2.341888810345226e-06,2202215297.3705897,False
5158,+87394+19373,17.40351115583795,78.50781509323971,built_up,Medium,38.38083,0.21553327,Cool roof,427036.4778205931,1.0,2.341720325869025e-06,2202642333.84841,False
5159,+87334+19380,17.409799362826405,78.4539161761958,built_up,Medium,38.380768,0.27807316,Cool roof,427022.1434748407,1.0,2.3417989331012717e-06,2203069355.991885,False
5160,+87357+19375,17.40530778640608,78.4745774277293,built_up,Medium,38.378693,0.30004415,Cool roof,427032.38280901685,1.0,2.3417427817113192e-06,2203496388.3746943,False
5161,+87319+19390,17.418782515667058,78.44044144693483,built_up,Medium,38.37796,0.2579784,Cool roof,427001.65706993314,1.0,2.341911286391619e-06,2203923390.0317645,False
5162,+87407+19366,17.397222948849492,78.51949319193257,built_up,Medium,38.377716,0.20753922,Cool roof,427050.8071116288,1.0,2.3416417516302816e-06,2204350440.8388762,False
5163,+87409+19371,17.40171452526982,78.5212898225007,built_up,Medium,38.376495,0.27524123,Cool roof,427040.5724195397,1.0,2.341697872720077e-06,2204777481.411296,False
5164,+87400+19419,17.44483365890495,78.51320498494411,built_up,Medium,38.3757,0.2887845,Cool roof,426942.18816535256,1.0,2.3422374919123827e-06,2205204423.599461,False
5165,+87351+19414,17.440342082484626,78.46918753602492,built_up,Medium,38.375366,0.23843177,Cool roof,426952.4476133907,1.0,2.3421812091483994e-06,2205631376.0470743,False
5166,+87347+19373,17.40351115583795,78.46559427488866,built_up,Medium,38.373993,0.1743201,Cool roof,427036.4778205931,1.0,2.341720325869025e-06,2206058412.5248947,False
5167,+87347+19369,17.399917894701687,78.46559427488866,built_up,Medium,38.37332,0.21856888,Cool roof,427044.66660585295,1.0,2.3416754222643517e-06,2206485457.1915007,False
5168,+87323+19384,17.413392623962668,78.44403470807109,built_up,Medium,38.37204,0.19699101,Cool roof,427013.9501507122,1.0,2.341843866335176e-06,2206912471.141651,False
5169,+87331+19396,17.42417240737145,78.4512212303436,built_up,Medium,38.371704,0.22279532,Cool roof,426989.3602757261,1.0,2.341978730697775e-06,2207339460.501927,False
5170,+87317+19398,17.42596903793958,78.43864481636669,built_up,Medium,38.371216,0.26187488,Cool roof,426985.2605191322,1.0,2.3420012175225717e-06,2207766445.762446,False
5171,+87338+19389,17.417884200382993,78.45750943733206,built_up,Medium,38.36966,0.2644478,Cool roof,427003.7061746089,1.0,2.3419000480316284e-06,2208193449.4686203,False
5172,+87379+19396,17.42417240737145,78.49434036397874,built_up,Medium,38.368927,0.22026463,Cool roof,426989.3602757261,1.0,2.341978730697775e-06,2208620438.828896,False
5173,+87395+19395,17.423274092087386,78.50871340852379,built_up,Medium,38.367706,0.28478685,Cool roof,426991.4099993005,1.0,2.3419674882959313e-06,2209047430.2388954,False
5174,+87336+19380,17.409799362826405,78.45571280676394,built_up,Medium,38.366272,0.25851342,Cool roof,427022.1434748407,1.0,2.3417989331012717e-06,2209474452.3823705,False
5175,+87373+19381,17.410697678110473,78.48895047227435,built_up,Medium,38.36624,0.25616428,Cool roof,427020.0952985397,1.0,2.3418101653995388e-06,2209901472.4776692,False
5176,+87363+19415,17.44124039776869,78.4799673194337,built_up,Medium,38.365723,0.28685823,Cool roof,426950.395930064,1.0,2.342192464353174e-06,2210328422.8735995,False
5177,+87406+19390,17.418782515667058,78.5185948766485,built_up,Medium,38.365448,0.24099764,Cool roof,427001.65706993314,1.0,2.341911286391619e-06,2210755424.5306697,False
5178,+87341+19396,17.42417240737145,78.46020438318426,built_up,Medium,38.36487,0.23350938,Cool roof,426989.3602757261,1.0,2.341978730697775e-06,2211182413.8909454,False
5179,+87316+19359,17.390934741861038,78.43774650108263,built_up,Medium,38.363678,0.25410375,Cool roof,427065.1313478123,1.0,2.3415632103796727e-06,2211609479.022293,False
5180,+87406+19405,17.43225724492804,78.5185948766485,built_up,Medium,38.363678,0.18993765,Cool roof,426970.90812192473,1.0,2.3420799426326314e-06,2212036449.930415,False
5181,+87377+19377,17.40710441697421,78.49254373341061,built_up,Medium,38.36142,0.22202577,Cool roof,427028.28738481377,1.0,2.3417652402470857e-06,2212463478.2178,False
5182,+87393+19372,17.402612840553886,78.50691677795565,built_up,Medium,38.361053,0.29218137,Cool roof,427038.5251716453,1.0,2.3417090989578906e-06,2212890516.742972,False
5183,+87318+19353,17.385544850156645,78.43954313165077,built_up,Medium,38.3602,0.21041076,Cool roof,427077.40524118865,1.0,2.3414959155595174e-06,2213317594.148213,False
5184,+87344+19416,17.442138713052756,78.46289932903646,built_up,Medium,38.35956,0.18873498,Cool roof,426948.3441435965,1.0,2.342203720231944e-06,2213744542.4923563,False
5185,+87331+19352,17.38464653487258,78.4512212303436,built_up,Medium,38.359283,0.25948116,Cool roof,427079.4505290082,1.0,2.341484702111833e-06,2214171621.9428854,False
5186,+87326+19402,17.42956229907584,78.44672965392328,built_up,Medium,38.359253,0.18461074,Cool roof,426977.0597681764,1.0,2.3420461992570315e-06,2214598599.0026536,False
5187,+87411+19395,17.423274092087386,78.52308645306883,built_up,Medium,38.35904,0.30195016,Cool roof,426991.4099993005,1.0,2.3419674882959313e-06,2215025590.412653,False
5188,+87406+19406,17.433155560212104,78.5185948766485,built_up,Medium,38.358795,0.17560215,Cool roof,426968.857366884,1.0,2.3420911917721534e-06,2215452559.27002,False
5189,+87318+19350,17.38284990430445,78.43954313165077,built_up,Medium,38.358612,0.24469161,Cool roof,427083.5407951495,1.0,2.3414622772354733e-06,2215879642.8108153,False
5190,+87341+19408,17.434952190780233,78.46020438318426,built_up,Medium,38.357544,0.27191868,Cool roof,426964.7555473694,1.0,2.3421136920727768e-06,2216306607.566363,False
5191,+87315+19416,17.442138713052756,78.43684818579857,built_up,Medium,38.357513,0.19468166,Cool roof,426948.3441435965,1.0,2.342203720231944e-06,2216733555.9105062,False
5192,+87376+19389,17.417884200382993,78.49164541812655,built_up,Medium,38.35736,0.26397994,Cool roof,427003.7061746089,1.0,2.3419000480316284e-06,2217160559.6166806,False
5193,+87318+19398,17.42596903793958,78.43954313165077,built_up,Medium,38.35681,0.29217756,Cool roof,426985.2605191322,1.0,2.3420012175225717e-06,2217587544.8771996,False
5194,+87333+19363,17.394528002997298,78.45301786091174,built_up,Medium,38.356476,0.24667081,Cool roof,427056.9466889627,1.0,2.3416080870552553e-06,2218014601.823889,False
5195,+87322+19392,17.42057914623519,78.44313639278703,built_up,Medium,38.35623,0.2307559,Cool roof,426997.55855112965,1.0,2.3419337651324247e-06,2218441599.38244,False
5196,+87346+19370,17.400816209985756,78.46469595960458,built_up,Medium,38.355682,0.20710972,Cool roof,427042.6195642755,1.0,2.3416866471555702e-06,2218868642.002004,False
5197,+87330+19401,17.428663983791775,78.45032291505954,built_up,Medium,38.35562,0.18861161,Cool roof,426979.11011063546,1.0,2.3420349528127683e-06,2219295621.112115,False
5198,+87332+19388,17.416985885098928,78.45211954562768,built_up,Medium,38.353607,0.2128598,Cool roof,427005.7551761335,1.0,2.341888810345226e-06,2219722626.867291,False
5199,+87320+19391,17.419680830951123,78.44133976221889,built_up,Medium,38.352936,0.27752882,Cool roof,426999.6078621065,1.0,2.3419225254252125e-06,2220149626.475153,False
5200,+87354+19366,17.397222948849492,78.47188248187712,built_up,Medium,38.35251,0.2575713,Cool roof,427050.8071116288,1.0,2.3416417516302816e-06,2220576677.2822647,False
5201,+87321+19408,17.434952190780233,78.44223807750296,built_up,Medium,38.351868,0.22447304,Cool roof,426964.7555473694,1.0,2.3421136920727768e-06,2221003642.037812,False
5202,+87350+19377,17.40710441697421,78.46828922074084,built_up,Medium,38.351807,0.25853303,Cool roof,427028.28738481377,1.0,2.3417652402470857e-06,2221430670.325197,False
5203,+87376+19377,17.40710441697421,78.49164541812655,built_up,Medium,38.35138,0.21989393,Cool roof,427028.28738481377,1.0,2.3417652402470857e-06,2221857698.612582,False
5204,+87407+19369,17.399917894701687,78.51949319193257,built_up,Medium,38.35086,0.2600632,Cool roof,427044.66660585295,1.0,2.3416754222643517e-06,2222284743.279188,False
5205,+87398+19378,17.408002732258275,78.51140835437599,built_up,Medium,38.34964,0.23545474,Cool roof,427026.23951797804,1.0,2.341776470525061e-06,2222711769.5187063,False
5206,+87413+19421,17.44663028947308,78.52488308363696,built_up,Medium,38.347687,0.25423542,Cool roof,426938.0836641594,1.0,2.3422600097362737e-06,2223138707.6023703,False
5207,+87316+19399,17.426867353223646,78.43774650108263,built_up,Medium,38.34732,0.29740986,Cool roof,426983.2104861137,1.0,2.3420124619455547e-06,2223565690.812856,False
5208,+87329+19406,17.433155560212104,78.44942459977548,built_up,Medium,38.34503,0.26330906,Cool roof,426968.857366884,1.0,2.3420911917721534e-06,2223992659.670223,False
5209,+87323+19412,17.438545451916493,78.44403470807109,built_up,Medium,38.34488,0.28129944,Cool roof,426956.55067061976,1.0,2.342158700760773e-06,2224419616.220894,False
5210,+87329+19410,17.436748821348363,78.44942459977548,built_up,Medium,38.34366,0.26617095,Cool roof,426960.65331528033,1.0,2.3421361950689414e-06,2224846576.874209,False
5211,+87323+19405,17.43225724492804,78.44403470807109,built_up,Medium,38.342926,0.2019936,Cool roof,426970.90812192473,1.0,2.3420799426326314e-06,2225273547.782331,False
5212,+87365+19414,17.440342082484626,78.48176395000183,built_up,Medium,38.342865,0.25433248,Cool roof,426952.4476133907,1.0,2.3421812091483994e-06,2225700500.229944,False
5213,+87368+19389,17.417884200382993,78.48445889585402,built_up,Medium,38.340668,0.26786587,Cool roof,427003.7061746089,1.0,2.3419000480316284e-06,2226127503.9361186,False
5214,+87329+19418,17.443935343620886,78.44942459977548,built_up,Medium,38.340607,0.25574616,Cool roof,426944.24026124045,1.0,2.3422262340115322e-06,2226554448.1763797,False
5215,+87401+19421,17.44663028947308,78.51410330022817,built_up,Medium,38.34027,0.24658701,Cool roof,426938.0836641594,1.0,2.3422600097362737e-06,2226981386.2600436,False
5216,+87407+19367,17.398121264133557,78.51949319193257,built_up,Medium,38.339447,0.27708286,Cool roof,427048.7603795299,1.0,2.3416529745017237e-06,2227408435.020423,False
5217,+87333+19394,17.42237577680332,78.45301786091174,built_up,Medium,38.338837,0.28375253,Cool roof,426993.45961972617,1.0,2.341956246567769e-06,2227835428.4800425,False
5218,+87397+19377,17.40710441697421,78.51051003909191,built_up,Medium,38.338287,0.2257805,Cool roof,427028.28738481377,1.0,2.3417652402470857e-06,2228262456.7674274,False
5219,+87323+19359,17.390934741861038,78.44403470807109,built_up,Medium,38.338074,0.23011789,Cool roof,427065.1313478123,1.0,2.3415632103796727e-06,2228689521.898775,False
5220,+87380+19370,17.400816209985756,78.49523867926281,built_up,Medium,38.33795,0.15539297,Cool roof,427042.6195642755,1.0,2.3416866471555702e-06,2229116564.518339,False
5221,+87376+19388,17.416985885098928,78.49164541812655,built_up,Medium,38.334137,0.23438595,Cool roof,427005.7551761335,1.0,2.341888810345226e-06,2229543570.273515,False
5222,+87403+19381,17.410697678110473,78.51589993079631,built_up,Medium,38.332764,0.26835608,Cool roof,427020.0952985397,1.0,2.3418101653995388e-06,2229970590.368814,False
5223,+87347+19379,17.40890104754234,78.46559427488866,built_up,Medium,38.33258,0.2971418,Cool roof,427024.1915479869,1.0,2.3417877014764513e-06,2230397614.560362,False
5224,+87317+19399,17.426867353223646,78.43864481636669,built_up,Medium,38.33249,0.19667387,Cool roof,426983.2104861137,1.0,2.3420124619455547e-06,2230824597.770848,False
5225,+87395+19416,17.442138713052756,78.50871340852379,built_up,Medium,38.330963,0.23599882,Cool roof,426948.3441435965,1.0,2.342203720231944e-06,2231251546.114991,False
5226,+87400+19396,17.42417240737145,78.51320498494411,built_up,Medium,38.330414,0.21531408,Cool roof,426989.3602757261,1.0,2.341978730697775e-06,2231678535.475267,False
5227,+87399+19398,17.42596903793958,78.51230666966005,built_up,Medium,38.329773,0.25862268,Cool roof,426985.2605191322,1.0,2.3420012175225717e-06,2232105520.735786,False
5228,+87327+19415,17.44124039776869,78.44762796920735,built_up,Medium,38.328735,0.26023114,Cool roof,426950.395930064,1.0,2.342192464353174e-06,2232532471.1317163,False
5229,+87331+19365,17.396324633565428,78.4512212303436,built_up,Medium,38.32779,0.26064864,Cool roof,427052.85374056763,1.0,2.341630529432066e-06,2232959523.985457,False
5230,+87384+19361,17.392731372429168,78.49883194039907,built_up,Medium,38.32779,0.24982223,Cool roof,427061.0392247119,1.0,2.3415856473711663e-06,2233386585.0246816,False
5231,+87332+19364,17.395426318281363,78.45211954562768,built_up,Medium,38.32776,0.2362878,Cool roof,427054.9002663456,1.0,2.341619307907063e-06,2233813639.9249477,False
5232,+87379+19384,17.413392623962668,78.49434036397874,built_up,Medium,38.326782,0.20064124,Cool roof,427013.9501507122,1.0,2.341843866335176e-06,2234240653.875098,False
5233,+87333+19362,17.393629687713233,78.45301786091174,built_up,Medium,38.32666,0.26650396,Cool roof,427058.9930084181,1.0,2.3415968668766287e-06,2234667712.868107,False
5234,+87318+19379,17.40890104754234,78.43954313165077,built_up,Medium,38.326324,0.24223228,Cool roof,427024.1915479869,1.0,2.3417877014764513e-06,2235094737.0596547,False
5235,+87336+19392,17.42057914623519,78.45571280676394,built_up,Medium,38.32608,0.2074949,Cool roof,426997.55855112965,1.0,2.3419337651324247e-06,2235521734.618206,False
5236,+87377+19382,17.41159599339454,78.49254373341061,built_up,Medium,38.325775,0.28171042,Cool roof,427018.0470190842,1.0,2.3418213983712686e-06,2235948752.665225,False
5237,+87327+19401,17.428663983791775,78.44762796920735,built_up,Medium,38.324097,0.229028,Cool roof,426979.11011063546,1.0,2.3420349528127683e-06,2236375731.775336,False
5238,+87396+19376,17.406206101690145,78.50961172380785,built_up,Medium,38.322937,0.22526479,Cool roof,427030.3351484935,1.0,2.34175401064251e-06,2236802762.110484,False
5239,+87319+19391,17.419680830951123,78.44044144693483,built_up,Medium,38.3226,0.25775427,Cool roof,426999.6078621065,1.0,2.3419225254252125e-06,2237229761.718346,False
5240,+87337+19395,17.423274092087386,78.456611122048,built_up,Medium,38.32071,0.23913278,Cool roof,426991.4099993005,1.0,2.3419674882959313e-06,2237656753.1283455,False
5241,+87400+19394,17.42237577680332,78.51320498494411,built_up,Medium,38.320496,0.18876551,Cool roof,426993.45961972617,1.0,2.341956246567769e-06,2238083746.587965,False
5242,+87346+19364,17.395426318281363,78.46469595960458,built_up,Medium,38.320343,0.26385483,Cool roof,427054.9002663456,1.0,2.341619307907063e-06,2238510801.488231,False
5243,+87341+19380,17.409799362826405,78.46020438318426,built_up,Medium,38.320038,0.20265059,Cool roof,427022.1434748407,1.0,2.3417989331012717e-06,2238937823.631706,False
5244,+87400+19371,17.40171452526982,78.51320498494411,built_up,Medium,38.319427,0.22195573,Cool roof,427040.5724195397,1.0,2.341697872720077e-06,2239364864.204126,False
5245,+87327+19417,17.44303702833682,78.44762796920735,built_up,Medium,38.319244,0.19565968,Cool roof,426946.29225398856,1.0,2.3422149767847243e-06,2239791810.49638,False
5246,+87340+19401,17.428663983791775,78.4593060679002,built_up,Medium,38.31833,0.19530167,Cool roof,426979.11011063546,1.0,2.3420349528127683e-06,2240218789.6064906,False
5247,+87399+19377,17.40710441697421,78.51230666966005,built_up,Medium,38.317047,0.2281823,Cool roof,427028.28738481377,1.0,2.3417652402470857e-06,2240645817.8938756,False
5248,+87337+19403,17.43046061435991,78.456611122048,built_up,Medium,38.31668,0.21909909,Cool roof,426975.0093225714,1.0,2.3420574463750857e-06,2241072792.9031982,False
5249,+87333+19416,17.442138713052756,78.45301786091174,built_up,Medium,38.315704,0.18760945,Cool roof,426948.3441435965,1.0,2.342203720231944e-06,2241499741.2473416,False
5250,+87378+19386,17.415189254530798,78.49344204869467,built_up,Medium,38.314606,0.29227716,Cool roof,427009.85286972753,1.0,2.34186633699312e-06,2241926751.100211,False
5251,+87335+19413,17.439443767200558,78.45481449147987,built_up,Medium,38.31427,0.24919671,Cool roof,426954.49919357605,1.0,2.342169954617604e-06,2242353705.599405,False
5252,+87328+19386,17.415189254530798,78.44852628449141,built_up,Medium,38.31363,0.22083525,Cool roof,427009.85286972753,1.0,2.34186633699312e-06,2242780715.4522743,False
5253,+87363+19380,17.409799362826405,78.4799673194337,built_up,Medium,38.313507,0.29361847,Cool roof,427022.1434748407,1.0,2.3417989331012717e-06,2243207737.5957494,False
5254,+87345+19370,17.400816209985756,78.46379764432052,built_up,Medium,38.313263,0.2037721,Cool roof,427042.6195642755,1.0,2.3416866471555702e-06,2243634780.2153134,False
5255,+87388+19421,17.44663028947308,78.50242520153533,built_up,Medium,38.311707,0.2495788,Cool roof,426938.0836641594,1.0,2.3422600097362737e-06,2244061718.2989774,False
5256,+87401+19381,17.410697678110473,78.51410330022817,built_up,Medium,38.310944,0.28591928,Cool roof,427020.0952985397,1.0,2.3418101653995388e-06,2244488738.394276,False
5257,+87399+19395,17.423274092087386,78.51230666966005,built_up,Medium,38.30948,0.23993124,Cool roof,426991.4099993005,1.0,2.3419674882959313e-06,2244915729.8042755,False
5258,+87407+19405,17.43225724492804,78.51949319193257,built_up,Medium,38.309296,0.22117114,Cool roof,426970.90812192473,1.0,2.3420799426326314e-06,2245342700.7123976,False
5259,+87337+19386,17.415189254530798,78.456611122048,built_up,Medium,38.309113,0.29499644,Cool roof,427009.85286972753,1.0,2.34186633699312e-06,2245769710.565267,False
5260,+87313+19383,17.412494308678603,78.43505155523043,built_up,Medium,38.30899,0.2692723,Cool roof,427015.99863647495,1.0,2.341832632016476e-06,2246196726.5639033,False
5261,+87403+19393,17.421477461519256,78.51589993079631,built_up,Medium,38.308807,0.2352372,Cool roof,426995.50913700275,1.0,2.341945005513271e-06,2246623722.0730405,False
5262,+87342+19415,17.44124039776869,78.46110269846832,built_up,Medium,38.307953,0.17295432,Cool roof,426950.395930064,1.0,2.342192464353174e-06,2247050672.468971,False
5263,+87398+19398,17.42596903793958,78.51140835437599,built_up,Medium,38.307648,0.25619853,Cool roof,426985.2605191322,1.0,2.3420012175225717e-06,2247477657.72949,False
5264,+87393+19401,17.428663983791775,78.50691677795565,built_up,Medium,38.30728,0.28659105,Cool roof,426979.11011063546,1.0,2.3420349528127683e-06,2247904636.8396006,False
5265,+87330+19402,17.42956229907584,78.45032291505954,built_up,Medium,38.306,0.22792883,Cool roof,426977.0597681764,1.0,2.3420461992570315e-06,2248331613.899369,False
5266,+87377+19385,17.414290939246733,78.49254373341061,built_up,Medium,38.30539,0.1947979,Cool roof,427011.90156179626,1.0,2.3418551013273855e-06,2248758625.8009305,False
5267,+87329+19419,17.44483365890495,78.44942459977548,built_up,Medium,38.305176,0.20776232,Cool roof,426942.18816535256,1.0,2.3422374919123827e-06,2249185567.9890957,False
5268,+87324+19404,17.431358929643974,78.44493302335515,built_up,Medium,38.3049,0.2467194,Cool roof,426972.9587738207,1.0,2.342068694166947e-06,2249612540.9478693,False
5269,+87362+19363,17.394528002997298,78.47906900414964,built_up,Medium,38.302856,0.23256367,Cool roof,427056.9466889627,1.0,2.3416080870552553e-06,2250039597.8945584,False
5270,+87321+19385,17.414290939246733,78.44223807750296,built_up,Medium,38.30258,0.21567082,Cool roof,427011.90156179626,1.0,2.3418551013273855e-06,2250466609.79612,False
5271,+87320+19402,17.42956229907584,78.44133976221889,built_up,Medium,38.30185,0.25930762,Cool roof,426977.0597681764,1.0,2.3420461992570315e-06,2250893586.8558884,False
5272,+87319+19412,17.438545451916493,78.44044144693483,built_up,Medium,38.301605,0.27846396,Cool roof,426956.55067061976,1.0,2.342158700760773e-06,2251320543.406559,False
5273,+87372+19391,17.419680830951123,78.48805215699028,built_up,Medium,38.299713,0.2827238,Cool roof,426999.6078621065,1.0,2.3419225254252125e-06,2251747543.014421,False
5274,+87335+19376,17.406206101690145,78.45481449147987,built_up,Medium,38.299652,0.24456252,Cool roof,427030.3351484935,1.0,2.34175401064251e-06,2252174573.3495693,False
5275,+87345+19372,17.402612840553886,78.46379764432052,built_up,Medium,38.29953,0.23670776,Cool roof,427038.5251716453,1.0,2.3417090989578906e-06,2252601611.874741,False
5276,+87397+19367,17.398121264133557,78.51051003909191,built_up,Medium,38.29898,0.22889516,Cool roof,427048.7603795299,1.0,2.3416529745017237e-06,2253028660.6351204,False
5277,+87362+19371,17.40171452526982,78.47906900414964,built_up,Medium,38.298492,0.27744544,Cool roof,427040.5724195397,1.0,2.341697872720077e-06,2253455701.20754,False
5278,+87325+19391,17.419680830951123,78.44583133863922,built_up,Medium,38.29837,0.21775047,Cool roof,426999.6078621065,1.0,2.3419225254252125e-06,2253882700.815402,False
5279,+87397+19398,17.42596903793958,78.51051003909191,built_up,Medium,38.29837,0.20099159,Cool roof,426985.2605191322,1.0,2.3420012175225717e-06,2254309686.075921,False
5280,+87337+19387,17.416087569814863,78.456611122048,built_up,Medium,38.297546,0.2316931,Cool roof,427007.8040745065,1.0,2.341877573332395e-06,2254736693.8799953,False
5281,+87383+19364,17.395426318281363,78.497933625115,built_up,Medium,38.29718,0.25445852,Cool roof,427054.9002663456,1.0,2.341619307907063e-06,2255163748.7802615,False
5282,+87316+19416,17.442138713052756,78.43774650108263,built_up,Medium,38.29648,0.24514401,Cool roof,426948.3441435965,1.0,2.342203720231944e-06,2255590697.124405,False
5283,+87395+19421,17.44663028947308,78.50871340852379,built_up,Medium,38.295563,0.25066715,Cool roof,426938.0836641594,1.0,2.3422600097362737e-06,2256017635.208069,False
5284,+87375+19377,17.40710441697421,78.49074710284248,built_up,Medium,38.295013,0.22158083,Cool roof,427028.28738481377,1.0,2.3417652402470857e-06,2256444663.495454,False
5285,+87404+19347,17.380154958452252,78.51679824608037,built_up,Medium,38.29422,0.24603385,Cool roof,427089.6754206114,1.0,2.341428644968222e-06,2256871753.1708746,False
5286,+87314+19396,17.42417240737145,78.4359498705145,built_up,Medium,38.29416,0.29063255,Cool roof,426989.3602757261,1.0,2.341978730697775e-06,2257298742.5311503,False
5287,+87317+19357,17.389138111292905,78.43864481636669,built_up,Medium,38.293823,0.28135046,Cool roof,427069.2230582606,1.0,2.3415407760806503e-06,2257725811.7542086,False
5288,+87314+19360,17.391833057145103,78.4359498705145,built_up,Medium,38.29367,0.29468867,Cool roof,427063.08533784345,1.0,2.3415744285388524e-06,2258152874.839546,False
5289,+87400+19395,17.423274092087386,78.51320498494411,built_up,Medium,38.29294,0.21755724,Cool roof,426991.4099993005,1.0,2.3419674882959313e-06,2258579866.2495456,False
5290,+87331+19400,17.42776566850771,78.4512212303436,built_up,Medium,38.292175,0.22320218,Cool roof,426981.160349948,1.0,2.3420237070422817e-06,2259006847.4098954,False
5291,+87333+19388,17.416985885098928,78.45301786091174,built_up,Medium,38.292145,0.2653265,Cool roof,427005.7551761335,1.0,2.341888810345226e-06,2259433853.1650715,False
5292,+87316+19360,17.391833057145103,78.43774650108263,built_up,Medium,38.292084,0.26639676,Cool roof,427063.08533784345,1.0,2.3415744285388524e-06,2259860916.250409,False
5293,+87347+19377,17.40710441697421,78.46559427488866,built_up,Medium,38.28946,0.29266274,Cool roof,427028.28738481377,1.0,2.3417652402470857e-06,2260287944.537794,False
5294,+87397+19418,17.443935343620886,78.51051003909191,built_up,Medium,38.289215,0.24352942,Cool roof,426944.24026124045,1.0,2.3422262340115322e-06,2260714888.778055,False
5295,+87325+19403,17.43046061435991,78.44583133863922,built_up,Medium,38.289154,0.26897237,Cool roof,426975.0093225714,1.0,2.3420574463750857e-06,2261141863.787378,False
5296,+87318+19380,17.409799362826405,78.43954313165077,built_up,Medium,38.28897,0.24202386,Cool roof,427022.1434748407,1.0,2.3417989331012717e-06,2261568885.930853,False
5297,+87342+19414,17.440342082484626,78.46110269846832,built_up,Medium,38.28882,0.1730384,Cool roof,426952.4476133907,1.0,2.3421812091483994e-06,2261995838.378466,False
5298,+87374+19374,17.404409471122015,78.48984878755842,built_up,Medium,38.28833,0.21707267,Cool roof,427034.4303663836,1.0,2.3417315534534955e-06,2262422872.8088326,False
5299,+87361+19411,17.437647136632428,78.47817068886556,built_up,Medium,38.28824,0.2972637,Cool roof,426958.6020445212,1.0,2.3421474475778915e-06,2262849831.410877,False
5300,+87390+19398,17.42596903793958,78.50422183210345,built_up,Medium,38.286102,0.2924566,Cool roof,426985.2605191322,1.0,2.3420012175225717e-06,2263276816.6713963,False
5301,+87330+19404,17.431358929643974,78.45032291505954,built_up,Medium,38.285645,0.21499328,Cool roof,426972.9587738207,1.0,2.342068694166947e-06,2263703789.63017,False
5302,+87328+19390,17.418782515667058,78.44852628449141,built_up,Medium,38.2847,0.22322382,Cool roof,427001.65706993314,1.0,2.341911286391619e-06,2264130791.28724,False
5303,+87325+19414,17.440342082484626,78.44583133863922,built_up,Medium,38.28421,0.25221005,Cool roof,426952.4476133907,1.0,2.3421812091483994e-06,2264557743.7348533,False
5304,+87342+19395,17.423274092087386,78.46110269846832,built_up,Medium,38.283936,0.22507793,Cool roof,426991.4099993005,1.0,2.3419674882959313e-06,2264984735.1448526,False
5305,+87338+19398,17.42596903793958,78.45750943733206,built_up,Medium,38.28354,0.20550393,Cool roof,426985.2605191322,1.0,2.3420012175225717e-06,2265411720.4053717,False
5306,+87406+19395,17.423274092087386,78.5185948766485,built_up,Medium,38.282166,0.20248571,Cool roof,426991.4099993005,1.0,2.3419674882959313e-06,2265838711.815371,False
5307,+87332+19414,17.440342082484626,78.45211954562768,built_up,Medium,38.28189,0.27691343,Cool roof,426952.4476133907,1.0,2.3421812091483994e-06,2266265664.2629843,False
5308,+87405+19394,17.42237577680332,78.51769656136443,built_up,Medium,38.281525,0.18352719,Cool roof,426993.45961972617,1.0,2.341956246567769e-06,2266692657.722604,False
5309,+87345+19384,17.413392623962668,78.46379764432052,built_up,Medium,38.281067,0.2053332,Cool roof,427013.9501507122,1.0,2.341843866335176e-06,2267119671.6727543,False
5310,+87334+19361,17.392731372429168,78.4539161761958,built_up,Medium,38.27957,0.28617176,Cool roof,427061.0392247119,1.0,2.3415856473711663e-06,2267546732.711979,False
5311,+87321+19418,17.443935343620886,78.44223807750296,built_up,Medium,38.27945,0.17374638,Cool roof,426944.24026124045,1.0,2.3422262340115322e-06,2267973676.95224,False
5312,+87345+19364,17.395426318281363,78.46379764432052,built_up,Medium,38.279144,0.24128349,Cool roof,427054.9002663456,1.0,2.341619307907063e-06,2268400731.852506,False
5313,+87323+19393,17.421477461519256,78.44403470807109,built_up,Medium,38.2789,0.17215686,Cool roof,426995.50913700275,1.0,2.341945005513271e-06,2268827727.3616433,False
5314,+87395+19376,17.406206101690145,78.50871340852379,built_up,Medium,38.2789,0.2817072,Cool roof,427030.3351484935,1.0,2.34175401064251e-06,2269254757.6967916,False
5315,+87336+19393,17.421477461519256,78.45571280676394,built_up,Medium,38.27841,0.1624862,Cool roof,426995.50913700275,1.0,2.341945005513271e-06,2269681753.205929,False
5316,+87378+19372,17.402612840553886,78.49344204869467,built_up,Medium,38.27823,0.17566822,Cool roof,427038.5251716453,1.0,2.3417090989578906e-06,2270108791.7311006,False
5317,+87318+19410,17.436748821348363,78.43954313165077,built_up,Medium,38.27768,0.26066726,Cool roof,426960.65331528033,1.0,2.3421361950689414e-06,2270535752.3844156,False
5318,+87322+19359,17.390934741861038,78.44313639278703,built_up,Medium,38.277557,0.24972665,Cool roof,427065.1313478123,1.0,2.3415632103796727e-06,2270962817.5157633,False
5319,+87330+19412,17.438545451916493,78.45032291505954,built_up,Medium,38.277313,0.29160708,Cool roof,426956.55067061976,1.0,2.342158700760773e-06,2271389774.066434,False
5320,+87332+19365,17.396324633565428,78.45211954562768,built_up,Medium,38.27719,0.28332117,Cool roof,427052.85374056763,1.0,2.341630529432066e-06,2271816826.9201746,False
5321,+87324+19393,17.421477461519256,78.44493302335515,built_up,Medium,38.27707,0.2495204,Cool roof,426995.50913700275,1.0,2.341945005513271e-06,2272243822.4293118,False
5322,+87326+19415,17.44124039776869,78.44672965392328,built_up,Medium,38.275055,0.24594025,Cool roof,426950.395930064,1.0,2.342192464353174e-06,2272670772.825242,False
5323,+87340+19403,17.43046061435991,78.4593060679002,built_up,Medium,38.274628,0.2377612,Cool roof,426975.0093225714,1.0,2.3420574463750857e-06,2273097747.8345647,False
5324,+87356+19376,17.406206101690145,78.47367911244524,built_up,Medium,38.274445,0.24461654,Cool roof,427030.3351484935,1.0,2.34175401064251e-06,2273524778.169713,False
5325,+87367+19414,17.440342082484626,78.48356058056996,built_up,Medium,38.273804,0.28469414,Cool roof,426952.4476133907,1.0,2.3421812091483994e-06,2273951730.6173263,False
5326,+87349+19413,17.439443767200558,78.46739090545678,built_up,Medium,38.27301,0.27573055,Cool roof,426954.49919357605,1.0,2.342169954617604e-06,2274378685.11652,False
5327,+87375+19371,17.40171452526982,78.49074710284248,built_up,Medium,38.272247,0.20185484,Cool roof,427040.5724195397,1.0,2.341697872720077e-06,2274805725.6889396,False
5328,+87328+19415,17.44124039776869,78.44852628449141,built_up,Medium,38.271942,0.2250863,Cool roof,426950.395930064,1.0,2.342192464353174e-06,2275232676.08487,False
5329,+87380+19395,17.423274092087386,78.49523867926281,built_up,Medium,38.27176,0.2225979,Cool roof,426991.4099993005,1.0,2.3419674882959313e-06,2275659667.494869,False
5330,+87320+19419,17.44483365890495,78.44133976221889,built_up,Medium,38.26883,0.22447073,Cool roof,426942.18816535256,1.0,2.3422374919123827e-06,2276086609.6830344,False
5331,+87397+19366,17.397222948849492,78.51051003909191,built_up,Medium,38.26834,0.25214967,Cool roof,427050.8071116288,1.0,2.3416417516302816e-06,2276513660.490146,False
5332,+87321+19414,17.440342082484626,78.44223807750296,built_up,Medium,38.26767,0.23040095,Cool roof,426952.4476133907,1.0,2.3421812091483994e-06,2276940612.9377594,False
5333,+87329+19387,17.416087569814863,78.44942459977548,built_up,Medium,38.267456,0.2937054,Cool roof,427007.8040745065,1.0,2.341877573332395e-06,2277367620.7418337,False
5334,+87347+19412,17.438545451916493,78.46559427488866,built_up,Medium,38.262573,0.24402986,Cool roof,426956.55067061976,1.0,2.342158700760773e-06,2277794577.2925043,False
5335,+87362+19370,17.400816209985756,78.47906900414964,built_up,Medium,38.26114,0.2440936,Cool roof,427042.6195642755,1.0,2.3416866471555702e-06,2278221619.9120684,False
5336,+87322+19408,17.434952190780233,78.44313639278703,built_up,Medium,38.259308,0.25089902,Cool roof,426964.7555473694,1.0,2.3421136920727768e-06,2278648584.667616,False
5337,+87333+19414,17.440342082484626,78.45301786091174,built_up,Medium,38.257965,0.23251502,Cool roof,426952.4476133907,1.0,2.3421812091483994e-06,2279075537.115229,False
5338,+87372+19383,17.412494308678603,78.48805215699028,built_up,Medium,38.257538,0.2295117,Cool roof,427015.99863647495,1.0,2.341832632016476e-06,2279502553.1138654,False
5339,+87382+19363,17.394528002997298,78.49703530983093,built_up,Medium,38.256805,0.25588584,Cool roof,427056.9466889627,1.0,2.3416080870552553e-06,2279929610.0605545,False
5340,+87318+19351,17.383748219588515,78.43954313165077,built_up,Medium,38.25595,0.2673645,Cool roof,427081.4957136619,1.0,2.341473489337157e-06,2280356691.556268,False
5341,+87330+19386,17.415189254530798,78.45032291505954,built_up,Medium,38.255737,0.25522628,Cool roof,427009.85286972753,1.0,2.34186633699312e-06,2280783701.4091377,False
5342,+87329+19413,17.439443767200558,78.44942459977548,built_up,Medium,38.253815,0.2444847,Cool roof,426954.49919357605,1.0,2.342169954617604e-06,2281210655.9083314,False
5343,+87339+19383,17.412494308678603,78.45840775261613,built_up,Medium,38.253082,0.25454843,Cool roof,427015.99863647495,1.0,2.341832632016476e-06,2281637671.9069676,False
5344,+87338+19385,17.414290939246733,78.45750943733206,built_up,Medium,38.252655,0.24019855,Cool roof,427011.90156179626,1.0,2.3418551013273855e-06,2282064683.8085294,False
5345,+87396+19397,17.425070722655516,78.50961172380785,built_up,Medium,38.2507,0.23196128,Cool roof,426987.3104490032,1.0,2.3419899737733167e-06,2282491671.1189785,False
5346,+87341+19401,17.428663983791775,78.46020438318426,built_up,Medium,38.24771,0.23024714,Cool roof,426979.11011063546,1.0,2.3420349528127683e-06,2282918650.2290893,False
5347,+87321+19404,17.431358929643974,78.44223807750296,built_up,Medium,38.24716,0.27847648,Cool roof,426972.9587738207,1.0,2.342068694166947e-06,2283345623.187863,False
5348,+87379+19364,17.395426318281363,78.49434036397874,built_up,Medium,38.246887,0.2772259,Cool roof,427054.9002663456,1.0,2.341619307907063e-06,2283772678.088129,False
5349,+87318+19417,17.44303702833682,78.43954313165077,built_up,Medium,38.246307,0.29357982,Cool roof,426946.29225398856,1.0,2.3422149767847243e-06,2284199624.380383,False
5350,+87398+19376,17.406206101690145,78.51140835437599,built_up,Medium,38.24521,0.26432014,Cool roof,427030.3351484935,1.0,2.34175401064251e-06,2284626654.7155313,False
5351,+87403+19395,17.423274092087386,78.51589993079631,built_up,Medium,38.244812,0.21144712,Cool roof,426991.4099993005,1.0,2.3419674882959313e-06,2285053646.1255307,False
5352,+87404+19373,17.40351115583795,78.51679824608037,built_up,Medium,38.24466,0.25617498,Cool roof,427036.4778205931,1.0,2.341720325869025e-06,2285480682.603351,False
5353,+87329+19414,17.440342082484626,78.44942459977548,built_up,Medium,38.23816,0.27836016,Cool roof,426952.4476133907,1.0,2.3421812091483994e-06,2285907635.0509644,False
5354,+87344+19414,17.440342082484626,78.46289932903646,built_up,Medium,38.236237,0.23671488,Cool roof,426952.4476133907,1.0,2.3421812091483994e-06,2286334587.4985776,False
5355,+87318+19361,17.392731372429168,78.43954313165077,built_up,Medium,38.233337,0.28300986,Cool roof,427061.0392247119,1.0,2.3415856473711663e-06,2286761648.537802,False
5356,+87399+19396,17.42417240737145,78.51230666966005,built_up,Medium,38.232086,0.26341945,Cool roof,426989.3602757261,1.0,2.341978730697775e-06,2287188637.898078,False
5357,+87407+19407,17.43405387549617,78.51949319193257,built_up,Medium,38.230927,0.24611053,Cool roof,426966.80650869873,1.0,2.3421024415855304e-06,2287615604.7045865,False
5358,+87347+19416,17.442138713052756,78.46559427488866,built_up,Medium,38.229706,0.29201904,Cool roof,426948.3441435965,1.0,2.342203720231944e-06,2288042553.04873,False
5359,+87339+19368,17.399019579417622,78.45840775261613,built_up,Medium,38.22812,0.27959245,Cool roof,427046.71354427113,1.0,2.3416641980464084e-06,2288469599.7622743,False
5360,+87336+19387,17.416087569814863,78.45571280676394,built_up,Medium,38.22708,0.2616726,Cool roof,427007.8040745065,1.0,2.341877573332395e-06,2288896607.5663486,False
5361,+87402+19394,17.42237577680332,78.51500161551225,built_up,Medium,38.226532,0.23436266,Cool roof,426993.45961972617,1.0,2.341956246567769e-06,2289323601.025968,False
5362,+87383+19360,17.391833057145103,78.497933625115,built_up,Medium,38.221405,0.19117023,Cool roof,427063.08533784345,1.0,2.3415744285388524e-06,2289750664.1113057,False
5363,+87366+19414,17.440342082484626,78.4826622652859,built_up,Medium,38.220978,0.26032963,Cool roof,426952.4476133907,1.0,2.3421812091483994e-06,2290177616.558919,False
5364,+87345+19411,17.437647136632428,78.46379764432052,built_up,Medium,38.220856,0.26144958,Cool roof,426958.6020445212,1.0,2.3421474475778915e-06,2290604575.1609635,False
5365,+87331+19409,17.4358505060643,78.4512212303436,built_up,Medium,38.220795,0.25511903,Cool roof,426962.70448289654,1.0,2.342124943233908e-06,2291031537.8654466,False
5366,+87347+19406,17.433155560212104,78.46559427488866,built_up,Medium,38.220734,0.29177392,Cool roof,426968.857366884,1.0,2.3420911917721534e-06,2291458506.7228136,False
5367,+87398+19397,17.425070722655516,78.51140835437599,built_up,Medium,38.21768,0.21496542,Cool roof,426987.3104490032,1.0,2.3419899737733167e-06,2291885494.0332627,False
5368,+87332+19408,17.434952190780233,78.45211954562768,built_up,Medium,38.217133,0.24412696,Cool roof,426964.7555473694,1.0,2.3421136920727768e-06,2292312458.7888103,False
5369,+87342+19386,17.415189254530798,78.46110269846832,built_up,Medium,38.214417,0.24696809,Cool roof,427009.85286972753,1.0,2.34186633699312e-06,2292739468.64168,False
5370,+87373+19392,17.42057914623519,78.48895047227435,built_up,Medium,38.213013,0.24374935,Cool roof,426997.55855112965,1.0,2.3419337651324247e-06,2293166466.200231,False
5371,+87338+19400,17.42776566850771,78.45750943733206,built_up,Medium,38.212616,0.28828865,Cool roof,426981.160349948,1.0,2.3420237070422817e-06,2293593447.360581,False
5372,+87334+19388,17.416985885098928,78.4539161761958,built_up,Medium,38.21115,0.2080379,Cool roof,427005.7551761335,1.0,2.341888810345226e-06,2294020453.115757,False
5373,+87406+19407,17.43405387549617,78.5185948766485,built_up,Medium,38.210907,0.21087271,Cool roof,426966.80650869873,1.0,2.3421024415855304e-06,2294447419.9222655,False
5374,+87342+19417,17.44303702833682,78.46110269846832,built_up,Medium,38.20584,0.23019302,Cool roof,426946.29225398856,1.0,2.3422149767847243e-06,2294874366.2145195,False
5375,+87324+19392,17.42057914623519,78.44493302335515,built_up,Medium,38.20529,0.26626176,Cool roof,426997.55855112965,1.0,2.3419337651324247e-06,2295301363.773071,False
5376,+87324+19402,17.42956229907584,78.44493302335515,built_up,Medium,38.20511,0.23805946,Cool roof,426977.0597681764,1.0,2.3420461992570315e-06,2295728340.832839,False
5377,+87320+19392,17.42057914623519,78.44133976221889,built_up,Medium,38.203766,0.23888227,Cool roof,426997.55855112965,1.0,2.3419337651324247e-06,2296155338.3913903,False
5378,+87336+19394,17.42237577680332,78.45571280676394,built_up,Medium,38.203766,0.18619943,Cool roof,426993.45961972617,1.0,2.341956246567769e-06,2296582331.85101,False
5379,+87317+19410,17.436748821348363,78.43864481636669,built_up,Medium,38.200592,0.22073093,Cool roof,426960.65331528033,1.0,2.3421361950689414e-06,2297009292.504325,False
5380,+87374+19377,17.40710441697421,78.48984878755842,built_up,Medium,38.199615,0.27948332,Cool roof,427028.28738481377,1.0,2.3417652402470857e-06,2297436320.79171,False
5381,+87394+19395,17.423274092087386,78.50781509323971,built_up,Medium,38.198395,0.24813546,Cool roof,426991.4099993005,1.0,2.3419674882959313e-06,2297863312.2017093,False
5382,+87332+19412,17.438545451916493,78.45211954562768,built_up,Medium,38.19687,0.25769857,Cool roof,426956.55067061976,1.0,2.342158700760773e-06,2298290268.75238,False
5383,+87323+19404,17.431358929643974,78.44403470807109,built_up,Medium,38.194702,0.22672048,Cool roof,426972.9587738207,1.0,2.342068694166947e-06,2298717241.7111535,False
5384,+87330+19413,17.439443767200558,78.45032291505954,built_up,Medium,38.19455,0.25266385,Cool roof,426954.49919357605,1.0,2.342169954617604e-06,2299144196.210347,False
5385,+87356+19379,17.40890104754234,78.47367911244524,built_up,Medium,38.19406,0.26600707,Cool roof,427024.1915479869,1.0,2.3417877014764513e-06,2299571220.401895,False
5386,+87379+19374,17.404409471122015,78.49434036397874,built_up,Medium,38.19345,0.22569923,Cool roof,427034.4303663836,1.0,2.3417315534534955e-06,2299998254.8322616,False
5387,+87343+19395,17.423274092087386,78.4620010137524,built_up,Medium,38.19339,0.20899874,Cool roof,426991.4099993005,1.0,2.3419674882959313e-06,2300425246.242261,False
5388,+87336+19399,17.426867353223646,78.45571280676394,built_up,Medium,38.193024,0.24750419,Cool roof,426983.2104861137,1.0,2.3420124619455547e-06,2300852229.452747,False
5389,+87338+19399,17.426867353223646,78.45750943733206,built_up,Medium,38.192963,0.20860389,Cool roof,426983.2104861137,1.0,2.3420124619455547e-06,2301279212.663233,False
5390,+87339+19385,17.414290939246733,78.45840775261613,built_up,Medium,38.188995,0.28670165,Cool roof,427011.90156179626,1.0,2.3418551013273855e-06,2301706224.5647945,False
5391,+87407+19406,17.433155560212104,78.51949319193257,built_up,Medium,38.188965,0.26195514,Cool roof,426968.857366884,1.0,2.3420911917721534e-06,2302133193.4221616,False
5392,+87409+19372,17.402612840553886,78.5212898225007,built_up,Medium,38.187042,0.24501978,Cool roof,427038.5251716453,1.0,2.3417090989578906e-06,2302560231.9473333,False
5393,+87335+19380,17.409799362826405,78.45481449147987,built_up,Medium,38.186676,0.24295995,Cool roof,427022.1434748407,1.0,2.3417989331012717e-06,2302987254.0908084,False
5394,+87322+19387,17.416087569814863,78.44313639278703,built_up,Medium,38.184357,0.2360483,Cool roof,427007.8040745065,1.0,2.341877573332395e-06,2303414261.8948827,False
5395,+87328+19400,17.42776566850771,78.44852628449141,built_up,Medium,38.18158,0.2777909,Cool roof,426981.160349948,1.0,2.3420237070422817e-06,2303841243.0552325,False
5396,+87380+19367,17.398121264133557,78.49523867926281,built_up,Medium,38.181366,0.24543609,Cool roof,427048.7603795299,1.0,2.3416529745017237e-06,2304268291.815612,False
5397,+87342+19416,17.442138713052756,78.46110269846832,built_up,Medium,38.180084,0.18020637,Cool roof,426948.3441435965,1.0,2.342203720231944e-06,2304695240.159755,False
5398,+87405+19367,17.398121264133557,78.51769656136443,built_up,Medium,38.178864,0.261855,Cool roof,427048.7603795299,1.0,2.3416529745017237e-06,2305122288.9201345,False
5399,+87380+19396,17.42417240737145,78.49523867926281,built_up,Medium,38.178345,0.15832826,Cool roof,426989.3602757261,1.0,2.341978730697775e-06,2305549278.2804103,False
5400,+87339+19415,17.44124039776869,78.45840775261613,built_up,Medium,38.176056,0.22520024,Cool roof,426950.395930064,1.0,2.342192464353174e-06,2305976228.6763406,False
5401,+87331+19414,17.440342082484626,78.4512212303436,built_up,Medium,38.170807,0.26686615,Cool roof,426952.4476133907,1.0,2.3421812091483994e-06,2306403181.123954,False
5402,+87399+19397,17.425070722655516,78.51230666966005,built_up,Medium,38.17047,0.27460164,Cool roof,426987.3104490032,1.0,2.3419899737733167e-06,2306830168.434403,False
5403,+87350+19380,17.409799362826405,78.46828922074084,built_up,Medium,38.168854,0.18402,Cool roof,427022.1434748407,1.0,2.3417989331012717e-06,2307257190.577878,False
5404,+87408+19370,17.400816209985756,78.52039150721663,built_up,Medium,38.16861,0.25330105,Cool roof,427042.6195642755,1.0,2.3416866471555702e-06,2307684233.197442,False
5405,+87317+19379,17.40890104754234,78.43864481636669,built_up,Medium,38.16858,0.22752465,Cool roof,427024.1915479869,1.0,2.3417877014764513e-06,2308111257.38899,False
5406,+87380+19369,17.399917894701687,78.49523867926281,built_up,Medium,38.16855,0.17336087,Cool roof,427044.66660585295,1.0,2.3416754222643517e-06,2308538302.055596,False
5407,+87373+19385,17.414290939246733,78.48895047227435,built_up,Medium,38.16809,0.2171983,Cool roof,427011.90156179626,1.0,2.3418551013273855e-06,2308965313.9571576,False
5408,+87372+19390,17.418782515667058,78.48805215699028,built_up,Medium,38.167694,0.27845013,Cool roof,427001.65706993314,1.0,2.341911286391619e-06,2309392315.614228,False
5409,+87319+19380,17.409799362826405,78.44044144693483,built_up,Medium,38.164764,0.2606002,Cool roof,427022.1434748407,1.0,2.3417989331012717e-06,2309819337.757703,False
5410,+87341+19382,17.41159599339454,78.46020438318426,built_up,Medium,38.163116,0.22173275,Cool roof,427018.0470190842,1.0,2.3418213983712686e-06,2310246355.804722,False
5411,+87324+19386,17.415189254530798,78.44493302335515,built_up,Medium,38.16269,0.26886395,Cool roof,427009.85286972753,1.0,2.34186633699312e-06,2310673365.6575913,False
5412,+87317+19403,17.43046061435991,78.43864481636669,built_up,Medium,38.162506,0.24430427,Cool roof,426975.0093225714,1.0,2.3420574463750857e-06,2311100340.666914,False
5413,+87347+19364,17.395426318281363,78.46559427488866,built_up,Medium,38.1622,0.25198907,Cool roof,427054.9002663456,1.0,2.341619307907063e-06,2311527395.56718,False
5414,+87317+19402,17.42956229907584,78.43864481636669,built_up,Medium,38.16208,0.24756911,Cool roof,426977.0597681764,1.0,2.3420461992570315e-06,2311954372.6269484,False
5415,+87323+19408,17.434952190780233,78.44403470807109,built_up,Medium,38.16104,0.27609435,Cool roof,426964.7555473694,1.0,2.3421136920727768e-06,2312381337.382496,False
5416,+87325+19413,17.439443767200558,78.44583133863922,built_up,Medium,38.16101,0.25330517,Cool roof,426954.49919357605,1.0,2.342169954617604e-06,2312808291.8816895,False
5417,+87376+19384,17.413392623962668,78.49164541812655,built_up,Medium,38.160828,0.23778433,Cool roof,427013.9501507122,1.0,2.341843866335176e-06,2313235305.83184,False
5418,+87372+19395,17.423274092087386,78.48805215699028,built_up,Medium,38.158783,0.23240945,Cool roof,426991.4099993005,1.0,2.3419674882959313e-06,2313662297.2418394,False
5419,+87335+19394,17.42237577680332,78.45481449147987,built_up,Medium,38.1586,0.21031491,Cool roof,426993.45961972617,1.0,2.341956246567769e-06,2314089290.701459,False
5420,+87327+19377,17.40710441697421,78.44762796920735,built_up,Medium,38.156982,0.2861753,Cool roof,427028.28738481377,1.0,2.3417652402470857e-06,2314516318.988844,False
5421,+87377+19386,17.415189254530798,78.49254373341061,built_up,Medium,38.155975,0.23351759,Cool roof,427009.85286972753,1.0,2.34186633699312e-06,2314943328.8417134,False
5422,+87406+19370,17.400816209985756,78.5185948766485,built_up,Medium,38.15564,0.22703648,Cool roof,427042.6195642755,1.0,2.3416866471555702e-06,2315370371.4612775,False
5423,+87319+19416,17.442138713052756,78.44044144693483,built_up,Medium,38.154877,0.23873428,Cool roof,426948.3441435965,1.0,2.342203720231944e-06,2315797319.805421,False
5424,+87398+19393,17.421477461519256,78.51140835437599,built_up,Medium,38.152893,0.23097245,Cool roof,426995.50913700275,1.0,2.341945005513271e-06,2316224315.314558,False
5425,+87393+19400,17.42776566850771,78.50691677795565,built_up,Medium,38.15219,0.28118524,Cool roof,426981.160349948,1.0,2.3420237070422817e-06,2316651296.474908,False
5426,+87397+19396,17.42417240737145,78.51051003909191,built_up,Medium,38.150787,0.28120553,Cool roof,426989.3602757261,1.0,2.341978730697775e-06,2317078285.8351836,False
5427,+87383+19361,17.392731372429168,78.497933625115,built_up,Medium,38.1503,0.22294939,Cool roof,427061.0392247119,1.0,2.3415856473711663e-06,2317505346.8744082,False
5428,+87343+19394,17.42237577680332,78.4620010137524,built_up,Medium,38.148865,0.2106447,Cool roof,426993.45961972617,1.0,2.341956246567769e-06,2317932340.334028,False
5429,+87396+19366,17.397222948849492,78.50961172380785,built_up,Medium,38.14862,0.2731211,Cool roof,427050.8071116288,1.0,2.3416417516302816e-06,2318359391.1411395,False
5430,+87319+19377,17.40710441697421,78.44044144693483,built_up,Medium,38.148163,0.22862735,Cool roof,427028.28738481377,1.0,2.3417652402470857e-06,2318786419.4285245,False
5431,+87333+19365,17.396324633565428,78.45301786091174,built_up,Medium,38.146393,0.2688099,Cool roof,427052.85374056763,1.0,2.341630529432066e-06,2319213472.282265,False
5432,+87334+19408,17.434952190780233,78.4539161761958,built_up,Medium,38.14383,0.24428497,Cool roof,426964.7555473694,1.0,2.3421136920727768e-06,2319640437.0378127,False
5433,+87387+19414,17.440342082484626,78.50152688625127,built_up,Medium,38.14154,0.22195718,Cool roof,426952.4476133907,1.0,2.3421812091483994e-06,2320067389.485426,False
5434,+87408+19373,17.40351115583795,78.52039150721663,built_up,Medium,38.141266,0.26569661,Cool roof,427036.4778205931,1.0,2.341720325869025e-06,2320494425.9632463,False
5435,+87405+19388,17.416985885098928,78.51769656136443,built_up,Medium,38.139313,0.19034725,Cool roof,427005.7551761335,1.0,2.341888810345226e-06,2320921431.7184224,False
5436,+87326+19419,17.44483365890495,78.44672965392328,built_up,Medium,38.138275,0.2088145,Cool roof,426942.18816535256,1.0,2.3422374919123827e-06,2321348373.9065876,False
5437,+87404+19395,17.423274092087386,78.51679824608037,built_up,Medium,38.13748,0.24543183,Cool roof,426991.4099993005,1.0,2.3419674882959313e-06,2321775365.316587,False
5438,+87333+19409,17.4358505060643,78.45301786091174,built_up,Medium,38.1373,0.20330691,Cool roof,426962.70448289654,1.0,2.342124943233908e-06,2322202328.02107,False
5439,+87336+19375,17.40530778640608,78.45571280676394,built_up,Medium,38.13675,0.2453341,Cool roof,427032.38280901685,1.0,2.3417427817113192e-06,2322629360.403879,False
5440,+87393+19371,17.40171452526982,78.50691677795565,built_up,Medium,38.13571,0.28533095,Cool roof,427040.5724195397,1.0,2.341697872720077e-06,2323056400.976299,False
5441,+87332+19394,17.42237577680332,78.45211954562768,built_up,Medium,38.13315,0.27141216,Cool roof,426993.45961972617,1.0,2.341956246567769e-06,2323483394.4359183,False
5442,+87345+19416,17.442138713052756,78.46379764432052,built_up,Medium,38.132507,0.26373297,Cool roof,426948.3441435965,1.0,2.342203720231944e-06,2323910342.7800617,False
5443,+87381+19380,17.409799362826405,78.49613699454687,built_up,Medium,38.1304,0.2291326,Cool roof,427022.1434748407,1.0,2.3417989331012717e-06,2324337364.923537,False
5444,+87368+19414,17.440342082484626,78.48445889585402,built_up,Medium,38.130157,0.18931037,Cool roof,426952.4476133907,1.0,2.3421812091483994e-06,2324764317.37115,False
5445,+87355+19376,17.406206101690145,78.47278079716118,built_up,Medium,38.12961,0.27591872,Cool roof,427030.3351484935,1.0,2.34175401064251e-06,2325191347.7062984,False
5446,+87327+19379,17.40890104754234,78.44762796920735,built_up,Medium,38.126556,0.23031276,Cool roof,427024.1915479869,1.0,2.3417877014764513e-06,2325618371.897846,False
5447,+87318+19409,17.4358505060643,78.43954313165077,built_up,Medium,38.125824,0.25307873,Cool roof,426962.70448289654,1.0,2.342124943233908e-06,2326045334.6023293,False
5448,+87397+19399,17.426867353223646,78.51051003909191,built_up,Medium,38.12506,0.2286233,Cool roof,426983.2104861137,1.0,2.3420124619455547e-06,2326472317.812815,False
5449,+87378+19370,17.400816209985756,78.49344204869467,built_up,Medium,38.123596,0.19147298,Cool roof,427042.6195642755,1.0,2.3416866471555702e-06,2326899360.4323792,False
5450,+87401+19420,17.445731974189016,78.51410330022817,built_up,Medium,38.122772,0.21846494,Cool roof,426940.13596632547,1.0,2.342248750487291e-06,2327326300.5683455,False
5451,+87382+19362,17.393629687713233,78.49703530983093,built_up,Medium,38.122284,0.24322477,Cool roof,427058.9930084181,1.0,2.3415968668766287e-06,2327753359.561354,False
5452,+87341+19417,17.44303702833682,78.46020438318426,built_up,Medium,38.12195,0.20907687,Cool roof,426946.29225398856,1.0,2.3422149767847243e-06,2328180305.853608,False
5453,+87405+19374,17.404409471122015,78.51769656136443,built_up,Medium,38.120697,0.24294792,Cool roof,427034.4303663836,1.0,2.3417315534534955e-06,2328607340.2839746,False
5454,+87380+19381,17.410697678110473,78.49523867926281,built_up,Medium,38.119415,0.27130595,Cool roof,427020.0952985397,1.0,2.3418101653995388e-06,2329034360.3792734,False
5455,+87324+19403,17.43046061435991,78.44493302335515,built_up,Medium,38.11795,0.26105848,Cool roof,426975.0093225714,1.0,2.3420574463750857e-06,2329461335.388596,False
5456,+87314+19417,17.44303702833682,78.4359498705145,built_up,Medium,38.117706,0.23071955,Cool roof,426946.29225398856,1.0,2.3422149767847243e-06,2329888281.68085,False
5457,+87394+19400,17.42776566850771,78.50781509323971,built_up,Medium,38.11624,0.24634175,Cool roof,426981.160349948,1.0,2.3420237070422817e-06,2330315262.8412,False
5458,+87347+19378,17.408002732258275,78.46559427488866,built_up,Medium,38.115997,0.27562156,Cool roof,427026.23951797804,1.0,2.341776470525061e-06,2330742289.080718,False
5459,+87347+19391,17.419680830951123,78.46559427488866,built_up,Medium,38.115143,0.22535346,Cool roof,426999.6078621065,1.0,2.3419225254252125e-06,2331169288.68858,False
5460,+87378+19371,17.40171452526982,78.49344204869467,built_up,Medium,38.112946,0.17468742,Cool roof,427040.5724195397,1.0,2.341697872720077e-06,2331596329.2609997,False
5461,+87338+19402,17.42956229907584,78.45750943733206,built_up,Medium,38.111694,0.27270257,Cool roof,426977.0597681764,1.0,2.3420461992570315e-06,2332023306.320768,False
5462,+87372+19379,17.40890104754234,78.48805215699028,built_up,Medium,38.109528,0.23470877,Cool roof,427024.1915479869,1.0,2.3417877014764513e-06,2332450330.5123158,False
5463,+87394+19394,17.42237577680332,78.50781509323971,built_up,Medium,38.109497,0.20637083,Cool roof,426993.45961972617,1.0,2.341956246567769e-06,2332877323.9719353,False
5464,+87335+19393,17.421477461519256,78.45481449147987,built_up,Medium,38.109283,0.2234011,Cool roof,426995.50913700275,1.0,2.341945005513271e-06,2333304319.4810724,False
5465,+87339+19400,17.42776566850771,78.45840775261613,built_up,Medium,38.1055,0.24081571,Cool roof,426981.160349948,1.0,2.3420237070422817e-06,2333731300.6414223,False
5466,+87339+19401,17.428663983791775,78.45840775261613,built_up,Medium,38.105377,0.21702287,Cool roof,426979.11011063546,1.0,2.3420349528127683e-06,2334158279.751533,False
5467,+87320+19386,17.415189254530798,78.44133976221889,built_up,Medium,38.104523,0.26193714,Cool roof,427009.85286972753,1.0,2.34186633699312e-06,2334585289.6044025,False
5468,+87368+19375,17.40530778640608,78.48445889585402,built_up,Medium,38.10373,0.22960408,Cool roof,427032.38280901685,1.0,2.3417427817113192e-06,2335012321.9872117,False
5469,+87323+19401,17.428663983791775,78.44403470807109,built_up,Medium,38.103363,0.26555026,Cool roof,426979.11011063546,1.0,2.3420349528127683e-06,2335439301.0973225,False
5470,+87372+19372,17.402612840553886,78.48805215699028,built_up,Medium,38.102753,0.1999749,Cool roof,427038.5251716453,1.0,2.3417090989578906e-06,2335866339.622494,False
5471,+87403+19420,17.445731974189016,78.51589993079631,built_up,Medium,38.100616,0.20554309,Cool roof,426940.13596632547,1.0,2.342248750487291e-06,2336293279.7584605,False
5472,+87404+19394,17.42237577680332,78.51679824608037,built_up,Medium,38.098877,0.21638666,Cool roof,426993.45961972617,1.0,2.341956246567769e-06,2336720273.21808,False
5473,+87405+19395,17.423274092087386,78.51769656136443,built_up,Medium,38.098663,0.22791237,Cool roof,426991.4099993005,1.0,2.3419674882959313e-06,2337147264.6280794,False
5474,+87325+19415,17.44124039776869,78.44583133863922,built_up,Medium,38.097534,0.24609634,Cool roof,426950.395930064,1.0,2.342192464353174e-06,2337574215.0240097,False
5475,+87371+19377,17.40710441697421,78.48715384170622,built_up,Medium,38.092316,0.21515754,Cool roof,427028.28738481377,1.0,2.3417652402470857e-06,2338001243.3113947,False
5476,+87373+19375,17.40530778640608,78.48895047227435,built_up,Medium,38.0914,0.25007066,Cool roof,427032.38280901685,1.0,2.3417427817113192e-06,2338428275.694204,False
5477,+87342+19409,17.4358505060643,78.46110269846832,built_up,Medium,38.090942,0.26765624,Cool roof,426962.70448289654,1.0,2.342124943233908e-06,2338855238.398687,False
5478,+87348+19417,17.44303702833682,78.46649259017272,built_up,Medium,38.089844,0.25057653,Cool roof,426946.29225398856,1.0,2.3422149767847243e-06,2339282184.690941,False
5479,+87335+19400,17.42776566850771,78.45481449147987,built_up,Medium,38.08499,0.22234386,Cool roof,426981.160349948,1.0,2.3420237070422817e-06,2339709165.8512907,False
5480,+87326+19418,17.443935343620886,78.44672965392328,built_up,Medium,38.08383,0.21773118,Cool roof,426944.24026124045,1.0,2.3422262340115322e-06,2340136110.091552,False
5481,+87323+19392,17.42057914623519,78.44403470807109,built_up,Medium,38.083496,0.23998511,Cool roof,426997.55855112965,1.0,2.3419337651324247e-06,2340563107.650103,False
5482,+87339+19382,17.41159599339454,78.45840775261613,built_up,Medium,38.080658,0.22472878,Cool roof,427018.0470190842,1.0,2.3418213983712686e-06,2340990125.697122,False
5483,+87317+19414,17.440342082484626,78.43864481636669,built_up,Medium,38.080414,0.26444203,Cool roof,426952.4476133907,1.0,2.3421812091483994e-06,2341417078.1447353,False
5484,+87325+19393,17.421477461519256,78.44583133863922,built_up,Medium,38.080353,0.25336567,Cool roof,426995.50913700275,1.0,2.341945005513271e-06,2341844073.6538725,False
5485,+87407+19404,17.431358929643974,78.51949319193257,built_up,Medium,38.079926,0.27589625,Cool roof,426972.9587738207,1.0,2.342068694166947e-06,2342271046.612646,False
5486,+87331+19411,17.437647136632428,78.4512212303436,built_up,Medium,38.07956,0.26589823,Cool roof,426958.6020445212,1.0,2.3421474475778915e-06,2342698005.2146907,False
5487,+87376+19383,17.412494308678603,78.49164541812655,built_up,Medium,38.076324,0.25948435,Cool roof,427015.99863647495,1.0,2.341832632016476e-06,2343125021.213327,False
5488,+87327+19391,17.419680830951123,78.44762796920735,built_up,Medium,38.075897,0.2346147,Cool roof,426999.6078621065,1.0,2.3419225254252125e-06,2343552020.821189,False
5489,+87322+19404,17.431358929643974,78.44313639278703,built_up,Medium,38.07437,0.2041629,Cool roof,426972.9587738207,1.0,2.342068694166947e-06,2343978993.7799625,False
5490,+87340+19370,17.400816209985756,78.4593060679002,built_up,Medium,38.07312,0.24784423,Cool roof,427042.6195642755,1.0,2.3416866471555702e-06,2344406036.3995266,False
5491,+87332+19409,17.4358505060643,78.45211954562768,built_up,Medium,38.0701,0.2698618,Cool roof,426962.70448289654,1.0,2.342124943233908e-06,2344832999.1040096,False
5492,+87325+19402,17.42956229907584,78.44583133863922,built_up,Medium,38.068268,0.22440779,Cool roof,426977.0597681764,1.0,2.3420461992570315e-06,2345259976.163778,False
5493,+87343+19414,17.440342082484626,78.4620010137524,built_up,Medium,38.06784,0.23963529,Cool roof,426952.4476133907,1.0,2.3421812091483994e-06,2345686928.611391,False
5494,+87325+19419,17.44483365890495,78.44583133863922,built_up,Medium,38.06717,0.21827212,Cool roof,426942.18816535256,1.0,2.3422374919123827e-06,2346113870.7995563,False
5495,+87403+19394,17.42237577680332,78.51589993079631,built_up,Medium,38.06607,0.19275467,Cool roof,426993.45961972617,1.0,2.341956246567769e-06,2346540864.259176,False
5496,+87318+19412,17.438545451916493,78.43954313165077,built_up,Medium,38.065582,0.27955264,Cool roof,426956.55067061976,1.0,2.342158700760773e-06,2346967820.8098464,False
5497,+87361+19374,17.404409471122015,78.47817068886556,built_up,Medium,38.06549,0.27904135,Cool roof,427034.4303663836,1.0,2.3417315534534955e-06,2347394855.240213,False
5498,+87335+19397,17.425070722655516,78.45481449147987,built_up,Medium,38.059753,0.23071264,Cool roof,426987.3104490032,1.0,2.3419899737733167e-06,2347821842.550662,False
5499,+87406+19388,17.416985885098928,78.5185948766485,built_up,Medium,38.059113,0.26494306,Cool roof,427005.7551761335,1.0,2.341888810345226e-06,2348248848.305838,False
5500,+87313+19409,17.4358505060643,78.43505155523043,built_up,Medium,38.057434,0.23073849,Cool roof,426962.70448289654,1.0,2.342124943233908e-06,2348675811.010321,False
5501,+87321+19386,17.415189254530798,78.44223807750296,built_up,Medium,38.05728,0.24371107,Cool roof,427009.85286972753,1.0,2.34186633699312e-06,2349102820.8631907,False
5502,+87376+19371,17.40171452526982,78.49164541812655,built_up,Medium,38.056396,0.19385582,Cool roof,427040.5724195397,1.0,2.341697872720077e-06,2349529861.4356103,False
5503,+87402+19368,17.399019579417622,78.51500161551225,built_up,Medium,38.054657,0.22365254,Cool roof,427046.71354427113,1.0,2.3416641980464084e-06,2349956908.1491547,False
5504,+87327+19385,17.414290939246733,78.44762796920735,built_up,Medium,38.054413,0.26929066,Cool roof,427011.90156179626,1.0,2.3418551013273855e-06,2350383920.0507164,False
5505,+87334+19398,17.42596903793958,78.4539161761958,built_up,Medium,38.051422,0.23306866,Cool roof,426985.2605191322,1.0,2.3420012175225717e-06,2350810905.3112354,False
5506,+87317+19406,17.433155560212104,78.43864481636669,built_up,Medium,38.049164,0.20509875,Cool roof,426968.857366884,1.0,2.3420911917721534e-06,2351237874.1686025,False
5507,+87325+19387,17.416087569814863,78.44583133863922,built_up,Medium,38.045135,0.24236526,Cool roof,427007.8040745065,1.0,2.341877573332395e-06,2351664881.9726768,False
5508,+87338+19408,17.434952190780233,78.45750943733206,built_up,Medium,38.044983,0.20834662,Cool roof,426964.7555473694,1.0,2.3421136920727768e-06,2352091846.7282243,False
5509,+87391+19417,17.44303702833682,78.50512014738753,built_up,Medium,38.042694,0.25191456,Cool roof,426946.29225398856,1.0,2.3422149767847243e-06,2352518793.0204782,False
5510,+87318+19408,17.434952190780233,78.43954313165077,built_up,Medium,38.039886,0.26530114,Cool roof,426964.7555473694,1.0,2.3421136920727768e-06,2352945757.776026,False
5511,+87330+19396,17.42417240737145,78.45032291505954,built_up,Medium,38.039825,0.20744556,Cool roof,426989.3602757261,1.0,2.341978730697775e-06,2353372747.1363015,False
5512,+87373+19372,17.402612840553886,78.48895047227435,built_up,Medium,38.039642,0.20650692,Cool roof,427038.5251716453,1.0,2.3417090989578906e-06,2353799785.6614733,False
5513,+87324+19419,17.44483365890495,78.44493302335515,built_up,Medium,38.034637,0.23316626,Cool roof,426942.18816535256,1.0,2.3422374919123827e-06,2354226727.8496385,False
5514,+87398+19394,17.42237577680332,78.51140835437599,built_up,Medium,38.0325,0.21388777,Cool roof,426993.45961972617,1.0,2.341956246567769e-06,2354653721.309258,False
5515,+87323+19382,17.41159599339454,78.44403470807109,built_up,Medium,38.031677,0.27285534,Cool roof,427018.0470190842,1.0,2.3418213983712686e-06,2355080739.356277,False
5516,+87333+19387,17.416087569814863,78.45301786091174,built_up,Medium,38.0307,0.23450325,Cool roof,427007.8040745065,1.0,2.341877573332395e-06,2355507747.1603513,False
5517,+87314+19409,17.4358505060643,78.4359498705145,built_up,Medium,38.029144,0.21030693,Cool roof,426962.70448289654,1.0,2.342124943233908e-06,2355934709.8648343,False
5518,+87326+19387,17.416087569814863,78.44672965392328,built_up,Medium,38.02841,0.26628914,Cool roof,427007.8040745065,1.0,2.341877573332395e-06,2356361717.6689086,False
5519,+87372+19382,17.41159599339454,78.48805215699028,built_up,Medium,38.02838,0.24807891,Cool roof,427018.0470190842,1.0,2.3418213983712686e-06,2356788735.7159276,False
5520,+87317+19390,17.418782515667058,78.43864481636669,built_up,Medium,38.023346,0.2158743,Cool roof,427001.65706993314,1.0,2.341911286391619e-06,2357215737.3729978,False
5521,+87316+19407,17.43405387549617,78.43774650108263,built_up,Medium,38.01767,0.2513613,Cool roof,426966.80650869873,1.0,2.3421024415855304e-06,2357642704.1795063,False
5522,+87334+19370,17.400816209985756,78.4539161761958,built_up,Medium,38.017303,0.2560632,Cool roof,427042.6195642755,1.0,2.3416866471555702e-06,2358069746.7990704,False
5523,+87330+19419,17.44483365890495,78.45032291505954,built_up,Medium,38.015472,0.22009423,Cool roof,426942.18816535256,1.0,2.3422374919123827e-06,2358496688.9872355,False
5524,+87384+19364,17.395426318281363,78.49883194039907,built_up,Medium,38.015045,0.2576175,Cool roof,427054.9002663456,1.0,2.341619307907063e-06,2358923743.8875017,False
5525,+87407+19408,17.434952190780233,78.51949319193257,built_up,Medium,38.011627,0.22099227,Cool roof,426964.7555473694,1.0,2.3421136920727768e-06,2359350708.6430492,False
5526,+87380+19368,17.399019579417622,78.49523867926281,built_up,Medium,38.010773,0.25315905,Cool roof,427046.71354427113,1.0,2.3416641980464084e-06,2359777755.3565936,False
5527,+87321+19419,17.44483365890495,78.44223807750296,built_up,Medium,38.010223,0.2755842,Cool roof,426942.18816535256,1.0,2.3422374919123827e-06,2360204697.544759,False
5528,+87322+19384,17.413392623962668,78.44313639278703,built_up,Medium,38.008972,0.2434324,Cool roof,427013.9501507122,1.0,2.341843866335176e-06,2360631711.4949093,False
5529,+87372+19381,17.410697678110473,78.48805215699028,built_up,Medium,38.00592,0.22675449,Cool roof,427020.0952985397,1.0,2.3418101653995388e-06,2361058731.590208,False
5530,+87332+19417,17.44303702833682,78.45211954562768,built_up,Medium,38.004364,0.2663245,Cool roof,426946.29225398856,1.0,2.3422149767847243e-06,2361485677.882462,False
5531,+87321+19391,17.419680830951123,78.44223807750296,built_up,Medium,38.003387,0.26937088,Cool roof,426999.6078621065,1.0,2.3419225254252125e-06,2361912677.490324,False
5532,+87368+19415,17.44124039776869,78.48445889585402,built_up,Medium,38.001495,0.21276954,Cool roof,426950.395930064,1.0,2.342192464353174e-06,2362339627.8862543,False
5533,+87330+19405,17.43225724492804,78.45032291505954,built_up,Medium,37.999573,0.25173265,Cool roof,426970.90812192473,1.0,2.3420799426326314e-06,2362766598.7943764,False
5534,+87376+19385,17.414290939246733,78.49164541812655,built_up,Medium,37.99875,0.25216636,Cool roof,427011.90156179626,1.0,2.3418551013273855e-06,2363193610.695938,False
5535,+87318+19390,17.418782515667058,78.43954313165077,built_up,Medium,37.997314,0.24802257,Cool roof,427001.65706993314,1.0,2.341911286391619e-06,2363620612.3530083,False
5536,+87344+19388,17.416985885098928,78.46289932903646,built_up,Medium,37.997284,0.17846337,Cool roof,427005.7551761335,1.0,2.341888810345226e-06,2364047618.1081843,False
5537,+87330+19414,17.440342082484626,78.45032291505954,built_up,Medium,37.99524,0.23609334,Cool roof,426952.4476133907,1.0,2.3421812091483994e-06,2364474570.5557976,False
5538,+87320+19413,17.439443767200558,78.44133976221889,built_up,Medium,37.992523,0.26312414,Cool roof,426954.49919357605,1.0,2.342169954617604e-06,2364901525.0549912,False
5539,+87329+19375,17.40530778640608,78.44942459977548,built_up,Medium,37.990753,0.25497773,Cool roof,427032.38280901685,1.0,2.3417427817113192e-06,2365328557.4378004,False
5540,+87374+19386,17.415189254530798,78.48984878755842,built_up,Medium,37.98999,0.26201704,Cool roof,427009.85286972753,1.0,2.34186633699312e-06,2365755567.29067,False
5541,+87396+19418,17.443935343620886,78.50961172380785,built_up,Medium,37.989227,0.22814265,Cool roof,426944.24026124045,1.0,2.3422262340115322e-06,2366182511.530931,False
5542,+87365+19413,17.439443767200558,78.48176395000183,built_up,Medium,37.988983,0.2716317,Cool roof,426954.49919357605,1.0,2.342169954617604e-06,2366609466.0301247,False
5543,+87398+19396,17.42417240737145,78.51140835437599,built_up,Medium,37.988586,0.1893817,Cool roof,426989.3602757261,1.0,2.341978730697775e-06,2367036455.3904004,False
5544,+87332+19382,17.41159599339454,78.45211954562768,built_up,Medium,37.98535,0.24618143,Cool roof,427018.0470190842,1.0,2.3418213983712686e-06,2367463473.4374194,False
5545,+87327+19416,17.442138713052756,78.44762796920735,built_up,Medium,37.98465,0.25865248,Cool roof,426948.3441435965,1.0,2.342203720231944e-06,2367890421.781563,False
5546,+87358+19376,17.406206101690145,78.47547574301338,built_up,Medium,37.98416,0.256235,Cool roof,427030.3351484935,1.0,2.34175401064251e-06,2368317452.116711,False
5547,+87329+19415,17.44124039776869,78.44942459977548,built_up,Medium,37.983887,0.272203,Cool roof,426950.395930064,1.0,2.342192464353174e-06,2368744402.5126414,False
5548,+87394+19421,17.44663028947308,78.50781509323971,built_up,Medium,37.983856,0.26166806,Cool roof,426938.0836641594,1.0,2.3422600097362737e-06,2369171340.5963054,False
5549,+87331+19413,17.439443767200558,78.4512212303436,built_up,Medium,37.983734,0.2520389,Cool roof,426954.49919357605,1.0,2.342169954617604e-06,2369598295.095499,False
5550,+87388+19418,17.443935343620886,78.50242520153533,built_up,Medium,37.982513,0.26751608,Cool roof,426944.24026124045,1.0,2.3422262340115322e-06,2370025239.33576,False
5551,+87375+19388,17.416985885098928,78.49074710284248,built_up,Medium,37.98233,0.2660991,Cool roof,427005.7551761335,1.0,2.341888810345226e-06,2370452245.090936,False
5552,+87332+19389,17.417884200382993,78.45211954562768,built_up,Medium,37.98111,0.22932112,Cool roof,427003.7061746089,1.0,2.3419000480316284e-06,2370879248.7971106,False
5553,+87316+19403,17.43046061435991,78.43774650108263,built_up,Medium,37.979675,0.2080443,Cool roof,426975.0093225714,1.0,2.3420574463750857e-06,2371306223.806433,False
5554,+87331+19415,17.44124039776869,78.4512212303436,built_up,Medium,37.97641,0.26146078,Cool roof,426950.395930064,1.0,2.342192464353174e-06,2371733174.2023635,False
5555,+87335+19375,17.40530778640608,78.45481449147987,built_up,Medium,37.976288,0.27025414,Cool roof,427032.38280901685,1.0,2.3417427817113192e-06,2372160206.5851727,False
5556,+87342+19396,17.42417240737145,78.46110269846832,built_up,Medium,37.975952,0.21736597,Cool roof,426989.3602757261,1.0,2.341978730697775e-06,2372587195.9454484,False
5557,+87330+19415,17.44124039776869,78.45032291505954,built_up,Medium,37.973663,0.24538003,Cool roof,426950.395930064,1.0,2.342192464353174e-06,2373014146.3413787,False
5558,+87328+19387,17.416087569814863,78.44852628449141,built_up,Medium,37.973206,0.23811725,Cool roof,427007.8040745065,1.0,2.341877573332395e-06,2373441154.145453,False
5559,+87332+19411,17.437647136632428,78.45211954562768,built_up,Medium,37.972626,0.2460228,Cool roof,426958.6020445212,1.0,2.3421474475778915e-06,2373868112.7474976,False
5560,+87337+19391,17.419680830951123,78.456611122048,built_up,Medium,37.972626,0.25179434,Cool roof,426999.6078621065,1.0,2.3419225254252125e-06,2374295112.3553596,False
5561,+87326+19416,17.442138713052756,78.44672965392328,built_up,Medium,37.96997,0.23931427,Cool roof,426948.3441435965,1.0,2.342203720231944e-06,2374722060.699503,False
5562,+87396+19398,17.42596903793958,78.50961172380785,built_up,Medium,37.969513,0.25059095,Cool roof,426985.2605191322,1.0,2.3420012175225717e-06,2375149045.960022,False
5563,+87333+19382,17.41159599339454,78.45301786091174,built_up,Medium,37.968475,0.22712104,Cool roof,427018.0470190842,1.0,2.3418213983712686e-06,2375576064.007041,False
5564,+87315+19415,17.44124039776869,78.43684818579857,built_up,Medium,37.967804,0.22032014,Cool roof,426950.395930064,1.0,2.342192464353174e-06,2376003014.4029713,False
5565,+87317+19415,17.44124039776869,78.43864481636669,built_up,Medium,37.966858,0.21316335,Cool roof,426950.395930064,1.0,2.342192464353174e-06,2376429964.7989016,False
5566,+87322+19394,17.42237577680332,78.44313639278703,built_up,Medium,37.96646,0.25987208,Cool roof,426993.45961972617,1.0,2.341956246567769e-06,2376856958.258521,False
5567,+87374+19391,17.419680830951123,78.48984878755842,built_up,Medium,37.964264,0.2621624,Cool roof,426999.6078621065,1.0,2.3419225254252125e-06,2377283957.866383,False
5568,+87405+19389,17.417884200382993,78.51769656136443,built_up,Medium,37.960022,0.24607342,Cool roof,427003.7061746089,1.0,2.3419000480316284e-06,2377710961.5725574,False
5569,+87337+19402,17.42956229907584,78.456611122048,built_up,Medium,37.957184,0.22122192,Cool roof,426977.0597681764,1.0,2.3420461992570315e-06,2378137938.6323256,False
5570,+87374+19387,17.416087569814863,78.48984878755842,built_up,Medium,37.956818,0.27149722,Cool roof,427007.8040745065,1.0,2.341877573332395e-06,2378564946.4364,False
5571,+87318+19360,17.391833057145103,78.43954313165077,built_up,Medium,37.9545,0.26560053,Cool roof,427063.08533784345,1.0,2.3415744285388524e-06,2378992009.5217376,False
5572,+87406+19389,17.417884200382993,78.5185948766485,built_up,Medium,37.950653,0.25687477,Cool roof,427003.7061746089,1.0,2.3419000480316284e-06,2379419013.227912,False
5573,+87332+19416,17.442138713052756,78.45211954562768,built_up,Medium,37.94818,0.2602123,Cool roof,426948.3441435965,1.0,2.342203720231944e-06,2379845961.5720553,False
5574,+87329+19374,17.404409471122015,78.44942459977548,built_up,Medium,37.945953,0.250129,Cool roof,427034.4303663836,1.0,2.3417315534534955e-06,2380272996.002422,False
5575,+87319+19386,17.415189254530798,78.44044144693483,built_up,Medium,37.93875,0.25213018,Cool roof,427009.85286972753,1.0,2.34186633699312e-06,2380700005.8552914,False
5576,+87346+19373,17.40351115583795,78.46469595960458,built_up,Medium,37.936523,0.23990726,Cool roof,427036.4778205931,1.0,2.341720325869025e-06,2381127042.333112,False
5577,+87332+19387,17.416087569814863,78.45211954562768,built_up,Medium,37.935516,0.24156567,Cool roof,427007.8040745065,1.0,2.341877573332395e-06,2381554050.137186,False
5578,+87336+19411,17.437647136632428,78.45571280676394,built_up,Medium,37.93515,0.22995088,Cool roof,426958.6020445212,1.0,2.3421474475778915e-06,2381981008.7392306,False
5579,+87368+19388,17.416985885098928,78.48445889585402,built_up,Medium,37.934967,0.26787138,Cool roof,427005.7551761335,1.0,2.341888810345226e-06,2382408014.4944067,False
5580,+87317+19361,17.392731372429168,78.43864481636669,built_up,Medium,37.933563,0.25775203,Cool roof,427061.0392247119,1.0,2.3415856473711663e-06,2382835075.5336313,False
5581,+87327+19421,17.44663028947308,78.44762796920735,built_up,Medium,37.932404,0.2209452,Cool roof,426938.0836641594,1.0,2.3422600097362737e-06,2383262013.6172953,False
5582,+87398+19395,17.423274092087386,78.51140835437599,built_up,Medium,37.929962,0.25724357,Cool roof,426991.4099993005,1.0,2.3419674882959313e-06,2383689005.0272946,False
5583,+87322+19391,17.419680830951123,78.44313639278703,built_up,Medium,37.927094,0.23551078,Cool roof,426999.6078621065,1.0,2.3419225254252125e-06,2384116004.6351566,False
5584,+87323+19385,17.414290939246733,78.44403470807109,built_up,Medium,37.926666,0.26647028,Cool roof,427011.90156179626,1.0,2.3418551013273855e-06,2384543016.5367184,False
5585,+87330+19410,17.436748821348363,78.45032291505954,built_up,Medium,37.926483,0.2616387,Cool roof,426960.65331528033,1.0,2.3421361950689414e-06,2384969977.1900334,False
5586,+87331+19385,17.414290939246733,78.4512212303436,built_up,Medium,37.92621,0.26366913,Cool roof,427011.90156179626,1.0,2.3418551013273855e-06,2385396989.091595,False
5587,+87379+19370,17.400816209985756,78.49434036397874,built_up,Medium,37.92569,0.17276724,Cool roof,427042.6195642755,1.0,2.3416866471555702e-06,2385824031.711159,False
5588,+87374+19372,17.402612840553886,78.48984878755842,built_up,Medium,37.924774,0.18948992,Cool roof,427038.5251716453,1.0,2.3417090989578906e-06,2386251070.236331,False
5589,+87396+19399,17.426867353223646,78.50961172380785,built_up,Medium,37.924347,0.22529966,Cool roof,426983.2104861137,1.0,2.3420124619455547e-06,2386678053.446817,False
5590,+87326+19389,17.417884200382993,78.44672965392328,built_up,Medium,37.924164,0.25462866,Cool roof,427003.7061746089,1.0,2.3419000480316284e-06,2387105057.1529913,False
5591,+87394+19417,17.44303702833682,78.50781509323971,built_up,Medium,37.921234,0.25954267,Cool roof,426946.29225398856,1.0,2.3422149767847243e-06,2387532003.4452453,False
5592,+87324+19420,17.445731974189016,78.44493302335515,built_up,Medium,37.916656,0.2564536,Cool roof,426940.13596632547,1.0,2.342248750487291e-06,2387958943.5812116,False
5593,+87338+19390,17.418782515667058,78.45750943733206,built_up,Medium,37.914154,0.18473668,Cool roof,427001.65706993314,1.0,2.341911286391619e-06,2388385945.2382817,False
5594,+87321+19395,17.423274092087386,78.44223807750296,built_up,Medium,37.912994,0.24994239,Cool roof,426991.4099993005,1.0,2.3419674882959313e-06,2388812936.648281,False
5595,+87314+19402,17.42956229907584,78.4359498705145,built_up,Medium,37.911316,0.22506149,Cool roof,426977.0597681764,1.0,2.3420461992570315e-06,2389239913.7080493,False
5596,+87336+19386,17.415189254530798,78.45571280676394,built_up,Medium,37.91098,0.20421708,Cool roof,427009.85286972753,1.0,2.34186633699312e-06,2389666923.560919,False
5597,+87344+19417,17.44303702833682,78.46289932903646,built_up,Medium,37.910156,0.24780945,Cool roof,426946.29225398856,1.0,2.3422149767847243e-06,2390093869.853173,False
5598,+87331+19417,17.44303702833682,78.4512212303436,built_up,Medium,37.907806,0.26168853,Cool roof,426946.29225398856,1.0,2.3422149767847243e-06,2390520816.1454268,False
5599,+87334+19387,17.416087569814863,78.4539161761958,built_up,Medium,37.907562,0.2164725,Cool roof,427007.8040745065,1.0,2.341877573332395e-06,2390947823.949501,False
5600,+87407+19370,17.400816209985756,78.51949319193257,built_up,Medium,37.90622,0.24527043,Cool roof,427042.6195642755,1.0,2.3416866471555702e-06,2391374866.569065,False
5601,+87393+19394,17.42237577680332,78.50691677795565,built_up,Medium,37.906036,0.23700799,Cool roof,426993.45961972617,1.0,2.341956246567769e-06,2391801860.0286846,False
5602,+87392+19399,17.426867353223646,78.50601846267159,built_up,Medium,37.904022,0.21258412,Cool roof,426983.2104861137,1.0,2.3420124619455547e-06,2392228843.2391706,False
5603,+87316+19415,17.44124039776869,78.43774650108263,built_up,Medium,37.900665,0.2363468,Cool roof,426950.395930064,1.0,2.342192464353174e-06,2392655793.635101,False
5604,+87331+19384,17.413392623962668,78.4512212303436,built_up,Medium,37.899445,0.2409118,Cool roof,427013.9501507122,1.0,2.341843866335176e-06,2393082807.5852513,False
5605,+87396+19415,17.44124039776869,78.50961172380785,built_up,Medium,37.8981,0.21660313,Cool roof,426950.395930064,1.0,2.342192464353174e-06,2393509757.9811816,False
5606,+87325+19418,17.443935343620886,78.44583133863922,built_up,Medium,37.896484,0.21509841,Cool roof,426944.24026124045,1.0,2.3422262340115322e-06,2393936702.2214427,False
5607,+87333+19412,17.438545451916493,78.45301786091174,built_up,Medium,37.89612,0.26140478,Cool roof,426956.55067061976,1.0,2.342158700760773e-06,2394363658.7721133,False
5608,+87318+19415,17.44124039776869,78.43954313165077,built_up,Medium,37.894867,0.25726756,Cool roof,426950.395930064,1.0,2.342192464353174e-06,2394790609.1680436,False
5609,+87331+19389,17.417884200382993,78.4512212303436,built_up,Medium,37.89264,0.21873163,Cool roof,427003.7061746089,1.0,2.3419000480316284e-06,2395217612.874218,False
5610,+87362+19380,17.409799362826405,78.47906900414964,built_up,Medium,37.881683,0.23591584,Cool roof,427022.1434748407,1.0,2.3417989331012717e-06,2395644635.017693,False
5611,+87327+19386,17.415189254530798,78.44762796920735,built_up,Medium,37.87918,0.21835715,Cool roof,427009.85286972753,1.0,2.34186633699312e-06,2396071644.8705626,False
5612,+87397+19417,17.44303702833682,78.51051003909191,built_up,Medium,37.877655,0.22816153,Cool roof,426946.29225398856,1.0,2.3422149767847243e-06,2396498591.1628165,False
5613,+87315+19383,17.412494308678603,78.43684818579857,built_up,Medium,37.877045,0.2518547,Cool roof,427015.99863647495,1.0,2.341832632016476e-06,2396925607.161453,False
5614,+87336+19385,17.414290939246733,78.45571280676394,built_up,Medium,37.873413,0.17390564,Cool roof,427011.90156179626,1.0,2.3418551013273855e-06,2397352619.0630145,False
5615,+87313+19408,17.434952190780233,78.43505155523043,built_up,Medium,37.86676,0.25324517,Cool roof,426964.7555473694,1.0,2.3421136920727768e-06,2397779583.818562,False
5616,+87328+19385,17.414290939246733,78.44852628449141,built_up,Medium,37.8656,0.2249908,Cool roof,427011.90156179626,1.0,2.3418551013273855e-06,2398206595.720124,False
5617,+87336+19397,17.425070722655516,78.45571280676394,built_up,Medium,37.865265,0.26423356,Cool roof,426987.3104490032,1.0,2.3419899737733167e-06,2398633583.030573,False
5618,+87337+19394,17.42237577680332,78.456611122048,built_up,Medium,37.854492,0.24319051,Cool roof,426993.45961972617,1.0,2.341956246567769e-06,2399060576.4901924,False
5619,+87328+19364,17.395426318281363,78.44852628449141,built_up,Medium,37.85379,0.24879,Cool roof,427054.9002663456,1.0,2.341619307907063e-06,2399487631.3904586,False
5620,+87339+19403,17.43046061435991,78.45840775261613,built_up,Medium,37.852753,0.20755509,Cool roof,426975.0093225714,1.0,2.3420574463750857e-06,2399914606.399781,False
5621,+87332+19383,17.412494308678603,78.45211954562768,built_up,Medium,37.84842,0.24725983,Cool roof,427015.99863647495,1.0,2.341832632016476e-06,2400341622.3984175,False
5622,+87343+19396,17.42417240737145,78.4620010137524,built_up,Medium,37.84262,0.20669584,Cool roof,426989.3602757261,1.0,2.341978730697775e-06,2400768611.758693,False
5623,+87323+19360,17.391833057145103,78.44403470807109,built_up,Medium,37.84018,0.24974094,Cool roof,427063.08533784345,1.0,2.3415744285388524e-06,2401195674.844031,False
5624,+87408+19371,17.40171452526982,78.52039150721663,built_up,Medium,37.82965,0.23605464,Cool roof,427040.5724195397,1.0,2.341697872720077e-06,2401622715.4164505,False
5625,+87371+19375,17.40530778640608,78.48715384170622,built_up,Medium,37.82901,0.25648853,Cool roof,427032.38280901685,1.0,2.3417427817113192e-06,2402049747.7992597,False
5626,+87366+19411,17.437647136632428,78.4826622652859,built_up,Medium,37.828125,0.21576543,Cool roof,426958.6020445212,1.0,2.3421474475778915e-06,2402476706.4013042,False
5627,+87332+19413,17.439443767200558,78.45211954562768,built_up,Medium,37.82657,0.21759853,Cool roof,426954.49919357605,1.0,2.342169954617604e-06,2402903660.900498,False
5628,+87336+19384,17.413392623962668,78.45571280676394,built_up,Medium,37.821747,0.18311672,Cool roof,427013.9501507122,1.0,2.341843866335176e-06,2403330674.8506484,False
5629,+87325+19394,17.42237577680332,78.44583133863922,built_up,Medium,37.820496,0.25233737,Cool roof,426993.45961972617,1.0,2.341956246567769e-06,2403757668.310268,False
5630,+87343+19409,17.4358505060643,78.4620010137524,built_up,Medium,37.8201,0.23415685,Cool roof,426962.70448289654,1.0,2.342124943233908e-06,2404184631.014751,False
5631,+87400+19421,17.44663028947308,78.51320498494411,built_up,Medium,37.817474,0.22850925,Cool roof,426938.0836641594,1.0,2.3422600097362737e-06,2404611569.098415,False
5632,+87320+19415,17.44124039776869,78.44133976221889,built_up,Medium,37.806732,0.22420165,Cool roof,426950.395930064,1.0,2.342192464353174e-06,2405038519.494345,False
5633,+87395+19400,17.42776566850771,78.50871340852379,built_up,Medium,37.80655,0.25417206,Cool roof,426981.160349948,1.0,2.3420237070422817e-06,2405465500.654695,False
5634,+87314+19408,17.434952190780233,78.4359498705145,built_up,Medium,37.801605,0.25094292,Cool roof,426964.7555473694,1.0,2.3421136920727768e-06,2405892465.4102426,False
5635,+87405+19373,17.40351115583795,78.51769656136443,built_up,Medium,37.801117,0.2446951,Cool roof,427036.4778205931,1.0,2.341720325869025e-06,2406319501.888063,False
5636,+87332+19401,17.428663983791775,78.45211954562768,built_up,Medium,37.800873,0.2517666,Cool roof,426979.11011063546,1.0,2.3420349528127683e-06,2406746480.9981737,False
5637,+87331+19401,17.428663983791775,78.4512212303436,built_up,Medium,37.800446,0.2309689,Cool roof,426979.11011063546,1.0,2.3420349528127683e-06,2407173460.1082845,False
5638,+87328+19391,17.419680830951123,78.44852628449141,built_up,Medium,37.799835,0.23616962,Cool roof,426999.6078621065,1.0,2.3419225254252125e-06,2407600459.7161465,False
5639,+87396+19394,17.42237577680332,78.50961172380785,built_up,Medium,37.79825,0.2397271,Cool roof,426993.45961972617,1.0,2.341956246567769e-06,2408027453.175766,False
5640,+87317+19416,17.442138713052756,78.43864481636669,built_up,Medium,37.79236,0.21866529,Cool roof,426948.3441435965,1.0,2.342203720231944e-06,2408454401.5199094,False
5641,+87337+19392,17.42057914623519,78.456611122048,built_up,Medium,37.792206,0.24654716,Cool roof,426997.55855112965,1.0,2.3419337651324247e-06,2408881399.0784607,False
5642,+87329+19379,17.40890104754234,78.44942459977548,built_up,Medium,37.788483,0.22787581,Cool roof,427024.1915479869,1.0,2.3417877014764513e-06,2409308423.2700086,False
5643,+87376+19386,17.415189254530798,78.49164541812655,built_up,Medium,37.787537,0.25250852,Cool roof,427009.85286972753,1.0,2.34186633699312e-06,2409735433.122878,False
5644,+87375+19385,17.414290939246733,78.49074710284248,built_up,Medium,37.783356,0.24190436,Cool roof,427011.90156179626,1.0,2.3418551013273855e-06,2410162445.02444,False
5645,+87315+19409,17.4358505060643,78.43684818579857,built_up,Medium,37.779327,0.25209203,Cool roof,426962.70448289654,1.0,2.342124943233908e-06,2410589407.728923,False
5646,+87389+19353,17.385544850156645,78.50332351681939,built_up,Medium,37.775116,0.20505512,Cool roof,427077.40524118865,1.0,2.3414959155595174e-06,2411016485.134164,False
5647,+87341+19414,17.440342082484626,78.46020438318426,built_up,Medium,37.768463,0.19730225,Cool roof,426952.4476133907,1.0,2.3421812091483994e-06,2411443437.581777,False
5648,+87325+19416,17.442138713052756,78.44583133863922,built_up,Medium,37.767548,0.24103603,Cool roof,426948.3441435965,1.0,2.342203720231944e-06,2411870385.9259205,False
5649,+87335+19384,17.413392623962668,78.45481449147987,built_up,Medium,37.764496,0.19326141,Cool roof,427013.9501507122,1.0,2.341843866335176e-06,2412297399.876071,False
5650,+87336+19398,17.42596903793958,78.45571280676394,built_up,Medium,37.76114,0.2520907,Cool roof,426985.2605191322,1.0,2.3420012175225717e-06,2412724385.13659,False
5651,+87333+19411,17.437647136632428,78.45301786091174,built_up,Medium,37.757965,0.25463852,Cool roof,426958.6020445212,1.0,2.3421474475778915e-06,2413151343.7386346,False
5652,+87341+19397,17.425070722655516,78.46020438318426,built_up,Medium,37.754303,0.2501567,Cool roof,426987.3104490032,1.0,2.3419899737733167e-06,2413578331.0490837,False
5653,+87375+19386,17.415189254530798,78.49074710284248,built_up,Medium,37.753265,0.254888,Cool roof,427009.85286972753,1.0,2.34186633699312e-06,2414005340.901953,False
5654,+87339+19391,17.419680830951123,78.45840775261613,built_up,Medium,37.740204,0.19784598,Cool roof,426999.6078621065,1.0,2.3419225254252125e-06,2414432340.509815,False
5655,+87337+19383,17.412494308678603,78.456611122048,built_up,Medium,37.738403,0.23722735,Cool roof,427015.99863647495,1.0,2.341832632016476e-06,2414859356.5084515,False
5656,+87371+19376,17.406206101690145,78.48715384170622,built_up,Medium,37.73822,0.21644416,Cool roof,427030.3351484935,1.0,2.34175401064251e-06,2415286386.8436,False
5657,+87318+19414,17.440342082484626,78.43954313165077,built_up,Medium,37.734528,0.24101354,Cool roof,426952.4476133907,1.0,2.3421812091483994e-06,2415713339.291213,False
5658,+87338+19382,17.41159599339454,78.45750943733206,built_up,Medium,37.72702,0.20322758,Cool roof,427018.0470190842,1.0,2.3418213983712686e-06,2416140357.338232,False
5659,+87314+19412,17.438545451916493,78.4359498705145,built_up,Medium,37.72586,0.25344354,Cool roof,426956.55067061976,1.0,2.342158700760773e-06,2416567313.8889027,False
5660,+87338+19394,17.42237577680332,78.45750943733206,built_up,Medium,37.720245,0.21780172,Cool roof,426993.45961972617,1.0,2.341956246567769e-06,2416994307.348522,False
5661,+87339+19397,17.425070722655516,78.45840775261613,built_up,Medium,37.720184,0.251726,Cool roof,426987.3104490032,1.0,2.3419899737733167e-06,2417421294.6589713,False
5662,+87343+19387,17.416087569814863,78.4620010137524,built_up,Medium,37.719513,0.22711189,Cool roof,427007.8040745065,1.0,2.341877573332395e-06,2417848302.4630456,False
5663,+87396+19416,17.442138713052756,78.50961172380785,built_up,Medium,37.717743,0.23380935,Cool roof,426948.3441435965,1.0,2.342203720231944e-06,2418275250.807189,False
5664,+87368+19412,17.438545451916493,78.48445889585402,built_up,Medium,37.7153,0.23041748,Cool roof,426956.55067061976,1.0,2.342158700760773e-06,2418702207.3578596,False
5665,+87316+19406,17.433155560212104,78.43774650108263,built_up,Medium,37.71524,0.2418972,Cool roof,426968.857366884,1.0,2.3420911917721534e-06,2419129176.2152267,False
5666,+87375+19384,17.413392623962668,78.49074710284248,built_up,Medium,37.713165,0.23779921,Cool roof,427013.9501507122,1.0,2.341843866335176e-06,2419556190.165377,False
5667,+87408+19372,17.402612840553886,78.52039150721663,built_up,Medium,37.710114,0.24024014,Cool roof,427038.5251716453,1.0,2.3417090989578906e-06,2419983228.690549,False
5668,+87324+19416,17.442138713052756,78.44493302335515,built_up,Medium,37.70984,0.23306017,Cool roof,426948.3441435965,1.0,2.342203720231944e-06,2420410177.0346923,False
5669,+87379+19368,17.399019579417622,78.49434036397874,built_up,Medium,37.707977,0.21544111,Cool roof,427046.71354427113,1.0,2.3416641980464084e-06,2420837223.7482367,False
5670,+87373+19376,17.406206101690145,78.48895047227435,built_up,Medium,37.697235,0.23717487,Cool roof,427030.3351484935,1.0,2.34175401064251e-06,2421264254.083385,False
5671,+87313+19405,17.43225724492804,78.43505155523043,built_up,Medium,37.69284,0.2471365,Cool roof,426970.90812192473,1.0,2.3420799426326314e-06,2421691224.991507,False
5672,+87334+19382,17.41159599339454,78.4539161761958,built_up,Medium,37.68335,0.24172771,Cool roof,427018.0470190842,1.0,2.3418213983712686e-06,2422118243.038526,False
5673,+87351+19376,17.406206101690145,78.46918753602492,built_up,Medium,37.68277,0.24725099,Cool roof,427030.3351484935,1.0,2.34175401064251e-06,2422545273.3736744,False
5674,+87378+19374,17.404409471122015,78.49344204869467,built_up,Medium,37.66629,0.24454123,Cool roof,427034.4303663836,1.0,2.3417315534534955e-06,2422972307.804041,False
5675,+87353+19367,17.398121264133557,78.47098416659304,built_up,Medium,37.65744,0.23597047,Cool roof,427048.7603795299,1.0,2.3416529745017237e-06,2423399356.56442,False
5676,+87320+19414,17.440342082484626,78.44133976221889,built_up,Medium,37.648163,0.23208396,Cool roof,426952.4476133907,1.0,2.3421812091483994e-06,2423826309.0120335,False
5677,+87313+19403,17.43046061435991,78.43505155523043,built_up,Medium,37.641083,0.23952347,Cool roof,426975.0093225714,1.0,2.3420574463750857e-06,2424253284.021356,False
5678,+87377+19373,17.40351115583795,78.49254373341061,built_up,Medium,37.636505,0.2385064,Cool roof,427036.4778205931,1.0,2.341720325869025e-06,2424680320.4991765,False
5679,+87373+19377,17.40710441697421,78.48895047227435,built_up,Medium,37.635345,0.21995772,Cool roof,427028.28738481377,1.0,2.3417652402470857e-06,2425107348.7865615,False
5680,+87324+19421,17.44663028947308,78.44493302335515,built_up,Medium,37.625305,0.21745482,Cool roof,426938.0836641594,1.0,2.3422600097362737e-06,2425534286.8702254,False
5681,+87316+19381,17.410697678110473,78.43774650108263,built_up,Medium,37.622192,0.24092348,Cool roof,427020.0952985397,1.0,2.3418101653995388e-06,2425961306.965524,False
5682,+87314+19403,17.43046061435991,78.4359498705145,built_up,Medium,37.595886,0.23640859,Cool roof,426975.0093225714,1.0,2.3420574463750857e-06,2426388281.974847,False
5683,+87332+19384,17.413392623962668,78.45211954562768,built_up,Medium,37.59494,0.21109971,Cool roof,427013.9501507122,1.0,2.341843866335176e-06,2426815295.9249973,False
5684,+87335+19383,17.412494308678603,78.45481449147987,built_up,Medium,37.59378,0.24008654,Cool roof,427015.99863647495,1.0,2.341832632016476e-06,2427242311.9236336,False
5685,+87317+19401,17.428663983791775,78.43864481636669,built_up,Medium,37.589935,0.23694596,Cool roof,426979.11011063546,1.0,2.3420349528127683e-06,2427669291.0337443,False
5686,+87313+19412,17.438545451916493,78.43505155523043,built_up,Medium,37.588013,0.22564805,Cool roof,426956.55067061976,1.0,2.342158700760773e-06,2428096247.584415,False
5687,+87397+19416,17.442138713052756,78.51051003909191,built_up,Medium,37.574615,0.23569572,Cool roof,426948.3441435965,1.0,2.342203720231944e-06,2428523195.9285583,False
5688,+87341+19404,17.431358929643974,78.46020438318426,built_up,Medium,37.573944,0.24073273,Cool roof,426972.9587738207,1.0,2.342068694166947e-06,2428950168.887332,False
5689,+87377+19371,17.40171452526982,78.49254373341061,built_up,Medium,37.56125,0.17280522,Cool roof,427040.5724195397,1.0,2.341697872720077e-06,2429377209.4597516,False
5690,+87338+19403,17.43046061435991,78.45750943733206,built_up,Medium,37.549652,0.23036616,Cool roof,426975.0093225714,1.0,2.3420574463750857e-06,2429804184.4690742,False
5691,+87339+19399,17.426867353223646,78.45840775261613,built_up,Medium,37.54538,0.23565137,Cool roof,426983.2104861137,1.0,2.3420124619455547e-06,2430231167.67956,False
5692,+87340+19394,17.42237577680332,78.4593060679002,built_up,Medium,37.54065,0.19019353,Cool roof,426993.45961972617,1.0,2.341956246567769e-06,2430658161.1391797,False
5693,+87375+19372,17.402612840553886,78.49074710284248,built_up,Medium,37.497223,0.19195257,Cool roof,427038.5251716453,1.0,2.3417090989578906e-06,2431085199.6643515,False
5694,+87334+19384,17.413392623962668,78.4539161761958,built_up,Medium,37.4747,0.22402509,Cool roof,427013.9501507122,1.0,2.341843866335176e-06,2431512213.614502,False
5695,+87341+19394,17.42237577680332,78.46020438318426,built_up,Medium,37.461517,0.21077158,Cool roof,426993.45961972617,1.0,2.341956246567769e-06,2431939207.0741215,False
5696,+87316+19401,17.428663983791775,78.43774650108263,built_up,Medium,37.41855,0.22638504,Cool roof,426979.11011063546,1.0,2.3420349528127683e-06,2432366186.184232,False
5697,+87391+19419,17.44483365890495,78.50512014738753,built_up,Medium,37.38971,0.22540459,Cool roof,426942.18816535256,1.0,2.3422374919123827e-06,2432793128.3723974,False
5698,+87341+19398,17.42596903793958,78.46020438318426,built_up,Medium,37.375824,0.21313985,Cool roof,426985.2605191322,1.0,2.3420012175225717e-06,2433220113.6329165,False
5699,+87338+19391,17.419680830951123,78.45750943733206,built_up,Medium,37.36557,0.13632883,Cool roof,426999.6078621065,1.0,2.3419225254252125e-06,2433647113.2407784,False
5700,+87374+19373,17.40351115583795,78.48984878755842,built_up,Medium,37.361847,0.21058181,Cool roof,427036.4778205931,1.0,2.341720325869025e-06,2434074149.718599,False
5701,+87379+19369,17.399917894701687,78.49434036397874,built_up,Medium,37.30014,0.20235401,Cool roof,427044.66660585295,1.0,2.3416754222643517e-06,2434501194.385205,False
5702,+87377+19372,17.402612840553886,78.49254373341061,built_up,Medium,37.299652,0.17659894,Cool roof,427038.5251716453,1.0,2.3417090989578906e-06,2434928232.9103765,False
5703,+87342+19398,17.42596903793958,78.46110269846832,built_up,Medium,37.28955,0.20366561,Cool roof,426985.2605191322,1.0,2.3420012175225717e-06,2435355218.1708956,False
5704,+87342+19399,17.426867353223646,78.46110269846832,built_up,Medium,37.019928,0.18470515,Cool roof,426983.2104861137,1.0,2.3420124619455547e-06,2435782201.3813815,False
5705,+87394+19350,17.38284990430445,78.50781509323971,grassland,Medium,43.431946,0.36240762,Tree cover,355902.9506626246,0.8,2.2478037861460546e-06,2436138104.332044,False
5706,+87396+19347,17.380154958452252,78.50961172380785,cropland,Medium,41.59912,0.43224227,Tree cover,355908.06285050954,0.8,2.2477714991694934e-06,2436494012.3948946,False
5707,+87393+19345,17.378358327884122,78.50691677795565,grassland,Medium,41.524567,0.34191653,Tree cover,355911.47054590104,0.8,2.2477499777485425e-06,2436849923.8654404,False
5708,+87396+19345,17.378358327884122,78.50961172380785,shrubland,Medium,41.52188,0.37616,Tree cover,355911.47054590104,0.8,2.2477499777485425e-06,2437205835.335986,False
5709,+87397+19347,17.380154958452252,78.51051003909191,cropland,Medium,41.05014,0.34302077,Tree cover,355908.06285050954,0.8,2.2477714991694934e-06,2437561743.3988366,False
5710,+87411+19403,17.43046061435991,78.52308645306883,grassland,Medium,41.03488,0.41551134,Tree cover,355812.50776880945,0.8,2.248375148520083e-06,2437917555.9066052,False
5711,+87339+19420,17.445731974189016,78.45840775261613,grassland,Medium,41.018616,0.3220353,Tree cover,355783.44663860457,0.8,2.2485588004677994e-06,2438273339.353244,False
5712,+87375+19346,17.379256643168187,78.49074710284248,grassland,Medium,41.01306,0.2914791,Tree cover,355909.766741192,0.8,2.2477607381360187e-06,2438629249.119985,False
5713,+87403+19414,17.440342082484626,78.51589993079631,grassland,Medium,40.932953,0.29210734,Tree cover,355793.70634449227,0.8,2.248493960782463e-06,2438985042.8263297,False
5714,+87399+19415,17.44124039776869,78.51230666966005,grassland,Medium,40.90329,0.40688062,Tree cover,355791.9966083867,0.8,2.248504765779047e-06,2439340834.822938,False
5715,+87397+19346,17.379256643168187,78.51051003909191,grassland,Medium,40.891388,0.3803249,Tree cover,355909.766741192,0.8,2.2477607381360187e-06,2439696744.5896792,False
5716,+87410+19345,17.378358327884122,78.52218813778477,grassland,Medium,40.88315,0.33494768,Tree cover,355911.47054590104,0.8,2.2477499777485425e-06,2440052656.060225,False
5717,+87313+19373,17.40351115583795,78.43505155523043,shrubland,Medium,40.744385,0.34766176,Tree cover,355863.7315171609,0.8,2.2480515128342643e-06,2440408519.7917423,False
5718,+87346+19409,17.4358505060643,78.46469595960458,shrubland,Medium,40.74283,0.326744,Tree cover,355802.25373574713,0.8,2.248439945504552e-06,2440764322.045478,False
5719,+87321+19397,17.425070722655516,78.44223807750296,shrubland,Medium,40.626984,0.27183026,Tree cover,355822.7587075027,0.8,2.248310374822384e-06,2441120144.8041854,False
5720,+87340+19420,17.445731974189016,78.4593060679002,grassland,Medium,40.60251,0.3423661,Tree cover,355783.44663860457,0.8,2.2485588004677994e-06,2441475928.250824,False
5721,+87366+19379,17.40890104754234,78.4826622652859,grassland,Medium,40.554657,0.2778081,Tree cover,355853.49295665574,0.8,2.248116193417393e-06,2441831781.7437806,False
5722,+87339+19417,17.44303702833682,78.45840775261613,grassland,Medium,40.527008,0.29739672,Tree cover,355788.5768783238,0.8,2.2485263777133356e-06,2442187570.320659,False
5723,+87413+19379,17.40890104754234,78.52488308363696,shrubland,Medium,40.490692,0.28900298,Tree cover,355853.49295665574,0.8,2.248116193417393e-06,2442543423.813616,False
5724,+87412+19403,17.43046061435991,78.52398476835289,grassland,Medium,40.479034,0.35499787,Tree cover,355812.50776880945,0.8,2.248375148520083e-06,2442899236.3213844,False
5725,+87314+19379,17.40890104754234,78.4359498705145,cropland,Medium,40.45459,0.24982983,Tree cover,355853.49295665574,0.8,2.248116193417393e-06,2443255089.814341,False
5726,+87374+19346,17.379256643168187,78.48984878755842,grassland,Medium,40.444305,0.34951627,Tree cover,355909.766741192,0.8,2.2477607381360187e-06,2443610999.5810823,False
5727,+87376+19399,17.426867353223646,78.49164541812655,cropland,Medium,40.439606,0.24971539,Tree cover,355819.3420717614,0.8,2.2483319634677326e-06,2443966818.923154,False
5728,+87411+19401,17.428663983791775,78.52308645306883,grassland,Medium,40.391144,0.32893246,Tree cover,355815.9250921962,0.8,2.248353554700258e-06,2444322634.848246,False
5729,+87411+19402,17.42956229907584,78.52308645306883,grassland,Medium,40.295135,0.37252793,Tree cover,355814.21647348034,0.8,2.2483643512867506e-06,2444678449.0647197,False
5730,+87401+19414,17.440342082484626,78.51410330022817,grassland,Medium,40.282013,0.39972648,Tree cover,355793.70634449227,0.8,2.248493960782463e-06,2445034242.7710643,False
5731,+87346+19408,17.434952190780233,78.46469595960458,shrubland,Medium,40.251526,0.3253361,Tree cover,355803.9629561412,0.8,2.2484291443898657e-06,2445390046.73402,False
5732,+87412+19373,17.40351115583795,78.52398476835289,grassland,Medium,40.24536,0.27822256,Tree cover,355863.7315171609,0.8,2.2480515128342643e-06,2445745910.4655375,False
5733,+87394+19344,17.377460012600057,78.50781509323971,grassland,Medium,40.197906,0.35557288,Tree cover,355913.1742646363,0.8,2.247739218007049e-06,2446101823.639802,False
5734,+87409+19357,17.389138111292905,78.5212898225007,grassland,Medium,40.188812,0.30649891,Tree cover,355891.01921521715,0.8,2.2478791450374246e-06,2446457714.659017,False
5735,+87411+19357,17.389138111292905,78.52308645306883,grassland,Medium,40.02664,0.27921557,Tree cover,355891.01921521715,0.8,2.2478791450374246e-06,2446813605.678232,False
5736,+87409+19404,17.431358929643974,78.5212898225007,grassland,Medium,39.99301,0.33151236,Tree cover,355810.79897818394,0.8,2.2483859464002692e-06,2447169416.4772105,False
5737,+87337+19421,17.44663028947308,78.456611122048,grassland,Medium,39.981842,0.34807596,Tree cover,355781.73638679954,0.8,2.2485696093468224e-06,2447525198.2135973,False
5738,+87347+19409,17.4358505060643,78.46559427488866,shrubland,Medium,39.8721,0.3472826,Tree cover,355802.25373574713,0.8,2.248439945504552e-06,2447881000.467333,False
5739,+87409+19345,17.378358327884122,78.5212898225007,grassland,Medium,39.868378,0.3552604,Tree cover,355911.47054590104,0.8,2.2477499777485425e-06,2448236911.9378786,False
5740,+87371+19383,17.412494308678603,78.48715384170622,bare_sparse,Medium,39.800262,0.25468194,Tree cover,355846.6655303958,0.8,2.2481593267358166e-06,2448592758.603409,False
5741,+87348+19421,17.44663028947308,78.46649259017272,bare_sparse,Medium,39.7731,0.36446473,Tree cover,355781.73638679954,0.8,2.2485696093468224e-06,2448948540.3397956,False
5742,+87321+19396,17.42417240737145,78.44223807750296,shrubland,Medium,39.761658,0.26122397,Tree cover,355824.46689643845,0.8,2.248299581469864e-06,2449304364.806692,False
5743,+87413+19391,17.419680830951123,78.52488308363696,shrubland,Medium,39.754578,0.27342257,Tree cover,355833.0065517554,0.8,2.2482456244082045e-06,2449660197.813244,False
5744,+87365+19340,17.373866751463797,78.48176395000183,grassland,Medium,39.600983,0.31393543,Tree cover,355919.9882798331,0.8,2.2476961855006025e-06,2450016117.8015237,False
5745,+87412+19375,17.40530778640608,78.52398476835289,shrubland,Medium,39.544586,0.28941116,Tree cover,355860.31900751404,0.8,2.2480730704428666e-06,2450371978.120531,False
5746,+87412+19402,17.42956229907584,78.52398476835289,grassland,Medium,39.498505,0.3596938,Tree cover,355814.21647348034,0.8,2.2483643512867506e-06,2450727792.3370047,False
5747,+87335+19378,17.408002732258275,78.45481449147987,bare_sparse,Medium,39.465057,0.21590112,Tree cover,355855.199598315,0.8,2.2481054117040592e-06,2451083647.536603,False
5748,+87326+19397,17.425070722655516,78.44672965392328,shrubland,Medium,39.404144,0.32030356,Tree cover,355822.7587075027,0.8,2.248310374822384e-06,2451439470.2953105,False
5749,+87327+19397,17.425070722655516,78.44762796920735,shrubland,Medium,39.325348,0.3116895,Tree cover,355822.7587075027,0.8,2.248310374822384e-06,2451795293.054018,False
5750,+87372+19346,17.379256643168187,78.48805215699028,cropland,Medium,39.32025,0.33161995,Tree cover,355909.766741192,0.8,2.2477607381360187e-06,2452151202.8207593,False
5751,+87373+19346,17.379256643168187,78.48895047227435,grassland,Medium,39.26651,0.3282399,Tree cover,355909.766741192,0.8,2.2477607381360187e-06,2452507112.5875006,False
5752,+87360+19413,17.439443767200558,78.4772723735815,cropland,Medium,39.24225,0.35923287,Tree cover,355795.41599464667,0.8,2.2484831564329004e-06,2452862908.003495,False
5753,+87349+19420,17.445731974189016,78.46739090545678,bare_sparse,Medium,38.998505,0.2439292,Tree cover,355783.44663860457,0.8,2.2485588004677994e-06,2453218691.450134,False
5754,+87349+19421,17.44663028947308,78.46739090545678,bare_sparse,Medium,38.811127,0.18952967,Tree cover,355781.73638679954,0.8,2.2485696093468224e-06,2453574473.1865206,False
5755,+87350+19420,17.445731974189016,78.46828922074084,bare_sparse,Medium,38.52594,0.31238958,Tree cover,355783.44663860457,0.8,2.2485588004677994e-06,2453930256.633159,False
5756,+87397+19353,17.385544850156645,78.51051003909191,grassland,Medium,38.484528,0.26657116,Tree cover,355897.8377009905,0.8,2.247836078937137e-06,2454286154.47086,False
5757,+87405+19346,17.379256643168187,78.51769656136443,cropland,Medium,38.19644,0.28914997,Tree cover,355909.766741192,0.8,2.2477607381360187e-06,2454642064.2376013,False
5758,+87406+19345,17.378358327884122,78.5185948766485,grassland,Medium,37.653442,0.24226783,Tree cover,355911.47054590104,0.8,2.2477499777485425e-06,2454997975.708147,False
5759,+87392+19347,17.380154958452252,78.50601846267159,grassland,High,44.61731,0.24019898,Green park,1091451.3927415626,2.0,1.8324224178012173e-06,2456089427.1008887,False
5760,+87392+19348,17.38105327373632,78.50601846267159,grassland,High,44.459656,0.22200598,Green park,1091446.1672131522,2.0,1.8324311909094947e-06,2457180873.2681017,False
5761,+87391+19348,17.38105327373632,78.50512014738753,grassland,High,44.329742,0.25917378,Green park,1091446.1672131522,2.0,1.8324311909094947e-06,2458272319.4353147,False
5762,+87386+19376,17.406206101690145,78.5006285709672,grassland,High,44.301178,0.21546522,Green park,1091299.7453794836,2.0,1.8326770518071817e-06,2459363619.180694,False
5763,+87394+19349,17.381951589020385,78.50781509323971,grassland,High,44.24472,0.2692163,Green park,1091440.9414210916,2.0,1.8324399645444261e-06,2460455060.122115,False
5764,+87393+19347,17.380154958452252,78.50691677795565,grassland,High,44.219482,0.20849408,Green park,1091451.3927415626,2.0,1.8324224178012173e-06,2461546511.514857,False
5765,+87394+19348,17.38105327373632,78.50781509323971,grassland,High,44.135468,0.26121235,Green park,1091446.1672131522,2.0,1.8324311909094947e-06,2462637957.68207,False
5766,+87395+19349,17.381951589020385,78.50871340852379,grassland,High,44.121918,0.28897417,Green park,1091440.9414210916,2.0,1.8324399645444261e-06,2463729398.623491,False
5767,+87393+19348,17.38105327373632,78.50691677795565,grassland,High,44.085907,0.23872098,Green park,1091446.1672131522,2.0,1.8324311909094947e-06,2464820844.790704,False
5768,+87395+19348,17.38105327373632,78.50871340852379,grassland,High,43.699066,0.30797994,Green park,1091446.1672131522,2.0,1.8324311909094947e-06,2465912290.9579167,False
5769,+87319+19367,17.398121264133557,78.44044144693483,cropland,High,43.67749,0.25835162,Green park,1091346.8320810208,2.0,1.8325979800448272e-06,2467003637.7899976,False
5770,+87387+19376,17.406206101690145,78.50152688625127,grassland,High,43.58835,0.20247437,Green park,1091299.7453794836,2.0,1.8326770518071817e-06,2468094937.535377,False
5771,+87394+19347,17.380154958452252,78.50781509323971,grassland,High,43.579834,0.24762887,Green park,1091451.3927415626,2.0,1.8324224178012173e-06,2469186388.9281187,False
5772,+87393+19346,17.379256643168187,78.50691677795565,grassland,High,43.47116,0.2579811,Green park,1091456.6180063223,2.0,1.8324136452195802e-06,2470277845.546125,False
5773,+87318+19367,17.398121264133557,78.43954313165077,grassland,High,43.42163,0.2598813,Green park,1091346.8320810208,2.0,1.8325979800448272e-06,2471369192.378206,False
5774,+87392+19346,17.379256643168187,78.50601846267159,grassland,High,43.419586,0.28787127,Green park,1091456.6180063223,2.0,1.8324136452195802e-06,2472460648.996212,False
5775,+87396+19349,17.381951589020385,78.50961172380785,cropland,High,43.37259,0.29740146,Green park,1091440.9414210916,2.0,1.8324399645444261e-06,2473552089.937633,False
5776,+87395+19350,17.38284990430445,78.50871340852379,cropland,High,43.3125,0.2902632,Green park,1091435.7153653821,2.0,1.8324487387060225e-06,2474643525.6529984,False
5777,+87396+19344,17.377460012600057,78.50961172380785,grassland,High,43.298553,0.26639223,Green park,1091467.0677448846,2.0,1.832396101636181e-06,2475734992.720743,False
5778,+87407+19357,17.389138111292905,78.51949319193257,cropland,High,43.27893,0.220199,Green park,1091399.1255933326,2.0,1.832510172584857e-06,2476826391.8463364,False
5779,+87396+19348,17.38105327373632,78.50961172380785,cropland,High,43.13324,0.29794154,Green park,1091446.1672131522,2.0,1.8324311909094947e-06,2477917838.0135493,False
5780,+87387+19375,17.40530778640608,78.50152688625127,cropland,High,43.082855,0.2039708,Green park,1091304.97828971,2.0,1.8326682639479885e-06,2479009142.991839,False
5781,+87393+19350,17.38284990430445,78.50691677795565,cropland,High,43.07599,0.29016754,Green park,1091435.7153653821,2.0,1.8324487387060225e-06,2480100578.7072043,False
5782,+87407+19358,17.39003642657697,78.51949319193257,cropland,High,42.925995,0.29365444,Green park,1091393.8974284688,2.0,1.8325189509602166e-06,2481191972.604633,False
5783,+87391+19349,17.381951589020385,78.50512014738753,grassland,High,42.85916,0.33057928,Green park,1091440.9414210916,2.0,1.8324399645444261e-06,2482283413.546054,False
5784,+87394+19346,17.379256643168187,78.50781509323971,cropland,High,42.83612,0.2489335,Green park,1091456.6180063223,2.0,1.8324136452195802e-06,2483374870.16406,False
5785,+87397+19344,17.377460012600057,78.51051003909191,grassland,High,42.631836,0.2985422,Green park,1091467.0677448846,2.0,1.832396101636181e-06,2484466337.231805,False
5786,+87369+19352,17.38464653487258,78.4853572111381,cropland,High,42.569397,0.23180224,Green park,1091425.2624630209,2.0,1.8324662886092606e-06,2485557762.494268,False
5787,+87356+19368,17.399019579417622,78.47367911244524,grassland,High,42.511627,0.24398556,Green park,1091341.601279804,2.0,1.8326067636884937e-06,2486649104.0955477,False
5788,+87395+19347,17.380154958452252,78.50871340852379,grassland,High,42.41751,0.31255504,Green park,1091451.3927415626,2.0,1.8324224178012173e-06,2487740555.4882894,False
5789,+87390+19348,17.38105327373632,78.50422183210345,grassland,High,42.350372,0.33883795,Green park,1091446.1672131522,2.0,1.8324311909094947e-06,2488832001.6555023,False
5790,+87408+19376,17.406206101690145,78.52039150721663,grassland,High,42.213257,0.2476,Green park,1091299.7453794836,2.0,1.8326770518071817e-06,2489923301.400882,False
5791,+87370+19382,17.41159599339454,78.48625552642216,bare_sparse,High,42.167755,0.15700755,Green park,1091268.3423821041,2.0,1.8327297900296886e-06,2491014569.7432637,False
5792,+87392+19350,17.38284990430445,78.50601846267159,cropland,High,42.14505,0.27788466,Green park,1091435.7153653821,2.0,1.8324487387060225e-06,2492106005.458629,False
5793,+87397+19345,17.378358327884122,78.51051003909191,cropland,High,42.118256,0.3123733,Green park,1091461.84300743,2.0,1.8324048731645722e-06,2493197467.3016367,False
5794,+87394+19345,17.378358327884122,78.50781509323971,grassland,High,41.981537,0.3120889,Green park,1091461.84300743,2.0,1.8324048731645722e-06,2494288929.1446443,False
5795,+87347+19351,17.383748219588515,78.46559427488866,bare_sparse,High,41.978912,0.14181946,Green park,1091430.4890460249,2.0,1.8324575133942968e-06,2495380359.6336904,False
5796,+87369+19351,17.383748219588515,78.4853572111381,grassland,High,41.921783,0.25939888,Green park,1091430.4890460249,2.0,1.8324575133942968e-06,2496471790.1227365,False
5797,+87370+19383,17.412494308678603,78.48625552642216,bare_sparse,High,41.9075,0.1610574,Green park,1091263.107626547,2.0,1.8327385815781116e-06,2497563053.230363,False
5798,+87413+19374,17.404409471122015,78.52488308363696,grassland,High,41.783386,0.2675049,Green park,1091310.2109363135,2.0,1.8326594766157794e-06,2498654363.4412994,False
5799,+87395+19344,17.377460012600057,78.50871340852379,grassland,High,41.7399,0.33662766,Green park,1091467.0677448846,2.0,1.832396101636181e-06,2499745830.509044,False
5800,+87406+19359,17.390934741861038,78.5185948766485,bare_sparse,High,41.680847,0.18700372,Green park,1091388.6689999648,2.0,1.8325277298623525e-06,2500837219.1780443,False
5801,+87397+19348,17.38105327373632,78.51051003909191,cropland,High,41.624603,0.28944552,Green park,1091446.1672131522,2.0,1.8324311909094947e-06,2501928665.3452573,False
5802,+87391+19350,17.38284990430445,78.50512014738753,cropland,High,41.56665,0.3148362,Green park,1091435.7153653821,2.0,1.8324487387060225e-06,2503020101.0606227,False
5803,+87413+19373,17.40351115583795,78.52488308363696,grassland,High,41.50363,0.25825962,Green park,1091315.4433192934,2.0,1.8326506898105415e-06,2504111416.503942,False
5804,+87411+19345,17.378358327884122,78.52308645306883,grassland,High,41.435577,0.27177957,Green park,1091461.84300743,2.0,1.8324048731645722e-06,2505202878.3469496,False
5805,+87370+19381,17.410697678110473,78.48625552642216,bare_sparse,High,41.353485,0.21244885,Green park,1091273.576874046,2.0,1.8327209990083347e-06,2506294151.923824,False
5806,+87321+19367,17.398121264133557,78.44223807750296,grassland,High,41.29892,0.29825175,Green park,1091346.8320810208,2.0,1.8325979800448272e-06,2507385498.7559047,False
5807,+87369+19382,17.41159599339454,78.4853572111381,bare_sparse,High,41.252533,0.22140808,Green park,1091268.3423821041,2.0,1.8327297900296886e-06,2508476767.0982866,False
5808,+87409+19403,17.43046061435991,78.5212898225007,grassland,High,41.169647,0.29689893,Green park,1091158.3571576823,2.0,1.8329145232500673e-06,2509567925.4554443,False
5809,+87338+19417,17.44303702833682,78.45750943733206,grassland,High,41.029602,0.22886711,Green park,1091084.9690935262,2.0,1.83303780791848e-06,2510659010.4245377,False
5810,+87338+19421,17.44663028947308,78.45750943733206,grassland,High,41.021088,0.2866697,Green park,1091063.9915861853,2.0,1.833073051097953e-06,2511750074.416124,False
5811,+87366+19380,17.409799362826405,78.4826622652859,grassland,High,40.990356,0.26883924,Green park,1091278.8111023705,2.0,1.8327122085140387e-06,2512841353.2272263,False
5812,+87350+19346,17.379256643168187,78.46828922074084,grassland,High,40.92569,0.24590334,Green park,1091456.6180063223,2.0,1.8324136452195802e-06,2513932809.8452325,False
5813,+87353+19347,17.380154958452252,78.47098416659304,cropland,High,40.88788,0.19575134,Green park,1091451.3927415626,2.0,1.8324224178012173e-06,2515024261.237974,False
5814,+87347+19390,17.418782515667058,78.46559427488866,bare_sparse,High,40.847565,0.15130708,Green park,1091226.4569564958,2.0,1.8328001371760497e-06,2516115487.6949306,False
5815,+87366+19381,17.410697678110473,78.4826622652859,grassland,High,40.78116,0.25851163,Green park,1091273.576874046,2.0,1.8327209990083347e-06,2517206761.271805,False
5816,+87390+19378,17.408002732258275,78.50422183210345,bare_sparse,High,40.608,0.24487744,Green park,1091289.278768166,2.0,1.8326946291065698e-06,2518298050.550573,False
5817,+87360+19368,17.399019579417622,78.4772723735815,bare_sparse,High,40.522858,0.20325872,Green park,1091341.601279804,2.0,1.8326067636884937e-06,2519389392.1518526,False
5818,+87353+19346,17.379256643168187,78.47098416659304,grassland,High,40.467438,0.19486673,Green park,1091456.6180063223,2.0,1.8324136452195802e-06,2520480848.769859,False
5819,+87360+19367,17.398121264133557,78.4772723735815,bare_sparse,High,40.27823,0.21869107,Green park,1091346.8320810208,2.0,1.8325979800448272e-06,2521572195.6019397,False
