rank,grid_id,Latitude,Longitude,land_cover,priority,LST,NDVI,recommended_action,cost_estimate,cooling_c,cooling_per_rupee,cumulative_cost,within_budget
1,+85987+31853,28.61448590097216,77.24388548855993,built_up,High,49.364197,0.116513774,Cool roof,393601.26404311205,1.0,2.5406422472527113e-06,393601.26404311205,True
2,+85986+31853,28.61448590097216,77.24298717327586,built_up,High,47.88217,0.13207686,Cool roof,393601.26404311205,1.0,2.5406422472527113e-06,787202.5280862241,True
3,+85987+31858,28.618977477392487,77.24388548855993,built_up,High,47.542267,0.11673328,Cool roof,393584.7777575614,1.0,2.5407486684253207e-06,1180787.3058437854,True
4,+85987+31852,28.613587585688094,77.24388548855993,built_up,High,47.530975,0.1465896,Cool roof,393604.5610106546,1.0,2.5406209659570757e-06,1574391.86685444,True
5,+85987+31857,28.61807916210842,77.24388548855993,built_up,High,47.15634,0.14289296,Cool roof,393588.07520771434,1.0,2.5407273822314218e-06,1967979.9420621544,True
6,+86011+31824,28.58843475773427,77.2654450553775,built_up,High,46.96219,0.22825554,Cool roof,393696.8369106009,1.0,2.5400254872433124e-06,2361676.778972755,True
7,+85988+31857,28.61807916210842,77.24478380384399,built_up,High,46.612335,0.17628296,Cool roof,393588.07520771434,1.0,2.5407273822314218e-06,2755264.8541804696,True
8,+85988+31853,28.61448590097216,77.24478380384399,built_up,High,46.49106,0.14560026,Cool roof,393601.26404311205,1.0,2.5406422472527113e-06,3148866.1182235815,True
9,+85986+31854,28.615384216256224,77.24298717327586,built_up,High,46.474213,0.12481399,Cool roof,393597.9669790461,1.0,2.5406635295279275e-06,3542464.085202628,True
10,+85985+31854,28.615384216256224,77.24208885799179,built_up,High,46.34958,0.12592737,Cool roof,393597.9669790461,1.0,2.5406635295279275e-06,3936062.052181674,True
11,+85988+31852,28.613587585688094,77.24478380384399,built_up,High,46.14218,0.14334829,Cool roof,393604.5610106546,1.0,2.5406209659570757e-06,4329666.613192329,True
12,+86027+31854,28.615384216256224,77.27981809992254,built_up,High,46.06247,0.10987622,Cool roof,393597.9669790461,1.0,2.5406635295279275e-06,4723264.580171376,True
13,+85946+31819,28.58394318131394,77.20705456191325,built_up,High,46.062103,0.27768975,Cool roof,393713.30678551074,1.0,2.5399192325109433e-06,5116977.886956886,True
14,+86010+31824,28.58843475773427,77.26454674009342,built_up,High,45.938812,0.2388644,Cool roof,393696.8369106009,1.0,2.5400254872433124e-06,5510674.723867487,True
15,+86026+31854,28.615384216256224,77.27891978463848,built_up,High,45.869507,0.100448504,Cool roof,393597.9669790461,1.0,2.5406635295279275e-06,5904272.6908465335,True
16,+85947+31819,28.58394318131394,77.20795287719731,built_up,High,45.861755,0.25350404,Cool roof,393713.30678551074,1.0,2.5399192325109433e-06,6297985.997632044,True
17,+86012+31824,28.58843475773427,77.26634337066156,built_up,High,45.79254,0.20385125,Cool roof,393696.8369106009,1.0,2.5400254872433124e-06,6691682.834542645,True
18,+85990+31853,28.61448590097216,77.24658043441212,built_up,High,45.77472,0.15048017,Cool roof,393601.26404311205,1.0,2.5406422472527113e-06,7085284.098585757,True
19,+85945+31819,28.58394318131394,77.20615624662919,built_up,High,45.758423,0.28615198,Cool roof,393713.30678551074,1.0,2.5399192325109433e-06,7478997.405371268,True
20,+85988+31858,28.618977477392487,77.24478380384399,built_up,High,45.71991,0.18807618,Cool roof,393584.7777575614,1.0,2.5407486684253207e-06,7872582.18312883,True
21,+85986+31858,28.618977477392487,77.24298717327586,built_up,High,45.692017,0.10577587,Cool roof,393584.7777575614,1.0,2.5407486684253207e-06,8266166.960886392,True
22,+86011+31823,28.5875364424502,77.2654450553775,built_up,High,45.476257,0.31433287,Cool roof,393700.13107867143,1.0,2.540004234339902e-06,8659867.091965063,True
23,+86027+31855,28.61628253154029,77.27981809992254,built_up,High,45.44864,0.14598596,Cool roof,393594.6698184574,1.0,2.540684812782761e-06,9053461.76178352,True
24,+86033+31878,28.63694378307379,77.28520799162693,built_up,High,45.4216,0.14417705,Cool roof,393518.80848618085,1.0,2.5411745981008603e-06,9446980.5702697,True
25,+86010+31823,28.5875364424502,77.26454674009342,built_up,High,45.412384,0.28414112,Cool roof,393700.13107867143,1.0,2.540004234339902e-06,9840680.701348372,True
26,+85987+31854,28.615384216256224,77.24388548855993,built_up,High,45.39444,0.1842221,Cool roof,393597.9669790461,1.0,2.5406635295279275e-06,10234278.668327417,True
27,+86028+31854,28.615384216256224,77.2807164152066,built_up,High,45.341278,0.14598647,Cool roof,393597.9669790461,1.0,2.5406635295279275e-06,10627876.635306463,True
28,+85948+31819,28.58394318131394,77.20885119248138,built_up,High,45.320465,0.2858964,Cool roof,393713.30678551074,1.0,2.5399192325109433e-06,11021589.942091973,True
29,+85943+31820,28.584841496598006,77.20435961606105,built_up,High,45.315155,0.30052316,Cool roof,393710.01300361863,1.0,2.5399404815005527e-06,11415299.955095593,True
30,+85986+31859,28.619875792676552,77.24298717327586,built_up,High,45.31198,0.059485488,Cool roof,393581.4802108883,1.0,2.5407699555989813e-06,11808881.435306482,True
31,+86000+31878,28.63694378307379,77.25556358725278,built_up,High,45.15146,0.23749799,Cool roof,393518.80848618085,1.0,2.5411745981008603e-06,12202400.243792662,True
32,+85987+31859,28.619875792676552,77.24388548855993,built_up,High,45.151306,0.11598723,Cool roof,393581.4802108883,1.0,2.5407699555989813e-06,12595981.724003552,True
33,+86011+31825,28.589333073018334,77.2654450553775,built_up,High,45.082916,0.24701938,Cool roof,393693.54264598736,1.0,2.5400467411252633e-06,12989675.266649539,True
34,+85949+31819,28.58394318131394,77.20974950776545,built_up,High,44.962067,0.29036576,Cool roof,393713.30678551074,1.0,2.5399192325109433e-06,13383388.57343505,True
35,+86000+31839,28.601909486995247,77.25556358725278,built_up,High,44.9563,0.22292612,Cool roof,393647.41280476865,1.0,2.540344398239332e-06,13777035.986239819,True
36,+85944+31820,28.584841496598006,77.20525793134512,built_up,High,44.93225,0.32043064,Cool roof,393710.01300361863,1.0,2.5399404815005527e-06,14170745.999243438,True
37,+86033+31877,28.636045467789724,77.28520799162693,built_up,High,44.885284,0.12519974,Cool roof,393522.10786660743,1.0,2.5411532923049165e-06,14564268.107110046,True
38,+86028+31850,28.611790955119965,77.2807164152066,built_up,High,44.87964,0.22605756,Cool roof,393611.1546561666,1.0,2.540578406304404e-06,14957879.261766212,True
39,+85991+31853,28.61448590097216,77.24747874969619,built_up,High,44.87381,0.25615636,Cool roof,393601.26404311205,1.0,2.5406422472527113e-06,15351480.525809323,True
40,+86020+31854,28.615384216256224,77.27352989293408,built_up,High,44.808746,0.15716523,Cool roof,393597.9669790461,1.0,2.5406635295279275e-06,15745078.492788369,True
41,+85993+31872,28.6315538913694,77.24927538026432,built_up,High,44.802643,0.18541415,Cool roof,393538.6033211179,1.0,2.5410467780311365e-06,16138617.096109487,True
42,+86031+31851,28.61268927040403,77.2834113610588,built_up,High,44.790497,0.2602167,Cool roof,393607.8578816729,1.0,2.5405996856409857e-06,16532224.95399116,True
43,+86033+31862,28.622570738528747,77.28520799162693,built_up,High,44.781097,0.21240398,Cool roof,393571.58699175547,1.0,2.5408338229988843e-06,16925796.540982917,True
44,+86032+31854,28.615384216256224,77.28430967634286,built_up,High,44.770294,0.13221419,Cool roof,393597.9669790461,1.0,2.5406635295279275e-06,17319394.507961962,True
45,+86008+31863,28.623469053812812,77.2627501095253,built_up,High,44.76642,0.2831414,Cool roof,393568.2890590088,1.0,2.5408551140919464e-06,17712962.79702097,True
46,+86026+31855,28.61628253154029,77.27891978463848,built_up,High,44.761017,0.28088635,Cool roof,393594.6698184574,1.0,2.540684812782761e-06,18106557.46683943,True
47,+86012+31823,28.5875364424502,77.26634337066156,built_up,High,44.74524,0.17454965,Cool roof,393700.13107867143,1.0,2.540004234339902e-06,18500257.5979181,True
48,+86031+31853,28.61448590097216,77.2834113610588,built_up,High,44.744873,0.27009565,Cool roof,393601.26404311205,1.0,2.5406422472527113e-06,18893858.861961212,True
49,+86030+31851,28.61268927040403,77.28251304577473,built_up,High,44.733154,0.17541508,Cool roof,393607.8578816729,1.0,2.5405996856409857e-06,19287466.719842885,True
50,+86031+31852,28.613587585688094,77.2834113610588,built_up,High,44.73175,0.15304717,Cool roof,393604.5610106546,1.0,2.5406209659570757e-06,19681071.28085354,True
51,+85986+31852,28.613587585688094,77.24298717327586,built_up,High,44.71414,0.2300008,Cool roof,393604.5610106546,1.0,2.5406209659570757e-06,20074675.841864195,True
52,+85994+31872,28.6315538913694,77.25017369554838,built_up,High,44.68387,0.217581,Cool roof,393538.6033211179,1.0,2.5410467780311365e-06,20468214.44518531,True
53,+86007+31863,28.623469053812812,77.26185179424122,built_up,High,44.67801,0.30360836,Cool roof,393568.2890590088,1.0,2.5408551140919464e-06,20861782.73424432,True
54,+86029+31850,28.611790955119965,77.28161473049066,built_up,High,44.659393,0.17461266,Cool roof,393611.1546561666,1.0,2.540578406304404e-06,21255393.88890049,True
55,+86025+31854,28.615384216256224,77.2780214693544,built_up,High,44.650513,0.17725314,Cool roof,393597.9669790461,1.0,2.5406635295279275e-06,21648991.855879534,True
56,+86028+31849,28.6108926398359,77.2807164152066,built_up,High,44.648895,0.17344607,Cool roof,393614.4513341348,1.0,2.5405571279472957e-06,22042606.307213668,True
57,+86033+31861,28.621672423244682,77.28520799162693,built_up,High,44.647247,0.24774532,Cool roof,393574.88482798473,1.0,2.5408125328857267e-06,22436181.192041654,True
58,+86032+31853,28.61448590097216,77.28430967634286,built_up,High,44.597412,0.11456634,Cool roof,393601.26404311205,1.0,2.5406422472527113e-06,22829782.456084765,True
59,+86028+31855,28.61628253154029,77.2807164152066,built_up,High,44.59134,0.13426699,Cool roof,393594.6698184574,1.0,2.540684812782761e-06,23223377.125903223,True
60,+86000+31838,28.601011171711182,77.25556358725278,built_up,High,44.59085,0.28523692,Cool roof,393650.70842091256,1.0,2.540323130654057e-06,23617027.834324136,True
61,+85989+31853,28.61448590097216,77.24568211912806,built_up,High,44.58322,0.15450166,Cool roof,393601.26404311205,1.0,2.5406422472527113e-06,24010629.098367248,True
62,+86029+31851,28.61268927040403,77.28161473049066,built_up,High,44.55252,0.24856167,Cool roof,393607.8578816729,1.0,2.5405996856409857e-06,24404236.95624892,True
63,+86026+31853,28.61448590097216,77.27891978463848,built_up,High,44.54358,0.16690682,Cool roof,393601.26404311205,1.0,2.5406422472527113e-06,24797838.22029203,True
64,+85999+31842,28.60460443284744,77.2546652719687,built_up,High,44.52664,0.24238977,Cool roof,393637.5253771429,1.0,2.540408206869767e-06,25191475.745669175,True
65,+85940+31820,28.584841496598006,77.20166467020886,built_up,High,44.511017,0.2988075,Cool roof,393710.01300361863,1.0,2.5399404815005527e-06,25585185.758672792,True
66,+86032+31877,28.636045467789724,77.28430967634286,built_up,High,44.490387,0.114526466,Cool roof,393522.10786660743,1.0,2.5411532923049165e-06,25978707.8665394,True
67,+86032+31850,28.611790955119965,77.28430967634286,built_up,High,44.457703,0.23023382,Cool roof,393611.1546561666,1.0,2.540578406304404e-06,26372319.02119557,True
68,+86032+31876,28.63514715250566,77.28430967634286,built_up,High,44.451935,0.116183124,Cool roof,393525.4071505268,1.0,2.5411319874894163e-06,26765844.428346094,True
69,+85963+31885,28.643231990062247,77.22232592174235,built_up,High,44.437347,0.11844497,Cool roof,393495.7101210463,1.0,2.541323766127926e-06,27159340.13846714,True
70,+86033+31879,28.637842098357854,77.28520799162693,built_up,High,44.43109,0.20801751,Cool roof,393515.50900924753,1.0,2.5411959048772846e-06,27552855.647476386,True
71,+86028+31874,28.63335052193753,77.2807164152066,built_up,High,44.428192,0.13161452,Cool roof,393532.00542884105,1.0,2.541089380799604e-06,27946387.652905226,True
72,+86027+31887,28.645028620630377,77.27981809992254,built_up,High,44.41275,0.1302909,Cool roof,393489.10971962346,1.0,2.5413663943902783e-06,28339876.76262485,True
73,+86032+31851,28.61268927040403,77.28430967634286,built_up,High,44.40512,0.27862743,Cool roof,393607.8578816729,1.0,2.5405996856409857e-06,28733484.62050652,True
74,+86030+31875,28.634248837221595,77.28251304577473,built_up,High,44.3992,0.10822229,Cool roof,393528.7063379382,1.0,2.5411106836543245e-06,29127013.32684446,True
75,+85979+31851,28.61268927040403,77.2366989662874,built_up,High,44.398895,0.33278382,Cool roof,393607.8578816729,1.0,2.5405996856409857e-06,29520621.184726134,True
76,+85985+31855,28.61628253154029,77.24208885799179,built_up,High,44.39456,0.15540054,Cool roof,393594.6698184574,1.0,2.540684812782761e-06,29914215.85454459,True
77,+86032+31852,28.613587585688094,77.28430967634286,built_up,High,44.392273,0.24756247,Cool roof,393604.5610106546,1.0,2.5406209659570757e-06,30307820.415555246,True
78,+85994+31871,28.630655576085335,77.25017369554838,built_up,High,44.390198,0.16813555,Cool roof,393541.90212249075,1.0,2.541025478117316e-06,30701362.317677736,True
79,+86029+31875,28.634248837221595,77.28161473049066,built_up,High,44.36075,0.106419764,Cool roof,393528.7063379382,1.0,2.5411106836543245e-06,31094891.024015676,True
80,+86032+31861,28.621672423244682,77.28430967634286,built_up,High,44.359833,0.11495672,Cool roof,393574.88482798473,1.0,2.5408125328857267e-06,31488465.908843663,True
81,+86033+31854,28.615384216256224,77.28520799162693,built_up,High,44.35736,0.11665464,Cool roof,393597.9669790461,1.0,2.5406635295279275e-06,31882063.875822708,True
82,+86029+31874,28.63335052193753,77.28161473049066,built_up,High,44.353058,0.11019798,Cool roof,393532.00542884105,1.0,2.541089380799604e-06,32275595.881251547,True
83,+86031+31876,28.63514715250566,77.2834113610588,built_up,High,44.35141,0.11041526,Cool roof,393525.4071505268,1.0,2.5411319874894163e-06,32669121.288402073,True
84,+86033+31876,28.63514715250566,77.28520799162693,built_up,High,44.349945,0.12518343,Cool roof,393525.4071505268,1.0,2.5411319874894163e-06,33062646.6955526,True
85,+85984+31854,28.615384216256224,77.24119054270773,built_up,High,44.31711,0.14526267,Cool roof,393597.9669790461,1.0,2.5406635295279275e-06,33456244.662531644,True
86,+85999+31841,28.603706117563377,77.2546652719687,built_up,High,44.300995,0.28330705,Cool roof,393640.8212828831,1.0,2.5403869363471513e-06,33849885.48381453,True
87,+85961+31885,28.643231990062247,77.22052929117423,built_up,High,44.296906,0.17262025,Cool roof,393495.7101210463,1.0,2.541323766127926e-06,34243381.19393557,True
88,+86027+31874,28.63335052193753,77.27981809992254,built_up,High,44.29666,0.12590288,Cool roof,393532.00542884105,1.0,2.541089380799604e-06,34636913.19936442,True
89,+86021+31854,28.615384216256224,77.27442820821814,built_up,High,44.296234,0.3425956,Cool roof,393597.9669790461,1.0,2.5406635295279275e-06,35030511.166343465,True
90,+86030+31876,28.63514715250566,77.28251304577473,built_up,High,44.295685,0.10935915,Cool roof,393525.4071505268,1.0,2.5411319874894163e-06,35424036.573493995,True
91,+85962+31885,28.643231990062247,77.22142760645829,built_up,High,44.294098,0.16453564,Cool roof,393495.7101210463,1.0,2.541323766127926e-06,35817532.28361504,True
92,+85942+31819,28.58394318131394,77.203461300777,built_up,High,44.292694,0.35433903,Cool roof,393713.30678551074,1.0,2.5399192325109433e-06,36211245.59040055,True
93,+85992+31852,28.613587585688094,77.24837706498025,built_up,High,44.29178,0.29533762,Cool roof,393604.5610106546,1.0,2.5406209659570757e-06,36604850.1514112,True
94,+85988+31856,28.617180846824354,77.24478380384399,built_up,High,44.289642,0.15297936,Cool roof,393591.3725613467,1.0,2.540706097017246e-06,36998441.52397254,True
95,+85990+31852,28.613587585688094,77.24658043441212,built_up,High,44.27411,0.19375439,Cool roof,393604.5610106546,1.0,2.5406209659570757e-06,37392046.08498319,True
96,+85963+31884,28.642333674778182,77.22232592174235,built_up,High,44.273407,0.17411257,Cool roof,393499.01017700526,1.0,2.5413024534678655e-06,37785545.0951602,True
97,+86027+31856,28.617180846824354,77.27981809992254,built_up,High,44.266327,0.27399486,Cool roof,393591.3725613467,1.0,2.540706097017246e-06,38179136.467721544,True
98,+85995+31875,28.634248837221595,77.25107201083244,built_up,High,44.26596,0.09414365,Cool roof,393528.7063379382,1.0,2.5411106836543245e-06,38572665.17405948,True
99,+85987+31856,28.617180846824354,77.24388548855993,built_up,High,44.253174,0.10647389,Cool roof,393591.3725613467,1.0,2.540706097017246e-06,38966256.54662082,True
100,+86026+31857,28.61807916210842,77.27891978463848,built_up,High,44.248566,0.2603149,Cool roof,393588.07520771434,1.0,2.5407273822314218e-06,39359844.62182854,True
101,+86033+31855,28.61628253154029,77.28520799162693,built_up,High,44.244965,0.12137878,Cool roof,393594.6698184574,1.0,2.540684812782761e-06,39753439.291647,True
102,+86032+31878,28.63694378307379,77.28430967634286,built_up,High,44.22879,0.124500796,Cool roof,393518.80848618085,1.0,2.5411745981008603e-06,40146958.10013318,True
103,+86011+31822,28.586638127166136,77.2654450553775,built_up,High,44.22287,0.30518478,Cool roof,393703.4251501983,1.0,2.5399829824149967e-06,40540661.52528338,True
104,+86030+31852,28.613587585688094,77.28251304577473,built_up,High,44.22101,0.15467073,Cool roof,393604.5610106546,1.0,2.5406209659570757e-06,40934266.08629403,True
105,+86031+31850,28.611790955119965,77.2834113610588,built_up,High,44.21756,0.3055623,Cool roof,393611.1546561666,1.0,2.540578406304404e-06,41327877.2409502,True
106,+85986+31857,28.61807916210842,77.24298717327586,built_up,High,44.213104,0.14553006,Cool roof,393588.07520771434,1.0,2.5407273822314218e-06,41721465.316157915,True
107,+86000+31837,28.600112856427117,77.25556358725278,built_up,High,44.212463,0.29959834,Cool roof,393654.0039405227,1.0,2.5403018640478256e-06,42115119.32009844,True
108,+85940+31822,28.586638127166136,77.20166467020886,built_up,High,44.204132,0.26497743,Cool roof,393703.4251501983,1.0,2.5399829824149967e-06,42508822.74524864,True
109,+86028+31888,28.645926935914442,77.2807164152066,built_up,High,44.197174,0.122802205,Cool roof,393485.8093741609,1.0,2.541387709992642e-06,42902308.5546228,True
110,+86008+31862,28.622570738528747,77.2627501095253,built_up,High,44.18866,0.20354943,Cool roof,393571.58699175547,1.0,2.5408338229988843e-06,43295880.14161456,True
111,+85941+31822,28.586638127166136,77.20256298549292,built_up,High,44.18759,0.34930685,Cool roof,393703.4251501983,1.0,2.5399829824149967e-06,43689583.56676476,True
112,+85989+31852,28.613587585688094,77.24568211912806,built_up,High,44.181763,0.23658292,Cool roof,393604.5610106546,1.0,2.5406209659570757e-06,44083188.12777541,True
113,+86011+31821,28.58573981188207,77.2654450553775,built_up,High,44.181,0.34596094,Cool roof,393706.7191251809,1.0,2.5399617314685587e-06,44476894.84690059,True
114,+86030+31850,28.611790955119965,77.28251304577473,built_up,High,44.180695,0.36293662,Cool roof,393611.1546561666,1.0,2.540578406304404e-06,44870506.001556754,True
115,+86028+31889,28.646825251198507,77.2807164152066,built_up,High,44.17685,0.118192054,Cool roof,393482.5089321985,1.0,2.5414090265758455e-06,45263988.51048895,True
116,+86000+31843,28.605502748131507,77.25556358725278,built_up,High,44.155426,0.2247519,Cool roof,393634.22937487165,1.0,2.54042947837157e-06,45657622.73986382,True
117,+86032+31862,28.622570738528747,77.28430967634286,built_up,High,44.154938,0.12492095,Cool roof,393571.58699175547,1.0,2.5408338229988843e-06,46051194.32685558,True
118,+86025+31860,28.620774107960617,77.2780214693544,built_up,High,44.14322,0.20674111,Cool roof,393578.1825676959,1.0,2.5407912437524376e-06,46444772.50942327,True
119,+86028+31887,28.645028620630377,77.2807164152066,built_up,High,44.125214,0.20852925,Cool roof,393489.10971962346,1.0,2.5413663943902783e-06,46838261.6191429,True
120,+85962+31884,28.642333674778182,77.22142760645829,built_up,High,44.11795,0.16068041,Cool roof,393499.01017700526,1.0,2.5413024534678655e-06,47231760.629319906,True
121,+85942+31821,28.58573981188207,77.203461300777,built_up,High,44.1138,0.30771866,Cool roof,393706.7191251809,1.0,2.5399617314685587e-06,47625467.34844509,True
122,+86026+31875,28.634248837221595,77.27891978463848,built_up,High,44.10959,0.10631542,Cool roof,393528.7063379382,1.0,2.5411106836543245e-06,48018996.054783024,True
123,+85999+31878,28.63694378307379,77.2546652719687,built_up,High,44.109528,0.26567662,Cool roof,393518.80848618085,1.0,2.5411745981008603e-06,48412514.8632692,True
124,+86026+31858,28.618977477392487,77.27891978463848,built_up,High,44.091278,0.24606869,Cool roof,393584.7777575614,1.0,2.5407486684253207e-06,48806099.641026765,True
125,+86026+31876,28.63514715250566,77.27891978463848,built_up,High,44.089508,0.12275958,Cool roof,393525.4071505268,1.0,2.5411319874894163e-06,49199625.048177294,True
126,+86009+31823,28.5875364424502,77.26364842480936,built_up,High,44.085266,0.22963911,Cool roof,393700.13107867143,1.0,2.540004234339902e-06,49593325.17925596,True
127,+85941+31821,28.58573981188207,77.20256298549292,built_up,High,44.073914,0.3634347,Cool roof,393706.7191251809,1.0,2.5399617314685587e-06,49987031.898381144,True
128,+85964+31885,28.643231990062247,77.22322423702643,built_up,High,44.055878,0.2184793,Cool roof,393495.7101210463,1.0,2.541323766127926e-06,50380527.60850219,True
129,+86027+31888,28.645926935914442,77.27981809992254,built_up,High,44.047638,0.10272726,Cool roof,393485.8093741609,1.0,2.541387709992642e-06,50774013.41787635,True
130,+85991+31852,28.613587585688094,77.24747874969619,built_up,High,44.04001,0.28879368,Cool roof,393604.5610106546,1.0,2.5406209659570757e-06,51167617.978887,True
131,+86013+31840,28.60280780227931,77.26724168594562,built_up,High,44.035126,0.27795333,Cool roof,393644.11709209194,1.0,2.5403656668036852e-06,51561262.095979095,True
132,+86028+31875,28.634248837221595,77.2807164152066,built_up,High,44.03482,0.107967645,Cool roof,393528.7063379382,1.0,2.5411106836543245e-06,51954790.80231703,True
133,+86003+31820,28.584841496598006,77.25825853310496,built_up,High,44.02408,0.19373824,Cool roof,393710.01300361863,1.0,2.5399404815005527e-06,52348500.81532065,True
134,+86007+31862,28.622570738528747,77.26185179424122,built_up,High,44.021942,0.2390777,Cool roof,393571.58699175547,1.0,2.5408338229988843e-06,52742072.402312405,True
135,+85985+31853,28.61448590097216,77.24208885799179,built_up,High,44.01773,0.2844816,Cool roof,393601.26404311205,1.0,2.5406422472527113e-06,53135673.66635552,True
136,+85988+31854,28.615384216256224,77.24478380384399,built_up,High,44.015533,0.24671564,Cool roof,393597.9669790461,1.0,2.5406635295279275e-06,53529271.63333457,True
137,+86027+31873,28.632452206653465,77.27981809992254,built_up,High,44.012268,0.10904748,Cool roof,393535.3044232345,1.0,2.5410680789252197e-06,53922806.937757805,True
138,+85999+31830,28.59382464943866,77.2546652719687,built_up,High,44.010376,0.2817249,Cool roof,393677.0698747999,1.0,2.540153025214365e-06,54316484.007632606,True
139,+86013+31823,28.5875364424502,77.26724168594562,built_up,High,44.004303,0.1725087,Cool roof,393700.13107867143,1.0,2.540004234339902e-06,54710184.13871127,True
140,+86026+31856,28.617180846824354,77.27891978463848,built_up,High,43.9953,0.3276837,Cool roof,393591.3725613467,1.0,2.540706097017246e-06,55103775.51127262,True
141,+86027+31875,28.634248837221595,77.27981809992254,built_up,High,43.993683,0.107110545,Cool roof,393528.7063379382,1.0,2.5411106836543245e-06,55497304.21761055,True
142,+86014+31841,28.603706117563377,77.26814000122968,built_up,High,43.990265,0.26960146,Cool roof,393640.8212828831,1.0,2.5403869363471513e-06,55890945.03889344,True
143,+86003+31819,28.58394318131394,77.25825853310496,built_up,High,43.95987,0.21912788,Cool roof,393713.30678551074,1.0,2.5399192325109433e-06,56284658.34567895,True
144,+86026+31888,28.645926935914442,77.27891978463848,built_up,High,43.952423,0.12880759,Cool roof,393485.8093741609,1.0,2.541387709992642e-06,56678144.15505311,True
145,+86001+31836,28.599214541143052,77.25646190253684,built_up,High,43.94455,0.33470494,Cool roof,393657.2993635989,1.0,2.540280598420599e-06,57071801.45441671,True
146,+86000+31877,28.636045467789724,77.25556358725278,built_up,High,43.93289,0.25535288,Cool roof,393522.10786660743,1.0,2.5411532923049165e-06,57465323.562283315,True
147,+86028+31890,28.647723566482572,77.2807164152066,built_up,High,43.93283,0.09530578,Cool roof,393479.2083937367,1.0,2.5414303441399263e-06,57858802.77067705,True
148,+85961+31884,28.642333674778182,77.22052929117423,built_up,High,43.931854,0.22500706,Cool roof,393499.01017700526,1.0,2.5413024534678655e-06,58252301.78085406,True
149,+86031+31875,28.634248837221595,77.2834113610588,built_up,High,43.927094,0.14080389,Cool roof,393528.7063379382,1.0,2.5411106836543245e-06,58645830.487192,True
150,+86028+31897,28.65401177347103,77.2807164152066,built_up,High,43.92697,0.13349466,Cool roof,393456.10192258324,1.0,2.5415795945560422e-06,59039286.589114584,True
151,+86003+31830,28.59382464943866,77.25825853310496,built_up,High,43.90909,0.1859122,Cool roof,393677.0698747999,1.0,2.540153025214365e-06,59432963.658989385,True
152,+85941+31819,28.58394318131394,77.20256298549292,built_up,High,43.905304,0.3039819,Cool roof,393713.30678551074,1.0,2.5399192325109433e-06,59826676.965774894,True
153,+86009+31863,28.623469053812812,77.26364842480936,built_up,High,43.878876,0.25525266,Cool roof,393568.2890590088,1.0,2.5408551140919464e-06,60220245.2548339,True
154,+85948+31822,28.586638127166136,77.20885119248138,built_up,High,43.87393,0.27519378,Cool roof,393703.4251501983,1.0,2.5399829824149967e-06,60613948.6799841,True
155,+86020+31855,28.61628253154029,77.27352989293408,built_up,High,43.871002,0.3584837,Cool roof,393594.6698184574,1.0,2.540684812782761e-06,61007543.34980256,True
156,+85986+31855,28.61628253154029,77.24298717327586,built_up,High,43.870514,0.1620242,Cool roof,393594.6698184574,1.0,2.540684812782761e-06,61401138.01962102,True
157,+86026+31874,28.63335052193753,77.27891978463848,built_up,High,43.867462,0.10757511,Cool roof,393532.00542884105,1.0,2.541089380799604e-06,61794670.025049865,True
158,+86024+31870,28.62975726080127,77.27712315407034,built_up,High,43.864197,0.16866629,Cool roof,393545.20082735224,1.0,2.541004179183724e-06,62188215.22587722,True
159,+86012+31821,28.58573981188207,77.26634337066156,built_up,High,43.84381,0.26768485,Cool roof,393706.7191251809,1.0,2.5399617314685587e-06,62581921.9450024,True
160,+86027+31849,28.6108926398359,77.27981809992254,built_up,High,43.84085,0.29002538,Cool roof,393614.4513341348,1.0,2.5405571279472957e-06,62975536.39633653,True
161,+86027+31897,28.65401177347103,77.27981809992254,built_up,High,43.836945,0.11799415,Cool roof,393456.10192258324,1.0,2.5415795945560422e-06,63368992.49825912,True
162,+85999+31840,28.60280780227931,77.2546652719687,built_up,High,43.836517,0.30184937,Cool roof,393644.11709209194,1.0,2.5403656668036852e-06,63762636.615351215,True
163,+86033+31866,28.626163999665007,77.28520799162693,built_up,High,43.83023,0.17496967,Cool roof,393558.39468167134,1.0,2.5409189932509185e-06,64156195.010032885,True
164,+86022+31852,28.613587585688094,77.27532652350222,built_up,High,43.827423,0.19761536,Cool roof,393604.5610106546,1.0,2.5406209659570757e-06,64549799.571043536,True
165,+86025+31853,28.61448590097216,77.2780214693544,built_up,High,43.81479,0.2938233,Cool roof,393601.26404311205,1.0,2.5406422472527113e-06,64943400.83508665,True
166,+86025+31871,28.630655576085335,77.2780214693544,built_up,High,43.81137,0.21909669,Cool roof,393541.90212249075,1.0,2.541025478117316e-06,65336942.73720914,True
167,+86028+31891,28.64862188176664,77.2807164152066,built_up,High,43.807526,0.098751746,Cool roof,393475.90775877645,1.0,2.5414516626849184e-06,65730418.64496792,True
168,+86027+31889,28.646825251198507,77.27981809992254,built_up,High,43.803375,0.14932312,Cool roof,393482.5089321985,1.0,2.5414090265758455e-06,66123901.15390012,True
169,+86023+31853,28.61448590097216,77.27622483878628,built_up,High,43.799194,0.17421696,Cool roof,393601.26404311205,1.0,2.5406422472527113e-06,66517502.41794323,True
170,+85993+31871,28.630655576085335,77.24927538026432,built_up,High,43.798645,0.20247915,Cool roof,393541.90212249075,1.0,2.541025478117316e-06,66911044.32006572,True
171,+86025+31870,28.62975726080127,77.2780214693544,built_up,High,43.798492,0.14588262,Cool roof,393545.20082735224,1.0,2.541004179183724e-06,67304589.52089307,True
172,+86026+31877,28.636045467789724,77.27891978463848,built_up,High,43.793945,0.11618304,Cool roof,393522.10786660743,1.0,2.5411532923049165e-06,67698111.62875967,True
173,+86023+31870,28.62975726080127,77.27622483878628,built_up,High,43.79303,0.15007995,Cool roof,393545.20082735224,1.0,2.541004179183724e-06,68091656.82958701,True
174,+86024+31854,28.615384216256224,77.27712315407034,built_up,High,43.792328,0.3150272,Cool roof,393597.9669790461,1.0,2.5406635295279275e-06,68485254.79656605,True
175,+86022+31853,28.61448590097216,77.27532652350222,built_up,High,43.790924,0.26127893,Cool roof,393601.26404311205,1.0,2.5406422472527113e-06,68878856.06060916,True
176,+86003+31835,28.598316225858984,77.25825853310496,built_up,High,43.78833,0.26054174,Cool roof,393660.59469014016,1.0,2.5402593337723435e-06,69272516.6552993,True
177,+85977+31895,28.6522151429029,77.23490233571927,built_up,High,43.786285,0.19444732,Cool roof,393462.7042539635,1.0,2.5415369466747284e-06,69665979.35955326,True
178,+86029+31897,28.65401177347103,77.28161473049066,built_up,High,43.78604,0.1205664,Cool roof,393456.10192258324,1.0,2.5415795945560422e-06,70059435.46147585,True
179,+86026+31889,28.646825251198507,77.27891978463848,built_up,High,43.784637,0.19344878,Cool roof,393482.5089321985,1.0,2.5414090265758455e-06,70452917.97040805,True
180,+86027+31891,28.64862188176664,77.27981809992254,built_up,High,43.78412,0.15908246,Cool roof,393475.90775877645,1.0,2.5414516626849184e-06,70846393.87816682,True
181,+85999+31845,28.607299378699636,77.2546652719687,built_up,High,43.78305,0.23251411,Cool roof,393627.6370807394,1.0,2.5404720243128756e-06,71240021.51524757,True
182,+86027+31890,28.647723566482572,77.27981809992254,built_up,High,43.777496,0.16640428,Cool roof,393479.2083937367,1.0,2.5414303441399263e-06,71633500.7236413,True
183,+86027+31876,28.63514715250566,77.27981809992254,built_up,High,43.769806,0.14037734,Cool roof,393525.4071505268,1.0,2.5411319874894163e-06,72027026.13079183,True
184,+86028+31886,28.644130305346312,77.2807164152066,built_up,High,43.76059,0.17312519,Cool roof,393492.40996858553,1.0,2.541345079768718e-06,72420518.54076041,True
185,+86027+31850,28.611790955119965,77.27981809992254,built_up,High,43.76004,0.25683942,Cool roof,393611.1546561666,1.0,2.540578406304404e-06,72814129.69541658,True
186,+85960+31885,28.643231990062247,77.21963097589017,built_up,High,43.756073,0.19390011,Cool roof,393495.7101210463,1.0,2.541323766127926e-06,73207625.40553764,True
187,+86031+31882,28.640537044210053,77.2834113610588,built_up,High,43.755585,0.1740783,Cool roof,393505.6099994146,1.0,2.5412598310897976e-06,73601131.01553705,True
188,+86027+31851,28.61268927040403,77.27981809992254,built_up,High,43.75528,0.31157085,Cool roof,393607.8578816729,1.0,2.5405996856409857e-06,73994738.87341873,True
189,+86033+31853,28.61448590097216,77.28520799162693,built_up,High,43.754913,0.13138515,Cool roof,393601.26404311205,1.0,2.5406422472527113e-06,74388340.13746184,True
190,+86010+31825,28.589333073018334,77.26454674009342,built_up,High,43.75479,0.31415907,Cool roof,393693.54264598736,1.0,2.5400467411252633e-06,74782033.68010783,True
191,+86026+31872,28.6315538913694,77.27891978463848,built_up,High,43.74948,0.11826002,Cool roof,393538.6033211179,1.0,2.5410467780311365e-06,75175572.28342895,True
192,+86003+31831,28.594722964722724,77.25825853310496,built_up,High,43.736603,0.24061815,Cool roof,393673.77503094316,1.0,2.5401742849683066e-06,75569246.0584599,True
193,+85950+31819,28.58394318131394,77.21064782304951,built_up,High,43.735962,0.11608273,Cool roof,393713.30678551074,1.0,2.5399192325109433e-06,75962959.3652454,True
194,+86029+31854,28.615384216256224,77.28161473049066,built_up,High,43.735443,0.17958792,Cool roof,393597.9669790461,1.0,2.5406635295279275e-06,76356557.33222444,True
195,+86001+31840,28.60280780227931,77.25646190253684,built_up,High,43.733124,0.25738114,Cool roof,393644.11709209194,1.0,2.5403656668036852e-06,76750201.44931653,True
196,+86029+31876,28.63514715250566,77.28161473049066,built_up,High,43.728485,0.11947889,Cool roof,393525.4071505268,1.0,2.5411319874894163e-06,77143726.85646705,True
197,+85962+31883,28.641435359494118,77.22142760645829,built_up,High,43.71982,0.18570635,Cool roof,393502.3101364616,1.0,2.541281141788501e-06,77537229.16660352,True
198,+86030+31864,28.624367369096877,77.28251304577473,built_up,High,43.719696,0.21533005,Cool roof,393564.99102974543,1.0,2.540876406164949e-06,77930794.15763326,True
199,+86029+31889,28.646825251198507,77.28161473049066,built_up,High,43.71225,0.12489562,Cool roof,393482.5089321985,1.0,2.5414090265758455e-06,78324276.66656546,True
200,+86033+31860,28.620774107960617,77.28520799162693,built_up,High,43.710175,0.20040663,Cool roof,393578.1825676959,1.0,2.5407912437524376e-06,78717854.84913316,True
201,+85987+31855,28.61628253154029,77.24388548855993,built_up,High,43.70999,0.09301034,Cool roof,393594.6698184574,1.0,2.540684812782761e-06,79111449.51895162,True
202,+86010+31821,28.58573981188207,77.26454674009342,built_up,High,43.708954,0.34605172,Cool roof,393706.7191251809,1.0,2.5399617314685587e-06,79505156.2380768,True
203,+86023+31871,28.630655576085335,77.27622483878628,built_up,High,43.704987,0.1674863,Cool roof,393541.90212249075,1.0,2.541025478117316e-06,79898698.1401993,True
204,+86027+31877,28.636045467789724,77.27981809992254,built_up,High,43.6987,0.109852,Cool roof,393522.10786660743,1.0,2.5411532923049165e-06,80292220.2480659,True
205,+86027+31872,28.6315538913694,77.27981809992254,built_up,High,43.698334,0.10903492,Cool roof,393538.6033211179,1.0,2.5410467780311365e-06,80685758.85138702,True
206,+85964+31884,28.642333674778182,77.22322423702643,built_up,High,43.697174,0.1774631,Cool roof,393499.01017700526,1.0,2.5413024534678655e-06,81079257.86156403,True
207,+86024+31871,28.630655576085335,77.27712315407034,built_up,High,43.69467,0.2631273,Cool roof,393541.90212249075,1.0,2.541025478117316e-06,81472799.76368652,True
208,+86027+31886,28.644130305346312,77.27981809992254,built_up,High,43.693268,0.11827678,Cool roof,393492.40996858553,1.0,2.541345079768718e-06,81866292.17365511,True
209,+86026+31859,28.619875792676552,77.27891978463848,built_up,High,43.69153,0.18851209,Cool roof,393581.4802108883,1.0,2.5407699555989813e-06,82259873.653866,True
210,+86029+31891,28.64862188176664,77.28161473049066,built_up,High,43.686615,0.11064447,Cool roof,393475.90775877645,1.0,2.5414516626849184e-06,82653349.56162477,True
211,+86002+31836,28.599214541143052,77.2573602178209,built_up,High,43.68576,0.31215087,Cool roof,393657.2993635989,1.0,2.540280598420599e-06,83047006.86098836,True
212,+85991+31854,28.615384216256224,77.24747874969619,built_up,High,43.683746,0.2510166,Cool roof,393597.9669790461,1.0,2.5406635295279275e-06,83440604.8279674,True
213,+86028+31873,28.632452206653465,77.2807164152066,built_up,High,43.679535,0.12453995,Cool roof,393535.3044232345,1.0,2.5410680789252197e-06,83834140.13239063,True
214,+86031+31877,28.636045467789724,77.2834113610588,built_up,High,43.677277,0.16034245,Cool roof,393522.10786660743,1.0,2.5411532923049165e-06,84227662.24025723,True
215,+86026+31887,28.645028620630377,77.27891978463848,built_up,High,43.67502,0.13011664,Cool roof,393489.10971962346,1.0,2.5413663943902783e-06,84621151.34997685,True
216,+86032+31879,28.637842098357854,77.28430967634286,built_up,High,43.67453,0.15004295,Cool roof,393515.50900924753,1.0,2.5411959048772846e-06,85014666.8589861,True
217,+86000+31836,28.599214541143052,77.25556358725278,built_up,High,43.672882,0.30841446,Cool roof,393657.2993635989,1.0,2.540280598420599e-06,85408324.1583497,True
218,+86026+31883,28.641435359494118,77.27891978463848,built_up,High,43.665558,0.20884742,Cool roof,393502.3101364616,1.0,2.541281141788501e-06,85801826.46848616,True
219,+86030+31877,28.636045467789724,77.28251304577473,built_up,High,43.66342,0.113696404,Cool roof,393522.10786660743,1.0,2.5411532923049165e-06,86195348.57635276,True
220,+86002+31819,28.58394318131394,77.2573602178209,built_up,High,43.66205,0.24738477,Cool roof,393713.30678551074,1.0,2.5399192325109433e-06,86589061.88313827,True
221,+86029+31873,28.632452206653465,77.28161473049066,built_up,High,43.657623,0.12700044,Cool roof,393535.3044232345,1.0,2.5410680789252197e-06,86982597.1875615,True
222,+86030+31873,28.632452206653465,77.28251304577473,built_up,High,43.657135,0.115125865,Cool roof,393535.3044232345,1.0,2.5410680789252197e-06,87376132.49198472,True
223,+86026+31873,28.632452206653465,77.27891978463848,built_up,High,43.651276,0.11218959,Cool roof,393535.3044232345,1.0,2.5410680789252197e-06,87769667.79640795,True
224,+86025+31876,28.63514715250566,77.2780214693544,built_up,High,43.64798,0.15514618,Cool roof,393525.4071505268,1.0,2.5411319874894163e-06,88163193.20355847,True
225,+86030+31874,28.63335052193753,77.28251304577473,built_up,High,43.6474,0.11693011,Cool roof,393532.00542884105,1.0,2.541089380799604e-06,88556725.20898731,True
226,+86025+31883,28.641435359494118,77.2780214693544,built_up,High,43.646637,0.2494002,Cool roof,393502.3101364616,1.0,2.541281141788501e-06,88950227.51912378,True
227,+86025+31869,28.628858945517205,77.2780214693544,built_up,High,43.645782,0.12859076,Cool roof,393548.4994357017,1.0,2.5409828812303243e-06,89343776.01855949,True
228,+86029+31898,28.654910088755095,77.28161473049066,built_up,High,43.63803,0.10487199,Cool roof,393452.80061215203,1.0,2.541600919968428e-06,89737228.81917164,True
229,+86026+31879,28.637842098357854,77.27891978463848,built_up,High,43.637787,0.108794965,Cool roof,393515.50900924753,1.0,2.5411959048772846e-06,90130744.32818088,True
230,+86029+31892,28.649520197050705,77.28161473049066,built_up,High,43.63684,0.098173864,Cool roof,393472.6070273184,1.0,2.5414729822108584e-06,90524216.9352082,True
231,+86031+31863,28.623469053812812,77.2834113610588,built_up,High,43.633698,0.1404311,Cool roof,393568.2890590088,1.0,2.5408551140919464e-06,90917785.22426721,True
232,+85947+31822,28.586638127166136,77.20795287719731,built_up,High,43.624817,0.3119292,Cool roof,393703.4251501983,1.0,2.5399829824149967e-06,91311488.64941742,True
233,+86028+31892,28.649520197050705,77.2807164152066,built_up,High,43.619537,0.14030832,Cool roof,393472.6070273184,1.0,2.5414729822108584e-06,91704961.25644474,True
234,+86032+31891,28.64862188176664,77.28430967634286,built_up,High,43.61447,0.114532694,Cool roof,393475.90775877645,1.0,2.5414516626849184e-06,92098437.16420351,True
235,+85948+31820,28.584841496598006,77.20885119248138,built_up,High,43.613678,0.29633403,Cool roof,393710.01300361863,1.0,2.5399404815005527e-06,92492147.17720713,True
236,+86033+31891,28.64862188176664,77.28520799162693,built_up,High,43.6127,0.1339855,Cool roof,393475.90775877645,1.0,2.5414516626849184e-06,92885623.0849659,True
237,+86027+31878,28.63694378307379,77.27981809992254,built_up,High,43.611633,0.12860292,Cool roof,393518.80848618085,1.0,2.5411745981008603e-06,93279141.89345208,True
238,+86027+31879,28.637842098357854,77.27981809992254,built_up,High,43.608032,0.1078261,Cool roof,393515.50900924753,1.0,2.5411959048772846e-06,93672657.40246132,True
239,+86033+31867,28.62706231494907,77.28520799162693,built_up,High,43.60739,0.28807536,Cool roof,393555.0963628619,1.0,2.5409402882639576e-06,94066212.49882418,True
240,+86028+31896,28.653113458186965,77.2807164152066,built_up,High,43.60605,0.18448032,Cool roof,393459.4031365207,1.0,2.541558270124821e-06,94459671.9019607,True
241,+86030+31853,28.61448590097216,77.28251304577473,built_up,High,43.6055,0.2598287,Cool roof,393601.26404311205,1.0,2.5406422472527113e-06,94853273.16600381,True
242,+86033+31865,28.625265684380942,77.28520799162693,built_up,High,43.60269,0.12017985,Cool roof,393561.6929039662,1.0,2.540897699217927e-06,95246834.85890777,True
243,+86004+31821,28.58573981188207,77.25915684838904,built_up,High,43.60138,0.16106182,Cool roof,393706.7191251809,1.0,2.5399617314685587e-06,95640541.57803296,True
244,+86029+31849,28.6108926398359,77.28161473049066,built_up,High,43.59372,0.33116248,Cool roof,393614.4513341348,1.0,2.5405571279472957e-06,96034156.02936709,True
245,+86031+31854,28.615384216256224,77.2834113610588,built_up,High,43.587402,0.21978633,Cool roof,393597.9669790461,1.0,2.5406635295279275e-06,96427753.99634613,True
246,+86002+31835,28.598316225858984,77.2573602178209,built_up,High,43.586334,0.29670182,Cool roof,393660.59469014016,1.0,2.5402593337723435e-06,96821414.59103628,True
247,+85977+31894,28.651316827618835,77.23490233571927,built_up,High,43.58615,0.2475714,Cool roof,393466.00527491106,1.0,2.5415156242057283e-06,97214880.59631118,True
248,+86030+31863,28.623469053812812,77.28251304577473,built_up,High,43.585022,0.13659543,Cool roof,393568.2890590088,1.0,2.5408551140919464e-06,97608448.8853702,True
249,+86026+31878,28.63694378307379,77.27891978463848,built_up,High,43.57602,0.0982745,Cool roof,393518.80848618085,1.0,2.5411745981008603e-06,98001967.69385637,True
250,+86022+31870,28.62975726080127,77.27532652350222,built_up,High,43.575928,0.13783461,Cool roof,393545.20082735224,1.0,2.541004179183724e-06,98395512.89468372,True
251,+85990+31854,28.615384216256224,77.24658043441212,built_up,High,43.569794,0.21528494,Cool roof,393597.9669790461,1.0,2.5406635295279275e-06,98789110.86166276,True
252,+86022+31864,28.624367369096877,77.27532652350222,built_up,High,43.568268,0.28853944,Cool roof,393564.99102974543,1.0,2.540876406164949e-06,99182675.8526925,True
253,+85998+31833,28.596519595290854,77.25376695668464,built_up,High,43.568176,0.21706873,Cool roof,393667.18505361537,1.0,2.5402168074126e-06,99576343.03774612,True
254,+86024+31853,28.61448590097216,77.27712315407034,built_up,High,43.563873,0.18390615,Cool roof,393601.26404311205,1.0,2.5406422472527113e-06,99969944.30178922,True
255,+85986+31856,28.617180846824354,77.24298717327586,built_up,High,43.563446,0.076586455,Cool roof,393591.3725613467,1.0,2.540706097017246e-06,100363535.67435057,False
256,+85963+31883,28.641435359494118,77.22232592174235,built_up,High,43.56302,0.18462892,Cool roof,393502.3101364616,1.0,2.541281141788501e-06,100757037.98448704,False
257,+86002+31824,28.58843475773427,77.2573602178209,built_up,High,43.56076,0.23551172,Cool roof,393696.8369106009,1.0,2.5400254872433124e-06,101150734.82139765,False
258,+86032+31890,28.647723566482572,77.28430967634286,built_up,High,43.559174,0.118781954,Cool roof,393479.2083937367,1.0,2.5414303441399263e-06,101544214.02979138,False
259,+86003+31821,28.58573981188207,77.25825853310496,built_up,High,43.556366,0.19077507,Cool roof,393706.7191251809,1.0,2.5399617314685587e-06,101937920.74891657,False
260,+86004+31820,28.584841496598006,77.25915684838904,built_up,High,43.555237,0.15710495,Cool roof,393710.01300361863,1.0,2.5399404815005527e-06,102331630.76192018,False
261,+86009+31824,28.58843475773427,77.26364842480936,built_up,High,43.546722,0.3837115,Cool roof,393696.8369106009,1.0,2.5400254872433124e-06,102725327.59883079,False
262,+86003+31824,28.58843475773427,77.25825853310496,built_up,High,43.53946,0.23604907,Cool roof,393696.8369106009,1.0,2.5400254872433124e-06,103119024.4357414,False
263,+86029+31890,28.647723566482572,77.28161473049066,built_up,High,43.537018,0.123609185,Cool roof,393479.2083937367,1.0,2.5414303441399263e-06,103512503.64413513,False
264,+86027+31857,28.61807916210842,77.27981809992254,built_up,High,43.528046,0.29142603,Cool roof,393588.07520771434,1.0,2.5407273822314218e-06,103906091.71934284,False
265,+86020+31865,28.625265684380942,77.27352989293408,built_up,High,43.526947,0.38148648,Cool roof,393561.6929039662,1.0,2.540897699217927e-06,104299653.41224681,False
266,+86025+31875,28.634248837221595,77.2780214693544,built_up,High,43.526154,0.1109626,Cool roof,393528.7063379382,1.0,2.5411106836543245e-06,104693182.11858475,False
267,+86021+31852,28.613587585688094,77.27442820821814,built_up,High,43.52545,0.24415603,Cool roof,393604.5610106546,1.0,2.5406209659570757e-06,105086786.67959541,False
268,+86013+31895,28.6522151429029,77.26724168594562,built_up,High,43.524597,0.1688182,Cool roof,393462.7042539635,1.0,2.5415369466747284e-06,105480249.38384937,False
269,+86028+31898,28.654910088755095,77.2807164152066,built_up,High,43.52185,0.12505367,Cool roof,393452.80061215203,1.0,2.541600919968428e-06,105873702.18446152,False
270,+86012+31822,28.586638127166136,77.26634337066156,built_up,High,43.52072,0.3450084,Cool roof,393703.4251501983,1.0,2.5399829824149967e-06,106267405.60961172,False
271,+86012+31825,28.589333073018334,77.26634337066156,built_up,High,43.510406,0.2815155,Cool roof,393693.54264598736,1.0,2.5400467411252633e-06,106661099.15225771,False
272,+86033+31863,28.623469053812812,77.28520799162693,built_up,High,43.50882,0.21345136,Cool roof,393568.2890590088,1.0,2.5408551140919464e-06,107054667.44131672,False
273,+86032+31863,28.623469053812812,77.28430967634286,built_up,High,43.507355,0.19888689,Cool roof,393568.2890590088,1.0,2.5408551140919464e-06,107448235.73037574,False
274,+86025+31850,28.611790955119965,77.2780214693544,built_up,High,43.504944,0.13612595,Cool roof,393611.1546561666,1.0,2.540578406304404e-06,107841846.88503191,False
275,+85940+31819,28.58394318131394,77.20166467020886,built_up,High,43.50125,0.27351633,Cool roof,393713.30678551074,1.0,2.5399192325109433e-06,108235560.19181742,False
276,+85999+31877,28.636045467789724,77.2546652719687,built_up,High,43.497467,0.25595343,Cool roof,393522.10786660743,1.0,2.5411532923049165e-06,108629082.29968402,False
277,+86026+31886,28.644130305346312,77.27891978463848,built_up,High,43.49472,0.11341401,Cool roof,393492.40996858553,1.0,2.541345079768718e-06,109022574.7096526,False
278,+85999+31839,28.601909486995247,77.2546652719687,built_up,High,43.490387,0.3220093,Cool roof,393647.41280476865,1.0,2.540344398239332e-06,109416222.12245737,False
279,+86025+31872,28.6315538913694,77.2780214693544,built_up,High,43.483856,0.13286103,Cool roof,393538.6033211179,1.0,2.5410467780311365e-06,109809760.72577849,False
280,+85992+31874,28.63335052193753,77.24837706498025,built_up,High,43.48297,0.27866054,Cool roof,393532.00542884105,1.0,2.541089380799604e-06,110203292.73120733,False
281,+86030+31892,28.649520197050705,77.28251304577473,built_up,High,43.48294,0.10801373,Cool roof,393472.6070273184,1.0,2.5414729822108584e-06,110596765.33823465,False
282,+86021+31844,28.60640106341557,77.27442820821814,built_up,High,43.482025,0.22196025,Cool roof,393630.93327607034,1.0,2.5404507508525932e-06,110990396.27151072,False
283,+86000+31879,28.637842098357854,77.25556358725278,built_up,High,43.479706,0.3064959,Cool roof,393515.50900924753,1.0,2.5411959048772846e-06,111383911.78051996,False
284,+86030+31882,28.640537044210053,77.28251304577473,built_up,High,43.478973,0.23207359,Cool roof,393505.6099994146,1.0,2.5412598310897976e-06,111777417.39051938,False
285,+86031+31862,28.622570738528747,77.2834113610588,built_up,High,43.477783,0.1371412,Cool roof,393571.58699175547,1.0,2.5408338229988843e-06,112170988.97751114,False
286,+85944+31821,28.58573981188207,77.20525793134512,built_up,High,43.475067,0.32690465,Cool roof,393706.7191251809,1.0,2.5399617314685587e-06,112564695.69663632,False
287,+85960+31886,28.644130305346312,77.21963097589017,built_up,High,43.473724,0.18597971,Cool roof,393492.40996858553,1.0,2.541345079768718e-06,112958188.1066049,False
288,+85993+31873,28.632452206653465,77.24927538026432,built_up,High,43.471344,0.27145922,Cool roof,393535.3044232345,1.0,2.5410680789252197e-06,113351723.41102813,False
289,+85944+31896,28.653113458186965,77.20525793134512,built_up,High,43.470886,0.20855294,Cool roof,393459.4031365207,1.0,2.541558270124821e-06,113745182.81416465,False
290,+86029+31899,28.65580840403916,77.28161473049066,built_up,High,43.463226,0.12702788,Cool roof,393449.49920522765,1.0,2.541622246362014e-06,114138632.31336989,False
291,+85978+31851,28.61268927040403,77.23580065100334,built_up,High,43.463165,0.3689916,Cool roof,393607.8578816729,1.0,2.5405996856409857e-06,114532240.17125157,False
292,+86030+31878,28.63694378307379,77.28251304577473,built_up,High,43.45517,0.107090965,Cool roof,393518.80848618085,1.0,2.5411745981008603e-06,114925758.97973774,False
293,+86027+31892,28.649520197050705,77.27981809992254,built_up,High,43.454224,0.115512215,Cool roof,393472.6070273184,1.0,2.5414729822108584e-06,115319231.58676507,False
294,+86031+31878,28.63694378307379,77.2834113610588,built_up,High,43.45282,0.13022368,Cool roof,393518.80848618085,1.0,2.5411745981008603e-06,115712750.39525124,False
295,+86025+31885,28.643231990062247,77.2780214693544,built_up,High,43.452545,0.1350801,Cool roof,393495.7101210463,1.0,2.541323766127926e-06,116106246.1053723,False
296,+86029+31893,28.65041851233477,77.28161473049066,built_up,High,43.45047,0.16799256,Cool roof,393469.30619936297,1.0,2.5414943027177834e-06,116499715.41157165,False
297,+86026+31871,28.630655576085335,77.27891978463848,built_up,High,43.448334,0.13980691,Cool roof,393541.90212249075,1.0,2.541025478117316e-06,116893257.31369415,False
298,+86025+31886,28.644130305346312,77.2780214693544,built_up,High,43.44467,0.115329936,Cool roof,393492.40996858553,1.0,2.541345079768718e-06,117286749.72366273,False
299,+86027+31848,28.609994324551835,77.27981809992254,built_up,High,43.440155,0.18543915,Cool roof,393617.74791557674,1.0,2.540535850569625e-06,117680367.47157831,False
300,+85994+31852,28.613587585688094,77.25017369554838,built_up,High,43.438965,0.24629147,Cool roof,393604.5610106546,1.0,2.5406209659570757e-06,118073972.03258897,False
301,+86033+31858,28.618977477392487,77.28520799162693,built_up,High,43.436615,0.1344693,Cool roof,393584.7777575614,1.0,2.5407486684253207e-06,118467556.81034653,False
302,+86033+31852,28.613587585688094,77.28520799162693,built_up,High,43.434113,0.13915005,Cool roof,393604.5610106546,1.0,2.5406209659570757e-06,118861161.37135719,False
303,+86019+31843,28.605502748131507,77.27263157765002,built_up,High,43.429077,0.19257867,Cool roof,393634.22937487165,1.0,2.54042947837157e-06,119254795.60073206,False
304,+86002+31834,28.59741791057492,77.2573602178209,built_up,High,43.421906,0.26993617,Cool roof,393663.8899201458,1.0,2.540238070103023e-06,119648459.4906522,False
305,+86032+31860,28.620774107960617,77.28430967634286,built_up,High,43.41815,0.1350498,Cool roof,393578.1825676959,1.0,2.5407912437524376e-06,120042037.6732199,False
306,+85989+31857,28.61807916210842,77.24568211912806,built_up,High,43.4162,0.28498057,Cool roof,393588.07520771434,1.0,2.5407273822314218e-06,120435625.74842761,False
307,+86022+31865,28.625265684380942,77.27532652350222,built_up,High,43.414642,0.3051378,Cool roof,393561.6929039662,1.0,2.540897699217927e-06,120829187.44133158,False
308,+86032+31892,28.649520197050705,77.28430967634286,built_up,High,43.414368,0.113387175,Cool roof,393472.6070273184,1.0,2.5414729822108584e-06,121222660.0483589,False
309,+86033+31895,28.6522151429029,77.28520799162693,built_up,High,43.41281,0.106904216,Cool roof,393462.7042539635,1.0,2.5415369466747284e-06,121616122.75261286,False
310,+85998+31834,28.59741791057492,77.25376695668464,built_up,High,43.40912,0.27443677,Cool roof,393663.8899201458,1.0,2.540238070103023e-06,122009786.642533,False
311,+86033+31889,28.646825251198507,77.28520799162693,built_up,High,43.40747,0.1193495,Cool roof,393482.5089321985,1.0,2.5414090265758455e-06,122403269.1514652,False
312,+85939+31820,28.584841496598006,77.2007663549248,built_up,High,43.407013,0.28059646,Cool roof,393710.01300361863,1.0,2.5399404815005527e-06,122796979.16446882,False
313,+85998+31845,28.607299378699636,77.25376695668464,built_up,High,43.404907,0.23018049,Cool roof,393627.6370807394,1.0,2.5404720243128756e-06,123190606.80154957,False
314,+86032+31855,28.61628253154029,77.28430967634286,built_up,High,43.401,0.12488547,Cool roof,393594.6698184574,1.0,2.540684812782761e-06,123584201.47136803,False
315,+86031+31865,28.625265684380942,77.2834113610588,built_up,High,43.400482,0.27675018,Cool roof,393561.6929039662,1.0,2.540897699217927e-06,123977763.164272,False
316,+86029+31877,28.636045467789724,77.28161473049066,built_up,High,43.400177,0.110339,Cool roof,393522.10786660743,1.0,2.5411532923049165e-06,124371285.2721386,False
317,+86004+31832,28.59562128000679,77.25915684838904,built_up,High,43.39859,0.18113287,Cool roof,393670.48009054805,1.0,2.5401955457010397e-06,124764955.75222914,False
318,+86030+31891,28.64862188176664,77.28251304577473,built_up,High,43.398407,0.116685204,Cool roof,393475.90775877645,1.0,2.5414516626849184e-06,125158431.65998791,False
319,+85939+31823,28.5875364424502,77.2007663549248,built_up,High,43.39804,0.27649128,Cool roof,393700.13107867143,1.0,2.540004234339902e-06,125552131.79106659,False
320,+86033+31894,28.651316827618835,77.28520799162693,built_up,High,43.39737,0.09812388,Cool roof,393466.00527491106,1.0,2.5415156242057283e-06,125945597.7963415,False
321,+85955+31900,28.656706719323225,77.21513939946983,built_up,High,43.39566,0.14532617,Cool roof,393446.19770181086,1.0,2.541643573736835e-06,126339043.9940433,False
322,+86013+31896,28.653113458186965,77.26724168594562,built_up,High,43.394318,0.19063693,Cool roof,393459.4031365207,1.0,2.541558270124821e-06,126732503.39717983,False
323,+86031+31864,28.624367369096877,77.2834113610588,built_up,High,43.38907,0.13114198,Cool roof,393564.99102974543,1.0,2.540876406164949e-06,127126068.38820957,False
324,+86033+31890,28.647723566482572,77.28520799162693,built_up,High,43.385803,0.16035362,Cool roof,393479.2083937367,1.0,2.5414303441399263e-06,127519547.5966033,False
325,+85999+31829,28.592926334154594,77.2546652719687,built_up,High,43.38437,0.2771788,Cool roof,393680.36462211795,1.0,2.5401317664391776e-06,127913227.96122542,False
326,+85962+31882,28.640537044210053,77.22142760645829,built_up,High,43.38388,0.20047113,Cool roof,393505.6099994146,1.0,2.5412598310897976e-06,128306733.57122484,False
327,+86002+31830,28.59382464943866,77.2573602178209,built_up,High,43.37607,0.26169345,Cool roof,393677.0698747999,1.0,2.540153025214365e-06,128700410.64109963,False
328,+85988+31855,28.61628253154029,77.24478380384399,built_up,High,43.376038,0.1569314,Cool roof,393594.6698184574,1.0,2.540684812782761e-06,129094005.3109181,False
329,+86026+31869,28.628858945517205,77.27891978463848,built_up,High,43.374054,0.13225381,Cool roof,393548.4994357017,1.0,2.5409828812303243e-06,129487553.8103538,False
330,+86025+31877,28.636045467789724,77.2780214693544,built_up,High,43.37375,0.12795468,Cool roof,393522.10786660743,1.0,2.5411532923049165e-06,129881075.9182204,False
331,+86009+31862,28.622570738528747,77.26364842480936,built_up,High,43.37274,0.2271214,Cool roof,393571.58699175547,1.0,2.5408338229988843e-06,130274647.50521216,False
332,+86029+31886,28.644130305346312,77.28161473049066,built_up,High,43.368774,0.28222358,Cool roof,393492.40996858553,1.0,2.541345079768718e-06,130668139.91518074,False
333,+86026+31868,28.627960630233137,77.27891978463848,built_up,High,43.367035,0.13158228,Cool roof,393551.7979475385,1.0,2.5409615842570807e-06,131061691.71312828,False
334,+86030+31899,28.65580840403916,77.28251304577473,built_up,High,43.365967,0.10293019,Cool roof,393449.49920522765,1.0,2.541622246362014e-06,131455141.21233352,False
335,+86030+31898,28.654910088755095,77.28251304577473,built_up,High,43.365692,0.12268571,Cool roof,393452.80061215203,1.0,2.541600919968428e-06,131848594.01294567,False
336,+86032+31865,28.625265684380942,77.28430967634286,built_up,High,43.36447,0.14920166,Cool roof,393561.6929039662,1.0,2.540897699217927e-06,132242155.70584963,False
337,+86025+31882,28.640537044210053,77.2780214693544,built_up,High,43.36264,0.28364587,Cool roof,393505.6099994146,1.0,2.5412598310897976e-06,132635661.31584905,False
338,+86029+31878,28.63694378307379,77.28161473049066,built_up,High,43.35849,0.114729084,Cool roof,393518.80848618085,1.0,2.5411745981008603e-06,133029180.12433523,False
339,+85972+31819,28.58394318131394,77.23041075929895,built_up,High,43.355743,0.14237936,Cool roof,393713.30678551074,1.0,2.5399192325109433e-06,133422893.43112074,False
340,+86031+31873,28.632452206653465,77.2834113610588,built_up,High,43.351288,0.12416365,Cool roof,393535.3044232345,1.0,2.5410680789252197e-06,133816428.73554397,False
341,+86023+31862,28.622570738528747,77.27622483878628,built_up,High,43.35074,0.21947701,Cool roof,393571.58699175547,1.0,2.5408338229988843e-06,134210000.32253572,False
342,+85978+31895,28.6522151429029,77.23580065100334,built_up,High,43.347504,0.27328286,Cool roof,393462.7042539635,1.0,2.5415369466747284e-06,134603463.0267897,False
343,+86028+31876,28.63514715250566,77.2807164152066,built_up,High,43.3472,0.12113156,Cool roof,393525.4071505268,1.0,2.5411319874894163e-06,134996988.43394023,False
344,+86026+31880,28.638740413641923,77.27891978463848,built_up,High,43.345306,0.21502045,Cool roof,393512.20943580836,1.0,2.5412172126342245e-06,135390500.64337605,False
345,+86031+31892,28.649520197050705,77.2834113610588,built_up,High,43.34091,0.1178757,Cool roof,393472.6070273184,1.0,2.5414729822108584e-06,135783973.25040337,False
346,+85966+31886,28.644130305346312,77.22502086759455,built_up,High,43.33835,0.18107124,Cool roof,393492.40996858553,1.0,2.541345079768718e-06,136177465.66037196,False
347,+86025+31873,28.632452206653465,77.2780214693544,built_up,High,43.33737,0.11674426,Cool roof,393535.3044232345,1.0,2.5410680789252197e-06,136571000.9647952,False
348,+86027+31880,28.638740413641923,77.27981809992254,built_up,High,43.334442,0.12125776,Cool roof,393512.20943580836,1.0,2.5412172126342245e-06,136964513.17423102,False
349,+86002+31831,28.594722964722724,77.2573602178209,built_up,High,43.3331,0.25210685,Cool roof,393673.77503094316,1.0,2.5401742849683066e-06,137358186.94926196,False
350,+86003+31836,28.599214541143052,77.25825853310496,built_up,High,43.33191,0.34775087,Cool roof,393657.2993635989,1.0,2.540280598420599e-06,137751844.24862558,False
351,+86000+31834,28.59741791057492,77.25556358725278,built_up,High,43.331757,0.35852528,Cool roof,393663.8899201458,1.0,2.540238070103023e-06,138145508.13854572,False
352,+86026+31849,28.6108926398359,77.27891978463848,built_up,High,43.33029,0.1944156,Cool roof,393614.4513341348,1.0,2.5405571279472957e-06,138539122.58987987,False
353,+85998+31831,28.594722964722724,77.25376695668464,built_up,High,43.325165,0.1994672,Cool roof,393673.77503094316,1.0,2.5401742849683066e-06,138932796.3649108,False
354,+86027+31896,28.653113458186965,77.27981809992254,built_up,High,43.322174,0.13043498,Cool roof,393459.4031365207,1.0,2.541558270124821e-06,139326255.76804733,False
355,+86026+31870,28.62975726080127,77.27891978463848,built_up,High,43.319977,0.123973794,Cool roof,393545.20082735224,1.0,2.541004179183724e-06,139719800.9688747,False
356,+86033+31859,28.619875792676552,77.28520799162693,built_up,High,43.31491,0.15398598,Cool roof,393581.4802108883,1.0,2.5407699555989813e-06,140113382.4490856,False
357,+85993+31853,28.61448590097216,77.24927538026432,built_up,High,43.3132,0.26061088,Cool roof,393601.26404311205,1.0,2.5406422472527113e-06,140506983.71312872,False
358,+86003+31823,28.5875364424502,77.25825853310496,built_up,High,43.312958,0.17188995,Cool roof,393700.13107867143,1.0,2.540004234339902e-06,140900683.84420738,False
359,+86005+31820,28.584841496598006,77.2600551636731,built_up,High,43.312958,0.25073323,Cool roof,393710.01300361863,1.0,2.5399404815005527e-06,141294393.857211,False
360,+86028+31895,28.6522151429029,77.2807164152066,built_up,High,43.310364,0.12645568,Cool roof,393462.7042539635,1.0,2.5415369466747284e-06,141687856.56146497,False
361,+86026+31882,28.640537044210053,77.27891978463848,built_up,High,43.308014,0.23873933,Cool roof,393505.6099994146,1.0,2.5412598310897976e-06,142081362.17146438,False
362,+86031+31883,28.641435359494118,77.2834113610588,built_up,High,43.30789,0.22972323,Cool roof,393502.3101364616,1.0,2.541281141788501e-06,142474864.48160085,False
363,+86033+31875,28.634248837221595,77.28520799162693,built_up,High,43.306152,0.27474588,Cool roof,393528.7063379382,1.0,2.5411106836543245e-06,142868393.18793878,False
364,+86003+31834,28.59741791057492,77.25825853310496,built_up,High,43.304962,0.31555682,Cool roof,393663.8899201458,1.0,2.540238070103023e-06,143262057.07785892,False
365,+85979+31898,28.654910088755095,77.2366989662874,built_up,High,43.304565,0.27707812,Cool roof,393452.80061215203,1.0,2.541600919968428e-06,143655509.87847108,False
366,+85993+31855,28.61628253154029,77.24927538026432,built_up,High,43.30197,0.30522576,Cool roof,393594.6698184574,1.0,2.540684812782761e-06,144049104.54828954,False
367,+86024+31850,28.611790955119965,77.27712315407034,built_up,High,43.30182,0.15814897,Cool roof,393611.1546561666,1.0,2.540578406304404e-06,144442715.7029457,False
368,+86028+31899,28.65580840403916,77.2807164152066,built_up,High,43.298187,0.11607292,Cool roof,393449.49920522765,1.0,2.541622246362014e-06,144836165.20215094,False
369,+86033+31892,28.649520197050705,77.28520799162693,built_up,High,43.29776,0.09944766,Cool roof,393472.6070273184,1.0,2.5414729822108584e-06,145229637.80917826,False
370,+86028+31878,28.63694378307379,77.2807164152066,built_up,High,43.288483,0.11554464,Cool roof,393518.80848618085,1.0,2.5411745981008603e-06,145623156.61766446,False
371,+85998+31832,28.59562128000679,77.25376695668464,built_up,High,43.286835,0.18860587,Cool roof,393670.48009054805,1.0,2.5401955457010397e-06,146016827.097755,False
372,+86023+31852,28.613587585688094,77.27622483878628,built_up,High,43.286377,0.16240221,Cool roof,393604.5610106546,1.0,2.5406209659570757e-06,146410431.65876567,False
373,+86031+31872,28.6315538913694,77.2834113610588,built_up,High,43.283447,0.11871484,Cool roof,393538.6033211179,1.0,2.5410467780311365e-06,146803970.26208678,False
374,+86027+31867,28.62706231494907,77.27981809992254,built_up,High,43.279755,0.21278186,Cool roof,393555.0963628619,1.0,2.5409402882639576e-06,147197525.35844964,False
375,+86033+31856,28.617180846824354,77.28520799162693,built_up,High,43.279266,0.14272445,Cool roof,393591.3725613467,1.0,2.540706097017246e-06,147591116.73101097,False
376,+86021+31853,28.61448590097216,77.27442820821814,built_up,High,43.270905,0.4178369,Cool roof,393601.26404311205,1.0,2.5406422472527113e-06,147984717.9950541,False
377,+86033+31897,28.65401177347103,77.28520799162693,built_up,High,43.267365,0.118562676,Cool roof,393456.10192258324,1.0,2.5415795945560422e-06,148378174.09697667,False
378,+85968+31892,28.649520197050705,77.22681749816269,built_up,High,43.265717,0.1300204,Cool roof,393472.6070273184,1.0,2.5414729822108584e-06,148771646.704004,False
379,+86010+31863,28.623469053812812,77.26454674009342,built_up,High,43.262665,0.30803907,Cool roof,393568.2890590088,1.0,2.5408551140919464e-06,149165214.993063,False
380,+86031+31891,28.64862188176664,77.2834113610588,built_up,High,43.262634,0.1454305,Cool roof,393475.90775877645,1.0,2.5414516626849184e-06,149558690.90082178,False
381,+86005+31821,28.58573981188207,77.2600551636731,built_up,High,43.26236,0.22507396,Cool roof,393706.7191251809,1.0,2.5399617314685587e-06,149952397.61994696,False
382,+85965+31886,28.644130305346312,77.22412255231049,built_up,High,43.2623,0.21366683,Cool roof,393492.40996858553,1.0,2.541345079768718e-06,150345890.02991554,False
383,+86033+31898,28.654910088755095,77.28520799162693,built_up,High,43.260956,0.111020505,Cool roof,393452.80061215203,1.0,2.541600919968428e-06,150739342.8305277,False
384,+85985+31859,28.619875792676552,77.24208885799179,built_up,High,43.25995,0.117945254,Cool roof,393581.4802108883,1.0,2.5407699555989813e-06,151132924.3107386,False
385,+86030+31881,28.639638728925988,77.28251304577473,built_up,High,43.25772,0.1270681,Cool roof,393508.9097658637,1.0,2.5412385213717176e-06,151526433.22050446,False
386,+85996+31875,28.634248837221595,77.2519703261165,built_up,High,43.251587,0.26411328,Cool roof,393528.7063379382,1.0,2.5411106836543245e-06,151919961.9268424,False
387,+86032+31875,28.634248837221595,77.28430967634286,built_up,High,43.248566,0.2824822,Cool roof,393528.7063379382,1.0,2.5411106836543245e-06,152313490.63318032,False
388,+86029+31888,28.645926935914442,77.28161473049066,built_up,High,43.248444,0.15319663,Cool roof,393485.8093741609,1.0,2.541387709992642e-06,152706976.44255447,False
389,+86031+31866,28.626163999665007,77.2834113610588,built_up,High,43.247223,0.26575541,Cool roof,393558.39468167134,1.0,2.5409189932509185e-06,153100534.83723614,False
390,+86024+31869,28.628858945517205,77.27712315407034,built_up,High,43.243317,0.20578824,Cool roof,393548.4994357017,1.0,2.5409828812303243e-06,153494083.33667183,False
391,+86030+31893,28.65041851233477,77.28251304577473,built_up,High,43.240143,0.11496935,Cool roof,393469.30619936297,1.0,2.5414943027177834e-06,153887552.6428712,False
392,+86025+31868,28.627960630233137,77.2780214693544,built_up,High,43.238983,0.15428966,Cool roof,393551.7979475385,1.0,2.5409615842570807e-06,154281104.44081873,False
393,+85960+31884,28.642333674778182,77.21963097589017,built_up,High,43.23825,0.21003401,Cool roof,393499.01017700526,1.0,2.5413024534678655e-06,154674603.45099574,False
394,+86020+31843,28.605502748131507,77.27352989293408,built_up,High,43.237427,0.2840323,Cool roof,393634.22937487165,1.0,2.54042947837157e-06,155068237.68037063,False
395,+86012+31896,28.653113458186965,77.26634337066156,built_up,High,43.236847,0.20271565,Cool roof,393459.4031365207,1.0,2.541558270124821e-06,155461697.08350715,False
396,+86032+31895,28.6522151429029,77.28430967634286,built_up,High,43.23343,0.1407127,Cool roof,393462.7042539635,1.0,2.5415369466747284e-06,155855159.78776112,False
397,+85961+31883,28.641435359494118,77.22052929117423,built_up,High,43.22943,0.1892732,Cool roof,393502.3101364616,1.0,2.541281141788501e-06,156248662.0978976,False
398,+86029+31896,28.653113458186965,77.28161473049066,built_up,High,43.227325,0.22647607,Cool roof,393459.4031365207,1.0,2.541558270124821e-06,156642121.5010341,False
399,+86001+31835,28.598316225858984,77.25646190253684,built_up,High,43.226593,0.3939218,Cool roof,393660.59469014016,1.0,2.5402593337723435e-06,157035782.09572425,False
400,+86033+31851,28.61268927040403,77.28520799162693,built_up,High,43.224457,0.29345846,Cool roof,393607.8578816729,1.0,2.5405996856409857e-06,157429389.95360592,False
401,+86021+31869,28.628858945517205,77.27442820821814,built_up,High,43.222168,0.2343118,Cool roof,393548.4994357017,1.0,2.5409828812303243e-06,157822938.4530416,False
402,+86015+31841,28.603706117563377,77.26903831651376,built_up,High,43.218903,0.2517254,Cool roof,393640.8212828831,1.0,2.5403869363471513e-06,158216579.2743245,False
403,+86026+31890,28.647723566482572,77.27891978463848,built_up,High,43.213776,0.2940661,Cool roof,393479.2083937367,1.0,2.5414303441399263e-06,158610058.48271823,False
404,+86030+31872,28.6315538913694,77.28251304577473,built_up,High,43.212646,0.12010394,Cool roof,393538.6033211179,1.0,2.5410467780311365e-06,159003597.08603933,False
405,+86027+31868,28.627960630233137,77.27981809992254,built_up,High,43.2117,0.12549223,Cool roof,393551.7979475385,1.0,2.5409615842570807e-06,159397148.88398686,False
406,+85978+31894,28.651316827618835,77.23580065100334,built_up,High,43.211304,0.25758827,Cool roof,393466.00527491106,1.0,2.5415156242057283e-06,159790614.88926178,False
407,+86004+31833,28.596519595290854,77.25915684838904,built_up,High,43.209503,0.1692804,Cool roof,393667.18505361537,1.0,2.5402168074126e-06,160184282.0743154,False
408,+86032+31889,28.646825251198507,77.28430967634286,built_up,High,43.208954,0.10589838,Cool roof,393482.5089321985,1.0,2.5414090265758455e-06,160577764.5832476,False
409,+85961+31886,28.644130305346312,77.22052929117423,built_up,High,43.208435,0.18934049,Cool roof,393492.40996858553,1.0,2.541345079768718e-06,160971256.9932162,False
410,+86026+31891,28.64862188176664,77.27891978463848,built_up,High,43.20758,0.14523998,Cool roof,393475.90775877645,1.0,2.5414516626849184e-06,161364732.90097496,False
411,+86003+31825,28.589333073018334,77.25825853310496,built_up,High,43.206604,0.2374841,Cool roof,393693.54264598736,1.0,2.5400467411252633e-06,161758426.44362095,False
412,+85976+31895,28.6522151429029,77.23400402043521,built_up,High,43.20529,0.18333945,Cool roof,393462.7042539635,1.0,2.5415369466747284e-06,162151889.14787492,False
413,+86002+31825,28.589333073018334,77.2573602178209,built_up,High,43.19986,0.25379544,Cool roof,393693.54264598736,1.0,2.5400467411252633e-06,162545582.6905209,False
414,+85978+31852,28.613587585688094,77.23580065100334,built_up,High,43.19635,0.41406548,Cool roof,393604.5610106546,1.0,2.5406209659570757e-06,162939187.25153157,False
415,+86027+31866,28.626163999665007,77.27981809992254,built_up,High,43.19394,0.268974,Cool roof,393558.39468167134,1.0,2.5409189932509185e-06,163332745.64621323,False
416,+86001+31834,28.59741791057492,77.25646190253684,built_up,High,43.18448,0.3162541,Cool roof,393663.8899201458,1.0,2.540238070103023e-06,163726409.53613338,False
417,+86011+31820,28.584841496598006,77.2654450553775,built_up,High,43.18222,0.41022676,Cool roof,393710.01300361863,1.0,2.5399404815005527e-06,164120119.549137,False
418,+86032+31898,28.654910088755095,77.28430967634286,built_up,High,43.180786,0.111683674,Cool roof,393452.80061215203,1.0,2.541600919968428e-06,164513572.34974915,False
419,+85981+31826,28.5902313883024,77.23849559685553,built_up,High,43.17984,0.28633103,Cool roof,393690.24828483176,1.0,2.540067995985788e-06,164907262.598034,False
420,+86032+31894,28.651316827618835,77.28430967634286,built_up,High,43.17923,0.12362325,Cool roof,393466.00527491106,1.0,2.5415156242057283e-06,165300728.60330892,False
421,+86033+31857,28.61807916210842,77.28520799162693,built_up,High,43.178436,0.13028431,Cool roof,393588.07520771434,1.0,2.5407273822314218e-06,165694316.67851663,False
422,+85992+31873,28.632452206653465,77.24837706498025,built_up,High,43.17679,0.26517314,Cool roof,393535.3044232345,1.0,2.5410680789252197e-06,166087851.98293987,False
423,+86031+31879,28.637842098357854,77.2834113610588,built_up,High,43.174286,0.1550271,Cool roof,393515.50900924753,1.0,2.5411959048772846e-06,166481367.4919491,False
424,+86012+31840,28.60280780227931,77.26634337066156,built_up,High,43.17331,0.3524026,Cool roof,393644.11709209194,1.0,2.5403656668036852e-06,166875011.6090412,False
425,+85956+31900,28.656706719323225,77.21603771475391,built_up,High,43.17282,0.17684494,Cool roof,393446.19770181086,1.0,2.541643573736835e-06,167268457.80674303,False
426,+86032+31867,28.62706231494907,77.28430967634286,built_up,High,43.172363,0.21452722,Cool roof,393555.0963628619,1.0,2.5409402882639576e-06,167662012.90310588,False
427,+86000+31835,28.598316225858984,77.25556358725278,built_up,High,43.16815,0.32102183,Cool roof,393660.59469014016,1.0,2.5402593337723435e-06,168055673.49779603,False
428,+86026+31885,28.643231990062247,77.27891978463848,built_up,High,43.167145,0.17956117,Cool roof,393495.7101210463,1.0,2.541323766127926e-06,168449169.20791706,False
429,+86030+31883,28.641435359494118,77.28251304577473,built_up,High,43.166992,0.1899894,Cool roof,393502.3101364616,1.0,2.541281141788501e-06,168842671.51805353,False
430,+86028+31877,28.636045467789724,77.2807164152066,built_up,High,43.166718,0.095656395,Cool roof,393522.10786660743,1.0,2.5411532923049165e-06,169236193.62592015,False
431,+86024+31862,28.622570738528747,77.27712315407034,built_up,High,43.162933,0.17248207,Cool roof,393571.58699175547,1.0,2.5408338229988843e-06,169629765.2129119,False
432,+85990+31860,28.620774107960617,77.24658043441212,built_up,High,43.161957,0.22907801,Cool roof,393578.1825676959,1.0,2.5407912437524376e-06,170023343.3954796,False
433,+86028+31893,28.65041851233477,77.2807164152066,built_up,High,43.160004,0.18607901,Cool roof,393469.30619936297,1.0,2.5414943027177834e-06,170416812.70167896,False
434,+86028+31866,28.626163999665007,77.2807164152066,built_up,High,43.15738,0.21816374,Cool roof,393558.39468167134,1.0,2.5409189932509185e-06,170810371.09636062,False
435,+85998+31830,28.59382464943866,77.25376695668464,built_up,High,43.156403,0.18369985,Cool roof,393677.0698747999,1.0,2.540153025214365e-06,171204048.16623542,False
436,+85979+31897,28.65401177347103,77.2366989662874,built_up,High,43.155273,0.32149318,Cool roof,393456.10192258324,1.0,2.5415795945560422e-06,171597504.268158,False
437,+85949+31820,28.584841496598006,77.20974950776545,built_up,High,43.154083,0.29909787,Cool roof,393710.01300361863,1.0,2.5399404815005527e-06,171991214.2811616,False
438,+86004+31819,28.58394318131394,77.25915684838904,built_up,High,43.152435,0.17532153,Cool roof,393713.30678551074,1.0,2.5399192325109433e-06,172384927.58794713,False
439,+86033+31896,28.653113458186965,77.28520799162693,built_up,High,43.152435,0.1376954,Cool roof,393459.4031365207,1.0,2.541558270124821e-06,172778386.99108365,False
440,+86018+31843,28.605502748131507,77.27173326236594,built_up,High,43.15219,0.27665532,Cool roof,393634.22937487165,1.0,2.54042947837157e-06,173172021.22045854,False
441,+86027+31869,28.628858945517205,77.27981809992254,built_up,High,43.15161,0.1342976,Cool roof,393548.4994357017,1.0,2.5409828812303243e-06,173565569.71989423,False
442,+86031+31899,28.65580840403916,77.2834113610588,built_up,High,43.14975,0.11160456,Cool roof,393449.49920522765,1.0,2.541622246362014e-06,173959019.21909946,False
443,+86029+31887,28.645028620630377,77.28161473049066,built_up,High,43.148743,0.28758034,Cool roof,393489.10971962346,1.0,2.5413663943902783e-06,174352508.3288191,False
444,+86027+31858,28.618977477392487,77.27981809992254,built_up,High,43.147125,0.25747272,Cool roof,393584.7777575614,1.0,2.5407486684253207e-06,174746093.10657665,False
445,+86022+31854,28.615384216256224,77.27532652350222,built_up,High,43.146973,0.37936103,Cool roof,393597.9669790461,1.0,2.5406635295279275e-06,175139691.0735557,False
446,+86030+31889,28.646825251198507,77.28251304577473,built_up,High,43.142914,0.106920786,Cool roof,393482.5089321985,1.0,2.5414090265758455e-06,175533173.5824879,False
447,+85970+31899,28.65580840403916,77.22861412873081,built_up,High,43.138824,0.1499943,Cool roof,393449.49920522765,1.0,2.541622246362014e-06,175926623.08169314,False
448,+85949+31821,28.58573981188207,77.20974950776545,built_up,High,43.137054,0.2469119,Cool roof,393706.7191251809,1.0,2.5399617314685587e-06,176320329.80081832,False
449,+86024+31883,28.641435359494118,77.27712315407034,built_up,High,43.136047,0.22759287,Cool roof,393502.3101364616,1.0,2.541281141788501e-06,176713832.1109548,False
450,+86031+31861,28.621672423244682,77.2834113610588,built_up,High,43.13379,0.1348581,Cool roof,393574.88482798473,1.0,2.5408125328857267e-06,177107406.99578276,False
451,+86029+31900,28.656706719323225,77.28161473049066,built_up,High,43.133698,0.19247623,Cool roof,393446.19770181086,1.0,2.541643573736835e-06,177500853.19348457,False
452,+86003+31833,28.596519595290854,77.25825853310496,built_up,High,43.130768,0.2541074,Cool roof,393667.18505361537,1.0,2.5402168074126e-06,177894520.3785382,False
453,+86002+31820,28.584841496598006,77.2573602178209,built_up,High,43.126587,0.1765572,Cool roof,393710.01300361863,1.0,2.5399404815005527e-06,178288230.3915418,False
454,+85991+31855,28.61628253154029,77.24747874969619,built_up,High,43.1221,0.24694748,Cool roof,393594.6698184574,1.0,2.540684812782761e-06,178681825.06136027,False
455,+85997+31834,28.59741791057492,77.25286864140058,built_up,High,43.12204,0.2954253,Cool roof,393663.8899201458,1.0,2.540238070103023e-06,179075488.95128042,False
456,+85954+31900,28.656706719323225,77.21424108418577,built_up,High,43.119354,0.14300224,Cool roof,393446.19770181086,1.0,2.541643573736835e-06,179468935.14898223,False
457,+86007+31819,28.58394318131394,77.26185179424122,built_up,High,43.119354,0.39683908,Cool roof,393713.30678551074,1.0,2.5399192325109433e-06,179862648.45576775,False
458,+86028+31880,28.638740413641923,77.2807164152066,built_up,High,43.11859,0.11058756,Cool roof,393512.20943580836,1.0,2.5412172126342245e-06,180256160.66520357,False
459,+86003+31822,28.586638127166136,77.25825853310496,built_up,High,43.117645,0.15250191,Cool roof,393703.4251501983,1.0,2.5399829824149967e-06,180649864.09035376,False
460,+86002+31829,28.592926334154594,77.2573602178209,built_up,High,43.116364,0.22302452,Cool roof,393680.36462211795,1.0,2.5401317664391776e-06,181043544.45497587,False
461,+85982+31826,28.5902313883024,77.2393939121396,built_up,High,43.11447,0.2621694,Cool roof,393690.24828483176,1.0,2.540067995985788e-06,181437234.70326072,False
462,+86030+31865,28.625265684380942,77.28251304577473,built_up,High,43.113617,0.23690432,Cool roof,393561.6929039662,1.0,2.540897699217927e-06,181830796.3961647,False
463,+86014+31840,28.60280780227931,77.26814000122968,built_up,High,43.112946,0.33577418,Cool roof,393644.11709209194,1.0,2.5403656668036852e-06,182224440.5132568,False
464,+86025+31874,28.63335052193753,77.2780214693544,built_up,High,43.10916,0.10986761,Cool roof,393532.00542884105,1.0,2.541089380799604e-06,182617972.51868564,False
465,+86030+31880,28.638740413641923,77.28251304577473,built_up,High,43.106537,0.108243324,Cool roof,393512.20943580836,1.0,2.5412172126342245e-06,183011484.72812146,False
466,+86025+31857,28.61807916210842,77.2780214693544,built_up,High,43.10257,0.374332,Cool roof,393588.07520771434,1.0,2.5407273822314218e-06,183405072.80332917,False
467,+86032+31882,28.640537044210053,77.28430967634286,built_up,High,43.100586,0.28019193,Cool roof,393505.6099994146,1.0,2.5412598310897976e-06,183798578.4133286,False
468,+85947+31820,28.584841496598006,77.20795287719731,built_up,High,43.098785,0.35919,Cool roof,393710.01300361863,1.0,2.5399404815005527e-06,184192288.4263322,False
469,+85949+31822,28.586638127166136,77.20974950776545,built_up,High,43.09836,0.26215783,Cool roof,393703.4251501983,1.0,2.5399829824149967e-06,184585991.8514824,False
470,+86029+31885,28.643231990062247,77.28161473049066,built_up,High,43.09726,0.22501545,Cool roof,393495.7101210463,1.0,2.541323766127926e-06,184979487.56160343,False
471,+86026+31847,28.60909600926777,77.27891978463848,built_up,High,43.096832,0.17696808,Cool roof,393621.04440049216,1.0,2.540514574171354e-06,185373108.6060039,False
472,+86021+31870,28.62975726080127,77.27442820821814,built_up,High,43.096405,0.13225137,Cool roof,393545.20082735224,1.0,2.541004179183724e-06,185766653.80683127,False
473,+85974+31895,28.6522151429029,77.23220738986707,built_up,High,43.0961,0.12226371,Cool roof,393462.7042539635,1.0,2.5415369466747284e-06,186160116.51108524,False
474,+85975+31895,28.6522151429029,77.23310570515115,built_up,High,43.093567,0.17488295,Cool roof,393462.7042539635,1.0,2.5415369466747284e-06,186553579.2153392,False
475,+86032+31899,28.65580840403916,77.28430967634286,built_up,High,43.092865,0.14547504,Cool roof,393449.49920522765,1.0,2.541622246362014e-06,186947028.71454445,False
476,+86033+31888,28.645926935914442,77.28520799162693,built_up,High,43.090332,0.113200314,Cool roof,393485.8093741609,1.0,2.541387709992642e-06,187340514.5239186,False
477,+86030+31890,28.647723566482572,77.28251304577473,built_up,High,43.08963,0.1981969,Cool roof,393479.2083937367,1.0,2.5414303441399263e-06,187733993.73231232,False
478,+86001+31832,28.59562128000679,77.25646190253684,built_up,High,43.08835,0.27788898,Cool roof,393670.48009054805,1.0,2.5401955457010397e-06,188127664.21240288,False
479,+86026+31892,28.649520197050705,77.27891978463848,built_up,High,43.088318,0.14390798,Cool roof,393472.6070273184,1.0,2.5414729822108584e-06,188521136.8194302,False
480,+85955+31899,28.65580840403916,77.21513939946983,built_up,High,43.081573,0.13650984,Cool roof,393449.49920522765,1.0,2.541622246362014e-06,188914586.31863543,False
481,+86029+31880,28.638740413641923,77.28161473049066,built_up,High,43.079712,0.102665454,Cool roof,393512.20943580836,1.0,2.5412172126342245e-06,189308098.52807125,False
482,+86033+31893,28.65041851233477,77.28520799162693,built_up,High,43.076538,0.10604395,Cool roof,393469.30619936297,1.0,2.5414943027177834e-06,189701567.83427063,False
483,+86031+31894,28.651316827618835,77.2834113610588,built_up,High,43.076324,0.13621892,Cool roof,393466.00527491106,1.0,2.5415156242057283e-06,190095033.83954555,False
484,+86028+31879,28.637842098357854,77.2807164152066,built_up,High,43.07553,0.10525278,Cool roof,393515.50900924753,1.0,2.5411959048772846e-06,190488549.3485548,False
485,+86033+31864,28.624367369096877,77.28520799162693,built_up,High,43.075226,0.12972155,Cool roof,393564.99102974543,1.0,2.540876406164949e-06,190882114.33958453,False
486,+86027+31870,28.62975726080127,77.27981809992254,built_up,High,43.07486,0.12643528,Cool roof,393545.20082735224,1.0,2.541004179183724e-06,191275659.5404119,False
487,+85962+31881,28.639638728925988,77.22142760645829,built_up,High,43.072357,0.16118683,Cool roof,393508.9097658637,1.0,2.5412385213717176e-06,191669168.45017776,False
488,+86027+31895,28.6522151429029,77.27981809992254,built_up,High,43.068817,0.12564422,Cool roof,393462.7042539635,1.0,2.5415369466747284e-06,192062631.15443173,False
489,+86025+31862,28.622570738528747,77.2780214693544,built_up,High,43.067657,0.24339779,Cool roof,393571.58699175547,1.0,2.5408338229988843e-06,192456202.7414235,False
490,+86029+31881,28.639638728925988,77.28161473049066,built_up,High,43.064423,0.10959672,Cool roof,393508.9097658637,1.0,2.5412385213717176e-06,192849711.65118936,False
491,+85964+31886,28.644130305346312,77.22322423702643,built_up,High,43.06363,0.25665513,Cool roof,393492.40996858553,1.0,2.541345079768718e-06,193243204.06115794,False
492,+86025+31888,28.645926935914442,77.2780214693544,built_up,High,43.0618,0.16867128,Cool roof,393485.8093741609,1.0,2.541387709992642e-06,193636689.8705321,False
493,+86030+31897,28.65401177347103,77.28251304577473,built_up,High,43.061066,0.10339903,Cool roof,393456.10192258324,1.0,2.5415795945560422e-06,194030145.97245467,False
494,+85975+31900,28.656706719323225,77.23310570515115,built_up,High,43.059723,0.15433146,Cool roof,393446.19770181086,1.0,2.541643573736835e-06,194423592.17015648,False
495,+85995+31874,28.63335052193753,77.25107201083244,built_up,High,43.058563,0.13310982,Cool roof,393532.00542884105,1.0,2.541089380799604e-06,194817124.17558533,False
496,+85974+31894,28.651316827618835,77.23220738986707,built_up,High,43.05606,0.13764983,Cool roof,393466.00527491106,1.0,2.5415156242057283e-06,195210590.18086025,False
497,+86028+31848,28.609994324551835,77.2807164152066,built_up,High,43.05551,0.32207802,Cool roof,393617.74791557674,1.0,2.540535850569625e-06,195604207.92877582,False
498,+85974+31898,28.654910088755095,77.23220738986707,built_up,High,43.055145,0.13557287,Cool roof,393452.80061215203,1.0,2.541600919968428e-06,195997660.72938797,False
499,+85988+31859,28.619875792676552,77.24478380384399,built_up,High,43.05429,0.25999478,Cool roof,393581.4802108883,1.0,2.5407699555989813e-06,196391242.20959887,False
500,+86030+31879,28.637842098357854,77.28251304577473,built_up,High,43.054047,0.12340316,Cool roof,393515.50900924753,1.0,2.5411959048772846e-06,196784757.7186081,False
501,+86021+31866,28.626163999665007,77.27442820821814,built_up,High,43.05307,0.31743473,Cool roof,393558.39468167134,1.0,2.5409189932509185e-06,197178316.11328977,False
502,+86020+31869,28.628858945517205,77.27352989293408,built_up,High,43.051178,0.24454431,Cool roof,393548.4994357017,1.0,2.5409828812303243e-06,197571864.61272547,False
503,+86031+31860,28.620774107960617,77.2834113610588,built_up,High,43.049957,0.124993026,Cool roof,393578.1825676959,1.0,2.5407912437524376e-06,197965442.79529315,False
504,+86013+31822,28.586638127166136,77.26724168594562,built_up,High,43.049164,0.38316596,Cool roof,393703.4251501983,1.0,2.5399829824149967e-06,198359146.22044334,False
505,+86013+31824,28.58843475773427,77.26724168594562,built_up,High,43.04892,0.27813652,Cool roof,393696.8369106009,1.0,2.5400254872433124e-06,198752843.05735394,False
506,+86003+31829,28.592926334154594,77.25825853310496,built_up,High,43.047333,0.23902814,Cool roof,393680.36462211795,1.0,2.5401317664391776e-06,199146523.42197606,False
507,+86025+31880,28.638740413641923,77.2780214693544,built_up,High,43.04474,0.12436552,Cool roof,393512.20943580836,1.0,2.5412172126342245e-06,199540035.63141188,False
508,+86003+31826,28.5902313883024,77.25825853310496,built_up,High,43.044342,0.19994417,Cool roof,393690.24828483176,1.0,2.540067995985788e-06,199933725.87969673,False
509,+85960+31892,28.649520197050705,77.21963097589017,built_up,High,43.04294,0.17724073,Cool roof,393472.6070273184,1.0,2.5414729822108584e-06,200327198.48672405,False
510,+85968+31893,28.65041851233477,77.22681749816269,built_up,High,43.042694,0.1314376,Cool roof,393469.30619936297,1.0,2.5414943027177834e-06,200720667.79292342,False
511,+85957+31898,28.654910088755095,77.21693603003797,built_up,High,43.04251,0.13085599,Cool roof,393452.80061215203,1.0,2.541600919968428e-06,201114120.59353557,False
512,+86032+31864,28.624367369096877,77.28430967634286,built_up,High,43.040558,0.13338685,Cool roof,393564.99102974543,1.0,2.540876406164949e-06,201507685.5845653,False
513,+85977+31896,28.653113458186965,77.23490233571927,built_up,High,43.040527,0.22341569,Cool roof,393459.4031365207,1.0,2.541558270124821e-06,201901144.98770183,False
514,+86031+31898,28.654910088755095,77.2834113610588,built_up,High,43.035065,0.13248365,Cool roof,393452.80061215203,1.0,2.541600919968428e-06,202294597.78831398,False
515,+86025+31884,28.642333674778182,77.2780214693544,built_up,High,43.03427,0.23119621,Cool roof,393499.01017700526,1.0,2.5413024534678655e-06,202688096.798491,False
516,+86030+31900,28.656706719323225,77.28251304577473,built_up,High,43.033386,0.23331605,Cool roof,393446.19770181086,1.0,2.541643573736835e-06,203081542.9961928,False
517,+86028+31900,28.656706719323225,77.2807164152066,built_up,High,43.032684,0.13277689,Cool roof,393446.19770181086,1.0,2.541643573736835e-06,203474989.19389462,False
518,+85989+31854,28.615384216256224,77.24568211912806,built_up,High,43.03,0.25061798,Cool roof,393597.9669790461,1.0,2.5406635295279275e-06,203868587.16087368,False
519,+86022+31871,28.630655576085335,77.27532652350222,built_up,High,43.029938,0.12807022,Cool roof,393541.90212249075,1.0,2.541025478117316e-06,204262129.06299618,False
520,+85999+31838,28.601011171711182,77.2546652719687,built_up,High,43.0289,0.29011905,Cool roof,393650.70842091256,1.0,2.540323130654057e-06,204655779.77141708,False
521,+85970+31892,28.649520197050705,77.22861412873081,built_up,High,43.026825,0.12011798,Cool roof,393472.6070273184,1.0,2.5414729822108584e-06,205049252.3784444,False
522,+86002+31821,28.58573981188207,77.2573602178209,built_up,High,43.025665,0.15863249,Cool roof,393706.7191251809,1.0,2.5399617314685587e-06,205442959.09756958,False
523,+86026+31867,28.62706231494907,77.27891978463848,built_up,High,43.022125,0.17682025,Cool roof,393555.0963628619,1.0,2.5409402882639576e-06,205836514.19393244,False
524,+86004+31836,28.599214541143052,77.25915684838904,built_up,High,43.01831,0.33697754,Cool roof,393657.2993635989,1.0,2.540280598420599e-06,206230171.49329606,False
525,+86032+31893,28.65041851233477,77.28430967634286,built_up,High,43.017853,0.19746783,Cool roof,393469.30619936297,1.0,2.5414943027177834e-06,206623640.79949543,False
526,+86026+31862,28.622570738528747,77.27891978463848,built_up,High,43.016144,0.30125508,Cool roof,393571.58699175547,1.0,2.5408338229988843e-06,207017212.3864872,False
527,+85978+31897,28.65401177347103,77.23580065100334,built_up,High,43.015472,0.2003651,Cool roof,393456.10192258324,1.0,2.5415795945560422e-06,207410668.48840976,False
528,+86031+31893,28.65041851233477,77.2834113610588,built_up,High,43.008087,0.10247268,Cool roof,393469.30619936297,1.0,2.5414943027177834e-06,207804137.79460913,False
529,+86030+31860,28.620774107960617,77.28251304577473,built_up,High,43.00644,0.124914505,Cool roof,393578.1825676959,1.0,2.5407912437524376e-06,208197715.97717682,False
530,+85978+31898,28.654910088755095,77.23580065100334,built_up,High,43.005035,0.26575565,Cool roof,393452.80061215203,1.0,2.541600919968428e-06,208591168.77778897,False
531,+85956+31899,28.65580840403916,77.21603771475391,built_up,High,43.00473,0.15622008,Cool roof,393449.49920522765,1.0,2.541622246362014e-06,208984618.2769942,False
532,+85978+31900,28.656706719323225,77.23580065100334,built_up,High,43.003113,0.19332416,Cool roof,393446.19770181086,1.0,2.541643573736835e-06,209378064.474696,False
533,+86025+31849,28.6108926398359,77.2780214693544,built_up,High,43.000946,0.1632461,Cool roof,393614.4513341348,1.0,2.5405571279472957e-06,209771678.92603016,False
534,+86001+31833,28.596519595290854,77.25646190253684,built_up,High,42.998505,0.26601282,Cool roof,393667.18505361537,1.0,2.5402168074126e-06,210165346.11108378,False
535,+85971+31893,28.65041851233477,77.22951244401489,built_up,High,42.99771,0.1183671,Cool roof,393469.30619936297,1.0,2.5414943027177834e-06,210558815.41728315,False
536,+85993+31874,28.63335052193753,77.24927538026432,built_up,High,42.994293,0.32635817,Cool roof,393532.00542884105,1.0,2.541089380799604e-06,210952347.422712,False
537,+86023+31877,28.636045467789724,77.27622483878628,built_up,High,42.992767,0.12785824,Cool roof,393522.10786660743,1.0,2.5411532923049165e-06,211345869.5305786,False
538,+86032+31896,28.653113458186965,77.28430967634286,built_up,High,42.990875,0.13796549,Cool roof,393459.4031365207,1.0,2.541558270124821e-06,211739328.93371513,False
539,+86025+31889,28.646825251198507,77.2780214693544,built_up,High,42.990173,0.17601015,Cool roof,393482.5089321985,1.0,2.5414090265758455e-06,212132811.44264734,False
540,+86025+31878,28.63694378307379,77.2780214693544,built_up,High,42.989044,0.16767006,Cool roof,393518.80848618085,1.0,2.5411745981008603e-06,212526330.25113353,False
541,+85970+31893,28.65041851233477,77.22861412873081,built_up,High,42.988464,0.12036055,Cool roof,393469.30619936297,1.0,2.5414943027177834e-06,212919799.5573329,False
542,+86028+31867,28.62706231494907,77.2807164152066,built_up,High,42.97763,0.1560189,Cool roof,393555.0963628619,1.0,2.5409402882639576e-06,213313354.65369576,False
543,+86024+31877,28.636045467789724,77.27712315407034,built_up,High,42.976044,0.12905873,Cool roof,393522.10786660743,1.0,2.5411532923049165e-06,213706876.76156238,False
544,+86027+31871,28.630655576085335,77.27981809992254,built_up,High,42.975677,0.123618565,Cool roof,393541.90212249075,1.0,2.541025478117316e-06,214100418.66368487,False
545,+85969+31892,28.649520197050705,77.22771581344675,built_up,High,42.97409,0.119591214,Cool roof,393472.6070273184,1.0,2.5414729822108584e-06,214493891.2707122,False
546,+86031+31890,28.647723566482572,77.2834113610588,built_up,High,42.97226,0.13887534,Cool roof,393479.2083937367,1.0,2.5414303441399263e-06,214887370.47910592,False
547,+86024+31873,28.632452206653465,77.27712315407034,built_up,High,42.969757,0.11698619,Cool roof,393535.3044232345,1.0,2.5410680789252197e-06,215280905.78352916,False
548,+86030+31894,28.651316827618835,77.28251304577473,built_up,High,42.969666,0.2275768,Cool roof,393466.00527491106,1.0,2.5415156242057283e-06,215674371.78880408,False
549,+86023+31876,28.63514715250566,77.27622483878628,built_up,High,42.967957,0.102146365,Cool roof,393525.4071505268,1.0,2.5411319874894163e-06,216067897.19595462,False
550,+85973+31819,28.58394318131394,77.23130907458301,built_up,High,42.966644,0.2591206,Cool roof,393713.30678551074,1.0,2.5399192325109433e-06,216461610.50274014,False
551,+85994+31855,28.61628253154029,77.25017369554838,built_up,High,42.963623,0.20987156,Cool roof,393594.6698184574,1.0,2.540684812782761e-06,216855205.1725586,False
552,+86029+31894,28.651316827618835,77.28161473049066,built_up,High,42.961853,0.12723091,Cool roof,393466.00527491106,1.0,2.5415156242057283e-06,217248671.17783353,False
553,+86010+31862,28.622570738528747,77.26454674009342,built_up,High,42.960205,0.27289385,Cool roof,393571.58699175547,1.0,2.5408338229988843e-06,217642242.76482528,False
554,+86030+31861,28.621672423244682,77.28251304577473,built_up,High,42.960022,0.1369776,Cool roof,393574.88482798473,1.0,2.5408125328857267e-06,218035817.64965326,False
555,+85971+31892,28.649520197050705,77.22951244401489,built_up,High,42.959015,0.13783467,Cool roof,393472.6070273184,1.0,2.5414729822108584e-06,218429290.25668058,False
556,+86028+31872,28.6315538913694,77.2807164152066,built_up,High,42.95578,0.1595048,Cool roof,393538.6033211179,1.0,2.5410467780311365e-06,218822828.86000168,False
557,+85945+31896,28.653113458186965,77.20615624662919,built_up,High,42.955414,0.26129225,Cool roof,393459.4031365207,1.0,2.541558270124821e-06,219216288.2631382,False
558,+86024+31885,28.643231990062247,77.27712315407034,built_up,High,42.95404,0.19922471,Cool roof,393495.7101210463,1.0,2.541323766127926e-06,219609783.97325924,False
559,+85970+31898,28.654910088755095,77.22861412873081,built_up,High,42.95346,0.1462159,Cool roof,393452.80061215203,1.0,2.541600919968428e-06,220003236.7738714,False
560,+86024+31876,28.63514715250566,77.27712315407034,built_up,High,42.953003,0.21063045,Cool roof,393525.4071505268,1.0,2.5411319874894163e-06,220396762.18102193,False
561,+86004+31835,28.598316225858984,77.25915684838904,built_up,High,42.9498,0.26223803,Cool roof,393660.59469014016,1.0,2.5402593337723435e-06,220790422.77571207,False
562,+86026+31860,28.620774107960617,77.27891978463848,built_up,High,42.94586,0.2706707,Cool roof,393578.1825676959,1.0,2.5407912437524376e-06,221184000.95827976,False
563,+86029+31879,28.637842098357854,77.28161473049066,built_up,High,42.943573,0.12135886,Cool roof,393515.50900924753,1.0,2.5411959048772846e-06,221577516.467289,False
564,+86031+31889,28.646825251198507,77.2834113610588,built_up,High,42.940826,0.12785782,Cool roof,393482.5089321985,1.0,2.5414090265758455e-06,221970998.9762212,False
565,+86031+31874,28.63335052193753,77.2834113610588,built_up,High,42.939667,0.1340673,Cool roof,393532.00542884105,1.0,2.541089380799604e-06,222364530.98165005,False
566,+86023+31850,28.611790955119965,77.27622483878628,built_up,High,42.937347,0.26888403,Cool roof,393611.1546561666,1.0,2.540578406304404e-06,222758142.13630623,False
567,+86011+31863,28.623469053812812,77.2654450553775,built_up,High,42.93338,0.32622945,Cool roof,393568.2890590088,1.0,2.5408551140919464e-06,223151710.42536524,False
568,+86028+31894,28.651316827618835,77.2807164152066,built_up,High,42.932953,0.1584425,Cool roof,393466.00527491106,1.0,2.5415156242057283e-06,223545176.43064016,False
569,+86023+31878,28.63694378307379,77.27622483878628,built_up,High,42.932434,0.11004147,Cool roof,393518.80848618085,1.0,2.5411745981008603e-06,223938695.23912635,False
570,+86024+31852,28.613587585688094,77.27712315407034,built_up,High,42.927734,0.31400245,Cool roof,393604.5610106546,1.0,2.5406209659570757e-06,224332299.800137,False
571,+86030+31886,28.644130305346312,77.28251304577473,built_up,High,42.919098,0.19600423,Cool roof,393492.40996858553,1.0,2.541345079768718e-06,224725792.2101056,False
572,+86032+31897,28.65401177347103,77.28430967634286,built_up,High,42.91696,0.12023561,Cool roof,393456.10192258324,1.0,2.5415795945560422e-06,225119248.31202817,False
573,+86026+31852,28.613587585688094,77.27891978463848,built_up,High,42.91516,0.23343186,Cool roof,393604.5610106546,1.0,2.5406209659570757e-06,225512852.87303883,False
574,+86024+31872,28.6315538913694,77.27712315407034,built_up,High,42.914703,0.13316128,Cool roof,393538.6033211179,1.0,2.5410467780311365e-06,225906391.47635993,False
575,+85969+31893,28.65041851233477,77.22771581344675,built_up,High,42.91159,0.14210221,Cool roof,393469.30619936297,1.0,2.5414943027177834e-06,226299860.7825593,False
576,+86020+31844,28.60640106341557,77.27352989293408,built_up,High,42.91159,0.3441634,Cool roof,393630.93327607034,1.0,2.5404507508525932e-06,226693491.71583536,False
577,+86028+31885,28.643231990062247,77.2807164152066,built_up,High,42.91147,0.23859651,Cool roof,393495.7101210463,1.0,2.541323766127926e-06,227086987.4259564,False
578,+86025+31856,28.617180846824354,77.2780214693544,built_up,High,42.910492,0.32321665,Cool roof,393591.3725613467,1.0,2.540706097017246e-06,227480578.79851773,False
579,+85977+31900,28.656706719323225,77.23490233571927,built_up,High,42.90732,0.16575833,Cool roof,393446.19770181086,1.0,2.541643573736835e-06,227874024.99621955,False
580,+86033+31849,28.6108926398359,77.28520799162693,built_up,High,42.90628,0.3302789,Cool roof,393614.4513341348,1.0,2.5405571279472957e-06,228267639.4475537,False
581,+86024+31875,28.634248837221595,77.27712315407034,built_up,High,42.90573,0.11225006,Cool roof,393528.7063379382,1.0,2.5411106836543245e-06,228661168.15389162,False
582,+86031+31881,28.639638728925988,77.2834113610588,built_up,High,42.9057,0.2499257,Cool roof,393508.9097658637,1.0,2.5412385213717176e-06,229054677.0636575,False
583,+86028+31868,28.627960630233137,77.2807164152066,built_up,High,42.90442,0.1284068,Cool roof,393551.7979475385,1.0,2.5409615842570807e-06,229448228.86160502,False
584,+86030+31862,28.622570738528747,77.28251304577473,built_up,High,42.903046,0.17781235,Cool roof,393571.58699175547,1.0,2.5408338229988843e-06,229841800.44859678,False
585,+86022+31877,28.636045467789724,77.27532652350222,built_up,High,42.90274,0.122929566,Cool roof,393522.10786660743,1.0,2.5411532923049165e-06,230235322.5564634,False
586,+86033+31880,28.638740413641923,77.28520799162693,built_up,High,42.901337,0.28535202,Cool roof,393512.20943580836,1.0,2.5412172126342245e-06,230628834.7658992,False
587,+85962+31886,28.644130305346312,77.22142760645829,built_up,High,42.899933,0.28810215,Cool roof,393492.40996858553,1.0,2.541345079768718e-06,231022327.1758678,False
588,+85979+31900,28.656706719323225,77.2366989662874,built_up,High,42.899567,0.22243865,Cool roof,393446.19770181086,1.0,2.541643573736835e-06,231415773.3735696,False
589,+85976+31894,28.651316827618835,77.23400402043521,built_up,High,42.898468,0.22975655,Cool roof,393466.00527491106,1.0,2.5415156242057283e-06,231809239.37884453,False
590,+85980+31851,28.61268927040403,77.23759728157147,built_up,High,42.897736,0.3635771,Cool roof,393607.8578816729,1.0,2.5405996856409857e-06,232202847.2367262,False
591,+86027+31893,28.65041851233477,77.27981809992254,built_up,High,42.897278,0.15516947,Cool roof,393469.30619936297,1.0,2.5414943027177834e-06,232596316.54292557,False
592,+86024+31884,28.642333674778182,77.27712315407034,built_up,High,42.897034,0.18520889,Cool roof,393499.01017700526,1.0,2.5413024534678655e-06,232989815.55310258,False
593,+86005+31819,28.58394318131394,77.2600551636731,built_up,High,42.896454,0.26475954,Cool roof,393713.30678551074,1.0,2.5399192325109433e-06,233383528.8598881,False
594,+85948+31821,28.58573981188207,77.20885119248138,built_up,High,42.894043,0.3980213,Cool roof,393706.7191251809,1.0,2.5399617314685587e-06,233777235.5790133,False
595,+86032+31859,28.619875792676552,77.28430967634286,built_up,High,42.880463,0.13028891,Cool roof,393581.4802108883,1.0,2.5407699555989813e-06,234170817.0592242,False
596,+86029+31895,28.6522151429029,77.28161473049066,built_up,High,42.87973,0.106767364,Cool roof,393462.7042539635,1.0,2.5415369466747284e-06,234564279.76347816,False
597,+85978+31896,28.653113458186965,77.23580065100334,built_up,High,42.878174,0.24987444,Cool roof,393459.4031365207,1.0,2.541558270124821e-06,234957739.16661468,False
598,+86028+31881,28.639638728925988,77.2807164152066,built_up,High,42.87802,0.11853059,Cool roof,393508.9097658637,1.0,2.5412385213717176e-06,235351248.07638055,False
599,+86002+31833,28.596519595290854,77.2573602178209,built_up,High,42.872894,0.3116701,Cool roof,393667.18505361537,1.0,2.5402168074126e-06,235744915.26143417,False
600,+86022+31878,28.63694378307379,77.27532652350222,built_up,High,42.871796,0.12135258,Cool roof,393518.80848618085,1.0,2.5411745981008603e-06,236138434.06992036,False
601,+86013+31821,28.58573981188207,77.26724168594562,built_up,High,42.870758,0.32185668,Cool roof,393706.7191251809,1.0,2.5399617314685587e-06,236532140.78904554,False
602,+86031+31856,28.617180846824354,77.2834113610588,built_up,High,42.870544,0.12202739,Cool roof,393591.3725613467,1.0,2.540706097017246e-06,236925732.16160688,False
603,+85974+31899,28.65580840403916,77.23220738986707,built_up,High,42.87033,0.13047592,Cool roof,393449.49920522765,1.0,2.541622246362014e-06,237319181.6608121,False
604,+86004+31822,28.586638127166136,77.25915684838904,built_up,High,42.86911,0.14711176,Cool roof,393703.4251501983,1.0,2.5399829824149967e-06,237712885.0859623,False
605,+86028+31870,28.62975726080127,77.2807164152066,built_up,High,42.86508,0.120235406,Cool roof,393545.20082735224,1.0,2.541004179183724e-06,238106430.28678966,False
606,+86024+31849,28.6108926398359,77.27712315407034,built_up,High,42.863373,0.124416515,Cool roof,393614.4513341348,1.0,2.5405571279472957e-06,238500044.7381238,False
607,+86032+31872,28.6315538913694,77.28430967634286,built_up,High,42.86148,0.11893988,Cool roof,393538.6033211179,1.0,2.5410467780311365e-06,238893583.3414449,False
608,+86031+31884,28.642333674778182,77.2834113610588,built_up,High,42.859467,0.15492366,Cool roof,393499.01017700526,1.0,2.5413024534678655e-06,239287082.35162193,False
609,+85959+31893,28.65041851233477,77.2187326606061,built_up,High,42.859344,0.17455423,Cool roof,393469.30619936297,1.0,2.5414943027177834e-06,239680551.6578213,False
610,+86022+31844,28.60640106341557,77.27532652350222,built_up,High,42.858826,0.25474054,Cool roof,393630.93327607034,1.0,2.5404507508525932e-06,240074182.59109735,False
611,+86002+31823,28.5875364424502,77.2573602178209,built_up,High,42.85849,0.21310414,Cool roof,393700.13107867143,1.0,2.540004234339902e-06,240467882.72217602,False
612,+86031+31895,28.6522151429029,77.2834113610588,built_up,High,42.85849,0.22047013,Cool roof,393462.7042539635,1.0,2.5415369466747284e-06,240861345.42643,False
613,+86025+31887,28.645028620630377,77.2780214693544,built_up,High,42.856964,0.1452203,Cool roof,393489.10971962346,1.0,2.5413663943902783e-06,241254834.53614962,False
614,+86002+31822,28.586638127166136,77.2573602178209,built_up,High,42.850555,0.17326799,Cool roof,393703.4251501983,1.0,2.5399829824149967e-06,241648537.9612998,False
615,+85969+31896,28.653113458186965,77.22771581344675,built_up,High,42.8497,0.13364692,Cool roof,393459.4031365207,1.0,2.541558270124821e-06,242041997.36443633,False
616,+85974+31897,28.65401177347103,77.23220738986707,built_up,High,42.848267,0.124287724,Cool roof,393456.10192258324,1.0,2.5415795945560422e-06,242435453.4663589,False
617,+85972+31893,28.65041851233477,77.23041075929895,built_up,High,42.848114,0.118670925,Cool roof,393469.30619936297,1.0,2.5414943027177834e-06,242828922.77255827,False
618,+85967+31900,28.656706719323225,77.22591918287863,built_up,High,42.847992,0.15389405,Cool roof,393446.19770181086,1.0,2.541643573736835e-06,243222368.97026008,False
619,+86031+31900,28.656706719323225,77.2834113610588,built_up,High,42.84674,0.123538874,Cool roof,393446.19770181086,1.0,2.541643573736835e-06,243615815.1679619,False
620,+86023+31879,28.637842098357854,77.27622483878628,built_up,High,42.845398,0.1062744,Cool roof,393515.50900924753,1.0,2.5411959048772846e-06,244009330.67697114,False
621,+86013+31863,28.623469053812812,77.26724168594562,built_up,High,42.844025,0.26334545,Cool roof,393568.2890590088,1.0,2.5408551140919464e-06,244402898.96603015,False
622,+86026+31893,28.65041851233477,77.27891978463848,built_up,High,42.84378,0.21861953,Cool roof,393469.30619936297,1.0,2.5414943027177834e-06,244796368.27222952,False
623,+86022+31876,28.63514715250566,77.27532652350222,built_up,High,42.842773,0.10615232,Cool roof,393525.4071505268,1.0,2.5411319874894163e-06,245189893.67938006,False
624,+86024+31878,28.63694378307379,77.27712315407034,built_up,High,42.841644,0.15151215,Cool roof,393518.80848618085,1.0,2.5411745981008603e-06,245583412.48786625,False
625,+85979+31850,28.611790955119965,77.2366989662874,built_up,High,42.84137,0.31101796,Cool roof,393611.1546561666,1.0,2.540578406304404e-06,245977023.64252242,False
626,+85960+31891,28.64862188176664,77.21963097589017,built_up,High,42.840485,0.1422865,Cool roof,393475.90775877645,1.0,2.5414516626849184e-06,246370499.5502812,False
627,+86032+31856,28.617180846824354,77.28430967634286,built_up,High,42.837982,0.13523272,Cool roof,393591.3725613467,1.0,2.540706097017246e-06,246764090.92284253,False
628,+85963+31886,28.644130305346312,77.22232592174235,built_up,High,42.83484,0.23386568,Cool roof,393492.40996858553,1.0,2.541345079768718e-06,247157583.33281112,False
629,+86025+31851,28.61268927040403,77.2780214693544,built_up,High,42.834106,0.22287972,Cool roof,393607.8578816729,1.0,2.5405996856409857e-06,247551191.19069278,False
630,+86027+31885,28.643231990062247,77.27981809992254,built_up,High,42.833344,0.26257372,Cool roof,393495.7101210463,1.0,2.541323766127926e-06,247944686.90081382,False
631,+86028+31869,28.628858945517205,77.2807164152066,built_up,High,42.83026,0.12165275,Cool roof,393548.4994357017,1.0,2.5409828812303243e-06,248338235.4002495,False
632,+86024+31874,28.63335052193753,77.27712315407034,built_up,High,42.828125,0.114402086,Cool roof,393532.00542884105,1.0,2.541089380799604e-06,248731767.40567836,False
633,+85987+31851,28.61268927040403,77.24388548855993,built_up,High,42.826263,0.20882294,Cool roof,393607.8578816729,1.0,2.5405996856409857e-06,249125375.26356003,False
634,+86027+31894,28.651316827618835,77.27981809992254,built_up,High,42.82419,0.18952891,Cool roof,393466.00527491106,1.0,2.5415156242057283e-06,249518841.26883495,False
635,+86020+31870,28.62975726080127,77.27352989293408,built_up,High,42.823822,0.15203406,Cool roof,393545.20082735224,1.0,2.541004179183724e-06,249912386.4696623,False
636,+86031+31885,28.643231990062247,77.2834113610588,built_up,High,42.822174,0.16321805,Cool roof,393495.7101210463,1.0,2.541323766127926e-06,250305882.17978334,False
637,+85976+31900,28.656706719323225,77.23400402043521,built_up,High,42.819733,0.17446831,Cool roof,393446.19770181086,1.0,2.541643573736835e-06,250699328.37748516,False
638,+86025+31879,28.637842098357854,77.2780214693544,built_up,High,42.819366,0.14753763,Cool roof,393515.50900924753,1.0,2.5411959048772846e-06,251092843.8864944,False
639,+85992+31857,28.61807916210842,77.24837706498025,built_up,High,42.81659,0.2460695,Cool roof,393588.07520771434,1.0,2.5407273822314218e-06,251486431.9617021,False
640,+86030+31885,28.643231990062247,77.28251304577473,built_up,High,42.8118,0.20013328,Cool roof,393495.7101210463,1.0,2.541323766127926e-06,251879927.67182314,False
641,+86033+31899,28.65580840403916,77.28520799162693,built_up,High,42.81064,0.12680312,Cool roof,393449.49920522765,1.0,2.541622246362014e-06,252273377.17102838,False
642,+85988+31851,28.61268927040403,77.24478380384399,built_up,High,42.80899,0.21804936,Cool roof,393607.8578816729,1.0,2.5405996856409857e-06,252666985.02891004,False
643,+85991+31851,28.61268927040403,77.24747874969619,built_up,High,42.8089,0.22985111,Cool roof,393607.8578816729,1.0,2.5405996856409857e-06,253060592.8867917,False
644,+85959+31894,28.651316827618835,77.2187326606061,built_up,High,42.807526,0.17817204,Cool roof,393466.00527491106,1.0,2.5415156242057283e-06,253454058.89206663,False
645,+85990+31850,28.611790955119965,77.24658043441212,built_up,High,42.8042,0.26190385,Cool roof,393611.1546561666,1.0,2.540578406304404e-06,253847670.0467228,False
646,+85970+31896,28.653113458186965,77.22861412873081,built_up,High,42.802917,0.1386758,Cool roof,393459.4031365207,1.0,2.541558270124821e-06,254241129.44985932,False
647,+86029+31868,28.627960630233137,77.28161473049066,built_up,High,42.80258,0.12151612,Cool roof,393551.7979475385,1.0,2.5409615842570807e-06,254634681.24780685,False
648,+85969+31897,28.65401177347103,77.22771581344675,built_up,High,42.80136,0.14402147,Cool roof,393456.10192258324,1.0,2.5415795945560422e-06,255028137.34972942,False
649,+85989+31855,28.61628253154029,77.24568211912806,built_up,High,42.800232,0.19524355,Cool roof,393594.6698184574,1.0,2.540684812782761e-06,255421732.01954788,False
650,+85973+31899,28.65580840403916,77.23130907458301,built_up,High,42.79843,0.13997918,Cool roof,393449.49920522765,1.0,2.541622246362014e-06,255815181.5187531,False
651,+86009+31822,28.586638127166136,77.26364842480936,built_up,Medium,42.79782,0.42071643,Cool roof,393703.4251501983,1.0,2.5399829824149967e-06,256208884.9439033,False
652,+85973+31898,28.654910088755095,77.23130907458301,built_up,High,42.795258,0.1394086,Cool roof,393452.80061215203,1.0,2.541600919968428e-06,256602337.74451545,False
653,+85972+31894,28.651316827618835,77.23041075929895,built_up,High,42.791107,0.11246824,Cool roof,393466.00527491106,1.0,2.5415156242057283e-06,256995803.74979037,False
654,+86024+31846,28.6081976939837,77.27712315407034,built_up,High,42.790253,0.29936564,Cool roof,393624.3407888798,1.0,2.540493298752451e-06,257389428.09057924,False
655,+86023+31849,28.6108926398359,77.27622483878628,built_up,High,42.789246,0.2967202,Cool roof,393614.4513341348,1.0,2.5405571279472957e-06,257783042.5419134,False
656,+86024+31880,28.638740413641923,77.27712315407034,built_up,High,42.787537,0.124578506,Cool roof,393512.20943580836,1.0,2.5412172126342245e-06,258176554.7513492,False
657,+85966+31887,28.645028620630377,77.22502086759455,built_up,High,42.786743,0.1561832,Cool roof,393489.10971962346,1.0,2.5413663943902783e-06,258570043.86106884,False
658,+86026+31851,28.61268927040403,77.27891978463848,built_up,High,42.786407,0.22560942,Cool roof,393607.8578816729,1.0,2.5405996856409857e-06,258963651.7189505,False
659,+85959+31885,28.643231990062247,77.2187326606061,built_up,High,42.784943,0.17688788,Cool roof,393495.7101210463,1.0,2.541323766127926e-06,259357147.42907155,False
660,+86023+31863,28.623469053812812,77.27622483878628,built_up,High,42.78488,0.21358815,Cool roof,393568.2890590088,1.0,2.5408551140919464e-06,259750715.71813056,False
661,+86025+31852,28.613587585688094,77.2780214693544,built_up,High,42.78,0.35241598,Cool roof,393604.5610106546,1.0,2.5406209659570757e-06,260144320.27914122,False
662,+85969+31898,28.654910088755095,77.22771581344675,built_up,High,42.77838,0.15326096,Cool roof,393452.80061215203,1.0,2.541600919968428e-06,260537773.07975337,False
663,+85977+31897,28.65401177347103,77.23490233571927,built_up,High,42.77777,0.23251471,Cool roof,393456.10192258324,1.0,2.5415795945560422e-06,260931229.18167594,False
664,+85982+31825,28.589333073018334,77.2393939121396,built_up,High,42.776703,0.22259356,Cool roof,393693.54264598736,1.0,2.5400467411252633e-06,261324922.72432193,False
665,+86033+31868,28.627960630233137,77.28520799162693,built_up,High,42.77359,0.24732451,Cool roof,393551.7979475385,1.0,2.5409615842570807e-06,261718474.52226946,False
666,+85971+31894,28.651316827618835,77.22951244401489,built_up,High,42.771637,0.12412934,Cool roof,393466.00527491106,1.0,2.5415156242057283e-06,262111940.52754438,False
667,+86025+31881,28.639638728925988,77.2780214693544,built_up,High,42.769257,0.17166704,Cool roof,393508.9097658637,1.0,2.5412385213717176e-06,262505449.43731025,False
668,+85979+31896,28.653113458186965,77.2366989662874,built_up,High,42.768036,0.29110116,Cool roof,393459.4031365207,1.0,2.541558270124821e-06,262898908.84044677,False
669,+85963+31900,28.656706719323225,77.22232592174235,built_up,High,42.76248,0.14105809,Cool roof,393446.19770181086,1.0,2.541643573736835e-06,263292355.03814858,False
670,+86031+31855,28.61628253154029,77.2834113610588,built_up,High,42.762115,0.113209076,Cool roof,393594.6698184574,1.0,2.540684812782761e-06,263685949.70796704,False
671,+86030+31866,28.626163999665007,77.28251304577473,built_up,High,42.760956,0.124588005,Cool roof,393558.39468167134,1.0,2.5409189932509185e-06,264079508.1026487,False
672,+85980+31826,28.5902313883024,77.23759728157147,built_up,High,42.759003,0.32312703,Cool roof,393690.24828483176,1.0,2.540067995985788e-06,264473198.35093355,False
673,+86026+31884,28.642333674778182,77.27891978463848,built_up,High,42.756683,0.24420828,Cool roof,393499.01017700526,1.0,2.5413024534678655e-06,264866697.36111057,False
674,+86030+31884,28.642333674778182,77.28251304577473,built_up,High,42.754883,0.19886738,Cool roof,393499.01017700526,1.0,2.5413024534678655e-06,265260196.37128758,False
675,+85956+31898,28.654910088755095,77.21603771475391,built_up,High,42.75357,0.21211562,Cool roof,393452.80061215203,1.0,2.541600919968428e-06,265653649.17189974,False
676,+85989+31856,28.617180846824354,77.24568211912806,built_up,High,42.75174,0.24874377,Cool roof,393591.3725613467,1.0,2.540706097017246e-06,266047240.54446107,False
677,+85973+31894,28.651316827618835,77.23130907458301,built_up,High,42.749756,0.11149741,Cool roof,393466.00527491106,1.0,2.5415156242057283e-06,266440706.549736,False
678,+85958+31898,28.654910088755095,77.21783434532203,built_up,High,42.748657,0.19999963,Cool roof,393452.80061215203,1.0,2.541600919968428e-06,266834159.35034814,False
679,+86029+31872,28.6315538913694,77.28161473049066,built_up,High,42.746613,0.15363923,Cool roof,393538.6033211179,1.0,2.5410467780311365e-06,267227697.95366925,False
680,+85975+31894,28.651316827618835,77.23310570515115,built_up,High,42.74408,0.20195964,Cool roof,393466.00527491106,1.0,2.5415156242057283e-06,267621163.95894417,False
681,+86021+31898,28.654910088755095,77.27442820821814,built_up,High,42.743317,0.15517846,Cool roof,393452.80061215203,1.0,2.541600919968428e-06,268014616.75955632,False
682,+86029+31865,28.625265684380942,77.28161473049066,built_up,High,42.742523,0.26083457,Cool roof,393561.6929039662,1.0,2.540897699217927e-06,268408178.4524603,False
683,+86002+31826,28.5902313883024,77.2573602178209,built_up,High,42.742218,0.16737546,Cool roof,393690.24828483176,1.0,2.540067995985788e-06,268801868.7007451,False
684,+86012+31839,28.601909486995247,77.26634337066156,built_up,High,42.74002,0.35698092,Cool roof,393647.41280476865,1.0,2.540344398239332e-06,269195516.1135499,False
685,+85961+31882,28.640537044210053,77.22052929117423,built_up,High,42.73941,0.20315076,Cool roof,393505.6099994146,1.0,2.5412598310897976e-06,269589021.7235493,False
686,+85974+31896,28.653113458186965,77.23220738986707,built_up,High,42.739258,0.116871566,Cool roof,393459.4031365207,1.0,2.541558270124821e-06,269982481.1266858,False
687,+86022+31866,28.626163999665007,77.27532652350222,built_up,High,42.737396,0.24661094,Cool roof,393558.39468167134,1.0,2.5409189932509185e-06,270376039.5213675,False
688,+86001+31825,28.589333073018334,77.25646190253684,built_up,High,42.73581,0.2102946,Cool roof,393693.54264598736,1.0,2.5400467411252633e-06,270769733.0640135,False
689,+85970+31897,28.65401177347103,77.22861412873081,built_up,High,42.73532,0.1469377,Cool roof,393456.10192258324,1.0,2.5415795945560422e-06,271163189.16593605,False
690,+85990+31851,28.61268927040403,77.24658043441212,built_up,High,42.732758,0.32714134,Cool roof,393607.8578816729,1.0,2.5405996856409857e-06,271556797.0238177,False
691,+86032+31873,28.632452206653465,77.28430967634286,built_up,High,42.730072,0.13743551,Cool roof,393535.3044232345,1.0,2.5410680789252197e-06,271950332.32824093,False
692,+86029+31862,28.622570738528747,77.28161473049066,built_up,High,42.728485,0.145229,Cool roof,393571.58699175547,1.0,2.5408338229988843e-06,272343903.91523266,False
693,+85998+31829,28.592926334154594,77.25376695668464,built_up,High,42.726837,0.19400439,Cool roof,393680.36462211795,1.0,2.5401317664391776e-06,272737584.2798548,False
694,+86028+31856,28.617180846824354,77.2807164152066,built_up,High,42.72458,0.31830284,Cool roof,393591.3725613467,1.0,2.540706097017246e-06,273131175.6524161,False
695,+86028+31865,28.625265684380942,77.2807164152066,built_up,High,42.72287,0.20263337,Cool roof,393561.6929039662,1.0,2.540897699217927e-06,273524737.3453201,False
696,+85975+31897,28.65401177347103,77.23310570515115,built_up,High,42.720367,0.13016304,Cool roof,393456.10192258324,1.0,2.5415795945560422e-06,273918193.4472427,False
697,+85975+31898,28.654910088755095,77.23310570515115,built_up,High,42.719604,0.13123737,Cool roof,393452.80061215203,1.0,2.541600919968428e-06,274311646.2478548,False
698,+85981+31825,28.589333073018334,77.23849559685553,built_up,High,42.718964,0.21001339,Cool roof,393693.54264598736,1.0,2.5400467411252633e-06,274705339.7905008,False
699,+85997+31835,28.598316225858984,77.25286864140058,built_up,High,42.717987,0.25512427,Cool roof,393660.59469014016,1.0,2.5402593337723435e-06,275099000.38519096,False
700,+86019+31854,28.615384216256224,77.27263157765002,built_up,High,42.717194,0.23877874,Cool roof,393597.9669790461,1.0,2.5406635295279275e-06,275492598.35217,False
701,+85960+31887,28.645028620630377,77.21963097589017,built_up,High,42.715424,0.19259483,Cool roof,393489.10971962346,1.0,2.5413663943902783e-06,275886087.4618896,False
702,+86020+31853,28.61448590097216,77.27352989293408,built_up,High,42.713837,0.27172947,Cool roof,393601.26404311205,1.0,2.5406422472527113e-06,276279688.7259327,False
703,+86027+31865,28.625265684380942,77.27981809992254,built_up,High,42.71048,0.1305408,Cool roof,393561.6929039662,1.0,2.540897699217927e-06,276673250.4188367,False
704,+85999+31837,28.600112856427117,77.2546652719687,built_up,High,42.706024,0.35208136,Cool roof,393654.0039405227,1.0,2.5403018640478256e-06,277066904.42277724,False
705,+86029+31866,28.626163999665007,77.28161473049066,built_up,High,42.700592,0.16279145,Cool roof,393558.39468167134,1.0,2.5409189932509185e-06,277460462.8174589,False
706,+86032+31900,28.656706719323225,77.28430967634286,built_up,High,42.699432,0.14642684,Cool roof,393446.19770181086,1.0,2.541643573736835e-06,277853909.01516074,False
707,+86032+31888,28.645926935914442,77.28430967634286,built_up,High,42.697296,0.17534223,Cool roof,393485.8093741609,1.0,2.541387709992642e-06,278247394.8245349,False
708,+86032+31885,28.643231990062247,77.28430967634286,built_up,High,42.69519,0.16502112,Cool roof,393495.7101210463,1.0,2.541323766127926e-06,278640890.5346559,False
709,+86032+31884,28.642333674778182,77.28430967634286,built_up,High,42.69455,0.1264575,Cool roof,393499.01017700526,1.0,2.5413024534678655e-06,279034389.54483294,False
710,+86010+31820,28.584841496598006,77.26454674009342,built_up,High,42.690216,0.33507505,Cool roof,393710.01300361863,1.0,2.5399404815005527e-06,279428099.5578366,False
711,+86003+31832,28.59562128000679,77.25825853310496,built_up,High,42.689514,0.21467692,Cool roof,393670.48009054805,1.0,2.5401955457010397e-06,279821770.03792715,False
712,+86029+31861,28.621672423244682,77.28161473049066,built_up,High,42.689117,0.13864061,Cool roof,393574.88482798473,1.0,2.5408125328857267e-06,280215344.9227551,False
713,+86012+31820,28.584841496598006,77.26634337066156,built_up,Medium,42.68863,0.40476513,Cool roof,393710.01300361863,1.0,2.5399404815005527e-06,280609054.93575877,False
714,+85983+31882,28.640537044210053,77.24029222742367,built_up,High,42.687805,0.20381252,Cool roof,393505.6099994146,1.0,2.5412598310897976e-06,281002560.5457582,False
715,+86029+31869,28.628858945517205,77.28161473049066,built_up,High,42.686584,0.13587101,Cool roof,393548.4994357017,1.0,2.5409828812303243e-06,281396109.0451939,False
716,+86024+31851,28.61268927040403,77.27712315407034,built_up,High,42.684906,0.10786179,Cool roof,393607.8578816729,1.0,2.5405996856409857e-06,281789716.9030756,False
717,+86030+31869,28.628858945517205,77.28251304577473,built_up,High,42.6817,0.12631384,Cool roof,393548.4994357017,1.0,2.5409828812303243e-06,282183265.4025113,False
718,+86026+31863,28.623469053812812,77.27891978463848,built_up,High,42.68152,0.14397947,Cool roof,393568.2890590088,1.0,2.5408551140919464e-06,282576833.6915703,False
719,+85975+31899,28.65580840403916,77.23310570515115,built_up,High,42.67697,0.12884402,Cool roof,393449.49920522765,1.0,2.541622246362014e-06,282970283.1907755,False
720,+86012+31863,28.623469053812812,77.26634337066156,built_up,High,42.67517,0.27268493,Cool roof,393568.2890590088,1.0,2.5408551140919464e-06,283363851.4798345,False
721,+86024+31879,28.637842098357854,77.27712315407034,built_up,High,42.67386,0.23361425,Cool roof,393515.50900924753,1.0,2.5411959048772846e-06,283757366.98884374,False
722,+86033+31874,28.63335052193753,77.28520799162693,built_up,High,42.67386,0.2030049,Cool roof,393532.00542884105,1.0,2.541089380799604e-06,284150898.9942726,False
723,+86006+31820,28.584841496598006,77.26095347895716,built_up,High,42.672943,0.2730473,Cool roof,393710.01300361863,1.0,2.5399404815005527e-06,284544609.00727624,False
724,+86033+31882,28.640537044210053,77.28520799162693,built_up,High,42.668182,0.31216776,Cool roof,393505.6099994146,1.0,2.5412598310897976e-06,284938114.61727566,False
725,+86026+31881,28.639638728925988,77.27891978463848,built_up,High,42.667847,0.1297504,Cool roof,393508.9097658637,1.0,2.5412385213717176e-06,285331623.5270415,False
726,+86029+31864,28.624367369096877,77.28161473049066,built_up,High,42.667694,0.3388589,Cool roof,393564.99102974543,1.0,2.540876406164949e-06,285725188.51807123,False
727,+86032+31858,28.618977477392487,77.28430967634286,built_up,High,42.667084,0.16789512,Cool roof,393584.7777575614,1.0,2.5407486684253207e-06,286118773.2958288,False
728,+86030+31896,28.653113458186965,77.28251304577473,built_up,High,42.66507,0.13677439,Cool roof,393459.4031365207,1.0,2.541558270124821e-06,286512232.6989653,False
729,+86004+31831,28.594722964722724,77.25915684838904,built_up,High,42.664337,0.3424437,Cool roof,393673.77503094316,1.0,2.5401742849683066e-06,286905906.4739963,False
730,+86031+31897,28.65401177347103,77.2834113610588,built_up,High,42.663727,0.13704692,Cool roof,393456.10192258324,1.0,2.5415795945560422e-06,287299362.57591885,False
731,+86032+31883,28.641435359494118,77.28430967634286,built_up,High,42.66336,0.16829783,Cool roof,393502.3101364616,1.0,2.541281141788501e-06,287692864.8860553,False
732,+86028+31871,28.630655576085335,77.2807164152066,built_up,High,42.66104,0.16882138,Cool roof,393541.90212249075,1.0,2.541025478117316e-06,288086406.7881778,False
733,+86031+31896,28.653113458186965,77.2834113610588,built_up,High,42.6586,0.10805356,Cool roof,393459.4031365207,1.0,2.541558270124821e-06,288479866.1913143,False
734,+86023+31880,28.638740413641923,77.27622483878628,built_up,High,42.65692,0.11709417,Cool roof,393512.20943580836,1.0,2.5412172126342245e-06,288873378.4007501,False
735,+86029+31867,28.62706231494907,77.28161473049066,built_up,High,42.656586,0.17455022,Cool roof,393555.0963628619,1.0,2.5409402882639576e-06,289266933.497113,False
736,+85975+31896,28.653113458186965,77.23310570515115,built_up,High,42.653778,0.13275573,Cool roof,393459.4031365207,1.0,2.541558270124821e-06,289660392.9002495,False
737,+85943+31822,28.586638127166136,77.20435961606105,built_up,High,42.653534,0.29653585,Cool roof,393703.4251501983,1.0,2.5399829824149967e-06,290054096.3253997,False
738,+85992+31865,28.625265684380942,77.24837706498025,built_up,High,42.65271,0.2508657,Cool roof,393561.6929039662,1.0,2.540897699217927e-06,290447658.0183037,False
739,+85967+31887,28.645028620630377,77.22591918287863,built_up,High,42.65262,0.1621232,Cool roof,393489.10971962346,1.0,2.5413663943902783e-06,290841147.1280233,False
740,+86004+31823,28.5875364424502,77.25915684838904,built_up,High,42.650482,0.18762307,Cool roof,393700.13107867143,1.0,2.540004234339902e-06,291234847.259102,False
741,+86020+31868,28.627960630233137,77.27352989293408,built_up,High,42.650116,0.31615603,Cool roof,393551.7979475385,1.0,2.5409615842570807e-06,291628399.0570495,False
742,+86016+31842,28.60460443284744,77.26993663179782,built_up,High,42.649628,0.34236702,Cool roof,393637.5253771429,1.0,2.540408206869767e-06,292022036.58242667,False
743,+86025+31848,28.609994324551835,77.2780214693544,built_up,High,42.645874,0.21058232,Cool roof,393617.74791557674,1.0,2.540535850569625e-06,292415654.33034223,False
744,+86019+31865,28.625265684380942,77.27263157765002,built_up,Medium,42.64386,0.40400043,Cool roof,393561.6929039662,1.0,2.540897699217927e-06,292809216.0232462,False
745,+86022+31862,28.622570738528747,77.27532652350222,built_up,High,42.64322,0.35332227,Cool roof,393571.58699175547,1.0,2.5408338229988843e-06,293202787.61023796,False
746,+86023+31875,28.634248837221595,77.27622483878628,built_up,High,42.64267,0.10443583,Cool roof,393528.7063379382,1.0,2.5411106836543245e-06,293596316.3165759,False
747,+85960+31893,28.65041851233477,77.21963097589017,built_up,High,42.641357,0.22993027,Cool roof,393469.30619936297,1.0,2.5414943027177834e-06,293989785.62277526,False
748,+86031+31871,28.630655576085335,77.2834113610588,built_up,High,42.640503,0.13361982,Cool roof,393541.90212249075,1.0,2.541025478117316e-06,294383327.52489775,False
749,+85969+31899,28.65580840403916,77.22771581344675,built_up,High,42.63571,0.1268302,Cool roof,393449.49920522765,1.0,2.541622246362014e-06,294776777.024103,False
750,+85984+31855,28.61628253154029,77.24119054270773,built_up,High,42.634766,0.15753366,Cool roof,393594.6698184574,1.0,2.540684812782761e-06,295170371.69392145,False
751,+86023+31874,28.63335052193753,77.27622483878628,built_up,High,42.63275,0.114493266,Cool roof,393532.00542884105,1.0,2.541089380799604e-06,295563903.6993503,False
752,+86033+31887,28.645028620630377,77.28520799162693,built_up,High,42.632416,0.123026654,Cool roof,393489.10971962346,1.0,2.5413663943902783e-06,295957392.80906993,False
753,+85964+31900,28.656706719323225,77.22322423702643,built_up,High,42.63211,0.14272621,Cool roof,393446.19770181086,1.0,2.541643573736835e-06,296350839.00677174,False
754,+86024+31882,28.640537044210053,77.27712315407034,built_up,High,42.629486,0.19757728,Cool roof,393505.6099994146,1.0,2.5412598310897976e-06,296744344.61677116,False
755,+86031+31867,28.62706231494907,77.2834113610588,built_up,High,42.628876,0.121483505,Cool roof,393555.0963628619,1.0,2.5409402882639576e-06,297137899.71313405,False
756,+85961+31890,28.647723566482572,77.22052929117423,built_up,High,42.6279,0.3749126,Cool roof,393479.2083937367,1.0,2.5414303441399263e-06,297531378.9215278,False
757,+86030+31871,28.630655576085335,77.28251304577473,built_up,High,42.627472,0.12423098,Cool roof,393541.90212249075,1.0,2.541025478117316e-06,297924920.8236503,False
758,+85982+31882,28.640537044210053,77.2393939121396,built_up,High,42.626984,0.23084958,Cool roof,393505.6099994146,1.0,2.5412598310897976e-06,298318426.4336497,False
759,+85969+31891,28.64862188176664,77.22771581344675,built_up,High,42.62668,0.11987372,Cool roof,393475.90775877645,1.0,2.5414516626849184e-06,298711902.3414085,False
760,+85976+31896,28.653113458186965,77.23400402043521,built_up,High,42.625336,0.18088616,Cool roof,393459.4031365207,1.0,2.541558270124821e-06,299105361.744545,False
761,+85989+31850,28.611790955119965,77.24568211912806,built_up,High,42.62448,0.27293515,Cool roof,393611.1546561666,1.0,2.540578406304404e-06,299498972.89920115,False
762,+85992+31858,28.618977477392487,77.24837706498025,built_up,High,42.622803,0.24623218,Cool roof,393584.7777575614,1.0,2.5407486684253207e-06,299892557.67695874,False
763,+85979+31899,28.65580840403916,77.2366989662874,built_up,High,42.62039,0.2392067,Cool roof,393449.49920522765,1.0,2.541622246362014e-06,300286007.176164,False
764,+86030+31888,28.645926935914442,77.28251304577473,built_up,High,42.62036,0.27275148,Cool roof,393485.8093741609,1.0,2.541387709992642e-06,300679492.9855381,False
765,+85944+31895,28.6522151429029,77.20525793134512,built_up,High,42.617615,0.31818822,Cool roof,393462.7042539635,1.0,2.5415369466747284e-06,301072955.6897921,False
766,+85958+31897,28.65401177347103,77.21783434532203,built_up,High,42.616425,0.20428473,Cool roof,393456.10192258324,1.0,2.5415795945560422e-06,301466411.79171467,False
767,+86032+31880,28.638740413641923,77.28430967634286,built_up,High,42.615417,0.3101386,Cool roof,393512.20943580836,1.0,2.5412172126342245e-06,301859924.0011505,False
768,+86031+31880,28.638740413641923,77.2834113610588,built_up,High,42.61502,0.20988888,Cool roof,393512.20943580836,1.0,2.5412172126342245e-06,302253436.2105863,False
769,+86031+31869,28.628858945517205,77.2834113610588,built_up,High,42.614777,0.11595548,Cool roof,393548.4994357017,1.0,2.5409828812303243e-06,302646984.71002203,False
770,+85977+31898,28.654910088755095,77.23490233571927,built_up,High,42.61429,0.24072081,Cool roof,393452.80061215203,1.0,2.541600919968428e-06,303040437.5106342,False
771,+86022+31875,28.634248837221595,77.27532652350222,built_up,High,42.613434,0.10640559,Cool roof,393528.7063379382,1.0,2.5411106836543245e-06,303433966.2169721,False
772,+86029+31860,28.620774107960617,77.28161473049066,built_up,High,42.613434,0.12234043,Cool roof,393578.1825676959,1.0,2.5407912437524376e-06,303827544.3995398,False
773,+85977+31893,28.65041851233477,77.23490233571927,built_up,High,42.611664,0.28491428,Cool roof,393469.30619936297,1.0,2.5414943027177834e-06,304221013.7057392,False
774,+85962+31880,28.638740413641923,77.22142760645829,built_up,High,42.609222,0.1567052,Cool roof,393512.20943580836,1.0,2.5412172126342245e-06,304614525.915175,False
775,+85971+31896,28.653113458186965,77.22951244401489,built_up,High,42.607574,0.13509898,Cool roof,393459.4031365207,1.0,2.541558270124821e-06,305007985.3183115,False
776,+85960+31890,28.647723566482572,77.21963097589017,built_up,High,42.603973,0.13394067,Cool roof,393479.2083937367,1.0,2.5414303441399263e-06,305401464.52670527,False
777,+86030+31870,28.62975726080127,77.28251304577473,built_up,High,42.603577,0.17688297,Cool roof,393545.20082735224,1.0,2.541004179183724e-06,305795009.7275326,False
778,+85970+31894,28.651316827618835,77.22861412873081,built_up,High,42.602875,0.124360204,Cool roof,393466.00527491106,1.0,2.5415156242057283e-06,306188475.7328075,False
779,+86027+31881,28.639638728925988,77.27981809992254,built_up,High,42.601105,0.20060295,Cool roof,393508.9097658637,1.0,2.5412385213717176e-06,306581984.64257336,False
780,+86022+31863,28.623469053812812,77.27532652350222,built_up,High,42.5997,0.26758206,Cool roof,393568.2890590088,1.0,2.5408551140919464e-06,306975552.93163234,False
781,+86030+31895,28.6522151429029,77.28251304577473,built_up,High,42.596283,0.16410853,Cool roof,393462.7042539635,1.0,2.5415369466747284e-06,307369015.6358863,False
782,+85996+31848,28.609994324551835,77.2519703261165,built_up,High,42.594513,0.3130727,Cool roof,393617.74791557674,1.0,2.540535850569625e-06,307762633.3838019,False
783,+85973+31893,28.65041851233477,77.23130907458301,built_up,High,42.594086,0.11272255,Cool roof,393469.30619936297,1.0,2.5414943027177834e-06,308156102.69000125,False
784,+86029+31870,28.62975726080127,77.28161473049066,built_up,High,42.59308,0.12525772,Cool roof,393545.20082735224,1.0,2.541004179183724e-06,308549647.8908286,False
785,+85985+31858,28.618977477392487,77.24208885799179,built_up,High,42.590546,0.12736379,Cool roof,393584.7777575614,1.0,2.5407486684253207e-06,308943232.6685862,False
786,+85961+31891,28.64862188176664,77.22052929117423,built_up,High,42.585175,0.26151195,Cool roof,393475.90775877645,1.0,2.5414516626849184e-06,309336708.57634497,False
787,+85992+31851,28.61268927040403,77.24837706498025,built_up,High,42.583282,0.32371834,Cool roof,393607.8578816729,1.0,2.5405996856409857e-06,309730316.43422663,False
788,+85967+31886,28.644130305346312,77.22591918287863,built_up,High,42.58307,0.25605792,Cool roof,393492.40996858553,1.0,2.541345079768718e-06,310123808.84419525,False
789,+85971+31895,28.6522151429029,77.22951244401489,built_up,High,42.58261,0.12611015,Cool roof,393462.7042539635,1.0,2.5415369466747284e-06,310517271.5484492,False
790,+86014+31863,28.623469053812812,77.26814000122968,built_up,High,42.581055,0.3288466,Cool roof,393568.2890590088,1.0,2.5408551140919464e-06,310910839.8375082,False
791,+85970+31891,28.64862188176664,77.22861412873081,built_up,High,42.58084,0.12371029,Cool roof,393475.90775877645,1.0,2.5414516626849184e-06,311304315.745267,False
792,+85998+31843,28.605502748131507,77.25376695668464,built_up,High,42.578796,0.35981375,Cool roof,393634.22937487165,1.0,2.54042947837157e-06,311697949.97464186,False
793,+86032+31857,28.61807916210842,77.28430967634286,built_up,High,42.575592,0.22485256,Cool roof,393588.07520771434,1.0,2.5407273822314218e-06,312091538.04984957,False
794,+85989+31851,28.61268927040403,77.24568211912806,built_up,High,42.57242,0.24455558,Cool roof,393607.8578816729,1.0,2.5405996856409857e-06,312485145.90773124,False
795,+86027+31862,28.622570738528747,77.27981809992254,built_up,High,42.571625,0.2847582,Cool roof,393571.58699175547,1.0,2.5408338229988843e-06,312878717.49472296,False
796,+85959+31884,28.642333674778182,77.2187326606061,built_up,High,42.571167,0.16685677,Cool roof,393499.01017700526,1.0,2.5413024534678655e-06,313272216.5049,False
797,+85996+31855,28.61628253154029,77.2519703261165,built_up,High,42.569336,0.16702719,Cool roof,393594.6698184574,1.0,2.540684812782761e-06,313665811.17471844,False
798,+85967+31892,28.649520197050705,77.22591918287863,built_up,High,42.56839,0.13101795,Cool roof,393472.6070273184,1.0,2.5414729822108584e-06,314059283.78174573,False
799,+85962+31900,28.656706719323225,77.22142760645829,built_up,High,42.568115,0.14459153,Cool roof,393446.19770181086,1.0,2.541643573736835e-06,314452729.97944754,False
800,+85964+31883,28.641435359494118,77.22322423702643,built_up,High,42.567352,0.26198387,Cool roof,393502.3101364616,1.0,2.541281141788501e-06,314846232.289584,False
801,+85957+31899,28.65580840403916,77.21693603003797,built_up,High,42.56476,0.14547361,Cool roof,393449.49920522765,1.0,2.541622246362014e-06,315239681.7887892,False
802,+86014+31895,28.6522151429029,77.26814000122968,built_up,High,42.564423,0.2280601,Cool roof,393462.7042539635,1.0,2.5415369466747284e-06,315633144.4930432,False
803,+85968+31891,28.64862188176664,77.22681749816269,built_up,High,42.560425,0.13128226,Cool roof,393475.90775877645,1.0,2.5414516626849184e-06,316026620.40080196,False
804,+85982+31827,28.591129703586464,77.2393939121396,built_up,High,42.55905,0.31234086,Cool roof,393686.95382713445,1.0,2.5400892518249255e-06,316420307.3546291,False
805,+86032+31881,28.639638728925988,77.28430967634286,built_up,High,42.556763,0.3581319,Cool roof,393508.9097658637,1.0,2.5412385213717176e-06,316813816.26439494,False
806,+86029+31884,28.642333674778182,77.28161473049066,built_up,High,42.555817,0.20205218,Cool roof,393499.01017700526,1.0,2.5413024534678655e-06,317207315.27457196,False
807,+86012+31895,28.6522151429029,77.26634337066156,built_up,High,42.55429,0.25471076,Cool roof,393462.7042539635,1.0,2.5415369466747284e-06,317600777.9788259,False
808,+86033+31884,28.642333674778182,77.28520799162693,built_up,High,42.553802,0.24851234,Cool roof,393499.01017700526,1.0,2.5413024534678655e-06,317994276.98900294,False
809,+85968+31900,28.656706719323225,77.22681749816269,built_up,High,42.55258,0.20599401,Cool roof,393446.19770181086,1.0,2.541643573736835e-06,318387723.18670475,False
810,+85972+31892,28.649520197050705,77.23041075929895,built_up,High,42.55252,0.1173512,Cool roof,393472.6070273184,1.0,2.5414729822108584e-06,318781195.79373205,False
811,+86031+31870,28.62975726080127,77.2834113610588,built_up,High,42.549866,0.16236648,Cool roof,393545.20082735224,1.0,2.541004179183724e-06,319174740.9945594,False
812,+85972+31895,28.6522151429029,77.23041075929895,built_up,High,42.548126,0.13069515,Cool roof,393462.7042539635,1.0,2.5415369466747284e-06,319568203.6988134,False
813,+85973+31897,28.65401177347103,77.23130907458301,built_up,High,42.545074,0.12443944,Cool roof,393456.10192258324,1.0,2.5415795945560422e-06,319961659.80073595,False
814,+85969+31894,28.651316827618835,77.22771581344675,built_up,High,42.541718,0.12753206,Cool roof,393466.00527491106,1.0,2.5415156242057283e-06,320355125.80601084,False
815,+86005+31836,28.599214541143052,77.2600551636731,built_up,High,42.541718,0.29160765,Cool roof,393657.2993635989,1.0,2.540280598420599e-06,320748783.10537446,False
816,+85970+31895,28.6522151429029,77.22861412873081,built_up,High,42.539856,0.13373499,Cool roof,393462.7042539635,1.0,2.5415369466747284e-06,321142245.8096284,False
817,+85966+31900,28.656706719323225,77.22502086759455,built_up,High,42.53766,0.15789416,Cool roof,393446.19770181086,1.0,2.541643573736835e-06,321535692.00733024,False
818,+85967+31893,28.65041851233477,77.22591918287863,built_up,High,42.53473,0.14115974,Cool roof,393469.30619936297,1.0,2.5414943027177834e-06,321929161.3135296,False
819,+85951+31819,28.58394318131394,77.21154613833357,built_up,High,42.53238,0.28705254,Cool roof,393713.30678551074,1.0,2.5399192325109433e-06,322322874.62031513,False
820,+85973+31895,28.6522151429029,77.23130907458301,built_up,High,42.53186,0.119772926,Cool roof,393462.7042539635,1.0,2.5415369466747284e-06,322716337.3245691,False
821,+85977+31899,28.65580840403916,77.23490233571927,built_up,High,42.531647,0.18868174,Cool roof,393449.49920522765,1.0,2.541622246362014e-06,323109786.82377434,False
822,+85976+31897,28.65401177347103,77.23400402043521,built_up,High,42.529724,0.13224792,Cool roof,393456.10192258324,1.0,2.5415795945560422e-06,323503242.9256969,False
823,+85959+31886,28.644130305346312,77.2187326606061,built_up,High,42.52881,0.22450764,Cool roof,393492.40996858553,1.0,2.541345079768718e-06,323896735.3356655,False
824,+85960+31888,28.645926935914442,77.21963097589017,built_up,High,42.52365,0.15795684,Cool roof,393485.8093741609,1.0,2.541387709992642e-06,324290221.1450397,False
825,+86033+31883,28.641435359494118,77.28520799162693,built_up,High,42.521942,0.25116846,Cool roof,393502.3101364616,1.0,2.541281141788501e-06,324683723.4551761,False
826,+86011+31862,28.622570738528747,77.2654450553775,built_up,High,42.52011,0.25836185,Cool roof,393571.58699175547,1.0,2.5408338229988843e-06,325077295.04216784,False
827,+86030+31887,28.645028620630377,77.28251304577473,built_up,High,42.518524,0.32961106,Cool roof,393489.10971962346,1.0,2.5413663943902783e-06,325470784.1518875,False
828,+86032+31874,28.63335052193753,77.28430967634286,built_up,High,42.516174,0.18547097,Cool roof,393532.00542884105,1.0,2.541089380799604e-06,325864316.1573163,False
829,+86032+31871,28.630655576085335,77.28430967634286,built_up,High,42.51596,0.14457297,Cool roof,393541.90212249075,1.0,2.541025478117316e-06,326257858.0594388,False
830,+85968+31890,28.647723566482572,77.22681749816269,built_up,High,42.515533,0.13624558,Cool roof,393479.2083937367,1.0,2.5414303441399263e-06,326651337.2678326,False
831,+85948+31853,28.61448590097216,77.20885119248138,built_up,High,42.515015,0.33945286,Cool roof,393601.26404311205,1.0,2.5406422472527113e-06,327044938.53187567,False
832,+85973+31884,28.642333674778182,77.23130907458301,built_up,High,42.51364,0.23496889,Cool roof,393499.01017700526,1.0,2.5413024534678655e-06,327438437.5420527,False
833,+86006+31819,28.58394318131394,77.26095347895716,built_up,High,42.512238,0.34952998,Cool roof,393713.30678551074,1.0,2.5399192325109433e-06,327832150.8488382,False
834,+86027+31883,28.641435359494118,77.27981809992254,built_up,High,42.511414,0.21859838,Cool roof,393502.3101364616,1.0,2.541281141788501e-06,328225653.15897465,False
835,+86026+31866,28.626163999665007,77.27891978463848,built_up,High,42.51059,0.19921115,Cool roof,393558.39468167134,1.0,2.5409189932509185e-06,328619211.55365634,False
836,+85946+31896,28.653113458186965,77.20705456191325,built_up,High,42.5101,0.16587356,Cool roof,393459.4031365207,1.0,2.541558270124821e-06,329012670.95679283,False
837,+85993+31854,28.615384216256224,77.24927538026432,built_up,High,42.509186,0.33320856,Cool roof,393597.9669790461,1.0,2.5406635295279275e-06,329406268.92377186,False
838,+86028+31863,28.623469053812812,77.2807164152066,built_up,High,42.502106,0.33107713,Cool roof,393568.2890590088,1.0,2.5408551140919464e-06,329799837.21283084,False
839,+86031+31859,28.619875792676552,77.2834113610588,built_up,High,42.501312,0.13483056,Cool roof,393581.4802108883,1.0,2.5407699555989813e-06,330193418.69304174,False
840,+86028+31862,28.622570738528747,77.2807164152066,built_up,High,42.50009,0.1873169,Cool roof,393571.58699175547,1.0,2.5408338229988843e-06,330586990.28003347,False
841,+86026+31865,28.625265684380942,77.27891978463848,built_up,High,42.499054,0.14286703,Cool roof,393561.6929039662,1.0,2.540897699217927e-06,330980551.97293746,False
842,+86025+31867,28.62706231494907,77.2780214693544,built_up,High,42.49893,0.12955993,Cool roof,393555.0963628619,1.0,2.5409402882639576e-06,331374107.06930035,False
843,+85965+31885,28.643231990062247,77.22412255231049,built_up,High,42.49109,0.27160245,Cool roof,393495.7101210463,1.0,2.541323766127926e-06,331767602.7794214,False
844,+85960+31889,28.646825251198507,77.21963097589017,built_up,High,42.490875,0.16492794,Cool roof,393482.5089321985,1.0,2.5414090265758455e-06,332161085.28835356,False
845,+86030+31867,28.62706231494907,77.28251304577473,built_up,High,42.488037,0.12366689,Cool roof,393555.0963628619,1.0,2.5409402882639576e-06,332554640.38471645,False
846,+85979+31895,28.6522151429029,77.2366989662874,built_up,High,42.485962,0.25402868,Cool roof,393462.7042539635,1.0,2.5415369466747284e-06,332948103.0889704,False
847,+86029+31863,28.623469053812812,77.28161473049066,built_up,High,42.483917,0.21726204,Cool roof,393568.2890590088,1.0,2.5408551140919464e-06,333341671.3780294,False
848,+86033+31886,28.644130305346312,77.28520799162693,built_up,High,42.48288,0.114770725,Cool roof,393492.40996858553,1.0,2.541345079768718e-06,333735163.787998,False
849,+86023+31872,28.6315538913694,77.27622483878628,built_up,High,42.479675,0.11988302,Cool roof,393538.6033211179,1.0,2.5410467780311365e-06,334128702.39131916,False
850,+85969+31890,28.647723566482572,77.22771581344675,built_up,High,42.479034,0.123333015,Cool roof,393479.2083937367,1.0,2.5414303441399263e-06,334522181.5997129,False
851,+86030+31868,28.627960630233137,77.28251304577473,built_up,High,42.479034,0.155144,Cool roof,393551.7979475385,1.0,2.5409615842570807e-06,334915733.39766043,False
852,+85971+31899,28.65580840403916,77.22951244401489,built_up,High,42.47812,0.14233021,Cool roof,393449.49920522765,1.0,2.541622246362014e-06,335309182.89686567,False
853,+86033+31900,28.656706719323225,77.28520799162693,built_up,High,42.475677,0.13339357,Cool roof,393446.19770181086,1.0,2.541643573736835e-06,335702629.0945675,False
854,+86029+31871,28.630655576085335,77.28161473049066,built_up,High,42.471252,0.17564727,Cool roof,393541.90212249075,1.0,2.541025478117316e-06,336096170.99669,False
855,+85983+31854,28.615384216256224,77.24029222742367,built_up,High,42.4711,0.21138078,Cool roof,393597.9669790461,1.0,2.5406635295279275e-06,336489768.963669,False
856,+85953+31900,28.656706719323225,77.21334276890171,built_up,High,42.469086,0.14797404,Cool roof,393446.19770181086,1.0,2.541643573736835e-06,336883215.1613708,False
857,+85945+31897,28.65401177347103,77.20615624662919,built_up,High,42.4675,0.28304434,Cool roof,393456.10192258324,1.0,2.5415795945560422e-06,337276671.2632934,False
858,+85980+31899,28.65580840403916,77.23759728157147,built_up,High,42.466858,0.24129644,Cool roof,393449.49920522765,1.0,2.541622246362014e-06,337670120.7624986,False
859,+85995+31855,28.61628253154029,77.25107201083244,built_up,High,42.460907,0.2364412,Cool roof,393594.6698184574,1.0,2.540684812782761e-06,338063715.4323171,False
860,+86032+31887,28.645028620630377,77.28430967634286,built_up,High,42.457367,0.26351088,Cool roof,393489.10971962346,1.0,2.5413663943902783e-06,338457204.5420367,False
861,+86009+31821,28.58573981188207,77.26364842480936,built_up,High,42.45694,0.32728818,Cool roof,393706.7191251809,1.0,2.5399617314685587e-06,338850911.26116186,False
862,+85958+31894,28.651316827618835,77.21783434532203,built_up,High,42.45584,0.16128972,Cool roof,393466.00527491106,1.0,2.5415156242057283e-06,339244377.26643676,False
863,+86008+31819,28.58394318131394,77.2627501095253,built_up,High,42.454376,0.3556354,Cool roof,393713.30678551074,1.0,2.5399192325109433e-06,339638090.5732223,False
864,+85999+31879,28.637842098357854,77.2546652719687,built_up,Medium,42.446655,0.3857311,Cool roof,393515.50900924753,1.0,2.5411959048772846e-06,340031606.0822315,False
865,+86027+31863,28.623469053812812,77.27981809992254,built_up,High,42.44284,0.3014581,Cool roof,393568.2890590088,1.0,2.5408551140919464e-06,340425174.3712905,False
866,+86001+31824,28.58843475773427,77.25646190253684,built_up,High,42.440613,0.30525294,Cool roof,393696.8369106009,1.0,2.5400254872433124e-06,340818871.2082011,False
867,+85983+31855,28.61628253154029,77.24029222742367,built_up,High,42.43918,0.24111791,Cool roof,393594.6698184574,1.0,2.540684812782761e-06,341212465.8780196,False
868,+85969+31895,28.6522151429029,77.22771581344675,built_up,High,42.43692,0.13366237,Cool roof,393462.7042539635,1.0,2.5415369466747284e-06,341605928.58227354,False
869,+85934+31890,28.647723566482572,77.19627477850447,built_up,High,42.436554,0.17527276,Cool roof,393479.2083937367,1.0,2.5414303441399263e-06,341999407.7906673,False
870,+85994+31873,28.632452206653465,77.25017369554838,built_up,High,42.434174,0.34714,Cool roof,393535.3044232345,1.0,2.5410680789252197e-06,342392943.0950905,False
871,+85962+31890,28.647723566482572,77.22142760645829,built_up,High,42.433502,0.27314556,Cool roof,393479.2083937367,1.0,2.5414303441399263e-06,342786422.30348426,False
872,+85976+31898,28.654910088755095,77.23400402043521,built_up,High,42.433075,0.13269265,Cool roof,393452.80061215203,1.0,2.541600919968428e-06,343179875.1040964,False
873,+86017+31842,28.60460443284744,77.27083494708188,built_up,High,42.43271,0.20671014,Cool roof,393637.5253771429,1.0,2.540408206869767e-06,343573512.62947357,False
874,+86021+31871,28.630655576085335,77.27442820821814,built_up,High,42.432373,0.12702873,Cool roof,393541.90212249075,1.0,2.541025478117316e-06,343967054.53159606,False
875,+86032+31868,28.627960630233137,77.28430967634286,built_up,High,42.43225,0.15194094,Cool roof,393551.7979475385,1.0,2.5409615842570807e-06,344360606.3295436,False
876,+85954+31899,28.65580840403916,77.21424108418577,built_up,High,42.431183,0.16647725,Cool roof,393449.49920522765,1.0,2.541622246362014e-06,344754055.8287488,False
877,+86023+31851,28.61268927040403,77.27622483878628,built_up,High,42.428436,0.21065098,Cool roof,393607.8578816729,1.0,2.5405996856409857e-06,345147663.6866305,False
878,+86031+31868,28.627960630233137,77.2834113610588,built_up,High,42.428375,0.12254205,Cool roof,393551.7979475385,1.0,2.5409615842570807e-06,345541215.484578,False
879,+86020+31871,28.630655576085335,77.27352989293408,built_up,High,42.42813,0.13643235,Cool roof,393541.90212249075,1.0,2.541025478117316e-06,345934757.3867005,False
880,+85994+31853,28.61448590097216,77.25017369554838,built_up,High,42.427643,0.24175337,Cool roof,393601.26404311205,1.0,2.5406422472527113e-06,346328358.6507436,False
881,+86022+31874,28.63335052193753,77.27532652350222,built_up,High,42.42749,0.113817714,Cool roof,393532.00542884105,1.0,2.541089380799604e-06,346721890.65617245,False
882,+86031+31886,28.644130305346312,77.2834113610588,built_up,High,42.426605,0.36404705,Cool roof,393492.40996858553,1.0,2.541345079768718e-06,347115383.06614107,False
883,+85978+31899,28.65580840403916,77.23580065100334,built_up,High,42.426483,0.21775718,Cool roof,393449.49920522765,1.0,2.541622246362014e-06,347508832.5653463,False
884,+85957+31897,28.65401177347103,77.21693603003797,built_up,High,42.42154,0.18573584,Cool roof,393456.10192258324,1.0,2.5415795945560422e-06,347902288.6672689,False
885,+85976+31893,28.65041851233477,77.23400402043521,built_up,High,42.418854,0.19395433,Cool roof,393469.30619936297,1.0,2.5414943027177834e-06,348295757.97346824,False
886,+86021+31868,28.627960630233137,77.27442820821814,built_up,High,42.418,0.3436701,Cool roof,393551.7979475385,1.0,2.5409615842570807e-06,348689309.77141577,False
887,+85933+31890,28.647723566482572,77.1953764632204,built_up,High,42.408325,0.16754471,Cool roof,393479.2083937367,1.0,2.5414303441399263e-06,349082788.9798095,False
888,+86030+31854,28.615384216256224,77.28251304577473,built_up,Medium,42.407013,0.3963531,Cool roof,393597.9669790461,1.0,2.5406635295279275e-06,349476386.94678855,False
889,+85980+31900,28.656706719323225,77.23759728157147,built_up,High,42.401184,0.24735735,Cool roof,393446.19770181086,1.0,2.541643573736835e-06,349869833.14449036,False
890,+85970+31884,28.642333674778182,77.22861412873081,built_up,High,42.39914,0.17282096,Cool roof,393499.01017700526,1.0,2.5413024534678655e-06,350263332.1546674,False
891,+85989+31858,28.618977477392487,77.24568211912806,built_up,High,42.396454,0.3132424,Cool roof,393584.7777575614,1.0,2.5407486684253207e-06,350656916.93242496,False
892,+85961+31900,28.656706719323225,77.22052929117423,built_up,High,42.39444,0.14143479,Cool roof,393446.19770181086,1.0,2.541643573736835e-06,351050363.1301268,False
893,+85976+31899,28.65580840403916,77.23400402043521,built_up,High,42.39328,0.14468546,Cool roof,393449.49920522765,1.0,2.541622246362014e-06,351443812.629332,False
894,+85981+31827,28.591129703586464,77.23849559685553,built_up,High,42.39148,0.27039322,Cool roof,393686.95382713445,1.0,2.5400892518249255e-06,351837499.58315915,False
895,+85973+31892,28.649520197050705,77.23130907458301,built_up,High,42.38968,0.11424372,Cool roof,393472.6070273184,1.0,2.5414729822108584e-06,352230972.19018644,False
896,+85998+31825,28.589333073018334,77.25376695668464,built_up,High,42.38748,0.22648601,Cool roof,393693.54264598736,1.0,2.5400467411252633e-06,352624665.73283243,False
897,+85971+31897,28.65401177347103,77.22951244401489,built_up,High,42.380035,0.13372509,Cool roof,393456.10192258324,1.0,2.5415795945560422e-06,353018121.834755,False
898,+85999+31825,28.589333073018334,77.2546652719687,built_up,High,42.37915,0.2101882,Cool roof,393693.54264598736,1.0,2.5400467411252633e-06,353411815.377401,False
899,+86031+31888,28.645926935914442,77.2834113610588,built_up,High,42.377625,0.2607328,Cool roof,393485.8093741609,1.0,2.541387709992642e-06,353805301.18677515,False
900,+85948+31852,28.613587585688094,77.20885119248138,built_up,High,42.374878,0.28891036,Cool roof,393604.5610106546,1.0,2.5406209659570757e-06,354198905.7477858,False
901,+85973+31896,28.653113458186965,77.23130907458301,built_up,High,42.37259,0.13472492,Cool roof,393459.4031365207,1.0,2.541558270124821e-06,354592365.1509223,False
902,+85972+31896,28.653113458186965,77.23041075929895,built_up,High,42.372467,0.142547,Cool roof,393459.4031365207,1.0,2.541558270124821e-06,354985824.5540588,False
903,+85993+31857,28.61807916210842,77.24927538026432,built_up,High,42.37216,0.26509237,Cool roof,393588.07520771434,1.0,2.5407273822314218e-06,355379412.6292665,False
904,+86023+31845,28.607299378699636,77.27622483878628,built_up,High,42.371307,0.29158232,Cool roof,393627.6370807394,1.0,2.5404720243128756e-06,355773040.2663472,False
905,+85963+31882,28.640537044210053,77.22232592174235,built_up,High,42.37088,0.27695727,Cool roof,393505.6099994146,1.0,2.5412598310897976e-06,356166545.87634665,False
906,+85972+31897,28.65401177347103,77.23041075929895,built_up,High,42.368744,0.13627733,Cool roof,393456.10192258324,1.0,2.5415795945560422e-06,356560001.9782692,False
907,+86021+31899,28.65580840403916,77.27442820821814,built_up,High,42.367462,0.13178761,Cool roof,393449.49920522765,1.0,2.541622246362014e-06,356953451.47747445,False
908,+86026+31864,28.624367369096877,77.27891978463848,built_up,High,42.361908,0.14774556,Cool roof,393564.99102974543,1.0,2.540876406164949e-06,357347016.4685042,False
909,+85968+31894,28.651316827618835,77.22681749816269,built_up,High,42.361298,0.1252322,Cool roof,393466.00527491106,1.0,2.5415156242057283e-06,357740482.4737791,False
910,+85970+31900,28.656706719323225,77.22861412873081,built_up,High,42.35977,0.13641767,Cool roof,393446.19770181086,1.0,2.541643573736835e-06,358133928.6714809,False
911,+85999+31824,28.58843475773427,77.2546652719687,built_up,High,42.35901,0.255674,Cool roof,393696.8369106009,1.0,2.5400254872433124e-06,358527625.5083915,False
912,+85985+31856,28.617180846824354,77.24208885799179,built_up,High,42.35855,0.24145319,Cool roof,393591.3725613467,1.0,2.540706097017246e-06,358921216.88095284,False
913,+86027+31859,28.619875792676552,77.27981809992254,built_up,High,42.357544,0.23765318,Cool roof,393581.4802108883,1.0,2.5407699555989813e-06,359314798.36116374,False
914,+85974+31893,28.65041851233477,77.23220738986707,built_up,High,42.356293,0.16586071,Cool roof,393469.30619936297,1.0,2.5414943027177834e-06,359708267.6673631,False
915,+85965+31900,28.656706719323225,77.22412255231049,built_up,High,42.3555,0.15428446,Cool roof,393446.19770181086,1.0,2.541643573736835e-06,360101713.8650649,False
916,+85980+31895,28.6522151429029,77.23759728157147,built_up,High,42.351105,0.23788562,Cool roof,393462.7042539635,1.0,2.5415369466747284e-06,360495176.5693189,False
917,+85957+31900,28.656706719323225,77.21693603003797,built_up,High,42.344574,0.18220724,Cool roof,393446.19770181086,1.0,2.541643573736835e-06,360888622.7670207,False
918,+86031+31857,28.61807916210842,77.2834113610588,built_up,High,42.34433,0.12204644,Cool roof,393588.07520771434,1.0,2.5407273822314218e-06,361282210.8422284,False
919,+86027+31864,28.624367369096877,77.27981809992254,built_up,High,42.34326,0.12397145,Cool roof,393564.99102974543,1.0,2.540876406164949e-06,361675775.83325815,False
920,+86032+31886,28.644130305346312,77.28430967634286,built_up,High,42.34146,0.2877774,Cool roof,393492.40996858553,1.0,2.541345079768718e-06,362069268.24322677,False
921,+86023+31881,28.639638728925988,77.27622483878628,built_up,High,42.335785,0.23523235,Cool roof,393508.9097658637,1.0,2.5412385213717176e-06,362462777.1529926,False
922,+85944+31897,28.65401177347103,77.20525793134512,built_up,High,42.333954,0.19419363,Cool roof,393456.10192258324,1.0,2.5415795945560422e-06,362856233.2549152,False
923,+85947+31896,28.653113458186965,77.20795287719731,built_up,High,42.33145,0.15379596,Cool roof,393459.4031365207,1.0,2.541558270124821e-06,363249692.65805167,False
924,+86023+31873,28.632452206653465,77.27622483878628,built_up,High,42.330627,0.20514156,Cool roof,393535.3044232345,1.0,2.5410680789252197e-06,363643227.9624749,False
925,+85972+31898,28.654910088755095,77.23041075929895,built_up,High,42.32852,0.15105277,Cool roof,393452.80061215203,1.0,2.541600919968428e-06,364036680.76308703,False
926,+86024+31881,28.639638728925988,77.27712315407034,built_up,High,42.327057,0.21232039,Cool roof,393508.9097658637,1.0,2.5412385213717176e-06,364430189.6728529,False
927,+85995+31848,28.609994324551835,77.25107201083244,built_up,High,42.326385,0.29140633,Cool roof,393617.74791557674,1.0,2.540535850569625e-06,364823807.42076844,False
928,+86025+31846,28.6081976939837,77.2780214693544,built_up,High,42.323242,0.18776165,Cool roof,393624.3407888798,1.0,2.540493298752451e-06,365217431.76155734,False
929,+85974+31900,28.656706719323225,77.23220738986707,built_up,High,42.322174,0.16353258,Cool roof,393446.19770181086,1.0,2.541643573736835e-06,365610877.95925915,False
930,+85959+31892,28.649520197050705,77.2187326606061,built_up,High,42.32071,0.23970386,Cool roof,393472.6070273184,1.0,2.5414729822108584e-06,366004350.56628644,False
931,+85971+31883,28.641435359494118,77.22951244401489,built_up,High,42.31491,0.23325337,Cool roof,393502.3101364616,1.0,2.541281141788501e-06,366397852.8764229,False
932,+86026+31897,28.65401177347103,77.27891978463848,built_up,High,42.31021,0.106241055,Cool roof,393456.10192258324,1.0,2.5415795945560422e-06,366791308.97834545,False
933,+85971+31891,28.64862188176664,77.22951244401489,built_up,High,42.309723,0.13953643,Cool roof,393475.90775877645,1.0,2.5414516626849184e-06,367184784.8861042,False
934,+85961+31881,28.639638728925988,77.22052929117423,built_up,High,42.306183,0.20900574,Cool roof,393508.9097658637,1.0,2.5412385213717176e-06,367578293.79587007,False
935,+86027+31882,28.640537044210053,77.27981809992254,built_up,High,42.303192,0.2387811,Cool roof,393505.6099994146,1.0,2.5412598310897976e-06,367971799.4058695,False
936,+85968+31889,28.646825251198507,77.22681749816269,built_up,High,42.298492,0.120695844,Cool roof,393482.5089321985,1.0,2.5414090265758455e-06,368365281.91480166,False
937,+85971+31898,28.654910088755095,77.22951244401489,built_up,High,42.298065,0.13060778,Cool roof,393452.80061215203,1.0,2.541600919968428e-06,368758734.7154138,False
938,+86032+31870,28.62975726080127,77.28430967634286,built_up,High,42.29373,0.2223943,Cool roof,393545.20082735224,1.0,2.541004179183724e-06,369152279.91624117,False
939,+85968+31899,28.65580840403916,77.22681749816269,built_up,High,42.29236,0.12163027,Cool roof,393449.49920522765,1.0,2.541622246362014e-06,369545729.4154464,False
940,+85972+31899,28.65580840403916,77.23041075929895,built_up,High,42.292206,0.1575578,Cool roof,393449.49920522765,1.0,2.541622246362014e-06,369939178.91465163,False
941,+85993+31858,28.618977477392487,77.24927538026432,built_up,High,42.288605,0.34354365,Cool roof,393584.7777575614,1.0,2.5407486684253207e-06,370332763.6924092,False
942,+85961+31889,28.646825251198507,77.22052929117423,built_up,High,42.282898,0.3404856,Cool roof,393482.5089321985,1.0,2.5414090265758455e-06,370726246.2013414,False
943,+86030+31859,28.619875792676552,77.28251304577473,built_up,High,42.280243,0.13222688,Cool roof,393581.4802108883,1.0,2.5407699555989813e-06,371119827.6815523,False
944,+86021+31874,28.63335052193753,77.27442820821814,built_up,High,42.28012,0.11936147,Cool roof,393532.00542884105,1.0,2.541089380799604e-06,371513359.68698114,False
945,+85967+31889,28.646825251198507,77.22591918287863,built_up,High,42.276276,0.13027595,Cool roof,393482.5089321985,1.0,2.5414090265758455e-06,371906842.1959133,False
946,+86024+31857,28.61807916210842,77.27712315407034,built_up,Medium,42.276,0.39236847,Cool roof,393588.07520771434,1.0,2.5407273822314218e-06,372300430.271121,False
947,+86015+31823,28.5875364424502,77.26903831651376,built_up,High,42.274933,0.2932819,Cool roof,393700.13107867143,1.0,2.540004234339902e-06,372694130.4021997,False
948,+85945+31821,28.58573981188207,77.20615624662919,built_up,High,42.272797,0.33240554,Cool roof,393706.7191251809,1.0,2.5399617314685587e-06,373087837.12132484,False
949,+86032+31869,28.628858945517205,77.28430967634286,built_up,High,42.270905,0.19181186,Cool roof,393548.4994357017,1.0,2.5409828812303243e-06,373481385.62076056,False
950,+86002+31828,28.59202801887053,77.2573602178209,built_up,High,42.270355,0.21276028,Cool roof,393683.65927289636,1.0,2.5401105086427096e-06,373875069.28003347,False
951,+85967+31899,28.65580840403916,77.22591918287863,built_up,High,42.270233,0.12750278,Cool roof,393449.49920522765,1.0,2.541622246362014e-06,374268518.7792387,False
952,+86024+31868,28.627960630233137,77.27712315407034,built_up,High,42.267975,0.1359017,Cool roof,393551.7979475385,1.0,2.5409615842570807e-06,374662070.5771862,False
953,+85965+31890,28.647723566482572,77.22412255231049,built_up,High,42.267548,0.12576498,Cool roof,393479.2083937367,1.0,2.5414303441399263e-06,375055549.78558,False
954,+86033+31885,28.643231990062247,77.28520799162693,built_up,High,42.25995,0.24397126,Cool roof,393495.7101210463,1.0,2.541323766127926e-06,375449045.495701,False
955,+85965+31887,28.645028620630377,77.22412255231049,built_up,High,42.255463,0.24400024,Cool roof,393489.10971962346,1.0,2.5413663943902783e-06,375842534.60542065,False
956,+85998+31824,28.58843475773427,77.25376695668464,built_up,High,42.254242,0.23690294,Cool roof,393696.8369106009,1.0,2.5400254872433124e-06,376236231.44233125,False
957,+86013+31897,28.65401177347103,77.26724168594562,built_up,High,42.24478,0.29309303,Cool roof,393456.10192258324,1.0,2.5415795945560422e-06,376629687.5442538,False
958,+85995+31852,28.613587585688094,77.25107201083244,built_up,High,42.240265,0.2256057,Cool roof,393604.5610106546,1.0,2.5406209659570757e-06,377023292.1052645,False
959,+86020+31898,28.654910088755095,77.27352989293408,built_up,High,42.239716,0.16750799,Cool roof,393452.80061215203,1.0,2.541600919968428e-06,377416744.90587664,False
960,+86023+31882,28.640537044210053,77.27622483878628,built_up,High,42.237,0.16601782,Cool roof,393505.6099994146,1.0,2.5412598310897976e-06,377810250.51587605,False
961,+85952+31900,28.656706719323225,77.21244445361764,built_up,High,42.235687,0.12592314,Cool roof,393446.19770181086,1.0,2.541643573736835e-06,378203696.71357787,False
962,+85998+31841,28.603706117563377,77.25376695668464,built_up,High,42.2334,0.3550507,Cool roof,393640.8212828831,1.0,2.5403869363471513e-06,378597337.53486073,False
963,+85967+31890,28.647723566482572,77.22591918287863,built_up,High,42.233124,0.13322772,Cool roof,393479.2083937367,1.0,2.5414303441399263e-06,378990816.7432545,False
964,+86013+31894,28.651316827618835,77.26724168594562,built_up,High,42.230774,0.24345379,Cool roof,393466.00527491106,1.0,2.5415156242057283e-06,379384282.7485294,False
965,+85970+31890,28.647723566482572,77.22861412873081,built_up,High,42.228546,0.133403,Cool roof,393479.2083937367,1.0,2.5414303441399263e-06,379777761.9569231,False
966,+85950+31820,28.584841496598006,77.21064782304951,built_up,High,42.222992,0.16574837,Cool roof,393710.01300361863,1.0,2.5399404815005527e-06,380171471.9699268,False
967,+86016+31878,28.63694378307379,77.26993663179782,built_up,High,42.22165,0.19467789,Cool roof,393518.80848618085,1.0,2.5411745981008603e-06,380564990.77841294,False
968,+86033+31873,28.632452206653465,77.28520799162693,built_up,High,42.218536,0.2056076,Cool roof,393535.3044232345,1.0,2.5410680789252197e-06,380958526.08283615,False
969,+85978+31893,28.65041851233477,77.23580065100334,built_up,High,42.218475,0.26629663,Cool roof,393469.30619936297,1.0,2.5414943027177834e-06,381351995.3890355,False
970,+85960+31900,28.656706719323225,77.21963097589017,built_up,High,42.215332,0.16443758,Cool roof,393446.19770181086,1.0,2.541643573736835e-06,381745441.58673733,False
971,+86025+31863,28.623469053812812,77.2780214693544,built_up,High,42.206573,0.1688576,Cool roof,393568.2890590088,1.0,2.5408551140919464e-06,382139009.8757963,False
972,+85958+31899,28.65580840403916,77.21783434532203,built_up,High,42.20529,0.2173435,Cool roof,393449.49920522765,1.0,2.541622246362014e-06,382532459.37500155,False
973,+85945+31895,28.6522151429029,77.20615624662919,built_up,High,42.20511,0.26430702,Cool roof,393462.7042539635,1.0,2.5415369466747284e-06,382925922.0792555,False
974,+85994+31875,28.634248837221595,77.25017369554838,built_up,High,42.20273,0.28315607,Cool roof,393528.7063379382,1.0,2.5411106836543245e-06,383319450.78559345,False
975,+85967+31891,28.64862188176664,77.22591918287863,built_up,High,42.202057,0.1684914,Cool roof,393475.90775877645,1.0,2.5414516626849184e-06,383712926.6933522,False
976,+86030+31856,28.617180846824354,77.28251304577473,built_up,High,42.199738,0.12986769,Cool roof,393591.3725613467,1.0,2.540706097017246e-06,384106518.06591356,False
977,+85994+31858,28.618977477392487,77.25017369554838,built_up,High,42.199677,0.22589488,Cool roof,393584.7777575614,1.0,2.5407486684253207e-06,384500102.84367114,False
978,+85999+31828,28.59202801887053,77.2546652719687,built_up,High,42.196075,0.29953897,Cool roof,393683.65927289636,1.0,2.5401105086427096e-06,384893786.50294405,False
979,+86005+31832,28.59562128000679,77.2600551636731,built_up,High,42.19583,0.2797868,Cool roof,393670.48009054805,1.0,2.5401955457010397e-06,385287456.9830346,False
980,+85989+31861,28.621672423244682,77.24568211912806,built_up,High,42.188263,0.25193593,Cool roof,393574.88482798473,1.0,2.5408125328857267e-06,385681031.8678626,False
981,+85995+31871,28.630655576085335,77.25107201083244,built_up,High,42.18582,0.2616506,Cool roof,393541.90212249075,1.0,2.541025478117316e-06,386074573.7699851,False
982,+86003+31828,28.59202801887053,77.25825853310496,built_up,Medium,42.179535,0.37314895,Cool roof,393683.65927289636,1.0,2.5401105086427096e-06,386468257.429258,False
983,+85958+31893,28.65041851233477,77.21783434532203,built_up,High,42.176514,0.23228385,Cool roof,393469.30619936297,1.0,2.5414943027177834e-06,386861726.73545736,False
984,+85974+31892,28.649520197050705,77.23220738986707,built_up,High,42.17386,0.13630202,Cool roof,393472.6070273184,1.0,2.5414729822108584e-06,387255199.34248465,False
985,+86006+31863,28.623469053812812,77.26095347895716,built_up,Medium,42.171234,0.36089396,Cool roof,393568.2890590088,1.0,2.5408551140919464e-06,387648767.63154364,False
986,+86022+31899,28.65580840403916,77.27532652350222,built_up,High,42.170776,0.18377201,Cool roof,393449.49920522765,1.0,2.541622246362014e-06,388042217.13074887,False
987,+86022+31872,28.6315538913694,77.27532652350222,built_up,High,42.170074,0.116205,Cool roof,393538.6033211179,1.0,2.5410467780311365e-06,388435755.73407,False
988,+85994+31874,28.63335052193753,77.25017369554838,built_up,High,42.167206,0.30836508,Cool roof,393532.00542884105,1.0,2.541089380799604e-06,388829287.73949885,False
989,+85990+31855,28.61628253154029,77.24658043441212,built_up,High,42.16513,0.31620526,Cool roof,393594.6698184574,1.0,2.540684812782761e-06,389222882.4093173,False
990,+86003+31827,28.591129703586464,77.25825853310496,built_up,High,42.16336,0.2774862,Cool roof,393686.95382713445,1.0,2.5400892518249255e-06,389616569.36314446,False
991,+86021+31900,28.656706719323225,77.27442820821814,built_up,High,42.162964,0.14349683,Cool roof,393446.19770181086,1.0,2.541643573736835e-06,390010015.56084627,False
992,+85966+31890,28.647723566482572,77.22502086759455,built_up,High,42.1586,0.14526068,Cool roof,393479.2083937367,1.0,2.5414303441399263e-06,390403494.76924,False
993,+86033+31872,28.6315538913694,77.28520799162693,built_up,High,42.158478,0.18119012,Cool roof,393538.6033211179,1.0,2.5410467780311365e-06,390797033.37256116,False
994,+85963+31899,28.65580840403916,77.22232592174235,built_up,High,42.15445,0.13332719,Cool roof,393449.49920522765,1.0,2.541622246362014e-06,391190482.8717664,False
995,+86022+31869,28.628858945517205,77.27532652350222,built_up,High,42.150543,0.32808885,Cool roof,393548.4994357017,1.0,2.5409828812303243e-06,391584031.3712021,False
996,+86031+31887,28.645028620630377,77.2834113610588,built_up,Medium,42.146393,0.38277137,Cool roof,393489.10971962346,1.0,2.5413663943902783e-06,391977520.48092175,False
997,+86004+31834,28.59741791057492,77.25915684838904,built_up,Medium,42.14627,0.37076762,Cool roof,393663.8899201458,1.0,2.540238070103023e-06,392371184.3708419,False
998,+85959+31895,28.6522151429029,77.2187326606061,built_up,High,42.143005,0.24184273,Cool roof,393462.7042539635,1.0,2.5415369466747284e-06,392764647.0750959,False
999,+86025+31897,28.65401177347103,77.2780214693544,built_up,High,42.13327,0.11436145,Cool roof,393456.10192258324,1.0,2.5415795945560422e-06,393158103.17701846,False
1000,+86018+31842,28.60460443284744,77.27173326236594,built_up,High,42.132385,0.33630362,Cool roof,393637.5253771429,1.0,2.540408206869767e-06,393551740.7023956,False
1001,+85973+31882,28.640537044210053,77.23130907458301,built_up,High,42.130585,0.25472033,Cool roof,393505.6099994146,1.0,2.5412598310897976e-06,393945246.31239504,False
1002,+85960+31883,28.641435359494118,77.21963097589017,built_up,High,42.129913,0.18343312,Cool roof,393502.3101364616,1.0,2.541281141788501e-06,394338748.6225315,False
1003,+86011+31819,28.58394318131394,77.2654450553775,built_up,High,42.12863,0.26767594,Cool roof,393713.30678551074,1.0,2.5399192325109433e-06,394732461.929317,False
1004,+85967+31888,28.645926935914442,77.22591918287863,built_up,High,42.12555,0.14223169,Cool roof,393485.8093741609,1.0,2.541387709992642e-06,395125947.73869115,False
1005,+86028+31884,28.642333674778182,77.2807164152066,built_up,High,42.12204,0.20055841,Cool roof,393499.01017700526,1.0,2.5413024534678655e-06,395519446.74886817,False
1006,+85949+31888,28.645926935914442,77.20974950776545,built_up,High,42.12143,0.15678088,Cool roof,393485.8093741609,1.0,2.541387709992642e-06,395912932.5582423,False
1007,+86007+31861,28.621672423244682,77.26185179424122,built_up,High,42.11667,0.30217633,Cool roof,393574.88482798473,1.0,2.5408125328857267e-06,396306507.4430703,False
1008,+86029+31883,28.641435359494118,77.28161473049066,built_up,High,42.115204,0.3049865,Cool roof,393502.3101364616,1.0,2.541281141788501e-06,396700009.75320673,False
1009,+85997+31836,28.599214541143052,77.25286864140058,built_up,High,42.112915,0.22268881,Cool roof,393657.2993635989,1.0,2.540280598420599e-06,397093667.05257034,False
1010,+85959+31875,28.634248837221595,77.2187326606061,built_up,High,42.111755,0.17195565,Cool roof,393528.7063379382,1.0,2.5411106836543245e-06,397487195.7589083,False
1011,+85967+31894,28.651316827618835,77.22591918287863,built_up,High,42.10974,0.13324171,Cool roof,393466.00527491106,1.0,2.5415156242057283e-06,397880661.76418316,False
1012,+86022+31900,28.656706719323225,77.27532652350222,built_up,High,42.10968,0.12226853,Cool roof,393446.19770181086,1.0,2.541643573736835e-06,398274107.961885,False
1013,+85969+31889,28.646825251198507,77.22771581344675,built_up,High,42.108307,0.114128344,Cool roof,393482.5089321985,1.0,2.5414090265758455e-06,398667590.47081715,False
1014,+85980+31825,28.589333073018334,77.23759728157147,built_up,High,42.10605,0.20079568,Cool roof,393693.54264598736,1.0,2.5400467411252633e-06,399061284.01346314,False
1015,+86000+31825,28.589333073018334,77.25556358725278,built_up,High,42.10446,0.16207749,Cool roof,393693.54264598736,1.0,2.5400467411252633e-06,399454977.55610913,False
1016,+86023+31869,28.628858945517205,77.27622483878628,built_up,High,42.101624,0.2574068,Cool roof,393548.4994357017,1.0,2.5409828812303243e-06,399848526.05554485,False
1017,+85975+31893,28.65041851233477,77.23310570515115,built_up,High,42.100006,0.17438285,Cool roof,393469.30619936297,1.0,2.5414943027177834e-06,400241995.3617442,False
1018,+86027+31884,28.642333674778182,77.27981809992254,built_up,High,42.098938,0.2757191,Cool roof,393499.01017700526,1.0,2.5413024534678655e-06,400635494.37192124,False
1019,+86023+31866,28.626163999665007,77.27622483878628,built_up,High,42.097656,0.22773443,Cool roof,393558.39468167134,1.0,2.5409189932509185e-06,401029052.76660293,False
1020,+85966+31889,28.646825251198507,77.22502086759455,built_up,High,42.0961,0.15610312,Cool roof,393482.5089321985,1.0,2.5414090265758455e-06,401422535.2755351,False
1021,+85958+31895,28.6522151429029,77.21783434532203,built_up,High,42.095856,0.17935058,Cool roof,393462.7042539635,1.0,2.5415369466747284e-06,401815997.9797891,False
1022,+86028+31883,28.641435359494118,77.2807164152066,built_up,High,42.093384,0.1878311,Cool roof,393502.3101364616,1.0,2.541281141788501e-06,402209500.2899255,False
1023,+86016+31877,28.636045467789724,77.26993663179782,built_up,High,42.09207,0.24141753,Cool roof,393522.10786660743,1.0,2.5411532923049165e-06,402603022.3977921,False
1024,+85994+31854,28.615384216256224,77.25017369554838,built_up,High,42.08957,0.2825406,Cool roof,393597.9669790461,1.0,2.5406635295279275e-06,402996620.3647711,False
1025,+85961+31892,28.649520197050705,77.22052929117423,built_up,High,42.0885,0.2709353,Cool roof,393472.6070273184,1.0,2.5414729822108584e-06,403390092.9717984,False
1026,+86033+31881,28.639638728925988,77.28520799162693,built_up,High,42.086212,0.25723088,Cool roof,393508.9097658637,1.0,2.5412385213717176e-06,403783601.88156426,False
1027,+85962+31899,28.65580840403916,77.22142760645829,built_up,High,42.08603,0.13379474,Cool roof,393449.49920522765,1.0,2.541622246362014e-06,404177051.3807695,False
1028,+85964+31899,28.65580840403916,77.22322423702643,built_up,High,42.08554,0.12480859,Cool roof,393449.49920522765,1.0,2.541622246362014e-06,404570500.8799747,False
1029,+85943+31896,28.653113458186965,77.20435961606105,built_up,High,42.085052,0.3030016,Cool roof,393459.4031365207,1.0,2.541558270124821e-06,404963960.2831112,False
1030,+86029+31882,28.640537044210053,77.28161473049066,built_up,High,42.08072,0.26346576,Cool roof,393505.6099994146,1.0,2.5412598310897976e-06,405357465.89311063,False
1031,+85955+31898,28.654910088755095,77.21513939946983,built_up,High,42.0795,0.17842893,Cool roof,393452.80061215203,1.0,2.541600919968428e-06,405750918.6937228,False
1032,+86028+31882,28.640537044210053,77.2807164152066,built_up,High,42.078583,0.1901808,Cool roof,393505.6099994146,1.0,2.5412598310897976e-06,406144424.3037222,False
1033,+85980+31850,28.611790955119965,77.23759728157147,built_up,High,42.07791,0.23767334,Cool roof,393611.1546561666,1.0,2.540578406304404e-06,406538035.4583784,False
1034,+86033+31871,28.630655576085335,77.28520799162693,built_up,High,42.07773,0.26070148,Cool roof,393541.90212249075,1.0,2.541025478117316e-06,406931577.3605009,False
1035,+85951+31900,28.656706719323225,77.21154613833357,built_up,High,42.076538,0.14797035,Cool roof,393446.19770181086,1.0,2.541643573736835e-06,407325023.5582027,False
1036,+85969+31900,28.656706719323225,77.22771581344675,built_up,High,42.074554,0.2662907,Cool roof,393446.19770181086,1.0,2.541643573736835e-06,407718469.7559045,False
1037,+86022+31849,28.6108926398359,77.27532652350222,built_up,Medium,42.073822,0.3685736,Cool roof,393614.4513341348,1.0,2.5405571279472957e-06,408112084.2072386,False
1038,+85933+31891,28.64862188176664,77.1953764632204,built_up,High,42.073273,0.16275932,Cool roof,393475.90775877645,1.0,2.5414516626849184e-06,408505560.1149974,False
1039,+85946+31897,28.65401177347103,77.20705456191325,built_up,High,42.072906,0.18435664,Cool roof,393456.10192258324,1.0,2.5415795945560422e-06,408899016.21691996,False
1040,+85998+31828,28.59202801887053,77.25376695668464,built_up,High,42.07184,0.22807685,Cool roof,393683.65927289636,1.0,2.5401105086427096e-06,409292699.87619287,False
1041,+85968+31897,28.65401177347103,77.22681749816269,built_up,High,42.07019,0.12193038,Cool roof,393456.10192258324,1.0,2.5415795945560422e-06,409686155.97811544,False
1042,+85966+31899,28.65580840403916,77.22502086759455,built_up,High,42.068756,0.13596994,Cool roof,393449.49920522765,1.0,2.541622246362014e-06,410079605.4773207,False
1043,+85946+31853,28.61448590097216,77.20705456191325,built_up,High,42.067963,0.26469147,Cool roof,393601.26404311205,1.0,2.5406422472527113e-06,410473206.74136376,False
1044,+85991+31874,28.63335052193753,77.24747874969619,built_up,High,42.067047,0.30917192,Cool roof,393532.00542884105,1.0,2.541089380799604e-06,410866738.7467926,False
1045,+86011+31839,28.601909486995247,77.2654450553775,built_up,High,42.066803,0.2477609,Cool roof,393647.41280476865,1.0,2.540344398239332e-06,411260386.1595974,False
1046,+85965+31889,28.646825251198507,77.22412255231049,built_up,High,42.066498,0.15797523,Cool roof,393482.5089321985,1.0,2.5414090265758455e-06,411653868.66852957,False
1047,+86020+31852,28.613587585688094,77.27352989293408,built_up,Medium,42.063446,0.42827642,Cool roof,393604.5610106546,1.0,2.5406209659570757e-06,412047473.2295402,False
1048,+85959+31898,28.654910088755095,77.2187326606061,built_up,High,42.062225,0.27534187,Cool roof,393452.80061215203,1.0,2.541600919968428e-06,412440926.0301524,False
1049,+86023+31844,28.60640106341557,77.27622483878628,built_up,Medium,42.06198,0.4020287,Cool roof,393630.93327607034,1.0,2.5404507508525932e-06,412834556.96342844,False
1050,+85950+31888,28.645926935914442,77.21064782304951,built_up,High,42.05307,0.14586578,Cool roof,393485.8093741609,1.0,2.541387709992642e-06,413228042.7728026,False
1051,+85957+31891,28.64862188176664,77.21693603003797,built_up,High,42.052643,0.16870439,Cool roof,393475.90775877645,1.0,2.5414516626849184e-06,413621518.68056136,False
1052,+86001+31821,28.58573981188207,77.25646190253684,built_up,High,42.05185,0.13639633,Cool roof,393706.7191251809,1.0,2.5399617314685587e-06,414015225.3996865,False
1053,+86028+31864,28.624367369096877,77.2807164152066,built_up,High,42.051666,0.1880983,Cool roof,393564.99102974543,1.0,2.540876406164949e-06,414408790.39071625,False
1054,+85934+31889,28.646825251198507,77.19627477850447,built_up,High,42.050323,0.17461728,Cool roof,393482.5089321985,1.0,2.5414090265758455e-06,414802272.8996484,False
1055,+85951+31899,28.65580840403916,77.21154613833357,built_up,High,42.044037,0.11981132,Cool roof,393449.49920522765,1.0,2.541622246362014e-06,415195722.39885366,False
1056,+85997+31845,28.607299378699636,77.25286864140058,built_up,High,42.043793,0.34439164,Cool roof,393627.6370807394,1.0,2.5404720243128756e-06,415589350.0359344,False
1057,+86031+31858,28.618977477392487,77.2834113610588,built_up,High,42.042725,0.1352783,Cool roof,393584.7777575614,1.0,2.5407486684253207e-06,415982934.813692,False
1058,+86029+31859,28.619875792676552,77.28161473049066,built_up,High,42.037567,0.13294002,Cool roof,393581.4802108883,1.0,2.5407699555989813e-06,416376516.2939029,False
1059,+86024+31845,28.607299378699636,77.27712315407034,built_up,High,42.033813,0.22994986,Cool roof,393627.6370807394,1.0,2.5404720243128756e-06,416770143.9309836,False
1060,+85991+31860,28.620774107960617,77.24747874969619,built_up,High,42.0325,0.28871888,Cool roof,393578.1825676959,1.0,2.5407912437524376e-06,417163722.1135513,False
1061,+86021+31849,28.6108926398359,77.27442820821814,built_up,High,42.032135,0.24018718,Cool roof,393614.4513341348,1.0,2.5405571279472957e-06,417557336.56488544,False
1062,+85968+31898,28.654910088755095,77.22681749816269,built_up,High,42.030365,0.12603676,Cool roof,393452.80061215203,1.0,2.541600919968428e-06,417950789.3654976,False
1063,+85992+31859,28.619875792676552,77.24837706498025,built_up,High,42.027832,0.2569923,Cool roof,393581.4802108883,1.0,2.5407699555989813e-06,418344370.8457085,False
1064,+85935+31890,28.647723566482572,77.19717309378854,built_up,High,42.02716,0.1482865,Cool roof,393479.2083937367,1.0,2.5414303441399263e-06,418737850.05410224,False
1065,+86026+31898,28.654910088755095,77.27891978463848,built_up,High,42.026825,0.106719,Cool roof,393452.80061215203,1.0,2.541600919968428e-06,419131302.8547144,False
1066,+85964+31890,28.647723566482572,77.22322423702643,built_up,High,42.026093,0.121148475,Cool roof,393479.2083937367,1.0,2.5414303441399263e-06,419524782.06310815,False
1067,+86020+31867,28.62706231494907,77.27352989293408,built_up,Medium,42.02408,0.35637587,Cool roof,393555.0963628619,1.0,2.5409402882639576e-06,419918337.15947104,False
1068,+85960+31899,28.65580840403916,77.21963097589017,built_up,High,42.01883,0.14366624,Cool roof,393449.49920522765,1.0,2.541622246362014e-06,420311786.65867627,False
1069,+85954+31891,28.64862188176664,77.21424108418577,built_up,High,42.01541,0.14044967,Cool roof,393475.90775877645,1.0,2.5414516626849184e-06,420705262.56643504,False
1070,+85959+31899,28.65580840403916,77.2187326606061,built_up,High,42.012787,0.23059733,Cool roof,393449.49920522765,1.0,2.541622246362014e-06,421098712.0656403,False
1071,+85991+31873,28.632452206653465,77.24747874969619,built_up,Medium,42.01126,0.34731907,Cool roof,393535.3044232345,1.0,2.5410680789252197e-06,421492247.3700635,False
1072,+85961+31887,28.645028620630377,77.22052929117423,built_up,High,42.011078,0.26370195,Cool roof,393489.10971962346,1.0,2.5413663943902783e-06,421885736.4797831,False
1073,+86005+31833,28.596519595290854,77.2600551636731,built_up,High,42.009735,0.3395074,Cool roof,393667.18505361537,1.0,2.5402168074126e-06,422279403.6648367,False
1074,+85996+31874,28.63335052193753,77.2519703261165,built_up,High,42.007935,0.25651136,Cool roof,393532.00542884105,1.0,2.541089380799604e-06,422672935.67026556,False
1075,+85974+31883,28.641435359494118,77.23220738986707,built_up,High,42.007538,0.3119854,Cool roof,393502.3101364616,1.0,2.541281141788501e-06,423066437.980402,False
1076,+85963+31881,28.639638728925988,77.22232592174235,built_up,High,42.00522,0.3371192,Cool roof,393508.9097658637,1.0,2.5412385213717176e-06,423459946.89016783,False
1077,+85968+31896,28.653113458186965,77.22681749816269,built_up,High,42.003265,0.11993905,Cool roof,393459.4031365207,1.0,2.541558270124821e-06,423853406.2933043,False
1078,+86011+31897,28.65401177347103,77.2654450553775,built_up,High,41.99826,0.21800166,Cool roof,393456.10192258324,1.0,2.5415795945560422e-06,424246862.3952269,False
1079,+85947+31889,28.646825251198507,77.20795287719731,built_up,High,41.995483,0.20470776,Cool roof,393482.5089321985,1.0,2.5414090265758455e-06,424640344.90415907,False
1080,+86013+31900,28.656706719323225,77.26724168594562,built_up,High,41.993317,0.19237424,Cool roof,393446.19770181086,1.0,2.541643573736835e-06,425033791.1018609,False
1081,+85970+31885,28.643231990062247,77.22861412873081,built_up,High,41.991974,0.23591705,Cool roof,393495.7101210463,1.0,2.541323766127926e-06,425427286.8119819,False
1082,+86030+31857,28.61807916210842,77.28251304577473,built_up,High,41.99115,0.20092344,Cool roof,393588.07520771434,1.0,2.5407273822314218e-06,425820874.8871896,False
1083,+85961+31899,28.65580840403916,77.22052929117423,built_up,High,41.985992,0.14580038,Cool roof,393449.49920522765,1.0,2.541622246362014e-06,426214324.38639486,False
1084,+85989+31860,28.620774107960617,77.24568211912806,built_up,High,41.98404,0.3037284,Cool roof,393578.1825676959,1.0,2.5407912437524376e-06,426607902.5689626,False
1085,+85965+31899,28.65580840403916,77.22412255231049,built_up,High,41.98349,0.12788653,Cool roof,393449.49920522765,1.0,2.541622246362014e-06,427001352.0681678,False
1086,+85970+31889,28.646825251198507,77.22861412873081,built_up,High,41.98236,0.11602702,Cool roof,393482.5089321985,1.0,2.5414090265758455e-06,427394834.5771,False
1087,+85981+31882,28.640537044210053,77.23849559685553,built_up,High,41.982086,0.2638754,Cool roof,393505.6099994146,1.0,2.5412598310897976e-06,427788340.1870994,False
1088,+85957+31890,28.647723566482572,77.21693603003797,built_up,High,41.981537,0.16036357,Cool roof,393479.2083937367,1.0,2.5414303441399263e-06,428181819.39549315,False
1089,+86033+31869,28.628858945517205,77.28520799162693,built_up,High,41.978973,0.2923969,Cool roof,393548.4994357017,1.0,2.5409828812303243e-06,428575367.8949289,False
1090,+85958+31896,28.653113458186965,77.21783434532203,built_up,High,41.9787,0.19319332,Cool roof,393459.4031365207,1.0,2.541558270124821e-06,428968827.29806536,False
1091,+86024+31863,28.623469053812812,77.27712315407034,built_up,High,41.97821,0.31285036,Cool roof,393568.2890590088,1.0,2.5408551140919464e-06,429362395.58712435,False
1092,+85980+31852,28.613587585688094,77.23759728157147,built_up,High,41.975494,0.27843738,Cool roof,393604.5610106546,1.0,2.5406209659570757e-06,429756000.148135,False
1093,+85961+31880,28.638740413641923,77.22052929117423,built_up,High,41.973114,0.20325744,Cool roof,393512.20943580836,1.0,2.5412172126342245e-06,430149512.3575708,False
1094,+85963+31890,28.647723566482572,77.22232592174235,built_up,High,41.96927,0.2879535,Cool roof,393479.2083937367,1.0,2.5414303441399263e-06,430542991.5659646,False
1095,+85956+31891,28.64862188176664,77.21603771475391,built_up,High,41.963593,0.13956884,Cool roof,393475.90775877645,1.0,2.5414516626849184e-06,430936467.47372335,False
1096,+85959+31897,28.65401177347103,77.2187326606061,built_up,High,41.962646,0.17841205,Cool roof,393456.10192258324,1.0,2.5415795945560422e-06,431329923.5756459,False
1097,+86028+31859,28.619875792676552,77.2807164152066,built_up,High,41.96216,0.12928301,Cool roof,393581.4802108883,1.0,2.5407699555989813e-06,431723505.0558568,False
1098,+85973+31885,28.643231990062247,77.23130907458301,built_up,High,41.960724,0.13776867,Cool roof,393495.7101210463,1.0,2.541323766127926e-06,432117000.76597786,False
1099,+85956+31887,28.645028620630377,77.21603771475391,built_up,High,41.95694,0.21297736,Cool roof,393489.10971962346,1.0,2.5413663943902783e-06,432510489.8756975,False
1100,+86023+31899,28.65580840403916,77.27622483878628,built_up,High,41.95352,0.19744469,Cool roof,393449.49920522765,1.0,2.541622246362014e-06,432903939.3749027,False
1101,+86017+31876,28.63514715250566,77.27083494708188,built_up,High,41.951965,0.22641878,Cool roof,393525.4071505268,1.0,2.5411319874894163e-06,433297464.78205323,False
1102,+86020+31900,28.656706719323225,77.27352989293408,built_up,High,41.951782,0.13892853,Cool roof,393446.19770181086,1.0,2.541643573736835e-06,433690910.97975504,False
1103,+86014+31896,28.653113458186965,77.26814000122968,built_up,High,41.947998,0.20405698,Cool roof,393459.4031365207,1.0,2.541558270124821e-06,434084370.38289154,False
1104,+86001+31819,28.58394318131394,77.25646190253684,built_up,High,41.946075,0.24301413,Cool roof,393713.30678551074,1.0,2.5399192325109433e-06,434478083.68967706,False
1105,+85939+31824,28.58843475773427,77.2007663549248,built_up,Medium,41.94565,0.39661443,Cool roof,393696.8369106009,1.0,2.5400254872433124e-06,434871780.52658767,False
1106,+86012+31862,28.622570738528747,77.26634337066156,built_up,High,41.94333,0.2552908,Cool roof,393571.58699175547,1.0,2.5408338229988843e-06,435265352.1135794,False
1107,+85958+31892,28.649520197050705,77.21783434532203,built_up,High,41.941864,0.26186392,Cool roof,393472.6070273184,1.0,2.5414729822108584e-06,435658824.7206067,False
1108,+86017+31871,28.630655576085335,77.27083494708188,built_up,Medium,41.941803,0.36055937,Cool roof,393541.90212249075,1.0,2.541025478117316e-06,436052366.6227292,False
1109,+85963+31872,28.6315538913694,77.22232592174235,built_up,High,41.93753,0.20278712,Cool roof,393538.6033211179,1.0,2.5410467780311365e-06,436445905.2260503,False
1110,+86024+31848,28.609994324551835,77.27712315407034,built_up,High,41.934265,0.19555765,Cool roof,393617.74791557674,1.0,2.540535850569625e-06,436839522.9739659,False
1111,+85968+31886,28.644130305346312,77.22681749816269,built_up,High,41.93338,0.20399958,Cool roof,393492.40996858553,1.0,2.541345079768718e-06,437233015.3839345,False
1112,+85959+31887,28.645028620630377,77.2187326606061,built_up,High,41.931946,0.2800434,Cool roof,393489.10971962346,1.0,2.5413663943902783e-06,437626504.49365413,False
1113,+85994+31851,28.61268927040403,77.25017369554838,built_up,High,41.931,0.22290601,Cool roof,393607.8578816729,1.0,2.5405996856409857e-06,438020112.3515358,False
1114,+85960+31875,28.634248837221595,77.21963097589017,built_up,High,41.93045,0.23148619,Cool roof,393528.7063379382,1.0,2.5411106836543245e-06,438413641.0578737,False
1115,+85955+31891,28.64862188176664,77.21513939946983,built_up,High,41.928497,0.13324107,Cool roof,393475.90775877645,1.0,2.5414516626849184e-06,438807116.9656325,False
1116,+86014+31894,28.651316827618835,77.26814000122968,built_up,Medium,41.92215,0.3516285,Cool roof,393466.00527491106,1.0,2.5415156242057283e-06,439200582.9709074,False
1117,+86022+31898,28.654910088755095,77.27532652350222,built_up,High,41.922028,0.23237118,Cool roof,393452.80061215203,1.0,2.541600919968428e-06,439594035.77151954,False
1118,+85975+31892,28.649520197050705,77.23310570515115,built_up,High,41.92099,0.16678828,Cool roof,393472.6070273184,1.0,2.5414729822108584e-06,439987508.37854683,False
1119,+86000+31882,28.640537044210053,77.25556358725278,built_up,High,41.9205,0.21572489,Cool roof,393505.6099994146,1.0,2.5412598310897976e-06,440381013.98854625,False
1120,+85972+31820,28.584841496598006,77.23041075929895,built_up,High,41.92038,0.27306402,Cool roof,393710.01300361863,1.0,2.5399404815005527e-06,440774724.0015499,False
1121,+85966+31893,28.65041851233477,77.22502086759455,built_up,High,41.919952,0.16131029,Cool roof,393469.30619936297,1.0,2.5414943027177834e-06,441168193.3077493,False
1122,+85967+31874,28.63335052193753,77.22591918287863,built_up,High,41.91913,0.25096226,Cool roof,393532.00542884105,1.0,2.541089380799604e-06,441561725.3131781,False
1123,+86013+31898,28.654910088755095,77.26724168594562,built_up,High,41.91812,0.29104334,Cool roof,393452.80061215203,1.0,2.541600919968428e-06,441955178.1137903,False
1124,+85952+31899,28.65580840403916,77.21244445361764,built_up,High,41.916656,0.13047312,Cool roof,393449.49920522765,1.0,2.541622246362014e-06,442348627.6129955,False
1125,+86001+31878,28.63694378307379,77.25646190253684,built_up,Medium,41.915985,0.3438626,Cool roof,393518.80848618085,1.0,2.5411745981008603e-06,442742146.42148167,False
1126,+85983+31825,28.589333073018334,77.24029222742367,built_up,High,41.914764,0.31391013,Cool roof,393693.54264598736,1.0,2.5400467411252633e-06,443135839.96412766,False
1127,+86025+31896,28.653113458186965,77.2780214693544,built_up,High,41.91443,0.13111882,Cool roof,393459.4031365207,1.0,2.541558270124821e-06,443529299.36726415,False
1128,+85990+31856,28.617180846824354,77.24658043441212,built_up,High,41.911285,0.3177348,Cool roof,393591.3725613467,1.0,2.540706097017246e-06,443922890.7398255,False
1129,+85946+31822,28.586638127166136,77.20705456191325,built_up,High,41.91101,0.29069534,Cool roof,393703.4251501983,1.0,2.5399829824149967e-06,444316594.1649757,False
1130,+85996+31849,28.6108926398359,77.2519703261165,built_up,High,41.91092,0.31073555,Cool roof,393614.4513341348,1.0,2.5405571279472957e-06,444710208.6163098,False
1131,+85945+31894,28.651316827618835,77.20615624662919,built_up,High,41.910614,0.18093045,Cool roof,393466.00527491106,1.0,2.5415156242057283e-06,445103674.6215847,False
1132,+85948+31888,28.645926935914442,77.20885119248138,built_up,High,41.90918,0.24988148,Cool roof,393485.8093741609,1.0,2.541387709992642e-06,445497160.43095887,False
1133,+85957+31887,28.645028620630377,77.21693603003797,built_up,High,41.90909,0.21500437,Cool roof,393489.10971962346,1.0,2.5413663943902783e-06,445890649.5406785,False
1134,+85962+31872,28.6315538913694,77.22142760645829,built_up,High,41.908356,0.22027537,Cool roof,393538.6033211179,1.0,2.5410467780311365e-06,446284188.14399964,False
1135,+85990+31857,28.61807916210842,77.24658043441212,built_up,High,41.905792,0.33400947,Cool roof,393588.07520771434,1.0,2.5407273822314218e-06,446677776.21920735,False
1136,+85960+31881,28.639638728925988,77.21963097589017,built_up,High,41.903748,0.29760066,Cool roof,393508.9097658637,1.0,2.5412385213717176e-06,447071285.1289732,False
1137,+85963+31873,28.632452206653465,77.22232592174235,built_up,High,41.895844,0.22102086,Cool roof,393535.3044232345,1.0,2.5410680789252197e-06,447464820.4333964,False
1138,+86026+31896,28.653113458186965,77.27891978463848,built_up,High,41.895233,0.12406477,Cool roof,393459.4031365207,1.0,2.541558270124821e-06,447858279.8365329,False
1139,+85962+31891,28.64862188176664,77.22142760645829,built_up,High,41.893097,0.30795923,Cool roof,393475.90775877645,1.0,2.5414516626849184e-06,448251755.74429166,False
1140,+85959+31888,28.645926935914442,77.2187326606061,built_up,High,41.89273,0.20606129,Cool roof,393485.8093741609,1.0,2.541387709992642e-06,448645241.5536658,False
1141,+85968+31888,28.645926935914442,77.22681749816269,built_up,High,41.890076,0.18551978,Cool roof,393485.8093741609,1.0,2.541387709992642e-06,449038727.36304,False
1142,+85947+31895,28.6522151429029,77.20795287719731,built_up,High,41.88974,0.16552162,Cool roof,393462.7042539635,1.0,2.5415369466747284e-06,449432190.06729394,False
1143,+85999+31822,28.586638127166136,77.2546652719687,built_up,High,41.888763,0.22579007,Cool roof,393703.4251501983,1.0,2.5399829824149967e-06,449825893.49244416,False
1144,+86022+31873,28.632452206653465,77.27532652350222,built_up,High,41.88806,0.16810551,Cool roof,393535.3044232345,1.0,2.5410680789252197e-06,450219428.7968674,False
1145,+86028+31860,28.620774107960617,77.2807164152066,built_up,High,41.8862,0.12044887,Cool roof,393578.1825676959,1.0,2.5407912437524376e-06,450613006.9794351,False
1146,+85968+31887,28.645028620630377,77.22681749816269,built_up,High,41.884552,0.17104939,Cool roof,393489.10971962346,1.0,2.5413663943902783e-06,451006496.0891547,False
1147,+86006+31821,28.58573981188207,77.26095347895716,built_up,Medium,41.88449,0.37576145,Cool roof,393706.7191251809,1.0,2.5399617314685587e-06,451400202.8082799,False
1148,+85972+31891,28.64862188176664,77.23041075929895,built_up,High,41.88394,0.12177892,Cool roof,393475.90775877645,1.0,2.5414516626849184e-06,451793678.71603864,False
1149,+85996+31854,28.615384216256224,77.2519703261165,built_up,High,41.883392,0.23476824,Cool roof,393597.9669790461,1.0,2.5406635295279275e-06,452187276.6830177,False
1150,+85957+31886,28.644130305346312,77.21693603003797,built_up,High,41.882538,0.1382966,Cool roof,393492.40996858553,1.0,2.541345079768718e-06,452580769.0929863,False
1151,+85961+31871,28.630655576085335,77.22052929117423,built_up,High,41.878998,0.19775276,Cool roof,393541.90212249075,1.0,2.541025478117316e-06,452974310.9951088,False
1152,+86033+31848,28.609994324551835,77.28520799162693,built_up,Medium,41.877655,0.38110828,Cool roof,393617.74791557674,1.0,2.540535850569625e-06,453367928.74302435,False
1153,+85956+31886,28.644130305346312,77.21603771475391,built_up,High,41.8732,0.13401936,Cool roof,393492.40996858553,1.0,2.541345079768718e-06,453761421.15299296,False
1154,+85995+31876,28.63514715250566,77.25107201083244,built_up,High,41.87213,0.25089934,Cool roof,393525.4071505268,1.0,2.5411319874894163e-06,454154946.5601435,False
1155,+85998+31840,28.60280780227931,77.25376695668464,built_up,High,41.870026,0.31454772,Cool roof,393644.11709209194,1.0,2.5403656668036852e-06,454548590.67723554,False
1156,+85957+31892,28.649520197050705,77.21693603003797,built_up,High,41.868744,0.15979174,Cool roof,393472.6070273184,1.0,2.5414729822108584e-06,454942063.28426284,False
1157,+85961+31888,28.645926935914442,77.22052929117423,built_up,High,41.86374,0.24103281,Cool roof,393485.8093741609,1.0,2.541387709992642e-06,455335549.093637,False
1158,+85971+31890,28.647723566482572,77.22951244401489,built_up,High,41.86325,0.12622313,Cool roof,393479.2083937367,1.0,2.5414303441399263e-06,455729028.30203074,False
1159,+85974+31891,28.64862188176664,77.23220738986707,built_up,High,41.862305,0.11697042,Cool roof,393475.90775877645,1.0,2.5414516626849184e-06,456122504.2097895,False
1160,+85983+31881,28.639638728925988,77.24029222742367,built_up,High,41.86154,0.3164356,Cool roof,393508.9097658637,1.0,2.5412385213717176e-06,456516013.11955535,False
1161,+86025+31898,28.654910088755095,77.2780214693544,built_up,High,41.858887,0.10943071,Cool roof,393452.80061215203,1.0,2.541600919968428e-06,456909465.9201675,False
1162,+85964+31887,28.645028620630377,77.22322423702643,built_up,High,41.85495,0.32460052,Cool roof,393489.10971962346,1.0,2.5413663943902783e-06,457302955.02988714,False
1163,+86013+31899,28.65580840403916,77.26724168594562,built_up,High,41.850677,0.30359322,Cool roof,393449.49920522765,1.0,2.541622246362014e-06,457696404.5290924,False
1164,+86020+31849,28.6108926398359,77.27352989293408,built_up,High,41.84958,0.28512055,Cool roof,393614.4513341348,1.0,2.5405571279472957e-06,458090018.9804265,False
1165,+85982+31883,28.641435359494118,77.2393939121396,built_up,High,41.847626,0.17550479,Cool roof,393502.3101364616,1.0,2.541281141788501e-06,458483521.2905629,False
1166,+85966+31894,28.651316827618835,77.22502086759455,built_up,High,41.847168,0.1222705,Cool roof,393466.00527491106,1.0,2.5415156242057283e-06,458876987.2958378,False
1167,+86021+31876,28.63514715250566,77.27442820821814,built_up,High,41.846863,0.1337632,Cool roof,393525.4071505268,1.0,2.5411319874894163e-06,459270512.7029883,False
1168,+85960+31894,28.651316827618835,77.21963097589017,built_up,High,41.844147,0.20525156,Cool roof,393466.00527491106,1.0,2.5415156242057283e-06,459663978.7082632,False
1169,+85960+31882,28.640537044210053,77.21963097589017,built_up,High,41.84366,0.2547462,Cool roof,393505.6099994146,1.0,2.5412598310897976e-06,460057484.31826264,False
1170,+85965+31891,28.64862188176664,77.22412255231049,built_up,High,41.8432,0.11893775,Cool roof,393475.90775877645,1.0,2.5414516626849184e-06,460450960.2260214,False
1171,+86030+31855,28.61628253154029,77.28251304577473,built_up,High,41.8425,0.3011886,Cool roof,393594.6698184574,1.0,2.540684812782761e-06,460844554.89583987,False
1172,+85980+31827,28.591129703586464,77.23759728157147,built_up,High,41.84082,0.23437208,Cool roof,393686.95382713445,1.0,2.5400892518249255e-06,461238241.849667,False
1173,+86020+31899,28.65580840403916,77.27352989293408,built_up,High,41.840027,0.15736882,Cool roof,393449.49920522765,1.0,2.541622246362014e-06,461631691.34887224,False
1174,+85991+31850,28.611790955119965,77.24747874969619,built_up,High,41.837494,0.29342607,Cool roof,393611.1546561666,1.0,2.540578406304404e-06,462025302.5035284,False
1175,+85959+31900,28.656706719323225,77.2187326606061,built_up,High,41.836487,0.16445088,Cool roof,393446.19770181086,1.0,2.541643573736835e-06,462418748.7012302,False
1176,+85966+31891,28.64862188176664,77.22502086759455,built_up,High,41.836212,0.13843216,Cool roof,393475.90775877645,1.0,2.5414516626849184e-06,462812224.608989,False
1177,+85962+31889,28.646825251198507,77.22142760645829,built_up,Medium,41.83615,0.37299848,Cool roof,393482.5089321985,1.0,2.5414090265758455e-06,463205707.1179212,False
1178,+86020+31876,28.63514715250566,77.27352989293408,built_up,High,41.831696,0.13734487,Cool roof,393525.4071505268,1.0,2.5411319874894163e-06,463599232.5250717,False
1179,+85965+31884,28.642333674778182,77.22412255231049,built_up,High,41.831573,0.12186348,Cool roof,393499.01017700526,1.0,2.5413024534678655e-06,463992731.5352487,False
1180,+85984+31859,28.619875792676552,77.24119054270773,built_up,High,41.829742,0.29671392,Cool roof,393581.4802108883,1.0,2.5407699555989813e-06,464386313.0154596,False
1181,+85974+31882,28.640537044210053,77.23220738986707,built_up,High,41.82614,0.3049766,Cool roof,393505.6099994146,1.0,2.5412598310897976e-06,464779818.625459,False
1182,+85970+31888,28.645926935914442,77.22861412873081,built_up,High,41.825836,0.1293167,Cool roof,393485.8093741609,1.0,2.541387709992642e-06,465173304.43483317,False
1183,+85999+31823,28.5875364424502,77.2546652719687,built_up,High,41.825287,0.24038252,Cool roof,393700.13107867143,1.0,2.540004234339902e-06,465567004.5659118,False
1184,+85966+31892,28.649520197050705,77.22502086759455,built_up,High,41.82425,0.1698646,Cool roof,393472.6070273184,1.0,2.5414729822108584e-06,465960477.1729391,False
1185,+86008+31864,28.624367369096877,77.2627501095253,built_up,Medium,41.822083,0.38049662,Cool roof,393564.99102974543,1.0,2.540876406164949e-06,466354042.16396886,False
1186,+86016+31824,28.58843475773427,77.26993663179782,built_up,Medium,41.821106,0.39228347,Cool roof,393696.8369106009,1.0,2.5400254872433124e-06,466747739.00087947,False
1187,+85954+31895,28.6522151429029,77.21424108418577,built_up,High,41.819977,0.14517868,Cool roof,393462.7042539635,1.0,2.5415369466747284e-06,467141201.70513344,False
1188,+85982+31828,28.59202801887053,77.2393939121396,built_up,High,41.819275,0.31940946,Cool roof,393683.65927289636,1.0,2.5401105086427096e-06,467534885.36440635,False
1189,+85969+31885,28.643231990062247,77.22771581344675,built_up,High,41.81723,0.2713529,Cool roof,393495.7101210463,1.0,2.541323766127926e-06,467928381.0745274,False
1190,+85958+31886,28.644130305346312,77.21783434532203,built_up,High,41.816925,0.217639,Cool roof,393492.40996858553,1.0,2.541345079768718e-06,468321873.484496,False
1191,+86011+31838,28.601011171711182,77.2654450553775,built_up,Medium,41.8154,0.34235626,Cool roof,393650.70842091256,1.0,2.540323130654057e-06,468715524.1929169,False
1192,+86025+31866,28.626163999665007,77.2780214693544,built_up,High,41.815277,0.13913092,Cool roof,393558.39468167134,1.0,2.5409189932509185e-06,469109082.5875986,False
1193,+85968+31895,28.6522151429029,77.22681749816269,built_up,High,41.815216,0.12660758,Cool roof,393462.7042539635,1.0,2.5415369466747284e-06,469502545.2918526,False
1194,+86023+31900,28.656706719323225,77.27622483878628,built_up,High,41.814484,0.12143591,Cool roof,393446.19770181086,1.0,2.541643573736835e-06,469895991.4895544,False
1195,+85966+31874,28.63335052193753,77.22502086759455,built_up,High,41.81372,0.23003992,Cool roof,393532.00542884105,1.0,2.541089380799604e-06,470289523.49498326,False
1196,+86019+31876,28.63514715250566,77.27263157765002,built_up,High,41.81314,0.13151929,Cool roof,393525.4071505268,1.0,2.5411319874894163e-06,470683048.90213376,False
1197,+86024+31867,28.62706231494907,77.27712315407034,built_up,High,41.8114,0.14561462,Cool roof,393555.0963628619,1.0,2.5409402882639576e-06,471076603.99849665,False
1198,+86010+31899,28.65580840403916,77.26454674009342,built_up,High,41.81073,0.23304108,Cool roof,393449.49920522765,1.0,2.541622246362014e-06,471470053.4977019,False
1199,+86009+31900,28.656706719323225,77.26364842480936,built_up,High,41.810577,0.1802545,Cool roof,393446.19770181086,1.0,2.541643573736835e-06,471863499.6954037,False
1200,+86021+31872,28.6315538913694,77.27442820821814,built_up,High,41.809296,0.14321558,Cool roof,393538.6033211179,1.0,2.5410467780311365e-06,472257038.29872483,False
1201,+86004+31824,28.58843475773427,77.25915684838904,built_up,High,41.80899,0.25834948,Cool roof,393696.8369106009,1.0,2.5400254872433124e-06,472650735.13563544,False
1202,+85948+31889,28.646825251198507,77.20885119248138,built_up,High,41.80893,0.23445207,Cool roof,393482.5089321985,1.0,2.5414090265758455e-06,473044217.6445676,False
1203,+85998+31842,28.60460443284744,77.25376695668464,built_up,Medium,41.808746,0.37245834,Cool roof,393637.5253771429,1.0,2.540408206869767e-06,473437855.16994476,False
1204,+85954+31892,28.649520197050705,77.21424108418577,built_up,High,41.80536,0.13956943,Cool roof,393472.6070273184,1.0,2.5414729822108584e-06,473831327.77697206,False
1205,+86018+31876,28.63514715250566,77.27173326236594,built_up,High,41.804657,0.14728618,Cool roof,393525.4071505268,1.0,2.5411319874894163e-06,474224853.18412256,False
1206,+85959+31891,28.64862188176664,77.2187326606061,built_up,High,41.802185,0.26104525,Cool roof,393475.90775877645,1.0,2.5414516626849184e-06,474618329.09188133,False
1207,+85977+31819,28.58394318131394,77.23490233571927,built_up,High,41.799957,0.088821396,Cool roof,393713.30678551074,1.0,2.5399192325109433e-06,475012042.39866686,False
1208,+86001+31820,28.584841496598006,77.25646190253684,built_up,High,41.799835,0.14505251,Cool roof,393710.01300361863,1.0,2.5399404815005527e-06,475405752.4116705,False
1209,+85974+31884,28.642333674778182,77.23220738986707,built_up,High,41.798737,0.17038703,Cool roof,393499.01017700526,1.0,2.5413024534678655e-06,475799251.4218475,False
1210,+86016+31876,28.63514715250566,77.26993663179782,built_up,High,41.798676,0.26394343,Cool roof,393525.4071505268,1.0,2.5411319874894163e-06,476192776.828998,False
1211,+86013+31839,28.601909486995247,77.26724168594562,built_up,Medium,41.798553,0.4400693,Cool roof,393647.41280476865,1.0,2.540344398239332e-06,476586424.2418028,False
1212,+85967+31898,28.654910088755095,77.22591918287863,built_up,High,41.796844,0.13740465,Cool roof,393452.80061215203,1.0,2.541600919968428e-06,476979877.04241496,False
1213,+86021+31873,28.632452206653465,77.27442820821814,built_up,High,41.79544,0.12277879,Cool roof,393535.3044232345,1.0,2.5410680789252197e-06,477373412.3468382,False
1214,+85953+31892,28.649520197050705,77.21334276890171,built_up,High,41.795074,0.14364706,Cool roof,393472.6070273184,1.0,2.5414729822108584e-06,477766884.95386547,False
1215,+85963+31880,28.638740413641923,77.22232592174235,built_up,High,41.790375,0.2809954,Cool roof,393512.20943580836,1.0,2.5412172126342245e-06,478160397.1633013,False
1216,+86020+31877,28.636045467789724,77.27352989293408,built_up,High,41.789886,0.1314668,Cool roof,393522.10786660743,1.0,2.5411532923049165e-06,478553919.2711679,False
1217,+86014+31900,28.656706719323225,77.26814000122968,built_up,High,41.789032,0.28224978,Cool roof,393446.19770181086,1.0,2.541643573736835e-06,478947365.4688697,False
1218,+85951+31888,28.645926935914442,77.21154613833357,built_up,High,41.788147,0.12848686,Cool roof,393485.8093741609,1.0,2.541387709992642e-06,479340851.27824384,False
1219,+85999+31821,28.58573981188207,77.2546652719687,built_up,High,41.787964,0.18637358,Cool roof,393706.7191251809,1.0,2.5399617314685587e-06,479734557.997369,False
1220,+85956+31892,28.649520197050705,77.21603771475391,built_up,High,41.786896,0.15958573,Cool roof,393472.6070273184,1.0,2.5414729822108584e-06,480128030.6043963,False
1221,+85958+31884,28.642333674778182,77.21783434532203,built_up,High,41.784454,0.17185251,Cool roof,393499.01017700526,1.0,2.5413024534678655e-06,480521529.6145733,False
1222,+85934+31891,28.64862188176664,77.19627477850447,built_up,High,41.78305,0.16436069,Cool roof,393475.90775877645,1.0,2.5414516626849184e-06,480915005.5223321,False
1223,+85964+31889,28.646825251198507,77.22322423702643,built_up,High,41.78299,0.20745729,Cool roof,393482.5089321985,1.0,2.5414090265758455e-06,481308488.03126425,False
1224,+86033+31870,28.62975726080127,77.28520799162693,built_up,Medium,41.782104,0.35337943,Cool roof,393545.20082735224,1.0,2.541004179183724e-06,481702033.2320916,False
1225,+85985+31857,28.61807916210842,77.24208885799179,built_up,High,41.779816,0.31518367,Cool roof,393588.07520771434,1.0,2.5407273822314218e-06,482095621.3072993,False
1226,+85994+31859,28.619875792676552,77.25017369554838,built_up,High,41.778595,0.21398133,Cool roof,393581.4802108883,1.0,2.5407699555989813e-06,482489202.7875102,False
1227,+85964+31891,28.64862188176664,77.22322423702643,built_up,High,41.776215,0.12978984,Cool roof,393475.90775877645,1.0,2.5414516626849184e-06,482882678.695269,False
1228,+86027+31898,28.654910088755095,77.27981809992254,built_up,High,41.775482,0.113948785,Cool roof,393452.80061215203,1.0,2.541600919968428e-06,483276131.49588114,False
1229,+85950+31821,28.58573981188207,77.21064782304951,built_up,High,41.773407,0.26029336,Cool roof,393706.7191251809,1.0,2.5399617314685587e-06,483669838.2150063,False
1230,+86001+31822,28.586638127166136,77.25646190253684,built_up,High,41.773346,0.14344928,Cool roof,393703.4251501983,1.0,2.5399829824149967e-06,484063541.6401565,False
1231,+85973+31891,28.64862188176664,77.23130907458301,built_up,High,41.773224,0.11896244,Cool roof,393475.90775877645,1.0,2.5414516626849184e-06,484457017.5479153,False
1232,+85998+31822,28.586638127166136,77.25376695668464,built_up,Medium,41.769073,0.33682147,Cool roof,393703.4251501983,1.0,2.5399829824149967e-06,484850720.9730655,False
1233,+85937+31897,28.65401177347103,77.19896972435666,built_up,High,41.766937,0.22910991,Cool roof,393456.10192258324,1.0,2.5415795945560422e-06,485244177.07498807,False
1234,+86028+31861,28.621672423244682,77.2807164152066,built_up,High,41.765472,0.14763811,Cool roof,393574.88482798473,1.0,2.5408125328857267e-06,485637751.95981604,False
1235,+85969+31888,28.645926935914442,77.22771581344675,built_up,High,41.764435,0.13424343,Cool roof,393485.8093741609,1.0,2.541387709992642e-06,486031237.7691902,False
1236,+85976+31892,28.649520197050705,77.23400402043521,built_up,High,41.76425,0.15081997,Cool roof,393472.6070273184,1.0,2.5414729822108584e-06,486424710.3762175,False
1237,+85957+31889,28.646825251198507,77.21693603003797,built_up,High,41.763977,0.14528342,Cool roof,393482.5089321985,1.0,2.5414090265758455e-06,486818192.88514966,False
1238,+86017+31853,28.61448590097216,77.27083494708188,built_up,Medium,41.7612,0.33530346,Cool roof,393601.26404311205,1.0,2.5406422472527113e-06,487211794.14919275,False
1239,+86016+31825,28.589333073018334,77.26993663179782,built_up,High,41.76071,0.26869965,Cool roof,393693.54264598736,1.0,2.5400467411252633e-06,487605487.69183874,False
1240,+85989+31859,28.619875792676552,77.24568211912806,built_up,Medium,41.75937,0.3592556,Cool roof,393581.4802108883,1.0,2.5407699555989813e-06,487999069.17204964,False
1241,+85946+31895,28.6522151429029,77.20705456191325,built_up,High,41.757202,0.18764378,Cool roof,393462.7042539635,1.0,2.5415369466747284e-06,488392531.8763036,False
1242,+85956+31890,28.647723566482572,77.21603771475391,built_up,High,41.756805,0.12248121,Cool roof,393479.2083937367,1.0,2.5414303441399263e-06,488786011.08469737,False
1243,+85974+31890,28.647723566482572,77.23220738986707,built_up,High,41.756104,0.118506834,Cool roof,393479.2083937367,1.0,2.5414303441399263e-06,489179490.2930911,False
1244,+85937+31896,28.653113458186965,77.19896972435666,built_up,High,41.755035,0.2735896,Cool roof,393459.4031365207,1.0,2.541558270124821e-06,489572949.6962276,False
1245,+86016+31879,28.637842098357854,77.26993663179782,built_up,High,41.753754,0.22217114,Cool roof,393515.50900924753,1.0,2.5411959048772846e-06,489966465.20523685,False
1246,+86020+31897,28.65401177347103,77.27352989293408,built_up,High,41.75107,0.15916859,Cool roof,393456.10192258324,1.0,2.5415795945560422e-06,490359921.3071594,False
1247,+85972+31882,28.640537044210053,77.23041075929895,built_up,High,41.747528,0.30727914,Cool roof,393505.6099994146,1.0,2.5412598310897976e-06,490753426.91715884,False
1248,+85955+31892,28.649520197050705,77.21513939946983,built_up,High,41.74655,0.14185658,Cool roof,393472.6070273184,1.0,2.5414729822108584e-06,491146899.52418613,False
1249,+85944+31894,28.651316827618835,77.20525793134512,built_up,High,41.743774,0.2816148,Cool roof,393466.00527491106,1.0,2.5415156242057283e-06,491540365.529461,False
1250,+85967+31897,28.65401177347103,77.22591918287863,built_up,High,41.74356,0.114426896,Cool roof,393456.10192258324,1.0,2.5415795945560422e-06,491933821.6313836,False
1251,+86006+31836,28.599214541143052,77.26095347895716,built_up,Medium,41.742676,0.34018442,Cool roof,393657.2993635989,1.0,2.540280598420599e-06,492327478.9307472,False
1252,+86000+31824,28.58843475773427,77.25556358725278,built_up,High,41.742615,0.29969636,Cool roof,393696.8369106009,1.0,2.5400254872433124e-06,492721175.7676578,False
1253,+85992+31866,28.626163999665007,77.24837706498025,built_up,Medium,41.742218,0.38290602,Cool roof,393558.39468167134,1.0,2.5409189932509185e-06,493114734.1623395,False
1254,+85958+31891,28.64862188176664,77.21783434532203,built_up,High,41.74182,0.22531705,Cool roof,393475.90775877645,1.0,2.5414516626849184e-06,493508210.0700983,False
1255,+85990+31861,28.621672423244682,77.24658043441212,built_up,High,41.74179,0.22339155,Cool roof,393574.88482798473,1.0,2.5408125328857267e-06,493901784.95492625,False
1256,+85953+31899,28.65580840403916,77.21334276890171,built_up,High,41.740112,0.14645778,Cool roof,393449.49920522765,1.0,2.541622246362014e-06,494295234.4541315,False
1257,+85986+31860,28.620774107960617,77.24298717327586,built_up,High,41.739594,0.2258678,Cool roof,393578.1825676959,1.0,2.5407912437524376e-06,494688812.6366992,False
1258,+85984+31882,28.640537044210053,77.24119054270773,built_up,Medium,41.73755,0.35546154,Cool roof,393505.6099994146,1.0,2.5412598310897976e-06,495082318.2466986,False
1259,+86020+31889,28.646825251198507,77.27352989293408,built_up,High,41.734253,0.22185385,Cool roof,393482.5089321985,1.0,2.5414090265758455e-06,495475800.7556308,False
1260,+86021+31850,28.611790955119965,77.27442820821814,built_up,High,41.734253,0.30076134,Cool roof,393611.1546561666,1.0,2.540578406304404e-06,495869411.91028696,False
1261,+85960+31898,28.654910088755095,77.21963097589017,built_up,High,41.72696,0.12463546,Cool roof,393452.80061215203,1.0,2.541600919968428e-06,496262864.7108991,False
1262,+85953+31891,28.64862188176664,77.21334276890171,built_up,High,41.726654,0.13432583,Cool roof,393475.90775877645,1.0,2.5414516626849184e-06,496656340.6186579,False
1263,+85975+31891,28.64862188176664,77.23310570515115,built_up,High,41.72644,0.12400884,Cool roof,393475.90775877645,1.0,2.5414516626849184e-06,497049816.52641666,False
1264,+85946+31852,28.613587585688094,77.20705456191325,built_up,High,41.725616,0.26781592,Cool roof,393604.5610106546,1.0,2.5406209659570757e-06,497443421.0874273,False
1265,+85959+31889,28.646825251198507,77.2187326606061,built_up,High,41.725006,0.24312061,Cool roof,393482.5089321985,1.0,2.5414090265758455e-06,497836903.5963595,False
1266,+85958+31885,28.643231990062247,77.21783434532203,built_up,High,41.723297,0.18648204,Cool roof,393495.7101210463,1.0,2.541323766127926e-06,498230399.3064805,False
1267,+86008+31861,28.621672423244682,77.2627501095253,built_up,High,41.723145,0.31719166,Cool roof,393574.88482798473,1.0,2.5408125328857267e-06,498623974.1913085,False
1268,+85947+31888,28.645926935914442,77.20795287719731,built_up,High,41.7222,0.29292938,Cool roof,393485.8093741609,1.0,2.541387709992642e-06,499017460.00068265,False
1269,+85983+31883,28.641435359494118,77.24029222742367,built_up,High,41.720367,0.19787787,Cool roof,393502.3101364616,1.0,2.541281141788501e-06,499410962.3108191,False
1270,+85959+31896,28.653113458186965,77.2187326606061,built_up,High,41.72,0.23474555,Cool roof,393459.4031365207,1.0,2.541558270124821e-06,499804421.7139556,False
1271,+85950+31887,28.645028620630377,77.21064782304951,built_up,High,41.719696,0.14254098,Cool roof,393489.10971962346,1.0,2.5413663943902783e-06,500197910.8236752,False
1272,+85984+31861,28.621672423244682,77.24119054270773,built_up,High,41.71756,0.26518443,Cool roof,393574.88482798473,1.0,2.5408125328857267e-06,500591485.7085032,False
1273,+86012+31894,28.651316827618835,77.26634337066156,built_up,Medium,41.71579,0.3426099,Cool roof,393466.00527491106,1.0,2.5415156242057283e-06,500984951.7137781,False
1274,+86022+31879,28.637842098357854,77.27532652350222,built_up,High,41.715546,0.11610732,Cool roof,393515.50900924753,1.0,2.5411959048772846e-06,501378467.2227873,False
1275,+86017+31878,28.63694378307379,77.27083494708188,built_up,Medium,41.711823,0.31872135,Cool roof,393518.80848618085,1.0,2.5411745981008603e-06,501771986.0312735,False
1276,+85961+31875,28.634248837221595,77.22052929117423,built_up,High,41.70871,0.25607377,Cool roof,393528.7063379382,1.0,2.5411106836543245e-06,502165514.7376114,False
1277,+85969+31886,28.644130305346312,77.22771581344675,built_up,High,41.708435,0.18909241,Cool roof,393492.40996858553,1.0,2.541345079768718e-06,502559007.14758,False
1278,+86021+31897,28.65401177347103,77.27442820821814,built_up,High,41.70816,0.25301576,Cool roof,393456.10192258324,1.0,2.5415795945560422e-06,502952463.2495026,False
1279,+85943+31895,28.6522151429029,77.20435961606105,built_up,High,41.705658,0.24372262,Cool roof,393462.7042539635,1.0,2.5415369466747284e-06,503345925.9537566,False
1280,+85961+31898,28.654910088755095,77.22052929117423,built_up,High,41.704956,0.12556571,Cool roof,393452.80061215203,1.0,2.541600919968428e-06,503739378.7543687,False
1281,+85993+31859,28.619875792676552,77.24927538026432,built_up,Medium,41.70456,0.35680592,Cool roof,393581.4802108883,1.0,2.5407699555989813e-06,504132960.2345796,False
1282,+85998+31878,28.63694378307379,77.25376695668464,built_up,High,41.7023,0.27194232,Cool roof,393518.80848618085,1.0,2.5411745981008603e-06,504526479.0430658,False
1283,+85997+31844,28.60640106341557,77.25286864140058,built_up,Medium,41.698456,0.37259337,Cool roof,393630.93327607034,1.0,2.5404507508525932e-06,504920109.97634184,False
1284,+86021+31877,28.636045467789724,77.27442820821814,built_up,High,41.6976,0.13024925,Cool roof,393522.10786660743,1.0,2.5411532923049165e-06,505313632.0842084,False
1285,+86016+31882,28.640537044210053,77.26993663179782,built_up,High,41.696625,0.27291122,Cool roof,393505.6099994146,1.0,2.5412598310897976e-06,505707137.69420785,False
1286,+85995+31851,28.61268927040403,77.25107201083244,built_up,High,41.695953,0.20628113,Cool roof,393607.8578816729,1.0,2.5405996856409857e-06,506100745.5520895,False
1287,+86015+31822,28.586638127166136,77.26903831651376,built_up,Medium,41.695343,0.34960532,Cool roof,393703.4251501983,1.0,2.5399829824149967e-06,506494448.9772397,False
1288,+85962+31875,28.634248837221595,77.22142760645829,built_up,High,41.695038,0.21048626,Cool roof,393528.7063379382,1.0,2.5411106836543245e-06,506887977.68357766,False
1289,+85957+31872,28.6315538913694,77.21693603003797,built_up,High,41.69406,0.23795915,Cool roof,393538.6033211179,1.0,2.5410467780311365e-06,507281516.2868988,False
1290,+85975+31890,28.647723566482572,77.23310570515115,built_up,High,41.69406,0.12619813,Cool roof,393479.2083937367,1.0,2.5414303441399263e-06,507674995.49529254,False
1291,+85947+31821,28.58573981188207,77.20795287719731,built_up,Medium,41.692413,0.4224065,Cool roof,393706.7191251809,1.0,2.5399617314685587e-06,508068702.2144177,False
1292,+85950+31899,28.65580840403916,77.21064782304951,built_up,High,41.691742,0.11322801,Cool roof,393449.49920522765,1.0,2.541622246362014e-06,508462151.7136229,False
1293,+85999+31826,28.5902313883024,77.2546652719687,built_up,High,41.690155,0.19082522,Cool roof,393690.24828483176,1.0,2.540067995985788e-06,508855841.96190774,False
1294,+85983+31824,28.58843475773427,77.24029222742367,built_up,High,41.68289,0.16906399,Cool roof,393696.8369106009,1.0,2.5400254872433124e-06,509249538.79881835,False
1295,+85933+31889,28.646825251198507,77.1953764632204,built_up,High,41.681488,0.19274415,Cool roof,393482.5089321985,1.0,2.5414090265758455e-06,509643021.3077505,False
1296,+85962+31898,28.654910088755095,77.22142760645829,built_up,High,41.681274,0.12636371,Cool roof,393452.80061215203,1.0,2.541600919968428e-06,510036474.1083627,False
1297,+85983+31860,28.620774107960617,77.24029222742367,built_up,Medium,41.68106,0.32992053,Cool roof,393578.1825676959,1.0,2.5407912437524376e-06,510430052.2909304,False
1298,+85994+31857,28.61807916210842,77.25017369554838,built_up,Medium,41.67929,0.3554812,Cool roof,393588.07520771434,1.0,2.5407273822314218e-06,510823640.3661381,False
1299,+85951+31898,28.654910088755095,77.21154613833357,built_up,High,41.678253,0.12378503,Cool roof,393452.80061215203,1.0,2.541600919968428e-06,511217093.16675025,False
1300,+85973+31900,28.656706719323225,77.23130907458301,built_up,High,41.673462,0.19957277,Cool roof,393446.19770181086,1.0,2.541643573736835e-06,511610539.36445206,False
1301,+86021+31890,28.647723566482572,77.27442820821814,built_up,High,41.671295,0.22080165,Cool roof,393479.2083937367,1.0,2.5414303441399263e-06,512004018.5728458,False
1302,+86025+31895,28.6522151429029,77.2780214693544,built_up,High,41.670135,0.14855497,Cool roof,393462.7042539635,1.0,2.5415369466747284e-06,512397481.2770998,False
1303,+85999+31827,28.591129703586464,77.2546652719687,built_up,High,41.666534,0.21202374,Cool roof,393686.95382713445,1.0,2.5400892518249255e-06,512791168.23092693,False
1304,+85962+31871,28.630655576085335,77.22142760645829,built_up,High,41.666412,0.23693506,Cool roof,393541.90212249075,1.0,2.541025478117316e-06,513184710.1330494,False
1305,+85971+31885,28.643231990062247,77.22951244401489,built_up,High,41.665955,0.23317373,Cool roof,393495.7101210463,1.0,2.541323766127926e-06,513578205.84317046,False
1306,+86011+31898,28.654910088755095,77.2654450553775,built_up,High,41.66519,0.28349122,Cool roof,393452.80061215203,1.0,2.541600919968428e-06,513971658.6437826,False
1307,+85966+31885,28.643231990062247,77.22502086759455,built_up,Medium,41.664886,0.36340034,Cool roof,393495.7101210463,1.0,2.541323766127926e-06,514365154.35390365,False
1308,+85935+31891,28.64862188176664,77.19717309378854,built_up,High,41.65808,0.20933811,Cool roof,393475.90775877645,1.0,2.5414516626849184e-06,514758630.2616624,False
1309,+85951+31820,28.584841496598006,77.21154613833357,built_up,High,41.655945,0.2812242,Cool roof,393710.01300361863,1.0,2.5399404815005527e-06,515152340.2746661,False
1310,+85962+31879,28.637842098357854,77.22142760645829,built_up,High,41.65497,0.1741889,Cool roof,393515.50900924753,1.0,2.5411959048772846e-06,515545855.7836753,False
1311,+85992+31875,28.634248837221595,77.24837706498025,built_up,Medium,41.6528,0.38473168,Cool roof,393528.7063379382,1.0,2.5411106836543245e-06,515939384.49001324,False
1312,+85963+31875,28.634248837221595,77.22232592174235,built_up,High,41.652374,0.21523216,Cool roof,393528.7063379382,1.0,2.5411106836543245e-06,516332913.1963512,False
1313,+86024+31897,28.65401177347103,77.27712315407034,built_up,High,41.65213,0.14948942,Cool roof,393456.10192258324,1.0,2.5415795945560422e-06,516726369.29827374,False
1314,+85955+31887,28.645028620630377,77.21513939946983,built_up,High,41.651184,0.20204176,Cool roof,393489.10971962346,1.0,2.5413663943902783e-06,517119858.4079934,False
1315,+85997+31854,28.615384216256224,77.25286864140058,built_up,High,41.649323,0.15857789,Cool roof,393597.9669790461,1.0,2.5406635295279275e-06,517513456.3749724,False
1316,+85998+31823,28.5875364424502,77.25376695668464,built_up,Medium,41.6492,0.32426587,Cool roof,393700.13107867143,1.0,2.540004234339902e-06,517907156.50605106,False
1317,+86026+31899,28.65580840403916,77.27891978463848,built_up,High,41.64911,0.117559895,Cool roof,393449.49920522765,1.0,2.541622246362014e-06,518300606.0052563,False
1318,+85954+31873,28.632452206653465,77.21424108418577,built_up,High,41.647614,0.30627134,Cool roof,393535.3044232345,1.0,2.5410680789252197e-06,518694141.3096795,False
1319,+86026+31895,28.6522151429029,77.27891978463848,built_up,High,41.647003,0.13462672,Cool roof,393462.7042539635,1.0,2.5415369466747284e-06,519087604.0139335,False
1320,+85971+31889,28.646825251198507,77.22951244401489,built_up,High,41.64099,0.12342774,Cool roof,393482.5089321985,1.0,2.5414090265758455e-06,519481086.52286565,False
1321,+85971+31900,28.656706719323225,77.22951244401489,built_up,High,41.639374,0.25854832,Cool roof,393446.19770181086,1.0,2.541643573736835e-06,519874532.72056746,False
1322,+85996+31876,28.63514715250566,77.2519703261165,built_up,Medium,41.63919,0.3421714,Cool roof,393525.4071505268,1.0,2.5411319874894163e-06,520268058.127718,False
1323,+86021+31875,28.634248837221595,77.27442820821814,built_up,High,41.633087,0.13386215,Cool roof,393528.7063379382,1.0,2.5411106836543245e-06,520661586.8340559,False
1324,+85997+31875,28.634248837221595,77.25286864140058,built_up,High,41.631104,0.29476315,Cool roof,393528.7063379382,1.0,2.5411106836543245e-06,521055115.5403938,False
1325,+85958+31900,28.656706719323225,77.21783434532203,built_up,High,41.630157,0.24623144,Cool roof,393446.19770181086,1.0,2.541643573736835e-06,521448561.73809564,False
1326,+85945+31831,28.594722964722724,77.20615624662919,built_up,High,41.629883,0.30265,Cool roof,393673.77503094316,1.0,2.5401742849683066e-06,521842235.5131266,False
1327,+86021+31879,28.637842098357854,77.27442820821814,built_up,High,41.62967,0.11929597,Cool roof,393515.50900924753,1.0,2.5411959048772846e-06,522235751.02213585,False
1328,+85963+31898,28.654910088755095,77.22232592174235,built_up,High,41.626404,0.12331801,Cool roof,393452.80061215203,1.0,2.541600919968428e-06,522629203.822748,False
1329,+85995+31846,28.6081976939837,77.25107201083244,built_up,High,41.621826,0.29087868,Cool roof,393624.3407888798,1.0,2.540493298752451e-06,523022828.1635369,False
1330,+86018+31854,28.615384216256224,77.27173326236594,built_up,Medium,41.621185,0.425294,Cool roof,393597.9669790461,1.0,2.5406635295279275e-06,523416426.13051593,False
1331,+85969+31887,28.645028620630377,77.22771581344675,built_up,High,41.620575,0.16807161,Cool roof,393489.10971962346,1.0,2.5413663943902783e-06,523809915.24023557,False
1332,+85952+31892,28.649520197050705,77.21244445361764,built_up,High,41.61966,0.15583874,Cool roof,393472.6070273184,1.0,2.5414729822108584e-06,524203387.84726286,False
1333,+85988+31850,28.611790955119965,77.24478380384399,built_up,Medium,41.61801,0.3277375,Cool roof,393611.1546561666,1.0,2.540578406304404e-06,524596999.00191903,False
1334,+85955+31895,28.6522151429029,77.21513939946983,built_up,High,41.617523,0.1546165,Cool roof,393462.7042539635,1.0,2.5415369466747284e-06,524990461.706173,False
1335,+85989+31876,28.63514715250566,77.24568211912806,built_up,Medium,41.61673,0.34153983,Cool roof,393525.4071505268,1.0,2.5411319874894163e-06,525383987.1133235,False
1336,+85972+31890,28.647723566482572,77.23041075929895,built_up,High,41.615326,0.12750491,Cool roof,393479.2083937367,1.0,2.5414303441399263e-06,525777466.32171726,False
1337,+85979+31894,28.651316827618835,77.2366989662874,built_up,Medium,41.614777,0.4456049,Cool roof,393466.00527491106,1.0,2.5415156242057283e-06,526170932.32699215,False
1338,+86028+31858,28.618977477392487,77.2807164152066,built_up,High,41.614777,0.24781913,Cool roof,393584.7777575614,1.0,2.5407486684253207e-06,526564517.10474974,False
1339,+86013+31862,28.622570738528747,77.26724168594562,built_up,High,41.61325,0.25855485,Cool roof,393571.58699175547,1.0,2.5408338229988843e-06,526958088.69174147,False
1340,+86017+31877,28.636045467789724,77.27083494708188,built_up,High,41.612396,0.2913321,Cool roof,393522.10786660743,1.0,2.5411532923049165e-06,527351610.79960805,False
1341,+85966+31898,28.654910088755095,77.22502086759455,built_up,High,41.610443,0.11242113,Cool roof,393452.80061215203,1.0,2.541600919968428e-06,527745063.6002202,False
1342,+85949+31852,28.613587585688094,77.20974950776545,built_up,Medium,41.610382,0.3556484,Cool roof,393604.5610106546,1.0,2.5406209659570757e-06,528138668.16123086,False
1343,+85951+31887,28.645028620630377,77.21154613833357,built_up,High,41.610382,0.1610986,Cool roof,393489.10971962346,1.0,2.5413663943902783e-06,528532157.2709505,False
1344,+85983+31861,28.621672423244682,77.24029222742367,built_up,Medium,41.609283,0.34884545,Cool roof,393574.88482798473,1.0,2.5408125328857267e-06,528925732.15577847,False
1345,+85963+31895,28.6522151429029,77.22232592174235,built_up,High,41.60849,0.12583955,Cool roof,393462.7042539635,1.0,2.5415369466747284e-06,529319194.86003244,False
1346,+86020+31890,28.647723566482572,77.27352989293408,built_up,High,41.608368,0.26489753,Cool roof,393479.2083937367,1.0,2.5414303441399263e-06,529712674.0684262,False
1347,+85958+31875,28.634248837221595,77.21783434532203,built_up,High,41.608307,0.21724904,Cool roof,393528.7063379382,1.0,2.5411106836543245e-06,530106202.7747641,False
1348,+85965+31892,28.649520197050705,77.22412255231049,built_up,High,41.606293,0.11438242,Cool roof,393472.6070273184,1.0,2.5414729822108584e-06,530499675.3817914,False
1349,+85983+31886,28.644130305346312,77.24029222742367,built_up,High,41.604584,0.13024588,Cool roof,393492.40996858553,1.0,2.541345079768718e-06,530893167.79176,False
1350,+85961+31895,28.6522151429029,77.22052929117423,built_up,High,41.602448,0.117136076,Cool roof,393462.7042539635,1.0,2.5415369466747284e-06,531286630.496014,False
1351,+86027+31861,28.621672423244682,77.27981809992254,built_up,High,41.601715,0.22028507,Cool roof,393574.88482798473,1.0,2.5408125328857267e-06,531680205.380842,False
1352,+85957+31893,28.65041851233477,77.21693603003797,built_up,High,41.600494,0.21328928,Cool roof,393469.30619936297,1.0,2.5414943027177834e-06,532073674.68704134,False
1353,+86005+31835,28.598316225858984,77.2600551636731,built_up,Medium,41.59912,0.34804156,Cool roof,393660.59469014016,1.0,2.5402593337723435e-06,532467335.2817315,False
1354,+86023+31898,28.654910088755095,77.27622483878628,built_up,High,41.59845,0.20549352,Cool roof,393452.80061215203,1.0,2.541600919968428e-06,532860788.08234364,False
1355,+85964+31895,28.6522151429029,77.22322423702643,built_up,High,41.597443,0.12969154,Cool roof,393462.7042539635,1.0,2.5415369466747284e-06,533254250.7865976,False
1356,+85983+31828,28.59202801887053,77.24029222742367,built_up,High,41.597015,0.21003714,Cool roof,393683.65927289636,1.0,2.5401105086427096e-06,533647934.4458705,False
1357,+86030+31858,28.618977477392487,77.28251304577473,built_up,High,41.595703,0.15488891,Cool roof,393584.7777575614,1.0,2.5407486684253207e-06,534041519.2236281,False
1358,+86024+31898,28.654910088755095,77.27712315407034,built_up,High,41.59482,0.13319258,Cool roof,393452.80061215203,1.0,2.541600919968428e-06,534434972.02424026,False
1359,+86027+31899,28.65580840403916,77.27981809992254,built_up,High,41.59378,0.10579804,Cool roof,393449.49920522765,1.0,2.541622246362014e-06,534828421.5234455,False
1360,+85998+31826,28.5902313883024,77.25376695668464,built_up,High,41.591034,0.24268556,Cool roof,393690.24828483176,1.0,2.540067995985788e-06,535222111.7717303,False
1361,+85988+31900,28.656706719323225,77.24478380384399,built_up,Medium,41.590363,0.3722921,Cool roof,393446.19770181086,1.0,2.541643573736835e-06,535615557.9694321,False
1362,+85985+31860,28.620774107960617,77.24208885799179,built_up,High,41.5867,0.23117153,Cool roof,393578.1825676959,1.0,2.5407912437524376e-06,536009136.15199983,False
1363,+85957+31896,28.653113458186965,77.21693603003797,built_up,High,41.586334,0.24443948,Cool roof,393459.4031365207,1.0,2.541558270124821e-06,536402595.5551363,False
1364,+85951+31893,28.65041851233477,77.21154613833357,built_up,High,41.585663,0.15603198,Cool roof,393469.30619936297,1.0,2.5414943027177834e-06,536796064.8613357,False
1365,+86020+31851,28.61268927040403,77.27352989293408,built_up,High,41.585358,0.238419,Cool roof,393607.8578816729,1.0,2.5405996856409857e-06,537189672.7192174,False
1366,+85963+31874,28.63335052193753,77.22232592174235,built_up,High,41.58487,0.18224569,Cool roof,393532.00542884105,1.0,2.541089380799604e-06,537583204.7246462,False
1367,+85935+31889,28.646825251198507,77.19717309378854,built_up,High,41.58377,0.16506794,Cool roof,393482.5089321985,1.0,2.5414090265758455e-06,537976687.2335784,False
1368,+86017+31875,28.634248837221595,77.27083494708188,built_up,High,41.582306,0.26985562,Cool roof,393528.7063379382,1.0,2.5411106836543245e-06,538370215.9399164,False
1369,+85967+31896,28.653113458186965,77.22591918287863,built_up,High,41.58127,0.126797,Cool roof,393459.4031365207,1.0,2.541558270124821e-06,538763675.3430529,False
1370,+86021+31880,28.638740413641923,77.27442820821814,built_up,High,41.578094,0.12537917,Cool roof,393512.20943580836,1.0,2.5412172126342245e-06,539157187.5524887,False
1371,+85958+31887,28.645028620630377,77.21783434532203,built_up,High,41.57773,0.26280707,Cool roof,393489.10971962346,1.0,2.5413663943902783e-06,539550676.6622083,False
1372,+85972+31885,28.643231990062247,77.23041075929895,built_up,High,41.577545,0.17593344,Cool roof,393495.7101210463,1.0,2.541323766127926e-06,539944172.3723294,False
1373,+86027+31860,28.620774107960617,77.27981809992254,built_up,High,41.575745,0.22237425,Cool roof,393578.1825676959,1.0,2.5407912437524376e-06,540337750.5548971,False
1374,+85957+31888,28.645926935914442,77.21693603003797,built_up,High,41.57553,0.15668444,Cool roof,393485.8093741609,1.0,2.541387709992642e-06,540731236.3642713,False
1375,+85954+31896,28.653113458186965,77.21424108418577,built_up,High,41.574097,0.14213713,Cool roof,393459.4031365207,1.0,2.541558270124821e-06,541124695.7674078,False
1376,+86020+31880,28.638740413641923,77.27352989293408,built_up,High,41.569977,0.12229386,Cool roof,393512.20943580836,1.0,2.5412172126342245e-06,541518207.9768436,False
1377,+85957+31894,28.651316827618835,77.21693603003797,built_up,High,41.569122,0.20859167,Cool roof,393466.00527491106,1.0,2.5415156242057283e-06,541911673.9821185,False
1378,+85984+31860,28.620774107960617,77.24119054270773,built_up,Medium,41.566498,0.32194227,Cool roof,393578.1825676959,1.0,2.5407912437524376e-06,542305252.1646862,False
1379,+85966+31888,28.645926935914442,77.22502086759455,built_up,High,41.566315,0.20518276,Cool roof,393485.8093741609,1.0,2.541387709992642e-06,542698737.9740604,False
1380,+85973+31890,28.647723566482572,77.23130907458301,built_up,High,41.566315,0.123626165,Cool roof,393479.2083937367,1.0,2.5414303441399263e-06,543092217.1824541,False
1381,+85960+31895,28.6522151429029,77.21963097589017,built_up,High,41.565674,0.17114638,Cool roof,393462.7042539635,1.0,2.5415369466747284e-06,543485679.886708,False
1382,+85959+31883,28.641435359494118,77.2187326606061,built_up,High,41.56534,0.26933265,Cool roof,393502.3101364616,1.0,2.541281141788501e-06,543879182.1968445,False
1383,+85948+31896,28.653113458186965,77.20885119248138,built_up,High,41.564423,0.18246835,Cool roof,393459.4031365207,1.0,2.541558270124821e-06,544272641.599981,False
1384,+85965+31894,28.651316827618835,77.22412255231049,built_up,High,41.56247,0.116670385,Cool roof,393466.00527491106,1.0,2.5415156242057283e-06,544666107.6052558,False
1385,+86015+31863,28.623469053812812,77.26903831651376,built_up,Medium,41.562317,0.3408405,Cool roof,393568.2890590088,1.0,2.5408551140919464e-06,545059675.8943149,False
1386,+85944+31891,28.64862188176664,77.20525793134512,built_up,High,41.562225,0.27693754,Cool roof,393475.90775877645,1.0,2.5414516626849184e-06,545453151.8020737,False
1387,+85978+31883,28.641435359494118,77.23580065100334,built_up,High,41.562042,0.15486091,Cool roof,393502.3101364616,1.0,2.541281141788501e-06,545846654.1122102,False
1388,+85962+31894,28.651316827618835,77.22142760645829,built_up,High,41.560974,0.12057732,Cool roof,393466.00527491106,1.0,2.5415156242057283e-06,546240120.117485,False
1389,+85960+31880,28.638740413641923,77.21963097589017,built_up,Medium,41.560394,0.3297586,Cool roof,393512.20943580836,1.0,2.5412172126342245e-06,546633632.3269209,False
1390,+85961+31893,28.65041851233477,77.22052929117423,built_up,Medium,41.559357,0.31698892,Cool roof,393469.30619936297,1.0,2.5414943027177834e-06,547027101.6331202,False
1391,+85976+31819,28.58394318131394,77.23400402043521,built_up,High,41.55838,0.09557846,Cool roof,393713.30678551074,1.0,2.5399192325109433e-06,547420814.9399056,False
1392,+85948+31895,28.6522151429029,77.20885119248138,built_up,High,41.557922,0.16321549,Cool roof,393462.7042539635,1.0,2.5415369466747284e-06,547814277.6441596,False
1393,+85993+31865,28.625265684380942,77.24927538026432,built_up,Medium,41.555817,0.40441957,Cool roof,393561.6929039662,1.0,2.540897699217927e-06,548207839.3370636,False
1394,+85952+31898,28.654910088755095,77.21244445361764,built_up,High,41.552338,0.13822636,Cool roof,393452.80061215203,1.0,2.541600919968428e-06,548601292.1376758,False
1395,+85974+31889,28.646825251198507,77.23220738986707,built_up,High,41.551727,0.124063894,Cool roof,393482.5089321985,1.0,2.5414090265758455e-06,548994774.646608,False
1396,+85966+31897,28.65401177347103,77.22502086759455,built_up,High,41.549286,0.11529652,Cool roof,393456.10192258324,1.0,2.5415795945560422e-06,549388230.7485306,False
1397,+85949+31889,28.646825251198507,77.20974950776545,built_up,High,41.548126,0.14881106,Cool roof,393482.5089321985,1.0,2.5414090265758455e-06,549781713.2574629,False
1398,+85961+31876,28.63514715250566,77.22052929117423,built_up,High,41.54779,0.22034116,Cool roof,393525.4071505268,1.0,2.5411319874894163e-06,550175238.6646134,False
1399,+85989+31862,28.622570738528747,77.24568211912806,built_up,Medium,41.54593,0.3227969,Cool roof,393571.58699175547,1.0,2.5408338229988843e-06,550568810.2516052,False
1400,+86000+31821,28.58573981188207,77.25556358725278,built_up,High,41.544342,0.15497158,Cool roof,393706.7191251809,1.0,2.5399617314685587e-06,550962516.9707303,False
1401,+85938+31823,28.5875364424502,77.19986803964073,built_up,Medium,41.54428,0.33541828,Cool roof,393700.13107867143,1.0,2.540004234339902e-06,551356217.101809,False
1402,+86020+31850,28.611790955119965,77.27352989293408,built_up,High,41.543488,0.2641421,Cool roof,393611.1546561666,1.0,2.540578406304404e-06,551749828.2564652,False
1403,+85947+31897,28.65401177347103,77.20795287719731,built_up,High,41.542328,0.1863391,Cool roof,393456.10192258324,1.0,2.5415795945560422e-06,552143284.3583878,False
1404,+86017+31825,28.589333073018334,77.27083494708188,built_up,Medium,41.541473,0.40340272,Cool roof,393693.54264598736,1.0,2.5400467411252633e-06,552536977.9010338,False
1405,+86022+31885,28.643231990062247,77.27532652350222,built_up,High,41.53589,0.18633947,Cool roof,393495.7101210463,1.0,2.541323766127926e-06,552930473.6111548,False
1406,+85951+31894,28.651316827618835,77.21154613833357,built_up,High,41.53415,0.19509014,Cool roof,393466.00527491106,1.0,2.5415156242057283e-06,553323939.6164297,False
1407,+86016+31881,28.639638728925988,77.26993663179782,built_up,Medium,41.53357,0.32885444,Cool roof,393508.9097658637,1.0,2.5412385213717176e-06,553717448.5261955,False
1408,+85959+31890,28.647723566482572,77.2187326606061,built_up,High,41.53232,0.2990868,Cool roof,393479.2083937367,1.0,2.5414303441399263e-06,554110927.7345892,False
1409,+85973+31888,28.645926935914442,77.23130907458301,built_up,High,41.53131,0.12824167,Cool roof,393485.8093741609,1.0,2.541387709992642e-06,554504413.5439634,False
1410,+85976+31886,28.644130305346312,77.23400402043521,built_up,High,41.530945,0.13178983,Cool roof,393492.40996858553,1.0,2.541345079768718e-06,554897905.953932,False
1411,+85984+31881,28.639638728925988,77.24119054270773,built_up,Medium,41.529816,0.31284314,Cool roof,393508.9097658637,1.0,2.5412385213717176e-06,555291414.8636979,False
1412,+85952+31888,28.645926935914442,77.21244445361764,built_up,High,41.5289,0.12610382,Cool roof,393485.8093741609,1.0,2.541387709992642e-06,555684900.6730721,False
1413,+86019+31853,28.61448590097216,77.27263157765002,built_up,Medium,41.528656,0.424576,Cool roof,393601.26404311205,1.0,2.5406422472527113e-06,556078501.9371152,False
1414,+85944+31892,28.649520197050705,77.20525793134512,built_up,High,41.528534,0.24315484,Cool roof,393472.6070273184,1.0,2.5414729822108584e-06,556471974.5441425,False
1415,+85981+31883,28.641435359494118,77.23849559685553,built_up,High,41.526672,0.16153482,Cool roof,393502.3101364616,1.0,2.541281141788501e-06,556865476.8542789,False
1416,+85979+31883,28.641435359494118,77.2366989662874,built_up,High,41.52652,0.14262365,Cool roof,393502.3101364616,1.0,2.541281141788501e-06,557258979.1644154,False
1417,+85962+31876,28.63514715250566,77.22142760645829,built_up,High,41.526062,0.25646362,Cool roof,393525.4071505268,1.0,2.5411319874894163e-06,557652504.5715659,False
1418,+85993+31875,28.634248837221595,77.24927538026432,built_up,Medium,41.525604,0.3911594,Cool roof,393528.7063379382,1.0,2.5411106836543245e-06,558046033.2779038,False
1419,+86025+31864,28.624367369096877,77.2780214693544,built_up,Medium,41.525177,0.32481894,Cool roof,393564.99102974543,1.0,2.540876406164949e-06,558439598.2689335,False
1420,+86019+31877,28.636045467789724,77.27263157765002,built_up,High,41.525055,0.13238832,Cool roof,393522.10786660743,1.0,2.5411532923049165e-06,558833120.3768002,False
1421,+86001+31823,28.5875364424502,77.25646190253684,built_up,Medium,41.52243,0.3091441,Cool roof,393700.13107867143,1.0,2.540004234339902e-06,559226820.5078789,False
1422,+85997+31846,28.6081976939837,77.25286864140058,built_up,Medium,41.521393,0.30285037,Cool roof,393624.3407888798,1.0,2.540493298752451e-06,559620444.8486677,False
1423,+85972+31889,28.646825251198507,77.23041075929895,built_up,High,41.52112,0.12765338,Cool roof,393482.5089321985,1.0,2.5414090265758455e-06,560013927.3576,False
1424,+85983+31884,28.642333674778182,77.24029222742367,built_up,High,41.52072,0.19332959,Cool roof,393499.01017700526,1.0,2.5413024534678655e-06,560407426.367777,False
1425,+86005+31822,28.586638127166136,77.2600551636731,built_up,Medium,41.519836,0.4508497,Cool roof,393703.4251501983,1.0,2.5399829824149967e-06,560801129.7929271,False
1426,+86017+31879,28.637842098357854,77.27083494708188,built_up,High,41.519104,0.23878384,Cool roof,393515.50900924753,1.0,2.5411959048772846e-06,561194645.3019364,False
1427,+85951+31892,28.649520197050705,77.21154613833357,built_up,High,41.51892,0.12724467,Cool roof,393472.6070273184,1.0,2.5414729822108584e-06,561588117.9089637,False
1428,+85980+31894,28.651316827618835,77.23759728157147,built_up,Medium,41.517303,0.35033983,Cool roof,393466.00527491106,1.0,2.5415156242057283e-06,561981583.9142386,False
1429,+85953+31895,28.6522151429029,77.21334276890171,built_up,High,41.51584,0.13509054,Cool roof,393462.7042539635,1.0,2.5415369466747284e-06,562375046.6184925,False
1430,+85992+31872,28.6315538913694,77.24837706498025,built_up,Medium,41.51291,0.3052989,Cool roof,393538.6033211179,1.0,2.5410467780311365e-06,562768585.2218136,False
1431,+86017+31892,28.649520197050705,77.27083494708188,built_up,High,41.512787,0.2795267,Cool roof,393472.6070273184,1.0,2.5414729822108584e-06,563162057.8288409,False
1432,+86023+31848,28.609994324551835,77.27622483878628,built_up,Medium,41.512268,0.40452114,Cool roof,393617.74791557674,1.0,2.540535850569625e-06,563555675.5767565,False
1433,+85961+31849,28.6108926398359,77.22052929117423,built_up,High,41.51053,0.2290381,Cool roof,393614.4513341348,1.0,2.5405571279472957e-06,563949290.0280906,False
1434,+85950+31895,28.6522151429029,77.21064782304951,built_up,High,41.50998,0.22833736,Cool roof,393462.7042539635,1.0,2.5415369466747284e-06,564342752.7323445,False
1435,+85997+31855,28.61628253154029,77.25286864140058,built_up,High,41.509674,0.20637034,Cool roof,393594.6698184574,1.0,2.540684812782761e-06,564736347.4021629,False
1436,+85961+31894,28.651316827618835,77.22052929117423,built_up,High,41.50833,0.14691487,Cool roof,393466.00527491106,1.0,2.5415156242057283e-06,565129813.4074378,False
1437,+85962+31897,28.65401177347103,77.22142760645829,built_up,High,41.50638,0.12460837,Cool roof,393456.10192258324,1.0,2.5415795945560422e-06,565523269.5093604,False
1438,+85964+31875,28.634248837221595,77.22322423702643,built_up,Medium,41.506317,0.30514994,Cool roof,393528.7063379382,1.0,2.5411106836543245e-06,565916798.2156984,False
1439,+85964+31898,28.654910088755095,77.22322423702643,built_up,High,41.505096,0.11886283,Cool roof,393452.80061215203,1.0,2.541600919968428e-06,566310251.0163106,False
1440,+86014+31899,28.65580840403916,77.26814000122968,built_up,Medium,41.503296,0.30669555,Cool roof,393449.49920522765,1.0,2.541622246362014e-06,566703700.5155158,False
1441,+85964+31892,28.649520197050705,77.22322423702643,built_up,High,41.503265,0.1155375,Cool roof,393472.6070273184,1.0,2.5414729822108584e-06,567097173.1225431,False
1442,+85981+31824,28.58843475773427,77.23849559685553,built_up,Medium,41.503265,0.35522273,Cool roof,393696.8369106009,1.0,2.5400254872433124e-06,567490869.9594537,False
1443,+85965+31896,28.653113458186965,77.22412255231049,built_up,High,41.503113,0.12564485,Cool roof,393459.4031365207,1.0,2.541558270124821e-06,567884329.3625902,False
1444,+85953+31888,28.645926935914442,77.21334276890171,built_up,High,41.502502,0.13454232,Cool roof,393485.8093741609,1.0,2.541387709992642e-06,568277815.1719644,False
1445,+85974+31885,28.643231990062247,77.23220738986707,built_up,High,41.501984,0.1394584,Cool roof,393495.7101210463,1.0,2.541323766127926e-06,568671310.8820854,False
1446,+86021+31889,28.646825251198507,77.27442820821814,built_up,High,41.50107,0.2806611,Cool roof,393482.5089321985,1.0,2.5414090265758455e-06,569064793.3910177,False
1447,+85961+31897,28.65401177347103,77.22052929117423,built_up,High,41.500946,0.11275283,Cool roof,393456.10192258324,1.0,2.5415795945560422e-06,569458249.4929403,False
1448,+86010+31839,28.601909486995247,77.26454674009342,built_up,High,41.499786,0.23868674,Cool roof,393647.41280476865,1.0,2.540344398239332e-06,569851896.905745,False
1449,+85953+31894,28.651316827618835,77.21334276890171,built_up,High,41.49881,0.143309,Cool roof,393466.00527491106,1.0,2.5415156242057283e-06,570245362.9110199,False
1450,+85983+31887,28.645028620630377,77.24029222742367,built_up,High,41.49814,0.17734198,Cool roof,393489.10971962346,1.0,2.5413663943902783e-06,570638852.0207396,False
1451,+85980+31883,28.641435359494118,77.23759728157147,built_up,High,41.495575,0.13412288,Cool roof,393502.3101364616,1.0,2.541281141788501e-06,571032354.330876,False
1452,+85950+31894,28.651316827618835,77.21064782304951,built_up,High,41.49289,0.18777765,Cool roof,393466.00527491106,1.0,2.5415156242057283e-06,571425820.3361509,False
1453,+85980+31882,28.640537044210053,77.23759728157147,built_up,High,41.490204,0.2892282,Cool roof,393505.6099994146,1.0,2.5412598310897976e-06,571819325.9461503,False
1454,+85974+31888,28.645926935914442,77.23220738986707,built_up,High,41.49002,0.12064851,Cool roof,393485.8093741609,1.0,2.541387709992642e-06,572212811.7555245,False
1455,+85954+31887,28.645028620630377,77.21424108418577,built_up,High,41.48825,0.15973243,Cool roof,393489.10971962346,1.0,2.5413663943902783e-06,572606300.8652442,False
1456,+86026+31894,28.651316827618835,77.27891978463848,built_up,High,41.48694,0.17841361,Cool roof,393466.00527491106,1.0,2.5415156242057283e-06,572999766.870519,False
1457,+86019+31870,28.62975726080127,77.27263157765002,built_up,High,41.48636,0.28681967,Cool roof,393545.20082735224,1.0,2.541004179183724e-06,573393312.0713464,False
1458,+85983+31859,28.619875792676552,77.24029222742367,built_up,High,41.48581,0.26338512,Cool roof,393581.4802108883,1.0,2.5407699555989813e-06,573786893.5515573,False
1459,+85957+31895,28.6522151429029,77.21693603003797,built_up,High,41.484344,0.24940446,Cool roof,393462.7042539635,1.0,2.5415369466747284e-06,574180356.2558112,False
1460,+85973+31889,28.646825251198507,77.23130907458301,built_up,High,41.48294,0.12220787,Cool roof,393482.5089321985,1.0,2.5414090265758455e-06,574573838.7647434,False
1461,+85968+31885,28.643231990062247,77.22681749816269,built_up,High,41.481964,0.27651244,Cool roof,393495.7101210463,1.0,2.541323766127926e-06,574967334.4748645,False
1462,+85975+31889,28.646825251198507,77.23310570515115,built_up,High,41.48105,0.11995536,Cool roof,393482.5089321985,1.0,2.5414090265758455e-06,575360816.9837967,False
1463,+85975+31827,28.591129703586464,77.23310570515115,built_up,Medium,41.48044,0.30029148,Cool roof,393686.95382713445,1.0,2.5400892518249255e-06,575754503.9376239,False
1464,+85967+31895,28.6522151429029,77.22591918287863,built_up,High,41.47885,0.15163922,Cool roof,393462.7042539635,1.0,2.5415369466747284e-06,576147966.6418778,False
1465,+85954+31890,28.647723566482572,77.21424108418577,built_up,High,41.478363,0.12809367,Cool roof,393479.2083937367,1.0,2.5414303441399263e-06,576541445.8502715,False
1466,+85998+31821,28.58573981188207,77.25376695668464,built_up,Medium,41.476776,0.35849568,Cool roof,393706.7191251809,1.0,2.5399617314685587e-06,576935152.5693966,False
1467,+85998+31839,28.601909486995247,77.25376695668464,built_up,Medium,41.475494,0.40938306,Cool roof,393647.41280476865,1.0,2.540344398239332e-06,577328799.9822013,False
1468,+85962+31887,28.645028620630377,77.22142760645829,built_up,Medium,41.475433,0.38644996,Cool roof,393489.10971962346,1.0,2.5413663943902783e-06,577722289.091921,False
1469,+86023+31885,28.643231990062247,77.27622483878628,built_up,High,41.475433,0.18452567,Cool roof,393495.7101210463,1.0,2.541323766127926e-06,578115784.802042,False
1470,+85953+31887,28.645028620630377,77.21334276890171,built_up,High,41.474762,0.17185967,Cool roof,393489.10971962346,1.0,2.5413663943902783e-06,578509273.9117616,False
1471,+85961+31896,28.653113458186965,77.22052929117423,built_up,High,41.47409,0.11589898,Cool roof,393459.4031365207,1.0,2.541558270124821e-06,578902733.3148981,False
1472,+85964+31894,28.651316827618835,77.22322423702643,built_up,High,41.472443,0.12200614,Cool roof,393466.00527491106,1.0,2.5415156242057283e-06,579296199.320173,False
1473,+85997+31876,28.63514715250566,77.25286864140058,built_up,High,41.471924,0.29301056,Cool roof,393525.4071505268,1.0,2.5411319874894163e-06,579689724.7273235,False
1474,+85958+31888,28.645926935914442,77.21783434532203,built_up,High,41.47165,0.20480707,Cool roof,393485.8093741609,1.0,2.541387709992642e-06,580083210.5366977,False
1475,+85963+31891,28.64862188176664,77.22232592174235,built_up,High,41.47159,0.19895278,Cool roof,393475.90775877645,1.0,2.5414516626849184e-06,580476686.4444566,False
1476,+85982+31881,28.639638728925988,77.2393939121396,built_up,Medium,41.471344,0.3128339,Cool roof,393508.9097658637,1.0,2.5412385213717176e-06,580870195.3542224,False
1477,+85976+31887,28.645028620630377,77.23400402043521,built_up,High,41.4711,0.12707035,Cool roof,393489.10971962346,1.0,2.5413663943902783e-06,581263684.463942,False
1478,+85956+31893,28.65041851233477,77.21603771475391,built_up,High,41.470856,0.1457329,Cool roof,393469.30619936297,1.0,2.5414943027177834e-06,581657153.7701414,False
1479,+86024+31896,28.653113458186965,77.27712315407034,built_up,High,41.46875,0.16473396,Cool roof,393459.4031365207,1.0,2.541558270124821e-06,582050613.1732779,False
1480,+85952+31894,28.651316827618835,77.21244445361764,built_up,High,41.466125,0.16397618,Cool roof,393466.00527491106,1.0,2.5415156242057283e-06,582444079.1785527,False
1481,+85973+31886,28.644130305346312,77.23130907458301,built_up,High,41.46591,0.14369018,Cool roof,393492.40996858553,1.0,2.541345079768718e-06,582837571.5885214,False
1482,+86018+31870,28.62975726080127,77.27173326236594,built_up,Medium,41.46524,0.39168158,Cool roof,393545.20082735224,1.0,2.541004179183724e-06,583231116.7893487,False
1483,+86020+31879,28.637842098357854,77.27352989293408,built_up,High,41.463135,0.122927286,Cool roof,393515.50900924753,1.0,2.5411959048772846e-06,583624632.298358,False
1484,+85955+31890,28.647723566482572,77.21513939946983,built_up,High,41.460632,0.13861601,Cool roof,393479.2083937367,1.0,2.5414303441399263e-06,584018111.5067517,False
1485,+86001+31826,28.5902313883024,77.25646190253684,built_up,High,41.460236,0.28492916,Cool roof,393690.24828483176,1.0,2.540067995985788e-06,584411801.7550365,False
1486,+85954+31893,28.65041851233477,77.21424108418577,built_up,High,41.459076,0.14211276,Cool roof,393469.30619936297,1.0,2.5414943027177834e-06,584805271.0612358,False
1487,+85933+31893,28.65041851233477,77.1953764632204,built_up,High,41.459015,0.16458787,Cool roof,393469.30619936297,1.0,2.5414943027177834e-06,585198740.3674351,False
1488,+85962+31895,28.6522151429029,77.22142760645829,built_up,High,41.45865,0.11794085,Cool roof,393462.7042539635,1.0,2.5415369466747284e-06,585592203.071689,False
1489,+85953+31890,28.647723566482572,77.21334276890171,built_up,High,41.457092,0.13668509,Cool roof,393479.2083937367,1.0,2.5414303441399263e-06,585985682.2800827,False
1490,+85983+31885,28.643231990062247,77.24029222742367,built_up,High,41.45697,0.15736209,Cool roof,393495.7101210463,1.0,2.541323766127926e-06,586379177.9902037,False
1491,+85956+31894,28.651316827618835,77.21603771475391,built_up,High,41.45578,0.15116327,Cool roof,393466.00527491106,1.0,2.5415156242057283e-06,586772643.9954786,False
1492,+85952+31887,28.645028620630377,77.21244445361764,built_up,High,41.455353,0.15607879,Cool roof,393489.10971962346,1.0,2.5413663943902783e-06,587166133.1051983,False
1493,+86021+31878,28.63694378307379,77.27442820821814,built_up,High,41.452545,0.12289873,Cool roof,393518.80848618085,1.0,2.5411745981008603e-06,587559651.9136845,False
1494,+85965+31898,28.654910088755095,77.22412255231049,built_up,High,41.451935,0.118924454,Cool roof,393452.80061215203,1.0,2.541600919968428e-06,587953104.7142967,False
1495,+85957+31871,28.630655576085335,77.21693603003797,built_up,High,41.45175,0.16170935,Cool roof,393541.90212249075,1.0,2.541025478117316e-06,588346646.6164192,False
1496,+85946+31821,28.58573981188207,77.20705456191325,built_up,Medium,41.44931,0.3507751,Cool roof,393706.7191251809,1.0,2.5399617314685587e-06,588740353.3355443,False
1497,+85953+31893,28.65041851233477,77.21334276890171,built_up,High,41.447876,0.1505231,Cool roof,393469.30619936297,1.0,2.5414943027177834e-06,589133822.6417437,False
1498,+85984+31853,28.61448590097216,77.24119054270773,built_up,Medium,41.444183,0.30573553,Cool roof,393601.26404311205,1.0,2.5406422472527113e-06,589527423.9057868,False
1499,+85954+31894,28.651316827618835,77.21424108418577,built_up,High,41.442932,0.15822046,Cool roof,393466.00527491106,1.0,2.5415156242057283e-06,589920889.9110616,False
1500,+85956+31895,28.6522151429029,77.21603771475391,built_up,High,41.442474,0.1519123,Cool roof,393462.7042539635,1.0,2.5415369466747284e-06,590314352.6153156,False
1501,+86009+31864,28.624367369096877,77.26364842480936,built_up,Medium,41.442413,0.3510533,Cool roof,393564.99102974543,1.0,2.540876406164949e-06,590707917.6063453,False
1502,+85953+31855,28.61628253154029,77.21334276890171,built_up,High,41.441772,0.16918401,Cool roof,393594.6698184574,1.0,2.540684812782761e-06,591101512.2761637,False
1503,+85963+31887,28.645028620630377,77.22232592174235,built_up,Medium,41.44156,0.35748285,Cool roof,393489.10971962346,1.0,2.5413663943902783e-06,591495001.3858833,False
1504,+86025+31894,28.651316827618835,77.2780214693544,built_up,High,41.441315,0.18517798,Cool roof,393466.00527491106,1.0,2.5415156242057283e-06,591888467.3911582,False
1505,+85950+31900,28.656706719323225,77.21064782304951,built_up,High,41.43936,0.1191445,Cool roof,393446.19770181086,1.0,2.541643573736835e-06,592281913.58886,False
1506,+85998+31846,28.6081976939837,77.25376695668464,built_up,High,41.438873,0.21417795,Cool roof,393624.3407888798,1.0,2.540493298752451e-06,592675537.9296489,False
1507,+85952+31891,28.64862188176664,77.21244445361764,built_up,High,41.437378,0.13901666,Cool roof,393475.90775877645,1.0,2.5414516626849184e-06,593069013.8374077,False
1508,+85971+31888,28.645926935914442,77.22951244401489,built_up,High,41.437103,0.13050802,Cool roof,393485.8093741609,1.0,2.541387709992642e-06,593462499.6467819,False
1509,+85962+31896,28.653113458186965,77.22142760645829,built_up,High,41.436737,0.1237765,Cool roof,393459.4031365207,1.0,2.541558270124821e-06,593855959.0499184,False
1510,+85975+31886,28.644130305346312,77.23310570515115,built_up,High,41.4357,0.119859464,Cool roof,393492.40996858553,1.0,2.541345079768718e-06,594249451.459887,False
1511,+86020+31875,28.634248837221595,77.27352989293408,built_up,High,41.43466,0.12939136,Cool roof,393528.7063379382,1.0,2.5411106836543245e-06,594642980.166225,False
1512,+85960+31897,28.65401177347103,77.21963097589017,built_up,High,41.434174,0.12328091,Cool roof,393456.10192258324,1.0,2.5415795945560422e-06,595036436.2681476,False
1513,+85992+31864,28.624367369096877,77.24837706498025,built_up,Medium,41.43405,0.3828714,Cool roof,393564.99102974543,1.0,2.540876406164949e-06,595430001.2591773,False
1514,+85938+31892,28.649520197050705,77.19986803964073,built_up,High,41.430725,0.18379554,Cool roof,393472.6070273184,1.0,2.5414729822108584e-06,595823473.8662046,False
1515,+86013+31893,28.65041851233477,77.26724168594562,built_up,Medium,41.42691,0.35118282,Cool roof,393469.30619936297,1.0,2.5414943027177834e-06,596216943.1724039,False
1516,+85983+31856,28.617180846824354,77.24029222742367,built_up,High,41.4256,0.2718501,Cool roof,393591.3725613467,1.0,2.540706097017246e-06,596610534.5449653,False
1517,+85965+31897,28.65401177347103,77.22412255231049,built_up,High,41.425385,0.11926425,Cool roof,393456.10192258324,1.0,2.5415795945560422e-06,597003990.6468879,False
1518,+85965+31883,28.641435359494118,77.22412255231049,built_up,Medium,41.42508,0.32725093,Cool roof,393502.3101364616,1.0,2.541281141788501e-06,597397492.9570243,False
1519,+85982+31888,28.645926935914442,77.2393939121396,built_up,High,41.42166,0.14429405,Cool roof,393485.8093741609,1.0,2.541387709992642e-06,597790978.7663985,False
1520,+85963+31894,28.651316827618835,77.22232592174235,built_up,High,41.418274,0.120823264,Cool roof,393466.00527491106,1.0,2.5415156242057283e-06,598184444.7716734,False
1521,+85963+31888,28.645926935914442,77.22232592174235,built_up,Medium,41.417908,0.31821063,Cool roof,393485.8093741609,1.0,2.541387709992642e-06,598577930.5810477,False
1522,+85954+31883,28.641435359494118,77.21424108418577,built_up,High,41.41751,0.14718156,Cool roof,393502.3101364616,1.0,2.541281141788501e-06,598971432.8911841,False
1523,+86020+31878,28.63694378307379,77.27352989293408,built_up,High,41.413666,0.12362823,Cool roof,393518.80848618085,1.0,2.5411745981008603e-06,599364951.6996703,False
1524,+85967+31885,28.643231990062247,77.22591918287863,built_up,Medium,41.41342,0.3174078,Cool roof,393495.7101210463,1.0,2.541323766127926e-06,599758447.4097914,False
1525,+85960+31876,28.63514715250566,77.21963097589017,built_up,High,41.41266,0.19548157,Cool roof,393525.4071505268,1.0,2.5411319874894163e-06,600151972.8169419,False
1526,+86025+31899,28.65580840403916,77.2780214693544,built_up,High,41.40909,0.12224436,Cool roof,393449.49920522765,1.0,2.541622246362014e-06,600545422.3161471,False
1527,+86013+31820,28.584841496598006,77.26724168594562,built_up,High,41.408813,0.25180024,Cool roof,393710.01300361863,1.0,2.5399404815005527e-06,600939132.3291507,False
1528,+86025+31865,28.625265684380942,77.2780214693544,built_up,High,41.407135,0.24611653,Cool roof,393561.6929039662,1.0,2.540897699217927e-06,601332694.0220547,False
1529,+85956+31889,28.646825251198507,77.21603771475391,built_up,High,41.407013,0.1281642,Cool roof,393482.5089321985,1.0,2.5414090265758455e-06,601726176.5309869,False
1530,+85940+31830,28.59382464943866,77.20166467020886,built_up,Medium,41.406555,0.35591972,Cool roof,393677.0698747999,1.0,2.540153025214365e-06,602119853.6008617,False
1531,+86015+31824,28.58843475773427,77.26903831651376,built_up,Medium,41.406464,0.32643655,Cool roof,393696.8369106009,1.0,2.5400254872433124e-06,602513550.4377723,False
1532,+85968+31874,28.63335052193753,77.22681749816269,built_up,High,41.405365,0.23092903,Cool roof,393532.00542884105,1.0,2.541089380799604e-06,602907082.4432011,False
1533,+85956+31897,28.65401177347103,77.21603771475391,built_up,High,41.404907,0.23616274,Cool roof,393456.10192258324,1.0,2.5415795945560422e-06,603300538.5451237,False
1534,+86015+31891,28.64862188176664,77.26903831651376,built_up,Medium,41.403473,0.30413815,Cool roof,393475.90775877645,1.0,2.5414516626849184e-06,603694014.4528825,False
1535,+86000+31826,28.5902313883024,77.25556358725278,built_up,High,41.402557,0.15422958,Cool roof,393690.24828483176,1.0,2.540067995985788e-06,604087704.7011673,False
1536,+86019+31875,28.634248837221595,77.27263157765002,built_up,High,41.400604,0.13028505,Cool roof,393528.7063379382,1.0,2.5411106836543245e-06,604481233.4075053,False
1537,+85933+31894,28.651316827618835,77.1953764632204,built_up,High,41.40042,0.19519214,Cool roof,393466.00527491106,1.0,2.5415156242057283e-06,604874699.4127802,False
1538,+85952+31855,28.61628253154029,77.21244445361764,built_up,High,41.4003,0.22979908,Cool roof,393594.6698184574,1.0,2.540684812782761e-06,605268294.0825986,False
1539,+85952+31893,28.65041851233477,77.21244445361764,built_up,High,41.398712,0.16560127,Cool roof,393469.30619936297,1.0,2.5414943027177834e-06,605661763.3887979,False
1540,+85965+31893,28.65041851233477,77.22412255231049,built_up,High,41.39862,0.11379691,Cool roof,393469.30619936297,1.0,2.5414943027177834e-06,606055232.6949972,False
1541,+86027+31900,28.656706719323225,77.27981809992254,built_up,High,41.39444,0.11502644,Cool roof,393446.19770181086,1.0,2.541643573736835e-06,606448678.892699,False
1542,+86024+31899,28.65580840403916,77.27712315407034,built_up,High,41.394318,0.13112558,Cool roof,393449.49920522765,1.0,2.541622246362014e-06,606842128.3919042,False
1543,+86022+31880,28.638740413641923,77.27532652350222,built_up,High,41.39328,0.11983017,Cool roof,393512.20943580836,1.0,2.5412172126342245e-06,607235640.60134,False
1544,+85955+31893,28.65041851233477,77.21513939946983,built_up,High,41.393036,0.14949897,Cool roof,393469.30619936297,1.0,2.5414943027177834e-06,607629109.9075394,False
1545,+85997+31837,28.600112856427117,77.25286864140058,built_up,Medium,41.389496,0.33395424,Cool roof,393654.0039405227,1.0,2.5403018640478256e-06,608022763.91148,False
1546,+85947+31900,28.656706719323225,77.20795287719731,built_up,High,41.38907,0.12947713,Cool roof,393446.19770181086,1.0,2.541643573736835e-06,608416210.1091818,False
1547,+86016+31841,28.603706117563377,77.26993663179782,built_up,Medium,41.388336,0.41367075,Cool roof,393640.8212828831,1.0,2.5403869363471513e-06,608809850.9304646,False
1548,+85991+31865,28.625265684380942,77.24747874969619,built_up,Medium,41.388275,0.39304855,Cool roof,393561.6929039662,1.0,2.540897699217927e-06,609203412.6233686,False
1549,+85939+31891,28.64862188176664,77.2007663549248,built_up,High,41.385498,0.23067077,Cool roof,393475.90775877645,1.0,2.5414516626849184e-06,609596888.5311275,False
1550,+85975+31888,28.645926935914442,77.23310570515115,built_up,High,41.38501,0.12204897,Cool roof,393485.8093741609,1.0,2.541387709992642e-06,609990374.3405017,False
1551,+86001+31879,28.637842098357854,77.25646190253684,built_up,Medium,41.384613,0.36997977,Cool roof,393515.50900924753,1.0,2.5411959048772846e-06,610383889.8495109,False
1552,+85951+31897,28.65401177347103,77.21154613833357,built_up,High,41.384552,0.1591635,Cool roof,393456.10192258324,1.0,2.5415795945560422e-06,610777345.9514335,False
1553,+86015+31877,28.636045467789724,77.26903831651376,built_up,Medium,41.384064,0.42496198,Cool roof,393522.10786660743,1.0,2.5411532923049165e-06,611170868.0593002,False
1554,+85946+31881,28.639638728925988,77.20705456191325,built_up,Medium,41.383972,0.29684955,Cool roof,393508.9097658637,1.0,2.5412385213717176e-06,611564376.969066,False
1555,+85998+31876,28.63514715250566,77.25376695668464,built_up,High,41.383636,0.27552727,Cool roof,393525.4071505268,1.0,2.5411319874894163e-06,611957902.3762165,False
1556,+85966+31896,28.653113458186965,77.22502086759455,built_up,High,41.383453,0.12764992,Cool roof,393459.4031365207,1.0,2.541558270124821e-06,612351361.779353,False
1557,+85945+31853,28.61448590097216,77.20615624662919,built_up,Medium,41.38315,0.31408295,Cool roof,393601.26404311205,1.0,2.5406422472527113e-06,612744963.0433961,False
1558,+86021+31885,28.643231990062247,77.27442820821814,built_up,High,41.382904,0.16024445,Cool roof,393495.7101210463,1.0,2.541323766127926e-06,613138458.7535172,False
1559,+85958+31890,28.647723566482572,77.21783434532203,built_up,High,41.382385,0.22693558,Cool roof,393479.2083937367,1.0,2.5414303441399263e-06,613531937.9619108,False
1560,+85959+31880,28.638740413641923,77.2187326606061,built_up,High,41.38156,0.26975122,Cool roof,393512.20943580836,1.0,2.5412172126342245e-06,613925450.1713467,False
1561,+85964+31896,28.653113458186965,77.22322423702643,built_up,High,41.37906,0.12184475,Cool roof,393459.4031365207,1.0,2.541558270124821e-06,614318909.5744832,False
1562,+86001+31882,28.640537044210053,77.25646190253684,built_up,High,41.377655,0.22658385,Cool roof,393505.6099994146,1.0,2.5412598310897976e-06,614712415.1844826,False
1563,+85987+31900,28.656706719323225,77.24388548855993,built_up,Medium,41.375946,0.3265137,Cool roof,393446.19770181086,1.0,2.541643573736835e-06,615105861.3821844,False
1564,+85973+31851,28.61268927040403,77.23130907458301,built_up,Medium,41.3757,0.33751807,Cool roof,393607.8578816729,1.0,2.5405996856409857e-06,615499469.240066,False
1565,+85939+31892,28.649520197050705,77.2007663549248,built_up,High,41.37509,0.23635156,Cool roof,393472.6070273184,1.0,2.5414729822108584e-06,615892941.8470933,False
1566,+85936+31892,28.649520197050705,77.1980714090726,built_up,High,41.37494,0.19534236,Cool roof,393472.6070273184,1.0,2.5414729822108584e-06,616286414.4541206,False
1567,+85972+31872,28.6315538913694,77.23041075929895,built_up,High,41.374115,0.24108957,Cool roof,393538.6033211179,1.0,2.5410467780311365e-06,616679953.0574417,False
1568,+85945+31880,28.638740413641923,77.20615624662919,built_up,Medium,41.37314,0.3305606,Cool roof,393512.20943580836,1.0,2.5412172126342245e-06,617073465.2668775,False
1569,+85983+31826,28.5902313883024,77.24029222742367,built_up,High,41.3721,0.24097557,Cool roof,393690.24828483176,1.0,2.540067995985788e-06,617467155.5151623,False
1570,+85978+31820,28.584841496598006,77.23580065100334,built_up,Medium,41.37082,0.35046533,Cool roof,393710.01300361863,1.0,2.5399404815005527e-06,617860865.5281659,False
1571,+85971+31873,28.632452206653465,77.22951244401489,built_up,High,41.368195,0.2742222,Cool roof,393535.3044232345,1.0,2.5410680789252197e-06,618254400.8325891,False
1572,+85944+31853,28.61448590097216,77.20525793134512,built_up,Medium,41.366302,0.3095275,Cool roof,393601.26404311205,1.0,2.5406422472527113e-06,618648002.0966322,False
1573,+86022+31886,28.644130305346312,77.27532652350222,built_up,High,41.365387,0.12838042,Cool roof,393492.40996858553,1.0,2.541345079768718e-06,619041494.5066009,False
1574,+85978+31819,28.58394318131394,77.23580065100334,built_up,High,41.364594,0.23995255,Cool roof,393713.30678551074,1.0,2.5399192325109433e-06,619435207.8133863,False
1575,+86019+31849,28.6108926398359,77.27263157765002,built_up,High,41.363556,0.23012823,Cool roof,393614.4513341348,1.0,2.5405571279472957e-06,619828822.2647204,False
1576,+85963+31896,28.653113458186965,77.22232592174235,built_up,High,41.36325,0.12449704,Cool roof,393459.4031365207,1.0,2.541558270124821e-06,620222281.6678569,False
1577,+85961+31879,28.637842098357854,77.22052929117423,built_up,Medium,41.363068,0.2993455,Cool roof,393515.50900924753,1.0,2.5411959048772846e-06,620615797.1768662,False
1578,+85958+31874,28.63335052193753,77.21783434532203,built_up,High,41.362244,0.23845436,Cool roof,393532.00542884105,1.0,2.541089380799604e-06,621009329.182295,False
1579,+85986+31851,28.61268927040403,77.24298717327586,built_up,Medium,41.361084,0.32050508,Cool roof,393607.8578816729,1.0,2.5405996856409857e-06,621402937.0401766,False
1580,+86006+31862,28.622570738528747,77.26095347895716,built_up,Medium,41.361053,0.387409,Cool roof,393571.58699175547,1.0,2.5408338229988843e-06,621796508.6271684,False
1581,+85950+31896,28.653113458186965,77.21064782304951,built_up,High,41.358734,0.21588065,Cool roof,393459.4031365207,1.0,2.541558270124821e-06,622189968.0303049,False
1582,+85965+31895,28.6522151429029,77.22412255231049,built_up,High,41.358,0.13139708,Cool roof,393462.7042539635,1.0,2.5415369466747284e-06,622583430.7345588,False
1583,+85975+31887,28.645028620630377,77.23310570515115,built_up,High,41.35727,0.12160998,Cool roof,393489.10971962346,1.0,2.5413663943902783e-06,622976919.8442785,False
1584,+85977+31823,28.5875364424502,77.23490233571927,built_up,Medium,41.356476,0.36964786,Cool roof,393700.13107867143,1.0,2.540004234339902e-06,623370619.9753572,False
1585,+85955+31883,28.641435359494118,77.21513939946983,built_up,High,41.355865,0.13819642,Cool roof,393502.3101364616,1.0,2.541281141788501e-06,623764122.2854936,False
1586,+85984+31887,28.645028620630377,77.24119054270773,built_up,High,41.353638,0.261824,Cool roof,393489.10971962346,1.0,2.5413663943902783e-06,624157611.3952132,False
1587,+85977+31887,28.645028620630377,77.23490233571927,built_up,High,41.352448,0.12339534,Cool roof,393489.10971962346,1.0,2.5413663943902783e-06,624551100.5049329,False
1588,+85963+31897,28.65401177347103,77.22232592174235,built_up,High,41.350372,0.12617777,Cool roof,393456.10192258324,1.0,2.5415795945560422e-06,624944556.6068555,False
1589,+85955+31894,28.651316827618835,77.21513939946983,built_up,High,41.34906,0.154885,Cool roof,393466.00527491106,1.0,2.5415156242057283e-06,625338022.6121304,False
1590,+86026+31900,28.656706719323225,77.27891978463848,built_up,High,41.34842,0.11332981,Cool roof,393446.19770181086,1.0,2.541643573736835e-06,625731468.8098322,False
1591,+85972+31888,28.645926935914442,77.23041075929895,built_up,High,41.348053,0.1371891,Cool roof,393485.8093741609,1.0,2.541387709992642e-06,626124954.6192064,False
1592,+86018+31871,28.630655576085335,77.27173326236594,built_up,Medium,41.343903,0.28905144,Cool roof,393541.90212249075,1.0,2.541025478117316e-06,626518496.5213289,False
1593,+86024+31866,28.626163999665007,77.27712315407034,built_up,High,41.34372,0.18135627,Cool roof,393558.39468167134,1.0,2.5409189932509185e-06,626912054.9160106,False
1594,+85976+31876,28.63514715250566,77.23400402043521,built_up,Medium,41.341522,0.28824052,Cool roof,393525.4071505268,1.0,2.5411319874894163e-06,627305580.3231611,False
1595,+85977+31883,28.641435359494118,77.23490233571927,built_up,High,41.3403,0.17470793,Cool roof,393502.3101364616,1.0,2.541281141788501e-06,627699082.6332976,False
1596,+85987+31884,28.642333674778182,77.24388548855993,built_up,High,41.339752,0.1618937,Cool roof,393499.01017700526,1.0,2.5413024534678655e-06,628092581.6434746,False
1597,+85954+31898,28.654910088755095,77.21424108418577,built_up,High,41.339447,0.21444261,Cool roof,393452.80061215203,1.0,2.541600919968428e-06,628486034.4440868,False
1598,+85955+31886,28.644130305346312,77.21513939946983,built_up,High,41.339325,0.13991445,Cool roof,393492.40996858553,1.0,2.541345079768718e-06,628879526.8540554,False
1599,+85960+31896,28.653113458186965,77.21963097589017,built_up,High,41.33731,0.13795586,Cool roof,393459.4031365207,1.0,2.541558270124821e-06,629272986.2571919,False
1600,+85998+31827,28.591129703586464,77.25376695668464,built_up,High,41.336914,0.23213379,Cool roof,393686.95382713445,1.0,2.5400892518249255e-06,629666673.211019,False
1601,+85974+31886,28.644130305346312,77.23220738986707,built_up,High,41.336273,0.124870725,Cool roof,393492.40996858553,1.0,2.541345079768718e-06,630060165.6209877,False
1602,+86016+31880,28.638740413641923,77.26993663179782,built_up,High,41.335114,0.2654401,Cool roof,393512.20943580836,1.0,2.5412172126342245e-06,630453677.8304235,False
1603,+86010+31898,28.654910088755095,77.26454674009342,built_up,High,41.33481,0.22435465,Cool roof,393452.80061215203,1.0,2.541600919968428e-06,630847130.6310357,False
1604,+85945+31893,28.65041851233477,77.20615624662919,built_up,High,41.333466,0.21106619,Cool roof,393469.30619936297,1.0,2.5414943027177834e-06,631240599.937235,False
1605,+86018+31875,28.634248837221595,77.27173326236594,built_up,High,41.332672,0.17627372,Cool roof,393528.7063379382,1.0,2.5411106836543245e-06,631634128.6435729,False
1606,+85984+31886,28.644130305346312,77.24119054270773,built_up,High,41.332184,0.14816013,Cool roof,393492.40996858553,1.0,2.541345079768718e-06,632027621.0535415,False
1607,+85958+31889,28.646825251198507,77.21783434532203,built_up,High,41.324768,0.22295143,Cool roof,393482.5089321985,1.0,2.5414090265758455e-06,632421103.5624738,False
1608,+85991+31876,28.63514715250566,77.24747874969619,built_up,Medium,41.322388,0.30293658,Cool roof,393525.4071505268,1.0,2.5411319874894163e-06,632814628.9696243,False
1609,+85949+31895,28.6522151429029,77.20974950776545,built_up,High,41.32196,0.17778677,Cool roof,393462.7042539635,1.0,2.5415369466747284e-06,633208091.6738782,False
1610,+86019+31900,28.656706719323225,77.27263157765002,built_up,High,41.321808,0.17565046,Cool roof,393446.19770181086,1.0,2.541643573736835e-06,633601537.87158,False
1611,+85982+31855,28.61628253154029,77.2393939121396,built_up,High,41.321533,0.24697573,Cool roof,393594.6698184574,1.0,2.540684812782761e-06,633995132.5413984,False
1612,+85984+31856,28.617180846824354,77.24119054270773,built_up,High,41.319733,0.23527718,Cool roof,393591.3725613467,1.0,2.540706097017246e-06,634388723.9139597,False
1613,+85970+31887,28.645028620630377,77.22861412873081,built_up,High,41.317657,0.15203594,Cool roof,393489.10971962346,1.0,2.5413663943902783e-06,634782213.0236794,False
1614,+85975+31885,28.643231990062247,77.23310570515115,built_up,High,41.316895,0.1485554,Cool roof,393495.7101210463,1.0,2.541323766127926e-06,635175708.7338004,False
1615,+85959+31874,28.63335052193753,77.2187326606061,built_up,Medium,41.316498,0.30301923,Cool roof,393532.00542884105,1.0,2.541089380799604e-06,635569240.7392292,False
1616,+85976+31888,28.645926935914442,77.23400402043521,built_up,High,41.316498,0.12559246,Cool roof,393485.8093741609,1.0,2.541387709992642e-06,635962726.5486034,False
1617,+85980+31824,28.58843475773427,77.23759728157147,built_up,Medium,41.315887,0.29536742,Cool roof,393696.8369106009,1.0,2.5400254872433124e-06,636356423.385514,False
1618,+85988+31899,28.65580840403916,77.24478380384399,built_up,Medium,41.315582,0.32577726,Cool roof,393449.49920522765,1.0,2.541622246362014e-06,636749872.8847193,False
1619,+85974+31881,28.639638728925988,77.23220738986707,built_up,High,41.31436,0.20589997,Cool roof,393508.9097658637,1.0,2.5412385213717176e-06,637143381.7944851,False
1620,+85977+31822,28.586638127166136,77.23490233571927,built_up,Medium,41.311615,0.35390538,Cool roof,393703.4251501983,1.0,2.5399829824149967e-06,637537085.2196352,False
1621,+85982+31884,28.642333674778182,77.2393939121396,built_up,High,41.311554,0.1478034,Cool roof,393499.01017700526,1.0,2.5413024534678655e-06,637930584.2298123,False
1622,+85982+31887,28.645028620630377,77.2393939121396,built_up,High,41.31137,0.12016346,Cool roof,393489.10971962346,1.0,2.5413663943902783e-06,638324073.3395319,False
1623,+85949+31887,28.645028620630377,77.20974950776545,built_up,High,41.31079,0.19669044,Cool roof,393489.10971962346,1.0,2.5413663943902783e-06,638717562.4492515,False
1624,+85956+31888,28.645926935914442,77.21603771475391,built_up,High,41.310577,0.1996233,Cool roof,393485.8093741609,1.0,2.541387709992642e-06,639111048.2586257,False
1625,+85947+31881,28.639638728925988,77.20795287719731,built_up,High,41.309723,0.2513749,Cool roof,393508.9097658637,1.0,2.5412385213717176e-06,639504557.1683916,False
1626,+86016+31885,28.643231990062247,77.26993663179782,built_up,Medium,41.30771,0.3590752,Cool roof,393495.7101210463,1.0,2.541323766127926e-06,639898052.8785126,False
1627,+85976+31885,28.643231990062247,77.23400402043521,built_up,High,41.307495,0.14462845,Cool roof,393495.7101210463,1.0,2.541323766127926e-06,640291548.5886337,False
1628,+86029+31858,28.618977477392487,77.28161473049066,built_up,Medium,41.307465,0.3056473,Cool roof,393584.7777575614,1.0,2.5407486684253207e-06,640685133.3663912,False
1629,+85988+31863,28.623469053812812,77.24478380384399,built_up,Medium,41.306946,0.30694953,Cool roof,393568.2890590088,1.0,2.5408551140919464e-06,641078701.6554502,False
1630,+85973+31872,28.6315538913694,77.23130907458301,built_up,Medium,41.305206,0.28958502,Cool roof,393538.6033211179,1.0,2.5410467780311365e-06,641472240.2587713,False
1631,+85944+31831,28.594722964722724,77.20525793134512,built_up,Medium,41.304443,0.36006585,Cool roof,393673.77503094316,1.0,2.5401742849683066e-06,641865914.0338023,False
1632,+85950+31898,28.654910088755095,77.21064782304951,built_up,High,41.303833,0.13987415,Cool roof,393452.80061215203,1.0,2.541600919968428e-06,642259366.8344145,False
1633,+85982+31889,28.646825251198507,77.2393939121396,built_up,High,41.303375,0.14304353,Cool roof,393482.5089321985,1.0,2.5414090265758455e-06,642652849.3433467,False
1634,+85953+31896,28.653113458186965,77.21334276890171,built_up,High,41.302063,0.16793172,Cool roof,393459.4031365207,1.0,2.541558270124821e-06,643046308.7464832,False
1635,+85973+31887,28.645028620630377,77.23130907458301,built_up,High,41.298492,0.116425246,Cool roof,393489.10971962346,1.0,2.5413663943902783e-06,643439797.8562028,False
1636,+86018+31892,28.649520197050705,77.27173326236594,built_up,High,41.296844,0.1437942,Cool roof,393472.6070273184,1.0,2.5414729822108584e-06,643833270.4632301,False
1637,+85948+31881,28.639638728925988,77.20885119248138,built_up,High,41.295563,0.24194297,Cool roof,393508.9097658637,1.0,2.5412385213717176e-06,644226779.372996,False
1638,+85966+31895,28.6522151429029,77.22502086759455,built_up,High,41.295197,0.14961459,Cool roof,393462.7042539635,1.0,2.5415369466747284e-06,644620242.0772499,False
1639,+85948+31898,28.654910088755095,77.20885119248138,built_up,High,41.29422,0.13168265,Cool roof,393452.80061215203,1.0,2.541600919968428e-06,645013694.8778621,False
1640,+86029+31857,28.61807916210842,77.28161473049066,built_up,High,41.293243,0.24871469,Cool roof,393588.07520771434,1.0,2.5407273822314218e-06,645407282.9530698,False
1641,+85975+31819,28.58394318131394,77.23310570515115,built_up,High,41.292725,0.19123587,Cool roof,393713.30678551074,1.0,2.5399192325109433e-06,645800996.2598553,False
1642,+86023+31886,28.644130305346312,77.27622483878628,built_up,High,41.289246,0.12964168,Cool roof,393492.40996858553,1.0,2.541345079768718e-06,646194488.6698239,False
1643,+85993+31864,28.624367369096877,77.24927538026432,built_up,Medium,41.288666,0.3403661,Cool roof,393564.99102974543,1.0,2.540876406164949e-06,646588053.6608536,False
1644,+85944+31893,28.65041851233477,77.20525793134512,built_up,High,41.286896,0.2789312,Cool roof,393469.30619936297,1.0,2.5414943027177834e-06,646981522.9670529,False
1645,+85954+31888,28.645926935914442,77.21424108418577,built_up,High,41.286682,0.13748227,Cool roof,393485.8093741609,1.0,2.541387709992642e-06,647375008.7764271,False
1646,+85949+31899,28.65580840403916,77.20974950776545,built_up,High,41.286346,0.12622997,Cool roof,393449.49920522765,1.0,2.541622246362014e-06,647768458.2756324,False
1647,+86013+31864,28.624367369096877,77.26724168594562,built_up,Medium,41.28482,0.32127714,Cool roof,393564.99102974543,1.0,2.540876406164949e-06,648162023.2666621,False
1648,+85934+31833,28.596519595290854,77.19627477850447,built_up,High,41.283783,0.20379265,Cool roof,393667.18505361537,1.0,2.5402168074126e-06,648555690.4517157,False
1649,+86021+31886,28.644130305346312,77.27442820821814,built_up,High,41.282623,0.12727939,Cool roof,393492.40996858553,1.0,2.541345079768718e-06,648949182.8616843,False
1650,+85951+31895,28.6522151429029,77.21154613833357,built_up,High,41.281403,0.13793659,Cool roof,393462.7042539635,1.0,2.5415369466747284e-06,649342645.5659382,False
1651,+85969+31884,28.642333674778182,77.22771581344675,built_up,High,41.2753,0.2623112,Cool roof,393499.01017700526,1.0,2.5413024534678655e-06,649736144.5761153,False
1652,+85962+31873,28.632452206653465,77.22142760645829,built_up,High,41.27368,0.21989776,Cool roof,393535.3044232345,1.0,2.5410680789252197e-06,650129679.8805385,False
1653,+85950+31892,28.649520197050705,77.21064782304951,built_up,High,41.27307,0.15228404,Cool roof,393472.6070273184,1.0,2.5414729822108584e-06,650523152.4875658,False
1654,+85995+31872,28.6315538913694,77.25107201083244,built_up,Medium,41.270966,0.34948537,Cool roof,393538.6033211179,1.0,2.5410467780311365e-06,650916691.0908868,False
1655,+85983+31888,28.645926935914442,77.24029222742367,built_up,High,41.269623,0.16897357,Cool roof,393485.8093741609,1.0,2.541387709992642e-06,651310176.900261,False
1656,+85959+31881,28.639638728925988,77.2187326606061,built_up,Medium,41.2695,0.3156417,Cool roof,393508.9097658637,1.0,2.5412385213717176e-06,651703685.8100269,False
1657,+85970+31886,28.644130305346312,77.22861412873081,built_up,High,41.26465,0.21362253,Cool roof,393492.40996858553,1.0,2.541345079768718e-06,652097178.2199955,False
1658,+85952+31890,28.647723566482572,77.21244445361764,built_up,High,41.26416,0.13183855,Cool roof,393479.2083937367,1.0,2.5414303441399263e-06,652490657.4283892,False
1659,+85977+31892,28.649520197050705,77.23490233571927,built_up,High,41.263,0.15120067,Cool roof,393472.6070273184,1.0,2.5414729822108584e-06,652884130.0354165,False
1660,+85948+31899,28.65580840403916,77.20885119248138,built_up,High,41.261383,0.12669033,Cool roof,393449.49920522765,1.0,2.541622246362014e-06,653277579.5346217,False
1661,+85976+31884,28.642333674778182,77.23400402043521,built_up,High,41.260254,0.16600609,Cool roof,393499.01017700526,1.0,2.5413024534678655e-06,653671078.5447987,False
1662,+85944+31822,28.586638127166136,77.20525793134512,built_up,Medium,41.25949,0.28072304,Cool roof,393703.4251501983,1.0,2.5399829824149967e-06,654064781.9699489,False
1663,+85955+31882,28.640537044210053,77.21513939946983,built_up,High,41.258698,0.1441402,Cool roof,393505.6099994146,1.0,2.5412598310897976e-06,654458287.5799483,False
1664,+85959+31876,28.63514715250566,77.2187326606061,built_up,Medium,41.258636,0.29063094,Cool roof,393525.4071505268,1.0,2.5411319874894163e-06,654851812.9870988,False
1665,+85995+31845,28.607299378699636,77.25107201083244,built_up,High,41.258453,0.27243534,Cool roof,393627.6370807394,1.0,2.5404720243128756e-06,655245440.6241796,False
1666,+85983+31827,28.591129703586464,77.24029222742367,built_up,Medium,41.257538,0.2954895,Cool roof,393686.95382713445,1.0,2.5400892518249255e-06,655639127.5780067,False
1667,+85964+31897,28.65401177347103,77.22322423702643,built_up,High,41.25711,0.12060309,Cool roof,393456.10192258324,1.0,2.5415795945560422e-06,656032583.6799294,False
1668,+86017+31881,28.639638728925988,77.27083494708188,built_up,Medium,41.25705,0.38847503,Cool roof,393508.9097658637,1.0,2.5412385213717176e-06,656426092.5896952,False
1669,+86024+31886,28.644130305346312,77.27712315407034,built_up,High,41.256165,0.13043651,Cool roof,393492.40996858553,1.0,2.541345079768718e-06,656819584.9996638,False
1670,+85956+31872,28.6315538913694,77.21603771475391,built_up,Medium,41.254242,0.29224193,Cool roof,393538.6033211179,1.0,2.5410467780311365e-06,657213123.6029849,False
1671,+85956+31883,28.641435359494118,77.21603771475391,built_up,High,41.253937,0.14978126,Cool roof,393502.3101364616,1.0,2.541281141788501e-06,657606625.9131213,False
1672,+85997+31840,28.60280780227931,77.25286864140058,built_up,Medium,41.253082,0.37545243,Cool roof,393644.11709209194,1.0,2.5403656668036852e-06,658000270.0302135,False
1673,+85951+31891,28.64862188176664,77.21154613833357,built_up,High,41.251434,0.14386898,Cool roof,393475.90775877645,1.0,2.5414516626849184e-06,658393745.9379723,False
1674,+85933+31892,28.649520197050705,77.1953764632204,built_up,High,41.25107,0.19939685,Cool roof,393472.6070273184,1.0,2.5414729822108584e-06,658787218.5449996,False
1675,+85957+31883,28.641435359494118,77.21693603003797,built_up,High,41.250763,0.14913861,Cool roof,393502.3101364616,1.0,2.541281141788501e-06,659180720.855136,False
1676,+85976+31891,28.64862188176664,77.23400402043521,built_up,High,41.249054,0.13368858,Cool roof,393475.90775877645,1.0,2.5414516626849184e-06,659574196.7628949,False
1677,+85944+31883,28.641435359494118,77.20525793134512,built_up,Medium,41.24643,0.2830089,Cool roof,393502.3101364616,1.0,2.541281141788501e-06,659967699.0730313,False
1678,+86020+31885,28.643231990062247,77.27352989293408,built_up,High,41.24466,0.16090041,Cool roof,393495.7101210463,1.0,2.541323766127926e-06,660361194.7831523,False
1679,+85935+31892,28.649520197050705,77.19717309378854,built_up,High,41.24228,0.19504438,Cool roof,393472.6070273184,1.0,2.5414729822108584e-06,660754667.3901796,False
1680,+85974+31887,28.645028620630377,77.23220738986707,built_up,High,41.241974,0.14825228,Cool roof,393489.10971962346,1.0,2.5413663943902783e-06,661148156.4998993,False
1681,+86024+31895,28.6522151429029,77.27712315407034,built_up,High,41.24054,0.14769056,Cool roof,393462.7042539635,1.0,2.5415369466747284e-06,661541619.2041532,False
1682,+86022+31890,28.647723566482572,77.27532652350222,built_up,High,41.239502,0.19910826,Cool roof,393479.2083937367,1.0,2.5414303441399263e-06,661935098.4125469,False
1683,+86024+31900,28.656706719323225,77.27712315407034,built_up,High,41.238007,0.1436677,Cool roof,393446.19770181086,1.0,2.541643573736835e-06,662328544.6102487,False
1684,+85958+31883,28.641435359494118,77.21783434532203,built_up,High,41.237213,0.25113404,Cool roof,393502.3101364616,1.0,2.541281141788501e-06,662722046.9203851,False
1685,+85951+31896,28.653113458186965,77.21154613833357,built_up,High,41.23648,0.14705998,Cool roof,393459.4031365207,1.0,2.541558270124821e-06,663115506.3235216,False
1686,+86014+31898,28.654910088755095,77.26814000122968,built_up,Medium,41.23532,0.30909637,Cool roof,393452.80061215203,1.0,2.541600919968428e-06,663508959.1241338,False
1687,+85953+31883,28.641435359494118,77.21334276890171,built_up,High,41.233948,0.16438758,Cool roof,393502.3101364616,1.0,2.541281141788501e-06,663902461.4342703,False
1688,+85979+31882,28.640537044210053,77.2366989662874,built_up,High,41.233307,0.25762856,Cool roof,393505.6099994146,1.0,2.5412598310897976e-06,664295967.0442697,False
1689,+85965+31875,28.634248837221595,77.22412255231049,built_up,High,41.233246,0.25182104,Cool roof,393528.7063379382,1.0,2.5411106836543245e-06,664689495.7506076,False
1690,+86000+31822,28.586638127166136,77.25556358725278,built_up,Medium,41.233063,0.28114328,Cool roof,393703.4251501983,1.0,2.5399829824149967e-06,665083199.1757578,False
1691,+85999+31820,28.584841496598006,77.2546652719687,built_up,High,41.231537,0.25573006,Cool roof,393710.01300361863,1.0,2.5399404815005527e-06,665476909.1887614,False
1692,+85977+31886,28.644130305346312,77.23490233571927,built_up,High,41.230927,0.12702884,Cool roof,393492.40996858553,1.0,2.541345079768718e-06,665870401.59873,False
1693,+85977+31888,28.645926935914442,77.23490233571927,built_up,High,41.22998,0.12973915,Cool roof,393485.8093741609,1.0,2.541387709992642e-06,666263887.4081042,False
1694,+86019+31898,28.654910088755095,77.27263157765002,built_up,High,41.227203,0.1810574,Cool roof,393452.80061215203,1.0,2.541600919968428e-06,666657340.2087164,False
1695,+85971+31869,28.628858945517205,77.22951244401489,built_up,Medium,41.226562,0.36911723,Cool roof,393548.4994357017,1.0,2.5409828812303243e-06,667050888.708152,False
1696,+86016+31892,28.649520197050705,77.26993663179782,built_up,Medium,41.224823,0.31647626,Cool roof,393472.6070273184,1.0,2.5414729822108584e-06,667444361.3151793,False
1697,+85946+31889,28.646825251198507,77.20705456191325,built_up,High,41.22354,0.18553646,Cool roof,393482.5089321985,1.0,2.5414090265758455e-06,667837843.8241116,False
1698,+85957+31881,28.639638728925988,77.21693603003797,built_up,Medium,41.22287,0.31906304,Cool roof,393508.9097658637,1.0,2.5412385213717176e-06,668231352.7338774,False
1699,+85952+31897,28.65401177347103,77.21244445361764,built_up,High,41.22278,0.16091025,Cool roof,393456.10192258324,1.0,2.5415795945560422e-06,668624808.8358,False
1700,+85937+31892,28.649520197050705,77.19896972435666,built_up,High,41.222168,0.15895773,Cool roof,393472.6070273184,1.0,2.5414729822108584e-06,669018281.4428273,False
1701,+86019+31889,28.646825251198507,77.27263157765002,built_up,High,41.220734,0.15970811,Cool roof,393482.5089321985,1.0,2.5414090265758455e-06,669411763.9517596,False
1702,+85950+31889,28.646825251198507,77.21064782304951,built_up,High,41.220673,0.12288416,Cool roof,393482.5089321985,1.0,2.5414090265758455e-06,669805246.4606918,False
1703,+85962+31893,28.65041851233477,77.22142760645829,built_up,High,41.219574,0.13068952,Cool roof,393469.30619936297,1.0,2.5414943027177834e-06,670198715.7668911,False
1704,+85991+31868,28.627960630233137,77.24747874969619,built_up,Medium,41.21884,0.31405494,Cool roof,393551.7979475385,1.0,2.5409615842570807e-06,670592267.5648386,False
1705,+85963+31892,28.649520197050705,77.22232592174235,built_up,High,41.21591,0.12831911,Cool roof,393472.6070273184,1.0,2.5414729822108584e-06,670985740.1718659,False
1706,+85934+31888,28.645926935914442,77.19627477850447,built_up,High,41.21457,0.22691749,Cool roof,393485.8093741609,1.0,2.541387709992642e-06,671379225.9812402,False
1707,+85987+31899,28.65580840403916,77.24388548855993,built_up,Medium,41.212006,0.30758074,Cool roof,393449.49920522765,1.0,2.541622246362014e-06,671772675.4804454,False
1708,+86018+31877,28.636045467789724,77.27173326236594,built_up,High,41.210358,0.23910238,Cool roof,393522.10786660743,1.0,2.5411532923049165e-06,672166197.588312,False
1709,+85954+31882,28.640537044210053,77.21424108418577,built_up,High,41.20938,0.1418455,Cool roof,393505.6099994146,1.0,2.5412598310897976e-06,672559703.1983114,False
1710,+86014+31893,28.65041851233477,77.26814000122968,built_up,Medium,41.20932,0.32492775,Cool roof,393469.30619936297,1.0,2.5414943027177834e-06,672953172.5045108,False
1711,+85976+31890,28.647723566482572,77.23400402043521,built_up,High,41.20749,0.15308091,Cool roof,393479.2083937367,1.0,2.5414303441399263e-06,673346651.7129045,False
1712,+86019+31878,28.63694378307379,77.27263157765002,built_up,High,41.207428,0.13791227,Cool roof,393518.80848618085,1.0,2.5411745981008603e-06,673740170.5213907,False
1713,+86012+31819,28.58394318131394,77.26634337066156,built_up,Medium,41.20706,0.30263656,Cool roof,393713.30678551074,1.0,2.5399192325109433e-06,674133883.8281761,False
1714,+85979+31887,28.645028620630377,77.2366989662874,built_up,High,41.206024,0.16103189,Cool roof,393489.10971962346,1.0,2.5413663943902783e-06,674527372.9378958,False
1715,+85972+31900,28.656706719323225,77.23041075929895,built_up,High,41.205322,0.2471979,Cool roof,393446.19770181086,1.0,2.541643573736835e-06,674920819.1355976,False
1716,+86000+31820,28.584841496598006,77.25556358725278,built_up,High,41.20407,0.16092616,Cool roof,393710.01300361863,1.0,2.5399404815005527e-06,675314529.1486012,False
1717,+85984+31889,28.646825251198507,77.24119054270773,built_up,Medium,41.20276,0.29256424,Cool roof,393482.5089321985,1.0,2.5414090265758455e-06,675708011.6575334,False
1718,+85970+31869,28.628858945517205,77.22861412873081,built_up,Medium,41.202423,0.2968518,Cool roof,393548.4994357017,1.0,2.5409828812303243e-06,676101560.1569691,False
1719,+85981+31900,28.656706719323225,77.23849559685553,built_up,Medium,41.2023,0.32477707,Cool roof,393446.19770181086,1.0,2.541643573736835e-06,676495006.3546709,False
1720,+85992+31876,28.63514715250566,77.24837706498025,built_up,Medium,41.197723,0.33177257,Cool roof,393525.4071505268,1.0,2.5411319874894163e-06,676888531.7618214,False
1721,+86017+31880,28.638740413641923,77.27083494708188,built_up,Medium,41.197174,0.31093547,Cool roof,393512.20943580836,1.0,2.5412172126342245e-06,677282043.9712572,False
1722,+85953+31889,28.646825251198507,77.21334276890171,built_up,High,41.197113,0.13811107,Cool roof,393482.5089321985,1.0,2.5414090265758455e-06,677675526.4801894,False
1723,+85976+31889,28.646825251198507,77.23400402043521,built_up,High,41.19632,0.12318046,Cool roof,393482.5089321985,1.0,2.5414090265758455e-06,678069008.9891217,False
1724,+86025+31900,28.656706719323225,77.2780214693544,built_up,High,41.19632,0.121388204,Cool roof,393446.19770181086,1.0,2.541643573736835e-06,678462455.1868235,False
1725,+85945+31881,28.639638728925988,77.20615624662919,built_up,High,41.19565,0.24498543,Cool roof,393508.9097658637,1.0,2.5412385213717176e-06,678855964.0965893,False
1726,+86019+31879,28.637842098357854,77.27263157765002,built_up,High,41.191254,0.13935578,Cool roof,393515.50900924753,1.0,2.5411959048772846e-06,679249479.6055986,False
1727,+85972+31873,28.632452206653465,77.23041075929895,built_up,Medium,41.190094,0.28403878,Cool roof,393535.3044232345,1.0,2.5410680789252197e-06,679643014.9100218,False
1728,+85983+31867,28.62706231494907,77.24029222742367,built_up,High,41.190094,0.21961093,Cool roof,393555.0963628619,1.0,2.5409402882639576e-06,680036570.0063846,False
1729,+85952+31895,28.6522151429029,77.21244445361764,built_up,High,41.18933,0.1342027,Cool roof,393462.7042539635,1.0,2.5415369466747284e-06,680430032.7106385,False
1730,+85969+31870,28.62975726080127,77.22771581344675,built_up,Medium,41.18857,0.3674184,Cool roof,393545.20082735224,1.0,2.541004179183724e-06,680823577.9114659,False
1731,+86010+31900,28.656706719323225,77.26454674009342,built_up,High,41.18802,0.23031338,Cool roof,393446.19770181086,1.0,2.541643573736835e-06,681217024.1091677,False
1732,+85945+31852,28.613587585688094,77.20615624662919,built_up,Medium,41.184998,0.29393843,Cool roof,393604.5610106546,1.0,2.5406209659570757e-06,681610628.6701783,False
1733,+85936+31891,28.64862188176664,77.1980714090726,built_up,High,41.184937,0.19580947,Cool roof,393475.90775877645,1.0,2.5414516626849184e-06,682004104.5779371,False
1734,+85957+31873,28.632452206653465,77.21693603003797,built_up,High,41.184113,0.22887272,Cool roof,393535.3044232345,1.0,2.5410680789252197e-06,682397639.8823603,False
1735,+85949+31898,28.654910088755095,77.20974950776545,built_up,High,41.184082,0.14992051,Cool roof,393452.80061215203,1.0,2.541600919968428e-06,682791092.6829726,False
1736,+86000+31880,28.638740413641923,77.25556358725278,built_up,Medium,41.180634,0.4871803,Cool roof,393512.20943580836,1.0,2.5412172126342245e-06,683184604.8924084,False
1737,+85960+31871,28.630655576085335,77.21963097589017,built_up,Medium,41.18039,0.28867036,Cool roof,393541.90212249075,1.0,2.541025478117316e-06,683578146.7945309,False
1738,+85994+31876,28.63514715250566,77.25017369554838,built_up,Medium,41.18033,0.3331086,Cool roof,393525.4071505268,1.0,2.5411319874894163e-06,683971672.2016814,False
1739,+85998+31879,28.637842098357854,77.25376695668464,built_up,Medium,41.17978,0.33484674,Cool roof,393515.50900924753,1.0,2.5411959048772846e-06,684365187.7106906,False
1740,+86014+31897,28.65401177347103,77.26814000122968,built_up,Medium,41.179718,0.28184673,Cool roof,393456.10192258324,1.0,2.5415795945560422e-06,684758643.8126132,False
1741,+86016+31875,28.634248837221595,77.26993663179782,built_up,Medium,41.17746,0.2944706,Cool roof,393528.7063379382,1.0,2.5411106836543245e-06,685152172.5189512,False
1742,+85956+31882,28.640537044210053,77.21603771475391,built_up,High,41.174408,0.15057316,Cool roof,393505.6099994146,1.0,2.5412598310897976e-06,685545678.1289506,False
1743,+86024+31894,28.651316827618835,77.27712315407034,built_up,High,41.172577,0.20949881,Cool roof,393466.00527491106,1.0,2.5415156242057283e-06,685939144.1342255,False
1744,+86020+31881,28.639638728925988,77.27352989293408,built_up,High,41.171967,0.13718788,Cool roof,393508.9097658637,1.0,2.5412385213717176e-06,686332653.0439913,False
1745,+86018+31878,28.63694378307379,77.27173326236594,built_up,Medium,41.17166,0.30961046,Cool roof,393518.80848618085,1.0,2.5411745981008603e-06,686726171.8524776,False
1746,+85978+31887,28.645028620630377,77.23580065100334,built_up,High,41.169983,0.14461528,Cool roof,393489.10971962346,1.0,2.5413663943902783e-06,687119660.9621972,False
1747,+85982+31885,28.643231990062247,77.2393939121396,built_up,High,41.16812,0.13004336,Cool roof,393495.7101210463,1.0,2.541323766127926e-06,687513156.6723182,False
1748,+85957+31884,28.642333674778182,77.21693603003797,built_up,High,41.167755,0.14083424,Cool roof,393499.01017700526,1.0,2.5413024534678655e-06,687906655.6824952,False
1749,+86020+31886,28.644130305346312,77.27352989293408,built_up,High,41.16638,0.13890584,Cool roof,393492.40996858553,1.0,2.541345079768718e-06,688300148.0924639,False
1750,+85964+31882,28.640537044210053,77.22322423702643,built_up,High,41.163513,0.25254583,Cool roof,393505.6099994146,1.0,2.5412598310897976e-06,688693653.7024633,False
1751,+85964+31888,28.645926935914442,77.22322423702643,built_up,Medium,41.16275,0.3654464,Cool roof,393485.8093741609,1.0,2.541387709992642e-06,689087139.5118375,False
1752,+85953+31873,28.632452206653465,77.21334276890171,built_up,Medium,41.162323,0.30734456,Cool roof,393535.3044232345,1.0,2.5410680789252197e-06,689480674.8162607,False
1753,+85959+31882,28.640537044210053,77.2187326606061,built_up,Medium,41.161407,0.2964215,Cool roof,393505.6099994146,1.0,2.5412598310897976e-06,689874180.4262601,False
1754,+85987+31860,28.620774107960617,77.24388548855993,built_up,High,41.160553,0.2489205,Cool roof,393578.1825676959,1.0,2.5407912437524376e-06,690267758.6088278,False
1755,+85975+31884,28.642333674778182,77.23310570515115,built_up,High,41.160187,0.18592784,Cool roof,393499.01017700526,1.0,2.5413024534678655e-06,690661257.6190048,False
1756,+86018+31879,28.637842098357854,77.27173326236594,built_up,High,41.157288,0.21010695,Cool roof,393515.50900924753,1.0,2.5411959048772846e-06,691054773.1280141,False
1757,+85944+31832,28.59562128000679,77.20525793134512,built_up,Medium,41.156006,0.3912422,Cool roof,393670.48009054805,1.0,2.5401955457010397e-06,691448443.6081046,False
1758,+85957+31880,28.638740413641923,77.21693603003797,built_up,Medium,41.15561,0.4563632,Cool roof,393512.20943580836,1.0,2.5412172126342245e-06,691841955.8175404,False
1759,+85957+31885,28.643231990062247,77.21693603003797,built_up,High,41.154846,0.14978625,Cool roof,393495.7101210463,1.0,2.541323766127926e-06,692235451.5276614,False
1760,+85982+31824,28.58843475773427,77.2393939121396,built_up,High,41.15396,0.20784548,Cool roof,393696.8369106009,1.0,2.5400254872433124e-06,692629148.364572,False
1761,+85941+31900,28.656706719323225,77.20256298549292,built_up,High,41.151245,0.1400751,Cool roof,393446.19770181086,1.0,2.541643573736835e-06,693022594.5622739,False
1762,+85996+31850,28.611790955119965,77.2519703261165,built_up,Medium,41.151062,0.27875012,Cool roof,393611.1546561666,1.0,2.540578406304404e-06,693416205.71693,False
1763,+86009+31825,28.589333073018334,77.26364842480936,built_up,Medium,41.15091,0.43955046,Cool roof,393693.54264598736,1.0,2.5400467411252633e-06,693809899.259576,False
1764,+85977+31884,28.642333674778182,77.23490233571927,built_up,High,41.15036,0.13461216,Cool roof,393499.01017700526,1.0,2.5413024534678655e-06,694203398.269753,False
1765,+86017+31882,28.640537044210053,77.27083494708188,built_up,Medium,41.150116,0.3944162,Cool roof,393505.6099994146,1.0,2.5412598310897976e-06,694596903.8797524,False
1766,+85981+31888,28.645926935914442,77.23849559685553,built_up,High,41.149323,0.13010101,Cool roof,393485.8093741609,1.0,2.541387709992642e-06,694990389.6891266,False
1767,+85980+31888,28.645926935914442,77.23759728157147,built_up,High,41.146942,0.13324125,Cool roof,393485.8093741609,1.0,2.541387709992642e-06,695383875.4985008,False
1768,+85951+31889,28.646825251198507,77.21154613833357,built_up,High,41.14627,0.11809878,Cool roof,393482.5089321985,1.0,2.5414090265758455e-06,695777358.007433,False
1769,+86001+31877,28.636045467789724,77.25646190253684,built_up,Medium,41.14566,0.35569367,Cool roof,393522.10786660743,1.0,2.5411532923049165e-06,696170880.1152997,False
1770,+86019+31880,28.638740413641923,77.27263157765002,built_up,High,41.14508,0.14844678,Cool roof,393512.20943580836,1.0,2.5412172126342245e-06,696564392.3247355,False
1771,+85982+31886,28.644130305346312,77.2393939121396,built_up,High,41.143524,0.14071657,Cool roof,393492.40996858553,1.0,2.541345079768718e-06,696957884.7347041,False
1772,+85958+31873,28.632452206653465,77.21783434532203,built_up,High,41.143097,0.21185638,Cool roof,393535.3044232345,1.0,2.5410680789252197e-06,697351420.0391273,False
1773,+86023+31867,28.62706231494907,77.27622483878628,built_up,Medium,41.14218,0.30153117,Cool roof,393555.0963628619,1.0,2.5409402882639576e-06,697744975.1354902,False
1774,+85978+31882,28.640537044210053,77.23580065100334,built_up,Medium,41.141815,0.28498328,Cool roof,393505.6099994146,1.0,2.5412598310897976e-06,698138480.7454896,False
1775,+85983+31866,28.626163999665007,77.24029222742367,built_up,Medium,41.141235,0.31187612,Cool roof,393558.39468167134,1.0,2.5409189932509185e-06,698532039.1401713,False
1776,+85991+31875,28.634248837221595,77.24747874969619,built_up,Medium,41.141205,0.32773516,Cool roof,393528.7063379382,1.0,2.5411106836543245e-06,698925567.8465092,False
1777,+85973+31881,28.639638728925988,77.23130907458301,built_up,Medium,41.138763,0.296774,Cool roof,393508.9097658637,1.0,2.5412385213717176e-06,699319076.756275,False
1778,+85934+31892,28.649520197050705,77.19627477850447,built_up,High,41.138702,0.238243,Cool roof,393472.6070273184,1.0,2.5414729822108584e-06,699712549.3633024,False
1779,+86000+31881,28.639638728925988,77.25556358725278,built_up,Medium,41.13748,0.34905088,Cool roof,393508.9097658637,1.0,2.5412385213717176e-06,700106058.2730682,False
1780,+86023+31884,28.642333674778182,77.27622483878628,built_up,High,41.13626,0.14269492,Cool roof,393499.01017700526,1.0,2.5413024534678655e-06,700499557.2832452,False
1781,+85949+31896,28.653113458186965,77.20974950776545,built_up,High,41.135834,0.18679444,Cool roof,393459.4031365207,1.0,2.541558270124821e-06,700893016.6863817,False
1782,+85951+31890,28.647723566482572,77.21154613833357,built_up,High,41.133698,0.122656584,Cool roof,393479.2083937367,1.0,2.5414303441399263e-06,701286495.8947754,False
1783,+85983+31889,28.646825251198507,77.24029222742367,built_up,High,41.13202,0.19338858,Cool roof,393482.5089321985,1.0,2.5414090265758455e-06,701679978.4037076,False
1784,+85949+31854,28.615384216256224,77.20974950776545,built_up,Medium,41.128662,0.3243974,Cool roof,393597.9669790461,1.0,2.5406635295279275e-06,702073576.3706867,False
1785,+85948+31897,28.65401177347103,77.20885119248138,built_up,High,41.12851,0.18477295,Cool roof,393456.10192258324,1.0,2.5415795945560422e-06,702467032.4726093,False
1786,+85981+31885,28.643231990062247,77.23849559685553,built_up,High,41.125885,0.13013953,Cool roof,393495.7101210463,1.0,2.541323766127926e-06,702860528.1827303,False
1787,+85955+31888,28.645926935914442,77.21513939946983,built_up,High,41.1257,0.15170076,Cool roof,393485.8093741609,1.0,2.541387709992642e-06,703254013.9921045,False
1788,+85987+31864,28.624367369096877,77.24388548855993,built_up,Medium,41.125244,0.33329898,Cool roof,393564.99102974543,1.0,2.540876406164949e-06,703647578.9831343,False
1789,+85952+31889,28.646825251198507,77.21244445361764,built_up,High,41.125183,0.11662607,Cool roof,393482.5089321985,1.0,2.5414090265758455e-06,704041061.4920665,False
1790,+86019+31850,28.611790955119965,77.27263157765002,built_up,High,41.12491,0.23010992,Cool roof,393611.1546561666,1.0,2.540578406304404e-06,704434672.6467227,False
1791,+85982+31854,28.615384216256224,77.2393939121396,built_up,Medium,41.12381,0.36075413,Cool roof,393597.9669790461,1.0,2.5406635295279275e-06,704828270.6137017,False
1792,+86019+31897,28.65401177347103,77.27263157765002,built_up,High,41.12021,0.16014224,Cool roof,393456.10192258324,1.0,2.5415795945560422e-06,705221726.7156243,False
1793,+85974+31827,28.591129703586464,77.23220738986707,built_up,Medium,41.118042,0.27614713,Cool roof,393686.95382713445,1.0,2.5400892518249255e-06,705615413.6694515,False
1794,+85935+31888,28.645926935914442,77.19717309378854,built_up,High,41.117584,0.2098171,Cool roof,393485.8093741609,1.0,2.541387709992642e-06,706008899.4788257,False
1795,+85971+31872,28.6315538913694,77.22951244401489,built_up,Medium,41.116882,0.2728291,Cool roof,393538.6033211179,1.0,2.5410467780311365e-06,706402438.0821468,False
1796,+86022+31892,28.649520197050705,77.27532652350222,built_up,High,41.115784,0.18802181,Cool roof,393472.6070273184,1.0,2.5414729822108584e-06,706795910.689174,False
1797,+86014+31821,28.58573981188207,77.26814000122968,built_up,Medium,41.114532,0.39880532,Cool roof,393706.7191251809,1.0,2.5399617314685587e-06,707189617.4082992,False
1798,+85994+31819,28.58394318131394,77.25017369554838,built_up,Medium,41.111145,0.29351583,Cool roof,393713.30678551074,1.0,2.5399192325109433e-06,707583330.7150847,False
1799,+85954+31884,28.642333674778182,77.21424108418577,built_up,High,41.108154,0.13630562,Cool roof,393499.01017700526,1.0,2.5413024534678655e-06,707976829.7252617,False
1800,+85981+31887,28.645028620630377,77.23849559685553,built_up,High,41.107056,0.1349423,Cool roof,393489.10971962346,1.0,2.5413663943902783e-06,708370318.8349813,False
1801,+85941+31854,28.615384216256224,77.20256298549292,built_up,High,41.106476,0.25476986,Cool roof,393597.9669790461,1.0,2.5406635295279275e-06,708763916.8019603,False
1802,+86016+31890,28.647723566482572,77.26993663179782,built_up,Medium,41.104645,0.28272194,Cool roof,393479.2083937367,1.0,2.5414303441399263e-06,709157396.010354,False
1803,+85962+31874,28.63335052193753,77.22142760645829,built_up,High,41.103424,0.2342584,Cool roof,393532.00542884105,1.0,2.541089380799604e-06,709550928.0157828,False
1804,+85964+31881,28.639638728925988,77.22322423702643,built_up,Medium,41.103363,0.3135098,Cool roof,393508.9097658637,1.0,2.5412385213717176e-06,709944436.9255487,False
1805,+86017+31852,28.613587585688094,77.27083494708188,built_up,Medium,41.10312,0.48231518,Cool roof,393604.5610106546,1.0,2.5406209659570757e-06,710338041.4865593,False
1806,+85945+31830,28.59382464943866,77.20615624662919,built_up,Medium,41.10147,0.32665658,Cool roof,393677.0698747999,1.0,2.540153025214365e-06,710731718.556434,False
1807,+86017+31864,28.624367369096877,77.27083494708188,built_up,Medium,41.101166,0.36856234,Cool roof,393564.99102974543,1.0,2.540876406164949e-06,711125283.5474638,False
1808,+85949+31890,28.647723566482572,77.20974950776545,built_up,High,41.09915,0.15174276,Cool roof,393479.2083937367,1.0,2.5414303441399263e-06,711518762.7558575,False
1809,+85993+31819,28.58394318131394,77.24927538026432,built_up,High,41.098755,0.17869598,Cool roof,393713.30678551074,1.0,2.5399192325109433e-06,711912476.0626429,False
1810,+85954+31874,28.63335052193753,77.21424108418577,built_up,Medium,41.09778,0.27943268,Cool roof,393532.00542884105,1.0,2.541089380799604e-06,712306008.0680717,False
1811,+85963+31879,28.637842098357854,77.22232592174235,built_up,Medium,41.094208,0.320477,Cool roof,393515.50900924753,1.0,2.5411959048772846e-06,712699523.577081,False
1812,+86017+31872,28.6315538913694,77.27083494708188,built_up,Medium,41.09268,0.3717172,Cool roof,393538.6033211179,1.0,2.5410467780311365e-06,713093062.180402,False
1813,+85981+31886,28.644130305346312,77.23849559685553,built_up,High,41.09195,0.15378721,Cool roof,393492.40996858553,1.0,2.541345079768718e-06,713486554.5903707,False
1814,+86019+31899,28.65580840403916,77.27263157765002,built_up,High,41.091705,0.20338345,Cool roof,393449.49920522765,1.0,2.541622246362014e-06,713880004.0895759,False
1815,+85947+31899,28.65580840403916,77.20795287719731,built_up,High,41.09024,0.13410488,Cool roof,393449.49920522765,1.0,2.541622246362014e-06,714273453.5887811,False
1816,+86018+31853,28.61448590097216,77.27173326236594,built_up,Medium,41.089874,0.42583528,Cool roof,393601.26404311205,1.0,2.5406422472527113e-06,714667054.8528242,False
1817,+85957+31878,28.63694378307379,77.21693603003797,built_up,High,41.08731,0.21601337,Cool roof,393518.80848618085,1.0,2.5411745981008603e-06,715060573.6613104,False
1818,+85979+31825,28.589333073018334,77.2366989662874,built_up,Medium,41.086823,0.3685976,Cool roof,393693.54264598736,1.0,2.5400467411252633e-06,715454267.2039564,False
1819,+85985+31861,28.621672423244682,77.24208885799179,built_up,High,41.084778,0.19656226,Cool roof,393574.88482798473,1.0,2.5408125328857267e-06,715847842.0887843,False
1820,+85958+31878,28.63694378307379,77.21783434532203,built_up,High,41.082123,0.25669083,Cool roof,393518.80848618085,1.0,2.5411745981008603e-06,716241360.8972706,False
1821,+85978+31884,28.642333674778182,77.23580065100334,built_up,High,41.080994,0.1380845,Cool roof,393499.01017700526,1.0,2.5413024534678655e-06,716634859.9074476,False
1822,+85961+31872,28.6315538913694,77.22052929117423,built_up,Medium,41.080902,0.3016401,Cool roof,393538.6033211179,1.0,2.5410467780311365e-06,717028398.5107687,False
1823,+86020+31894,28.651316827618835,77.27352989293408,built_up,High,41.078552,0.15860425,Cool roof,393466.00527491106,1.0,2.5415156242057283e-06,717421864.5160435,False
1824,+86025+31893,28.65041851233477,77.2780214693544,built_up,Medium,41.076965,0.31000838,Cool roof,393469.30619936297,1.0,2.5414943027177834e-06,717815333.8222429,False
1825,+85964+31893,28.65041851233477,77.22322423702643,built_up,High,41.07202,0.11077853,Cool roof,393469.30619936297,1.0,2.5414943027177834e-06,718208803.1284422,False
1826,+85948+31900,28.656706719323225,77.20885119248138,built_up,High,41.071136,0.1330187,Cool roof,393446.19770181086,1.0,2.541643573736835e-06,718602249.326144,False
1827,+85984+31888,28.645926935914442,77.24119054270773,built_up,Medium,41.06842,0.32844195,Cool roof,393485.8093741609,1.0,2.541387709992642e-06,718995735.1355182,False
1828,+85997+31822,28.586638127166136,77.25286864140058,built_up,Medium,41.06784,0.35917324,Cool roof,393703.4251501983,1.0,2.5399829824149967e-06,719389438.5606683,False
1829,+85972+31886,28.644130305346312,77.23041075929895,built_up,High,41.066925,0.14665277,Cool roof,393492.40996858553,1.0,2.541345079768718e-06,719782930.970637,False
1830,+86021+31894,28.651316827618835,77.27442820821814,built_up,High,41.065216,0.15071544,Cool roof,393466.00527491106,1.0,2.5415156242057283e-06,720176396.9759119,False
1831,+85950+31891,28.64862188176664,77.21064782304951,built_up,High,41.06479,0.17280965,Cool roof,393475.90775877645,1.0,2.5414516626849184e-06,720569872.8836707,False
1832,+86020+31848,28.609994324551835,77.27352989293408,built_up,High,41.06436,0.23683435,Cool roof,393617.74791557674,1.0,2.540535850569625e-06,720963490.6315863,False
1833,+85968+31870,28.62975726080127,77.22681749816269,built_up,Medium,41.0643,0.30741608,Cool roof,393545.20082735224,1.0,2.541004179183724e-06,721357035.8324137,False
1834,+85958+31872,28.6315538913694,77.21783434532203,built_up,Medium,41.063843,0.34520212,Cool roof,393538.6033211179,1.0,2.5410467780311365e-06,721750574.4357347,False
1835,+85950+31893,28.65041851233477,77.21064782304951,built_up,High,41.063293,0.14938942,Cool roof,393469.30619936297,1.0,2.5414943027177834e-06,722144043.7419341,False
1836,+86020+31874,28.63335052193753,77.27352989293408,built_up,High,41.060028,0.12422874,Cool roof,393532.00542884105,1.0,2.541089380799604e-06,722537575.7473629,False
1837,+86018+31850,28.611790955119965,77.27173326236594,built_up,Medium,41.059723,0.30190364,Cool roof,393611.1546561666,1.0,2.540578406304404e-06,722931186.902019,False
1838,+85979+31888,28.645926935914442,77.2366989662874,built_up,High,41.058563,0.12872402,Cool roof,393485.8093741609,1.0,2.541387709992642e-06,723324672.7113932,False
1839,+86023+31883,28.641435359494118,77.27622483878628,built_up,High,41.058258,0.15162271,Cool roof,393502.3101364616,1.0,2.541281141788501e-06,723718175.0215297,False
1840,+85952+31883,28.641435359494118,77.21244445361764,built_up,High,41.057404,0.16830494,Cool roof,393502.3101364616,1.0,2.541281141788501e-06,724111677.3316661,False
1841,+85981+31884,28.642333674778182,77.23849559685553,built_up,High,41.056793,0.13137928,Cool roof,393499.01017700526,1.0,2.5413024534678655e-06,724505176.3418431,False
1842,+85986+31876,28.63514715250566,77.24298717327586,built_up,Medium,41.056396,0.3269938,Cool roof,393525.4071505268,1.0,2.5411319874894163e-06,724898701.7489936,False
1843,+86021+31881,28.639638728925988,77.27442820821814,built_up,High,41.05533,0.19240302,Cool roof,393508.9097658637,1.0,2.5412385213717176e-06,725292210.6587595,False
1844,+86023+31893,28.65041851233477,77.27622483878628,built_up,High,41.054047,0.15978992,Cool roof,393469.30619936297,1.0,2.5414943027177834e-06,725685679.9649588,False
1845,+85989+31849,28.6108926398359,77.24568211912806,built_up,Medium,41.05356,0.30347967,Cool roof,393614.4513341348,1.0,2.5405571279472957e-06,726079294.4162929,False
1846,+85972+31851,28.61268927040403,77.23041075929895,built_up,Medium,41.052704,0.41057894,Cool roof,393607.8578816729,1.0,2.5405996856409857e-06,726472902.2741746,False
1847,+86011+31894,28.651316827618835,77.2654450553775,built_up,Medium,41.05081,0.2745206,Cool roof,393466.00527491106,1.0,2.5415156242057283e-06,726866368.2794495,False
1848,+86020+31873,28.632452206653465,77.27352989293408,built_up,High,41.050323,0.13089488,Cool roof,393535.3044232345,1.0,2.5410680789252197e-06,727259903.5838727,False
1849,+85954+31889,28.646825251198507,77.21424108418577,built_up,High,41.04959,0.13861036,Cool roof,393482.5089321985,1.0,2.5414090265758455e-06,727653386.0928049,False
1850,+85946+31894,28.651316827618835,77.20705456191325,built_up,High,41.048553,0.21923201,Cool roof,393466.00527491106,1.0,2.5415156242057283e-06,728046852.0980798,False
1851,+85972+31887,28.645028620630377,77.23041075929895,built_up,High,41.04651,0.12282285,Cool roof,393489.10971962346,1.0,2.5413663943902783e-06,728440341.2077994,False
1852,+85976+31827,28.591129703586464,77.23400402043521,built_up,Medium,41.046387,0.2648492,Cool roof,393686.95382713445,1.0,2.5400892518249255e-06,728834028.1616266,False
1853,+85971+31870,28.62975726080127,77.22951244401489,built_up,Medium,41.0448,0.3505803,Cool roof,393545.20082735224,1.0,2.541004179183724e-06,729227573.3624539,False
1854,+85936+31890,28.647723566482572,77.1980714090726,built_up,High,41.042145,0.14915118,Cool roof,393479.2083937367,1.0,2.5414303441399263e-06,729621052.5708476,False
1855,+85978+31824,28.58843475773427,77.23580065100334,built_up,Medium,41.04178,0.31475773,Cool roof,393696.8369106009,1.0,2.5400254872433124e-06,730014749.4077582,False
1856,+85955+31889,28.646825251198507,77.21513939946983,built_up,High,41.04135,0.15856214,Cool roof,393482.5089321985,1.0,2.5414090265758455e-06,730408231.9166905,False
1857,+85953+31898,28.654910088755095,77.21334276890171,built_up,High,41.03891,0.22315122,Cool roof,393452.80061215203,1.0,2.541600919968428e-06,730801684.7173027,False
1858,+85956+31881,28.639638728925988,77.21603771475391,built_up,High,41.038055,0.19269478,Cool roof,393508.9097658637,1.0,2.5412385213717176e-06,731195193.6270685,False
1859,+86021+31884,28.642333674778182,77.27442820821814,built_up,High,41.036835,0.19381787,Cool roof,393499.01017700526,1.0,2.5413024534678655e-06,731588692.6372455,False
1860,+86000+31823,28.5875364424502,77.25556358725278,built_up,Medium,41.03238,0.30427608,Cool roof,393700.13107867143,1.0,2.540004234339902e-06,731982392.7683243,False
1861,+86022+31884,28.642333674778182,77.27532652350222,built_up,High,41.031647,0.24116133,Cool roof,393499.01017700526,1.0,2.5413024534678655e-06,732375891.7785013,False
1862,+85977+31889,28.646825251198507,77.23490233571927,built_up,High,41.029938,0.13346595,Cool roof,393482.5089321985,1.0,2.5414090265758455e-06,732769374.2874335,False
1863,+86021+31891,28.64862188176664,77.27442820821814,built_up,High,41.029205,0.21947135,Cool roof,393475.90775877645,1.0,2.5414516626849184e-06,733162850.1951923,False
1864,+86023+31894,28.651316827618835,77.27622483878628,built_up,High,41.02719,0.14678697,Cool roof,393466.00527491106,1.0,2.5415156242057283e-06,733556316.2004672,False
1865,+85973+31871,28.630655576085335,77.23130907458301,built_up,Medium,41.02591,0.29198256,Cool roof,393541.90212249075,1.0,2.541025478117316e-06,733949858.1025897,False
1866,+85984+31858,28.618977477392487,77.24119054270773,built_up,Medium,41.025604,0.29305002,Cool roof,393584.7777575614,1.0,2.5407486684253207e-06,734343442.8803473,False
1867,+86021+31893,28.65041851233477,77.27442820821814,built_up,High,41.024933,0.13500255,Cool roof,393469.30619936297,1.0,2.5414943027177834e-06,734736912.1865466,False
1868,+85985+31890,28.647723566482572,77.24208885799179,built_up,Medium,41.02487,0.2613033,Cool roof,393479.2083937367,1.0,2.5414303441399263e-06,735130391.3949403,False
1869,+86010+31897,28.65401177347103,77.26454674009342,built_up,Medium,41.02487,0.38834262,Cool roof,393456.10192258324,1.0,2.5415795945560422e-06,735523847.4968629,False
1870,+86022+31897,28.65401177347103,77.27532652350222,built_up,High,41.024353,0.22633334,Cool roof,393456.10192258324,1.0,2.5415795945560422e-06,735917303.5987855,False
1871,+85965+31881,28.639638728925988,77.22412255231049,built_up,Medium,41.023712,0.38774747,Cool roof,393508.9097658637,1.0,2.5412385213717176e-06,736310812.5085514,False
1872,+85980+31887,28.645028620630377,77.23759728157147,built_up,High,41.02362,0.1445079,Cool roof,393489.10971962346,1.0,2.5413663943902783e-06,736704301.618271,False
1873,+86022+31894,28.651316827618835,77.27532652350222,built_up,High,41.02182,0.19120671,Cool roof,393466.00527491106,1.0,2.5415156242057283e-06,737097767.6235459,False
1874,+86022+31881,28.639638728925988,77.27532652350222,built_up,High,41.021088,0.18595488,Cool roof,393508.9097658637,1.0,2.5412385213717176e-06,737491276.5333117,False
1875,+85979+31891,28.64862188176664,77.2366989662874,built_up,High,41.020294,0.16808543,Cool roof,393475.90775877645,1.0,2.5414516626849184e-06,737884752.4410706,False
1876,+85963+31893,28.65041851233477,77.22232592174235,built_up,High,41.019867,0.11197296,Cool roof,393469.30619936297,1.0,2.5414943027177834e-06,738278221.7472699,False
1877,+85953+31856,28.617180846824354,77.21334276890171,built_up,Medium,41.019135,0.36758265,Cool roof,393591.3725613467,1.0,2.540706097017246e-06,738671813.1198312,False
1878,+86012+31898,28.654910088755095,77.26634337066156,built_up,Medium,41.018982,0.33950776,Cool roof,393452.80061215203,1.0,2.541600919968428e-06,739065265.9204434,False
1879,+85997+31825,28.589333073018334,77.25286864140058,built_up,Medium,41.018616,0.33869138,Cool roof,393693.54264598736,1.0,2.5400467411252633e-06,739458959.4630893,False
1880,+86019+31871,28.630655576085335,77.27263157765002,built_up,High,41.018433,0.16276176,Cool roof,393541.90212249075,1.0,2.541025478117316e-06,739852501.3652118,False
1881,+86019+31890,28.647723566482572,77.27263157765002,built_up,Medium,41.01779,0.29217604,Cool roof,393479.2083937367,1.0,2.5414303441399263e-06,740245980.5736055,False
1882,+86015+31876,28.63514715250566,77.26903831651376,built_up,Medium,41.01599,0.43255684,Cool roof,393525.4071505268,1.0,2.5411319874894163e-06,740639505.980756,False
1883,+86018+31900,28.656706719323225,77.27173326236594,built_up,High,41.015717,0.24118257,Cool roof,393446.19770181086,1.0,2.541643573736835e-06,741032952.1784579,False
1884,+86024+31864,28.624367369096877,77.27712315407034,built_up,Medium,41.015656,0.41887075,Cool roof,393564.99102974543,1.0,2.540876406164949e-06,741426517.1694876,False
1885,+85983+31862,28.622570738528747,77.24029222742367,built_up,Medium,41.015167,0.2675402,Cool roof,393571.58699175547,1.0,2.5408338229988843e-06,741820088.7564794,False
1886,+85996+31840,28.60280780227931,77.2519703261165,built_up,High,41.014435,0.25923306,Cool roof,393644.11709209194,1.0,2.5403656668036852e-06,742213732.8735715,False
1887,+86022+31889,28.646825251198507,77.27532652350222,built_up,Medium,41.014374,0.3971589,Cool roof,393482.5089321985,1.0,2.5414090265758455e-06,742607215.3825037,False
1888,+85976+31883,28.641435359494118,77.23400402043521,built_up,Medium,41.014313,0.299887,Cool roof,393502.3101364616,1.0,2.541281141788501e-06,743000717.6926402,False
1889,+86018+31864,28.624367369096877,77.27173326236594,built_up,Medium,41.013885,0.4390912,Cool roof,393564.99102974543,1.0,2.540876406164949e-06,743394282.6836699,False
1890,+86011+31896,28.653113458186965,77.2654450553775,built_up,Medium,41.011505,0.37053883,Cool roof,393459.4031365207,1.0,2.541558270124821e-06,743787742.0868064,False
1891,+85970+31883,28.641435359494118,77.22861412873081,built_up,High,41.010956,0.2263065,Cool roof,393502.3101364616,1.0,2.541281141788501e-06,744181244.3969429,False
1892,+85955+31884,28.642333674778182,77.21513939946983,built_up,High,41.0101,0.1605497,Cool roof,393499.01017700526,1.0,2.5413024534678655e-06,744574743.4071199,False
1893,+86018+31880,28.638740413641923,77.27173326236594,built_up,Medium,41.009155,0.2678541,Cool roof,393512.20943580836,1.0,2.5412172126342245e-06,744968255.6165557,False
1894,+86023+31892,28.649520197050705,77.27622483878628,built_up,High,41.00888,0.14259027,Cool roof,393472.6070273184,1.0,2.5414729822108584e-06,745361728.223583,False
1895,+85978+31888,28.645926935914442,77.23580065100334,built_up,High,41.008636,0.12778556,Cool roof,393485.8093741609,1.0,2.541387709992642e-06,745755214.0329572,False
1896,+86019+31848,28.609994324551835,77.27263157765002,built_up,Medium,41.005524,0.3261627,Cool roof,393617.74791557674,1.0,2.540535850569625e-06,746148831.7808728,False
1897,+86024+31893,28.65041851233477,77.27712315407034,built_up,High,41.004333,0.2467187,Cool roof,393469.30619936297,1.0,2.5414943027177834e-06,746542301.0870721,False
1898,+85934+31893,28.65041851233477,77.19627477850447,built_up,High,41.00415,0.21926795,Cool roof,393469.30619936297,1.0,2.5414943027177834e-06,746935770.3932714,False
1899,+86021+31896,28.653113458186965,77.27442820821814,built_up,High,41.00284,0.20529895,Cool roof,393459.4031365207,1.0,2.541558270124821e-06,747329229.7964079,False
1900,+86018+31891,28.64862188176664,77.27173326236594,built_up,High,40.996613,0.1484795,Cool roof,393475.90775877645,1.0,2.5414516626849184e-06,747722705.7041668,False
1901,+85949+31891,28.64862188176664,77.20974950776545,built_up,High,40.995636,0.15706563,Cool roof,393475.90775877645,1.0,2.5414516626849184e-06,748116181.6119256,False
1902,+86023+31897,28.65401177347103,77.27622483878628,built_up,High,40.99344,0.20748271,Cool roof,393456.10192258324,1.0,2.5415795945560422e-06,748509637.7138482,False
1903,+85952+31856,28.617180846824354,77.21244445361764,built_up,Medium,40.987335,0.3434587,Cool roof,393591.3725613467,1.0,2.540706097017246e-06,748903229.0864096,False
1904,+85946+31854,28.615384216256224,77.20705456191325,built_up,High,40.98593,0.25510988,Cool roof,393597.9669790461,1.0,2.5406635295279275e-06,749296827.0533886,False
1905,+85956+31896,28.653113458186965,77.21603771475391,built_up,Medium,40.98471,0.36448127,Cool roof,393459.4031365207,1.0,2.541558270124821e-06,749690286.4565251,False
1906,+85956+31885,28.643231990062247,77.21603771475391,built_up,High,40.98465,0.150697,Cool roof,393495.7101210463,1.0,2.541323766127926e-06,750083782.1666461,False
1907,+85956+31871,28.630655576085335,77.21603771475391,built_up,High,40.984436,0.20079184,Cool roof,393541.90212249075,1.0,2.541025478117316e-06,750477324.0687686,False
1908,+85939+31830,28.59382464943866,77.2007663549248,built_up,Medium,40.983307,0.34273446,Cool roof,393677.0698747999,1.0,2.540153025214365e-06,750871001.1386434,False
1909,+86020+31896,28.653113458186965,77.27352989293408,built_up,High,40.982574,0.19482316,Cool roof,393459.4031365207,1.0,2.541558270124821e-06,751264460.5417799,False
1910,+85950+31890,28.647723566482572,77.21064782304951,built_up,High,40.98242,0.15478984,Cool roof,393479.2083937367,1.0,2.5414303441399263e-06,751657939.7501736,False
1911,+85971+31882,28.640537044210053,77.22951244401489,built_up,Medium,40.98105,0.26513875,Cool roof,393505.6099994146,1.0,2.5412598310897976e-06,752051445.360173,False
1912,+86020+31895,28.6522151429029,77.27352989293408,built_up,High,40.980927,0.13793755,Cool roof,393462.7042539635,1.0,2.5415369466747284e-06,752444908.0644269,False
1913,+85948+31882,28.640537044210053,77.20885119248138,built_up,High,40.97888,0.19164272,Cool roof,393505.6099994146,1.0,2.5412598310897976e-06,752838413.6744263,False
1914,+85947+31887,28.645028620630377,77.20795287719731,built_up,Medium,40.977814,0.31163868,Cool roof,393489.10971962346,1.0,2.5413663943902783e-06,753231902.784146,False
1915,+85945+31892,28.649520197050705,77.20615624662919,built_up,Medium,40.974884,0.29774427,Cool roof,393472.6070273184,1.0,2.5414729822108584e-06,753625375.3911732,False
1916,+86015+31895,28.6522151429029,77.26903831651376,built_up,Medium,40.974823,0.31299892,Cool roof,393462.7042539635,1.0,2.5415369466747284e-06,754018838.0954272,False
1917,+85979+31886,28.644130305346312,77.2366989662874,built_up,High,40.97235,0.13817503,Cool roof,393492.40996858553,1.0,2.541345079768718e-06,754412330.5053958,False
1918,+85995+31873,28.632452206653465,77.25107201083244,built_up,Medium,40.972137,0.2881395,Cool roof,393535.3044232345,1.0,2.5410680789252197e-06,754805865.809819,False
1919,+85966+31883,28.641435359494118,77.22502086759455,built_up,Medium,40.971985,0.3425127,Cool roof,393502.3101364616,1.0,2.541281141788501e-06,755199368.1199554,False
1920,+85979+31884,28.642333674778182,77.2366989662874,built_up,High,40.971954,0.14069071,Cool roof,393499.01017700526,1.0,2.5413024534678655e-06,755592867.1301324,False
1921,+85945+31891,28.64862188176664,77.20615624662919,built_up,Medium,40.971832,0.28917816,Cool roof,393475.90775877645,1.0,2.5414516626849184e-06,755986343.0378913,False
1922,+86018+31868,28.627960630233137,77.27173326236594,built_up,Medium,40.97177,0.34505618,Cool roof,393551.7979475385,1.0,2.5409615842570807e-06,756379894.8358388,False
1923,+85965+31874,28.63335052193753,77.22412255231049,built_up,Medium,40.969696,0.26462966,Cool roof,393532.00542884105,1.0,2.541089380799604e-06,756773426.8412676,False
1924,+85977+31820,28.584841496598006,77.23490233571927,built_up,High,40.968323,0.2234312,Cool roof,393710.01300361863,1.0,2.5399404815005527e-06,757167136.8542712,False
1925,+85945+31854,28.615384216256224,77.20615624662919,built_up,High,40.967804,0.17822176,Cool roof,393597.9669790461,1.0,2.5406635295279275e-06,757560734.8212502,False
1926,+85950+31897,28.65401177347103,77.21064782304951,built_up,Medium,40.967377,0.31977344,Cool roof,393456.10192258324,1.0,2.5415795945560422e-06,757954190.9231728,False
1927,+85942+31854,28.615384216256224,77.203461300777,built_up,Medium,40.96646,0.29439417,Cool roof,393597.9669790461,1.0,2.5406635295279275e-06,758347788.8901519,False
1928,+85984+31862,28.622570738528747,77.24119054270773,built_up,Medium,40.966034,0.31749445,Cool roof,393571.58699175547,1.0,2.5408338229988843e-06,758741360.4771436,False
1929,+85955+31896,28.653113458186965,77.21513939946983,built_up,High,40.96588,0.23518492,Cool roof,393459.4031365207,1.0,2.541558270124821e-06,759134819.8802801,False
1930,+85977+31885,28.643231990062247,77.23490233571927,built_up,High,40.964752,0.12683496,Cool roof,393495.7101210463,1.0,2.541323766127926e-06,759528315.5904012,False
1931,+85949+31900,28.656706719323225,77.20974950776545,built_up,High,40.964447,0.1274836,Cool roof,393446.19770181086,1.0,2.541643573736835e-06,759921761.788103,False
1932,+85963+31876,28.63514715250566,77.22232592174235,built_up,Medium,40.963715,0.36072466,Cool roof,393525.4071505268,1.0,2.5411319874894163e-06,760315287.1952535,False
1933,+85964+31874,28.63335052193753,77.22322423702643,built_up,Medium,40.962006,0.2829449,Cool roof,393532.00542884105,1.0,2.541089380799604e-06,760708819.2006823,False
1934,+85960+31874,28.63335052193753,77.21963097589017,built_up,Medium,40.961456,0.35748225,Cool roof,393532.00542884105,1.0,2.541089380799604e-06,761102351.2061111,False
1935,+85978+31886,28.644130305346312,77.23580065100334,built_up,High,40.95819,0.13679932,Cool roof,393492.40996858553,1.0,2.541345079768718e-06,761495843.6160797,False
1936,+86022+31895,28.6522151429029,77.27532652350222,built_up,High,40.95816,0.17825486,Cool roof,393462.7042539635,1.0,2.5415369466747284e-06,761889306.3203336,False
1937,+85939+31888,28.645926935914442,77.2007663549248,built_up,Medium,40.956146,0.26442084,Cool roof,393485.8093741609,1.0,2.541387709992642e-06,762282792.1297078,False
1938,+85980+31886,28.644130305346312,77.23759728157147,built_up,High,40.95584,0.1603941,Cool roof,393492.40996858553,1.0,2.541345079768718e-06,762676284.5396764,False
1939,+85936+31893,28.65041851233477,77.1980714090726,built_up,High,40.95508,0.23862018,Cool roof,393469.30619936297,1.0,2.5414943027177834e-06,763069753.8458757,False
1940,+85953+31897,28.65401177347103,77.21334276890171,built_up,High,40.954254,0.23101531,Cool roof,393456.10192258324,1.0,2.5415795945560422e-06,763463209.9477984,False
1941,+86021+31892,28.649520197050705,77.27442820821814,built_up,High,40.954132,0.20030575,Cool roof,393472.6070273184,1.0,2.5414729822108584e-06,763856682.5548257,False
1942,+85972+31871,28.630655576085335,77.23041075929895,built_up,Medium,40.951874,0.32211646,Cool roof,393541.90212249075,1.0,2.541025478117316e-06,764250224.4569482,False
1943,+85995+31819,28.58394318131394,77.25107201083244,built_up,Medium,40.951447,0.32111928,Cool roof,393713.30678551074,1.0,2.5399192325109433e-06,764643937.7637336,False
1944,+85944+31850,28.611790955119965,77.20525793134512,built_up,High,40.950928,0.19431637,Cool roof,393611.1546561666,1.0,2.540578406304404e-06,765037548.9183898,False
1945,+85962+31892,28.649520197050705,77.22142760645829,built_up,Medium,40.950836,0.2671971,Cool roof,393472.6070273184,1.0,2.5414729822108584e-06,765431021.5254171,False
1946,+85935+31900,28.656706719323225,77.19717309378854,built_up,High,40.949127,0.24507195,Cool roof,393446.19770181086,1.0,2.541643573736835e-06,765824467.7231189,False
1947,+85945+31850,28.611790955119965,77.20615624662919,built_up,Medium,40.94812,0.3139227,Cool roof,393611.1546561666,1.0,2.540578406304404e-06,766218078.8777751,False
1948,+85964+31873,28.632452206653465,77.22322423702643,built_up,Medium,40.94748,0.38037562,Cool roof,393535.3044232345,1.0,2.5410680789252197e-06,766611614.1821983,False
1949,+85936+31900,28.656706719323225,77.1980714090726,built_up,High,40.944366,0.2206961,Cool roof,393446.19770181086,1.0,2.541643573736835e-06,767005060.3799001,False
1950,+85952+31896,28.653113458186965,77.21244445361764,built_up,High,40.94406,0.17897996,Cool roof,393459.4031365207,1.0,2.541558270124821e-06,767398519.7830366,False
1951,+85992+31871,28.630655576085335,77.24837706498025,built_up,Medium,40.943024,0.31387436,Cool roof,393541.90212249075,1.0,2.541025478117316e-06,767792061.6851591,False
1952,+85971+31887,28.645028620630377,77.22951244401489,built_up,High,40.94168,0.14201605,Cool roof,393489.10971962346,1.0,2.5413663943902783e-06,768185550.7948787,False
1953,+85956+31873,28.632452206653465,77.21603771475391,built_up,Medium,40.94162,0.3221292,Cool roof,393535.3044232345,1.0,2.5410680789252197e-06,768579086.0993019,False
1954,+86016+31884,28.642333674778182,77.26993663179782,built_up,Medium,40.94162,0.34237522,Cool roof,393499.01017700526,1.0,2.5413024534678655e-06,768972585.109479,False
1955,+85954+31897,28.65401177347103,77.21424108418577,built_up,High,40.94113,0.20349164,Cool roof,393456.10192258324,1.0,2.5415795945560422e-06,769366041.2114016,False
1956,+85966+31875,28.634248837221595,77.22502086759455,built_up,Medium,40.94095,0.25561652,Cool roof,393528.7063379382,1.0,2.5411106836543245e-06,769759569.9177395,False
1957,+86019+31891,28.64862188176664,77.27263157765002,built_up,Medium,40.939697,0.25500897,Cool roof,393475.90775877645,1.0,2.5414516626849184e-06,770153045.8254983,False
1958,+85979+31824,28.58843475773427,77.2366989662874,built_up,Medium,40.9393,0.35981044,Cool roof,393696.8369106009,1.0,2.5400254872433124e-06,770546742.662409,False
1959,+85947+31898,28.654910088755095,77.20795287719731,built_up,High,40.938507,0.14819337,Cool roof,393452.80061215203,1.0,2.541600919968428e-06,770940195.4630212,False
1960,+86019+31881,28.639638728925988,77.27263157765002,built_up,High,40.937103,0.18446353,Cool roof,393508.9097658637,1.0,2.5412385213717176e-06,771333704.372787,False
1961,+85980+31885,28.643231990062247,77.23759728157147,built_up,High,40.93524,0.1386177,Cool roof,393495.7101210463,1.0,2.541323766127926e-06,771727200.082908,False
1962,+86001+31881,28.639638728925988,77.25646190253684,built_up,Medium,40.934784,0.33285573,Cool roof,393508.9097658637,1.0,2.5412385213717176e-06,772120708.9926739,False
1963,+85984+31890,28.647723566482572,77.24119054270773,built_up,Medium,40.93393,0.26306304,Cool roof,393479.2083937367,1.0,2.5414303441399263e-06,772514188.2010676,False
1964,+85964+31876,28.63514715250566,77.22322423702643,built_up,High,40.933807,0.24748725,Cool roof,393525.4071505268,1.0,2.5411319874894163e-06,772907713.6082181,False
1965,+85939+31887,28.645028620630377,77.2007663549248,built_up,High,40.932404,0.2522339,Cool roof,393489.10971962346,1.0,2.5413663943902783e-06,773301202.7179377,False
1966,+85988+31893,28.65041851233477,77.24478380384399,built_up,Medium,40.931244,0.363469,Cool roof,393469.30619936297,1.0,2.5414943027177834e-06,773694672.024137,False
1967,+85978+31892,28.649520197050705,77.23580065100334,built_up,High,40.930695,0.15346423,Cool roof,393472.6070273184,1.0,2.5414729822108584e-06,774088144.6311643,False
1968,+86025+31892,28.649520197050705,77.2780214693544,built_up,High,40.930206,0.2122682,Cool roof,393472.6070273184,1.0,2.5414729822108584e-06,774481617.2381916,False
1969,+85953+31884,28.642333674778182,77.21334276890171,built_up,High,40.930084,0.14614052,Cool roof,393499.01017700526,1.0,2.5413024534678655e-06,774875116.2483686,False
1970,+85992+31820,28.584841496598006,77.24837706498025,built_up,High,40.92917,0.22771418,Cool roof,393710.01300361863,1.0,2.5399404815005527e-06,775268826.2613722,False
1971,+85980+31884,28.642333674778182,77.23759728157147,built_up,High,40.92856,0.12741022,Cool roof,393499.01017700526,1.0,2.5413024534678655e-06,775662325.2715492,False
1972,+85945+31851,28.61268927040403,77.20615624662919,built_up,High,40.92752,0.18397637,Cool roof,393607.8578816729,1.0,2.5405996856409857e-06,776055933.1294309,False
1973,+85937+31893,28.65041851233477,77.19896972435666,built_up,High,40.927277,0.1734579,Cool roof,393469.30619936297,1.0,2.5414943027177834e-06,776449402.4356302,False
1974,+85938+31891,28.64862188176664,77.19986803964073,built_up,High,40.92679,0.23191097,Cool roof,393475.90775877645,1.0,2.5414516626849184e-06,776842878.343389,False
1975,+85940+31831,28.594722964722724,77.20166467020886,built_up,Medium,40.92569,0.3472791,Cool roof,393673.77503094316,1.0,2.5401742849683066e-06,777236552.11842,False
1976,+86023+31895,28.6522151429029,77.27622483878628,built_up,High,40.924957,0.17523469,Cool roof,393462.7042539635,1.0,2.5415369466747284e-06,777630014.8226739,False
1977,+86012+31864,28.624367369096877,77.26634337066156,built_up,Medium,40.924774,0.29911715,Cool roof,393564.99102974543,1.0,2.540876406164949e-06,778023579.8137037,False
1978,+85970+31873,28.632452206653465,77.22861412873081,built_up,High,40.924225,0.24741648,Cool roof,393535.3044232345,1.0,2.5410680789252197e-06,778417115.1181269,False
1979,+85945+31883,28.641435359494118,77.20615624662919,built_up,Medium,40.92389,0.3109901,Cool roof,393502.3101364616,1.0,2.541281141788501e-06,778810617.4282633,False
1980,+86020+31887,28.645028620630377,77.27352989293408,built_up,High,40.92218,0.14297482,Cool roof,393489.10971962346,1.0,2.5413663943902783e-06,779204106.537983,False
1981,+86022+31883,28.641435359494118,77.27532652350222,built_up,High,40.921722,0.22596331,Cool roof,393502.3101364616,1.0,2.541281141788501e-06,779597608.8481194,False
1982,+85979+31823,28.5875364424502,77.2366989662874,built_up,High,40.92105,0.251733,Cool roof,393700.13107867143,1.0,2.540004234339902e-06,779991308.9791981,False
1983,+85955+31873,28.632452206653465,77.21513939946983,built_up,Medium,40.920868,0.30242372,Cool roof,393535.3044232345,1.0,2.5410680789252197e-06,780384844.2836213,False
1984,+86021+31895,28.6522151429029,77.27442820821814,built_up,High,40.920746,0.21130072,Cool roof,393462.7042539635,1.0,2.5415369466747284e-06,780778306.9878752,False
1985,+86015+31894,28.651316827618835,77.26903831651376,built_up,High,40.919952,0.2242089,Cool roof,393466.00527491106,1.0,2.5415156242057283e-06,781171772.9931501,False
1986,+85997+31831,28.594722964722724,77.25286864140058,built_up,Medium,40.918823,0.34638795,Cool roof,393673.77503094316,1.0,2.5401742849683066e-06,781565446.7681811,False
1987,+85968+31869,28.628858945517205,77.22681749816269,built_up,Medium,40.91629,0.30322376,Cool roof,393548.4994357017,1.0,2.5409828812303243e-06,781958995.2676167,False
1988,+85983+31865,28.625265684380942,77.24029222742367,built_up,Medium,40.91626,0.25267106,Cool roof,393561.6929039662,1.0,2.540897699217927e-06,782352556.9605207,False
1989,+85938+31887,28.645028620630377,77.19986803964073,built_up,Medium,40.916046,0.35706168,Cool roof,393489.10971962346,1.0,2.5413663943902783e-06,782746046.0702404,False
1990,+85935+31893,28.65041851233477,77.19717309378854,built_up,Medium,40.91394,0.2573923,Cool roof,393469.30619936297,1.0,2.5414943027177834e-06,783139515.3764397,False
1991,+85990+31873,28.632452206653465,77.24658043441212,built_up,Medium,40.91217,0.37649944,Cool roof,393535.3044232345,1.0,2.5410680789252197e-06,783533050.6808629,False
1992,+85983+31829,28.592926334154594,77.24029222742367,built_up,Medium,40.911957,0.2799953,Cool roof,393680.36462211795,1.0,2.5401317664391776e-06,783926731.045485,False
1993,+85976+31822,28.586638127166136,77.23400402043521,built_up,Medium,40.90988,0.3301397,Cool roof,393703.4251501983,1.0,2.5399829824149967e-06,784320434.4706352,False
1994,+85971+31886,28.644130305346312,77.22951244401489,built_up,High,40.90985,0.2463189,Cool roof,393492.40996858553,1.0,2.541345079768718e-06,784713926.8806038,False
1995,+85955+31885,28.643231990062247,77.21513939946983,built_up,High,40.90857,0.14092879,Cool roof,393495.7101210463,1.0,2.541323766127926e-06,785107422.5907248,False
1996,+85962+31849,28.6108926398359,77.22142760645829,built_up,High,40.90796,0.2213043,Cool roof,393614.4513341348,1.0,2.5405571279472957e-06,785501037.042059,False
1997,+85955+31897,28.65401177347103,77.21513939946983,built_up,High,40.907715,0.23137648,Cool roof,393456.10192258324,1.0,2.5415795945560422e-06,785894493.1439816,False
1998,+85948+31887,28.645028620630377,77.20885119248138,built_up,Medium,40.906006,0.32619312,Cool roof,393489.10971962346,1.0,2.5413663943902783e-06,786287982.2537012,False
1999,+85992+31819,28.58394318131394,77.24837706498025,built_up,High,40.904327,0.1912092,Cool roof,393713.30678551074,1.0,2.5399192325109433e-06,786681695.5604867,False
2000,+86009+31899,28.65580840403916,77.26364842480936,built_up,Medium,40.9028,0.26428938,Cool roof,393449.49920522765,1.0,2.541622246362014e-06,787075145.0596919,False
2001,+86022+31893,28.65041851233477,77.27532652350222,built_up,High,40.90103,0.19091475,Cool roof,393469.30619936297,1.0,2.5414943027177834e-06,787468614.3658912,False
2002,+85953+31882,28.640537044210053,77.21334276890171,built_up,High,40.900726,0.1654074,Cool roof,393505.6099994146,1.0,2.5412598310897976e-06,787862119.9758906,False
2003,+85978+31891,28.64862188176664,77.23580065100334,built_up,High,40.899933,0.13161224,Cool roof,393475.90775877645,1.0,2.5414516626849184e-06,788255595.8836495,False
2004,+85962+31878,28.63694378307379,77.22142760645829,built_up,Medium,40.899506,0.28523502,Cool roof,393518.80848618085,1.0,2.5411745981008603e-06,788649114.6921357,False
2005,+86000+31827,28.591129703586464,77.25556358725278,built_up,Medium,40.89807,0.26961944,Cool roof,393686.95382713445,1.0,2.5400892518249255e-06,789042801.6459628,False
2006,+85937+31900,28.656706719323225,77.19896972435666,built_up,High,40.89749,0.14942159,Cool roof,393446.19770181086,1.0,2.541643573736835e-06,789436247.8436646,False
2007,+85945+31822,28.586638127166136,77.20615624662919,built_up,Medium,40.8945,0.31015742,Cool roof,393703.4251501983,1.0,2.5399829824149967e-06,789829951.2688148,False
2008,+85967+31870,28.62975726080127,77.22591918287863,built_up,High,40.894073,0.23973754,Cool roof,393545.20082735224,1.0,2.541004179183724e-06,790223496.4696422,False
2009,+85938+31893,28.65041851233477,77.19986803964073,built_up,High,40.88846,0.1481523,Cool roof,393469.30619936297,1.0,2.5414943027177834e-06,790616965.7758415,False
2010,+85976+31877,28.636045467789724,77.23400402043521,built_up,Medium,40.88382,0.34389493,Cool roof,393522.10786660743,1.0,2.5411532923049165e-06,791010487.8837081,False
2011,+85988+31898,28.654910088755095,77.24478380384399,built_up,Medium,40.88379,0.39300534,Cool roof,393452.80061215203,1.0,2.541600919968428e-06,791403940.6843203,False
2012,+85936+31899,28.65580840403916,77.1980714090726,built_up,High,40.882965,0.21133184,Cool roof,393449.49920522765,1.0,2.541622246362014e-06,791797390.1835256,False
2013,+85949+31894,28.651316827618835,77.20974950776545,built_up,High,40.882416,0.2483157,Cool roof,393466.00527491106,1.0,2.5415156242057283e-06,792190856.1888005,False
2014,+85974+31871,28.630655576085335,77.23220738986707,built_up,Medium,40.879303,0.2866153,Cool roof,393541.90212249075,1.0,2.541025478117316e-06,792584398.090923,False
2015,+85995+31844,28.60640106341557,77.25107201083244,built_up,High,40.87906,0.24575664,Cool roof,393630.93327607034,1.0,2.5404507508525932e-06,792978029.024199,False
2016,+86015+31899,28.65580840403916,77.26903831651376,built_up,Medium,40.87857,0.30561945,Cool roof,393449.49920522765,1.0,2.541622246362014e-06,793371478.5234042,False
2017,+85989+31875,28.634248837221595,77.24568211912806,built_up,Medium,40.8761,0.36244604,Cool roof,393528.7063379382,1.0,2.5411106836543245e-06,793765007.2297422,False
2018,+85980+31849,28.6108926398359,77.23759728157147,built_up,Medium,40.875,0.26202658,Cool roof,393614.4513341348,1.0,2.5405571279472957e-06,794158621.6810763,False
2019,+85987+31863,28.623469053812812,77.24388548855993,built_up,Medium,40.874054,0.35403946,Cool roof,393568.2890590088,1.0,2.5408551140919464e-06,794552189.9701353,False
2020,+86015+31890,28.647723566482572,77.26903831651376,built_up,High,40.87326,0.23451084,Cool roof,393479.2083937367,1.0,2.5414303441399263e-06,794945669.178529,False
2021,+85973+31820,28.584841496598006,77.23130907458301,built_up,Medium,40.871246,0.3792124,Cool roof,393710.01300361863,1.0,2.5399404815005527e-06,795339379.1915326,False
2022,+85947+31882,28.640537044210053,77.20795287719731,built_up,High,40.87027,0.21080327,Cool roof,393505.6099994146,1.0,2.5412598310897976e-06,795732884.801532,False
2023,+86023+31847,28.60909600926777,77.27622483878628,built_up,Medium,40.868835,0.48604876,Cool roof,393621.04440049216,1.0,2.540514574171354e-06,796126505.8459325,False
2024,+85975+31882,28.640537044210053,77.23310570515115,built_up,Medium,40.8674,0.33706293,Cool roof,393505.6099994146,1.0,2.5412598310897976e-06,796520011.4559319,False
2025,+85984+31868,28.627960630233137,77.24119054270773,built_up,Medium,40.86551,0.30523282,Cool roof,393551.7979475385,1.0,2.5409615842570807e-06,796913563.2538794,False
2026,+86015+31900,28.656706719323225,77.26903831651376,built_up,Medium,40.864838,0.32286578,Cool roof,393446.19770181086,1.0,2.541643573736835e-06,797307009.4515812,False
2027,+85993+31876,28.63514715250566,77.24927538026432,built_up,Medium,40.86432,0.34988445,Cool roof,393525.4071505268,1.0,2.5411319874894163e-06,797700534.8587317,False
2028,+86024+31892,28.649520197050705,77.27712315407034,built_up,High,40.862793,0.17454,Cool roof,393472.6070273184,1.0,2.5414729822108584e-06,798094007.465759,False
2029,+85942+31900,28.656706719323225,77.203461300777,built_up,High,40.861145,0.16883704,Cool roof,393446.19770181086,1.0,2.541643573736835e-06,798487453.6634609,False
2030,+86019+31874,28.63335052193753,77.27263157765002,built_up,High,40.860535,0.14319071,Cool roof,393532.00542884105,1.0,2.541089380799604e-06,798880985.6688896,False
2031,+86022+31896,28.653113458186965,77.27532652350222,built_up,High,40.859467,0.15483709,Cool roof,393459.4031365207,1.0,2.541558270124821e-06,799274445.0720261,False
2032,+85993+31820,28.584841496598006,77.24927538026432,built_up,Medium,40.857758,0.26744387,Cool roof,393710.01300361863,1.0,2.5399404815005527e-06,799668155.0850297,False
2033,+86020+31872,28.6315538913694,77.27352989293408,built_up,High,40.856476,0.12014702,Cool roof,393538.6033211179,1.0,2.5410467780311365e-06,800061693.6883508,False
2034,+85956+31884,28.642333674778182,77.21603771475391,built_up,High,40.85605,0.1689163,Cool roof,393499.01017700526,1.0,2.5413024534678655e-06,800455192.6985278,False
2035,+86016+31883,28.641435359494118,77.26993663179782,built_up,Medium,40.855316,0.38581133,Cool roof,393502.3101364616,1.0,2.541281141788501e-06,800848695.0086643,False
2036,+85958+31881,28.639638728925988,77.21783434532203,built_up,Medium,40.854828,0.27183384,Cool roof,393508.9097658637,1.0,2.5412385213717176e-06,801242203.9184301,False
2037,+85945+31884,28.642333674778182,77.20615624662919,built_up,Medium,40.8537,0.29114154,Cool roof,393499.01017700526,1.0,2.5413024534678655e-06,801635702.9286071,False
2038,+86019+31885,28.643231990062247,77.27263157765002,built_up,High,40.85263,0.15277551,Cool roof,393495.7101210463,1.0,2.541323766127926e-06,802029198.6387281,False
2039,+85981+31899,28.65580840403916,77.23849559685553,built_up,Medium,40.851227,0.2664826,Cool roof,393449.49920522765,1.0,2.541622246362014e-06,802422648.1379334,False
2040,+85943+31886,28.644130305346312,77.20435961606105,built_up,High,40.84955,0.23639287,Cool roof,393492.40996858553,1.0,2.541345079768718e-06,802816140.547902,False
2041,+86006+31894,28.651316827618835,77.26095347895716,built_up,Medium,40.849182,0.35849217,Cool roof,393466.00527491106,1.0,2.5415156242057283e-06,803209606.5531769,False
2042,+85950+31886,28.644130305346312,77.21064782304951,built_up,High,40.84543,0.13362864,Cool roof,393492.40996858553,1.0,2.541345079768718e-06,803603098.9631455,False
2043,+85954+31855,28.61628253154029,77.21424108418577,built_up,High,40.843475,0.21131025,Cool roof,393594.6698184574,1.0,2.540684812782761e-06,803996693.6329639,False
2044,+85944+31854,28.615384216256224,77.20525793134512,built_up,High,40.842926,0.19982675,Cool roof,393597.9669790461,1.0,2.5406635295279275e-06,804390291.5999429,False
2045,+85996+31822,28.586638127166136,77.2519703261165,built_up,Medium,40.84207,0.35909614,Cool roof,393703.4251501983,1.0,2.5399829824149967e-06,804783995.0250931,False
2046,+86018+31899,28.65580840403916,77.27173326236594,built_up,High,40.84201,0.16340283,Cool roof,393449.49920522765,1.0,2.541622246362014e-06,805177444.5242983,False
2047,+85943+31853,28.61448590097216,77.20435961606105,built_up,Medium,40.840485,0.42683494,Cool roof,393601.26404311205,1.0,2.5406422472527113e-06,805571045.7883414,False
2048,+85971+31819,28.58394318131394,77.22951244401489,built_up,Medium,40.839874,0.3826665,Cool roof,393713.30678551074,1.0,2.5399192325109433e-06,805964759.0951269,False
2049,+85944+31890,28.647723566482572,77.20525793134512,built_up,Medium,40.83963,0.2502554,Cool roof,393479.2083937367,1.0,2.5414303441399263e-06,806358238.3035206,False
2050,+86010+31838,28.601011171711182,77.26454674009342,built_up,Medium,40.83908,0.2890649,Cool roof,393650.70842091256,1.0,2.540323130654057e-06,806751889.0119414,False
2051,+85970+31872,28.6315538913694,77.22861412873081,built_up,Medium,40.836517,0.27546382,Cool roof,393538.6033211179,1.0,2.5410467780311365e-06,807145427.6152625,False
2052,+85962+31877,28.636045467789724,77.22142760645829,built_up,Medium,40.836456,0.36684605,Cool roof,393522.10786660743,1.0,2.5411532923049165e-06,807538949.7231292,False
2053,+85986+31886,28.644130305346312,77.24298717327586,built_up,Medium,40.833557,0.28876975,Cool roof,393492.40996858553,1.0,2.541345079768718e-06,807932442.1330978,False
2054,+85952+31854,28.615384216256224,77.21244445361764,built_up,High,40.8331,0.24034421,Cool roof,393597.9669790461,1.0,2.5406635295279275e-06,808326040.1000768,False
2055,+86022+31882,28.640537044210053,77.27532652350222,built_up,High,40.83255,0.20249945,Cool roof,393505.6099994146,1.0,2.5412598310897976e-06,808719545.7100762,False
2056,+85943+31897,28.65401177347103,77.20435961606105,built_up,Medium,40.832428,0.3062681,Cool roof,393456.10192258324,1.0,2.5415795945560422e-06,809113001.8119988,False
2057,+85977+31891,28.64862188176664,77.23490233571927,built_up,High,40.832336,0.12180288,Cool roof,393475.90775877645,1.0,2.5414516626849184e-06,809506477.7197577,False
2058,+85957+31882,28.640537044210053,77.21693603003797,built_up,High,40.832245,0.24019536,Cool roof,393505.6099994146,1.0,2.5412598310897976e-06,809899983.3297571,False
2059,+85976+31875,28.634248837221595,77.23400402043521,built_up,High,40.83185,0.20088387,Cool roof,393528.7063379382,1.0,2.5411106836543245e-06,810293512.036095,False
2060,+85938+31897,28.65401177347103,77.19986803964073,built_up,Medium,40.831024,0.25324187,Cool roof,393456.10192258324,1.0,2.5415795945560422e-06,810686968.1380177,False
2061,+85985+31889,28.646825251198507,77.24208885799179,built_up,Medium,40.8273,0.34160468,Cool roof,393482.5089321985,1.0,2.5414090265758455e-06,811080450.6469499,False
2062,+85977+31824,28.58843475773427,77.23490233571927,built_up,High,40.827118,0.19700114,Cool roof,393696.8369106009,1.0,2.5400254872433124e-06,811474147.4838605,False
2063,+85942+31850,28.611790955119965,77.203461300777,built_up,High,40.826355,0.1537176,Cool roof,393611.1546561666,1.0,2.540578406304404e-06,811867758.6385167,False
2064,+85939+31877,28.636045467789724,77.2007663549248,built_up,Medium,40.824677,0.30746633,Cool roof,393522.10786660743,1.0,2.5411532923049165e-06,812261280.7463833,False
2065,+85981+31889,28.646825251198507,77.23849559685553,built_up,High,40.824677,0.14206065,Cool roof,393482.5089321985,1.0,2.5414090265758455e-06,812654763.2553155,False
2066,+85977+31890,28.647723566482572,77.23490233571927,built_up,High,40.824432,0.11952106,Cool roof,393479.2083937367,1.0,2.5414303441399263e-06,813048242.4637092,False
2067,+86019+31892,28.649520197050705,77.27263157765002,built_up,Medium,40.82306,0.25444347,Cool roof,393472.6070273184,1.0,2.5414729822108584e-06,813441715.0707365,False
2068,+85971+31820,28.584841496598006,77.22951244401489,built_up,Medium,40.822235,0.32466948,Cool roof,393710.01300361863,1.0,2.5399404815005527e-06,813835425.0837401,False
2069,+85977+31854,28.615384216256224,77.23490233571927,built_up,Medium,40.820312,0.32230553,Cool roof,393597.9669790461,1.0,2.5406635295279275e-06,814229023.0507191,False
2070,+85987+31885,28.643231990062247,77.24388548855993,built_up,High,40.82013,0.1727062,Cool roof,393495.7101210463,1.0,2.541323766127926e-06,814622518.7608402,False
2071,+85965+31882,28.640537044210053,77.22412255231049,built_up,Medium,40.819916,0.42225486,Cool roof,393505.6099994146,1.0,2.5412598310897976e-06,815016024.3708396,False
2072,+85987+31889,28.646825251198507,77.24388548855993,built_up,High,40.819183,0.17286249,Cool roof,393482.5089321985,1.0,2.5414090265758455e-06,815409506.8797718,False
2073,+85981+31881,28.639638728925988,77.23849559685553,built_up,Medium,40.81845,0.34398636,Cool roof,393508.9097658637,1.0,2.5412385213717176e-06,815803015.7895377,False
2074,+85988+31884,28.642333674778182,77.24478380384399,built_up,High,40.817413,0.15032089,Cool roof,393499.01017700526,1.0,2.5413024534678655e-06,816196514.7997147,False
2075,+86022+31891,28.64862188176664,77.27532652350222,built_up,High,40.81723,0.18925859,Cool roof,393475.90775877645,1.0,2.5414516626849184e-06,816589990.7074735,False
2076,+85980+31889,28.646825251198507,77.23759728157147,built_up,High,40.81717,0.15628044,Cool roof,393482.5089321985,1.0,2.5414090265758455e-06,816983473.2164057,False
2077,+85940+31900,28.656706719323225,77.20166467020886,built_up,High,40.815582,0.14788222,Cool roof,393446.19770181086,1.0,2.541643573736835e-06,817376919.4141076,False
2078,+85949+31897,28.65401177347103,77.20974950776545,built_up,High,40.809845,0.22834952,Cool roof,393456.10192258324,1.0,2.5415795945560422e-06,817770375.5160302,False
2079,+85978+31889,28.646825251198507,77.23580065100334,built_up,High,40.809845,0.12928511,Cool roof,393482.5089321985,1.0,2.5414090265758455e-06,818163858.0249624,False
2080,+85938+31876,28.63514715250566,77.19986803964073,built_up,Medium,40.808258,0.34639058,Cool roof,393525.4071505268,1.0,2.5411319874894163e-06,818557383.4321129,False
2081,+85948+31880,28.638740413641923,77.20885119248138,built_up,Medium,40.80533,0.31313798,Cool roof,393512.20943580836,1.0,2.5412172126342245e-06,818950895.6415488,False
2082,+85944+31851,28.61268927040403,77.20525793134512,built_up,High,40.80362,0.17551807,Cool roof,393607.8578816729,1.0,2.5405996856409857e-06,819344503.4994304,False
2083,+85943+31891,28.64862188176664,77.20435961606105,built_up,Medium,40.80246,0.28987437,Cool roof,393475.90775877645,1.0,2.5414516626849184e-06,819737979.4071892,False
2084,+85990+31849,28.6108926398359,77.24658043441212,built_up,High,40.801178,0.20830156,Cool roof,393614.4513341348,1.0,2.5405571279472957e-06,820131593.8585234,False
2085,+85948+31890,28.647723566482572,77.20885119248138,built_up,Medium,40.79956,0.26799852,Cool roof,393479.2083937367,1.0,2.5414303441399263e-06,820525073.0669171,False
2086,+85937+31899,28.65580840403916,77.19896972435666,built_up,High,40.7995,0.20756926,Cool roof,393449.49920522765,1.0,2.541622246362014e-06,820918522.5661223,False
2087,+86010+31864,28.624367369096877,77.26454674009342,built_up,Medium,40.79599,0.4394612,Cool roof,393564.99102974543,1.0,2.540876406164949e-06,821312087.557152,False
2088,+85939+31889,28.646825251198507,77.2007663549248,built_up,Medium,40.79373,0.3183251,Cool roof,393482.5089321985,1.0,2.5414090265758455e-06,821705570.0660843,False
2089,+85987+31888,28.645926935914442,77.24388548855993,built_up,Medium,40.792816,0.25565463,Cool roof,393485.8093741609,1.0,2.541387709992642e-06,822099055.8754585,False
2090,+85958+31880,28.638740413641923,77.21783434532203,built_up,Medium,40.78897,0.35609165,Cool roof,393512.20943580836,1.0,2.5412172126342245e-06,822492568.0848943,False
2091,+85938+31888,28.645926935914442,77.19986803964073,built_up,Medium,40.78598,0.31060916,Cool roof,393485.8093741609,1.0,2.541387709992642e-06,822886053.8942685,False
2092,+85989+31893,28.65041851233477,77.24568211912806,built_up,Medium,40.785583,0.45048144,Cool roof,393469.30619936297,1.0,2.5414943027177834e-06,823279523.2004678,False
2093,+85949+31892,28.649520197050705,77.20974950776545,built_up,High,40.782135,0.22779243,Cool roof,393472.6070273184,1.0,2.5414729822108584e-06,823672995.8074951,False
2094,+86023+31891,28.64862188176664,77.27622483878628,built_up,Medium,40.782135,0.29940543,Cool roof,393475.90775877645,1.0,2.5414516626849184e-06,824066471.715254,False
2095,+86020+31893,28.65041851233477,77.27352989293408,built_up,High,40.781647,0.16464241,Cool roof,393469.30619936297,1.0,2.5414943027177834e-06,824459941.0214533,False
2096,+85949+31880,28.638740413641923,77.20974950776545,built_up,Medium,40.780853,0.2625764,Cool roof,393512.20943580836,1.0,2.5412172126342245e-06,824853453.2308891,False
2097,+86020+31888,28.645926935914442,77.27352989293408,built_up,High,40.78073,0.22692417,Cool roof,393485.8093741609,1.0,2.541387709992642e-06,825246939.0402633,False
2098,+85980+31823,28.5875364424502,77.23759728157147,built_up,High,40.778473,0.1860024,Cool roof,393700.13107867143,1.0,2.540004234339902e-06,825640639.171342,False
2099,+86021+31887,28.645028620630377,77.27442820821814,built_up,High,40.776733,0.1622043,Cool roof,393489.10971962346,1.0,2.5413663943902783e-06,826034128.2810616,False
2100,+85944+31884,28.642333674778182,77.20525793134512,built_up,Medium,40.774384,0.32520172,Cool roof,393499.01017700526,1.0,2.5413024534678655e-06,826427627.2912387,False
2101,+86019+31873,28.632452206653465,77.27263157765002,built_up,High,40.772736,0.1516813,Cool roof,393535.3044232345,1.0,2.5410680789252197e-06,826821162.5956619,False
2102,+86006+31837,28.600112856427117,77.26095347895716,built_up,Medium,40.771454,0.25582615,Cool roof,393654.0039405227,1.0,2.5403018640478256e-06,827214816.5996025,False
2103,+86011+31899,28.65580840403916,77.2654450553775,built_up,Medium,40.76999,0.27568856,Cool roof,393449.49920522765,1.0,2.541622246362014e-06,827608266.0988077,False
2104,+85977+31876,28.63514715250566,77.23490233571927,built_up,Medium,40.76944,0.3319571,Cool roof,393525.4071505268,1.0,2.5411319874894163e-06,828001791.5059582,False
2105,+86017+31890,28.647723566482572,77.27083494708188,built_up,High,40.769318,0.20371361,Cool roof,393479.2083937367,1.0,2.5414303441399263e-06,828395270.7143519,False
2106,+85977+31821,28.58573981188207,77.23490233571927,built_up,Medium,40.769073,0.33536583,Cool roof,393706.7191251809,1.0,2.5399617314685587e-06,828788977.433477,False
2107,+85975+31826,28.5902313883024,77.23310570515115,built_up,Medium,40.76779,0.3355678,Cool roof,393690.24828483176,1.0,2.540067995985788e-06,829182667.6817619,False
2108,+85938+31899,28.65580840403916,77.19986803964073,built_up,High,40.76407,0.16038549,Cool roof,393449.49920522765,1.0,2.541622246362014e-06,829576117.1809671,False
2109,+86004+31825,28.589333073018334,77.25915684838904,built_up,Medium,40.76407,0.29823992,Cool roof,393693.54264598736,1.0,2.5400467411252633e-06,829969810.723613,False
2110,+85986+31887,28.645028620630377,77.24298717327586,built_up,High,40.76352,0.19601636,Cool roof,393489.10971962346,1.0,2.5413663943902783e-06,830363299.8333327,False
2111,+86015+31893,28.65041851233477,77.26903831651376,built_up,Medium,40.762848,0.35776037,Cool roof,393469.30619936297,1.0,2.5414943027177834e-06,830756769.139532,False
2112,+85954+31876,28.63514715250566,77.21424108418577,built_up,Medium,40.76053,0.2643032,Cool roof,393525.4071505268,1.0,2.5411319874894163e-06,831150294.5466825,False
2113,+85980+31868,28.627960630233137,77.23759728157147,built_up,High,40.760345,0.22998653,Cool roof,393551.7979475385,1.0,2.5409615842570807e-06,831543846.34463,False
2114,+85952+31884,28.642333674778182,77.21244445361764,built_up,High,40.752045,0.14250205,Cool roof,393499.01017700526,1.0,2.5413024534678655e-06,831937345.354807,False
2115,+86025+31891,28.64862188176664,77.2780214693544,built_up,High,40.751556,0.22533499,Cool roof,393475.90775877645,1.0,2.5414516626849184e-06,832330821.2625659,False
2116,+85963+31871,28.630655576085335,77.22232592174235,built_up,Medium,40.750336,0.2542805,Cool roof,393541.90212249075,1.0,2.541025478117316e-06,832724363.1646883,False
2117,+85996+31853,28.61448590097216,77.2519703261165,built_up,Medium,40.747833,0.28604513,Cool roof,393601.26404311205,1.0,2.5406422472527113e-06,833117964.4287314,False
2118,+85988+31897,28.65401177347103,77.24478380384399,built_up,Medium,40.74759,0.38516945,Cool roof,393456.10192258324,1.0,2.5415795945560422e-06,833511420.5306541,False
2119,+85978+31822,28.586638127166136,77.23580065100334,built_up,Medium,40.743988,0.39777353,Cool roof,393703.4251501983,1.0,2.5399829824149967e-06,833905123.9558042,False
2120,+85937+31894,28.651316827618835,77.19896972435666,built_up,High,40.743683,0.17242268,Cool roof,393466.00527491106,1.0,2.5415156242057283e-06,834298589.9610791,False
2121,+86012+31899,28.65580840403916,77.26634337066156,built_up,Medium,40.743317,0.2448029,Cool roof,393449.49920522765,1.0,2.541622246362014e-06,834692039.4602844,False
2122,+86022+31887,28.645028620630377,77.27532652350222,built_up,High,40.743317,0.19653566,Cool roof,393489.10971962346,1.0,2.5413663943902783e-06,835085528.570004,False
2123,+85984+31880,28.638740413641923,77.24119054270773,built_up,Medium,40.742584,0.31351268,Cool roof,393512.20943580836,1.0,2.5412172126342245e-06,835479040.7794398,False
2124,+85939+31893,28.65041851233477,77.2007663549248,built_up,High,40.742462,0.19237275,Cool roof,393469.30619936297,1.0,2.5414943027177834e-06,835872510.0856391,False
2125,+85997+31824,28.58843475773427,77.25286864140058,built_up,Medium,40.7424,0.3867747,Cool roof,393696.8369106009,1.0,2.5400254872433124e-06,836266206.9225497,False
2126,+85944+31852,28.613587585688094,77.20525793134512,built_up,Medium,40.73755,0.28712514,Cool roof,393604.5610106546,1.0,2.5406209659570757e-06,836659811.4835603,False
2127,+85960+31864,28.624367369096877,77.21963097589017,built_up,Medium,40.736725,0.25427794,Cool roof,393564.99102974543,1.0,2.540876406164949e-06,837053376.4745901,False
2128,+86015+31885,28.643231990062247,77.26903831651376,built_up,Medium,40.735077,0.2765486,Cool roof,393495.7101210463,1.0,2.541323766127926e-06,837446872.1847111,False
2129,+86017+31900,28.656706719323225,77.27083494708188,built_up,High,40.734406,0.17929237,Cool roof,393446.19770181086,1.0,2.541643573736835e-06,837840318.3824129,False
2130,+85983+31853,28.61448590097216,77.24029222742367,built_up,Medium,40.733917,0.3504194,Cool roof,393601.26404311205,1.0,2.5406422472527113e-06,838233919.646456,False
2131,+85980+31890,28.647723566482572,77.23759728157147,built_up,High,40.733307,0.2207165,Cool roof,393479.2083937367,1.0,2.5414303441399263e-06,838627398.8548497,False
2132,+85982+31861,28.621672423244682,77.2393939121396,built_up,Medium,40.731842,0.3098605,Cool roof,393574.88482798473,1.0,2.5408125328857267e-06,839020973.7396777,False
2133,+85972+31881,28.639638728925988,77.23041075929895,built_up,Medium,40.731476,0.32764924,Cool roof,393508.9097658637,1.0,2.5412385213717176e-06,839414482.6494435,False
2134,+85994+31820,28.584841496598006,77.25017369554838,built_up,Medium,40.730377,0.33700407,Cool roof,393710.01300361863,1.0,2.5399404815005527e-06,839808192.6624471,False
2135,+86018+31881,28.639638728925988,77.27173326236594,built_up,High,40.72946,0.23092836,Cool roof,393508.9097658637,1.0,2.5412385213717176e-06,840201701.5722129,False
2136,+85939+31894,28.651316827618835,77.2007663549248,built_up,High,40.728973,0.19356297,Cool roof,393466.00527491106,1.0,2.5415156242057283e-06,840595167.5774878,False
2137,+86021+31883,28.641435359494118,77.27442820821814,built_up,High,40.726837,0.18698488,Cool roof,393502.3101364616,1.0,2.541281141788501e-06,840988669.8876243,False
2138,+85943+31850,28.611790955119965,77.20435961606105,built_up,High,40.725616,0.16078946,Cool roof,393611.1546561666,1.0,2.540578406304404e-06,841382281.0422804,False
2139,+85955+31881,28.639638728925988,77.21513939946983,built_up,High,40.725494,0.18877229,Cool roof,393508.9097658637,1.0,2.5412385213717176e-06,841775789.9520463,False
2140,+86019+31893,28.65041851233477,77.27263157765002,built_up,Medium,40.724518,0.27729315,Cool roof,393469.30619936297,1.0,2.5414943027177834e-06,842169259.2582456,False
2141,+85972+31874,28.63335052193753,77.23041075929895,built_up,Medium,40.722626,0.3576875,Cool roof,393532.00542884105,1.0,2.541089380799604e-06,842562791.2636744,False
2142,+85982+31862,28.622570738528747,77.2393939121396,built_up,High,40.72104,0.21606469,Cool roof,393571.58699175547,1.0,2.5408338229988843e-06,842956362.8506662,False
2143,+86011+31864,28.624367369096877,77.2654450553775,built_up,Medium,40.71805,0.4304879,Cool roof,393564.99102974543,1.0,2.540876406164949e-06,843349927.8416959,False
2144,+85979+31889,28.646825251198507,77.2366989662874,built_up,High,40.716827,0.14487705,Cool roof,393482.5089321985,1.0,2.5414090265758455e-06,843743410.3506281,False
2145,+85980+31891,28.64862188176664,77.23759728157147,built_up,High,40.714172,0.1727774,Cool roof,393475.90775877645,1.0,2.5414516626849184e-06,844136886.258387,False
2146,+85944+31858,28.618977477392487,77.20525793134512,built_up,Medium,40.71231,0.27919897,Cool roof,393584.7777575614,1.0,2.5407486684253207e-06,844530471.0361445,False
2147,+85985+31886,28.644130305346312,77.24208885799179,built_up,High,40.710327,0.15356635,Cool roof,393492.40996858553,1.0,2.541345079768718e-06,844923963.4461131,False
2148,+86015+31896,28.653113458186965,77.26903831651376,built_up,Medium,40.706818,0.26262045,Cool roof,393459.4031365207,1.0,2.541558270124821e-06,845317422.8492496,False
2149,+85984+31865,28.625265684380942,77.24119054270773,built_up,Medium,40.706207,0.3657069,Cool roof,393561.6929039662,1.0,2.540897699217927e-06,845710984.5421536,False
2150,+85937+31891,28.64862188176664,77.19896972435666,built_up,High,40.703827,0.2064173,Cool roof,393475.90775877645,1.0,2.5414516626849184e-06,846104460.4499124,False
2151,+85950+31849,28.6108926398359,77.21064782304951,built_up,Medium,40.703705,0.24948,Cool roof,393614.4513341348,1.0,2.5405571279472957e-06,846498074.9012465,False
2152,+85952+31820,28.584841496598006,77.21244445361764,built_up,Medium,40.70224,0.38371468,Cool roof,393710.01300361863,1.0,2.5399404815005527e-06,846891784.9142501,False
2153,+85946+31850,28.611790955119965,77.20705456191325,built_up,Medium,40.701324,0.27288368,Cool roof,393611.1546561666,1.0,2.540578406304404e-06,847285396.0689063,False
2154,+85942+31888,28.645926935914442,77.203461300777,built_up,Medium,40.700012,0.27115065,Cool roof,393485.8093741609,1.0,2.541387709992642e-06,847678881.8782805,False
2155,+85982+31890,28.647723566482572,77.2393939121396,built_up,High,40.699005,0.16811399,Cool roof,393479.2083937367,1.0,2.5414303441399263e-06,848072361.0866742,False
2156,+85946+31888,28.645926935914442,77.20705456191325,built_up,Medium,40.697144,0.3347122,Cool roof,393485.8093741609,1.0,2.541387709992642e-06,848465846.8960484,False
2157,+85988+31862,28.622570738528747,77.24478380384399,built_up,Medium,40.697113,0.32942563,Cool roof,393571.58699175547,1.0,2.5408338229988843e-06,848859418.4830402,False
2158,+85966+31884,28.642333674778182,77.22502086759455,built_up,Medium,40.696564,0.31282255,Cool roof,393499.01017700526,1.0,2.5413024534678655e-06,849252917.4932172,False
2159,+85966+31870,28.62975726080127,77.22502086759455,built_up,Medium,40.69644,0.29257035,Cool roof,393545.20082735224,1.0,2.541004179183724e-06,849646462.6940446,False
2160,+86021+31882,28.640537044210053,77.27442820821814,built_up,High,40.69571,0.21378566,Cool roof,393505.6099994146,1.0,2.5412598310897976e-06,850039968.304044,False
2161,+86023+31896,28.653113458186965,77.27622483878628,built_up,High,40.69571,0.18965003,Cool roof,393459.4031365207,1.0,2.541558270124821e-06,850433427.7071805,False
2162,+85967+31869,28.628858945517205,77.22591918287863,built_up,High,40.69388,0.22145902,Cool roof,393548.4994357017,1.0,2.5409828812303243e-06,850826976.2066162,False
2163,+86018+31874,28.63335052193753,77.27173326236594,built_up,High,40.693512,0.22545007,Cool roof,393532.00542884105,1.0,2.541089380799604e-06,851220508.212045,False
2164,+85951+31886,28.644130305346312,77.21154613833357,built_up,High,40.69232,0.14027178,Cool roof,393492.40996858553,1.0,2.541345079768718e-06,851614000.6220136,False
2165,+85971+31871,28.630655576085335,77.22951244401489,built_up,Medium,40.69104,0.31968576,Cool roof,393541.90212249075,1.0,2.541025478117316e-06,852007542.5241361,False
2166,+85979+31885,28.643231990062247,77.2366989662874,built_up,High,40.690887,0.15096243,Cool roof,393495.7101210463,1.0,2.541323766127926e-06,852401038.2342571,False
2167,+85979+31853,28.61448590097216,77.2366989662874,built_up,Medium,40.690826,0.34642595,Cool roof,393601.26404311205,1.0,2.5406422472527113e-06,852794639.4983002,False
2168,+85946+31851,28.61268927040403,77.20705456191325,built_up,Medium,40.689728,0.28297508,Cool roof,393607.8578816729,1.0,2.5405996856409857e-06,853188247.3561819,False
2169,+85976+31823,28.5875364424502,77.23400402043521,built_up,Medium,40.68799,0.39029518,Cool roof,393700.13107867143,1.0,2.540004234339902e-06,853581947.4872606,False
2170,+85938+31900,28.656706719323225,77.19986803964073,built_up,High,40.6846,0.14678103,Cool roof,393446.19770181086,1.0,2.541643573736835e-06,853975393.6849624,False
2171,+86000+31819,28.58394318131394,77.25556358725278,built_up,Medium,40.6821,0.32764634,Cool roof,393713.30678551074,1.0,2.5399192325109433e-06,854369106.9917479,False
2172,+86020+31891,28.64862188176664,77.27352989293408,built_up,Medium,40.681976,0.25976092,Cool roof,393475.90775877645,1.0,2.5414516626849184e-06,854762582.8995067,False
2173,+85977+31853,28.61448590097216,77.23490233571927,built_up,Medium,40.68152,0.4087894,Cool roof,393601.26404311205,1.0,2.5406422472527113e-06,855156184.1635498,False
2174,+86024+31891,28.64862188176664,77.27712315407034,built_up,Medium,40.679596,0.25209707,Cool roof,393475.90775877645,1.0,2.5414516626849184e-06,855549660.0713086,False
2175,+86019+31886,28.644130305346312,77.27263157765002,built_up,High,40.678925,0.14098053,Cool roof,393492.40996858553,1.0,2.541345079768718e-06,855943152.4812772,False
2176,+86014+31862,28.622570738528747,77.26814000122968,built_up,Medium,40.67636,0.3314872,Cool roof,393571.58699175547,1.0,2.5408338229988843e-06,856336724.068269,False
2177,+85953+31876,28.63514715250566,77.21334276890171,built_up,Medium,40.675507,0.28377444,Cool roof,393525.4071505268,1.0,2.5411319874894163e-06,856730249.4754195,False
2178,+86017+31899,28.65580840403916,77.27083494708188,built_up,High,40.6745,0.16401525,Cool roof,393449.49920522765,1.0,2.541622246362014e-06,857123698.9746248,False
2179,+85986+31888,28.645926935914442,77.24298717327586,built_up,High,40.674347,0.18785007,Cool roof,393485.8093741609,1.0,2.541387709992642e-06,857517184.783999,False
2180,+86017+31885,28.643231990062247,77.27083494708188,built_up,Medium,40.67404,0.30541313,Cool roof,393495.7101210463,1.0,2.541323766127926e-06,857910680.49412,False
2181,+86015+31898,28.654910088755095,77.26903831651376,built_up,Medium,40.673553,0.37534958,Cool roof,393452.80061215203,1.0,2.541600919968428e-06,858304133.2947322,False
2182,+86005+31837,28.600112856427117,77.2600551636731,built_up,Medium,40.671875,0.39302322,Cool roof,393654.0039405227,1.0,2.5403018640478256e-06,858697787.2986728,False
2183,+85978+31885,28.643231990062247,77.23580065100334,built_up,High,40.67154,0.15636201,Cool roof,393495.7101210463,1.0,2.541323766127926e-06,859091283.0087938,False
2184,+85954+31886,28.644130305346312,77.21424108418577,built_up,High,40.670746,0.20817602,Cool roof,393492.40996858553,1.0,2.541345079768718e-06,859484775.4187624,False
2185,+85943+31883,28.641435359494118,77.20435961606105,built_up,Medium,40.66794,0.29162768,Cool roof,393502.3101364616,1.0,2.541281141788501e-06,859878277.7288989,False
2186,+85939+31899,28.65580840403916,77.2007663549248,built_up,High,40.667267,0.21540889,Cool roof,393449.49920522765,1.0,2.541622246362014e-06,860271727.2281041,False
2187,+85979+31890,28.647723566482572,77.2366989662874,built_up,High,40.66684,0.17558344,Cool roof,393479.2083937367,1.0,2.5414303441399263e-06,860665206.4364978,False
2188,+85984+31869,28.628858945517205,77.24119054270773,built_up,Medium,40.664948,0.3252743,Cool roof,393548.4994357017,1.0,2.5409828812303243e-06,861058754.9359335,False
2189,+86019+31872,28.6315538913694,77.27263157765002,built_up,High,40.66446,0.17936009,Cool roof,393538.6033211179,1.0,2.5410467780311365e-06,861452293.5392545,False
2190,+85938+31894,28.651316827618835,77.19986803964073,built_up,High,40.661835,0.15971583,Cool roof,393466.00527491106,1.0,2.5415156242057283e-06,861845759.5445294,False
2191,+85954+31856,28.617180846824354,77.21424108418577,built_up,Medium,40.660187,0.39401364,Cool roof,393591.3725613467,1.0,2.540706097017246e-06,862239350.9170908,False
2192,+85982+31860,28.620774107960617,77.2393939121396,built_up,Medium,40.65976,0.3216999,Cool roof,393578.1825676959,1.0,2.5407912437524376e-06,862632929.0996585,False
2193,+85996+31841,28.603706117563377,77.2519703261165,built_up,Medium,40.659637,0.30794948,Cool roof,393640.8212828831,1.0,2.5403869363471513e-06,863026569.9209414,False
2194,+85935+31899,28.65580840403916,77.19717309378854,built_up,High,40.6586,0.17687519,Cool roof,393449.49920522765,1.0,2.541622246362014e-06,863420019.4201466,False
2195,+85948+31855,28.61628253154029,77.20885119248138,built_up,Medium,40.658295,0.31837195,Cool roof,393594.6698184574,1.0,2.540684812782761e-06,863813614.089965,False
2196,+85961+31878,28.63694378307379,77.22052929117423,built_up,Medium,40.656647,0.33385837,Cool roof,393518.80848618085,1.0,2.5411745981008603e-06,864207132.8984512,False
2197,+85983+31890,28.647723566482572,77.24029222742367,built_up,High,40.654816,0.19750325,Cool roof,393479.2083937367,1.0,2.5414303441399263e-06,864600612.1068449,False
2198,+85951+31821,28.58573981188207,77.21154613833357,built_up,Medium,40.652954,0.31856212,Cool roof,393706.7191251809,1.0,2.5399617314685587e-06,864994318.82597,False
2199,+85981+31823,28.5875364424502,77.23849559685553,built_up,Medium,40.651703,0.3301669,Cool roof,393700.13107867143,1.0,2.540004234339902e-06,865388018.9570488,False
2200,+85956+31880,28.638740413641923,77.21603771475391,built_up,Medium,40.65149,0.38276565,Cool roof,393512.20943580836,1.0,2.5412172126342245e-06,865781531.1664846,False
2201,+85943+31885,28.643231990062247,77.20435961606105,built_up,Medium,40.651215,0.29508224,Cool roof,393495.7101210463,1.0,2.541323766127926e-06,866175026.8766056,False
2202,+85981+31868,28.627960630233137,77.23849559685553,built_up,Medium,40.651093,0.28223532,Cool roof,393551.7979475385,1.0,2.5409615842570807e-06,866568578.6745532,False
2203,+86011+31900,28.656706719323225,77.2654450553775,built_up,High,40.650055,0.21016665,Cool roof,393446.19770181086,1.0,2.541643573736835e-06,866962024.872255,False
2204,+85984+31866,28.626163999665007,77.24119054270773,built_up,Medium,40.64908,0.28154507,Cool roof,393558.39468167134,1.0,2.5409189932509185e-06,867355583.2669367,False
2205,+85970+31882,28.640537044210053,77.22861412873081,built_up,High,40.648224,0.2068145,Cool roof,393505.6099994146,1.0,2.5412598310897976e-06,867749088.8769361,False
2206,+86016+31853,28.61448590097216,77.26993663179782,built_up,Medium,40.646606,0.5486822,Cool roof,393601.26404311205,1.0,2.5406422472527113e-06,868142690.1409792,False
2207,+85988+31891,28.64862188176664,77.24478380384399,built_up,Medium,40.645996,0.34004945,Cool roof,393475.90775877645,1.0,2.5414516626849184e-06,868536166.048738,False
2208,+85953+31854,28.615384216256224,77.21334276890171,built_up,Medium,40.64438,0.25304222,Cool roof,393597.9669790461,1.0,2.5406635295279275e-06,868929764.015717,False
2209,+85998+31820,28.584841496598006,77.25376695668464,built_up,Medium,40.644196,0.31015316,Cool roof,393710.01300361863,1.0,2.5399404815005527e-06,869323474.0287206,False
2210,+85978+31890,28.647723566482572,77.23580065100334,built_up,High,40.64319,0.1373099,Cool roof,393479.2083937367,1.0,2.5414303441399263e-06,869716953.2371143,False
2211,+85981+31898,28.654910088755095,77.23849559685553,built_up,Medium,40.642,0.39941722,Cool roof,393452.80061215203,1.0,2.541600919968428e-06,870110406.0377265,False
2212,+86019+31888,28.645926935914442,77.27263157765002,built_up,High,40.639862,0.14758645,Cool roof,393485.8093741609,1.0,2.541387709992642e-06,870503891.8471007,False
2213,+85954+31885,28.643231990062247,77.21424108418577,built_up,High,40.639313,0.15036099,Cool roof,393495.7101210463,1.0,2.541323766127926e-06,870897387.5572218,False
2214,+85947+31855,28.61628253154029,77.20795287719731,built_up,Medium,40.63867,0.29225639,Cool roof,393594.6698184574,1.0,2.540684812782761e-06,871290982.2270402,False
2215,+86023+31889,28.646825251198507,77.27622483878628,built_up,Medium,40.63745,0.28147396,Cool roof,393482.5089321985,1.0,2.5414090265758455e-06,871684464.7359724,False
2216,+86020+31884,28.642333674778182,77.27352989293408,built_up,Medium,40.633026,0.24414165,Cool roof,393499.01017700526,1.0,2.5413024534678655e-06,872077963.7461494,False
2217,+85967+31875,28.634248837221595,77.22591918287863,built_up,Medium,40.631653,0.23375341,Cool roof,393528.7063379382,1.0,2.5411106836543245e-06,872471492.4524873,False
2218,+85979+31820,28.584841496598006,77.2366989662874,built_up,Medium,40.63095,0.377755,Cool roof,393710.01300361863,1.0,2.5399404815005527e-06,872865202.4654909,False
2219,+85954+31875,28.634248837221595,77.21424108418577,built_up,Medium,40.630096,0.2450162,Cool roof,393528.7063379382,1.0,2.5411106836543245e-06,873258731.1718289,False
2220,+85961+31864,28.624367369096877,77.22052929117423,built_up,Medium,40.62979,0.30741453,Cool roof,393564.99102974543,1.0,2.540876406164949e-06,873652296.1628586,False
2221,+85937+31895,28.6522151429029,77.19896972435666,built_up,High,40.62918,0.22564489,Cool roof,393462.7042539635,1.0,2.5415369466747284e-06,874045758.8671125,False
2222,+85986+31889,28.646825251198507,77.24298717327586,built_up,Medium,40.62912,0.24002716,Cool roof,393482.5089321985,1.0,2.5414090265758455e-06,874439241.3760448,False
2223,+85972+31855,28.61628253154029,77.23041075929895,built_up,Medium,40.628723,0.38004375,Cool roof,393594.6698184574,1.0,2.540684812782761e-06,874832836.0458632,False
2224,+85933+31888,28.645926935914442,77.1953764632204,built_up,Medium,40.627777,0.25689167,Cool roof,393485.8093741609,1.0,2.541387709992642e-06,875226321.8552374,False
2225,+85946+31900,28.656706719323225,77.20705456191325,built_up,High,40.624237,0.15582335,Cool roof,393446.19770181086,1.0,2.541643573736835e-06,875619768.0529392,False
2226,+85982+31867,28.62706231494907,77.2393939121396,built_up,High,40.624023,0.2061274,Cool roof,393555.0963628619,1.0,2.5409402882639576e-06,876013323.149302,False
2227,+85957+31874,28.63335052193753,77.21693603003797,built_up,Medium,40.623993,0.28151065,Cool roof,393532.00542884105,1.0,2.541089380799604e-06,876406855.1547308,False
2228,+86014+31891,28.64862188176664,77.26814000122968,built_up,Medium,40.62393,0.355946,Cool roof,393475.90775877645,1.0,2.5414516626849184e-06,876800331.0624896,False
2229,+85959+31873,28.632452206653465,77.2187326606061,built_up,Medium,40.621826,0.38083956,Cool roof,393535.3044232345,1.0,2.5410680789252197e-06,877193866.3669128,False
2230,+85968+31884,28.642333674778182,77.22681749816269,built_up,Medium,40.621674,0.3502006,Cool roof,393499.01017700526,1.0,2.5413024534678655e-06,877587365.3770899,False
2231,+85988+31885,28.643231990062247,77.24478380384399,built_up,High,40.621674,0.15742919,Cool roof,393495.7101210463,1.0,2.541323766127926e-06,877980861.0872109,False
2232,+85999+31819,28.58394318131394,77.2546652719687,built_up,Medium,40.62137,0.26519302,Cool roof,393713.30678551074,1.0,2.5399192325109433e-06,878374574.3939964,False
2233,+85958+31876,28.63514715250566,77.21783434532203,built_up,Medium,40.620514,0.373475,Cool roof,393525.4071505268,1.0,2.5411319874894163e-06,878768099.8011469,False
2234,+85981+31851,28.61268927040403,77.23849559685553,built_up,Medium,40.619415,0.2751962,Cool roof,393607.8578816729,1.0,2.5405996856409857e-06,879161707.6590285,False
2235,+85958+31871,28.630655576085335,77.21783434532203,built_up,Medium,40.617188,0.35738456,Cool roof,393541.90212249075,1.0,2.541025478117316e-06,879555249.561151,False
2236,+86018+31893,28.65041851233477,77.27173326236594,built_up,Medium,40.61609,0.2698258,Cool roof,393469.30619936297,1.0,2.5414943027177834e-06,879948718.8673503,False
2237,+85982+31900,28.656706719323225,77.2393939121396,built_up,Medium,40.614838,0.3948507,Cool roof,393446.19770181086,1.0,2.541643573736835e-06,880342165.0650522,False
2238,+85966+31873,28.632452206653465,77.22502086759455,built_up,Medium,40.614777,0.32571948,Cool roof,393535.3044232345,1.0,2.5410680789252197e-06,880735700.3694754,False
2239,+85982+31829,28.592926334154594,77.2393939121396,built_up,Medium,40.613983,0.34823063,Cool roof,393680.36462211795,1.0,2.5401317664391776e-06,881129380.7340975,False
2240,+85982+31823,28.5875364424502,77.2393939121396,built_up,Medium,40.61148,0.24505532,Cool roof,393700.13107867143,1.0,2.540004234339902e-06,881523080.8651762,False
2241,+85938+31875,28.634248837221595,77.19986803964073,built_up,Medium,40.609985,0.3425843,Cool roof,393528.7063379382,1.0,2.5411106836543245e-06,881916609.5715141,False
2242,+85979+31892,28.649520197050705,77.2366989662874,built_up,Medium,40.609406,0.313805,Cool roof,393472.6070273184,1.0,2.5414729822108584e-06,882310082.1785414,False
2243,+85977+31875,28.634248837221595,77.23490233571927,built_up,Medium,40.60904,0.28804874,Cool roof,393528.7063379382,1.0,2.5411106836543245e-06,882703610.8848794,False
2244,+85947+31874,28.63335052193753,77.20795287719731,built_up,Medium,40.608368,0.26380068,Cool roof,393532.00542884105,1.0,2.541089380799604e-06,883097142.8903081,False
2245,+85986+31884,28.642333674778182,77.24298717327586,built_up,Medium,40.607147,0.24314886,Cool roof,393499.01017700526,1.0,2.5413024534678655e-06,883490641.9004852,False
2246,+85945+31855,28.61628253154029,77.20615624662919,built_up,Medium,40.60147,0.33611605,Cool roof,393594.6698184574,1.0,2.540684812782761e-06,883884236.5703036,False
2247,+85984+31857,28.61807916210842,77.24119054270773,built_up,Medium,40.599945,0.41397884,Cool roof,393588.07520771434,1.0,2.5407273822314218e-06,884277824.6455113,False
2248,+85949+31849,28.6108926398359,77.20974950776545,built_up,High,40.599518,0.19925947,Cool roof,393614.4513341348,1.0,2.5405571279472957e-06,884671439.0968454,False
2249,+85951+31854,28.615384216256224,77.21154613833357,built_up,Medium,40.59613,0.24080618,Cool roof,393597.9669790461,1.0,2.5406635295279275e-06,885065037.0638244,False
2250,+85939+31900,28.656706719323225,77.2007663549248,built_up,High,40.595825,0.15673776,Cool roof,393446.19770181086,1.0,2.541643573736835e-06,885458483.2615262,False
2251,+85943+31888,28.645926935914442,77.20435961606105,built_up,Medium,40.595703,0.27007094,Cool roof,393485.8093741609,1.0,2.541387709992642e-06,885851969.0709004,False
2252,+85984+31870,28.62975726080127,77.24119054270773,built_up,Medium,40.595,0.2628382,Cool roof,393545.20082735224,1.0,2.541004179183724e-06,886245514.2717278,False
2253,+85985+31887,28.645028620630377,77.24208885799179,built_up,Medium,40.59494,0.33875686,Cool roof,393489.10971962346,1.0,2.5413663943902783e-06,886639003.3814474,False
2254,+86019+31851,28.61268927040403,77.27263157765002,built_up,Medium,40.593872,0.35830352,Cool roof,393607.8578816729,1.0,2.5405996856409857e-06,887032611.2393291,False
2255,+85987+31883,28.641435359494118,77.24388548855993,built_up,High,40.59381,0.1682796,Cool roof,393502.3101364616,1.0,2.541281141788501e-06,887426113.5494655,False
2256,+85961+31877,28.636045467789724,77.22052929117423,built_up,Medium,40.592926,0.3709067,Cool roof,393522.10786660743,1.0,2.5411532923049165e-06,887819635.6573322,False
2257,+86019+31852,28.613587585688094,77.27263157765002,built_up,Medium,40.59079,0.5232275,Cool roof,393604.5610106546,1.0,2.5406209659570757e-06,888213240.2183428,False
2258,+85984+31879,28.637842098357854,77.24119054270773,built_up,Medium,40.590363,0.30924076,Cool roof,393515.50900924753,1.0,2.5411959048772846e-06,888606755.727352,False
2259,+86021+31888,28.645926935914442,77.27442820821814,built_up,Medium,40.589752,0.29626408,Cool roof,393485.8093741609,1.0,2.541387709992642e-06,889000241.5367262,False
2260,+85950+31822,28.586638127166136,77.21064782304951,built_up,Medium,40.589264,0.28607255,Cool roof,393703.4251501983,1.0,2.5399829824149967e-06,889393944.9618764,False
2261,+86022+31888,28.645926935914442,77.27532652350222,built_up,Medium,40.58618,0.27533296,Cool roof,393485.8093741609,1.0,2.541387709992642e-06,889787430.7712506,False
2262,+85943+31858,28.618977477392487,77.20435961606105,built_up,Medium,40.5838,0.26732272,Cool roof,393584.7777575614,1.0,2.5407486684253207e-06,890181015.5490081,False
2263,+86016+31863,28.623469053812812,77.26993663179782,built_up,Medium,40.58322,0.4226517,Cool roof,393568.2890590088,1.0,2.5408551140919464e-06,890574583.8380672,False
2264,+85960+31872,28.6315538913694,77.21963097589017,built_up,Medium,40.582916,0.40168327,Cool roof,393538.6033211179,1.0,2.5410467780311365e-06,890968122.4413882,False
2265,+85969+31874,28.63335052193753,77.22771581344675,built_up,Medium,40.582306,0.3055443,Cool roof,393532.00542884105,1.0,2.541089380799604e-06,891361654.446817,False
2266,+86023+31890,28.647723566482572,77.27622483878628,built_up,Medium,40.582306,0.31885484,Cool roof,393479.2083937367,1.0,2.5414303441399263e-06,891755133.6552107,False
2267,+85963+31877,28.636045467789724,77.22232592174235,built_up,Medium,40.58206,0.290131,Cool roof,393522.10786660743,1.0,2.5411532923049165e-06,892148655.7630774,False
2268,+85984+31867,28.62706231494907,77.24119054270773,built_up,Medium,40.58133,0.34681866,Cool roof,393555.0963628619,1.0,2.5409402882639576e-06,892542210.8594402,False
2269,+86018+31872,28.6315538913694,77.27173326236594,built_up,Medium,40.581207,0.40123367,Cool roof,393538.6033211179,1.0,2.5410467780311365e-06,892935749.4627613,False
2270,+85941+31831,28.594722964722724,77.20256298549292,built_up,Medium,40.580597,0.3723276,Cool roof,393673.77503094316,1.0,2.5401742849683066e-06,893329423.2377923,False
2271,+85996+31856,28.617180846824354,77.2519703261165,built_up,High,40.57553,0.2137238,Cool roof,393591.3725613467,1.0,2.540706097017246e-06,893723014.6103536,False
2272,+85969+31853,28.61448590097216,77.22771581344675,built_up,Medium,40.57315,0.35868466,Cool roof,393601.26404311205,1.0,2.5406422472527113e-06,894116615.8743967,False
2273,+85934+31900,28.656706719323225,77.19627477850447,built_up,Medium,40.572113,0.26061946,Cool roof,393446.19770181086,1.0,2.541643573736835e-06,894510062.0720985,False
2274,+85953+31874,28.63335052193753,77.21334276890171,built_up,Medium,40.571747,0.32078797,Cool roof,393532.00542884105,1.0,2.541089380799604e-06,894903594.0775273,False
2275,+85963+31878,28.63694378307379,77.22232592174235,built_up,Medium,40.571655,0.33679417,Cool roof,393518.80848618085,1.0,2.5411745981008603e-06,895297112.8860135,False
2276,+85946+31828,28.59202801887053,77.20705456191325,built_up,Medium,40.569916,0.31507,Cool roof,393683.65927289636,1.0,2.5401105086427096e-06,895690796.5452864,False
2277,+85961+31870,28.62975726080127,77.22052929117423,built_up,Medium,40.569427,0.25092745,Cool roof,393545.20082735224,1.0,2.541004179183724e-06,896084341.7461138,False
2278,+85961+31850,28.611790955119965,77.22052929117423,built_up,Medium,40.568146,0.2745402,Cool roof,393611.1546561666,1.0,2.540578406304404e-06,896477952.90077,False
2279,+85976+31865,28.625265684380942,77.23400402043521,built_up,Medium,40.567963,0.2770095,Cool roof,393561.6929039662,1.0,2.540897699217927e-06,896871514.593674,False
2280,+85996+31819,28.58394318131394,77.2519703261165,built_up,Medium,40.56433,0.28926307,Cool roof,393713.30678551074,1.0,2.5399192325109433e-06,897265227.9004594,False
2281,+86021+31848,28.609994324551835,77.27442820821814,built_up,Medium,40.56363,0.34586093,Cool roof,393617.74791557674,1.0,2.540535850569625e-06,897658845.648375,False
2282,+85995+31858,28.618977477392487,77.25107201083244,built_up,Medium,40.562775,0.32961285,Cool roof,393584.7777575614,1.0,2.5407486684253207e-06,898052430.4261326,False
2283,+86014+31892,28.649520197050705,77.26814000122968,built_up,Medium,40.562775,0.37081805,Cool roof,393472.6070273184,1.0,2.5414729822108584e-06,898445903.0331599,False
2284,+85964+31880,28.638740413641923,77.22322423702643,built_up,Medium,40.56137,0.37149784,Cool roof,393512.20943580836,1.0,2.5412172126342245e-06,898839415.2425957,False
2285,+85944+31886,28.644130305346312,77.20525793134512,built_up,Medium,40.56131,0.29639888,Cool roof,393492.40996858553,1.0,2.541345079768718e-06,899232907.6525643,False
2286,+85938+31896,28.653113458186965,77.19986803964073,built_up,Medium,40.560394,0.22502796,Cool roof,393459.4031365207,1.0,2.541558270124821e-06,899626367.0557008,False
2287,+86018+31865,28.625265684380942,77.27173326236594,built_up,Medium,40.55893,0.37821743,Cool roof,393561.6929039662,1.0,2.540897699217927e-06,900019928.7486048,False
2288,+85980+31880,28.638740413641923,77.23759728157147,built_up,Medium,40.558228,0.22775958,Cool roof,393512.20943580836,1.0,2.5412172126342245e-06,900413440.9580406,False
2289,+85994+31865,28.625265684380942,77.25017369554838,built_up,Medium,40.55716,0.44421288,Cool roof,393561.6929039662,1.0,2.540897699217927e-06,900807002.6509446,False
2290,+85938+31849,28.6108926398359,77.19986803964073,built_up,Medium,40.55603,0.3847488,Cool roof,393614.4513341348,1.0,2.5405571279472957e-06,901200617.1022787,False
2291,+85943+31892,28.649520197050705,77.20435961606105,built_up,Medium,40.555634,0.26778743,Cool roof,393472.6070273184,1.0,2.5414729822108584e-06,901594089.709306,False
2292,+85985+31862,28.622570738528747,77.24208885799179,built_up,High,40.555573,0.19032483,Cool roof,393571.58699175547,1.0,2.5408338229988843e-06,901987661.2962978,False
2293,+85960+31870,28.62975726080127,77.21963097589017,built_up,Medium,40.555267,0.24623568,Cool roof,393545.20082735224,1.0,2.541004179183724e-06,902381206.4971251,False
2294,+85944+31885,28.643231990062247,77.20525793134512,built_up,Medium,40.554657,0.27783477,Cool roof,393495.7101210463,1.0,2.541323766127926e-06,902774702.2072462,False
2295,+85949+31886,28.644130305346312,77.20974950776545,built_up,High,40.553955,0.18428516,Cool roof,393492.40996858553,1.0,2.541345079768718e-06,903168194.6172148,False
2296,+85988+31889,28.646825251198507,77.24478380384399,built_up,High,40.553375,0.18897621,Cool roof,393482.5089321985,1.0,2.5414090265758455e-06,903561677.126147,False
2297,+85942+31889,28.646825251198507,77.203461300777,built_up,Medium,40.552277,0.34748042,Cool roof,393482.5089321985,1.0,2.5414090265758455e-06,903955159.6350793,False
2298,+85936+31888,28.645926935914442,77.1980714090726,built_up,Medium,40.55197,0.30221486,Cool roof,393485.8093741609,1.0,2.541387709992642e-06,904348645.4444535,False
2299,+85933+31895,28.6522151429029,77.1953764632204,built_up,Medium,40.551483,0.22685668,Cool roof,393462.7042539635,1.0,2.5415369466747284e-06,904742108.1487074,False
2300,+85985+31891,28.64862188176664,77.24208885799179,built_up,Medium,40.551056,0.2728477,Cool roof,393475.90775877645,1.0,2.5414516626849184e-06,905135584.0564662,False
2301,+85946+31855,28.61628253154029,77.20705456191325,built_up,Medium,40.549774,0.37584198,Cool roof,393594.6698184574,1.0,2.540684812782761e-06,905529178.7262846,False
2302,+85944+31848,28.609994324551835,77.20525793134512,built_up,Medium,40.549347,0.27076522,Cool roof,393617.74791557674,1.0,2.540535850569625e-06,905922796.4742002,False
2303,+85983+31868,28.627960630233137,77.24029222742367,built_up,Medium,40.549194,0.38200212,Cool roof,393551.7979475385,1.0,2.5409615842570807e-06,906316348.2721478,False
2304,+85971+31821,28.58573981188207,77.22951244401489,built_up,Medium,40.54651,0.40024033,Cool roof,393706.7191251809,1.0,2.5399617314685587e-06,906710054.9912729,False
2305,+85969+31871,28.630655576085335,77.22771581344675,built_up,Medium,40.542084,0.26341566,Cool roof,393541.90212249075,1.0,2.541025478117316e-06,907103596.8933954,False
2306,+85947+31886,28.644130305346312,77.20795287719731,built_up,Medium,40.54123,0.30957505,Cool roof,393492.40996858553,1.0,2.541345079768718e-06,907497089.303364,False
2307,+85947+31850,28.611790955119965,77.20795287719731,built_up,Medium,40.539215,0.22146414,Cool roof,393611.1546561666,1.0,2.540578406304404e-06,907890700.4580202,False
2308,+85936+31889,28.646825251198507,77.1980714090726,built_up,High,40.53592,0.21060117,Cool roof,393482.5089321985,1.0,2.5414090265758455e-06,908284182.9669524,False
2309,+85977+31825,28.589333073018334,77.23490233571927,built_up,Medium,40.533295,0.30264822,Cool roof,393693.54264598736,1.0,2.5400467411252633e-06,908677876.5095984,False
2310,+85988+31896,28.653113458186965,77.24478380384399,built_up,Medium,40.5325,0.37695864,Cool roof,393459.4031365207,1.0,2.541558270124821e-06,909071335.9127349,False
2311,+85949+31893,28.65041851233477,77.20974950776545,built_up,Medium,40.53244,0.24987195,Cool roof,393469.30619936297,1.0,2.5414943027177834e-06,909464805.2189342,False
2312,+85947+31894,28.651316827618835,77.20795287719731,built_up,Medium,40.531403,0.30940482,Cool roof,393466.00527491106,1.0,2.5415156242057283e-06,909858271.2242091,False
2313,+85970+31821,28.58573981188207,77.22861412873081,built_up,Medium,40.530365,0.37208623,Cool roof,393706.7191251809,1.0,2.5399617314685587e-06,910251977.9433342,False
2314,+85938+31889,28.646825251198507,77.19986803964073,built_up,Medium,40.529083,0.28133327,Cool roof,393482.5089321985,1.0,2.5414090265758455e-06,910645460.4522665,False
2315,+85944+31849,28.6108926398359,77.20525793134512,built_up,Medium,40.528107,0.26600635,Cool roof,393614.4513341348,1.0,2.5405571279472957e-06,911039074.9036006,False
2316,+85981+31867,28.62706231494907,77.23849559685553,built_up,Medium,40.527924,0.26086447,Cool roof,393555.0963628619,1.0,2.5409402882639576e-06,911432629.9999634,False
2317,+85937+31887,28.645028620630377,77.19896972435666,built_up,Medium,40.52646,0.3653275,Cool roof,393489.10971962346,1.0,2.5413663943902783e-06,911826119.109683,False
2318,+85946+31882,28.640537044210053,77.20705456191325,built_up,Medium,40.5231,0.37164715,Cool roof,393505.6099994146,1.0,2.5412598310897976e-06,912219624.7196825,False
2319,+85995+31829,28.592926334154594,77.25107201083244,built_up,Medium,40.52307,0.30649236,Cool roof,393680.36462211795,1.0,2.5401317664391776e-06,912613305.0843046,False
2320,+85957+31875,28.634248837221595,77.21693603003797,built_up,Medium,40.521027,0.35489142,Cool roof,393528.7063379382,1.0,2.5411106836543245e-06,913006833.7906425,False
2321,+85985+31888,28.645926935914442,77.24208885799179,built_up,Medium,40.519653,0.3326821,Cool roof,393485.8093741609,1.0,2.541387709992642e-06,913400319.6000167,False
2322,+85951+31883,28.641435359494118,77.21154613833357,built_up,High,40.51944,0.15620302,Cool roof,393502.3101364616,1.0,2.541281141788501e-06,913793821.9101532,False
2323,+85939+31895,28.6522151429029,77.2007663549248,built_up,High,40.517853,0.17565405,Cool roof,393462.7042539635,1.0,2.5415369466747284e-06,914187284.6144071,False
2324,+85935+31833,28.596519595290854,77.19717309378854,built_up,Medium,40.516968,0.22357255,Cool roof,393667.18505361537,1.0,2.5402168074126e-06,914580951.7994606,False
2325,+86025+31890,28.647723566482572,77.2780214693544,built_up,Medium,40.516083,0.25076503,Cool roof,393479.2083937367,1.0,2.5414303441399263e-06,914974431.0078543,False
2326,+85954+31881,28.639638728925988,77.21424108418577,built_up,High,40.51538,0.15863912,Cool roof,393508.9097658637,1.0,2.5412385213717176e-06,915367939.9176202,False
2327,+85948+31894,28.651316827618835,77.20885119248138,built_up,High,40.514313,0.19400872,Cool roof,393466.00527491106,1.0,2.5415156242057283e-06,915761405.9228951,False
2328,+85986+31861,28.621672423244682,77.24298717327586,built_up,Medium,40.513733,0.2325688,Cool roof,393574.88482798473,1.0,2.5408125328857267e-06,916154980.807723,False
2329,+86018+31882,28.640537044210053,77.27173326236594,built_up,Medium,40.512543,0.23452266,Cool roof,393505.6099994146,1.0,2.5412598310897976e-06,916548486.4177225,False
2330,+85971+31874,28.63335052193753,77.22951244401489,built_up,Medium,40.51169,0.36538485,Cool roof,393532.00542884105,1.0,2.541089380799604e-06,916942018.4231513,False
2331,+85939+31897,28.65401177347103,77.2007663549248,built_up,Medium,40.511017,0.2628851,Cool roof,393456.10192258324,1.0,2.5415795945560422e-06,917335474.5250739,False
2332,+85964+31872,28.6315538913694,77.22322423702643,built_up,Medium,40.504364,0.27213946,Cool roof,393538.6033211179,1.0,2.5410467780311365e-06,917729013.128395,False
2333,+85934+31894,28.651316827618835,77.19627477850447,built_up,Medium,40.50284,0.35159522,Cool roof,393466.00527491106,1.0,2.5415156242057283e-06,918122479.1336699,False
2334,+86024+31889,28.646825251198507,77.27712315407034,built_up,High,40.5011,0.20628616,Cool roof,393482.5089321985,1.0,2.5414090265758455e-06,918515961.6426021,False
2335,+85976+31874,28.63335052193753,77.23400402043521,built_up,Medium,40.497772,0.29110593,Cool roof,393532.00542884105,1.0,2.541089380799604e-06,918909493.6480309,False
2336,+85975+31871,28.630655576085335,77.23310570515115,built_up,Medium,40.49765,0.2741933,Cool roof,393541.90212249075,1.0,2.541025478117316e-06,919303035.5501534,False
2337,+85992+31863,28.623469053812812,77.24837706498025,built_up,Medium,40.49759,0.41182086,Cool roof,393568.2890590088,1.0,2.5408551140919464e-06,919696603.8392124,False
2338,+85952+31821,28.58573981188207,77.21244445361764,built_up,Medium,40.49588,0.40125328,Cool roof,393706.7191251809,1.0,2.5399617314685587e-06,920090310.5583376,False
2339,+85970+31871,28.630655576085335,77.22861412873081,built_up,Medium,40.49478,0.24935834,Cool roof,393541.90212249075,1.0,2.541025478117316e-06,920483852.4604601,False
2340,+85988+31894,28.651316827618835,77.24478380384399,built_up,Medium,40.493805,0.40633717,Cool roof,393466.00527491106,1.0,2.5415156242057283e-06,920877318.465735,False
2341,+85967+31884,28.642333674778182,77.22591918287863,built_up,Medium,40.491455,0.42156953,Cool roof,393499.01017700526,1.0,2.5413024534678655e-06,921270817.475912,False
2342,+85952+31886,28.644130305346312,77.21244445361764,built_up,High,40.4906,0.14091277,Cool roof,393492.40996858553,1.0,2.541345079768718e-06,921664309.8858806,False
2343,+85987+31850,28.611790955119965,77.24388548855993,built_up,Medium,40.49008,0.44349682,Cool roof,393611.1546561666,1.0,2.540578406304404e-06,922057921.0405368,False
2344,+85943+31887,28.645028620630377,77.20435961606105,built_up,Medium,40.486847,0.34470266,Cool roof,393489.10971962346,1.0,2.5413663943902783e-06,922451410.1502564,False
2345,+85940+31895,28.6522151429029,77.20166467020886,built_up,High,40.48639,0.20331217,Cool roof,393462.7042539635,1.0,2.5415369466747284e-06,922844872.8545103,False
2346,+85961+31863,28.623469053812812,77.22052929117423,built_up,Medium,40.485504,0.22884044,Cool roof,393568.2890590088,1.0,2.5408551140919464e-06,923238441.1435694,False
2347,+85950+31885,28.643231990062247,77.21064782304951,built_up,High,40.483,0.13394335,Cool roof,393495.7101210463,1.0,2.541323766127926e-06,923631936.8536904,False
2348,+85991+31872,28.6315538913694,77.24747874969619,built_up,Medium,40.479218,0.41797236,Cool roof,393538.6033211179,1.0,2.5410467780311365e-06,924025475.4570115,False
2349,+85947+31856,28.617180846824354,77.20795287719731,built_up,High,40.479065,0.16373886,Cool roof,393591.3725613467,1.0,2.540706097017246e-06,924419066.8295728,False
2350,+85939+31896,28.653113458186965,77.2007663549248,built_up,High,40.47867,0.17747793,Cool roof,393459.4031365207,1.0,2.541558270124821e-06,924812526.2327093,False
2351,+86019+31896,28.653113458186965,77.27263157765002,built_up,High,40.477997,0.18373588,Cool roof,393459.4031365207,1.0,2.541558270124821e-06,925205985.6358458,False
2352,+85952+31819,28.58394318131394,77.21244445361764,built_up,Medium,40.477386,0.41644192,Cool roof,393713.30678551074,1.0,2.5399192325109433e-06,925599698.9426312,False
2353,+85943+31854,28.615384216256224,77.20435961606105,built_up,Medium,40.475067,0.24613915,Cool roof,393597.9669790461,1.0,2.5406635295279275e-06,925993296.9096103,False
2354,+85988+31864,28.624367369096877,77.24478380384399,built_up,Medium,40.473785,0.3593713,Cool roof,393564.99102974543,1.0,2.540876406164949e-06,926386861.90064,False
2355,+85989+31886,28.644130305346312,77.24568211912806,built_up,Medium,40.473663,0.22155865,Cool roof,393492.40996858553,1.0,2.541345079768718e-06,926780354.3106086,False
2356,+86019+31894,28.651316827618835,77.27263157765002,built_up,Medium,40.469635,0.2492688,Cool roof,393466.00527491106,1.0,2.5415156242057283e-06,927173820.3158835,False
2357,+85997+31853,28.61448590097216,77.25286864140058,built_up,High,40.468353,0.18443677,Cool roof,393601.26404311205,1.0,2.5406422472527113e-06,927567421.5799266,False
2358,+85955+31855,28.61628253154029,77.21513939946983,built_up,High,40.46469,0.19522923,Cool roof,393594.6698184574,1.0,2.540684812782761e-06,927961016.249745,False
2359,+85994+31864,28.624367369096877,77.25017369554838,built_up,Medium,40.463776,0.4565942,Cool roof,393564.99102974543,1.0,2.540876406164949e-06,928354581.2407748,False
2360,+85955+31874,28.63335052193753,77.21513939946983,built_up,Medium,40.463165,0.32986137,Cool roof,393532.00542884105,1.0,2.541089380799604e-06,928748113.2462035,False
2361,+85985+31879,28.637842098357854,77.24208885799179,built_up,Medium,40.46158,0.33978444,Cool roof,393515.50900924753,1.0,2.5411959048772846e-06,929141628.7552128,False
2362,+85948+31851,28.61268927040403,77.20885119248138,built_up,Medium,40.459717,0.2701402,Cool roof,393607.8578816729,1.0,2.5405996856409857e-06,929535236.6130944,False
2363,+85989+31892,28.649520197050705,77.24568211912806,built_up,Medium,40.457733,0.3745409,Cool roof,393472.6070273184,1.0,2.5414729822108584e-06,929928709.2201217,False
2364,+85997+31874,28.63335052193753,77.25286864140058,built_up,Medium,40.456696,0.26139793,Cool roof,393532.00542884105,1.0,2.541089380799604e-06,930322241.2255505,False
2365,+85967+31873,28.632452206653465,77.22591918287863,built_up,Medium,40.455902,0.3544839,Cool roof,393535.3044232345,1.0,2.5410680789252197e-06,930715776.5299737,False
2366,+85988+31849,28.6108926398359,77.24478380384399,built_up,Medium,40.454773,0.3983768,Cool roof,393614.4513341348,1.0,2.5405571279472957e-06,931109390.9813079,False
2367,+85958+31879,28.637842098357854,77.21783434532203,built_up,Medium,40.45401,0.36332417,Cool roof,393515.50900924753,1.0,2.5411959048772846e-06,931502906.4903171,False
2368,+85948+31886,28.644130305346312,77.20885119248138,built_up,Medium,40.453827,0.36095688,Cool roof,393492.40996858553,1.0,2.541345079768718e-06,931896398.9002857,False
2369,+85981+31852,28.613587585688094,77.23849559685553,built_up,Medium,40.453766,0.28557357,Cool roof,393604.5610106546,1.0,2.5406209659570757e-06,932290003.4612963,False
2370,+85995+31822,28.586638127166136,77.25107201083244,built_up,Medium,40.453766,0.29192397,Cool roof,393703.4251501983,1.0,2.5399829824149967e-06,932683706.8864465,False
2371,+85943+31882,28.640537044210053,77.20435961606105,built_up,Medium,40.453156,0.30596954,Cool roof,393505.6099994146,1.0,2.5412598310897976e-06,933077212.4964459,False
2372,+85941+31830,28.59382464943866,77.20256298549292,built_up,Medium,40.453033,0.4073838,Cool roof,393677.0698747999,1.0,2.540153025214365e-06,933470889.5663207,False
2373,+85990+31866,28.626163999665007,77.24658043441212,built_up,Medium,40.451996,0.34499067,Cool roof,393558.39468167134,1.0,2.5409189932509185e-06,933864447.9610023,False
2374,+85943+31894,28.651316827618835,77.20435961606105,built_up,Medium,40.450775,0.35701683,Cool roof,393466.00527491106,1.0,2.5415156242057283e-06,934257913.9662772,False
2375,+86012+31900,28.656706719323225,77.26634337066156,built_up,High,40.44983,0.13910373,Cool roof,393446.19770181086,1.0,2.541643573736835e-06,934651360.163979,False
2376,+85984+31885,28.643231990062247,77.24119054270773,built_up,Medium,40.44879,0.23779766,Cool roof,393495.7101210463,1.0,2.541323766127926e-06,935044855.8741001,False
2377,+85950+31884,28.642333674778182,77.21064782304951,built_up,High,40.4487,0.14296459,Cool roof,393499.01017700526,1.0,2.5413024534678655e-06,935438354.8842771,False
2378,+86020+31892,28.649520197050705,77.27352989293408,built_up,Medium,40.44742,0.283955,Cool roof,393472.6070273184,1.0,2.5414729822108584e-06,935831827.4913044,False
2379,+85997+31821,28.58573981188207,77.25286864140058,built_up,Medium,40.446808,0.42384088,Cool roof,393706.7191251809,1.0,2.5399617314685587e-06,936225534.2104295,False
2380,+86017+31874,28.63335052193753,77.27083494708188,built_up,Medium,40.444824,0.39196274,Cool roof,393532.00542884105,1.0,2.541089380799604e-06,936619066.2158583,False
2381,+85985+31881,28.639638728925988,77.24208885799179,built_up,Medium,40.44461,0.34559235,Cool roof,393508.9097658637,1.0,2.5412385213717176e-06,937012575.1256242,False
2382,+85988+31890,28.647723566482572,77.24478380384399,built_up,Medium,40.44339,0.235828,Cool roof,393479.2083937367,1.0,2.5414303441399263e-06,937406054.3340179,False
2383,+85991+31864,28.624367369096877,77.24747874969619,built_up,Medium,40.443024,0.3829092,Cool roof,393564.99102974543,1.0,2.540876406164949e-06,937799619.3250476,False
2384,+86024+31888,28.645926935914442,77.27712315407034,built_up,High,40.44229,0.1770164,Cool roof,393485.8093741609,1.0,2.541387709992642e-06,938193105.1344218,False
2385,+86009+31839,28.601909486995247,77.26364842480936,built_up,Medium,40.440826,0.38755095,Cool roof,393647.41280476865,1.0,2.540344398239332e-06,938586752.5472265,False
2386,+85966+31882,28.640537044210053,77.22502086759455,built_up,Medium,40.4393,0.3945639,Cool roof,393505.6099994146,1.0,2.5412598310897976e-06,938980258.157226,False
2387,+85971+31822,28.586638127166136,77.22951244401489,built_up,Medium,40.439026,0.26997295,Cool roof,393703.4251501983,1.0,2.5399829824149967e-06,939373961.5823761,False
2388,+85975+31879,28.637842098357854,77.23310570515115,built_up,Medium,40.437927,0.29811853,Cool roof,393515.50900924753,1.0,2.5411959048772846e-06,939767477.0913854,False
2389,+85979+31819,28.58394318131394,77.2366989662874,built_up,Medium,40.437714,0.39133802,Cool roof,393713.30678551074,1.0,2.5399192325109433e-06,940161190.3981708,False
2390,+85954+31857,28.61807916210842,77.21424108418577,built_up,Medium,40.436188,0.39720988,Cool roof,393588.07520771434,1.0,2.5407273822314218e-06,940554778.4733785,False
2391,+85977+31865,28.625265684380942,77.23490233571927,built_up,Medium,40.435944,0.3110701,Cool roof,393561.6929039662,1.0,2.540897699217927e-06,940948340.1662825,False
2392,+85985+31880,28.638740413641923,77.24208885799179,built_up,Medium,40.434967,0.36165643,Cool roof,393512.20943580836,1.0,2.5412172126342245e-06,941341852.3757184,False
2393,+85987+31886,28.644130305346312,77.24388548855993,built_up,Medium,40.43405,0.3092157,Cool roof,393492.40996858553,1.0,2.541345079768718e-06,941735344.785687,False
2394,+85948+31824,28.58843475773427,77.20885119248138,built_up,Medium,40.43167,0.43162024,Cool roof,393696.8369106009,1.0,2.5400254872433124e-06,942129041.6225976,False
2395,+85943+31900,28.656706719323225,77.20435961606105,built_up,Medium,40.431,0.3067777,Cool roof,393446.19770181086,1.0,2.541643573736835e-06,942522487.8202994,False
2396,+85990+31868,28.627960630233137,77.24658043441212,built_up,Medium,40.430573,0.32727864,Cool roof,393551.7979475385,1.0,2.5409615842570807e-06,942916039.6182469,False
2397,+85996+31839,28.601909486995247,77.2519703261165,built_up,Medium,40.42874,0.26152313,Cool roof,393647.41280476865,1.0,2.540344398239332e-06,943309687.0310516,False
2398,+86006+31864,28.624367369096877,77.26095347895716,built_up,Medium,40.427612,0.40147203,Cool roof,393564.99102974543,1.0,2.540876406164949e-06,943703252.0220814,False
2399,+85986+31832,28.59562128000679,77.24298717327586,built_up,Medium,40.426727,0.32589686,Cool roof,393670.48009054805,1.0,2.5401955457010397e-06,944096922.5021719,False
2400,+85986+31862,28.622570738528747,77.24298717327586,built_up,Medium,40.426605,0.26787648,Cool roof,393571.58699175547,1.0,2.5408338229988843e-06,944490494.0891637,False
2401,+85973+31827,28.591129703586464,77.23130907458301,built_up,Medium,40.42502,0.26074004,Cool roof,393686.95382713445,1.0,2.5400892518249255e-06,944884181.0429908,False
2402,+85974+31872,28.6315538913694,77.23220738986707,built_up,Medium,40.42398,0.3741734,Cool roof,393538.6033211179,1.0,2.5410467780311365e-06,945277719.6463119,False
2403,+85991+31882,28.640537044210053,77.24747874969619,built_up,Medium,40.42398,0.39863563,Cool roof,393505.6099994146,1.0,2.5412598310897976e-06,945671225.2563113,False
2404,+85940+31891,28.64862188176664,77.20166467020886,built_up,Medium,40.423126,0.26463673,Cool roof,393475.90775877645,1.0,2.5414516626849184e-06,946064701.1640701,False
2405,+86024+31887,28.645028620630377,77.27712315407034,built_up,Medium,40.42221,0.30471104,Cool roof,393489.10971962346,1.0,2.5413663943902783e-06,946458190.2737898,False
2406,+85949+31855,28.61628253154029,77.20974950776545,built_up,High,40.421356,0.18884012,Cool roof,393594.6698184574,1.0,2.540684812782761e-06,946851784.9436082,False
2407,+85950+31883,28.641435359494118,77.21064782304951,built_up,High,40.418762,0.15042512,Cool roof,393502.3101364616,1.0,2.541281141788501e-06,947245287.2537446,False
2408,+85983+31823,28.5875364424502,77.24029222742367,built_up,Medium,40.41867,0.25335655,Cool roof,393700.13107867143,1.0,2.540004234339902e-06,947638987.3848233,False
2409,+85948+31892,28.649520197050705,77.20885119248138,built_up,High,40.41751,0.17390288,Cool roof,393472.6070273184,1.0,2.5414729822108584e-06,948032459.9918506,False
2410,+86023+31888,28.645926935914442,77.27622483878628,built_up,Medium,40.41562,0.2894823,Cool roof,393485.8093741609,1.0,2.541387709992642e-06,948425945.8012248,False
2411,+85995+31859,28.619875792676552,77.25107201083244,built_up,Medium,40.415558,0.31484938,Cool roof,393581.4802108883,1.0,2.5407699555989813e-06,948819527.2814357,False
2412,+85944+31880,28.638740413641923,77.20525793134512,built_up,Medium,40.41443,0.3216396,Cool roof,393512.20943580836,1.0,2.5412172126342245e-06,949213039.4908715,False
2413,+85946+31898,28.654910088755095,77.20705456191325,built_up,Medium,40.41397,0.35876575,Cool roof,393452.80061215203,1.0,2.541600919968428e-06,949606492.2914838,False
2414,+85993+31867,28.62706231494907,77.24927538026432,built_up,Medium,40.41336,0.44165152,Cool roof,393555.0963628619,1.0,2.5409402882639576e-06,950000047.3878466,False
2415,+86025+31836,28.599214541143052,77.2780214693544,built_up,Medium,40.41284,0.33483624,Cool roof,393657.2993635989,1.0,2.540280598420599e-06,950393704.6872102,False
2416,+85959+31872,28.6315538913694,77.2187326606061,built_up,Medium,40.412323,0.37672994,Cool roof,393538.6033211179,1.0,2.5410467780311365e-06,950787243.2905313,False
2417,+86019+31884,28.642333674778182,77.27263157765002,built_up,Medium,40.411346,0.23021506,Cool roof,393499.01017700526,1.0,2.5413024534678655e-06,951180742.3007083,False
2418,+85987+31892,28.649520197050705,77.24388548855993,built_up,High,40.41034,0.20405273,Cool roof,393472.6070273184,1.0,2.5414729822108584e-06,951574214.9077356,False
2419,+85951+31885,28.643231990062247,77.21154613833357,built_up,High,40.40979,0.14199033,Cool roof,393495.7101210463,1.0,2.541323766127926e-06,951967710.6178566,False
2420,+85998+31875,28.634248837221595,77.25376695668464,built_up,Medium,40.409027,0.31322432,Cool roof,393528.7063379382,1.0,2.5411106836543245e-06,952361239.3241946,False
2421,+86017+31873,28.632452206653465,77.27083494708188,built_up,Medium,40.409027,0.38232213,Cool roof,393535.3044232345,1.0,2.5410680789252197e-06,952754774.6286178,False
2422,+85988+31886,28.644130305346312,77.24478380384399,built_up,High,40.407776,0.16319181,Cool roof,393492.40996858553,1.0,2.541345079768718e-06,953148267.0385864,False
2423,+85997+31877,28.636045467789724,77.25286864140058,built_up,Medium,40.4075,0.39764625,Cool roof,393522.10786660743,1.0,2.5411532923049165e-06,953541789.146453,False
2424,+85987+31887,28.645028620630377,77.24388548855993,built_up,Medium,40.40744,0.27640203,Cool roof,393489.10971962346,1.0,2.5413663943902783e-06,953935278.2561727,False
2425,+85990+31867,28.62706231494907,77.24658043441212,built_up,Medium,40.40622,0.39947495,Cool roof,393555.0963628619,1.0,2.5409402882639576e-06,954328833.3525355,False
2426,+85986+31885,28.643231990062247,77.24298717327586,built_up,High,40.404877,0.19764723,Cool roof,393495.7101210463,1.0,2.541323766127926e-06,954722329.0626565,False
2427,+85951+31884,28.642333674778182,77.21154613833357,built_up,High,40.394012,0.1591865,Cool roof,393499.01017700526,1.0,2.5413024534678655e-06,955115828.0728335,False
2428,+85989+31891,28.64862188176664,77.24568211912806,built_up,Medium,40.39383,0.37096566,Cool roof,393475.90775877645,1.0,2.5414516626849184e-06,955509303.9805924,False
2429,+85947+31890,28.647723566482572,77.20795287719731,built_up,Medium,40.393585,0.27455813,Cool roof,393479.2083937367,1.0,2.5414303441399263e-06,955902783.1889861,False
2430,+85976+31878,28.63694378307379,77.23400402043521,built_up,Medium,40.391632,0.30519423,Cool roof,393518.80848618085,1.0,2.5411745981008603e-06,956296301.9974723,False
2431,+85942+31885,28.643231990062247,77.203461300777,built_up,Medium,40.39029,0.33649915,Cool roof,393495.7101210463,1.0,2.541323766127926e-06,956689797.7075933,False
2432,+85983+31864,28.624367369096877,77.24029222742367,built_up,Medium,40.389496,0.25344697,Cool roof,393564.99102974543,1.0,2.540876406164949e-06,957083362.6986231,False
2433,+86018+31898,28.654910088755095,77.27173326236594,built_up,Medium,40.38916,0.22302964,Cool roof,393452.80061215203,1.0,2.541600919968428e-06,957476815.4992353,False
2434,+85949+31882,28.640537044210053,77.20974950776545,built_up,Medium,40.388733,0.23159383,Cool roof,393505.6099994146,1.0,2.5412598310897976e-06,957870321.1092347,False
2435,+85987+31890,28.647723566482572,77.24388548855993,built_up,High,40.38852,0.18676431,Cool roof,393479.2083937367,1.0,2.5414303441399263e-06,958263800.3176284,False
2436,+85996+31823,28.5875364424502,77.2519703261165,built_up,Medium,40.38675,0.34496439,Cool roof,393700.13107867143,1.0,2.540004234339902e-06,958657500.4487071,False
2437,+85952+31876,28.63514715250566,77.21244445361764,built_up,Medium,40.386353,0.2752208,Cool roof,393525.4071505268,1.0,2.5411319874894163e-06,959051025.8558576,False
2438,+85975+31881,28.639638728925988,77.23310570515115,built_up,Medium,40.38507,0.35682735,Cool roof,393508.9097658637,1.0,2.5412385213717176e-06,959444534.7656235,False
2439,+85936+31898,28.654910088755095,77.1980714090726,built_up,Medium,40.383453,0.2429008,Cool roof,393452.80061215203,1.0,2.541600919968428e-06,959837987.5662357,False
2440,+85938+31895,28.6522151429029,77.19986803964073,built_up,Medium,40.382904,0.22905937,Cool roof,393462.7042539635,1.0,2.5415369466747284e-06,960231450.2704896,False
2441,+85938+31898,28.654910088755095,77.19986803964073,built_up,Medium,40.382477,0.26096857,Cool roof,393452.80061215203,1.0,2.541600919968428e-06,960624903.0711018,False
2442,+85953+31885,28.643231990062247,77.21334276890171,built_up,High,40.382416,0.16879341,Cool roof,393495.7101210463,1.0,2.541323766127926e-06,961018398.7812228,False
2443,+85951+31855,28.61628253154029,77.21154613833357,built_up,Medium,40.382233,0.2177552,Cool roof,393594.6698184574,1.0,2.540684812782761e-06,961411993.4510412,False
2444,+86016+31899,28.65580840403916,77.26993663179782,built_up,Medium,40.380188,0.2631963,Cool roof,393449.49920522765,1.0,2.541622246362014e-06,961805442.9502465,False
2445,+85943+31831,28.594722964722724,77.20435961606105,built_up,Medium,40.37912,0.2947735,Cool roof,393673.77503094316,1.0,2.5401742849683066e-06,962199116.7252774,False
2446,+86016+31893,28.65041851233477,77.26993663179782,built_up,Medium,40.37854,0.20759527,Cool roof,393469.30619936297,1.0,2.5414943027177834e-06,962592586.0314767,False
2447,+85983+31863,28.623469053812812,77.24029222742367,built_up,Medium,40.377716,0.24149114,Cool roof,393568.2890590088,1.0,2.5408551140919464e-06,962986154.3205358,False
2448,+85981+31890,28.647723566482572,77.23849559685553,built_up,High,40.375885,0.17223717,Cool roof,393479.2083937367,1.0,2.5414303441399263e-06,963379633.5289295,False
2449,+86015+31886,28.644130305346312,77.26903831651376,built_up,Medium,40.375885,0.33611414,Cool roof,393492.40996858553,1.0,2.541345079768718e-06,963773125.9388981,False
2450,+85942+31882,28.640537044210053,77.203461300777,built_up,Medium,40.374542,0.28085938,Cool roof,393505.6099994146,1.0,2.5412598310897976e-06,964166631.5488975,False
2451,+85952+31885,28.643231990062247,77.21244445361764,built_up,High,40.372955,0.16957387,Cool roof,393495.7101210463,1.0,2.541323766127926e-06,964560127.2590185,False
2452,+85945+31882,28.640537044210053,77.20615624662919,built_up,Medium,40.37094,0.3182127,Cool roof,393505.6099994146,1.0,2.5412598310897976e-06,964953632.869018,False
2453,+85981+31828,28.59202801887053,77.23849559685553,built_up,Medium,40.368256,0.36014575,Cool roof,393683.65927289636,1.0,2.5401105086427096e-06,965347316.5282909,False
2454,+85968+31871,28.630655576085335,77.22681749816269,built_up,Medium,40.36798,0.25201342,Cool roof,393541.90212249075,1.0,2.541025478117316e-06,965740858.4304134,False
2455,+85978+31854,28.615384216256224,77.23580065100334,built_up,Medium,40.366913,0.3618297,Cool roof,393597.9669790461,1.0,2.5406635295279275e-06,966134456.3973924,False
2456,+85953+31857,28.61807916210842,77.21334276890171,built_up,Medium,40.36673,0.36169085,Cool roof,393588.07520771434,1.0,2.5407273822314218e-06,966528044.4726001,False
2457,+85951+31877,28.636045467789724,77.21154613833357,built_up,Medium,40.36496,0.28939188,Cool roof,393522.10786660743,1.0,2.5411532923049165e-06,966921566.5804667,False
2458,+85986+31878,28.63694378307379,77.24298717327586,built_up,Medium,40.363586,0.28829458,Cool roof,393518.80848618085,1.0,2.5411745981008603e-06,967315085.388953,False
2459,+85953+31850,28.611790955119965,77.21334276890171,built_up,Medium,40.36258,0.21941584,Cool roof,393611.1546561666,1.0,2.540578406304404e-06,967708696.5436091,False
2460,+85952+31850,28.611790955119965,77.21244445361764,built_up,Medium,40.362213,0.24700943,Cool roof,393611.1546561666,1.0,2.540578406304404e-06,968102307.6982653,False
2461,+86029+31838,28.601011171711182,77.28161473049066,built_up,Medium,40.361908,0.39257088,Cool roof,393650.70842091256,1.0,2.540323130654057e-06,968495958.4066862,False
2462,+85959+31878,28.63694378307379,77.2187326606061,built_up,Medium,40.361725,0.35838297,Cool roof,393518.80848618085,1.0,2.5411745981008603e-06,968889477.2151724,False
2463,+85939+31886,28.644130305346312,77.2007663549248,built_up,Medium,40.36142,0.28203744,Cool roof,393492.40996858553,1.0,2.541345079768718e-06,969282969.625141,False
2464,+85959+31871,28.630655576085335,77.2187326606061,built_up,Medium,40.36029,0.3731033,Cool roof,393541.90212249075,1.0,2.541025478117316e-06,969676511.5272635,False
2465,+85952+31882,28.640537044210053,77.21244445361764,built_up,High,40.359222,0.18074453,Cool roof,393505.6099994146,1.0,2.5412598310897976e-06,970070017.137263,False
2466,+85945+31849,28.6108926398359,77.20615624662919,built_up,Medium,40.358307,0.27153096,Cool roof,393614.4513341348,1.0,2.5405571279472957e-06,970463631.588597,False
2467,+85942+31883,28.641435359494118,77.203461300777,built_up,Medium,40.355682,0.3026095,Cool roof,393502.3101364616,1.0,2.541281141788501e-06,970857133.8987335,False
2468,+85953+31886,28.644130305346312,77.21334276890171,built_up,Medium,40.355225,0.24324585,Cool roof,393492.40996858553,1.0,2.541345079768718e-06,971250626.3087021,False
2469,+85952+31877,28.636045467789724,77.21244445361764,built_up,Medium,40.352936,0.33457127,Cool roof,393522.10786660743,1.0,2.5411532923049165e-06,971644148.4165688,False
2470,+85989+31885,28.643231990062247,77.24568211912806,built_up,Medium,40.351044,0.25969204,Cool roof,393495.7101210463,1.0,2.541323766127926e-06,972037644.1266898,False
2471,+85954+31850,28.611790955119965,77.21424108418577,built_up,Medium,40.34793,0.26449168,Cool roof,393611.1546561666,1.0,2.540578406304404e-06,972431255.281346,False
2472,+85945+31890,28.647723566482572,77.20615624662919,built_up,Medium,40.34671,0.34264234,Cool roof,393479.2083937367,1.0,2.5414303441399263e-06,972824734.4897397,False
2473,+85940+31886,28.644130305346312,77.20166467020886,built_up,Medium,40.3461,0.2189823,Cool roof,393492.40996858553,1.0,2.541345079768718e-06,973218226.8997083,False
2474,+85936+31894,28.651316827618835,77.1980714090726,built_up,Medium,40.34494,0.231002,Cool roof,393466.00527491106,1.0,2.5415156242057283e-06,973611692.9049832,False
2475,+85940+31829,28.592926334154594,77.20166467020886,built_up,Medium,40.34445,0.3949318,Cool roof,393680.36462211795,1.0,2.5401317664391776e-06,974005373.2696053,False
2476,+85937+31898,28.654910088755095,77.19896972435666,built_up,Medium,40.337616,0.241605,Cool roof,393452.80061215203,1.0,2.541600919968428e-06,974398826.0702175,False
2477,+85949+31885,28.643231990062247,77.20974950776545,built_up,High,40.337433,0.14873236,Cool roof,393495.7101210463,1.0,2.541323766127926e-06,974792321.7803385,False
2478,+85956+31870,28.62975726080127,77.21603771475391,built_up,Medium,40.335785,0.25249854,Cool roof,393545.20082735224,1.0,2.541004179183724e-06,975185866.9811659,False
2479,+86002+31881,28.639638728925988,77.2573602178209,built_up,Medium,40.334442,0.34757152,Cool roof,393508.9097658637,1.0,2.5412385213717176e-06,975579375.8909317,False
2480,+85981+31849,28.6108926398359,77.23849559685553,built_up,Medium,40.33319,0.39713517,Cool roof,393614.4513341348,1.0,2.5405571279472957e-06,975972990.3422658,False
2481,+85971+31881,28.639638728925988,77.22951244401489,built_up,High,40.33304,0.19117785,Cool roof,393508.9097658637,1.0,2.5412385213717176e-06,976366499.2520317,False
2482,+85974+31870,28.62975726080127,77.23220738986707,built_up,Medium,40.332306,0.28315637,Cool roof,393545.20082735224,1.0,2.541004179183724e-06,976760044.452859,False
2483,+85940+31878,28.63694378307379,77.20166467020886,built_up,Medium,40.331543,0.33672172,Cool roof,393518.80848618085,1.0,2.5411745981008603e-06,977153563.2613453,False
2484,+86015+31879,28.637842098357854,77.26903831651376,built_up,Medium,40.330963,0.3862397,Cool roof,393515.50900924753,1.0,2.5411959048772846e-06,977547078.7703545,False
2485,+86017+31826,28.5902313883024,77.27083494708188,built_up,Medium,40.330902,0.32335407,Cool roof,393690.24828483176,1.0,2.540067995985788e-06,977940769.0186393,False
2486,+85989+31884,28.642333674778182,77.24568211912806,built_up,Medium,40.330353,0.2670128,Cool roof,393499.01017700526,1.0,2.5413024534678655e-06,978334268.0288163,False
2487,+85942+31857,28.61807916210842,77.203461300777,built_up,Medium,40.32956,0.3434468,Cool roof,393588.07520771434,1.0,2.5407273822314218e-06,978727856.104024,False
2488,+85940+31896,28.653113458186965,77.20166467020886,built_up,High,40.327698,0.15955944,Cool roof,393459.4031365207,1.0,2.541558270124821e-06,979121315.5071605,False
2489,+85969+31873,28.632452206653465,77.22771581344675,built_up,Medium,40.327484,0.26219773,Cool roof,393535.3044232345,1.0,2.5410680789252197e-06,979514850.8115838,False
2490,+85965+31871,28.630655576085335,77.22412255231049,built_up,Medium,40.326935,0.28416345,Cool roof,393541.90212249075,1.0,2.541025478117316e-06,979908392.7137063,False
2491,+85951+31850,28.611790955119965,77.21154613833357,built_up,Medium,40.32547,0.20410714,Cool roof,393611.1546561666,1.0,2.540578406304404e-06,980302003.8683624,False
2492,+85983+31880,28.638740413641923,77.24029222742367,built_up,Medium,40.325348,0.3803953,Cool roof,393512.20943580836,1.0,2.5412172126342245e-06,980695516.0777982,False
2493,+85970+31874,28.63335052193753,77.22861412873081,built_up,Medium,40.32422,0.32173464,Cool roof,393532.00542884105,1.0,2.541089380799604e-06,981089048.083227,False
2494,+85939+31876,28.63514715250566,77.2007663549248,built_up,Medium,40.32361,0.32380697,Cool roof,393525.4071505268,1.0,2.5411319874894163e-06,981482573.4903775,False
2495,+85980+31881,28.639638728925988,77.23759728157147,built_up,Medium,40.321503,0.36595386,Cool roof,393508.9097658637,1.0,2.5412385213717176e-06,981876082.4001434,False
2496,+85941+31889,28.646825251198507,77.20256298549292,built_up,Medium,40.32083,0.36105552,Cool roof,393482.5089321985,1.0,2.5414090265758455e-06,982269564.9090756,False
2497,+85992+31821,28.58573981188207,77.24837706498025,built_up,Medium,40.32019,0.3145363,Cool roof,393706.7191251809,1.0,2.5399617314685587e-06,982663271.6282008,False
2498,+86018+31885,28.643231990062247,77.27173326236594,built_up,Medium,40.318726,0.2767427,Cool roof,393495.7101210463,1.0,2.541323766127926e-06,983056767.3383218,False
2499,+85977+31826,28.5902313883024,77.23490233571927,built_up,Medium,40.317535,0.33061737,Cool roof,393690.24828483176,1.0,2.540067995985788e-06,983450457.5866066,False
2500,+85951+31876,28.63514715250566,77.21154613833357,built_up,Medium,40.317444,0.28239512,Cool roof,393525.4071505268,1.0,2.5411319874894163e-06,983843982.9937571,False
2501,+85997+31885,28.643231990062247,77.25286864140058,built_up,Medium,40.316498,0.26305756,Cool roof,393495.7101210463,1.0,2.541323766127926e-06,984237478.7038782,False
2502,+85967+31883,28.641435359494118,77.22591918287863,built_up,Medium,40.31302,0.3316728,Cool roof,393502.3101364616,1.0,2.541281141788501e-06,984630981.0140146,False
2503,+85982+31819,28.58394318131394,77.2393939121396,built_up,Medium,40.311005,0.20239389,Cool roof,393713.30678551074,1.0,2.5399192325109433e-06,985024694.3208001,False
2504,+85955+31872,28.6315538913694,77.21513939946983,built_up,Medium,40.309357,0.42061514,Cool roof,393538.6033211179,1.0,2.5410467780311365e-06,985418232.9241211,False
2505,+85946+31874,28.63335052193753,77.20705456191325,built_up,Medium,40.308258,0.28263095,Cool roof,393532.00542884105,1.0,2.541089380799604e-06,985811764.9295499,False
2506,+85990+31869,28.628858945517205,77.24658043441212,built_up,Medium,40.305237,0.40237686,Cool roof,393548.4994357017,1.0,2.5409828812303243e-06,986205313.4289856,False
2507,+85975+31870,28.62975726080127,77.23310570515115,built_up,Medium,40.304993,0.3174189,Cool roof,393545.20082735224,1.0,2.541004179183724e-06,986598858.629813,False
2508,+85981+31850,28.611790955119965,77.23849559685553,built_up,Medium,40.3049,0.3702825,Cool roof,393611.1546561666,1.0,2.540578406304404e-06,986992469.7844691,False
2509,+85949+31883,28.641435359494118,77.20974950776545,built_up,High,40.304535,0.15492655,Cool roof,393502.3101364616,1.0,2.541281141788501e-06,987385972.0946056,False
2510,+85941+31849,28.6108926398359,77.20256298549292,built_up,Medium,40.304443,0.34512037,Cool roof,393614.4513341348,1.0,2.5405571279472957e-06,987779586.5459397,False
2511,+85944+31898,28.654910088755095,77.20525793134512,built_up,Medium,40.304413,0.36265448,Cool roof,393452.80061215203,1.0,2.541600919968428e-06,988173039.3465519,False
2512,+85953+31877,28.636045467789724,77.21334276890171,built_up,Medium,40.302338,0.31835908,Cool roof,393522.10786660743,1.0,2.5411532923049165e-06,988566561.4544185,False
2513,+85984+31834,28.59741791057492,77.24119054270773,built_up,Medium,40.301422,0.3935929,Cool roof,393663.8899201458,1.0,2.540238070103023e-06,988960225.3443387,False
2514,+85967+31825,28.589333073018334,77.22591918287863,built_up,Medium,40.30011,0.27441102,Cool roof,393693.54264598736,1.0,2.5400467411252633e-06,989353918.8869846,False
2515,+85973+31873,28.632452206653465,77.23130907458301,built_up,Medium,40.298187,0.38135472,Cool roof,393535.3044232345,1.0,2.5410680789252197e-06,989747454.1914078,False
2516,+86001+31880,28.638740413641923,77.25646190253684,built_up,Medium,40.295776,0.2917466,Cool roof,393512.20943580836,1.0,2.5412172126342245e-06,990140966.4008436,False
2517,+85978+31825,28.589333073018334,77.23580065100334,built_up,Medium,40.290314,0.26671362,Cool roof,393693.54264598736,1.0,2.5400467411252633e-06,990534659.9434896,False
2518,+85986+31890,28.647723566482572,77.24298717327586,built_up,Medium,40.289917,0.28144404,Cool roof,393479.2083937367,1.0,2.5414303441399263e-06,990928139.1518832,False
2519,+85934+31887,28.645028620630377,77.19627477850447,built_up,Medium,40.28946,0.29385713,Cool roof,393489.10971962346,1.0,2.5413663943902783e-06,991321628.2616029,False
2520,+85960+31863,28.623469053812812,77.21963097589017,built_up,Medium,40.289185,0.2911812,Cool roof,393568.2890590088,1.0,2.5408551140919464e-06,991715196.5506619,False
2521,+85992+31860,28.620774107960617,77.24837706498025,built_up,Medium,40.28827,0.32179067,Cool roof,393578.1825676959,1.0,2.5407912437524376e-06,992108774.7332296,False
2522,+85981+31880,28.638740413641923,77.23849559685553,built_up,Medium,40.286377,0.2507667,Cool roof,393512.20943580836,1.0,2.5412172126342245e-06,992502286.9426655,False
2523,+85994+31860,28.620774107960617,77.25017369554838,built_up,Medium,40.284668,0.37559667,Cool roof,393578.1825676959,1.0,2.5407912437524376e-06,992895865.1252332,False
2524,+86000+31876,28.63514715250566,77.25556358725278,built_up,Medium,40.28421,0.38942948,Cool roof,393525.4071505268,1.0,2.5411319874894163e-06,993289390.5323837,False
2525,+85974+31866,28.626163999665007,77.23220738986707,built_up,Medium,40.28418,0.39616686,Cool roof,393558.39468167134,1.0,2.5409189932509185e-06,993682948.9270654,False
2526,+85988+31887,28.645028620630377,77.24478380384399,built_up,High,40.283722,0.18642585,Cool roof,393489.10971962346,1.0,2.5413663943902783e-06,994076438.036785,False
2527,+85990+31887,28.645028620630377,77.24658043441212,built_up,Medium,40.283417,0.31446138,Cool roof,393489.10971962346,1.0,2.5413663943902783e-06,994469927.1465046,False
2528,+86020+31882,28.640537044210053,77.27352989293408,built_up,Medium,40.282715,0.22353832,Cool roof,393505.6099994146,1.0,2.5412598310897976e-06,994863432.756504,False
2529,+86019+31887,28.645028620630377,77.27263157765002,built_up,High,40.282684,0.16707622,Cool roof,393489.10971962346,1.0,2.5413663943902783e-06,995256921.8662237,False
2530,+85951+31849,28.6108926398359,77.21154613833357,built_up,Medium,40.28244,0.31767642,Cool roof,393614.4513341348,1.0,2.5405571279472957e-06,995650536.3175578,False
2531,+85937+31888,28.645926935914442,77.19896972435666,built_up,Medium,40.28015,0.36617887,Cool roof,393485.8093741609,1.0,2.541387709992642e-06,996044022.126932,False
2532,+85945+31898,28.654910088755095,77.20615624662919,built_up,Medium,40.279205,0.37854683,Cool roof,393452.80061215203,1.0,2.541600919968428e-06,996437474.9275442,False
2533,+85946+31873,28.632452206653465,77.20705456191325,built_up,Medium,40.279144,0.27353185,Cool roof,393535.3044232345,1.0,2.5410680789252197e-06,996831010.2319674,False
2534,+86016+31898,28.654910088755095,77.26993663179782,built_up,High,40.278625,0.19742298,Cool roof,393452.80061215203,1.0,2.541600919968428e-06,997224463.0325797,False
2535,+86018+31890,28.647723566482572,77.27173326236594,built_up,Medium,40.276215,0.2896383,Cool roof,393479.2083937367,1.0,2.5414303441399263e-06,997617942.2409734,False
2536,+86002+31882,28.640537044210053,77.2573602178209,built_up,Medium,40.275665,0.37155074,Cool roof,393505.6099994146,1.0,2.5412598310897976e-06,998011447.8509728,False
2537,+86018+31897,28.65401177347103,77.27173326236594,built_up,High,40.27182,0.18846543,Cool roof,393456.10192258324,1.0,2.5415795945560422e-06,998404903.9528954,False
2538,+85977+31877,28.636045467789724,77.23490233571927,built_up,Medium,40.27072,0.35420787,Cool roof,393522.10786660743,1.0,2.5411532923049165e-06,998798426.060762,False
2539,+85990+31870,28.62975726080127,77.24658043441212,built_up,Medium,40.27072,0.3002733,Cool roof,393545.20082735224,1.0,2.541004179183724e-06,999191971.2615894,False
2540,+85960+31868,28.627960630233137,77.21963097589017,built_up,Medium,40.26892,0.25625283,Cool roof,393551.7979475385,1.0,2.5409615842570807e-06,999585523.0595369,False
2541,+85975+31878,28.63694378307379,77.23310570515115,built_up,Medium,40.268585,0.31038234,Cool roof,393518.80848618085,1.0,2.5411745981008603e-06,999979041.8680232,False
2542,+85956+31878,28.63694378307379,77.21603771475391,built_up,Medium,40.26834,0.27417615,Cool roof,393518.80848618085,1.0,2.5411745981008603e-06,1000372560.6765094,False
2543,+85977+31874,28.63335052193753,77.23490233571927,built_up,Medium,40.264496,0.37098667,Cool roof,393532.00542884105,1.0,2.541089380799604e-06,1000766092.6819382,False
2544,+85943+31857,28.61807916210842,77.20435961606105,built_up,Medium,40.263702,0.26880944,Cool roof,393588.07520771434,1.0,2.5407273822314218e-06,1001159680.7571459,False
2545,+85947+31880,28.638740413641923,77.20795287719731,built_up,Medium,40.263306,0.3737883,Cool roof,393512.20943580836,1.0,2.5412172126342245e-06,1001553192.9665817,False
2546,+85983+31858,28.618977477392487,77.24029222742367,built_up,Medium,40.262543,0.2959146,Cool roof,393584.7777575614,1.0,2.5407486684253207e-06,1001946777.7443392,False
2547,+85944+31881,28.639638728925988,77.20525793134512,built_up,Medium,40.26181,0.3992406,Cool roof,393508.9097658637,1.0,2.5412385213717176e-06,1002340286.6541051,False
2548,+85988+31888,28.645926935914442,77.24478380384399,built_up,Medium,40.26172,0.36445716,Cool roof,393485.8093741609,1.0,2.541387709992642e-06,1002733772.4634793,False
2549,+85976+31824,28.58843475773427,77.23400402043521,built_up,Medium,40.26111,0.3040345,Cool roof,393696.8369106009,1.0,2.5400254872433124e-06,1003127469.3003899,False
2550,+85982+31880,28.638740413641923,77.2393939121396,built_up,Medium,40.25879,0.32826707,Cool roof,393512.20943580836,1.0,2.5412172126342245e-06,1003520981.5098257,False
2551,+86016+31900,28.656706719323225,77.26993663179782,built_up,Medium,40.2576,0.2881974,Cool roof,393446.19770181086,1.0,2.541643573736835e-06,1003914427.7075275,False
2552,+85966+31819,28.58394318131394,77.22502086759455,built_up,Medium,40.255066,0.37733924,Cool roof,393713.30678551074,1.0,2.5399192325109433e-06,1004308141.014313,False
2553,+86018+31889,28.646825251198507,77.27173326236594,built_up,High,40.254974,0.1454508,Cool roof,393482.5089321985,1.0,2.5414090265758455e-06,1004701623.5232452,False
2554,+85949+31881,28.639638728925988,77.20974950776545,built_up,Medium,40.253754,0.28972363,Cool roof,393508.9097658637,1.0,2.5412385213717176e-06,1005095132.433011,False
2555,+86008+31900,28.656706719323225,77.2627501095253,built_up,Medium,40.25241,0.315217,Cool roof,393446.19770181086,1.0,2.541643573736835e-06,1005488578.6307129,False
2556,+85943+31848,28.609994324551835,77.20435961606105,built_up,High,40.251617,0.18797667,Cool roof,393617.74791557674,1.0,2.540535850569625e-06,1005882196.3786285,False
2557,+85954+31863,28.623469053812812,77.21424108418577,built_up,Medium,40.251312,0.22364354,Cool roof,393568.2890590088,1.0,2.5408551140919464e-06,1006275764.6676875,False
2558,+85984+31825,28.589333073018334,77.24119054270773,built_up,Medium,40.249664,0.2502929,Cool roof,393693.54264598736,1.0,2.5400467411252633e-06,1006669458.2103335,False
2559,+85976+31879,28.637842098357854,77.23400402043521,built_up,Medium,40.24936,0.29790154,Cool roof,393515.50900924753,1.0,2.5411959048772846e-06,1007062973.7193427,False
2560,+85941+31850,28.611790955119965,77.20256298549292,built_up,High,40.2493,0.18051128,Cool roof,393611.1546561666,1.0,2.540578406304404e-06,1007456584.8739989,False
2561,+85984+31884,28.642333674778182,77.24119054270773,built_up,Medium,40.24698,0.3031475,Cool roof,393499.01017700526,1.0,2.5413024534678655e-06,1007850083.8841759,False
2562,+85953+31875,28.634248837221595,77.21334276890171,built_up,Medium,40.246674,0.23773575,Cool roof,393528.7063379382,1.0,2.5411106836543245e-06,1008243612.5905138,False
2563,+85947+31859,28.619875792676552,77.20795287719731,built_up,Medium,40.246613,0.38095912,Cool roof,393581.4802108883,1.0,2.5407699555989813e-06,1008637194.0707247,False
2564,+85979+31868,28.627960630233137,77.2366989662874,built_up,Medium,40.245636,0.32803357,Cool roof,393551.7979475385,1.0,2.5409615842570807e-06,1009030745.8686723,False
2565,+85968+31873,28.632452206653465,77.22681749816269,built_up,Medium,40.24527,0.3429805,Cool roof,393535.3044232345,1.0,2.5410680789252197e-06,1009424281.1730955,False
2566,+85987+31891,28.64862188176664,77.24388548855993,built_up,Medium,40.24527,0.22153461,Cool roof,393475.90775877645,1.0,2.5414516626849184e-06,1009817757.0808543,False
2567,+85948+31856,28.617180846824354,77.20885119248138,built_up,High,40.245026,0.17914715,Cool roof,393591.3725613467,1.0,2.540706097017246e-06,1010211348.4534156,False
2568,+85976+31820,28.584841496598006,77.23400402043521,built_up,Medium,40.243317,0.30703855,Cool roof,393710.01300361863,1.0,2.5399404815005527e-06,1010605058.4664192,False
2569,+85995+31823,28.5875364424502,77.25107201083244,built_up,Medium,40.242615,0.37954566,Cool roof,393700.13107867143,1.0,2.540004234339902e-06,1010998758.5974979,False
2570,+85973+31870,28.62975726080127,77.23130907458301,built_up,Medium,40.240326,0.31583062,Cool roof,393545.20082735224,1.0,2.541004179183724e-06,1011392303.7983253,False
2571,+85935+31887,28.645028620630377,77.19717309378854,built_up,Medium,40.23761,0.36067283,Cool roof,393489.10971962346,1.0,2.5413663943902783e-06,1011785792.9080449,False
2572,+85983+31879,28.637842098357854,77.24029222742367,built_up,Medium,40.23221,0.41265783,Cool roof,393515.50900924753,1.0,2.5411959048772846e-06,1012179308.4170542,False
2573,+85995+31820,28.584841496598006,77.25107201083244,built_up,Medium,40.232178,0.31297207,Cool roof,393710.01300361863,1.0,2.5399404815005527e-06,1012573018.4300578,False
2574,+85948+31850,28.611790955119965,77.20885119248138,built_up,Medium,40.230194,0.21793978,Cool roof,393611.1546561666,1.0,2.540578406304404e-06,1012966629.5847139,False
2575,+85942+31895,28.6522151429029,77.203461300777,built_up,Medium,40.22769,0.22863449,Cool roof,393462.7042539635,1.0,2.5415369466747284e-06,1013360092.2889678,False
2576,+86019+31895,28.6522151429029,77.27263157765002,built_up,Medium,40.226654,0.21170548,Cool roof,393462.7042539635,1.0,2.5415369466747284e-06,1013753554.9932218,False
2577,+85958+31877,28.636045467789724,77.21783434532203,built_up,Medium,40.22586,0.33225596,Cool roof,393522.10786660743,1.0,2.5411532923049165e-06,1014147077.1010884,False
2578,+85971+31823,28.5875364424502,77.22951244401489,built_up,Medium,40.22458,0.3268422,Cool roof,393700.13107867143,1.0,2.540004234339902e-06,1014540777.2321671,False
2579,+85961+31867,28.62706231494907,77.22052929117423,built_up,Medium,40.224518,0.24307483,Cool roof,393555.0963628619,1.0,2.5409402882639576e-06,1014934332.32853,False
2580,+85984+31864,28.624367369096877,77.24119054270773,built_up,Medium,40.21811,0.31807962,Cool roof,393564.99102974543,1.0,2.540876406164949e-06,1015327897.3195597,False
2581,+85940+31899,28.65580840403916,77.20166467020886,built_up,High,40.214813,0.1656375,Cool roof,393449.49920522765,1.0,2.541622246362014e-06,1015721346.8187649,False
2582,+85953+31881,28.639638728925988,77.21334276890171,built_up,Medium,40.206665,0.20365968,Cool roof,393508.9097658637,1.0,2.5412385213717176e-06,1016114855.7285308,False
2583,+85989+31887,28.645028620630377,77.24568211912806,built_up,Medium,40.204132,0.22602049,Cool roof,393489.10971962346,1.0,2.5413663943902783e-06,1016508344.8382504,False
2584,+85943+31851,28.61268927040403,77.20435961606105,built_up,Medium,40.20117,0.25790232,Cool roof,393607.8578816729,1.0,2.5405996856409857e-06,1016901952.6961321,False
2585,+85946+31849,28.6108926398359,77.20705456191325,built_up,Medium,40.20105,0.25314695,Cool roof,393614.4513341348,1.0,2.5405571279472957e-06,1017295567.1474662,False
2586,+86017+31898,28.654910088755095,77.27083494708188,built_up,Medium,40.20102,0.22127095,Cool roof,393452.80061215203,1.0,2.541600919968428e-06,1017689019.9480784,False
2587,+85950+31879,28.637842098357854,77.21064782304951,built_up,Medium,40.20056,0.24657348,Cool roof,393515.50900924753,1.0,2.5411959048772846e-06,1018082535.4570876,False
2588,+85998+31894,28.651316827618835,77.25376695668464,built_up,Medium,40.197906,0.33009845,Cool roof,393466.00527491106,1.0,2.5415156242057283e-06,1018476001.4623625,False
2589,+85964+31879,28.637842098357854,77.22322423702643,built_up,Medium,40.19745,0.3565688,Cool roof,393515.50900924753,1.0,2.5411959048772846e-06,1018869516.9713718,False
2590,+85996+31877,28.636045467789724,77.2519703261165,built_up,Medium,40.196686,0.32647187,Cool roof,393522.10786660743,1.0,2.5411532923049165e-06,1019263039.0792384,False
2591,+85944+31888,28.645926935914442,77.20525793134512,built_up,Medium,40.195557,0.3568483,Cool roof,393485.8093741609,1.0,2.541387709992642e-06,1019656524.8886126,False
2592,+85990+31862,28.622570738528747,77.24658043441212,built_up,Medium,40.191803,0.28471285,Cool roof,393571.58699175547,1.0,2.5408338229988843e-06,1020050096.4756044,False
2593,+85945+31889,28.646825251198507,77.20615624662919,built_up,Medium,40.190704,0.24990545,Cool roof,393482.5089321985,1.0,2.5414090265758455e-06,1020443578.9845366,False
2594,+85979+31880,28.638740413641923,77.2366989662874,built_up,High,40.19034,0.16811961,Cool roof,393512.20943580836,1.0,2.5412172126342245e-06,1020837091.1939725,False
2595,+85985+31878,28.63694378307379,77.24208885799179,built_up,Medium,40.18979,0.33293498,Cool roof,393518.80848618085,1.0,2.5411745981008603e-06,1021230610.0024587,False
2596,+85940+31889,28.646825251198507,77.20166467020886,built_up,Medium,40.189148,0.31513163,Cool roof,393482.5089321985,1.0,2.5414090265758455e-06,1021624092.5113909,False
2597,+85955+31880,28.638740413641923,77.21513939946983,built_up,Medium,40.187042,0.28107095,Cool roof,393512.20943580836,1.0,2.5412172126342245e-06,1022017604.7208267,False
2598,+85981+31854,28.615384216256224,77.23849559685553,built_up,Medium,40.18692,0.35065293,Cool roof,393597.9669790461,1.0,2.5406635295279275e-06,1022411202.6878058,False
2599,+85969+31854,28.615384216256224,77.22771581344675,built_up,Medium,40.1868,0.30052415,Cool roof,393597.9669790461,1.0,2.5406635295279275e-06,1022804800.6547848,False
2600,+85955+31856,28.617180846824354,77.21513939946983,built_up,Medium,40.18637,0.32310277,Cool roof,393591.3725613467,1.0,2.540706097017246e-06,1023198392.0273461,False
2601,+85959+31852,28.613587585688094,77.2187326606061,built_up,Medium,40.186188,0.3459786,Cool roof,393604.5610106546,1.0,2.5406209659570757e-06,1023591996.5883567,False
2602,+85960+31867,28.62706231494907,77.21963097589017,built_up,Medium,40.18466,0.2852608,Cool roof,393555.0963628619,1.0,2.5409402882639576e-06,1023985551.6847196,False
2603,+85980+31892,28.649520197050705,77.23759728157147,built_up,Medium,40.181793,0.34589863,Cool roof,393472.6070273184,1.0,2.5414729822108584e-06,1024379024.2917469,False
2604,+85976+31854,28.615384216256224,77.23400402043521,built_up,Medium,40.1774,0.35529754,Cool roof,393597.9669790461,1.0,2.5406635295279275e-06,1024772622.2587259,False
2605,+85944+31887,28.645028620630377,77.20525793134512,built_up,Medium,40.177094,0.28472412,Cool roof,393489.10971962346,1.0,2.5413663943902783e-06,1025166111.3684455,False
2606,+85957+31870,28.62975726080127,77.21693603003797,built_up,Medium,40.175446,0.24824487,Cool roof,393545.20082735224,1.0,2.541004179183724e-06,1025559656.5692729,False
2607,+85984+31835,28.598316225858984,77.24119054270773,built_up,Medium,40.175262,0.34402463,Cool roof,393660.59469014016,1.0,2.5402593337723435e-06,1025953317.163963,False
2608,+85943+31849,28.6108926398359,77.20435961606105,built_up,Medium,40.174774,0.2704069,Cool roof,393614.4513341348,1.0,2.5405571279472957e-06,1026346931.6152971,False
2609,+85966+31871,28.630655576085335,77.22502086759455,built_up,Medium,40.174774,0.30284065,Cool roof,393541.90212249075,1.0,2.541025478117316e-06,1026740473.5174196,False
2610,+85949+31884,28.642333674778182,77.20974950776545,built_up,High,40.174164,0.14660996,Cool roof,393499.01017700526,1.0,2.5413024534678655e-06,1027133972.5275966,False
2611,+85983+31857,28.61807916210842,77.24029222742367,built_up,Medium,40.170685,0.2844744,Cool roof,393588.07520771434,1.0,2.5407273822314218e-06,1027527560.6028043,False
2612,+85967+31824,28.58843475773427,77.22591918287863,built_up,Medium,40.170013,0.29363456,Cool roof,393696.8369106009,1.0,2.5400254872433124e-06,1027921257.4397149,False
2613,+86017+31893,28.65041851233477,77.27083494708188,built_up,Medium,40.16971,0.31066763,Cool roof,393469.30619936297,1.0,2.5414943027177834e-06,1028314726.7459142,False
2614,+85982+31899,28.65580840403916,77.2393939121396,built_up,Medium,40.16748,0.37477246,Cool roof,393449.49920522765,1.0,2.541622246362014e-06,1028708176.2451195,False
2615,+85996+31824,28.58843475773427,77.2519703261165,built_up,Medium,40.16638,0.32768023,Cool roof,393696.8369106009,1.0,2.5400254872433124e-06,1029101873.08203,False
2616,+85985+31868,28.627960630233137,77.24208885799179,built_up,Medium,40.164276,0.33924827,Cool roof,393551.7979475385,1.0,2.5409615842570807e-06,1029495424.8799776,False
2617,+85961+31868,28.627960630233137,77.22052929117423,built_up,Medium,40.157867,0.30405554,Cool roof,393551.7979475385,1.0,2.5409615842570807e-06,1029888976.6779251,False
2618,+85969+31872,28.6315538913694,77.22771581344675,built_up,Medium,40.154205,0.2692547,Cool roof,393538.6033211179,1.0,2.5410467780311365e-06,1030282515.2812462,False
2619,+85968+31853,28.61448590097216,77.22681749816269,built_up,Medium,40.152924,0.26054692,Cool roof,393601.26404311205,1.0,2.5406422472527113e-06,1030676116.5452893,False
2620,+85955+31875,28.634248837221595,77.21513939946983,built_up,Medium,40.15207,0.28331417,Cool roof,393528.7063379382,1.0,2.5411106836543245e-06,1031069645.2516272,False
2621,+85948+31893,28.65041851233477,77.20885119248138,built_up,Medium,40.152008,0.19437633,Cool roof,393469.30619936297,1.0,2.5414943027177834e-06,1031463114.5578265,False
2622,+85997+31884,28.642333674778182,77.25286864140058,built_up,Medium,40.150604,0.2843126,Cool roof,393499.01017700526,1.0,2.5413024534678655e-06,1031856613.5680035,False
2623,+85960+31878,28.63694378307379,77.21963097589017,built_up,Medium,40.15036,0.41468704,Cool roof,393518.80848618085,1.0,2.5411745981008603e-06,1032250132.3764898,False
2624,+85941+31881,28.639638728925988,77.20256298549292,built_up,Medium,40.14792,0.35281226,Cool roof,393508.9097658637,1.0,2.5412385213717176e-06,1032643641.2862556,False
2625,+85942+31831,28.594722964722724,77.203461300777,built_up,Medium,40.146393,0.38882565,Cool roof,393673.77503094316,1.0,2.5401742849683066e-06,1033037315.0612866,False
2626,+85935+31850,28.611790955119965,77.19717309378854,built_up,Medium,40.14566,0.41882798,Cool roof,393611.1546561666,1.0,2.540578406304404e-06,1033430926.2159427,False
2627,+85965+31872,28.6315538913694,77.22412255231049,built_up,Medium,40.142548,0.3397315,Cool roof,393538.6033211179,1.0,2.5410467780311365e-06,1033824464.8192638,False
2628,+85998+31883,28.641435359494118,77.25376695668464,built_up,Medium,40.141754,0.32068697,Cool roof,393502.3101364616,1.0,2.541281141788501e-06,1034217967.1294003,False
2629,+85987+31893,28.65041851233477,77.24388548855993,built_up,Medium,40.1409,0.36528268,Cool roof,393469.30619936297,1.0,2.5414943027177834e-06,1034611436.4355996,False
2630,+85954+31877,28.636045467789724,77.21424108418577,built_up,Medium,40.13974,0.29126057,Cool roof,393522.10786660743,1.0,2.5411532923049165e-06,1035004958.5434662,False
2631,+85966+31820,28.584841496598006,77.22502086759455,built_up,Medium,40.13974,0.35876134,Cool roof,393710.01300361863,1.0,2.5399404815005527e-06,1035398668.5564698,False
2632,+85939+31875,28.634248837221595,77.2007663549248,built_up,Medium,40.139587,0.31416896,Cool roof,393528.7063379382,1.0,2.5411106836543245e-06,1035792197.2628077,False
2633,+85976+31870,28.62975726080127,77.23400402043521,built_up,Medium,40.139496,0.30059138,Cool roof,393545.20082735224,1.0,2.541004179183724e-06,1036185742.4636351,False
2634,+85986+31863,28.623469053812812,77.24298717327586,built_up,Medium,40.138428,0.375735,Cool roof,393568.2890590088,1.0,2.5408551140919464e-06,1036579310.7526941,False
2635,+85968+31821,28.58573981188207,77.22681749816269,built_up,Medium,40.13562,0.34840235,Cool roof,393706.7191251809,1.0,2.5399617314685587e-06,1036973017.4718193,False
2636,+85948+31891,28.64862188176664,77.20885119248138,built_up,Medium,40.135162,0.25322822,Cool roof,393475.90775877645,1.0,2.5414516626849184e-06,1037366493.3795781,False
2637,+85941+31885,28.643231990062247,77.20256298549292,built_up,Medium,40.13504,0.3636554,Cool roof,393495.7101210463,1.0,2.541323766127926e-06,1037759989.0896991,False
2638,+85968+31825,28.589333073018334,77.22681749816269,built_up,Medium,40.134064,0.32652935,Cool roof,393693.54264598736,1.0,2.5400467411252633e-06,1038153682.6323451,False
2639,+85991+31861,28.621672423244682,77.24747874969619,built_up,Medium,40.132812,0.20446984,Cool roof,393574.88482798473,1.0,2.5408125328857267e-06,1038547257.517173,False
2640,+85955+31876,28.63514715250566,77.21513939946983,built_up,Medium,40.131256,0.3588637,Cool roof,393525.4071505268,1.0,2.5411319874894163e-06,1038940782.9243236,False
2641,+85995+31843,28.605502748131507,77.25107201083244,built_up,Medium,40.131073,0.25302172,Cool roof,393634.22937487165,1.0,2.54042947837157e-06,1039334417.1536984,False
2642,+85989+31863,28.623469053812812,77.24568211912806,built_up,Medium,40.13095,0.38156447,Cool roof,393568.2890590088,1.0,2.5408551140919464e-06,1039727985.4427575,False
2643,+85978+31874,28.63335052193753,77.23580065100334,built_up,Medium,40.13089,0.40139794,Cool roof,393532.00542884105,1.0,2.541089380799604e-06,1040121517.4481863,False
2644,+85975+31825,28.589333073018334,77.23310570515115,built_up,Medium,40.12607,0.31358936,Cool roof,393693.54264598736,1.0,2.5400467411252633e-06,1040515210.9908322,False
2645,+85993+31878,28.63694378307379,77.24927538026432,built_up,Medium,40.12561,0.35305494,Cool roof,393518.80848618085,1.0,2.5411745981008603e-06,1040908729.7993184,False
2646,+85985+31833,28.596519595290854,77.24208885799179,built_up,Medium,40.1243,0.3336681,Cool roof,393667.18505361537,1.0,2.5402168074126e-06,1041302396.984372,False
2647,+86024+31890,28.647723566482572,77.27712315407034,built_up,Medium,40.123352,0.3368115,Cool roof,393479.2083937367,1.0,2.5414303441399263e-06,1041695876.1927657,False
2648,+85986+31880,28.638740413641923,77.24298717327586,built_up,Medium,40.12268,0.3514655,Cool roof,393512.20943580836,1.0,2.5412172126342245e-06,1042089388.4022015,False
2649,+86016+31874,28.63335052193753,77.26993663179782,built_up,Medium,40.122375,0.3832464,Cool roof,393532.00542884105,1.0,2.541089380799604e-06,1042482920.4076303,False
2650,+85984+31833,28.596519595290854,77.24119054270773,built_up,Medium,40.121246,0.40537712,Cool roof,393667.18505361537,1.0,2.5402168074126e-06,1042876587.5926839,False
2651,+85949+31856,28.617180846824354,77.20974950776545,built_up,High,40.11966,0.115902,Cool roof,393591.3725613467,1.0,2.540706097017246e-06,1043270178.9652452,False
2652,+85986+31883,28.641435359494118,77.24298717327586,built_up,Medium,40.11914,0.26507345,Cool roof,393502.3101364616,1.0,2.541281141788501e-06,1043663681.2753817,False
2653,+85935+31834,28.59741791057492,77.19717309378854,built_up,Medium,40.118683,0.34290996,Cool roof,393663.8899201458,1.0,2.540238070103023e-06,1044057345.1653018,False
2654,+85939+31898,28.654910088755095,77.2007663549248,built_up,Medium,40.118378,0.25563082,Cool roof,393452.80061215203,1.0,2.541600919968428e-06,1044450797.965914,False
2655,+85942+31849,28.6108926398359,77.203461300777,built_up,Medium,40.118134,0.3005983,Cool roof,393614.4513341348,1.0,2.5405571279472957e-06,1044844412.4172481,False
2656,+85942+31881,28.639638728925988,77.203461300777,built_up,Medium,40.11624,0.33417952,Cool roof,393508.9097658637,1.0,2.5412385213717176e-06,1045237921.327014,False
2657,+85965+31819,28.58394318131394,77.22412255231049,built_up,Medium,40.115997,0.3698042,Cool roof,393713.30678551074,1.0,2.5399192325109433e-06,1045631634.6337994,False
2658,+85964+31877,28.636045467789724,77.22322423702643,built_up,Medium,40.114166,0.33812615,Cool roof,393522.10786660743,1.0,2.5411532923049165e-06,1046025156.7416661,False
2659,+85987+31875,28.634248837221595,77.24388548855993,built_up,Medium,40.114166,0.31521082,Cool roof,393528.7063379382,1.0,2.5411106836543245e-06,1046418685.448004,False
2660,+85935+31895,28.6522151429029,77.19717309378854,built_up,Medium,40.113617,0.31735522,Cool roof,393462.7042539635,1.0,2.5415369466747284e-06,1046812148.1522579,False
2661,+85990+31888,28.645926935914442,77.24658043441212,built_up,Medium,40.11093,0.33391732,Cool roof,393485.8093741609,1.0,2.541387709992642e-06,1047205633.9616321,False
2662,+85982+31853,28.61448590097216,77.2393939121396,built_up,Medium,40.110718,0.4251003,Cool roof,393601.26404311205,1.0,2.5406422472527113e-06,1047599235.2256752,False
2663,+86020+31883,28.641435359494118,77.27352989293408,built_up,Medium,40.10916,0.25555304,Cool roof,393502.3101364616,1.0,2.541281141788501e-06,1047992737.5358117,False
2664,+85983+31833,28.596519595290854,77.24029222742367,built_up,Medium,40.107513,0.3322341,Cool roof,393667.18505361537,1.0,2.5402168074126e-06,1048386404.7208652,False
2665,+86015+31881,28.639638728925988,77.26903831651376,built_up,Medium,40.10434,0.41812214,Cool roof,393508.9097658637,1.0,2.5412385213717176e-06,1048779913.6306311,False
2666,+86004+31868,28.627960630233137,77.25915684838904,built_up,Medium,40.103607,0.36269617,Cool roof,393551.7979475385,1.0,2.5409615842570807e-06,1049173465.4285786,False
2667,+85971+31824,28.58843475773427,77.22951244401489,built_up,Medium,40.103546,0.36422655,Cool roof,393696.8369106009,1.0,2.5400254872433124e-06,1049567162.2654892,False
2668,+85988+31895,28.6522151429029,77.24478380384399,built_up,Medium,40.10269,0.4025775,Cool roof,393462.7042539635,1.0,2.5415369466747284e-06,1049960624.9697431,False
2669,+85955+31871,28.630655576085335,77.21513939946983,built_up,Medium,40.101562,0.29289982,Cool roof,393541.90212249075,1.0,2.541025478117316e-06,1050354166.8718656,False
2670,+85937+31890,28.647723566482572,77.19896972435666,built_up,Medium,40.100983,0.26610482,Cool roof,393479.2083937367,1.0,2.5414303441399263e-06,1050747646.0802593,False
2671,+85968+31826,28.5902313883024,77.22681749816269,built_up,Medium,40.097595,0.28149408,Cool roof,393690.24828483176,1.0,2.540067995985788e-06,1051141336.3285441,False
2672,+85975+31865,28.625265684380942,77.23310570515115,built_up,Medium,40.09665,0.33937198,Cool roof,393561.6929039662,1.0,2.540897699217927e-06,1051534898.0214481,False
2673,+85944+31855,28.61628253154029,77.20525793134512,built_up,Medium,40.09558,0.22568266,Cool roof,393594.6698184574,1.0,2.540684812782761e-06,1051928492.6912665,False
2674,+85981+31853,28.61448590097216,77.23849559685553,built_up,Medium,40.09546,0.34554756,Cool roof,393601.26404311205,1.0,2.5406422472527113e-06,1052322093.9553096,False
2675,+85975+31874,28.63335052193753,77.23310570515115,built_up,Medium,40.095123,0.38718835,Cool roof,393532.00542884105,1.0,2.541089380799604e-06,1052715625.9607384,False
2676,+85979+31869,28.628858945517205,77.2366989662874,built_up,Medium,40.094727,0.30603635,Cool roof,393548.4994357017,1.0,2.5409828812303243e-06,1053109174.4601741,False
2677,+85986+31831,28.594722964722724,77.24298717327586,built_up,Medium,40.093964,0.28700718,Cool roof,393673.77503094316,1.0,2.5401742849683066e-06,1053502848.235205,False
2678,+86007+31837,28.600112856427117,77.26185179424122,built_up,Medium,40.092133,0.24273705,Cool roof,393654.0039405227,1.0,2.5403018640478256e-06,1053896502.2391456,False
2679,+85940+31887,28.645028620630377,77.20166467020886,built_up,Medium,40.09207,0.24463747,Cool roof,393489.10971962346,1.0,2.5413663943902783e-06,1054289991.3488653,False
2680,+85944+31857,28.61807916210842,77.20525793134512,built_up,Medium,40.09079,0.24880897,Cool roof,393588.07520771434,1.0,2.5407273822314218e-06,1054683579.424073,False
2681,+86019+31882,28.640537044210053,77.27263157765002,built_up,Medium,40.090057,0.32641926,Cool roof,393505.6099994146,1.0,2.5412598310897976e-06,1055077085.0340724,False
2682,+85943+31884,28.642333674778182,77.20435961606105,built_up,Medium,40.089844,0.34708953,Cool roof,393499.01017700526,1.0,2.5413024534678655e-06,1055470584.0442494,False
2683,+85946+31884,28.642333674778182,77.20705456191325,built_up,Medium,40.08847,0.32636854,Cool roof,393499.01017700526,1.0,2.5413024534678655e-06,1055864083.0544264,False
2684,+85946+31893,28.65041851233477,77.20705456191325,built_up,Medium,40.087524,0.29380578,Cool roof,393469.30619936297,1.0,2.5414943027177834e-06,1056257552.3606257,False
2685,+85944+31900,28.656706719323225,77.20525793134512,built_up,Medium,40.08725,0.22685225,Cool roof,393446.19770181086,1.0,2.541643573736835e-06,1056650998.5583276,False
2686,+86017+31865,28.625265684380942,77.27083494708188,built_up,Medium,40.086395,0.37694442,Cool roof,393561.6929039662,1.0,2.540897699217927e-06,1057044560.2512316,False
2687,+85935+31894,28.651316827618835,77.19717309378854,built_up,Medium,40.084015,0.21842466,Cool roof,393466.00527491106,1.0,2.5415156242057283e-06,1057438026.2565064,False
2688,+85969+31883,28.641435359494118,77.22771581344675,built_up,High,40.082428,0.17919117,Cool roof,393502.3101364616,1.0,2.541281141788501e-06,1057831528.5666429,False
2689,+85983+31852,28.613587585688094,77.24029222742367,built_up,Medium,40.080597,0.41072243,Cool roof,393604.5610106546,1.0,2.5406209659570757e-06,1058225133.1276535,False
2690,+85945+31848,28.609994324551835,77.20615624662919,built_up,Medium,40.079803,0.31513706,Cool roof,393617.74791557674,1.0,2.540535850569625e-06,1058618750.8755691,False
2691,+85944+31889,28.646825251198507,77.20525793134512,built_up,Medium,40.079315,0.37649086,Cool roof,393482.5089321985,1.0,2.5414090265758455e-06,1059012233.3845013,False
2692,+85950+31875,28.634248837221595,77.21064782304951,built_up,Medium,40.078766,0.20708877,Cool roof,393528.7063379382,1.0,2.5411106836543245e-06,1059405762.0908393,False
2693,+86015+31821,28.58573981188207,77.26903831651376,built_up,Medium,40.077362,0.45568654,Cool roof,393706.7191251809,1.0,2.5399617314685587e-06,1059799468.8099644,False
2694,+85985+31865,28.625265684380942,77.24208885799179,built_up,Medium,40.074738,0.3132107,Cool roof,393561.6929039662,1.0,2.540897699217927e-06,1060193030.5028684,False
2695,+85970+31881,28.639638728925988,77.22861412873081,built_up,Medium,40.068512,0.25129548,Cool roof,393508.9097658637,1.0,2.5412385213717176e-06,1060586539.4126343,False
2696,+85972+31856,28.617180846824354,77.23041075929895,built_up,Medium,40.06717,0.31106678,Cool roof,393591.3725613467,1.0,2.540706097017246e-06,1060980130.7851956,False
2697,+86006+31861,28.621672423244682,77.26095347895716,built_up,Medium,40.065826,0.42146966,Cool roof,393574.88482798473,1.0,2.5408125328857267e-06,1061373705.6700236,False
2698,+85997+31819,28.58394318131394,77.25286864140058,built_up,Medium,40.05844,0.27044183,Cool roof,393713.30678551074,1.0,2.5399192325109433e-06,1061767418.976809,False
2699,+85951+31879,28.637842098357854,77.21154613833357,built_up,Medium,40.057526,0.34838653,Cool roof,393515.50900924753,1.0,2.5411959048772846e-06,1062160934.4858183,False
2700,+85944+31882,28.640537044210053,77.20525793134512,built_up,Medium,40.056335,0.3374081,Cool roof,393505.6099994146,1.0,2.5412598310897976e-06,1062554440.0958177,False
2701,+85936+31887,28.645028620630377,77.1980714090726,built_up,Medium,40.05606,0.34075025,Cool roof,393489.10971962346,1.0,2.5413663943902783e-06,1062947929.2055373,False
2702,+85944+31830,28.59382464943866,77.20525793134512,built_up,Medium,40.055817,0.36518583,Cool roof,393677.0698747999,1.0,2.540153025214365e-06,1063341606.2754121,False
2703,+85942+31887,28.645028620630377,77.203461300777,built_up,Medium,40.05478,0.3620901,Cool roof,393489.10971962346,1.0,2.5413663943902783e-06,1063735095.3851317,False
2704,+85992+31822,28.586638127166136,77.24837706498025,built_up,Medium,40.05356,0.2820851,Cool roof,393703.4251501983,1.0,2.5399829824149967e-06,1064128798.8102819,False
2705,+85942+31851,28.61268927040403,77.203461300777,built_up,Medium,40.052948,0.35422927,Cool roof,393607.8578816729,1.0,2.5405996856409857e-06,1064522406.6681635,False
2706,+85984+31863,28.623469053812812,77.24119054270773,built_up,Medium,40.0524,0.38221917,Cool roof,393568.2890590088,1.0,2.5408551140919464e-06,1064915974.9572226,False
2707,+85968+31856,28.617180846824354,77.22681749816269,built_up,Medium,40.051483,0.29454765,Cool roof,393591.3725613467,1.0,2.540706097017246e-06,1065309566.3297839,False
2708,+86018+31886,28.644130305346312,77.27173326236594,built_up,Medium,40.050507,0.24531035,Cool roof,393492.40996858553,1.0,2.541345079768718e-06,1065703058.7397525,False
2709,+85986+31892,28.649520197050705,77.24298717327586,built_up,Medium,40.050354,0.32495913,Cool roof,393472.6070273184,1.0,2.5414729822108584e-06,1066096531.3467798,False
2710,+86001+31886,28.644130305346312,77.25646190253684,built_up,Medium,40.05008,0.3027711,Cool roof,393492.40996858553,1.0,2.541345079768718e-06,1066490023.7567484,False
2711,+85980+31879,28.637842098357854,77.23759728157147,built_up,Medium,40.048706,0.28965548,Cool roof,393515.50900924753,1.0,2.5411959048772846e-06,1066883539.2657577,False
2712,+85934+31845,28.607299378699636,77.19627477850447,built_up,Medium,40.048645,0.28759915,Cool roof,393627.6370807394,1.0,2.5404720243128756e-06,1067277166.9028385,False
2713,+85934+31895,28.6522151429029,77.19627477850447,built_up,Medium,40.048096,0.33413872,Cool roof,393462.7042539635,1.0,2.5415369466747284e-06,1067670629.6070924,False
2714,+85975+31876,28.63514715250566,77.23310570515115,built_up,Medium,40.04593,0.39248273,Cool roof,393525.4071505268,1.0,2.5411319874894163e-06,1068064155.0142429,False
2715,+85938+31886,28.644130305346312,77.19986803964073,built_up,Medium,40.045807,0.28754228,Cool roof,393492.40996858553,1.0,2.541345079768718e-06,1068457647.4242115,False
2716,+85946+31848,28.609994324551835,77.20705456191325,built_up,Medium,40.044373,0.2518361,Cool roof,393617.74791557674,1.0,2.540535850569625e-06,1068851265.1721271,False
2717,+85945+31858,28.618977477392487,77.20615624662919,built_up,Medium,40.043793,0.36291757,Cool roof,393584.7777575614,1.0,2.5407486684253207e-06,1069244849.9498847,False
2718,+86014+31819,28.58394318131394,77.26814000122968,built_up,Medium,40.042694,0.33625835,Cool roof,393713.30678551074,1.0,2.5399192325109433e-06,1069638563.2566701,False
2719,+85945+31874,28.63335052193753,77.20615624662919,built_up,Medium,40.039,0.35964796,Cool roof,393532.00542884105,1.0,2.541089380799604e-06,1070032095.2620989,False
2720,+85945+31888,28.645926935914442,77.20615624662919,built_up,Medium,40.037903,0.34185755,Cool roof,393485.8093741609,1.0,2.541387709992642e-06,1070425581.0714731,False
2721,+85986+31834,28.59741791057492,77.24298717327586,built_up,Medium,40.03766,0.3695375,Cool roof,393663.8899201458,1.0,2.540238070103023e-06,1070819244.9613932,False
2722,+85933+31866,28.626163999665007,77.1953764632204,built_up,Medium,40.036285,0.4258054,Cool roof,393558.39468167134,1.0,2.5409189932509185e-06,1071212803.3560749,False
2723,+85943+31899,28.65580840403916,77.20435961606105,built_up,Medium,40.03592,0.25036806,Cool roof,393449.49920522765,1.0,2.541622246362014e-06,1071606252.8552802,False
2724,+85946+31890,28.647723566482572,77.20705456191325,built_up,Medium,40.035797,0.27671814,Cool roof,393479.2083937367,1.0,2.5414303441399263e-06,1071999732.0636739,False
2725,+85952+31857,28.61807916210842,77.21244445361764,built_up,Medium,40.03369,0.34698775,Cool roof,393588.07520771434,1.0,2.5407273822314218e-06,1072393320.1388816,False
2726,+85962+31870,28.62975726080127,77.22142760645829,built_up,Medium,40.031403,0.36640665,Cool roof,393545.20082735224,1.0,2.541004179183724e-06,1072786865.3397089,False
2727,+85982+31868,28.627960630233137,77.2393939121396,built_up,Medium,40.02939,0.3333666,Cool roof,393551.7979475385,1.0,2.5409615842570807e-06,1073180417.1376565,False
2728,+85982+31822,28.586638127166136,77.2393939121396,built_up,Medium,40.026886,0.21273024,Cool roof,393703.4251501983,1.0,2.5399829824149967e-06,1073574120.5628066,False
2729,+85939+31849,28.6108926398359,77.2007663549248,built_up,Medium,40.026093,0.36000496,Cool roof,393614.4513341348,1.0,2.5405571279472957e-06,1073967735.0141408,False
2730,+85970+31826,28.5902313883024,77.22861412873081,built_up,Medium,40.02588,0.30185,Cool roof,393690.24828483176,1.0,2.540067995985788e-06,1074361425.2624257,False
2731,+85943+31893,28.65041851233477,77.20435961606105,built_up,Medium,40.021576,0.3966755,Cool roof,393469.30619936297,1.0,2.5414943027177834e-06,1074754894.568625,False
2732,+85946+31829,28.592926334154594,77.20705456191325,built_up,Medium,40.0213,0.2943873,Cool roof,393680.36462211795,1.0,2.5401317664391776e-06,1075148574.933247,False
2733,+85988+31883,28.641435359494118,77.24478380384399,built_up,High,40.02005,0.16639581,Cool roof,393502.3101364616,1.0,2.541281141788501e-06,1075542077.2433836,False
2734,+85947+31857,28.61807916210842,77.20795287719731,built_up,Medium,40.019806,0.2742486,Cool roof,393588.07520771434,1.0,2.5407273822314218e-06,1075935665.3185914,False
2735,+85948+31883,28.641435359494118,77.20885119248138,built_up,Medium,40.018524,0.23838931,Cool roof,393502.3101364616,1.0,2.541281141788501e-06,1076329167.628728,False
2736,+85947+31873,28.632452206653465,77.20795287719731,built_up,Medium,40.01779,0.3155741,Cool roof,393535.3044232345,1.0,2.5410680789252197e-06,1076722702.9331512,False
2737,+85945+31829,28.592926334154594,77.20615624662919,built_up,Medium,40.016815,0.37734926,Cool roof,393680.36462211795,1.0,2.5401317664391776e-06,1077116383.2977734,False
2738,+85996+31873,28.632452206653465,77.2519703261165,built_up,Medium,40.015533,0.36139297,Cool roof,393535.3044232345,1.0,2.5410680789252197e-06,1077509918.6021967,False
2739,+85984+31828,28.59202801887053,77.24119054270773,built_up,Medium,40.01544,0.26412123,Cool roof,393683.65927289636,1.0,2.5401105086427096e-06,1077903602.2614696,False
2740,+85940+31892,28.649520197050705,77.20166467020886,built_up,Medium,40.01541,0.36639902,Cool roof,393472.6070273184,1.0,2.5414729822108584e-06,1078297074.868497,False
2741,+85981+31878,28.63694378307379,77.23849559685553,built_up,Medium,40.01541,0.28460053,Cool roof,393518.80848618085,1.0,2.5411745981008603e-06,1078690593.676983,False
2742,+85989+31870,28.62975726080127,77.24568211912806,built_up,Medium,40.01468,0.18197632,Cool roof,393545.20082735224,1.0,2.541004179183724e-06,1079084138.8778105,False
2743,+85957+31877,28.636045467789724,77.21693603003797,built_up,Medium,40.014618,0.3380312,Cool roof,393522.10786660743,1.0,2.5411532923049165e-06,1079477660.985677,False
2744,+85969+31882,28.640537044210053,77.22771581344675,built_up,High,40.010956,0.13519514,Cool roof,393505.6099994146,1.0,2.5412598310897976e-06,1079871166.5956764,False
2745,+85978+31826,28.5902313883024,77.23580065100334,built_up,Medium,40.0101,0.23994228,Cool roof,393690.24828483176,1.0,2.540067995985788e-06,1080264856.8439612,False
2746,+85986+31891,28.64862188176664,77.24298717327586,built_up,Medium,40.009552,0.20769686,Cool roof,393475.90775877645,1.0,2.5414516626849184e-06,1080658332.75172,False
2747,+85948+31885,28.643231990062247,77.20885119248138,built_up,Medium,40.007538,0.25350702,Cool roof,393495.7101210463,1.0,2.541323766127926e-06,1081051828.461841,False
2748,+85983+31822,28.586638127166136,77.24029222742367,built_up,Medium,40.006256,0.33391848,Cool roof,393703.4251501983,1.0,2.5399829824149967e-06,1081445531.8869913,False
2749,+86007+31836,28.599214541143052,77.26185179424122,built_up,Medium,40.005707,0.40143117,Cool roof,393657.2993635989,1.0,2.540280598420599e-06,1081839189.1863549,False
2750,+85945+31857,28.61807916210842,77.20615624662919,built_up,Medium,40.00528,0.34807357,Cool roof,393588.07520771434,1.0,2.5407273822314218e-06,1082232777.2615626,False
2751,+85947+31824,28.58843475773427,77.20795287719731,built_up,Medium,40.005096,0.43913028,Cool roof,393696.8369106009,1.0,2.5400254872433124e-06,1082626474.098473,False
2752,+85938+31874,28.63335052193753,77.19986803964073,built_up,Medium,40.003387,0.38048372,Cool roof,393532.00542884105,1.0,2.541089380799604e-06,1083020006.1039019,False
2753,+85938+31865,28.625265684380942,77.19986803964073,built_up,Medium,40.002716,0.33328325,Cool roof,393561.6929039662,1.0,2.540897699217927e-06,1083413567.7968059,False
2754,+85990+31881,28.639638728925988,77.24658043441212,built_up,Medium,40.00229,0.39337927,Cool roof,393508.9097658637,1.0,2.5412385213717176e-06,1083807076.7065718,False
2755,+85971+31826,28.5902313883024,77.22951244401489,built_up,Medium,40.001953,0.42008522,Cool roof,393690.24828483176,1.0,2.540067995985788e-06,1084200766.9548566,False
2756,+85981+31879,28.637842098357854,77.23849559685553,built_up,Medium,39.999664,0.33445388,Cool roof,393515.50900924753,1.0,2.5411959048772846e-06,1084594282.463866,False
2757,+85996+31896,28.653113458186965,77.2519703261165,built_up,Medium,39.99814,0.37865415,Cool roof,393459.4031365207,1.0,2.541558270124821e-06,1084987741.8670025,False
2758,+85978+31869,28.628858945517205,77.23580065100334,built_up,Medium,39.99637,0.28048274,Cool roof,393548.4994357017,1.0,2.5409828812303243e-06,1085381290.3664382,False
2759,+85946+31899,28.65580840403916,77.20705456191325,built_up,Medium,39.995758,0.2878061,Cool roof,393449.49920522765,1.0,2.541622246362014e-06,1085774739.8656433,False
2760,+85934+31834,28.59741791057492,77.19627477850447,built_up,Medium,39.994873,0.326084,Cool roof,393663.8899201458,1.0,2.540238070103023e-06,1086168403.7555635,False
2761,+85996+31825,28.589333073018334,77.2519703261165,built_up,Medium,39.99466,0.32899016,Cool roof,393693.54264598736,1.0,2.5400467411252633e-06,1086562097.2982094,False
2762,+85971+31875,28.634248837221595,77.22951244401489,built_up,Medium,39.991913,0.42528632,Cool roof,393528.7063379382,1.0,2.5411106836543245e-06,1086955626.0045474,False
2763,+85984+31871,28.630655576085335,77.24119054270773,built_up,Medium,39.990448,0.30468494,Cool roof,393541.90212249075,1.0,2.541025478117316e-06,1087349167.9066699,False
2764,+85945+31885,28.643231990062247,77.20615624662919,built_up,Medium,39.98752,0.2946404,Cool roof,393495.7101210463,1.0,2.541323766127926e-06,1087742663.616791,False
2765,+85981+31893,28.65041851233477,77.23849559685553,built_up,Medium,39.986298,0.42219007,Cool roof,393469.30619936297,1.0,2.5414943027177834e-06,1088136132.9229903,False
2766,+85945+31856,28.617180846824354,77.20615624662919,built_up,Medium,39.984406,0.35902604,Cool roof,393591.3725613467,1.0,2.540706097017246e-06,1088529724.2955518,False
2767,+86015+31882,28.640537044210053,77.26903831651376,built_up,Medium,39.98416,0.35757798,Cool roof,393505.6099994146,1.0,2.5412598310897976e-06,1088923229.9055512,False
2768,+85951+31856,28.617180846824354,77.21154613833357,built_up,Medium,39.982758,0.2489861,Cool roof,393591.3725613467,1.0,2.540706097017246e-06,1089316821.2781126,False
2769,+85966+31881,28.639638728925988,77.22502086759455,built_up,Medium,39.982513,0.40930778,Cool roof,393508.9097658637,1.0,2.5412385213717176e-06,1089710330.1878786,False
2770,+85990+31865,28.625265684380942,77.24658043441212,built_up,Medium,39.98221,0.40910724,Cool roof,393561.6929039662,1.0,2.540897699217927e-06,1090103891.8807826,False
2771,+85944+31856,28.617180846824354,77.20525793134512,built_up,Medium,39.976135,0.28824255,Cool roof,393591.3725613467,1.0,2.540706097017246e-06,1090497483.253344,False
2772,+85967+31871,28.630655576085335,77.22591918287863,built_up,Medium,39.974274,0.3114203,Cool roof,393541.90212249075,1.0,2.541025478117316e-06,1090891025.1554666,False
2773,+85986+31833,28.596519595290854,77.24298717327586,built_up,Medium,39.973907,0.35865825,Cool roof,393667.18505361537,1.0,2.5402168074126e-06,1091284692.3405201,False
2774,+85941+31896,28.653113458186965,77.20256298549292,built_up,Medium,39.973175,0.26115742,Cool roof,393459.4031365207,1.0,2.541558270124821e-06,1091678151.7436566,False
2775,+85983+31821,28.58573981188207,77.24029222742367,built_up,Medium,39.972015,0.3370657,Cool roof,393706.7191251809,1.0,2.5399617314685587e-06,1092071858.462782,False
2776,+85951+31882,28.640537044210053,77.21154613833357,built_up,Medium,39.970642,0.17473814,Cool roof,393505.6099994146,1.0,2.5412598310897976e-06,1092465364.0727813,False
2777,+86014+31820,28.584841496598006,77.26814000122968,built_up,Medium,39.968994,0.4350789,Cool roof,393710.01300361863,1.0,2.5399404815005527e-06,1092859074.085785,False
2778,+85948+31859,28.619875792676552,77.20885119248138,built_up,Medium,39.968353,0.34084848,Cool roof,393581.4802108883,1.0,2.5407699555989813e-06,1093252655.5659957,False
2779,+85988+31867,28.62706231494907,77.24478380384399,built_up,Medium,39.967133,0.3515054,Cool roof,393555.0963628619,1.0,2.5409402882639576e-06,1093646210.6623585,False
2780,+85968+31875,28.634248837221595,77.22681749816269,built_up,Medium,39.9664,0.28205052,Cool roof,393528.7063379382,1.0,2.5411106836543245e-06,1094039739.3686965,False
2781,+85986+31826,28.5902313883024,77.24298717327586,built_up,Medium,39.96396,0.1792766,Cool roof,393690.24828483176,1.0,2.540067995985788e-06,1094433429.6169813,False
2782,+86020+31847,28.60909600926777,77.27352989293408,built_up,Medium,39.96347,0.37157115,Cool roof,393621.04440049216,1.0,2.540514574171354e-06,1094827050.6613817,False
2783,+85943+31852,28.613587585688094,77.20435961606105,built_up,Medium,39.95938,0.39332324,Cool roof,393604.5610106546,1.0,2.5406209659570757e-06,1095220655.2223923,False
2784,+85985+31863,28.623469053812812,77.24208885799179,built_up,Medium,39.957764,0.31589118,Cool roof,393568.2890590088,1.0,2.5408551140919464e-06,1095614223.5114512,False
2785,+85970+31868,28.627960630233137,77.22861412873081,built_up,Medium,39.954163,0.3495206,Cool roof,393551.7979475385,1.0,2.5409615842570807e-06,1096007775.309399,False
2786,+85966+31869,28.628858945517205,77.22502086759455,built_up,Medium,39.954132,0.2065614,Cool roof,393548.4994357017,1.0,2.5409828812303243e-06,1096401323.8088346,False
2787,+85981+31860,28.620774107960617,77.23849559685553,built_up,Medium,39.948883,0.38700688,Cool roof,393578.1825676959,1.0,2.5407912437524376e-06,1096794901.9914021,False
2788,+85941+31895,28.6522151429029,77.20256298549292,built_up,Medium,39.94876,0.2687107,Cool roof,393462.7042539635,1.0,2.5415369466747284e-06,1097188364.695656,False
2789,+85954+31854,28.615384216256224,77.21424108418577,built_up,Medium,39.947937,0.34275734,Cool roof,393597.9669790461,1.0,2.5406635295279275e-06,1097581962.662635,False
2790,+85955+31879,28.637842098357854,77.21513939946983,built_up,Medium,39.947296,0.33868468,Cool roof,393515.50900924753,1.0,2.5411959048772846e-06,1097975478.1716444,False
2791,+85986+31899,28.65580840403916,77.24298717327586,built_up,Medium,39.941315,0.39231822,Cool roof,393449.49920522765,1.0,2.541622246362014e-06,1098368927.6708496,False
2792,+85947+31849,28.6108926398359,77.20795287719731,built_up,High,39.938385,0.10645228,Cool roof,393614.4513341348,1.0,2.5405571279472957e-06,1098762542.1221838,False
2793,+85945+31900,28.656706719323225,77.20615624662919,built_up,Medium,39.937897,0.26178333,Cool roof,393446.19770181086,1.0,2.541643573736835e-06,1099155988.3198855,False
2794,+85979+31874,28.63335052193753,77.2366989662874,built_up,Medium,39.936676,0.34768125,Cool roof,393532.00542884105,1.0,2.541089380799604e-06,1099549520.3253143,False
2795,+85941+31855,28.61628253154029,77.20256298549292,built_up,Medium,39.936554,0.22187866,Cool roof,393594.6698184574,1.0,2.540684812782761e-06,1099943114.9951327,False
2796,+85981+31819,28.58394318131394,77.23849559685553,built_up,Medium,39.93567,0.3298618,Cool roof,393713.30678551074,1.0,2.5399192325109433e-06,1100336828.3019183,False
2797,+85946+31875,28.634248837221595,77.20705456191325,built_up,Medium,39.935272,0.2512738,Cool roof,393528.7063379382,1.0,2.5411106836543245e-06,1100730357.0082562,False
2798,+85982+31820,28.584841496598006,77.2393939121396,built_up,Medium,39.9346,0.22489029,Cool roof,393710.01300361863,1.0,2.5399404815005527e-06,1101124067.0212598,False
2799,+85985+31892,28.649520197050705,77.24208885799179,built_up,Medium,39.93091,0.34708992,Cool roof,393472.6070273184,1.0,2.5414729822108584e-06,1101517539.628287,False
2800,+85981+31877,28.636045467789724,77.23849559685553,built_up,Medium,39.929596,0.37750235,Cool roof,393522.10786660743,1.0,2.5411532923049165e-06,1101911061.7361536,False
2801,+85938+31890,28.647723566482572,77.19986803964073,built_up,Medium,39.928802,0.3337173,Cool roof,393479.2083937367,1.0,2.5414303441399263e-06,1102304540.9445474,False
2802,+85990+31872,28.6315538913694,77.24658043441212,built_up,Medium,39.92868,0.39788678,Cool roof,393538.6033211179,1.0,2.5410467780311365e-06,1102698079.5478685,False
2803,+85976+31871,28.630655576085335,77.23400402043521,built_up,Medium,39.925934,0.33182457,Cool roof,393541.90212249075,1.0,2.541025478117316e-06,1103091621.449991,False
2804,+85965+31876,28.63514715250566,77.22412255231049,built_up,Medium,39.924774,0.3777355,Cool roof,393525.4071505268,1.0,2.5411319874894163e-06,1103485146.8571415,False
2805,+85947+31892,28.649520197050705,77.20795287719731,built_up,Medium,39.92404,0.2910322,Cool roof,393472.6070273184,1.0,2.5414729822108584e-06,1103878619.4641688,False
2806,+85971+31825,28.589333073018334,77.22951244401489,built_up,Medium,39.92401,0.2744425,Cool roof,393693.54264598736,1.0,2.5400467411252633e-06,1104272313.0068147,False
2807,+85953+31863,28.623469053812812,77.21334276890171,built_up,Medium,39.921844,0.3153888,Cool roof,393568.2890590088,1.0,2.5408551140919464e-06,1104665881.2958736,False
2808,+85991+31863,28.623469053812812,77.24747874969619,built_up,Medium,39.921265,0.35863918,Cool roof,393568.2890590088,1.0,2.5408551140919464e-06,1105059449.5849326,False
2809,+85946+31883,28.641435359494118,77.20705456191325,built_up,Medium,39.918,0.36092594,Cool roof,393502.3101364616,1.0,2.541281141788501e-06,1105452951.8950691,False
2810,+85938+31853,28.61448590097216,77.19986803964073,built_up,High,39.917755,0.16183445,Cool roof,393601.26404311205,1.0,2.5406422472527113e-06,1105846553.1591122,False
2811,+86016+31894,28.651316827618835,77.26993663179782,built_up,Medium,39.915253,0.25738192,Cool roof,393466.00527491106,1.0,2.5415156242057283e-06,1106240019.1643872,False
2812,+85954+31872,28.6315538913694,77.21424108418577,built_up,Medium,39.914764,0.3630359,Cool roof,393538.6033211179,1.0,2.5410467780311365e-06,1106633557.7677083,False
2813,+85943+31842,28.60460443284744,77.20435961606105,built_up,Medium,39.91446,0.28041753,Cool roof,393637.5253771429,1.0,2.540408206869767e-06,1107027195.2930853,False
2814,+85994+31821,28.58573981188207,77.25017369554838,built_up,Medium,39.911682,0.35711393,Cool roof,393706.7191251809,1.0,2.5399617314685587e-06,1107420902.0122106,False
2815,+85945+31869,28.628858945517205,77.20615624662919,built_up,Medium,39.910675,0.36974528,Cool roof,393548.4994357017,1.0,2.5409828812303243e-06,1107814450.5116463,False
2816,+85971+31854,28.615384216256224,77.22951244401489,built_up,Medium,39.909973,0.44342467,Cool roof,393597.9669790461,1.0,2.5406635295279275e-06,1108208048.4786253,False
2817,+85985+31864,28.624367369096877,77.24208885799179,built_up,Medium,39.906647,0.38816556,Cool roof,393564.99102974543,1.0,2.540876406164949e-06,1108601613.469655,False
2818,+85977+31870,28.62975726080127,77.23490233571927,built_up,Medium,39.90616,0.28713614,Cool roof,393545.20082735224,1.0,2.541004179183724e-06,1108995158.6704824,False
2819,+85948+31849,28.6108926398359,77.20885119248138,built_up,Medium,39.90573,0.18698376,Cool roof,393614.4513341348,1.0,2.5405571279472957e-06,1109388773.1218166,False
2820,+85949+31850,28.611790955119965,77.20974950776545,built_up,Medium,39.90555,0.25945297,Cool roof,393611.1546561666,1.0,2.540578406304404e-06,1109782384.2764728,False
2821,+85952+31853,28.61448590097216,77.21244445361764,built_up,Medium,39.904327,0.3553692,Cool roof,393601.26404311205,1.0,2.5406422472527113e-06,1110175985.540516,False
2822,+85987+31867,28.62706231494907,77.24388548855993,built_up,Medium,39.904327,0.27653354,Cool roof,393555.0963628619,1.0,2.5409402882639576e-06,1110569540.6368787,False
2823,+85940+31877,28.636045467789724,77.20166467020886,built_up,Medium,39.903656,0.37957832,Cool roof,393522.10786660743,1.0,2.5411532923049165e-06,1110963062.7447453,False
2824,+86002+31880,28.638740413641923,77.2573602178209,built_up,Medium,39.899567,0.3541159,Cool roof,393512.20943580836,1.0,2.5412172126342245e-06,1111356574.954181,False
2825,+85977+31878,28.63694378307379,77.23490233571927,built_up,Medium,39.899384,0.2632835,Cool roof,393518.80848618085,1.0,2.5411745981008603e-06,1111750093.7626672,False
2826,+85982+31866,28.626163999665007,77.2393939121396,built_up,Medium,39.899353,0.41804147,Cool roof,393558.39468167134,1.0,2.5409189932509185e-06,1112143652.1573489,False
2827,+85982+31879,28.637842098357854,77.2393939121396,built_up,Medium,39.899323,0.42663804,Cool roof,393515.50900924753,1.0,2.5411959048772846e-06,1112537167.6663582,False
2828,+85947+31885,28.643231990062247,77.20795287719731,built_up,Medium,39.898193,0.33882833,Cool roof,393495.7101210463,1.0,2.541323766127926e-06,1112930663.3764794,False
2829,+85943+31881,28.639638728925988,77.20435961606105,built_up,Medium,39.895477,0.393287,Cool roof,393508.9097658637,1.0,2.5412385213717176e-06,1113324172.2862453,False
2830,+85967+31856,28.617180846824354,77.22591918287863,built_up,Medium,39.89514,0.30781806,Cool roof,393591.3725613467,1.0,2.540706097017246e-06,1113717763.6588068,False
2831,+85944+31847,28.60909600926777,77.20525793134512,built_up,Medium,39.89502,0.25169718,Cool roof,393621.04440049216,1.0,2.540514574171354e-06,1114111384.7032073,False
2832,+85948+31857,28.61807916210842,77.20885119248138,built_up,Medium,39.893982,0.33221638,Cool roof,393588.07520771434,1.0,2.5407273822314218e-06,1114504972.778415,False
2833,+86009+31838,28.601011171711182,77.26364842480936,built_up,High,39.89203,0.14346188,Cool roof,393650.70842091256,1.0,2.540323130654057e-06,1114898623.486836,False
2834,+85943+31898,28.654910088755095,77.20435961606105,built_up,Medium,39.891724,0.3845262,Cool roof,393452.80061215203,1.0,2.541600919968428e-06,1115292076.2874482,False
2835,+85943+31835,28.598316225858984,77.20435961606105,built_up,Medium,39.889923,0.37308246,Cool roof,393660.59469014016,1.0,2.5402593337723435e-06,1115685736.8821383,False
2836,+85933+31900,28.656706719323225,77.1953764632204,built_up,Medium,39.889618,0.38056123,Cool roof,393446.19770181086,1.0,2.541643573736835e-06,1116079183.07984,False
2837,+85942+31830,28.59382464943866,77.203461300777,built_up,Medium,39.885986,0.35007623,Cool roof,393677.0698747999,1.0,2.540153025214365e-06,1116472860.1497147,False
2838,+85964+31871,28.630655576085335,77.22322423702643,built_up,Medium,39.88449,0.3533438,Cool roof,393541.90212249075,1.0,2.541025478117316e-06,1116866402.0518372,False
2839,+85989+31888,28.645926935914442,77.24568211912806,built_up,Medium,39.884308,0.31608066,Cool roof,393485.8093741609,1.0,2.541387709992642e-06,1117259887.8612113,False
2840,+85937+31852,28.613587585688094,77.19896972435666,built_up,Medium,39.882446,0.28127378,Cool roof,393604.5610106546,1.0,2.5406209659570757e-06,1117653492.422222,False
2841,+85955+31854,28.615384216256224,77.21513939946983,built_up,Medium,39.88217,0.3570716,Cool roof,393597.9669790461,1.0,2.5406635295279275e-06,1118047090.389201,False
2842,+85987+31868,28.627960630233137,77.24388548855993,built_up,Medium,39.88211,0.29351175,Cool roof,393551.7979475385,1.0,2.5409615842570807e-06,1118440642.1871486,False
2843,+85987+31880,28.638740413641923,77.24388548855993,built_up,Medium,39.881683,0.28111514,Cool roof,393512.20943580836,1.0,2.5412172126342245e-06,1118834154.3965843,False
2844,+85969+31881,28.639638728925988,77.22771581344675,built_up,Medium,39.88022,0.35731176,Cool roof,393508.9097658637,1.0,2.5412385213717176e-06,1119227663.3063502,False
2845,+85975+31866,28.626163999665007,77.23310570515115,built_up,Medium,39.87961,0.39343092,Cool roof,393558.39468167134,1.0,2.5409189932509185e-06,1119621221.701032,False
2846,+85950+31850,28.611790955119965,77.21064782304951,built_up,Medium,39.878326,0.23913719,Cool roof,393611.1546561666,1.0,2.540578406304404e-06,1120014832.855688,False
2847,+85968+31883,28.641435359494118,77.22681749816269,built_up,Medium,39.877502,0.25388443,Cool roof,393502.3101364616,1.0,2.541281141788501e-06,1120408335.1658247,False
2848,+85982+31849,28.6108926398359,77.2393939121396,built_up,Medium,39.87625,0.39495224,Cool roof,393614.4513341348,1.0,2.5405571279472957e-06,1120801949.617159,False
2849,+85934+31832,28.59562128000679,77.19627477850447,built_up,Medium,39.873383,0.4014725,Cool roof,393670.48009054805,1.0,2.5401955457010397e-06,1121195620.0972495,False
2850,+85983+31820,28.584841496598006,77.24029222742367,built_up,Medium,39.872772,0.21126197,Cool roof,393710.01300361863,1.0,2.5399404815005527e-06,1121589330.110253,False
2851,+85937+31889,28.646825251198507,77.19896972435666,built_up,Medium,39.870758,0.3360315,Cool roof,393482.5089321985,1.0,2.5414090265758455e-06,1121982812.6191852,False
2852,+85970+31822,28.586638127166136,77.22861412873081,built_up,Medium,39.868896,0.3472153,Cool roof,393703.4251501983,1.0,2.5399829824149967e-06,1122376516.0443354,False
2853,+85945+31875,28.634248837221595,77.20615624662919,built_up,Medium,39.86685,0.3304029,Cool roof,393528.7063379382,1.0,2.5411106836543245e-06,1122770044.7506733,False
2854,+85987+31879,28.637842098357854,77.24388548855993,built_up,Medium,39.86685,0.34758884,Cool roof,393515.50900924753,1.0,2.5411959048772846e-06,1123163560.2596827,False
2855,+85981+31861,28.621672423244682,77.23849559685553,built_up,Medium,39.866364,0.3261756,Cool roof,393574.88482798473,1.0,2.5408125328857267e-06,1123557135.1445107,False
2856,+85958+31856,28.617180846824354,77.21783434532203,built_up,Medium,39.865997,0.29739058,Cool roof,393591.3725613467,1.0,2.540706097017246e-06,1123950726.5170722,False
2857,+85947+31883,28.641435359494118,77.20795287719731,built_up,Medium,39.864166,0.36193082,Cool roof,393502.3101364616,1.0,2.541281141788501e-06,1124344228.8272088,False
2858,+85993+31860,28.620774107960617,77.24927538026432,built_up,Medium,39.862213,0.3618846,Cool roof,393578.1825676959,1.0,2.5407912437524376e-06,1124737807.0097764,False
2859,+85956+31876,28.63514715250566,77.21603771475391,built_up,Medium,39.860565,0.37552303,Cool roof,393525.4071505268,1.0,2.5411319874894163e-06,1125131332.4169269,False
2860,+85956+31855,28.61628253154029,77.21603771475391,built_up,Medium,39.85962,0.26063025,Cool roof,393594.6698184574,1.0,2.540684812782761e-06,1125524927.0867453,False
2861,+85969+31868,28.627960630233137,77.22771581344675,built_up,Medium,39.859528,0.35639158,Cool roof,393551.7979475385,1.0,2.5409615842570807e-06,1125918478.884693,False
2862,+85950+31876,28.63514715250566,77.21064782304951,built_up,Medium,39.858185,0.27487803,Cool roof,393525.4071505268,1.0,2.5411319874894163e-06,1126312004.2918434,False
2863,+85934+31899,28.65580840403916,77.19627477850447,built_up,Medium,39.857452,0.35236374,Cool roof,393449.49920522765,1.0,2.541622246362014e-06,1126705453.7910485,False
2864,+85941+31848,28.609994324551835,77.20256298549292,built_up,Medium,39.856354,0.25647765,Cool roof,393617.74791557674,1.0,2.540535850569625e-06,1127099071.538964,False
2865,+85998+31819,28.58394318131394,77.25376695668464,built_up,Medium,39.855377,0.16911744,Cool roof,393713.30678551074,1.0,2.5399192325109433e-06,1127492784.8457496,False
2866,+85969+31820,28.584841496598006,77.22771581344675,built_up,Medium,39.852936,0.3883807,Cool roof,393710.01300361863,1.0,2.5399404815005527e-06,1127886494.8587532,False
2867,+86017+31886,28.644130305346312,77.27083494708188,built_up,Medium,39.85211,0.3180661,Cool roof,393492.40996858553,1.0,2.541345079768718e-06,1128279987.2687218,False
2868,+85946+31830,28.59382464943866,77.20705456191325,built_up,Medium,39.850555,0.33079425,Cool roof,393677.0698747999,1.0,2.540153025214365e-06,1128673664.3385966,False
2869,+85939+31825,28.589333073018334,77.2007663549248,built_up,Medium,39.85025,0.38383448,Cool roof,393693.54264598736,1.0,2.5400467411252633e-06,1129067357.8812425,False
2870,+85945+31870,28.62975726080127,77.20615624662919,built_up,Medium,39.849213,0.3062281,Cool roof,393545.20082735224,1.0,2.541004179183724e-06,1129460903.0820699,False
2871,+85974+31865,28.625265684380942,77.23220738986707,built_up,Medium,39.84854,0.39513218,Cool roof,393561.6929039662,1.0,2.540897699217927e-06,1129854464.7749739,False
2872,+85945+31847,28.60909600926777,77.20615624662919,built_up,Medium,39.84674,0.22019795,Cool roof,393621.04440049216,1.0,2.540514574171354e-06,1130248085.8193743,False
2873,+85983+31835,28.598316225858984,77.24029222742367,built_up,Medium,39.844025,0.36152115,Cool roof,393660.59469014016,1.0,2.5402593337723435e-06,1130641746.4140644,False
2874,+85965+31879,28.637842098357854,77.22412255231049,built_up,Medium,39.84195,0.24073039,Cool roof,393515.50900924753,1.0,2.5411959048772846e-06,1131035261.9230738,False
2875,+85968+31820,28.584841496598006,77.22681749816269,built_up,Medium,39.841064,0.30090702,Cool roof,393710.01300361863,1.0,2.5399404815005527e-06,1131428971.9360774,False
2876,+85966+31821,28.58573981188207,77.22502086759455,built_up,Medium,39.83963,0.33359405,Cool roof,393706.7191251809,1.0,2.5399617314685587e-06,1131822678.6552026,False
2877,+85982+31878,28.63694378307379,77.2393939121396,built_up,Medium,39.838196,0.3604934,Cool roof,393518.80848618085,1.0,2.5411745981008603e-06,1132216197.4636889,False
2878,+85955+31870,28.62975726080127,77.21513939946983,built_up,Medium,39.8378,0.33866087,Cool roof,393545.20082735224,1.0,2.541004179183724e-06,1132609742.6645162,False
2879,+85969+31826,28.5902313883024,77.22771581344675,built_up,Medium,39.836914,0.32362887,Cool roof,393690.24828483176,1.0,2.540067995985788e-06,1133003432.912801,False
2880,+85979+31881,28.639638728925988,77.2366989662874,built_up,Medium,39.83304,0.2350113,Cool roof,393508.9097658637,1.0,2.5412385213717176e-06,1133396941.822567,False
2881,+85939+31831,28.594722964722724,77.2007663549248,built_up,Medium,39.83255,0.41885507,Cool roof,393673.77503094316,1.0,2.5401742849683066e-06,1133790615.5975978,False
2882,+85946+31858,28.618977477392487,77.20705456191325,built_up,Medium,39.83139,0.2760678,Cool roof,393584.7777575614,1.0,2.5407486684253207e-06,1134184200.3753555,False
2883,+85965+31870,28.62975726080127,77.22412255231049,built_up,Medium,39.829254,0.25447237,Cool roof,393545.20082735224,1.0,2.541004179183724e-06,1134577745.5761828,False
2884,+85985+31851,28.61268927040403,77.24208885799179,built_up,Medium,39.828094,0.42856964,Cool roof,393607.8578816729,1.0,2.5405996856409857e-06,1134971353.4340646,False
2885,+85947+31893,28.65041851233477,77.20795287719731,built_up,Medium,39.826508,0.2655563,Cool roof,393469.30619936297,1.0,2.5414943027177834e-06,1135364822.740264,False
2886,+85984+31874,28.63335052193753,77.24119054270773,built_up,Medium,39.826263,0.3224173,Cool roof,393532.00542884105,1.0,2.541089380799604e-06,1135758354.7456927,False
2887,+86017+31897,28.65401177347103,77.27083494708188,built_up,Medium,39.82602,0.30921176,Cool roof,393456.10192258324,1.0,2.5415795945560422e-06,1136151810.8476152,False
2888,+85967+31821,28.58573981188207,77.22591918287863,built_up,Medium,39.825897,0.33975974,Cool roof,393706.7191251809,1.0,2.5399617314685587e-06,1136545517.5667405,False
2889,+85949+31879,28.637842098357854,77.20974950776545,built_up,Medium,39.825623,0.31261808,Cool roof,393515.50900924753,1.0,2.5411959048772846e-06,1136939033.0757499,False
2890,+85950+31882,28.640537044210053,77.21064782304951,built_up,Medium,39.824066,0.20465356,Cool roof,393505.6099994146,1.0,2.5412598310897976e-06,1137332538.6857493,False
2891,+85952+31878,28.63694378307379,77.21244445361764,built_up,Medium,39.823364,0.34502518,Cool roof,393518.80848618085,1.0,2.5411745981008603e-06,1137726057.4942355,False
2892,+85983+31836,28.599214541143052,77.24029222742367,built_up,Medium,39.822174,0.35939983,Cool roof,393657.2993635989,1.0,2.540280598420599e-06,1138119714.7935991,False
2893,+85960+31869,28.628858945517205,77.21963097589017,built_up,Medium,39.819427,0.30611694,Cool roof,393548.4994357017,1.0,2.5409828812303243e-06,1138513263.2930348,False
2894,+85972+31827,28.591129703586464,77.23041075929895,built_up,Medium,39.819122,0.3424005,Cool roof,393686.95382713445,1.0,2.5400892518249255e-06,1138906950.246862,False
2895,+85969+31825,28.589333073018334,77.22771581344675,built_up,Medium,39.817627,0.28671387,Cool roof,393693.54264598736,1.0,2.5400467411252633e-06,1139300643.7895079,False
2896,+86019+31883,28.641435359494118,77.27263157765002,built_up,Medium,39.81494,0.30629632,Cool roof,393502.3101364616,1.0,2.541281141788501e-06,1139694146.0996444,False
2897,+85954+31880,28.638740413641923,77.21424108418577,built_up,Medium,39.812347,0.28061092,Cool roof,393512.20943580836,1.0,2.5412172126342245e-06,1140087658.3090801,False
2898,+85944+31874,28.63335052193753,77.20525793134512,built_up,Medium,39.812317,0.33732364,Cool roof,393532.00542884105,1.0,2.541089380799604e-06,1140481190.314509,False
2899,+85988+31868,28.627960630233137,77.24478380384399,built_up,Medium,39.812225,0.2816291,Cool roof,393551.7979475385,1.0,2.5409615842570807e-06,1140874742.1124566,False
2900,+85996+31871,28.630655576085335,77.2519703261165,built_up,Medium,39.810944,0.37780672,Cool roof,393541.90212249075,1.0,2.541025478117316e-06,1141268284.014579,False
2901,+85975+31828,28.59202801887053,77.23310570515115,built_up,Medium,39.809814,0.3637752,Cool roof,393683.65927289636,1.0,2.5401105086427096e-06,1141661967.673852,False
2902,+85950+31825,28.589333073018334,77.21064782304951,built_up,Medium,39.809174,0.29750276,Cool roof,393693.54264598736,1.0,2.5400467411252633e-06,1142055661.216498,False
2903,+85942+31856,28.617180846824354,77.203461300777,built_up,Medium,39.808563,0.26603028,Cool roof,393591.3725613467,1.0,2.540706097017246e-06,1142449252.5890594,False
2904,+85946+31885,28.643231990062247,77.20705456191325,built_up,Medium,39.808533,0.33054194,Cool roof,393495.7101210463,1.0,2.541323766127926e-06,1142842748.2991805,False
2905,+85971+31827,28.591129703586464,77.22951244401489,built_up,Medium,39.808167,0.35576698,Cool roof,393686.95382713445,1.0,2.5400892518249255e-06,1143236435.2530077,False
2906,+85956+31875,28.634248837221595,77.21603771475391,built_up,Medium,39.806366,0.36344367,Cool roof,393528.7063379382,1.0,2.5411106836543245e-06,1143629963.9593456,False
2907,+85970+31825,28.589333073018334,77.22861412873081,built_up,Medium,39.805878,0.25737977,Cool roof,393693.54264598736,1.0,2.5400467411252633e-06,1144023657.5019915,False
2908,+86018+31896,28.653113458186965,77.27173326236594,built_up,Medium,39.805023,0.2627256,Cool roof,393459.4031365207,1.0,2.541558270124821e-06,1144417116.905128,False
2909,+85984+31872,28.6315538913694,77.24119054270773,built_up,Medium,39.804718,0.29575658,Cool roof,393538.6033211179,1.0,2.5410467780311365e-06,1144810655.508449,False
2910,+85942+31890,28.647723566482572,77.203461300777,built_up,Medium,39.802338,0.27257735,Cool roof,393479.2083937367,1.0,2.5414303441399263e-06,1145204134.716843,False
2911,+85945+31879,28.637842098357854,77.20615624662919,built_up,Medium,39.80179,0.37804046,Cool roof,393515.50900924753,1.0,2.5411959048772846e-06,1145597650.2258523,False
2912,+85946+31892,28.649520197050705,77.20705456191325,built_up,Medium,39.800842,0.3728658,Cool roof,393472.6070273184,1.0,2.5414729822108584e-06,1145991122.8328795,False
2913,+85946+31872,28.6315538913694,77.20705456191325,built_up,Medium,39.800507,0.28577286,Cool roof,393538.6033211179,1.0,2.5410467780311365e-06,1146384661.4362006,False
2914,+85933+31833,28.596519595290854,77.1953764632204,built_up,Medium,39.799225,0.3102583,Cool roof,393667.18505361537,1.0,2.5402168074126e-06,1146778328.6212542,False
2915,+85990+31871,28.630655576085335,77.24658043441212,built_up,Medium,39.79593,0.31648055,Cool roof,393541.90212249075,1.0,2.541025478117316e-06,1147171870.5233767,False
2916,+85954+31864,28.624367369096877,77.21424108418577,built_up,Medium,39.795715,0.22978608,Cool roof,393564.99102974543,1.0,2.540876406164949e-06,1147565435.5144064,False
2917,+85947+31875,28.634248837221595,77.20795287719731,built_up,Medium,39.79541,0.30516875,Cool roof,393528.7063379382,1.0,2.5411106836543245e-06,1147958964.2207444,False
2918,+85978+31849,28.6108926398359,77.23580065100334,built_up,Medium,39.795227,0.40344915,Cool roof,393614.4513341348,1.0,2.5405571279472957e-06,1148352578.6720786,False
2919,+85939+31865,28.625265684380942,77.2007663549248,built_up,Medium,39.79483,0.34204718,Cool roof,393561.6929039662,1.0,2.540897699217927e-06,1148746140.3649826,False
2920,+86006+31830,28.59382464943866,77.26095347895716,built_up,Medium,39.79294,0.4078489,Cool roof,393677.0698747999,1.0,2.540153025214365e-06,1149139817.4348574,False
2921,+85979+31879,28.637842098357854,77.2366989662874,built_up,Medium,39.789948,0.29323313,Cool roof,393515.50900924753,1.0,2.5411959048772846e-06,1149533332.9438667,False
2922,+85941+31851,28.61268927040403,77.20256298549292,built_up,Medium,39.78775,0.35120204,Cool roof,393607.8578816729,1.0,2.5405996856409857e-06,1149926940.8017485,False
2923,+85986+31868,28.627960630233137,77.24298717327586,built_up,Medium,39.786224,0.37693948,Cool roof,393551.7979475385,1.0,2.5409615842570807e-06,1150320492.5996962,False
2924,+85942+31848,28.609994324551835,77.203461300777,built_up,Medium,39.78586,0.25133896,Cool roof,393617.74791557674,1.0,2.540535850569625e-06,1150714110.3476117,False
2925,+85976+31864,28.624367369096877,77.23400402043521,built_up,Medium,39.784637,0.39838865,Cool roof,393564.99102974543,1.0,2.540876406164949e-06,1151107675.3386414,False
2926,+85968+31822,28.586638127166136,77.22681749816269,built_up,Medium,39.78232,0.34189716,Cool roof,393703.4251501983,1.0,2.5399829824149967e-06,1151501378.7637916,False
2927,+85941+31899,28.65580840403916,77.20256298549292,built_up,Medium,39.78067,0.27291167,Cool roof,393449.49920522765,1.0,2.541622246362014e-06,1151894828.2629967,False
2928,+85937+31874,28.63335052193753,77.19896972435666,built_up,Medium,39.78055,0.33538365,Cool roof,393532.00542884105,1.0,2.541089380799604e-06,1152288360.2684255,False
2929,+85940+31890,28.647723566482572,77.20166467020886,built_up,Medium,39.7771,0.3541471,Cool roof,393479.2083937367,1.0,2.5414303441399263e-06,1152681839.4768193,False
2930,+85974+31880,28.638740413641923,77.23220738986707,built_up,Medium,39.77591,0.39489278,Cool roof,393512.20943580836,1.0,2.5412172126342245e-06,1153075351.686255,False
2931,+85936+31866,28.626163999665007,77.1980714090726,built_up,Medium,39.774475,0.29862386,Cool roof,393558.39468167134,1.0,2.5409189932509185e-06,1153468910.0809367,False
2932,+85942+31884,28.642333674778182,77.203461300777,built_up,Medium,39.773468,0.3065094,Cool roof,393499.01017700526,1.0,2.5413024534678655e-06,1153862409.0911136,False
2933,+85984+31836,28.599214541143052,77.24119054270773,built_up,Medium,39.773285,0.3700772,Cool roof,393657.2993635989,1.0,2.540280598420599e-06,1154256066.3904772,False
2934,+85977+31881,28.639638728925988,77.23490233571927,built_up,Medium,39.77292,0.21401171,Cool roof,393508.9097658637,1.0,2.5412385213717176e-06,1154649575.3002431,False
2935,+85986+31865,28.625265684380942,77.24298717327586,built_up,Medium,39.772247,0.3972305,Cool roof,393561.6929039662,1.0,2.540897699217927e-06,1155043136.9931471,False
2936,+86018+31894,28.651316827618835,77.27173326236594,built_up,Medium,39.770966,0.24744292,Cool roof,393466.00527491106,1.0,2.5415156242057283e-06,1155436602.9984221,False
2937,+85993+31879,28.637842098357854,77.24927538026432,built_up,Medium,39.7706,0.30539453,Cool roof,393515.50900924753,1.0,2.5411959048772846e-06,1155830118.5074315,False
2938,+85948+31874,28.63335052193753,77.20885119248138,built_up,Medium,39.770294,0.34967524,Cool roof,393532.00542884105,1.0,2.541089380799604e-06,1156223650.5128603,False
2939,+85933+31887,28.645028620630377,77.1953764632204,built_up,Medium,39.770203,0.31751218,Cool roof,393489.10971962346,1.0,2.5413663943902783e-06,1156617139.6225798,False
2940,+85985+31883,28.641435359494118,77.24208885799179,built_up,Medium,39.76889,0.33772233,Cool roof,393502.3101364616,1.0,2.541281141788501e-06,1157010641.9327164,False
2941,+85981+31848,28.609994324551835,77.23849559685553,built_up,Medium,39.768036,0.3858171,Cool roof,393617.74791557674,1.0,2.540535850569625e-06,1157404259.6806319,False
2942,+85946+31887,28.645028620630377,77.20705456191325,built_up,Medium,39.76718,0.3894204,Cool roof,393489.10971962346,1.0,2.5413663943902783e-06,1157797748.7903514,False
2943,+85997+31878,28.63694378307379,77.25286864140058,built_up,Medium,39.766266,0.42271048,Cool roof,393518.80848618085,1.0,2.5411745981008603e-06,1158191267.5988376,False
2944,+85947+31860,28.620774107960617,77.20795287719731,built_up,Medium,39.765472,0.33969077,Cool roof,393578.1825676959,1.0,2.5407912437524376e-06,1158584845.7814052,False
2945,+85987+31861,28.621672423244682,77.24388548855993,built_up,Medium,39.76413,0.31676954,Cool roof,393574.88482798473,1.0,2.5408125328857267e-06,1158978420.6662333,False
2946,+86015+31884,28.642333674778182,77.26903831651376,built_up,Medium,39.763367,0.22232822,Cool roof,393499.01017700526,1.0,2.5413024534678655e-06,1159371919.6764102,False
2947,+85984+31891,28.64862188176664,77.24119054270773,built_up,Medium,39.759674,0.39040318,Cool roof,393475.90775877645,1.0,2.5414516626849184e-06,1159765395.584169,False
2948,+85965+31820,28.584841496598006,77.22412255231049,built_up,Medium,39.756927,0.31240058,Cool roof,393710.01300361863,1.0,2.5399404815005527e-06,1160159105.5971725,False
2949,+85973+31867,28.62706231494907,77.23130907458301,built_up,Medium,39.75644,0.31218764,Cool roof,393555.0963628619,1.0,2.5409402882639576e-06,1160552660.6935353,False
2950,+85966+31878,28.63694378307379,77.22502086759455,built_up,Medium,39.756256,0.2753661,Cool roof,393518.80848618085,1.0,2.5411745981008603e-06,1160946179.5020216,False
2951,+85987+31826,28.5902313883024,77.24388548855993,built_up,Medium,39.75589,0.22037238,Cool roof,393690.24828483176,1.0,2.540067995985788e-06,1161339869.7503064,False
2952,+85946+31847,28.60909600926777,77.20705456191325,built_up,Medium,39.755127,0.18157756,Cool roof,393621.04440049216,1.0,2.540514574171354e-06,1161733490.7947068,False
2953,+85969+31822,28.586638127166136,77.22771581344675,built_up,Medium,39.75415,0.3057316,Cool roof,393703.4251501983,1.0,2.5399829824149967e-06,1162127194.219857,False
2954,+85956+31850,28.611790955119965,77.21603771475391,built_up,Medium,39.753754,0.23970687,Cool roof,393611.1546561666,1.0,2.540578406304404e-06,1162520805.3745131,False
2955,+85968+31855,28.61628253154029,77.22681749816269,built_up,Medium,39.752533,0.33969036,Cool roof,393594.6698184574,1.0,2.540684812782761e-06,1162914400.0443316,False
2956,+85946+31857,28.61807916210842,77.20705456191325,built_up,Medium,39.75113,0.3238686,Cool roof,393588.07520771434,1.0,2.5407273822314218e-06,1163307988.1195393,False
2957,+85960+31850,28.611790955119965,77.21963097589017,built_up,Medium,39.750458,0.2227459,Cool roof,393611.1546561666,1.0,2.540578406304404e-06,1163701599.2741954,False
2958,+85943+31843,28.605502748131507,77.20435961606105,built_up,Medium,39.749542,0.3114096,Cool roof,393634.22937487165,1.0,2.54042947837157e-06,1164095233.5035703,False
2959,+85948+31860,28.620774107960617,77.20885119248138,built_up,Medium,39.74405,0.2578421,Cool roof,393578.1825676959,1.0,2.5407912437524376e-06,1164488811.686138,False
2960,+85984+31873,28.632452206653465,77.24119054270773,built_up,Medium,39.74002,0.2941557,Cool roof,393535.3044232345,1.0,2.5410680789252197e-06,1164882346.9905612,False
2961,+85946+31879,28.637842098357854,77.20705456191325,built_up,Medium,39.738434,0.39652836,Cool roof,393515.50900924753,1.0,2.5411959048772846e-06,1165275862.4995706,False
2962,+85950+31855,28.61628253154029,77.21064782304951,built_up,Medium,39.73636,0.24320957,Cool roof,393594.6698184574,1.0,2.540684812782761e-06,1165669457.169389,False
2963,+85989+31867,28.62706231494907,77.24568211912806,built_up,Medium,39.735687,0.35238796,Cool roof,393555.0963628619,1.0,2.5409402882639576e-06,1166063012.2657518,False
2964,+85956+31877,28.636045467789724,77.21603771475391,built_up,Medium,39.734802,0.35525525,Cool roof,393522.10786660743,1.0,2.5411532923049165e-06,1166456534.3736184,False
2965,+85989+31869,28.628858945517205,77.24568211912806,built_up,Medium,39.732574,0.2942722,Cool roof,393548.4994357017,1.0,2.5409828812303243e-06,1166850082.873054,False
2966,+85995+31870,28.62975726080127,77.25107201083244,built_up,Medium,39.730286,0.21796247,Cool roof,393545.20082735224,1.0,2.541004179183724e-06,1167243628.0738814,False
2967,+85935+31849,28.6108926398359,77.19717309378854,built_up,Medium,39.730164,0.39224344,Cool roof,393614.4513341348,1.0,2.5405571279472957e-06,1167637242.5252156,False
2968,+85950+31856,28.617180846824354,77.21064782304951,built_up,High,39.729706,0.13446419,Cool roof,393591.3725613467,1.0,2.540706097017246e-06,1168030833.897777,False
2969,+86015+31887,28.645028620630377,77.26903831651376,built_up,Medium,39.724884,0.35841513,Cool roof,393489.10971962346,1.0,2.5413663943902783e-06,1168424323.0074966,False
2970,+85951+31869,28.628858945517205,77.21154613833357,built_up,Medium,39.72168,0.26117322,Cool roof,393548.4994357017,1.0,2.5409828812303243e-06,1168817871.5069323,False
2971,+85965+31878,28.63694378307379,77.22412255231049,built_up,Medium,39.72168,0.31451586,Cool roof,393518.80848618085,1.0,2.5411745981008603e-06,1169211390.3154185,False
2972,+85986+31827,28.591129703586464,77.24298717327586,built_up,Medium,39.71945,0.25091204,Cool roof,393686.95382713445,1.0,2.5400892518249255e-06,1169605077.2692456,False
2973,+85974+31867,28.62706231494907,77.23220738986707,built_up,Medium,39.71939,0.3572789,Cool roof,393555.0963628619,1.0,2.5409402882639576e-06,1169998632.3656085,False
2974,+85946+31868,28.627960630233137,77.20705456191325,built_up,Medium,39.718597,0.3354352,Cool roof,393551.7979475385,1.0,2.5409615842570807e-06,1170392184.163556,False
2975,+85981+31822,28.586638127166136,77.23849559685553,built_up,Medium,39.716156,0.2713638,Cool roof,393703.4251501983,1.0,2.5399829824149967e-06,1170785887.5887063,False
2976,+85967+31820,28.584841496598006,77.22591918287863,built_up,Medium,39.71585,0.35523686,Cool roof,393710.01300361863,1.0,2.5399404815005527e-06,1171179597.6017098,False
2977,+85942+31855,28.61628253154029,77.203461300777,built_up,Medium,39.714386,0.3226327,Cool roof,393594.6698184574,1.0,2.540684812782761e-06,1171573192.2715282,False
2978,+85940+31897,28.65401177347103,77.20166467020886,built_up,Medium,39.714203,0.33470038,Cool roof,393456.10192258324,1.0,2.5415795945560422e-06,1171966648.3734508,False
2979,+85959+31864,28.624367369096877,77.2187326606061,built_up,Medium,39.709167,0.37829193,Cool roof,393564.99102974543,1.0,2.540876406164949e-06,1172360213.3644805,False
2980,+85967+31822,28.586638127166136,77.22591918287863,built_up,Medium,39.705475,0.36857805,Cool roof,393703.4251501983,1.0,2.5399829824149967e-06,1172753916.7896307,False
2981,+85989+31866,28.626163999665007,77.24568211912806,built_up,Medium,39.703033,0.2847839,Cool roof,393558.39468167134,1.0,2.5409189932509185e-06,1173147475.1843123,False
2982,+85943+31830,28.59382464943866,77.20435961606105,built_up,Medium,39.70224,0.29911065,Cool roof,393677.0698747999,1.0,2.540153025214365e-06,1173541152.254187,False
2983,+85982+31859,28.619875792676552,77.2393939121396,built_up,Medium,39.699615,0.40278763,Cool roof,393581.4802108883,1.0,2.5407699555989813e-06,1173934733.734398,False
2984,+85983+31872,28.6315538913694,77.24029222742367,built_up,Medium,39.699493,0.34729815,Cool roof,393538.6033211179,1.0,2.5410467780311365e-06,1174328272.337719,False
2985,+85952+31822,28.586638127166136,77.21244445361764,built_up,Medium,39.697052,0.38063058,Cool roof,393703.4251501983,1.0,2.5399829824149967e-06,1174721975.7628691,False
2986,+85948+31884,28.642333674778182,77.20885119248138,built_up,Medium,39.696808,0.23958011,Cool roof,393499.01017700526,1.0,2.5413024534678655e-06,1175115474.773046,False
2987,+85973+31880,28.638740413641923,77.23130907458301,built_up,Medium,39.696564,0.41642198,Cool roof,393512.20943580836,1.0,2.5412172126342245e-06,1175508986.9824817,False
2988,+85986+31881,28.639638728925988,77.24298717327586,built_up,Medium,39.694977,0.38477045,Cool roof,393508.9097658637,1.0,2.5412385213717176e-06,1175902495.8922477,False
2989,+85995+31825,28.589333073018334,77.25107201083244,built_up,Medium,39.694366,0.3393825,Cool roof,393693.54264598736,1.0,2.5400467411252633e-06,1176296189.4348936,False
2990,+85952+31875,28.634248837221595,77.21244445361764,built_up,Medium,39.694305,0.25468963,Cool roof,393528.7063379382,1.0,2.5411106836543245e-06,1176689718.1412315,False
2991,+85961+31869,28.628858945517205,77.22052929117423,built_up,Medium,39.694214,0.30298564,Cool roof,393548.4994357017,1.0,2.5409828812303243e-06,1177083266.6406672,False
2992,+85987+31878,28.63694378307379,77.24388548855993,built_up,Medium,39.69403,0.28023186,Cool roof,393518.80848618085,1.0,2.5411745981008603e-06,1177476785.4491534,False
2993,+85946+31867,28.62706231494907,77.20705456191325,built_up,Medium,39.693817,0.4014011,Cool roof,393555.0963628619,1.0,2.5409402882639576e-06,1177870340.5455163,False
2994,+85982+31821,28.58573981188207,77.2393939121396,built_up,Medium,39.69211,0.2712111,Cool roof,393706.7191251809,1.0,2.5399617314685587e-06,1178264047.2646415,False
2995,+85949+31857,28.61807916210842,77.20974950776545,built_up,Medium,39.69101,0.22934963,Cool roof,393588.07520771434,1.0,2.5407273822314218e-06,1178657635.3398492,False
2996,+85945+31873,28.632452206653465,77.20615624662919,built_up,Medium,39.68988,0.35653856,Cool roof,393535.3044232345,1.0,2.5410680789252197e-06,1179051170.6442726,False
2997,+85981+31855,28.61628253154029,77.23849559685553,built_up,Medium,39.686127,0.31669912,Cool roof,393594.6698184574,1.0,2.540684812782761e-06,1179444765.314091,False
2998,+85995+31894,28.651316827618835,77.25107201083244,built_up,Medium,39.68405,0.36070293,Cool roof,393466.00527491106,1.0,2.5415156242057283e-06,1179838231.319366,False
2999,+85941+31890,28.647723566482572,77.20256298549292,built_up,Medium,39.682373,0.24937825,Cool roof,393479.2083937367,1.0,2.5414303441399263e-06,1180231710.5277598,False
3000,+85975+31880,28.638740413641923,77.23310570515115,built_up,Medium,39.681488,0.42483976,Cool roof,393512.20943580836,1.0,2.5412172126342245e-06,1180625222.7371955,False
3001,+85996+31826,28.5902313883024,77.2519703261165,built_up,Medium,39.677124,0.38467538,Cool roof,393690.24828483176,1.0,2.540067995985788e-06,1181018912.9854803,False
3002,+85946+31870,28.62975726080127,77.20705456191325,built_up,Medium,39.675262,0.2982479,Cool roof,393545.20082735224,1.0,2.541004179183724e-06,1181412458.1863077,False
3003,+85945+31868,28.627960630233137,77.20615624662919,built_up,Medium,39.67044,0.33224398,Cool roof,393551.7979475385,1.0,2.5409615842570807e-06,1181806009.9842553,False
3004,+85941+31888,28.645926935914442,77.20256298549292,built_up,Medium,39.670135,0.38766217,Cool roof,393485.8093741609,1.0,2.541387709992642e-06,1182199495.7936294,False
3005,+85947+31884,28.642333674778182,77.20795287719731,built_up,Medium,39.669952,0.3395073,Cool roof,393499.01017700526,1.0,2.5413024534678655e-06,1182592994.8038063,False
3006,+85980+31848,28.609994324551835,77.23759728157147,built_up,Medium,39.669586,0.3772321,Cool roof,393617.74791557674,1.0,2.540535850569625e-06,1182986612.5517218,False
3007,+85946+31891,28.64862188176664,77.20705456191325,built_up,Medium,39.668,0.34351268,Cool roof,393475.90775877645,1.0,2.5414516626849184e-06,1183380088.4594805,False
3008,+85983+31877,28.636045467789724,77.24029222742367,built_up,Medium,39.66742,0.40117025,Cool roof,393522.10786660743,1.0,2.5411532923049165e-06,1183773610.567347,False
3009,+85987+31827,28.591129703586464,77.24388548855993,built_up,Medium,39.66562,0.26674142,Cool roof,393686.95382713445,1.0,2.5400892518249255e-06,1184167297.5211742,False
3010,+85998+31880,28.638740413641923,77.25376695668464,built_up,Medium,39.665405,0.43928796,Cool roof,393512.20943580836,1.0,2.5412172126342245e-06,1184560809.73061,False
3011,+85935+31898,28.654910088755095,77.19717309378854,built_up,Medium,39.66208,0.30407622,Cool roof,393452.80061215203,1.0,2.541600919968428e-06,1184954262.531222,False
3012,+85966+31825,28.589333073018334,77.22502086759455,built_up,Medium,39.660095,0.23640005,Cool roof,393693.54264598736,1.0,2.5400467411252633e-06,1185347956.073868,False
3013,+85967+31823,28.5875364424502,77.22591918287863,built_up,Medium,39.65982,0.3669169,Cool roof,393700.13107867143,1.0,2.540004234339902e-06,1185741656.2049468,False
3014,+85986+31828,28.59202801887053,77.24298717327586,built_up,Medium,39.658722,0.36271915,Cool roof,393683.65927289636,1.0,2.5401105086427096e-06,1186135339.8642197,False
3015,+85987+31828,28.59202801887053,77.24388548855993,built_up,Medium,39.6586,0.35052314,Cool roof,393683.65927289636,1.0,2.5401105086427096e-06,1186529023.5234926,False
3016,+85983+31851,28.61268927040403,77.24029222742367,built_up,Medium,39.655365,0.40876323,Cool roof,393607.8578816729,1.0,2.5405996856409857e-06,1186922631.3813744,False
3017,+85976+31873,28.632452206653465,77.23400402043521,built_up,Medium,39.65509,0.28127092,Cool roof,393535.3044232345,1.0,2.5410680789252197e-06,1187316166.6857977,False
3018,+85941+31880,28.638740413641923,77.20256298549292,built_up,Medium,39.653595,0.34437856,Cool roof,393512.20943580836,1.0,2.5412172126342245e-06,1187709678.8952334,False
3019,+85966+31872,28.6315538913694,77.22502086759455,built_up,Medium,39.651947,0.34613773,Cool roof,393538.6033211179,1.0,2.5410467780311365e-06,1188103217.4985545,False
3020,+85956+31854,28.615384216256224,77.21603771475391,built_up,Medium,39.65103,0.33269954,Cool roof,393597.9669790461,1.0,2.5406635295279275e-06,1188496815.4655335,False
3021,+85974+31873,28.632452206653465,77.23220738986707,built_up,Medium,39.650116,0.36992064,Cool roof,393535.3044232345,1.0,2.5410680789252197e-06,1188890350.7699568,False
3022,+85945+31871,28.630655576085335,77.20615624662919,built_up,Medium,39.647278,0.29724243,Cool roof,393541.90212249075,1.0,2.541025478117316e-06,1189283892.6720793,False
3023,+85958+31857,28.61807916210842,77.21783434532203,built_up,Medium,39.646027,0.27424657,Cool roof,393588.07520771434,1.0,2.5407273822314218e-06,1189677480.747287,False
3024,+85989+31868,28.627960630233137,77.24568211912806,built_up,Medium,39.64569,0.27723956,Cool roof,393551.7979475385,1.0,2.5409615842570807e-06,1190071032.5452347,False
3025,+85947+31858,28.618977477392487,77.20795287719731,built_up,Medium,39.64508,0.3218234,Cool roof,393584.7777575614,1.0,2.5407486684253207e-06,1190464617.3229923,False
3026,+85983+31870,28.62975726080127,77.24029222742367,built_up,Medium,39.643982,0.42476532,Cool roof,393545.20082735224,1.0,2.541004179183724e-06,1190858162.5238197,False
3027,+85978+31881,28.639638728925988,77.23580065100334,built_up,Medium,39.643463,0.17804286,Cool roof,393508.9097658637,1.0,2.5412385213717176e-06,1191251671.4335856,False
3028,+86016+31895,28.6522151429029,77.26993663179782,built_up,Medium,39.642,0.30032215,Cool roof,393462.7042539635,1.0,2.5415369466747284e-06,1191645134.1378396,False
3029,+85946+31869,28.628858945517205,77.20705456191325,built_up,Medium,39.64157,0.2817418,Cool roof,393548.4994357017,1.0,2.5409828812303243e-06,1192038682.6372752,False
3030,+85949+31848,28.609994324551835,77.20974950776545,built_up,Medium,39.64023,0.15728308,Cool roof,393617.74791557674,1.0,2.540535850569625e-06,1192432300.3851907,False
3031,+85955+31863,28.623469053812812,77.21513939946983,built_up,Medium,39.637665,0.3161255,Cool roof,393568.2890590088,1.0,2.5408551140919464e-06,1192825868.6742496,False
3032,+86027+31847,28.60909600926777,77.27981809992254,built_up,Medium,39.637543,0.23769099,Cool roof,393621.04440049216,1.0,2.540514574171354e-06,1193219489.71865,False
3033,+85967+31833,28.596519595290854,77.22591918287863,built_up,Medium,39.636078,0.30169517,Cool roof,393667.18505361537,1.0,2.5402168074126e-06,1193613156.9037037,False
3034,+86018+31888,28.645926935914442,77.27173326236594,built_up,Medium,39.635223,0.29815346,Cool roof,393485.8093741609,1.0,2.541387709992642e-06,1194006642.7130778,False
3035,+85940+31848,28.609994324551835,77.20166467020886,built_up,Medium,39.63492,0.35533717,Cool roof,393617.74791557674,1.0,2.540535850569625e-06,1194400260.4609933,False
3036,+85959+31865,28.625265684380942,77.2187326606061,built_up,Medium,39.63437,0.3519656,Cool roof,393561.6929039662,1.0,2.540897699217927e-06,1194793822.1538973,False
3037,+85938+31852,28.613587585688094,77.19986803964073,built_up,Medium,39.631256,0.25330812,Cool roof,393604.5610106546,1.0,2.5406209659570757e-06,1195187426.714908,False
3038,+85937+31864,28.624367369096877,77.19896972435666,built_up,Medium,39.63092,0.41293803,Cool roof,393564.99102974543,1.0,2.540876406164949e-06,1195580991.7059376,False
3039,+86015+31889,28.646825251198507,77.26903831651376,built_up,Medium,39.63086,0.3314641,Cool roof,393482.5089321985,1.0,2.5414090265758455e-06,1195974474.2148697,False
3040,+85980+31822,28.586638127166136,77.23759728157147,built_up,Medium,39.62555,0.22723357,Cool roof,393703.4251501983,1.0,2.5399829824149967e-06,1196368177.64002,False
3041,+85959+31870,28.62975726080127,77.2187326606061,built_up,Medium,39.625336,0.34731412,Cool roof,393545.20082735224,1.0,2.541004179183724e-06,1196761722.8408473,False
3042,+85936+31830,28.59382464943866,77.1980714090726,built_up,Medium,39.622253,0.39580458,Cool roof,393677.0698747999,1.0,2.540153025214365e-06,1197155399.910722,False
3043,+85985+31828,28.59202801887053,77.24208885799179,built_up,Medium,39.62143,0.23875478,Cool roof,393683.65927289636,1.0,2.5401105086427096e-06,1197549083.569995,False
3044,+85934+31886,28.644130305346312,77.19627477850447,built_up,Medium,39.618866,0.26385027,Cool roof,393492.40996858553,1.0,2.541345079768718e-06,1197942575.9799635,False
3045,+85947+31869,28.628858945517205,77.20795287719731,built_up,Medium,39.61734,0.31800178,Cool roof,393548.4994357017,1.0,2.5409828812303243e-06,1198336124.4793992,False
3046,+85985+31867,28.62706231494907,77.24208885799179,built_up,Medium,39.615936,0.37623367,Cool roof,393555.0963628619,1.0,2.5409402882639576e-06,1198729679.575762,False
3047,+85982+31865,28.625265684380942,77.2393939121396,built_up,Medium,39.615814,0.385919,Cool roof,393561.6929039662,1.0,2.540897699217927e-06,1199123241.268666,False
3048,+85970+31827,28.591129703586464,77.22861412873081,built_up,Medium,39.61209,0.3617704,Cool roof,393686.95382713445,1.0,2.5400892518249255e-06,1199516928.2224932,False
3049,+85935+31846,28.6081976939837,77.19717309378854,built_up,Medium,39.61081,0.33617717,Cool roof,393624.3407888798,1.0,2.540493298752451e-06,1199910552.563282,False
3050,+85998+31881,28.639638728925988,77.25376695668464,built_up,Medium,39.609894,0.42575794,Cool roof,393508.9097658637,1.0,2.5412385213717176e-06,1200304061.473048,False
3051,+85994+31822,28.586638127166136,77.25017369554838,built_up,Medium,39.60962,0.2919438,Cool roof,393703.4251501983,1.0,2.5399829824149967e-06,1200697764.8981981,False
3052,+85947+31848,28.609994324551835,77.20795287719731,built_up,Medium,39.608795,0.16006005,Cool roof,393617.74791557674,1.0,2.540535850569625e-06,1201091382.6461136,False
3053,+85981+31891,28.64862188176664,77.23849559685553,built_up,Medium,39.608612,0.35781497,Cool roof,393475.90775877645,1.0,2.5414516626849184e-06,1201484858.5538723,False
3054,+85977+31847,28.60909600926777,77.23490233571927,built_up,Medium,39.607605,0.33774042,Cool roof,393621.04440049216,1.0,2.540514574171354e-06,1201878479.5982728,False
3055,+85983+31834,28.59741791057492,77.24029222742367,built_up,Medium,39.607574,0.3923592,Cool roof,393663.8899201458,1.0,2.540238070103023e-06,1202272143.488193,False
3056,+85969+31855,28.61628253154029,77.22771581344675,built_up,Medium,39.606964,0.25435546,Cool roof,393594.6698184574,1.0,2.540684812782761e-06,1202665738.1580114,False
3057,+85973+31876,28.63514715250566,77.23130907458301,built_up,Medium,39.605316,0.3116158,Cool roof,393525.4071505268,1.0,2.5411319874894163e-06,1203059263.565162,False
3058,+85977+31873,28.632452206653465,77.23490233571927,built_up,Medium,39.603546,0.3713255,Cool roof,393535.3044232345,1.0,2.5410680789252197e-06,1203452798.8695853,False
3059,+85977+31869,28.628858945517205,77.23490233571927,built_up,Medium,39.602356,0.35246614,Cool roof,393548.4994357017,1.0,2.5409828812303243e-06,1203846347.369021,False
3060,+85996+31821,28.58573981188207,77.2519703261165,built_up,Medium,39.6019,0.35531667,Cool roof,393706.7191251809,1.0,2.5399617314685587e-06,1204240054.0881462,False
3061,+85946+31859,28.619875792676552,77.20705456191325,built_up,Medium,39.601105,0.44487822,Cool roof,393581.4802108883,1.0,2.5407699555989813e-06,1204633635.568357,False
3062,+85996+31894,28.651316827618835,77.2519703261165,built_up,Medium,39.60025,0.35136944,Cool roof,393466.00527491106,1.0,2.5415156242057283e-06,1205027101.573632,False
3063,+85947+31868,28.627960630233137,77.20795287719731,built_up,Medium,39.598663,0.32091168,Cool roof,393551.7979475385,1.0,2.5409615842570807e-06,1205420653.3715796,False
3064,+85946+31886,28.644130305346312,77.20705456191325,built_up,Medium,39.595947,0.41389537,Cool roof,393492.40996858553,1.0,2.541345079768718e-06,1205814145.7815483,False
3065,+85967+31826,28.5902313883024,77.22591918287863,built_up,Medium,39.59561,0.3480996,Cool roof,393690.24828483176,1.0,2.540067995985788e-06,1206207836.029833,False
3066,+85941+31879,28.637842098357854,77.20256298549292,built_up,Medium,39.594635,0.3738619,Cool roof,393515.50900924753,1.0,2.5411959048772846e-06,1206601351.5388424,False
3067,+86017+31894,28.651316827618835,77.27083494708188,built_up,Medium,39.59427,0.3318008,Cool roof,393466.00527491106,1.0,2.5415156242057283e-06,1206994817.5441175,False
3068,+85960+31865,28.625265684380942,77.21963097589017,built_up,Medium,39.593475,0.37876773,Cool roof,393561.6929039662,1.0,2.540897699217927e-06,1207388379.2370214,False
3069,+85971+31856,28.617180846824354,77.22951244401489,built_up,Medium,39.593292,0.2912582,Cool roof,393591.3725613467,1.0,2.540706097017246e-06,1207781970.609583,False
3070,+86006+31831,28.594722964722724,77.26095347895716,built_up,Medium,39.591614,0.51506144,Cool roof,393673.77503094316,1.0,2.5401742849683066e-06,1208175644.3846138,False
3071,+85933+31856,28.617180846824354,77.1953764632204,built_up,Medium,39.586212,0.31525713,Cool roof,393591.3725613467,1.0,2.540706097017246e-06,1208569235.7571752,False
3072,+85983+31869,28.628858945517205,77.24029222742367,built_up,Medium,39.585724,0.33095294,Cool roof,393548.4994357017,1.0,2.5409828812303243e-06,1208962784.2566109,False
3073,+85945+31872,28.6315538913694,77.20615624662919,built_up,Medium,39.58438,0.2817542,Cool roof,393538.6033211179,1.0,2.5410467780311365e-06,1209356322.859932,False
3074,+85980+31819,28.58394318131394,77.23759728157147,built_up,Medium,39.583557,0.33136132,Cool roof,393713.30678551074,1.0,2.5399192325109433e-06,1209750036.1667175,False
3075,+85955+31877,28.636045467789724,77.21513939946983,built_up,Medium,39.583344,0.3277014,Cool roof,393522.10786660743,1.0,2.5411532923049165e-06,1210143558.274584,False
3076,+85952+31849,28.6108926398359,77.21244445361764,built_up,Medium,39.582672,0.26851463,Cool roof,393614.4513341348,1.0,2.5405571279472957e-06,1210537172.7259183,False
3077,+85984+31827,28.591129703586464,77.24119054270773,built_up,Medium,39.581635,0.30899715,Cool roof,393686.95382713445,1.0,2.5400892518249255e-06,1210930859.6797454,False
3078,+85979+31848,28.609994324551835,77.2366989662874,built_up,Medium,39.580902,0.406801,Cool roof,393617.74791557674,1.0,2.540535850569625e-06,1211324477.427661,False
3079,+85953+31872,28.6315538913694,77.21334276890171,built_up,Medium,39.580597,0.33371708,Cool roof,393538.6033211179,1.0,2.5410467780311365e-06,1211718016.030982,False
3080,+85940+31832,28.59562128000679,77.20166467020886,built_up,Medium,39.57962,0.38308224,Cool roof,393670.48009054805,1.0,2.5401955457010397e-06,1212111686.5110726,False
3081,+85951+31875,28.634248837221595,77.21154613833357,built_up,Medium,39.57956,0.23984551,Cool roof,393528.7063379382,1.0,2.5411106836543245e-06,1212505215.2174106,False
3082,+85985+31832,28.59562128000679,77.24208885799179,built_up,Medium,39.57376,0.42432413,Cool roof,393670.48009054805,1.0,2.5401955457010397e-06,1212898885.6975012,False
3083,+85971+31868,28.627960630233137,77.22951244401489,built_up,Medium,39.571808,0.32950908,Cool roof,393551.7979475385,1.0,2.5409615842570807e-06,1213292437.4954488,False
3084,+85952+31879,28.637842098357854,77.21244445361764,built_up,Medium,39.570465,0.3531746,Cool roof,393515.50900924753,1.0,2.5411959048772846e-06,1213685953.0044582,False
3085,+85982+31864,28.624367369096877,77.2393939121396,built_up,Medium,39.57022,0.31575298,Cool roof,393564.99102974543,1.0,2.540876406164949e-06,1214079517.995488,False
3086,+85976+31881,28.639638728925988,77.23400402043521,built_up,Medium,39.566162,0.3263873,Cool roof,393508.9097658637,1.0,2.5412385213717176e-06,1214473026.905254,False
3087,+85986+31867,28.62706231494907,77.24298717327586,built_up,Medium,39.56357,0.30853105,Cool roof,393555.0963628619,1.0,2.5409402882639576e-06,1214866582.0016167,False
3088,+85975+31824,28.58843475773427,77.23310570515115,built_up,Medium,39.560852,0.38990235,Cool roof,393696.8369106009,1.0,2.5400254872433124e-06,1215260278.8385272,False
3089,+85997+31856,28.617180846824354,77.25286864140058,built_up,Medium,39.557343,0.3264186,Cool roof,393591.3725613467,1.0,2.540706097017246e-06,1215653870.2110887,False
3090,+85951+31857,28.61807916210842,77.21154613833357,built_up,Medium,39.556244,0.32677472,Cool roof,393588.07520771434,1.0,2.5407273822314218e-06,1216047458.2862964,False
3091,+85956+31849,28.6108926398359,77.21603771475391,built_up,Medium,39.556213,0.20650908,Cool roof,393614.4513341348,1.0,2.5405571279472957e-06,1216441072.7376306,False
3092,+85997+31820,28.584841496598006,77.25286864140058,built_up,Medium,39.55612,0.27156422,Cool roof,393710.01300361863,1.0,2.5399404815005527e-06,1216834782.7506342,False
3093,+85981+31820,28.584841496598006,77.23849559685553,built_up,Medium,39.555267,0.29496595,Cool roof,393710.01300361863,1.0,2.5399404815005527e-06,1217228492.7636378,False
3094,+85968+31824,28.58843475773427,77.22681749816269,built_up,Medium,39.55487,0.38872385,Cool roof,393696.8369106009,1.0,2.5400254872433124e-06,1217622189.6005483,False
3095,+85982+31877,28.636045467789724,77.2393939121396,built_up,Medium,39.554718,0.35361472,Cool roof,393522.10786660743,1.0,2.5411532923049165e-06,1218015711.7084148,False
3096,+85988+31865,28.625265684380942,77.24478380384399,built_up,Medium,39.55356,0.40092242,Cool roof,393561.6929039662,1.0,2.540897699217927e-06,1218409273.4013188,False
3097,+85953+31870,28.62975726080127,77.21334276890171,built_up,Medium,39.55185,0.25748804,Cool roof,393545.20082735224,1.0,2.541004179183724e-06,1218802818.6021461,False
3098,+85961+31862,28.622570738528747,77.22052929117423,built_up,Medium,39.549286,0.24242449,Cool roof,393571.58699175547,1.0,2.5408338229988843e-06,1219196390.189138,False
3099,+85987+31819,28.58394318131394,77.24388548855993,built_up,Medium,39.542664,0.29423606,Cool roof,393713.30678551074,1.0,2.5399192325109433e-06,1219590103.4959235,False
3100,+85975+31873,28.632452206653465,77.23310570515115,built_up,Medium,39.53775,0.29736286,Cool roof,393535.3044232345,1.0,2.5410680789252197e-06,1219983638.8003469,False
3101,+85940+31893,28.65041851233477,77.20166467020886,built_up,Medium,39.537384,0.39178774,Cool roof,393469.30619936297,1.0,2.5414943027177834e-06,1220377108.1065462,False
3102,+85955+31857,28.61807916210842,77.21513939946983,built_up,Medium,39.536896,0.38971397,Cool roof,393588.07520771434,1.0,2.5407273822314218e-06,1220770696.1817539,False
3103,+85939+31874,28.63335052193753,77.2007663549248,built_up,Medium,39.53665,0.33234334,Cool roof,393532.00542884105,1.0,2.541089380799604e-06,1221164228.1871827,False
3104,+86007+31830,28.59382464943866,77.26185179424122,built_up,Medium,39.535034,0.46238095,Cool roof,393677.0698747999,1.0,2.540153025214365e-06,1221557905.2570574,False
3105,+85945+31886,28.644130305346312,77.20615624662919,built_up,Medium,39.528046,0.4566652,Cool roof,393492.40996858553,1.0,2.541345079768718e-06,1221951397.667026,False
3106,+85942+31891,28.64862188176664,77.203461300777,built_up,Medium,39.52542,0.2242313,Cool roof,393475.90775877645,1.0,2.5414516626849184e-06,1222344873.5747848,False
3107,+86015+31883,28.641435359494118,77.26903831651376,built_up,Medium,39.523163,0.24302864,Cool roof,393502.3101364616,1.0,2.541281141788501e-06,1222738375.8849213,False
3108,+85968+31876,28.63514715250566,77.22681749816269,built_up,Medium,39.517853,0.29566547,Cool roof,393525.4071505268,1.0,2.5411319874894163e-06,1223131901.2920718,False
3109,+85933+31886,28.644130305346312,77.1953764632204,built_up,Medium,39.516693,0.3255356,Cool roof,393492.40996858553,1.0,2.541345079768718e-06,1223525393.7020404,False
3110,+85980+31877,28.636045467789724,77.23759728157147,built_up,Medium,39.516052,0.412283,Cool roof,393522.10786660743,1.0,2.5411532923049165e-06,1223918915.809907,False
3111,+85984+31826,28.5902313883024,77.24119054270773,built_up,Medium,39.514862,0.27749282,Cool roof,393690.24828483176,1.0,2.540067995985788e-06,1224312606.0581918,False
3112,+85995+31821,28.58573981188207,77.25107201083244,built_up,Medium,39.514557,0.3324174,Cool roof,393706.7191251809,1.0,2.5399617314685587e-06,1224706312.777317,False
3113,+85978+31847,28.60909600926777,77.23580065100334,built_up,Medium,39.514496,0.20813203,Cool roof,393621.04440049216,1.0,2.540514574171354e-06,1225099933.8217175,False
3114,+85944+31829,28.592926334154594,77.20525793134512,built_up,Medium,39.514313,0.36175656,Cool roof,393680.36462211795,1.0,2.5401317664391776e-06,1225493614.1863396,False
3115,+85967+31819,28.58394318131394,77.22591918287863,built_up,Medium,39.513824,0.35333258,Cool roof,393713.30678551074,1.0,2.5399192325109433e-06,1225887327.4931252,False
3116,+85976+31848,28.609994324551835,77.23400402043521,built_up,Medium,39.511932,0.35115317,Cool roof,393617.74791557674,1.0,2.540535850569625e-06,1226280945.2410407,False
3117,+85979+31877,28.636045467789724,77.2366989662874,built_up,Medium,39.511566,0.37066865,Cool roof,393522.10786660743,1.0,2.5411532923049165e-06,1226674467.3489072,False
3118,+85954+31871,28.630655576085335,77.21424108418577,built_up,Medium,39.511475,0.356154,Cool roof,393541.90212249075,1.0,2.541025478117316e-06,1227068009.2510297,False
3119,+85975+31861,28.621672423244682,77.23310570515115,built_up,Medium,39.511383,0.3863259,Cool roof,393574.88482798473,1.0,2.5408125328857267e-06,1227461584.1358578,False
3120,+85952+31870,28.62975726080127,77.21244445361764,built_up,Medium,39.510956,0.2752996,Cool roof,393545.20082735224,1.0,2.541004179183724e-06,1227855129.3366852,False
3121,+85985+31826,28.5902313883024,77.24208885799179,built_up,Medium,39.508636,0.22338063,Cool roof,393690.24828483176,1.0,2.540067995985788e-06,1228248819.58497,False
3122,+85966+31824,28.58843475773427,77.22502086759455,built_up,Medium,39.508575,0.3672906,Cool roof,393696.8369106009,1.0,2.5400254872433124e-06,1228642516.4218805,False
3123,+85935+31866,28.626163999665007,77.19717309378854,built_up,Medium,39.507538,0.35481223,Cool roof,393558.39468167134,1.0,2.5409189932509185e-06,1229036074.8165622,False
3124,+85944+31843,28.605502748131507,77.20525793134512,built_up,Medium,39.50525,0.4287763,Cool roof,393634.22937487165,1.0,2.54042947837157e-06,1229429709.045937,False
3125,+85966+31822,28.586638127166136,77.22502086759455,built_up,Medium,39.502655,0.3655356,Cool roof,393703.4251501983,1.0,2.5399829824149967e-06,1229823412.4710872,False
3126,+85994+31825,28.589333073018334,77.25017369554838,built_up,Medium,39.50009,0.34774035,Cool roof,393693.54264598736,1.0,2.5400467411252633e-06,1230217106.0137331,False
3127,+85974+31825,28.589333073018334,77.23220738986707,built_up,Medium,39.496674,0.30349377,Cool roof,393693.54264598736,1.0,2.5400467411252633e-06,1230610799.556379,False
3128,+85948+31879,28.637842098357854,77.20885119248138,built_up,Medium,39.49637,0.37836194,Cool roof,393515.50900924753,1.0,2.5411959048772846e-06,1231004315.0653884,False
3129,+85976+31847,28.60909600926777,77.23400402043521,built_up,Medium,39.495514,0.29287127,Cool roof,393621.04440049216,1.0,2.540514574171354e-06,1231397936.109789,False
3130,+85933+31865,28.625265684380942,77.1953764632204,built_up,Medium,39.49341,0.28150952,Cool roof,393561.6929039662,1.0,2.540897699217927e-06,1231791497.802693,False
3131,+85952+31869,28.628858945517205,77.21244445361764,built_up,Medium,39.490723,0.29229674,Cool roof,393548.4994357017,1.0,2.5409828812303243e-06,1232185046.3021286,False
3132,+85967+31878,28.63694378307379,77.22591918287863,built_up,Medium,39.490387,0.18490003,Cool roof,393518.80848618085,1.0,2.5411745981008603e-06,1232578565.1106148,False
3133,+85977+31879,28.637842098357854,77.23490233571927,built_up,Medium,39.48929,0.30546036,Cool roof,393515.50900924753,1.0,2.5411959048772846e-06,1232972080.6196241,False
3134,+85975+31872,28.6315538913694,77.23310570515115,built_up,Medium,39.48819,0.31862244,Cool roof,393538.6033211179,1.0,2.5410467780311365e-06,1233365619.2229452,False
3135,+85967+31882,28.640537044210053,77.22591918287863,built_up,Medium,39.48642,0.33928043,Cool roof,393505.6099994146,1.0,2.5412598310897976e-06,1233759124.8329446,False
3136,+85978+31878,28.63694378307379,77.23580065100334,built_up,Medium,39.48575,0.41449213,Cool roof,393518.80848618085,1.0,2.5411745981008603e-06,1234152643.6414309,False
3137,+85984+31875,28.634248837221595,77.24119054270773,built_up,Medium,39.483246,0.3857819,Cool roof,393528.7063379382,1.0,2.5411106836543245e-06,1234546172.3477688,False
3138,+85955+31849,28.6108926398359,77.21513939946983,built_up,Medium,39.481964,0.23060721,Cool roof,393614.4513341348,1.0,2.5405571279472957e-06,1234939786.799103,False
3139,+85978+31877,28.636045467789724,77.23580065100334,built_up,Medium,39.48047,0.39183834,Cool roof,393522.10786660743,1.0,2.5411532923049165e-06,1235333308.9069695,False
3140,+85945+31887,28.645028620630377,77.20615624662919,built_up,Medium,39.479706,0.38062197,Cool roof,393489.10971962346,1.0,2.5413663943902783e-06,1235726798.016689,False
3141,+85997+31891,28.64862188176664,77.25286864140058,built_up,Medium,39.478546,0.3412477,Cool roof,393475.90775877645,1.0,2.5414516626849184e-06,1236120273.9244478,False
3142,+85983+31876,28.63514715250566,77.24029222742367,built_up,Medium,39.478424,0.41040117,Cool roof,393525.4071505268,1.0,2.5411319874894163e-06,1236513799.3315983,False
3143,+86018+31895,28.6522151429029,77.27173326236594,built_up,Medium,39.477142,0.2706776,Cool roof,393462.7042539635,1.0,2.5415369466747284e-06,1236907262.0358522,False
3144,+85964+31854,28.615384216256224,77.22322423702643,built_up,High,39.476837,0.12791462,Cool roof,393597.9669790461,1.0,2.5406635295279275e-06,1237300860.0028312,False
3145,+85972+31824,28.58843475773427,77.23041075929895,built_up,Medium,39.47647,0.36069968,Cool roof,393696.8369106009,1.0,2.5400254872433124e-06,1237694556.8397417,False
3146,+85946+31871,28.630655576085335,77.20705456191325,built_up,Medium,39.475433,0.352052,Cool roof,393541.90212249075,1.0,2.541025478117316e-06,1238088098.7418642,False
3147,+85953+31880,28.638740413641923,77.21334276890171,built_up,Medium,39.473907,0.26390356,Cool roof,393512.20943580836,1.0,2.5412172126342245e-06,1238481610.9513,False
3148,+85997+31892,28.649520197050705,77.25286864140058,built_up,Medium,39.472992,0.35657233,Cool roof,393472.6070273184,1.0,2.5414729822108584e-06,1238875083.5583272,False
3149,+85946+31827,28.591129703586464,77.20705456191325,built_up,Medium,39.472504,0.39720678,Cool roof,393686.95382713445,1.0,2.5400892518249255e-06,1239268770.5121543,False
3150,+85973+31877,28.636045467789724,77.23130907458301,built_up,Medium,39.47177,0.3293006,Cool roof,393522.10786660743,1.0,2.5411532923049165e-06,1239662292.6200209,False
3151,+86000+31887,28.645028620630377,77.25556358725278,built_up,Medium,39.469604,0.28445134,Cool roof,393489.10971962346,1.0,2.5413663943902783e-06,1240055781.7297404,False
3152,+85994+31824,28.58843475773427,77.25017369554838,built_up,Medium,39.468597,0.37187913,Cool roof,393696.8369106009,1.0,2.5400254872433124e-06,1240449478.5666509,False
3153,+85978+31875,28.634248837221595,77.23580065100334,built_up,Medium,39.46109,0.36545086,Cool roof,393528.7063379382,1.0,2.5411106836543245e-06,1240843007.2729888,False
3154,+85967+31876,28.63514715250566,77.22591918287863,built_up,Medium,39.460724,0.25289816,Cool roof,393525.4071505268,1.0,2.5411319874894163e-06,1241236532.6801393,False
3155,+85979+31866,28.626163999665007,77.2366989662874,built_up,Medium,39.45981,0.39991814,Cool roof,393558.39468167134,1.0,2.5409189932509185e-06,1241630091.074821,False
3156,+85935+31829,28.592926334154594,77.19717309378854,built_up,Medium,39.456696,0.40841663,Cool roof,393680.36462211795,1.0,2.5401317664391776e-06,1242023771.439443,False
3157,+85944+31899,28.65580840403916,77.20525793134512,built_up,Medium,39.455414,0.2955414,Cool roof,393449.49920522765,1.0,2.541622246362014e-06,1242417220.9386482,False
3158,+85980+31874,28.63335052193753,77.23759728157147,built_up,Medium,39.455353,0.39002043,Cool roof,393532.00542884105,1.0,2.541089380799604e-06,1242810752.944077,False
3159,+85936+31874,28.63335052193753,77.1980714090726,built_up,Medium,39.454742,0.3835177,Cool roof,393532.00542884105,1.0,2.541089380799604e-06,1243204284.9495058,False
3160,+85948+31848,28.609994324551835,77.20885119248138,built_up,Medium,39.45456,0.18032454,Cool roof,393617.74791557674,1.0,2.540535850569625e-06,1243597902.6974213,False
3161,+85996+31893,28.65041851233477,77.2519703261165,built_up,Medium,39.45401,0.33753943,Cool roof,393469.30619936297,1.0,2.5414943027177834e-06,1243991372.0036206,False
3162,+85976+31880,28.638740413641923,77.23400402043521,built_up,Medium,39.451202,0.3046615,Cool roof,393512.20943580836,1.0,2.5412172126342245e-06,1244384884.2130563,False
3163,+85947+31825,28.589333073018334,77.20795287719731,built_up,Medium,39.449738,0.46844023,Cool roof,393693.54264598736,1.0,2.5400467411252633e-06,1244778577.7557023,False
3164,+85971+31839,28.601909486995247,77.22951244401489,built_up,Medium,39.44925,0.3920811,Cool roof,393647.41280476865,1.0,2.540344398239332e-06,1245172225.168507,False
3165,+86014+31887,28.645028620630377,77.26814000122968,built_up,Medium,39.447998,0.39679947,Cool roof,393489.10971962346,1.0,2.5413663943902783e-06,1245565714.2782266,False
3166,+85988+31866,28.626163999665007,77.24478380384399,built_up,Medium,39.44632,0.32330412,Cool roof,393558.39468167134,1.0,2.5409189932509185e-06,1245959272.6729083,False
3167,+85987+31829,28.592926334154594,77.24388548855993,built_up,Medium,39.44571,0.39526364,Cool roof,393680.36462211795,1.0,2.5401317664391776e-06,1246352953.0375304,False
3168,+85970+31875,28.634248837221595,77.22861412873081,built_up,Medium,39.444855,0.3626347,Cool roof,393528.7063379382,1.0,2.5411106836543245e-06,1246746481.7438684,False
3169,+85983+31875,28.634248837221595,77.24029222742367,built_up,Medium,39.443573,0.37036514,Cool roof,393528.7063379382,1.0,2.5411106836543245e-06,1247140010.4502063,False
3170,+85988+31827,28.591129703586464,77.24478380384399,built_up,Medium,39.443542,0.29781714,Cool roof,393686.95382713445,1.0,2.5400892518249255e-06,1247533697.4040334,False
3171,+85971+31876,28.63514715250566,77.22951244401489,built_up,Medium,39.44333,0.43467933,Cool roof,393525.4071505268,1.0,2.5411319874894163e-06,1247927222.811184,False
3172,+85938+31819,28.58394318131394,77.19986803964073,built_up,Medium,39.442596,0.41663703,Cool roof,393713.30678551074,1.0,2.5399192325109433e-06,1248320936.1179695,False
3173,+85948+31869,28.628858945517205,77.20885119248138,built_up,Medium,39.442444,0.38443613,Cool roof,393548.4994357017,1.0,2.5409828812303243e-06,1248714484.6174052,False
3174,+85935+31830,28.59382464943866,77.19717309378854,built_up,Medium,39.440277,0.3919551,Cool roof,393677.0698747999,1.0,2.540153025214365e-06,1249108161.68728,False
3175,+85952+31863,28.623469053812812,77.21244445361764,built_up,Medium,39.440277,0.4094819,Cool roof,393568.2890590088,1.0,2.5408551140919464e-06,1249501729.9763389,False
3176,+85969+31875,28.634248837221595,77.22771581344675,built_up,Medium,39.43921,0.29138887,Cool roof,393528.7063379382,1.0,2.5411106836543245e-06,1249895258.6826768,False
3177,+85942+31871,28.630655576085335,77.203461300777,built_up,Medium,39.438385,0.38957334,Cool roof,393541.90212249075,1.0,2.541025478117316e-06,1250288800.5847993,False
3178,+85952+31874,28.63335052193753,77.21244445361764,built_up,Medium,39.437744,0.33878472,Cool roof,393532.00542884105,1.0,2.541089380799604e-06,1250682332.590228,False
3179,+85996+31872,28.6315538913694,77.2519703261165,built_up,Medium,39.436584,0.41305712,Cool roof,393538.6033211179,1.0,2.5410467780311365e-06,1251075871.1935492,False
3180,+85994+31826,28.5902313883024,77.25017369554838,built_up,Medium,39.433807,0.31325492,Cool roof,393690.24828483176,1.0,2.540067995985788e-06,1251469561.441834,False
3181,+85943+31880,28.638740413641923,77.20435961606105,built_up,Medium,39.43283,0.33481437,Cool roof,393512.20943580836,1.0,2.5412172126342245e-06,1251863073.6512697,False
3182,+85936+31833,28.596519595290854,77.1980714090726,built_up,Medium,39.428436,0.44926447,Cool roof,393667.18505361537,1.0,2.5402168074126e-06,1252256740.8363233,False
3183,+85964+31844,28.60640106341557,77.22322423702643,built_up,Medium,39.423615,0.33664614,Cool roof,393630.93327607034,1.0,2.5404507508525932e-06,1252650371.7695994,False
3184,+85991+31820,28.584841496598006,77.24747874969619,built_up,Medium,39.421234,0.25771278,Cool roof,393710.01300361863,1.0,2.5399404815005527e-06,1253044081.782603,False
3185,+85983+31899,28.65580840403916,77.24029222742367,built_up,Medium,39.41983,0.43051848,Cool roof,393449.49920522765,1.0,2.541622246362014e-06,1253437531.2818081,False
3186,+85950+31877,28.636045467789724,77.21064782304951,built_up,Medium,39.41635,0.4103787,Cool roof,393522.10786660743,1.0,2.5411532923049165e-06,1253831053.3896747,False
3187,+85993+31894,28.651316827618835,77.24927538026432,built_up,Medium,39.416016,0.39550278,Cool roof,393466.00527491106,1.0,2.5415156242057283e-06,1254224519.3949497,False
3188,+85998+31893,28.65041851233477,77.25376695668464,built_up,Medium,39.413727,0.40399507,Cool roof,393469.30619936297,1.0,2.5414943027177834e-06,1254617988.701149,False
3189,+85961+31865,28.625265684380942,77.22052929117423,built_up,Medium,39.41336,0.33026394,Cool roof,393561.6929039662,1.0,2.540897699217927e-06,1255011550.394053,False
3190,+86015+31888,28.645926935914442,77.26903831651376,built_up,Medium,39.41031,0.3198473,Cool roof,393485.8093741609,1.0,2.541387709992642e-06,1255405036.203427,False
3191,+85977+31880,28.638740413641923,77.23490233571927,built_up,Medium,39.409515,0.25651526,Cool roof,393512.20943580836,1.0,2.5412172126342245e-06,1255798548.4128628,False
3192,+85939+31866,28.626163999665007,77.2007663549248,built_up,Medium,39.4086,0.3665775,Cool roof,393558.39468167134,1.0,2.5409189932509185e-06,1256192106.8075445,False
3193,+85987+31820,28.584841496598006,77.24388548855993,built_up,Medium,39.407043,0.2700916,Cool roof,393710.01300361863,1.0,2.5399404815005527e-06,1256585816.820548,False
3194,+85937+31846,28.6081976939837,77.19896972435666,built_up,Medium,39.406647,0.40230852,Cool roof,393624.3407888798,1.0,2.540493298752451e-06,1256979441.161337,False
3195,+85972+31823,28.5875364424502,77.23041075929895,built_up,Medium,39.40439,0.3396561,Cool roof,393700.13107867143,1.0,2.540004234339902e-06,1257373141.2924156,False
3196,+85983+31845,28.607299378699636,77.24029222742367,built_up,Medium,39.4032,0.42151004,Cool roof,393627.6370807394,1.0,2.5404720243128756e-06,1257766768.9294963,False
3197,+85980+31878,28.63694378307379,77.23759728157147,built_up,Medium,39.402344,0.32608417,Cool roof,393518.80848618085,1.0,2.5411745981008603e-06,1258160287.7379825,False
3198,+85953+31878,28.63694378307379,77.21334276890171,built_up,Medium,39.400787,0.3570205,Cool roof,393518.80848618085,1.0,2.5411745981008603e-06,1258553806.5464687,False
3199,+85982+31848,28.609994324551835,77.2393939121396,built_up,Medium,39.399933,0.34182215,Cool roof,393617.74791557674,1.0,2.540535850569625e-06,1258947424.2943842,False
3200,+85949+31875,28.634248837221595,77.20974950776545,built_up,Medium,39.398895,0.25144112,Cool roof,393528.7063379382,1.0,2.5411106836543245e-06,1259340953.0007222,False
3201,+85959+31868,28.627960630233137,77.2187326606061,built_up,Medium,39.39749,0.30423385,Cool roof,393551.7979475385,1.0,2.5409615842570807e-06,1259734504.7986698,False
3202,+85995+31842,28.60460443284744,77.25107201083244,built_up,Medium,39.395172,0.26863635,Cool roof,393637.5253771429,1.0,2.540408206869767e-06,1260128142.3240469,False
3203,+85934+31846,28.6081976939837,77.19627477850447,built_up,Medium,39.393555,0.30148113,Cool roof,393624.3407888798,1.0,2.540493298752451e-06,1260521766.6648357,False
3204,+85969+31819,28.58394318131394,77.22771581344675,built_up,Medium,39.393524,0.4038756,Cool roof,393713.30678551074,1.0,2.5399192325109433e-06,1260915479.9716213,False
3205,+85935+31858,28.618977477392487,77.19717309378854,built_up,Medium,39.392242,0.3039293,Cool roof,393584.7777575614,1.0,2.5407486684253207e-06,1261309064.749379,False
3206,+85945+31859,28.619875792676552,77.20615624662919,built_up,Medium,39.391113,0.38339502,Cool roof,393581.4802108883,1.0,2.5407699555989813e-06,1261702646.2295897,False
3207,+85967+31877,28.636045467789724,77.22591918287863,built_up,Medium,39.390625,0.36996686,Cool roof,393522.10786660743,1.0,2.5411532923049165e-06,1262096168.3374562,False
3208,+85947+31879,28.637842098357854,77.20795287719731,built_up,Medium,39.386566,0.40505248,Cool roof,393515.50900924753,1.0,2.5411959048772846e-06,1262489683.8464656,False
3209,+85938+31848,28.609994324551835,77.19986803964073,built_up,Medium,39.38611,0.3848088,Cool roof,393617.74791557674,1.0,2.540535850569625e-06,1262883301.594381,False
3210,+85944+31879,28.637842098357854,77.20525793134512,built_up,Medium,39.384552,0.3878721,Cool roof,393515.50900924753,1.0,2.5411959048772846e-06,1263276817.1033905,False
3211,+85952+31864,28.624367369096877,77.21244445361764,built_up,Medium,39.38437,0.27539042,Cool roof,393564.99102974543,1.0,2.540876406164949e-06,1263670382.0944202,False
3212,+85947+31891,28.64862188176664,77.20795287719731,built_up,Medium,39.38321,0.35253942,Cool roof,393475.90775877645,1.0,2.5414516626849184e-06,1264063858.002179,False
3213,+85995+31895,28.6522151429029,77.25107201083244,built_up,Medium,39.380035,0.3792421,Cool roof,393462.7042539635,1.0,2.5415369466747284e-06,1264457320.7064328,False
3214,+85934+31867,28.62706231494907,77.19627477850447,built_up,Medium,39.37973,0.40675238,Cool roof,393555.0963628619,1.0,2.5409402882639576e-06,1264850875.8027956,False
3215,+85953+31865,28.625265684380942,77.21334276890171,built_up,Medium,39.379486,0.35262337,Cool roof,393561.6929039662,1.0,2.540897699217927e-06,1265244437.4956996,False
3216,+85942+31829,28.592926334154594,77.203461300777,built_up,Medium,39.378754,0.43322378,Cool roof,393680.36462211795,1.0,2.5401317664391776e-06,1265638117.8603218,False
3217,+85959+31867,28.62706231494907,77.2187326606061,built_up,Medium,39.374756,0.3908449,Cool roof,393555.0963628619,1.0,2.5409402882639576e-06,1266031672.9566846,False
3218,+85968+31881,28.639638728925988,77.22681749816269,built_up,Medium,39.373566,0.40122363,Cool roof,393508.9097658637,1.0,2.5412385213717176e-06,1266425181.8664505,False
3219,+85934+31849,28.6108926398359,77.19627477850447,built_up,Medium,39.373016,0.36516815,Cool roof,393614.4513341348,1.0,2.5405571279472957e-06,1266818796.3177848,False
3220,+85980+31860,28.620774107960617,77.23759728157147,built_up,Medium,39.372864,0.33427367,Cool roof,393578.1825676959,1.0,2.5407912437524376e-06,1267212374.5003524,False
3221,+85937+31865,28.625265684380942,77.19896972435666,built_up,Medium,39.371124,0.35460865,Cool roof,393561.6929039662,1.0,2.540897699217927e-06,1267605936.1932564,False
3222,+85954+31879,28.637842098357854,77.21424108418577,built_up,Medium,39.368927,0.32933152,Cool roof,393515.50900924753,1.0,2.5411959048772846e-06,1267999451.7022657,False
3223,+86017+31896,28.653113458186965,77.27083494708188,built_up,Medium,39.36792,0.2946759,Cool roof,393459.4031365207,1.0,2.541558270124821e-06,1268392911.1054022,False
3224,+85980+31828,28.59202801887053,77.23759728157147,built_up,Medium,39.365204,0.32361925,Cool roof,393683.65927289636,1.0,2.5401105086427096e-06,1268786594.7646751,False
3225,+85970+31824,28.58843475773427,77.22861412873081,built_up,Medium,39.362946,0.34845284,Cool roof,393696.8369106009,1.0,2.5400254872433124e-06,1269180291.6015856,False
3226,+85987+31830,28.59382464943866,77.24388548855993,built_up,Medium,39.362854,0.33253744,Cool roof,393677.0698747999,1.0,2.540153025214365e-06,1269573968.6714604,False
3227,+85972+31879,28.637842098357854,77.23041075929895,built_up,Medium,39.362274,0.25988686,Cool roof,393515.50900924753,1.0,2.5411959048772846e-06,1269967484.1804698,False
3228,+85954+31862,28.622570738528747,77.21424108418577,built_up,Medium,39.361725,0.35268915,Cool roof,393571.58699175547,1.0,2.5408338229988843e-06,1270361055.7674615,False
3229,+85950+31861,28.621672423244682,77.21064782304951,built_up,Medium,39.360443,0.30651486,Cool roof,393574.88482798473,1.0,2.5408125328857267e-06,1270754630.6522896,False
3230,+85944+31868,28.627960630233137,77.20525793134512,built_up,Medium,39.35962,0.4050473,Cool roof,393551.7979475385,1.0,2.5409615842570807e-06,1271148182.4502373,False
3231,+85954+31870,28.62975726080127,77.21424108418577,built_up,Medium,39.358307,0.29084355,Cool roof,393545.20082735224,1.0,2.541004179183724e-06,1271541727.6510646,False
3232,+85936+31834,28.59741791057492,77.1980714090726,built_up,Medium,39.357147,0.45082983,Cool roof,393663.8899201458,1.0,2.540238070103023e-06,1271935391.5409849,False
3233,+85947+31867,28.62706231494907,77.20795287719731,built_up,Medium,39.357147,0.20596486,Cool roof,393555.0963628619,1.0,2.5409402882639576e-06,1272328946.6373477,False
3234,+85953+31862,28.622570738528747,77.21334276890171,built_up,Medium,39.355286,0.29963696,Cool roof,393571.58699175547,1.0,2.5408338229988843e-06,1272722518.2243395,False
3235,+85968+31880,28.638740413641923,77.22681749816269,built_up,Medium,39.355072,0.32981858,Cool roof,393512.20943580836,1.0,2.5412172126342245e-06,1273116030.4337752,False
3236,+85943+31841,28.603706117563377,77.20435961606105,built_up,Medium,39.35208,0.30292386,Cool roof,393640.8212828831,1.0,2.5403869363471513e-06,1273509671.255058,False
3237,+85943+31856,28.617180846824354,77.20435961606105,built_up,Medium,39.35208,0.29639354,Cool roof,393591.3725613467,1.0,2.540706097017246e-06,1273903262.6276195,False
3238,+85986+31819,28.58394318131394,77.24298717327586,built_up,Medium,39.349976,0.31294212,Cool roof,393713.30678551074,1.0,2.5399192325109433e-06,1274296975.934405,False
3239,+85974+31877,28.636045467789724,77.23220738986707,built_up,Medium,39.349945,0.42840764,Cool roof,393522.10786660743,1.0,2.5411532923049165e-06,1274690498.0422716,False
3240,+85965+31854,28.615384216256224,77.22412255231049,built_up,Medium,39.348846,0.1294021,Cool roof,393597.9669790461,1.0,2.5406635295279275e-06,1275084096.0092506,False
3241,+85943+31847,28.60909600926777,77.20435961606105,built_up,Medium,39.347168,0.33904284,Cool roof,393621.04440049216,1.0,2.540514574171354e-06,1275477717.053651,False
3242,+85980+31820,28.584841496598006,77.23759728157147,built_up,Medium,39.34674,0.32083005,Cool roof,393710.01300361863,1.0,2.5399404815005527e-06,1275871427.0666547,False
3243,+85969+31880,28.638740413641923,77.22771581344675,built_up,Medium,39.346283,0.37779397,Cool roof,393512.20943580836,1.0,2.5412172126342245e-06,1276264939.2760904,False
3244,+85961+31848,28.609994324551835,77.22052929117423,built_up,Medium,39.34613,0.3719431,Cool roof,393617.74791557674,1.0,2.540535850569625e-06,1276658557.024006,False
3245,+85985+31827,28.591129703586464,77.24208885799179,built_up,Medium,39.34555,0.2643757,Cool roof,393686.95382713445,1.0,2.5400892518249255e-06,1277052243.977833,False
3246,+85942+31880,28.638740413641923,77.203461300777,built_up,Medium,39.34262,0.4231427,Cool roof,393512.20943580836,1.0,2.5412172126342245e-06,1277445756.1872687,False
3247,+85964+31870,28.62975726080127,77.22322423702643,built_up,Medium,39.34082,0.23828721,Cool roof,393545.20082735224,1.0,2.541004179183724e-06,1277839301.388096,False
3248,+85937+31863,28.623469053812812,77.19896972435666,built_up,Medium,39.340057,0.4175601,Cool roof,393568.2890590088,1.0,2.5408551140919464e-06,1278232869.677155,False
3249,+85978+31880,28.638740413641923,77.23580065100334,built_up,Medium,39.338104,0.29596975,Cool roof,393512.20943580836,1.0,2.5412172126342245e-06,1278626381.8865907,False
3250,+85955+31868,28.627960630233137,77.21513939946983,built_up,Medium,39.33786,0.29340264,Cool roof,393551.7979475385,1.0,2.5409615842570807e-06,1279019933.6845384,False
3251,+85945+31867,28.62706231494907,77.20615624662919,built_up,Medium,39.336365,0.4076113,Cool roof,393555.0963628619,1.0,2.5409402882639576e-06,1279413488.7809012,False
3252,+85955+31864,28.624367369096877,77.21513939946983,built_up,Medium,39.328857,0.34529534,Cool roof,393564.99102974543,1.0,2.540876406164949e-06,1279807053.771931,False
3253,+86017+31895,28.6522151429029,77.27083494708188,built_up,Medium,39.328033,0.32335502,Cool roof,393462.7042539635,1.0,2.5415369466747284e-06,1280200516.4761848,False
3254,+85934+31847,28.60909600926777,77.19627477850447,built_up,Medium,39.32773,0.31487414,Cool roof,393621.04440049216,1.0,2.540514574171354e-06,1280594137.5205853,False
3255,+85991+31862,28.622570738528747,77.24747874969619,built_up,Medium,39.327606,0.22464077,Cool roof,393571.58699175547,1.0,2.5408338229988843e-06,1280987709.107577,False
3256,+85953+31822,28.586638127166136,77.21334276890171,built_up,Medium,39.327362,0.36105365,Cool roof,393703.4251501983,1.0,2.5399829824149967e-06,1281381412.5327272,False
3257,+85987+31881,28.639638728925988,77.24388548855993,built_up,Medium,39.327362,0.40184787,Cool roof,393508.9097658637,1.0,2.5412385213717176e-06,1281774921.4424932,False
3258,+85985+31835,28.598316225858984,77.24208885799179,built_up,Medium,39.325165,0.4447984,Cool roof,393660.59469014016,1.0,2.5402593337723435e-06,1282168582.0371833,False
3259,+85953+31858,28.618977477392487,77.21334276890171,built_up,Medium,39.325043,0.36749673,Cool roof,393584.7777575614,1.0,2.5407486684253207e-06,1282562166.814941,False
3260,+85984+31829,28.592926334154594,77.24119054270773,built_up,Medium,39.32498,0.33990818,Cool roof,393680.36462211795,1.0,2.5401317664391776e-06,1282955847.179563,False
3261,+85977+31848,28.609994324551835,77.23490233571927,built_up,Medium,39.324158,0.4028217,Cool roof,393617.74791557674,1.0,2.540535850569625e-06,1283349464.9274786,False
3262,+85966+31879,28.637842098357854,77.22502086759455,built_up,Medium,39.323334,0.28541994,Cool roof,393515.50900924753,1.0,2.5411959048772846e-06,1283742980.436488,False
3263,+85978+31846,28.6081976939837,77.23580065100334,built_up,Medium,39.322784,0.31471723,Cool roof,393624.3407888798,1.0,2.540493298752451e-06,1284136604.7772768,False
3264,+85983+31891,28.64862188176664,77.24029222742367,built_up,Medium,39.322357,0.40199295,Cool roof,393475.90775877645,1.0,2.5414516626849184e-06,1284530080.6850355,False
3265,+85985+31825,28.589333073018334,77.24208885799179,built_up,Medium,39.32083,0.1904506,Cool roof,393693.54264598736,1.0,2.5400467411252633e-06,1284923774.2276814,False
3266,+85953+31871,28.630655576085335,77.21334276890171,built_up,Medium,39.320038,0.3365652,Cool roof,393541.90212249075,1.0,2.541025478117316e-06,1285317316.129804,False
3267,+85941+31891,28.64862188176664,77.20256298549292,built_up,Medium,39.318756,0.34367377,Cool roof,393475.90775877645,1.0,2.5414516626849184e-06,1285710792.0375626,False
3268,+85978+31848,28.609994324551835,77.23580065100334,built_up,Medium,39.318146,0.4111054,Cool roof,393617.74791557674,1.0,2.540535850569625e-06,1286104409.785478,False
3269,+85965+31849,28.6108926398359,77.22412255231049,built_up,Medium,39.317352,0.24202083,Cool roof,393614.4513341348,1.0,2.5405571279472957e-06,1286498024.2368124,False
3270,+85974+31879,28.637842098357854,77.23220738986707,built_up,Medium,39.31723,0.4241614,Cool roof,393515.50900924753,1.0,2.5411959048772846e-06,1286891539.7458217,False
3271,+85966+31856,28.617180846824354,77.22502086759455,built_up,Medium,39.313446,0.35102457,Cool roof,393591.3725613467,1.0,2.540706097017246e-06,1287285131.1183832,False
3272,+85974+31869,28.628858945517205,77.23220738986707,built_up,Medium,39.31314,0.3307875,Cool roof,393548.4994357017,1.0,2.5409828812303243e-06,1287678679.6178188,False
3273,+85938+31866,28.626163999665007,77.19986803964073,built_up,Medium,39.309784,0.33115205,Cool roof,393558.39468167134,1.0,2.5409189932509185e-06,1288072238.0125005,False
3274,+85987+31831,28.594722964722724,77.24388548855993,built_up,Medium,39.309235,0.34492612,Cool roof,393673.77503094316,1.0,2.5401742849683066e-06,1288465911.7875314,False
3275,+85947+31847,28.60909600926777,77.20795287719731,built_up,Medium,39.304443,0.30146906,Cool roof,393621.04440049216,1.0,2.540514574171354e-06,1288859532.8319318,False
3276,+85952+31852,28.613587585688094,77.21244445361764,built_up,Medium,39.30423,0.38776767,Cool roof,393604.5610106546,1.0,2.5406209659570757e-06,1289253137.3929424,False
3277,+85990+31863,28.623469053812812,77.24658043441212,built_up,Medium,39.301666,0.37141266,Cool roof,393568.2890590088,1.0,2.5408551140919464e-06,1289646705.6820014,False
3278,+85977+31846,28.6081976939837,77.23490233571927,built_up,Medium,39.30081,0.3646959,Cool roof,393624.3407888798,1.0,2.540493298752451e-06,1290040330.0227902,False
3279,+85973+31869,28.628858945517205,77.23130907458301,built_up,Medium,39.296143,0.3841846,Cool roof,393548.4994357017,1.0,2.5409828812303243e-06,1290433878.5222259,False
3280,+85966+31880,28.638740413641923,77.22502086759455,built_up,Medium,39.296112,0.34758076,Cool roof,393512.20943580836,1.0,2.5412172126342245e-06,1290827390.7316616,False
3281,+85972+31826,28.5902313883024,77.23041075929895,built_up,Medium,39.29599,0.388675,Cool roof,393690.24828483176,1.0,2.540067995985788e-06,1291221080.9799464,False
3282,+85986+31825,28.589333073018334,77.24298717327586,built_up,Medium,39.295563,0.25278404,Cool roof,393693.54264598736,1.0,2.5400467411252633e-06,1291614774.5225923,False
3283,+85937+31853,28.61448590097216,77.19896972435666,built_up,Medium,39.294952,0.27823415,Cool roof,393601.26404311205,1.0,2.5406422472527113e-06,1292008375.7866354,False
3284,+85963+31870,28.62975726080127,77.22232592174235,built_up,Medium,39.29486,0.24714483,Cool roof,393545.20082735224,1.0,2.541004179183724e-06,1292401920.9874628,False
3285,+85952+31880,28.638740413641923,77.21244445361764,built_up,Medium,39.29471,0.34358767,Cool roof,393512.20943580836,1.0,2.5412172126342245e-06,1292795433.1968985,False
3286,+85963+31850,28.611790955119965,77.22232592174235,built_up,Medium,39.29315,0.26917568,Cool roof,393611.1546561666,1.0,2.540578406304404e-06,1293189044.3515546,False
3287,+85946+31876,28.63514715250566,77.20705456191325,built_up,Medium,39.29248,0.34319717,Cool roof,393525.4071505268,1.0,2.5411319874894163e-06,1293582569.7587051,False
3288,+85949+31861,28.621672423244682,77.20974950776545,built_up,Medium,39.28958,0.4227526,Cool roof,393574.88482798473,1.0,2.5408125328857267e-06,1293976144.6435332,False
3289,+85942+31872,28.6315538913694,77.203461300777,built_up,Medium,39.288757,0.3569265,Cool roof,393538.6033211179,1.0,2.5410467780311365e-06,1294369683.2468543,False
3290,+85991+31849,28.6108926398359,77.24747874969619,built_up,Medium,39.287994,0.274613,Cool roof,393614.4513341348,1.0,2.5405571279472957e-06,1294763297.6981885,False
3291,+85956+31869,28.628858945517205,77.21603771475391,built_up,Medium,39.28708,0.3227986,Cool roof,393548.4994357017,1.0,2.5409828812303243e-06,1295156846.1976242,False
3292,+85969+31876,28.63514715250566,77.22771581344675,built_up,Medium,39.286133,0.30766132,Cool roof,393525.4071505268,1.0,2.5411319874894163e-06,1295550371.6047747,False
3293,+85978+31879,28.637842098357854,77.23580065100334,built_up,Medium,39.284332,0.35435393,Cool roof,393515.50900924753,1.0,2.5411959048772846e-06,1295943887.113784,False
3294,+85937+31867,28.62706231494907,77.19896972435666,built_up,Medium,39.28296,0.3997584,Cool roof,393555.0963628619,1.0,2.5409402882639576e-06,1296337442.210147,False
3295,+85982+31892,28.649520197050705,77.2393939121396,built_up,Medium,39.28293,0.3908297,Cool roof,393472.6070273184,1.0,2.5414729822108584e-06,1296730914.8171742,False
3296,+85972+31878,28.63694378307379,77.23041075929895,built_up,Medium,39.282623,0.35551438,Cool roof,393518.80848618085,1.0,2.5411745981008603e-06,1297124433.6256604,False
3297,+86000+31894,28.651316827618835,77.25556358725278,built_up,Medium,39.281586,0.37557998,Cool roof,393466.00527491106,1.0,2.5415156242057283e-06,1297517899.6309354,False
3298,+85984+31821,28.58573981188207,77.24119054270773,built_up,Medium,39.28067,0.21156454,Cool roof,393706.7191251809,1.0,2.5399617314685587e-06,1297911606.3500607,False
3299,+85966+31823,28.5875364424502,77.22502086759455,built_up,Medium,39.279083,0.3534936,Cool roof,393700.13107867143,1.0,2.540004234339902e-06,1298305306.4811394,False
3300,+85968+31819,28.58394318131394,77.22681749816269,built_up,Medium,39.27838,0.33682826,Cool roof,393713.30678551074,1.0,2.5399192325109433e-06,1298699019.787925,False
3301,+85996+31870,28.62975726080127,77.2519703261165,built_up,Medium,39.2771,0.41459814,Cool roof,393545.20082735224,1.0,2.541004179183724e-06,1299092564.9887524,False
3302,+86008+31838,28.601011171711182,77.2627501095253,built_up,Medium,39.274384,0.14901274,Cool roof,393650.70842091256,1.0,2.540323130654057e-06,1299486215.6971734,False
3303,+85968+31882,28.640537044210053,77.22681749816269,built_up,Medium,39.272736,0.28402188,Cool roof,393505.6099994146,1.0,2.5412598310897976e-06,1299879721.3071728,False
3304,+86002+31884,28.642333674778182,77.2573602178209,built_up,Medium,39.269135,0.32421705,Cool roof,393499.01017700526,1.0,2.5413024534678655e-06,1300273220.3173497,False
3305,+85961+31866,28.626163999665007,77.22052929117423,built_up,Medium,39.267944,0.3691511,Cool roof,393558.39468167134,1.0,2.5409189932509185e-06,1300666778.7120314,False
3306,+85968+31823,28.5875364424502,77.22681749816269,built_up,Medium,39.26758,0.41758725,Cool roof,393700.13107867143,1.0,2.540004234339902e-06,1301060478.84311,False
3307,+85978+31876,28.63514715250566,77.23580065100334,built_up,Medium,39.2666,0.44910434,Cool roof,393525.4071505268,1.0,2.5411319874894163e-06,1301454004.2502606,False
3308,+86024+31835,28.598316225858984,77.27712315407034,built_up,Medium,39.26651,0.34940112,Cool roof,393660.59469014016,1.0,2.5402593337723435e-06,1301847664.8449507,False
3309,+85989+31865,28.625265684380942,77.24568211912806,built_up,Medium,39.263916,0.35367155,Cool roof,393561.6929039662,1.0,2.540897699217927e-06,1302241226.5378547,False
3310,+85950+31878,28.63694378307379,77.21064782304951,built_up,Medium,39.26352,0.42097187,Cool roof,393518.80848618085,1.0,2.5411745981008603e-06,1302634745.346341,False
3311,+85968+31872,28.6315538913694,77.22681749816269,built_up,Medium,39.26053,0.23236682,Cool roof,393538.6033211179,1.0,2.5410467780311365e-06,1303028283.949662,False
3312,+85942+31842,28.60460443284744,77.203461300777,built_up,Medium,39.259857,0.38084212,Cool roof,393637.5253771429,1.0,2.540408206869767e-06,1303421921.475039,False
3313,+85935+31847,28.60909600926777,77.19717309378854,built_up,Medium,39.255463,0.31755668,Cool roof,393621.04440049216,1.0,2.540514574171354e-06,1303815542.5194395,False
3314,+85979+31873,28.632452206653465,77.2366989662874,built_up,Medium,39.254303,0.46382746,Cool roof,393535.3044232345,1.0,2.5410680789252197e-06,1304209077.8238628,False
3315,+85955+31867,28.62706231494907,77.21513939946983,built_up,Medium,39.254242,0.4053542,Cool roof,393555.0963628619,1.0,2.5409402882639576e-06,1304602632.9202256,False
3316,+85975+31823,28.5875364424502,77.23310570515115,built_up,Medium,39.25403,0.37382168,Cool roof,393700.13107867143,1.0,2.540004234339902e-06,1304996333.0513043,False
3317,+85942+31834,28.59741791057492,77.203461300777,built_up,Medium,39.253296,0.38202703,Cool roof,393663.8899201458,1.0,2.540238070103023e-06,1305389996.9412246,False
3318,+85964+31820,28.584841496598006,77.22322423702643,built_up,Medium,39.251434,0.34737584,Cool roof,393710.01300361863,1.0,2.5399404815005527e-06,1305783706.9542282,False
3319,+85983+31837,28.600112856427117,77.24029222742367,built_up,Medium,39.249054,0.2929663,Cool roof,393654.0039405227,1.0,2.5403018640478256e-06,1306177360.9581687,False
3320,+85941+31878,28.63694378307379,77.20256298549292,built_up,Medium,39.248627,0.41342402,Cool roof,393518.80848618085,1.0,2.5411745981008603e-06,1306570879.766655,False
3321,+85945+31878,28.63694378307379,77.20615624662919,built_up,Medium,39.24649,0.41610923,Cool roof,393518.80848618085,1.0,2.5411745981008603e-06,1306964398.5751412,False
3322,+85979+31855,28.61628253154029,77.2366989662874,built_up,Medium,39.24469,0.35165036,Cool roof,393594.6698184574,1.0,2.540684812782761e-06,1307357993.2449596,False
3323,+85975+31822,28.586638127166136,77.23310570515115,built_up,Medium,39.242584,0.33841276,Cool roof,393703.4251501983,1.0,2.5399829824149967e-06,1307751696.6701097,False
3324,+85974+31876,28.63514715250566,77.23220738986707,built_up,Medium,39.242096,0.44821352,Cool roof,393525.4071505268,1.0,2.5411319874894163e-06,1308145222.0772603,False
3325,+85948+31873,28.632452206653465,77.20885119248138,built_up,Medium,39.241486,0.41712934,Cool roof,393535.3044232345,1.0,2.5410680789252197e-06,1308538757.3816836,False
3326,+85986+31820,28.584841496598006,77.24298717327586,built_up,Medium,39.240112,0.28147772,Cool roof,393710.01300361863,1.0,2.5399404815005527e-06,1308932467.3946872,False
3327,+85940+31857,28.61807916210842,77.20166467020886,built_up,Medium,39.23886,0.39485136,Cool roof,393588.07520771434,1.0,2.5407273822314218e-06,1309326055.469895,False
3328,+85949+31874,28.63335052193753,77.20974950776545,built_up,Medium,39.237946,0.3910018,Cool roof,393532.00542884105,1.0,2.541089380799604e-06,1309719587.4753237,False
3329,+85969+31823,28.5875364424502,77.22771581344675,built_up,Medium,39.23697,0.37035313,Cool roof,393700.13107867143,1.0,2.540004234339902e-06,1310113287.6064024,False
3330,+85938+31854,28.615384216256224,77.19986803964073,built_up,Medium,39.2352,0.30666357,Cool roof,393597.9669790461,1.0,2.5406635295279275e-06,1310506885.5733814,False
3331,+85972+31822,28.586638127166136,77.23041075929895,built_up,Medium,39.234833,0.2647473,Cool roof,393703.4251501983,1.0,2.5399829824149967e-06,1310900588.9985316,False
3332,+85978+31870,28.62975726080127,77.23580065100334,built_up,Medium,39.23456,0.3838557,Cool roof,393545.20082735224,1.0,2.541004179183724e-06,1311294134.199359,False
3333,+85984+31819,28.58394318131394,77.24119054270773,built_up,Medium,39.232086,0.36341223,Cool roof,393713.30678551074,1.0,2.5399192325109433e-06,1311687847.5061445,False
3334,+85990+31820,28.584841496598006,77.24658043441212,built_up,Medium,39.23123,0.2921462,Cool roof,393710.01300361863,1.0,2.5399404815005527e-06,1312081557.519148,False
3335,+85988+31826,28.5902313883024,77.24478380384399,built_up,Medium,39.227386,0.23990557,Cool roof,393690.24828483176,1.0,2.540067995985788e-06,1312475247.767433,False
3336,+85991+31819,28.58394318131394,77.24747874969619,built_up,Medium,39.226654,0.23125772,Cool roof,393713.30678551074,1.0,2.5399192325109433e-06,1312868961.0742185,False
3337,+85981+31876,28.63514715250566,77.23849559685553,built_up,Medium,39.224915,0.39283574,Cool roof,393525.4071505268,1.0,2.5411319874894163e-06,1313262486.481369,False
3338,+85980+31855,28.61628253154029,77.23759728157147,built_up,Medium,39.224823,0.38609338,Cool roof,393594.6698184574,1.0,2.540684812782761e-06,1313656081.1511874,False
3339,+85984+31820,28.584841496598006,77.24119054270773,built_up,Medium,39.220245,0.27595288,Cool roof,393710.01300361863,1.0,2.5399404815005527e-06,1314049791.164191,False
3340,+85967+31872,28.6315538913694,77.22591918287863,built_up,Medium,39.21924,0.29392248,Cool roof,393538.6033211179,1.0,2.5410467780311365e-06,1314443329.767512,False
3341,+85950+31848,28.609994324551835,77.21064782304951,built_up,Medium,39.21753,0.2906873,Cool roof,393617.74791557674,1.0,2.540535850569625e-06,1314836947.5154276,False
3342,+85979+31878,28.63694378307379,77.2366989662874,built_up,Medium,39.216278,0.32893527,Cool roof,393518.80848618085,1.0,2.5411745981008603e-06,1315230466.3239138,False
3343,+85985+31870,28.62975726080127,77.24208885799179,built_up,Medium,39.214874,0.40318507,Cool roof,393545.20082735224,1.0,2.541004179183724e-06,1315624011.5247412,False
3344,+85937+31848,28.609994324551835,77.19896972435666,built_up,Medium,39.214325,0.40117073,Cool roof,393617.74791557674,1.0,2.540535850569625e-06,1316017629.2726567,False
3345,+85960+31866,28.626163999665007,77.21963097589017,built_up,Medium,39.21344,0.3687568,Cool roof,393558.39468167134,1.0,2.5409189932509185e-06,1316411187.6673384,False
3346,+85971+31880,28.638740413641923,77.22951244401489,built_up,Medium,39.213287,0.37967253,Cool roof,393512.20943580836,1.0,2.5412172126342245e-06,1316804699.876774,False
3347,+85967+31879,28.637842098357854,77.22591918287863,built_up,Medium,39.212616,0.45895633,Cool roof,393515.50900924753,1.0,2.5411959048772846e-06,1317198215.3857834,False
3348,+85955+31869,28.628858945517205,77.21513939946983,built_up,Medium,39.21231,0.24977987,Cool roof,393548.4994357017,1.0,2.5409828812303243e-06,1317591763.885219,False
3349,+85984+31837,28.600112856427117,77.24119054270773,built_up,Medium,39.210785,0.32662854,Cool roof,393654.0039405227,1.0,2.5403018640478256e-06,1317985417.8891597,False
3350,+85946+31866,28.626163999665007,77.20705456191325,built_up,Medium,39.209564,0.39737666,Cool roof,393558.39468167134,1.0,2.5409189932509185e-06,1318378976.2838414,False
3351,+85959+31866,28.626163999665007,77.2187326606061,built_up,Medium,39.20816,0.36003602,Cool roof,393558.39468167134,1.0,2.5409189932509185e-06,1318772534.678523,False
3352,+85963+31823,28.5875364424502,77.22232592174235,built_up,Medium,39.20041,0.39626855,Cool roof,393700.13107867143,1.0,2.540004234339902e-06,1319166234.8096018,False
3353,+85980+31873,28.632452206653465,77.23759728157147,built_up,Medium,39.199524,0.41829237,Cool roof,393535.3044232345,1.0,2.5410680789252197e-06,1319559770.114025,False
3354,+85951+31863,28.623469053812812,77.21154613833357,built_up,Medium,39.197113,0.29185054,Cool roof,393568.2890590088,1.0,2.5408551140919464e-06,1319953338.403084,False
3355,+85953+31879,28.637842098357854,77.21334276890171,built_up,Medium,39.193848,0.365535,Cool roof,393515.50900924753,1.0,2.5411959048772846e-06,1320346853.9120934,False
3356,+85938+31847,28.60909600926777,77.19986803964073,built_up,Medium,39.19339,0.39541045,Cool roof,393621.04440049216,1.0,2.540514574171354e-06,1320740474.9564939,False
3357,+85954+31866,28.626163999665007,77.21424108418577,built_up,Medium,39.18875,0.29548177,Cool roof,393558.39468167134,1.0,2.5409189932509185e-06,1321134033.3511755,False
3358,+85950+31873,28.632452206653465,77.21064782304951,built_up,Medium,39.18747,0.39618012,Cool roof,393535.3044232345,1.0,2.5410680789252197e-06,1321527568.6555989,False
3359,+85962+31820,28.584841496598006,77.22142760645829,built_up,Medium,39.186707,0.3324278,Cool roof,393710.01300361863,1.0,2.5399404815005527e-06,1321921278.6686025,False
3360,+85982+31830,28.59382464943866,77.2393939121396,built_up,Medium,39.185913,0.34893665,Cool roof,393677.0698747999,1.0,2.540153025214365e-06,1322314955.7384772,False
3361,+85980+31876,28.63514715250566,77.23759728157147,built_up,Medium,39.183533,0.33420402,Cool roof,393525.4071505268,1.0,2.5411319874894163e-06,1322708481.1456277,False
3362,+85961+31825,28.589333073018334,77.22052929117423,built_up,Medium,39.177277,0.3492444,Cool roof,393693.54264598736,1.0,2.5400467411252633e-06,1323102174.6882737,False
3363,+85943+31829,28.592926334154594,77.20435961606105,built_up,Medium,39.176758,0.40500566,Cool roof,393680.36462211795,1.0,2.5401317664391776e-06,1323495855.0528958,False
3364,+85963+31819,28.58394318131394,77.22232592174235,built_up,Medium,39.176605,0.37729898,Cool roof,393713.30678551074,1.0,2.5399192325109433e-06,1323889568.3596814,False
3365,+85937+31847,28.60909600926777,77.19896972435666,built_up,Medium,39.176117,0.39952734,Cool roof,393621.04440049216,1.0,2.540514574171354e-06,1324283189.4040818,False
3366,+85962+31825,28.589333073018334,77.22142760645829,built_up,Medium,39.176117,0.38011378,Cool roof,393693.54264598736,1.0,2.5400467411252633e-06,1324676882.9467278,False
3367,+85970+31880,28.638740413641923,77.22861412873081,built_up,Medium,39.172638,0.32904997,Cool roof,393512.20943580836,1.0,2.5412172126342245e-06,1325070395.1561635,False
3368,+85951+31862,28.622570738528747,77.21154613833357,built_up,Medium,39.172424,0.30736515,Cool roof,393571.58699175547,1.0,2.5408338229988843e-06,1325463966.7431552,False
3369,+85944+31835,28.598316225858984,77.20525793134512,built_up,Medium,39.17209,0.38229662,Cool roof,393660.59469014016,1.0,2.5402593337723435e-06,1325857627.3378453,False
3370,+85936+31860,28.620774107960617,77.1980714090726,built_up,Medium,39.170013,0.32474822,Cool roof,393578.1825676959,1.0,2.5407912437524376e-06,1326251205.520413,False
3371,+85956+31819,28.58394318131394,77.21603771475391,built_up,Medium,39.16971,0.35514545,Cool roof,393713.30678551074,1.0,2.5399192325109433e-06,1326644918.8271985,False
3372,+85969+31841,28.603706117563377,77.22771581344675,built_up,Medium,39.167877,0.35971108,Cool roof,393640.8212828831,1.0,2.5403869363471513e-06,1327038559.6484814,False
3373,+85957+31819,28.58394318131394,77.21693603003797,built_up,Medium,39.16742,0.3045621,Cool roof,393713.30678551074,1.0,2.5399192325109433e-06,1327432272.955267,False
3374,+85935+31860,28.620774107960617,77.19717309378854,built_up,Medium,39.167175,0.3135445,Cool roof,393578.1825676959,1.0,2.5407912437524376e-06,1327825851.1378345,False
3375,+85958+31854,28.615384216256224,77.21783434532203,built_up,Medium,39.165985,0.3342228,Cool roof,393597.9669790461,1.0,2.5406635295279275e-06,1328219449.1048136,False
3376,+85942+31892,28.649520197050705,77.203461300777,built_up,Medium,39.16568,0.34827122,Cool roof,393472.6070273184,1.0,2.5414729822108584e-06,1328612921.7118409,False
3377,+85993+31825,28.589333073018334,77.24927538026432,built_up,Medium,39.165558,0.33599252,Cool roof,393693.54264598736,1.0,2.5400467411252633e-06,1329006615.2544868,False
3378,+85953+31849,28.6108926398359,77.21334276890171,built_up,Medium,39.16513,0.22949778,Cool roof,393614.4513341348,1.0,2.5405571279472957e-06,1329400229.705821,False
3379,+85991+31823,28.5875364424502,77.24747874969619,built_up,Medium,39.15912,0.3698354,Cool roof,393700.13107867143,1.0,2.540004234339902e-06,1329793929.8368998,False
3380,+85951+31870,28.62975726080127,77.21154613833357,built_up,Medium,39.157806,0.42170244,Cool roof,393545.20082735224,1.0,2.541004179183724e-06,1330187475.037727,False
3381,+85969+31856,28.617180846824354,77.22771581344675,built_up,Medium,39.15689,0.31682727,Cool roof,393591.3725613467,1.0,2.540706097017246e-06,1330581066.4102886,False
3382,+85947+31870,28.62975726080127,77.20795287719731,built_up,Medium,39.15518,0.31375822,Cool roof,393545.20082735224,1.0,2.541004179183724e-06,1330974611.611116,False
3383,+85948+31875,28.634248837221595,77.20885119248138,built_up,Medium,39.15518,0.3508278,Cool roof,393528.7063379382,1.0,2.5411106836543245e-06,1331368140.3174539,False
3384,+85985+31819,28.58394318131394,77.24208885799179,built_up,Medium,39.15146,0.41717124,Cool roof,393713.30678551074,1.0,2.5399192325109433e-06,1331761853.6242394,False
3385,+85935+31848,28.609994324551835,77.19717309378854,built_up,Medium,39.150482,0.33324265,Cool roof,393617.74791557674,1.0,2.540535850569625e-06,1332155471.372155,False
3386,+86007+31823,28.5875364424502,77.26185179424122,built_up,Medium,39.150085,0.40655175,Cool roof,393700.13107867143,1.0,2.540004234339902e-06,1332549171.5032337,False
3387,+85944+31878,28.63694378307379,77.20525793134512,built_up,Medium,39.14908,0.37276793,Cool roof,393518.80848618085,1.0,2.5411745981008603e-06,1332942690.31172,False
3388,+85953+31869,28.628858945517205,77.21334276890171,built_up,Medium,39.148254,0.27075502,Cool roof,393548.4994357017,1.0,2.5409828812303243e-06,1333336238.8111556,False
3389,+85966+31867,28.62706231494907,77.22502086759455,built_up,Medium,39.14456,0.3619629,Cool roof,393555.0963628619,1.0,2.5409402882639576e-06,1333729793.9075184,False
3390,+85948+31870,28.62975726080127,77.20885119248138,built_up,Medium,39.140594,0.37937152,Cool roof,393545.20082735224,1.0,2.541004179183724e-06,1334123339.1083457,False
3391,+85983+31830,28.59382464943866,77.24029222742367,built_up,Medium,39.14041,0.45119128,Cool roof,393677.0698747999,1.0,2.540153025214365e-06,1334517016.1782205,False
3392,+85954+31849,28.6108926398359,77.21424108418577,built_up,Medium,39.140015,0.23386244,Cool roof,393614.4513341348,1.0,2.5405571279472957e-06,1334910630.6295547,False
3393,+85962+31862,28.622570738528747,77.22142760645829,built_up,Medium,39.13983,0.41149843,Cool roof,393571.58699175547,1.0,2.5408338229988843e-06,1335304202.2165465,False
3394,+85940+31865,28.625265684380942,77.20166467020886,built_up,Medium,39.138306,0.31819025,Cool roof,393561.6929039662,1.0,2.540897699217927e-06,1335697763.9094505,False
3395,+86033+31840,28.60280780227931,77.28520799162693,built_up,Medium,39.13504,0.43185976,Cool roof,393644.11709209194,1.0,2.5403656668036852e-06,1336091408.0265427,False
3396,+85970+31876,28.63514715250566,77.22861412873081,built_up,Medium,39.13211,0.32584277,Cool roof,393525.4071505268,1.0,2.5411319874894163e-06,1336484933.4336932,False
3397,+86002+31879,28.637842098357854,77.2573602178209,built_up,Medium,39.13159,0.43043908,Cool roof,393515.50900924753,1.0,2.5411959048772846e-06,1336878448.9427025,False
3398,+85944+31859,28.619875792676552,77.20525793134512,built_up,Medium,39.127106,0.39536926,Cool roof,393581.4802108883,1.0,2.5407699555989813e-06,1337272030.4229133,False
3399,+85969+31851,28.61268927040403,77.22771581344675,built_up,Medium,39.127075,0.30330905,Cool roof,393607.8578816729,1.0,2.5405996856409857e-06,1337665638.280795,False
3400,+85951+31874,28.63335052193753,77.21154613833357,built_up,Medium,39.124115,0.3169322,Cool roof,393532.00542884105,1.0,2.541089380799604e-06,1338059170.286224,False
3401,+85972+31825,28.589333073018334,77.23041075929895,built_up,Medium,39.122772,0.41912064,Cool roof,393693.54264598736,1.0,2.5400467411252633e-06,1338452863.8288698,False
3402,+85959+31869,28.628858945517205,77.2187326606061,built_up,Medium,39.12271,0.34323114,Cool roof,393548.4994357017,1.0,2.5409828812303243e-06,1338846412.3283055,False
3403,+85982+31898,28.654910088755095,77.2393939121396,built_up,Medium,39.12259,0.44106933,Cool roof,393452.80061215203,1.0,2.541600919968428e-06,1339239865.1289177,False
3404,+85941+31870,28.62975726080127,77.20256298549292,built_up,Medium,39.122345,0.44686478,Cool roof,393545.20082735224,1.0,2.541004179183724e-06,1339633410.329745,False
3405,+85938+31846,28.6081976939837,77.19986803964073,built_up,Medium,39.122253,0.3787174,Cool roof,393624.3407888798,1.0,2.540493298752451e-06,1340027034.670534,False
3406,+85947+31872,28.6315538913694,77.20795287719731,built_up,Medium,39.122223,0.321897,Cool roof,393538.6033211179,1.0,2.5410467780311365e-06,1340420573.273855,False
3407,+85966+31855,28.61628253154029,77.22502086759455,built_up,Medium,39.12088,0.36249545,Cool roof,393594.6698184574,1.0,2.540684812782761e-06,1340814167.9436734,False
3408,+85942+31870,28.62975726080127,77.203461300777,built_up,Medium,39.120453,0.40401614,Cool roof,393545.20082735224,1.0,2.541004179183724e-06,1341207713.1445007,False
3409,+85973+31878,28.63694378307379,77.23130907458301,built_up,Medium,39.12039,0.42569354,Cool roof,393518.80848618085,1.0,2.5411745981008603e-06,1341601231.952987,False
3410,+85987+31825,28.589333073018334,77.24388548855993,built_up,Medium,39.111298,0.27680752,Cool roof,393693.54264598736,1.0,2.5400467411252633e-06,1341994925.495633,False
3411,+85941+31871,28.630655576085335,77.20256298549292,built_up,Medium,39.11075,0.44189766,Cool roof,393541.90212249075,1.0,2.541025478117316e-06,1342388467.3977554,False
3412,+85964+31821,28.58573981188207,77.22322423702643,built_up,Medium,39.110138,0.3629662,Cool roof,393706.7191251809,1.0,2.5399617314685587e-06,1342782174.1168807,False
3413,+85939+31858,28.618977477392487,77.2007663549248,built_up,Medium,39.108917,0.3477431,Cool roof,393584.7777575614,1.0,2.5407486684253207e-06,1343175758.8946383,False
3414,+85946+31878,28.63694378307379,77.20705456191325,built_up,Medium,39.108673,0.43455547,Cool roof,393518.80848618085,1.0,2.5411745981008603e-06,1343569277.7031245,False
3415,+85944+31846,28.6081976939837,77.20525793134512,built_up,Medium,39.107513,0.32760864,Cool roof,393624.3407888798,1.0,2.540493298752451e-06,1343962902.0439134,False
3416,+85987+31866,28.626163999665007,77.24388548855993,built_up,Medium,39.107117,0.33073038,Cool roof,393558.39468167134,1.0,2.5409189932509185e-06,1344356460.438595,False
3417,+85945+31899,28.65580840403916,77.20615624662919,built_up,Medium,39.102325,0.28408968,Cool roof,393449.49920522765,1.0,2.541622246362014e-06,1344749909.9378002,False
3418,+85948+31868,28.627960630233137,77.20885119248138,built_up,Medium,39.10147,0.40817028,Cool roof,393551.7979475385,1.0,2.5409615842570807e-06,1345143461.7357478,False
3419,+85945+31846,28.6081976939837,77.20615624662919,built_up,Medium,39.0997,0.29218107,Cool roof,393624.3407888798,1.0,2.540493298752451e-06,1345537086.0765367,False
3420,+85942+31876,28.63514715250566,77.203461300777,built_up,Medium,39.099182,0.40322486,Cool roof,393525.4071505268,1.0,2.5411319874894163e-06,1345930611.4836872,False
3421,+85968+31879,28.637842098357854,77.22681749816269,built_up,Medium,39.098175,0.39008173,Cool roof,393515.50900924753,1.0,2.5411959048772846e-06,1346324126.9926965,False
3422,+85960+31849,28.6108926398359,77.21963097589017,built_up,Medium,39.09604,0.38268983,Cool roof,393614.4513341348,1.0,2.5405571279472957e-06,1346717741.4440308,False
3423,+85937+31830,28.59382464943866,77.19896972435666,built_up,Medium,39.09439,0.43638816,Cool roof,393677.0698747999,1.0,2.540153025214365e-06,1347111418.5139055,False
3424,+85988+31879,28.637842098357854,77.24478380384399,built_up,Medium,39.092743,0.3604536,Cool roof,393515.50900924753,1.0,2.5411959048772846e-06,1347504934.022915,False
3425,+85943+31870,28.62975726080127,77.20435961606105,built_up,Medium,39.09073,0.3905929,Cool roof,393545.20082735224,1.0,2.541004179183724e-06,1347898479.2237422,False
3426,+85962+31869,28.628858945517205,77.22142760645829,built_up,Medium,39.08969,0.29534742,Cool roof,393548.4994357017,1.0,2.5409828812303243e-06,1348292027.723178,False
3427,+85952+31862,28.622570738528747,77.21244445361764,built_up,Medium,39.08963,0.3704449,Cool roof,393571.58699175547,1.0,2.5408338229988843e-06,1348685599.3101697,False
3428,+85990+31819,28.58394318131394,77.24658043441212,built_up,Medium,39.08911,0.36890745,Cool roof,393713.30678551074,1.0,2.5399192325109433e-06,1349079312.6169553,False
3429,+85949+31860,28.620774107960617,77.20974950776545,built_up,Medium,39.083954,0.4279593,Cool roof,393578.1825676959,1.0,2.5407912437524376e-06,1349472890.7995229,False
3430,+85965+31825,28.589333073018334,77.22412255231049,built_up,Medium,39.08255,0.3456883,Cool roof,393693.54264598736,1.0,2.5400467411252633e-06,1349866584.3421688,False
3431,+85957+31850,28.611790955119965,77.21693603003797,built_up,Medium,39.082214,0.23420641,Cool roof,393611.1546561666,1.0,2.540578406304404e-06,1350260195.496825,False
3432,+85938+31858,28.618977477392487,77.19986803964073,built_up,Medium,39.07596,0.36251745,Cool roof,393584.7777575614,1.0,2.5407486684253207e-06,1350653780.2745826,False
3433,+85941+31828,28.59202801887053,77.20256298549292,built_up,Medium,39.07425,0.44154286,Cool roof,393683.65927289636,1.0,2.5401105086427096e-06,1351047463.9338555,False
3434,+85979+31847,28.60909600926777,77.2366989662874,built_up,Medium,39.073517,0.35000363,Cool roof,393621.04440049216,1.0,2.540514574171354e-06,1351441084.978256,False
3435,+85937+31854,28.615384216256224,77.19896972435666,built_up,Medium,39.07306,0.35986185,Cool roof,393597.9669790461,1.0,2.5406635295279275e-06,1351834682.945235,False
3436,+85988+31869,28.628858945517205,77.24478380384399,built_up,Medium,39.071747,0.19706042,Cool roof,393548.4994357017,1.0,2.5409828812303243e-06,1352228231.4446707,False
3437,+85996+31838,28.601011171711182,77.2519703261165,built_up,Medium,39.070343,0.29961887,Cool roof,393650.70842091256,1.0,2.540323130654057e-06,1352621882.1530917,False
3438,+85943+31834,28.59741791057492,77.20435961606105,built_up,Medium,39.06967,0.4006736,Cool roof,393663.8899201458,1.0,2.540238070103023e-06,1353015546.043012,False
3439,+85943+31855,28.61628253154029,77.20435961606105,built_up,Medium,39.06653,0.24538642,Cool roof,393594.6698184574,1.0,2.540684812782761e-06,1353409140.7128303,False
3440,+85957+31823,28.5875364424502,77.21693603003797,built_up,Medium,39.066467,0.34395298,Cool roof,393700.13107867143,1.0,2.540004234339902e-06,1353802840.843909,False
3441,+85988+31880,28.638740413641923,77.24478380384399,built_up,Medium,39.062744,0.2887973,Cool roof,393512.20943580836,1.0,2.5412172126342245e-06,1354196353.0533447,False
3442,+85955+31821,28.58573981188207,77.21513939946983,built_up,Medium,39.061615,0.39775148,Cool roof,393706.7191251809,1.0,2.5399617314685587e-06,1354590059.77247,False
3443,+85958+31865,28.625265684380942,77.21783434532203,built_up,Medium,39.061615,0.23708096,Cool roof,393561.6929039662,1.0,2.540897699217927e-06,1354983621.465374,False
3444,+85979+31876,28.63514715250566,77.2366989662874,built_up,Medium,39.05954,0.40254217,Cool roof,393525.4071505268,1.0,2.5411319874894163e-06,1355377146.8725245,False
3445,+85989+31873,28.632452206653465,77.24568211912806,built_up,Medium,39.05252,0.43522483,Cool roof,393535.3044232345,1.0,2.5410680789252197e-06,1355770682.1769478,False
3446,+85952+31873,28.632452206653465,77.21244445361764,built_up,Medium,39.051575,0.4087354,Cool roof,393535.3044232345,1.0,2.5410680789252197e-06,1356164217.4813712,False
3447,+85989+31819,28.58394318131394,77.24568211912806,built_up,Medium,39.049988,0.3437258,Cool roof,393713.30678551074,1.0,2.5399192325109433e-06,1356557930.7881567,False
3448,+85943+31871,28.630655576085335,77.20435961606105,built_up,Medium,39.049896,0.42836285,Cool roof,393541.90212249075,1.0,2.541025478117316e-06,1356951472.6902792,False
3449,+85979+31846,28.6081976939837,77.2366989662874,built_up,Medium,39.049652,0.23822375,Cool roof,393624.3407888798,1.0,2.540493298752451e-06,1357345097.031068,False
3450,+85940+31875,28.634248837221595,77.20166467020886,built_up,Medium,39.048615,0.427239,Cool roof,393528.7063379382,1.0,2.5411106836543245e-06,1357738625.737406,False
3451,+85973+31879,28.637842098357854,77.23130907458301,built_up,Medium,39.04663,0.46013162,Cool roof,393515.50900924753,1.0,2.5411959048772846e-06,1358132141.2464154,False
3452,+85935+31835,28.598316225858984,77.19717309378854,built_up,Medium,39.046295,0.3192787,Cool roof,393660.59469014016,1.0,2.5402593337723435e-06,1358525801.8411055,False
3453,+85954+31869,28.628858945517205,77.21424108418577,built_up,Medium,39.04062,0.30214888,Cool roof,393548.4994357017,1.0,2.5409828812303243e-06,1358919350.3405411,False
3454,+85956+31822,28.586638127166136,77.21603771475391,built_up,Medium,39.040497,0.33543366,Cool roof,393703.4251501983,1.0,2.5399829824149967e-06,1359313053.7656913,False
3455,+85957+31854,28.615384216256224,77.21693603003797,built_up,Medium,39.038452,0.33773002,Cool roof,393597.9669790461,1.0,2.5406635295279275e-06,1359706651.7326703,False
3456,+85939+31857,28.61807916210842,77.2007663549248,built_up,Medium,39.037872,0.35491955,Cool roof,393588.07520771434,1.0,2.5407273822314218e-06,1360100239.807878,False
3457,+85965+31866,28.626163999665007,77.22412255231049,built_up,Medium,39.03769,0.32710648,Cool roof,393558.39468167134,1.0,2.5409189932509185e-06,1360493798.2025597,False
3458,+85969+31824,28.58843475773427,77.22771581344675,built_up,Medium,39.037415,0.35678872,Cool roof,393696.8369106009,1.0,2.5400254872433124e-06,1360887495.0394702,False
3459,+85971+31840,28.60280780227931,77.22951244401489,built_up,Medium,39.03604,0.40456593,Cool roof,393644.11709209194,1.0,2.5403656668036852e-06,1361281139.1565623,False
3460,+85936+31848,28.609994324551835,77.1980714090726,built_up,Medium,39.03586,0.329641,Cool roof,393617.74791557674,1.0,2.540535850569625e-06,1361674756.9044778,False
3461,+85969+31879,28.637842098357854,77.22771581344675,built_up,Medium,39.035675,0.36111793,Cool roof,393515.50900924753,1.0,2.5411959048772846e-06,1362068272.4134872,False
3462,+85950+31869,28.628858945517205,77.21064782304951,built_up,Medium,39.033386,0.39379245,Cool roof,393548.4994357017,1.0,2.5409828812303243e-06,1362461820.9129229,False
3463,+85945+31828,28.59202801887053,77.20615624662919,built_up,Medium,39.02884,0.42925707,Cool roof,393683.65927289636,1.0,2.5401105086427096e-06,1362855504.5721958,False
3464,+85982+31872,28.6315538913694,77.2393939121396,built_up,Medium,39.0242,0.34100243,Cool roof,393538.6033211179,1.0,2.5410467780311365e-06,1363249043.1755168,False
3465,+85981+31821,28.58573981188207,77.23849559685553,built_up,Medium,39.021637,0.30147773,Cool roof,393706.7191251809,1.0,2.5399617314685587e-06,1363642749.894642,False
3466,+85966+31868,28.627960630233137,77.22502086759455,built_up,Medium,39.018097,0.35142148,Cool roof,393551.7979475385,1.0,2.5409615842570807e-06,1364036301.6925898,False
3467,+85967+31880,28.638740413641923,77.22591918287863,built_up,Medium,39.01718,0.34457818,Cool roof,393512.20943580836,1.0,2.5412172126342245e-06,1364429813.9020255,False
3468,+85962+31819,28.58394318131394,77.22142760645829,built_up,Medium,39.0159,0.35391894,Cool roof,393713.30678551074,1.0,2.5399192325109433e-06,1364823527.208811,False
3469,+85941+31827,28.591129703586464,77.20256298549292,built_up,Medium,39.015015,0.4300761,Cool roof,393686.95382713445,1.0,2.5400892518249255e-06,1365217214.1626382,False
3470,+85937+31861,28.621672423244682,77.19896972435666,built_up,Medium,39.01425,0.3411183,Cool roof,393574.88482798473,1.0,2.5408125328857267e-06,1365610789.0474663,False
3471,+85969+31867,28.62706231494907,77.22771581344675,built_up,Medium,39.013855,0.29075336,Cool roof,393555.0963628619,1.0,2.5409402882639576e-06,1366004344.143829,False
3472,+85989+31826,28.5902313883024,77.24568211912806,built_up,Medium,39.010223,0.36448398,Cool roof,393690.24828483176,1.0,2.540067995985788e-06,1366398034.392114,False
3473,+85942+31879,28.637842098357854,77.203461300777,built_up,Medium,39.0101,0.33167985,Cool roof,393515.50900924753,1.0,2.5411959048772846e-06,1366791549.9011233,False
3474,+85963+31820,28.584841496598006,77.22232592174235,built_up,Medium,39.009857,0.38655868,Cool roof,393710.01300361863,1.0,2.5399404815005527e-06,1367185259.9141269,False
3475,+85952+31871,28.630655576085335,77.21244445361764,built_up,Medium,39.009125,0.28472257,Cool roof,393541.90212249075,1.0,2.541025478117316e-06,1367578801.8162494,False
3476,+85960+31861,28.621672423244682,77.21963097589017,built_up,Medium,39.008972,0.34185946,Cool roof,393574.88482798473,1.0,2.5408125328857267e-06,1367972376.7010775,False
3477,+85961+31824,28.58843475773427,77.22052929117423,built_up,Medium,39.006744,0.38299832,Cool roof,393696.8369106009,1.0,2.5400254872433124e-06,1368366073.537988,False
3478,+85957+31857,28.61807916210842,77.21693603003797,built_up,Medium,39.003754,0.30692756,Cool roof,393588.07520771434,1.0,2.5407273822314218e-06,1368759661.6131957,False
3479,+85962+31868,28.627960630233137,77.22142760645829,built_up,Medium,39.003387,0.2770306,Cool roof,393551.7979475385,1.0,2.5409615842570807e-06,1369153213.4111433,False
3480,+85993+31844,28.60640106341557,77.24927538026432,built_up,Medium,39.003143,0.44290638,Cool roof,393630.93327607034,1.0,2.5404507508525932e-06,1369546844.3444195,False
3481,+85958+31867,28.62706231494907,77.21783434532203,built_up,Medium,38.99948,0.3835317,Cool roof,393555.0963628619,1.0,2.5409402882639576e-06,1369940399.4407823,False
3482,+85933+31847,28.60909600926777,77.1953764632204,built_up,Medium,38.99881,0.38320363,Cool roof,393621.04440049216,1.0,2.540514574171354e-06,1370334020.4851828,False
3483,+85977+31872,28.6315538913694,77.23490233571927,built_up,Medium,38.99643,0.3141817,Cool roof,393538.6033211179,1.0,2.5410467780311365e-06,1370727559.0885038,False
3484,+85980+31821,28.58573981188207,77.23759728157147,built_up,Medium,38.99594,0.262248,Cool roof,393706.7191251809,1.0,2.5399617314685587e-06,1371121265.807629,False
3485,+85940+31866,28.626163999665007,77.20166467020886,built_up,Medium,38.995453,0.42298004,Cool roof,393558.39468167134,1.0,2.5409189932509185e-06,1371514824.2023108,False
3486,+85967+31854,28.615384216256224,77.22591918287863,built_up,Medium,38.990845,0.26812562,Cool roof,393597.9669790461,1.0,2.5406635295279275e-06,1371908422.1692898,False
3487,+85970+31860,28.620774107960617,77.22861412873081,built_up,Medium,38.987,0.36974442,Cool roof,393578.1825676959,1.0,2.5407912437524376e-06,1372302000.3518574,False
3488,+85975+31869,28.628858945517205,77.23310570515115,built_up,Medium,38.985443,0.32160872,Cool roof,393548.4994357017,1.0,2.5409828812303243e-06,1372695548.851293,False
3489,+85970+31838,28.601011171711182,77.22861412873081,built_up,Medium,38.983734,0.4578089,Cool roof,393650.70842091256,1.0,2.540323130654057e-06,1373089199.559714,False
3490,+85960+31856,28.617180846824354,77.21963097589017,built_up,Medium,38.979828,0.34966427,Cool roof,393591.3725613467,1.0,2.540706097017246e-06,1373482790.9322755,False
3491,+85961+31820,28.584841496598006,77.22052929117423,built_up,Medium,38.978912,0.38607958,Cool roof,393710.01300361863,1.0,2.5399404815005527e-06,1373876500.9452791,False
3492,+85935+31831,28.594722964722724,77.19717309378854,built_up,Medium,38.978302,0.36639878,Cool roof,393673.77503094316,1.0,2.5401742849683066e-06,1374270174.72031,False
3493,+85936+31861,28.621672423244682,77.1980714090726,built_up,Medium,38.977417,0.33376688,Cool roof,393574.88482798473,1.0,2.5408125328857267e-06,1374663749.605138,False
3494,+85984+31822,28.586638127166136,77.24119054270773,built_up,Medium,38.96933,0.35572127,Cool roof,393703.4251501983,1.0,2.5399829824149967e-06,1375057453.0302882,False
3495,+85958+31864,28.624367369096877,77.21783434532203,built_up,Medium,38.969147,0.34931663,Cool roof,393564.99102974543,1.0,2.540876406164949e-06,1375451018.021318,False
3496,+85942+31877,28.636045467789724,77.203461300777,built_up,Medium,38.965485,0.36729616,Cool roof,393522.10786660743,1.0,2.5411532923049165e-06,1375844540.1291845,False
3497,+85965+31867,28.62706231494907,77.22412255231049,built_up,Medium,38.96176,0.29918087,Cool roof,393555.0963628619,1.0,2.5409402882639576e-06,1376238095.2255473,False
3498,+85941+31877,28.636045467789724,77.20256298549292,built_up,Medium,38.959625,0.39503112,Cool roof,393522.10786660743,1.0,2.5411532923049165e-06,1376631617.3334138,False
3499,+85935+31861,28.621672423244682,77.19717309378854,built_up,Medium,38.959564,0.31997827,Cool roof,393574.88482798473,1.0,2.5408125328857267e-06,1377025192.218242,False
3500,+85990+31824,28.58843475773427,77.24658043441212,built_up,Medium,38.958588,0.3476053,Cool roof,393696.8369106009,1.0,2.5400254872433124e-06,1377418889.0551524,False
3501,+85957+31820,28.584841496598006,77.21693603003797,built_up,Medium,38.957916,0.31322283,Cool roof,393710.01300361863,1.0,2.5399404815005527e-06,1377812599.068156,False
3502,+85962+31821,28.58573981188207,77.22142760645829,built_up,Medium,38.952667,0.3513928,Cool roof,393706.7191251809,1.0,2.5399617314685587e-06,1378206305.7872813,False
3503,+85934+31848,28.609994324551835,77.19627477850447,built_up,Medium,38.948822,0.39323175,Cool roof,393617.74791557674,1.0,2.540535850569625e-06,1378599923.5351968,False
3504,+85954+31868,28.627960630233137,77.21424108418577,built_up,Medium,38.943817,0.1983341,Cool roof,393551.7979475385,1.0,2.5409615842570807e-06,1378993475.3331444,False
3505,+85937+31868,28.627960630233137,77.19896972435666,built_up,Medium,38.942627,0.36343417,Cool roof,393551.7979475385,1.0,2.5409615842570807e-06,1379387027.131092,False
3506,+85969+31838,28.601011171711182,77.22771581344675,built_up,Medium,38.94034,0.32950965,Cool roof,393650.70842091256,1.0,2.540323130654057e-06,1379780677.839513,False
3507,+85957+31821,28.58573981188207,77.21693603003797,built_up,Medium,38.9382,0.3192217,Cool roof,393706.7191251809,1.0,2.5399617314685587e-06,1380174384.5586383,False
3508,+85985+31820,28.584841496598006,77.24208885799179,built_up,Medium,38.93802,0.3047949,Cool roof,393710.01300361863,1.0,2.5399404815005527e-06,1380568094.571642,False
3509,+85985+31897,28.65401177347103,77.24208885799179,built_up,Medium,38.937897,0.40856314,Cool roof,393456.10192258324,1.0,2.5415795945560422e-06,1380961550.6735644,False
3510,+85950+31858,28.618977477392487,77.21064782304951,built_up,Medium,38.93686,0.2732899,Cool roof,393584.7777575614,1.0,2.5407486684253207e-06,1381355135.451322,False
3511,+85946+31865,28.625265684380942,77.20705456191325,built_up,Medium,38.93643,0.38651326,Cool roof,393561.6929039662,1.0,2.540897699217927e-06,1381748697.144226,False
3512,+85982+31876,28.63514715250566,77.2393939121396,built_up,Medium,38.93216,0.4265034,Cool roof,393525.4071505268,1.0,2.5411319874894163e-06,1382142222.5513766,False
3513,+85943+31878,28.63694378307379,77.20435961606105,built_up,Medium,38.92859,0.34825704,Cool roof,393518.80848618085,1.0,2.5411745981008603e-06,1382535741.3598628,False
3514,+85959+31850,28.611790955119965,77.2187326606061,built_up,Medium,38.928467,0.26169607,Cool roof,393611.1546561666,1.0,2.540578406304404e-06,1382929352.514519,False
3515,+85947+31878,28.63694378307379,77.20795287719731,built_up,Medium,38.928192,0.38662466,Cool roof,393518.80848618085,1.0,2.5411745981008603e-06,1383322871.3230052,False
3516,+85990+31864,28.624367369096877,77.24658043441212,built_up,Medium,38.92804,0.3458962,Cool roof,393564.99102974543,1.0,2.540876406164949e-06,1383716436.314035,False
3517,+85949+31869,28.628858945517205,77.20974950776545,built_up,Medium,38.92798,0.4157543,Cool roof,393548.4994357017,1.0,2.5409828812303243e-06,1384109984.8134706,False
3518,+85933+31898,28.654910088755095,77.1953764632204,built_up,Medium,38.926575,0.42944968,Cool roof,393452.80061215203,1.0,2.541600919968428e-06,1384503437.6140828,False
3519,+85943+31869,28.628858945517205,77.20435961606105,built_up,Medium,38.92624,0.42015576,Cool roof,393548.4994357017,1.0,2.5409828812303243e-06,1384896986.1135185,False
3520,+85983+31893,28.65041851233477,77.24029222742367,built_up,Medium,38.924225,0.37182048,Cool roof,393469.30619936297,1.0,2.5414943027177834e-06,1385290455.4197178,False
3521,+85939+31859,28.619875792676552,77.2007663549248,built_up,Medium,38.92392,0.34956524,Cool roof,393581.4802108883,1.0,2.5407699555989813e-06,1385684036.8999286,False
3522,+85941+31876,28.63514715250566,77.20256298549292,built_up,Medium,38.91745,0.37528333,Cool roof,393525.4071505268,1.0,2.5411319874894163e-06,1386077562.307079,False
3523,+85936+31858,28.618977477392487,77.1980714090726,built_up,Medium,38.9169,0.38641357,Cool roof,393584.7777575614,1.0,2.5407486684253207e-06,1386471147.0848367,False
3524,+85985+31829,28.592926334154594,77.24208885799179,built_up,Medium,38.916504,0.3920857,Cool roof,393680.36462211795,1.0,2.5401317664391776e-06,1386864827.4494588,False
3525,+85945+31862,28.622570738528747,77.20615624662919,built_up,Medium,38.915405,0.40442932,Cool roof,393571.58699175547,1.0,2.5408338229988843e-06,1387258399.0364506,False
3526,+85951+31858,28.618977477392487,77.21154613833357,built_up,Medium,38.91461,0.3348327,Cool roof,393584.7777575614,1.0,2.5407486684253207e-06,1387651983.8142083,False
3527,+85935+31859,28.619875792676552,77.19717309378854,built_up,Medium,38.91394,0.36102358,Cool roof,393581.4802108883,1.0,2.5407699555989813e-06,1388045565.294419,False
3528,+85949+31873,28.632452206653465,77.20974950776545,built_up,Medium,38.9115,0.37230456,Cool roof,393535.3044232345,1.0,2.5410680789252197e-06,1388439100.5988424,False
3529,+85941+31892,28.649520197050705,77.20256298549292,built_up,Medium,38.911407,0.3922604,Cool roof,393472.6070273184,1.0,2.5414729822108584e-06,1388832573.2058697,False
3530,+85997+31868,28.627960630233137,77.25286864140058,built_up,Medium,38.910217,0.39942786,Cool roof,393551.7979475385,1.0,2.5409615842570807e-06,1389226125.0038173,False
3531,+85942+31878,28.63694378307379,77.203461300777,built_up,Medium,38.90982,0.3458207,Cool roof,393518.80848618085,1.0,2.5411745981008603e-06,1389619643.8123035,False
3532,+85936+31847,28.60909600926777,77.1980714090726,built_up,Medium,38.90869,0.34189412,Cool roof,393621.04440049216,1.0,2.540514574171354e-06,1390013264.856704,False
3533,+85939+31852,28.613587585688094,77.2007663549248,built_up,Medium,38.90634,0.3648148,Cool roof,393604.5610106546,1.0,2.5406209659570757e-06,1390406869.4177146,False
3534,+85937+31860,28.620774107960617,77.19896972435666,built_up,Medium,38.904205,0.40615723,Cool roof,393578.1825676959,1.0,2.5407912437524376e-06,1390800447.6002822,False
3535,+85986+31821,28.58573981188207,77.24298717327586,built_up,Medium,38.90268,0.24594587,Cool roof,393706.7191251809,1.0,2.5399617314685587e-06,1391194154.3194075,False
3536,+85979+31875,28.634248837221595,77.2366989662874,built_up,Medium,38.90146,0.41879207,Cool roof,393528.7063379382,1.0,2.5411106836543245e-06,1391587683.0257454,False
3537,+86006+31828,28.59202801887053,77.26095347895716,built_up,Medium,38.901367,0.4841157,Cool roof,393683.65927289636,1.0,2.5401105086427096e-06,1391981366.6850183,False
3538,+85950+31872,28.6315538913694,77.21064782304951,built_up,Medium,38.901062,0.37153977,Cool roof,393538.6033211179,1.0,2.5410467780311365e-06,1392374905.2883394,False
3539,+85970+31879,28.637842098357854,77.22861412873081,built_up,Medium,38.90042,0.3511456,Cool roof,393515.50900924753,1.0,2.5411959048772846e-06,1392768420.7973487,False
3540,+85958+31858,28.618977477392487,77.21783434532203,built_up,Medium,38.898285,0.31256175,Cool roof,393584.7777575614,1.0,2.5407486684253207e-06,1393162005.5751064,False
3541,+85938+31860,28.620774107960617,77.19986803964073,built_up,Medium,38.897858,0.41605878,Cool roof,393578.1825676959,1.0,2.5407912437524376e-06,1393555583.757674,False
3542,+85966+31844,28.60640106341557,77.22502086759455,built_up,Medium,38.890717,0.34058708,Cool roof,393630.93327607034,1.0,2.5404507508525932e-06,1393949214.6909502,False
3543,+85971+31857,28.61807916210842,77.22951244401489,built_up,Medium,38.89044,0.24337828,Cool roof,393588.07520771434,1.0,2.5407273822314218e-06,1394342802.7661579,False
3544,+85964+31860,28.620774107960617,77.22322423702643,built_up,Medium,38.885956,0.362776,Cool roof,393578.1825676959,1.0,2.5407912437524376e-06,1394736380.9487255,False
3545,+85942+31847,28.60909600926777,77.203461300777,built_up,Medium,38.88376,0.34966415,Cool roof,393621.04440049216,1.0,2.540514574171354e-06,1395130001.993126,False
3546,+85952+31861,28.621672423244682,77.21244445361764,built_up,Medium,38.877472,0.28493604,Cool roof,393574.88482798473,1.0,2.5408125328857267e-06,1395523576.877954,False
3547,+85980+31875,28.634248837221595,77.23759728157147,built_up,Medium,38.877472,0.42237642,Cool roof,393528.7063379382,1.0,2.5411106836543245e-06,1395917105.584292,False
3548,+85959+31863,28.623469053812812,77.2187326606061,built_up,Medium,38.8743,0.31744325,Cool roof,393568.2890590088,1.0,2.5408551140919464e-06,1396310673.8733509,False
3549,+85943+31879,28.637842098357854,77.20435961606105,built_up,Medium,38.87387,0.36572215,Cool roof,393515.50900924753,1.0,2.5411959048772846e-06,1396704189.3823602,False
3550,+85939+31864,28.624367369096877,77.2007663549248,built_up,Medium,38.8732,0.38176337,Cool roof,393564.99102974543,1.0,2.540876406164949e-06,1397097754.37339,False
3551,+85963+31821,28.58573981188207,77.22232592174235,built_up,Medium,38.872864,0.38907033,Cool roof,393706.7191251809,1.0,2.5399617314685587e-06,1397491461.0925152,False
3552,+85948+31867,28.62706231494907,77.20885119248138,built_up,Medium,38.872223,0.20556593,Cool roof,393555.0963628619,1.0,2.5409402882639576e-06,1397885016.188878,False
3553,+85968+31838,28.601011171711182,77.22681749816269,built_up,Medium,38.868073,0.30072793,Cool roof,393650.70842091256,1.0,2.540323130654057e-06,1398278666.897299,False
3554,+85933+31849,28.6108926398359,77.1953764632204,built_up,Medium,38.867615,0.4110546,Cool roof,393614.4513341348,1.0,2.5405571279472957e-06,1398672281.3486333,False
3555,+85958+31860,28.620774107960617,77.21783434532203,built_up,Medium,38.864166,0.36187994,Cool roof,393578.1825676959,1.0,2.5407912437524376e-06,1399065859.531201,False
3556,+85949+31859,28.619875792676552,77.20974950776545,built_up,Medium,38.862427,0.40923885,Cool roof,393581.4802108883,1.0,2.5407699555989813e-06,1399459441.0114117,False
3557,+85963+31845,28.607299378699636,77.22232592174235,built_up,Medium,38.86197,0.36733282,Cool roof,393627.6370807394,1.0,2.5404720243128756e-06,1399853068.6484923,False
3558,+85982+31870,28.62975726080127,77.2393939121396,built_up,Medium,38.86148,0.40118504,Cool roof,393545.20082735224,1.0,2.541004179183724e-06,1400246613.8493197,False
3559,+85995+31879,28.637842098357854,77.25107201083244,built_up,Medium,38.85901,0.389189,Cool roof,393515.50900924753,1.0,2.5411959048772846e-06,1400640129.358329,False
3560,+85962+31861,28.621672423244682,77.22142760645829,built_up,Medium,38.85855,0.38496515,Cool roof,393574.88482798473,1.0,2.5408125328857267e-06,1401033704.2431571,False
3561,+85966+31826,28.5902313883024,77.22502086759455,built_up,Medium,38.857727,0.34709617,Cool roof,393690.24828483176,1.0,2.540067995985788e-06,1401427394.491442,False
3562,+85990+31896,28.653113458186965,77.24658043441212,built_up,Medium,38.855164,0.40236956,Cool roof,393459.4031365207,1.0,2.541558270124821e-06,1401820853.8945785,False
3563,+85954+31867,28.62706231494907,77.21424108418577,built_up,Medium,38.854248,0.3632094,Cool roof,393555.0963628619,1.0,2.5409402882639576e-06,1402214408.9909413,False
3564,+85985+31874,28.63335052193753,77.24208885799179,built_up,Medium,38.85388,0.358067,Cool roof,393532.00542884105,1.0,2.541089380799604e-06,1402607940.99637,False
3565,+85964+31866,28.626163999665007,77.22322423702643,built_up,Medium,38.847137,0.35665905,Cool roof,393558.39468167134,1.0,2.5409189932509185e-06,1403001499.3910518,False
3566,+85969+31842,28.60460443284744,77.22771581344675,built_up,Medium,38.847137,0.4031243,Cool roof,393637.5253771429,1.0,2.540408206869767e-06,1403395136.9164288,False
3567,+85965+31838,28.601011171711182,77.22412255231049,built_up,Medium,38.845673,0.41794914,Cool roof,393650.70842091256,1.0,2.540323130654057e-06,1403788787.6248498,False
3568,+85942+31841,28.603706117563377,77.203461300777,built_up,Medium,38.844025,0.31543595,Cool roof,393640.8212828831,1.0,2.5403869363471513e-06,1404182428.4461327,False
3569,+85962+31867,28.62706231494907,77.22142760645829,built_up,Medium,38.841675,0.3249077,Cool roof,393555.0963628619,1.0,2.5409402882639576e-06,1404575983.5424955,False
3570,+85968+31857,28.61807916210842,77.22681749816269,built_up,Medium,38.839417,0.35046107,Cool roof,393588.07520771434,1.0,2.5407273822314218e-06,1404969571.6177032,False
3571,+85983+31832,28.59562128000679,77.24029222742367,built_up,Medium,38.83914,0.39634034,Cool roof,393670.48009054805,1.0,2.5401955457010397e-06,1405363242.0977938,False
3572,+85961+31854,28.615384216256224,77.22052929117423,built_up,Medium,38.8378,0.10702058,Cool roof,393597.9669790461,1.0,2.5406635295279275e-06,1405756840.0647728,False
3573,+85940+31852,28.613587585688094,77.20166467020886,built_up,Medium,38.837677,0.33818203,Cool roof,393604.5610106546,1.0,2.5406209659570757e-06,1406150444.6257834,False
3574,+85961+31821,28.58573981188207,77.22052929117423,built_up,Medium,38.835724,0.3885403,Cool roof,393706.7191251809,1.0,2.5399617314685587e-06,1406544151.3449087,False
3575,+85933+31834,28.59741791057492,77.1953764632204,built_up,Medium,38.83554,0.4151929,Cool roof,393663.8899201458,1.0,2.540238070103023e-06,1406937815.234829,False
3576,+85971+31847,28.60909600926777,77.22951244401489,built_up,Medium,38.83481,0.37384674,Cool roof,393621.04440049216,1.0,2.540514574171354e-06,1407331436.2792294,False
3577,+85953+31823,28.5875364424502,77.21334276890171,built_up,Medium,38.8291,0.36301473,Cool roof,393700.13107867143,1.0,2.540004234339902e-06,1407725136.4103081,False
3578,+85970+31848,28.609994324551835,77.22861412873081,built_up,Medium,38.8266,0.4157021,Cool roof,393617.74791557674,1.0,2.540535850569625e-06,1408118754.1582236,False
3579,+85938+31857,28.61807916210842,77.19986803964073,built_up,Medium,38.825653,0.35546193,Cool roof,393588.07520771434,1.0,2.5407273822314218e-06,1408512342.2334313,False
3580,+85953+31866,28.626163999665007,77.21334276890171,built_up,Medium,38.823883,0.33914942,Cool roof,393558.39468167134,1.0,2.5409189932509185e-06,1408905900.628113,False
3581,+85993+31898,28.654910088755095,77.24927538026432,built_up,Medium,38.822113,0.36786205,Cool roof,393452.80061215203,1.0,2.541600919968428e-06,1409299353.4287252,False
3582,+85969+31848,28.609994324551835,77.22771581344675,built_up,Medium,38.818817,0.41892487,Cool roof,393617.74791557674,1.0,2.540535850569625e-06,1409692971.1766407,False
3583,+85946+31877,28.636045467789724,77.20705456191325,built_up,Medium,38.818268,0.43120784,Cool roof,393522.10786660743,1.0,2.5411532923049165e-06,1410086493.2845073,False
3584,+85960+31822,28.586638127166136,77.21963097589017,built_up,Medium,38.816467,0.39229932,Cool roof,393703.4251501983,1.0,2.5399829824149967e-06,1410480196.7096574,False
3585,+85959+31855,28.61628253154029,77.2187326606061,built_up,Medium,38.815002,0.3197868,Cool roof,393594.6698184574,1.0,2.540684812782761e-06,1410873791.3794758,False
3586,+85945+31865,28.625265684380942,77.20615624662919,built_up,Medium,38.81363,0.30272785,Cool roof,393561.6929039662,1.0,2.540897699217927e-06,1411267353.0723798,False
3587,+85970+31839,28.601909486995247,77.22861412873081,built_up,Medium,38.811646,0.313361,Cool roof,393647.41280476865,1.0,2.540344398239332e-06,1411661000.4851847,False
3588,+85987+31821,28.58573981188207,77.24388548855993,built_up,Medium,38.80893,0.3003003,Cool roof,393706.7191251809,1.0,2.5399617314685587e-06,1412054707.20431,False
3589,+85967+31867,28.62706231494907,77.22591918287863,built_up,Medium,38.80783,0.38194773,Cool roof,393555.0963628619,1.0,2.5409402882639576e-06,1412448262.3006728,False
3590,+85933+31820,28.584841496598006,77.1953764632204,built_up,Medium,38.804077,0.46825635,Cool roof,393710.01300361863,1.0,2.5399404815005527e-06,1412841972.3136764,False
3591,+85943+31844,28.60640106341557,77.20435961606105,built_up,Medium,38.800415,0.35143808,Cool roof,393630.93327607034,1.0,2.5404507508525932e-06,1413235603.2469525,False
3592,+85949+31878,28.63694378307379,77.20974950776545,built_up,Medium,38.799652,0.37113723,Cool roof,393518.80848618085,1.0,2.5411745981008603e-06,1413629122.0554388,False
3593,+85943+31872,28.6315538913694,77.20435961606105,built_up,Medium,38.79767,0.36238354,Cool roof,393538.6033211179,1.0,2.5410467780311365e-06,1414022660.6587598,False
3594,+85934+31860,28.620774107960617,77.19627477850447,built_up,Medium,38.79648,0.38508016,Cool roof,393578.1825676959,1.0,2.5407912437524376e-06,1414416238.8413274,False
3595,+85935+31857,28.61807916210842,77.19717309378854,built_up,Medium,38.796387,0.4150139,Cool roof,393588.07520771434,1.0,2.5407273822314218e-06,1414809826.9165351,False
3596,+85971+31878,28.63694378307379,77.22951244401489,built_up,Medium,38.79196,0.356558,Cool roof,393518.80848618085,1.0,2.5411745981008603e-06,1415203345.7250214,False
3597,+85966+31866,28.626163999665007,77.22502086759455,built_up,Medium,38.79178,0.34980798,Cool roof,393558.39468167134,1.0,2.5409189932509185e-06,1415596904.119703,False
3598,+85971+31879,28.637842098357854,77.22951244401489,built_up,Medium,38.790802,0.3773826,Cool roof,393515.50900924753,1.0,2.5411959048772846e-06,1415990419.6287124,False
3599,+85983+31844,28.60640106341557,77.24029222742367,built_up,Medium,38.79019,0.4138691,Cool roof,393630.93327607034,1.0,2.5404507508525932e-06,1416384050.5619886,False
3600,+85982+31871,28.630655576085335,77.2393939121396,built_up,Medium,38.78952,0.36297768,Cool roof,393541.90212249075,1.0,2.541025478117316e-06,1416777592.464111,False
3601,+85980+31872,28.6315538913694,77.23759728157147,built_up,Medium,38.78705,0.36827037,Cool roof,393538.6033211179,1.0,2.5410467780311365e-06,1417171131.0674322,False
3602,+85946+31824,28.58843475773427,77.20705456191325,built_up,Medium,38.784576,0.50384885,Cool roof,393696.8369106009,1.0,2.5400254872433124e-06,1417564827.9043427,False
3603,+85974+31868,28.627960630233137,77.23220738986707,built_up,Medium,38.78195,0.3996372,Cool roof,393551.7979475385,1.0,2.5409615842570807e-06,1417958379.7022903,False
3604,+85940+31885,28.643231990062247,77.20166467020886,built_up,Medium,38.779297,0.3851988,Cool roof,393495.7101210463,1.0,2.541323766127926e-06,1418351875.4124115,False
3605,+85972+31868,28.627960630233137,77.23041075929895,built_up,Medium,38.773956,0.36633104,Cool roof,393551.7979475385,1.0,2.5409615842570807e-06,1418745427.210359,False
3606,+85965+31835,28.598316225858984,77.22412255231049,built_up,Medium,38.77301,0.391354,Cool roof,393660.59469014016,1.0,2.5402593337723435e-06,1419139087.8050492,False
3607,+85948+31878,28.63694378307379,77.20885119248138,built_up,Medium,38.772766,0.44939142,Cool roof,393518.80848618085,1.0,2.5411745981008603e-06,1419532606.6135354,False
3608,+85980+31863,28.623469053812812,77.23759728157147,built_up,Medium,38.771515,0.42419374,Cool roof,393568.2890590088,1.0,2.5408551140919464e-06,1419926174.9025943,False
3609,+85994+31896,28.653113458186965,77.25017369554838,built_up,Medium,38.771484,0.35981736,Cool roof,393459.4031365207,1.0,2.541558270124821e-06,1420319634.3057308,False
3610,+85947+31866,28.626163999665007,77.20795287719731,built_up,Medium,38.7713,0.32187837,Cool roof,393558.39468167134,1.0,2.5409189932509185e-06,1420713192.7004125,False
3611,+85949+31876,28.63514715250566,77.20974950776545,built_up,Medium,38.770386,0.38531253,Cool roof,393525.4071505268,1.0,2.5411319874894163e-06,1421106718.107563,False
3612,+85940+31874,28.63335052193753,77.20166467020886,built_up,Medium,38.769257,0.39680135,Cool roof,393532.00542884105,1.0,2.541089380799604e-06,1421500250.1129918,False
3613,+85983+31896,28.653113458186965,77.24029222742367,built_up,Medium,38.767914,0.41521192,Cool roof,393459.4031365207,1.0,2.541558270124821e-06,1421893709.5161283,False
3614,+85977+31868,28.627960630233137,77.23490233571927,built_up,Medium,38.76761,0.2980726,Cool roof,393551.7979475385,1.0,2.5409615842570807e-06,1422287261.314076,False
3615,+85963+31869,28.628858945517205,77.22232592174235,built_up,Medium,38.76474,0.2873037,Cool roof,393548.4994357017,1.0,2.5409828812303243e-06,1422680809.8135116,False
3616,+85940+31828,28.59202801887053,77.20166467020886,built_up,Medium,38.76303,0.45278993,Cool roof,393683.65927289636,1.0,2.5401105086427096e-06,1423074493.4727845,False
3617,+85948+31866,28.626163999665007,77.20885119248138,built_up,Medium,38.757965,0.1712282,Cool roof,393558.39468167134,1.0,2.5409189932509185e-06,1423468051.8674662,False
3618,+85991+31822,28.586638127166136,77.24747874969619,built_up,Medium,38.75763,0.24705996,Cool roof,393703.4251501983,1.0,2.5399829824149967e-06,1423861755.2926164,False
3619,+85988+31825,28.589333073018334,77.24478380384399,built_up,Medium,38.75464,0.3224281,Cool roof,393693.54264598736,1.0,2.5400467411252633e-06,1424255448.8352623,False
3620,+85969+31837,28.600112856427117,77.22771581344675,built_up,Medium,38.750305,0.37358356,Cool roof,393654.0039405227,1.0,2.5403018640478256e-06,1424649102.839203,False
3621,+85961+31861,28.621672423244682,77.22052929117423,built_up,Medium,38.748505,0.36237848,Cool roof,393574.88482798473,1.0,2.5408125328857267e-06,1425042677.724031,False
3622,+85958+31820,28.584841496598006,77.21783434532203,built_up,Medium,38.747406,0.36293074,Cool roof,393710.01300361863,1.0,2.5399404815005527e-06,1425436387.7370346,False
3623,+85957+31867,28.62706231494907,77.21693603003797,built_up,Medium,38.746094,0.37462097,Cool roof,393555.0963628619,1.0,2.5409402882639576e-06,1425829942.8333974,False
3624,+85949+31866,28.626163999665007,77.20974950776545,built_up,Medium,38.743744,0.18979526,Cool roof,393558.39468167134,1.0,2.5409189932509185e-06,1426223501.228079,False
3625,+85986+31869,28.628858945517205,77.24298717327586,built_up,Medium,38.742096,0.30794647,Cool roof,393548.4994357017,1.0,2.5409828812303243e-06,1426617049.7275147,False
3626,+85994+31868,28.627960630233137,77.25017369554838,built_up,Medium,38.738922,0.35277182,Cool roof,393551.7979475385,1.0,2.5409615842570807e-06,1427010601.5254624,False
3627,+85966+31849,28.6108926398359,77.22502086759455,built_up,Medium,38.737152,0.36356118,Cool roof,393614.4513341348,1.0,2.5405571279472957e-06,1427404215.9767966,False
3628,+85980+31871,28.630655576085335,77.23759728157147,built_up,Medium,38.736664,0.32789534,Cool roof,393541.90212249075,1.0,2.541025478117316e-06,1427797757.8789191,False
3629,+85970+31836,28.599214541143052,77.22861412873081,built_up,Medium,38.736603,0.36319396,Cool roof,393657.2993635989,1.0,2.540280598420599e-06,1428191415.1782827,False
3630,+85970+31841,28.603706117563377,77.22861412873081,built_up,Medium,38.736053,0.39322573,Cool roof,393640.8212828831,1.0,2.5403869363471513e-06,1428585055.9995656,False
3631,+85958+31868,28.627960630233137,77.21783434532203,built_up,Medium,38.725677,0.38785228,Cool roof,393551.7979475385,1.0,2.5409615842570807e-06,1428978607.7975132,False
3632,+85933+31848,28.609994324551835,77.1953764632204,built_up,Medium,38.725372,0.39839706,Cool roof,393617.74791557674,1.0,2.540535850569625e-06,1429372225.5454288,False
3633,+85981+31863,28.623469053812812,77.23849559685553,built_up,Medium,38.7222,0.36356372,Cool roof,393568.2890590088,1.0,2.5408551140919464e-06,1429765793.8344877,False
3634,+85939+31871,28.630655576085335,77.2007663549248,built_up,Medium,38.720062,0.35501948,Cool roof,393541.90212249075,1.0,2.541025478117316e-06,1430159335.7366102,False
3635,+85973+31825,28.589333073018334,77.23130907458301,built_up,Medium,38.71988,0.43779966,Cool roof,393693.54264598736,1.0,2.5400467411252633e-06,1430553029.279256,False
3636,+85959+31822,28.586638127166136,77.2187326606061,built_up,Medium,38.71933,0.3956991,Cool roof,393703.4251501983,1.0,2.5399829824149967e-06,1430946732.7044063,False
3637,+85964+31862,28.622570738528747,77.22322423702643,built_up,Medium,38.71695,0.35996518,Cool roof,393571.58699175547,1.0,2.5408338229988843e-06,1431340304.291398,False
3638,+85984+31841,28.603706117563377,77.24119054270773,built_up,Medium,38.71631,0.32251877,Cool roof,393640.8212828831,1.0,2.5403869363471513e-06,1431733945.112681,False
3639,+85963+31861,28.621672423244682,77.22232592174235,built_up,Medium,38.714203,0.4165671,Cool roof,393574.88482798473,1.0,2.5408125328857267e-06,1432127519.997509,False
3640,+85972+31839,28.601909486995247,77.23041075929895,built_up,Medium,38.71341,0.41906404,Cool roof,393647.41280476865,1.0,2.540344398239332e-06,1432521167.4103138,False
3641,+85961+31819,28.58394318131394,77.22052929117423,built_up,Medium,38.71118,0.3922934,Cool roof,393713.30678551074,1.0,2.5399192325109433e-06,1432914880.7170994,False
3642,+85951+31848,28.609994324551835,77.21154613833357,built_up,Medium,38.710785,0.36588448,Cool roof,393617.74791557674,1.0,2.540535850569625e-06,1433308498.465015,False
3643,+85958+31862,28.622570738528747,77.21783434532203,built_up,Medium,38.705475,0.30331868,Cool roof,393571.58699175547,1.0,2.5408338229988843e-06,1433702070.0520067,False
3644,+85938+31867,28.62706231494907,77.19986803964073,built_up,Medium,38.70529,0.34747827,Cool roof,393555.0963628619,1.0,2.5409402882639576e-06,1434095625.1483696,False
3645,+86007+31894,28.651316827618835,77.26185179424122,built_up,Medium,38.69983,0.30601636,Cool roof,393466.00527491106,1.0,2.5415156242057283e-06,1434489091.1536446,False
3646,+85969+31860,28.620774107960617,77.22771581344675,built_up,Medium,38.699707,0.30700925,Cool roof,393578.1825676959,1.0,2.5407912437524376e-06,1434882669.3362122,False
3647,+85997+31873,28.632452206653465,77.25286864140058,built_up,Medium,38.69821,0.411827,Cool roof,393535.3044232345,1.0,2.5410680789252197e-06,1435276204.6406355,False
3648,+85982+31875,28.634248837221595,77.2393939121396,built_up,Medium,38.693512,0.3647651,Cool roof,393528.7063379382,1.0,2.5411106836543245e-06,1435669733.3469734,False
3649,+85946+31846,28.6081976939837,77.20705456191325,built_up,Medium,38.689972,0.3819288,Cool roof,393624.3407888798,1.0,2.540493298752451e-06,1436063357.6877623,False
3650,+85974+31824,28.58843475773427,77.23220738986707,built_up,Medium,38.687775,0.4099346,Cool roof,393696.8369106009,1.0,2.5400254872433124e-06,1436457054.5246727,False
3651,+85951+31860,28.620774107960617,77.21154613833357,built_up,Medium,38.686737,0.22925466,Cool roof,393578.1825676959,1.0,2.5407912437524376e-06,1436850632.7072403,False
3652,+85975+31867,28.62706231494907,77.23310570515115,built_up,Medium,38.686066,0.3717149,Cool roof,393555.0963628619,1.0,2.5409402882639576e-06,1437244187.8036032,False
3653,+85964+31869,28.628858945517205,77.22322423702643,built_up,Medium,38.68573,0.30272236,Cool roof,393548.4994357017,1.0,2.5409828812303243e-06,1437637736.3030388,False
3654,+85958+31822,28.586638127166136,77.21783434532203,built_up,Medium,38.681976,0.3396424,Cool roof,393703.4251501983,1.0,2.5399829824149967e-06,1438031439.728189,False
3655,+85954+31822,28.586638127166136,77.21424108418577,built_up,Medium,38.68164,0.36178023,Cool roof,393703.4251501983,1.0,2.5399829824149967e-06,1438425143.1533391,False
3656,+85960+31857,28.61807916210842,77.21963097589017,built_up,Medium,38.67685,0.41999257,Cool roof,393588.07520771434,1.0,2.5407273822314218e-06,1438818731.2285469,False
3657,+85963+31862,28.622570738528747,77.22232592174235,built_up,Medium,38.67682,0.376308,Cool roof,393571.58699175547,1.0,2.5408338229988843e-06,1439212302.8155386,False
3658,+85964+31835,28.598316225858984,77.22322423702643,built_up,Medium,38.676056,0.34892035,Cool roof,393660.59469014016,1.0,2.5402593337723435e-06,1439605963.4102287,False
3659,+85966+31845,28.607299378699636,77.22502086759455,built_up,Medium,38.672638,0.3911138,Cool roof,393627.6370807394,1.0,2.5404720243128756e-06,1439999591.0473094,False
3660,+86001+31885,28.643231990062247,77.25646190253684,built_up,Medium,38.67096,0.36754793,Cool roof,393495.7101210463,1.0,2.541323766127926e-06,1440393086.7574306,False
3661,+85952+31872,28.6315538913694,77.21244445361764,built_up,Medium,38.670837,0.42398116,Cool roof,393538.6033211179,1.0,2.5410467780311365e-06,1440786625.3607516,False
3662,+85967+31831,28.594722964722724,77.22591918287863,built_up,Medium,38.666077,0.30270064,Cool roof,393673.77503094316,1.0,2.5401742849683066e-06,1441180299.1357825,False
3663,+85983+31842,28.60460443284744,77.24029222742367,built_up,Medium,38.664154,0.30644795,Cool roof,393637.5253771429,1.0,2.540408206869767e-06,1441573936.6611595,False
3664,+85968+31848,28.609994324551835,77.22681749816269,built_up,Medium,38.663116,0.41368547,Cool roof,393617.74791557674,1.0,2.540535850569625e-06,1441967554.409075,False
3665,+85937+31838,28.601011171711182,77.19896972435666,built_up,Medium,38.658417,0.35666534,Cool roof,393650.70842091256,1.0,2.540323130654057e-06,1442361205.117496,False
3666,+85966+31843,28.605502748131507,77.22502086759455,built_up,Medium,38.657013,0.34354982,Cool roof,393634.22937487165,1.0,2.54042947837157e-06,1442754839.346871,False
3667,+85933+31864,28.624367369096877,77.1953764632204,built_up,Medium,38.656525,0.36606333,Cool roof,393564.99102974543,1.0,2.540876406164949e-06,1443148404.3379006,False
3668,+85970+31840,28.60280780227931,77.22861412873081,built_up,Medium,38.65341,0.4349227,Cool roof,393644.11709209194,1.0,2.5403656668036852e-06,1443542048.4549928,False
3669,+85979+31862,28.622570738528747,77.2366989662874,built_up,Medium,38.65164,0.39207354,Cool roof,393571.58699175547,1.0,2.5408338229988843e-06,1443935620.0419846,False
3670,+85960+31823,28.5875364424502,77.21963097589017,built_up,Medium,38.649475,0.41343784,Cool roof,393700.13107867143,1.0,2.540004234339902e-06,1444329320.1730633,False
3671,+85981+31875,28.634248837221595,77.23849559685553,built_up,Medium,38.64923,0.41145843,Cool roof,393528.7063379382,1.0,2.5411106836543245e-06,1444722848.8794012,False
3672,+85988+31830,28.59382464943866,77.24478380384399,built_up,Medium,38.64914,0.3049065,Cool roof,393677.0698747999,1.0,2.540153025214365e-06,1445116525.949276,False
3673,+85968+31837,28.600112856427117,77.22681749816269,built_up,Medium,38.648956,0.30563492,Cool roof,393654.0039405227,1.0,2.5403018640478256e-06,1445510179.9532166,False
3674,+85969+31839,28.601909486995247,77.22771581344675,built_up,Medium,38.64853,0.37881342,Cool roof,393647.41280476865,1.0,2.540344398239332e-06,1445903827.3660214,False
3675,+85934+31861,28.621672423244682,77.19627477850447,built_up,Medium,38.648224,0.37465885,Cool roof,393574.88482798473,1.0,2.5408125328857267e-06,1446297402.2508495,False
3676,+85963+31844,28.60640106341557,77.22232592174235,built_up,Medium,38.646088,0.43724883,Cool roof,393630.93327607034,1.0,2.5404507508525932e-06,1446691033.1841257,False
3677,+85947+31871,28.630655576085335,77.20795287719731,built_up,Medium,38.643158,0.32674202,Cool roof,393541.90212249075,1.0,2.541025478117316e-06,1447084575.0862482,False
3678,+85947+31829,28.592926334154594,77.20795287719731,built_up,Medium,38.643097,0.42838395,Cool roof,393680.36462211795,1.0,2.5401317664391776e-06,1447478255.4508703,False
3679,+85989+31824,28.58843475773427,77.24568211912806,built_up,Medium,38.640533,0.24894886,Cool roof,393696.8369106009,1.0,2.5400254872433124e-06,1447871952.2877808,False
3680,+85985+31896,28.653113458186965,77.24208885799179,built_up,Medium,38.638153,0.39296567,Cool roof,393459.4031365207,1.0,2.541558270124821e-06,1448265411.6909173,False
3681,+85953+31824,28.58843475773427,77.21334276890171,built_up,Medium,38.636414,0.34585565,Cool roof,393696.8369106009,1.0,2.5400254872433124e-06,1448659108.5278277,False
3682,+85976+31860,28.620774107960617,77.23400402043521,built_up,Medium,38.634796,0.3703064,Cool roof,393578.1825676959,1.0,2.5407912437524376e-06,1449052686.7103953,False
3683,+85965+31836,28.599214541143052,77.22412255231049,built_up,Medium,38.634583,0.34013557,Cool roof,393657.2993635989,1.0,2.540280598420599e-06,1449446344.009759,False
3684,+85988+31874,28.63335052193753,77.24478380384399,built_up,Medium,38.628693,0.2214467,Cool roof,393532.00542884105,1.0,2.541089380799604e-06,1449839876.0151877,False
3685,+85981+31871,28.630655576085335,77.23849559685553,built_up,Medium,38.625763,0.3882452,Cool roof,393541.90212249075,1.0,2.541025478117316e-06,1450233417.9173102,False
3686,+85969+31840,28.60280780227931,77.22771581344675,built_up,Medium,38.624878,0.39586875,Cool roof,393644.11709209194,1.0,2.5403656668036852e-06,1450627062.0344024,False
3687,+85957+31849,28.6108926398359,77.21693603003797,built_up,Medium,38.623505,0.2442492,Cool roof,393614.4513341348,1.0,2.5405571279472957e-06,1451020676.4857366,False
3688,+85976+31862,28.622570738528747,77.23400402043521,built_up,Medium,38.622894,0.34967393,Cool roof,393571.58699175547,1.0,2.5408338229988843e-06,1451414248.0727284,False
3689,+85933+31846,28.6081976939837,77.1953764632204,built_up,Medium,38.619995,0.37461883,Cool roof,393624.3407888798,1.0,2.540493298752451e-06,1451807872.4135172,False
3690,+85964+31838,28.601011171711182,77.22322423702643,built_up,Medium,38.618317,0.34153253,Cool roof,393650.70842091256,1.0,2.540323130654057e-06,1452201523.1219382,False
3691,+85970+31878,28.63694378307379,77.22861412873081,built_up,Medium,38.617096,0.45962387,Cool roof,393518.80848618085,1.0,2.5411745981008603e-06,1452595041.9304245,False
3692,+85981+31859,28.619875792676552,77.23849559685553,built_up,Medium,38.616486,0.39193854,Cool roof,393581.4802108883,1.0,2.5407699555989813e-06,1452988623.4106352,False
3693,+85965+31839,28.601909486995247,77.22412255231049,built_up,Medium,38.616302,0.4055098,Cool roof,393647.41280476865,1.0,2.540344398239332e-06,1453382270.82344,False
3694,+85967+31838,28.601011171711182,77.22591918287863,built_up,Medium,38.615204,0.3751619,Cool roof,393650.70842091256,1.0,2.540323130654057e-06,1453775921.531861,False
3695,+85966+31839,28.601909486995247,77.22502086759455,built_up,Medium,38.613068,0.4553845,Cool roof,393647.41280476865,1.0,2.540344398239332e-06,1454169568.944666,False
3696,+85959+31823,28.5875364424502,77.2187326606061,built_up,Medium,38.611725,0.4093009,Cool roof,393700.13107867143,1.0,2.540004234339902e-06,1454563269.0757446,False
3697,+85975+31821,28.58573981188207,77.23310570515115,built_up,Medium,38.611267,0.35885313,Cool roof,393706.7191251809,1.0,2.5399617314685587e-06,1454956975.79487,False
3698,+85966+31861,28.621672423244682,77.22502086759455,built_up,Medium,38.606415,0.29277682,Cool roof,393574.88482798473,1.0,2.5408125328857267e-06,1455350550.679698,False
3699,+85948+31847,28.60909600926777,77.20885119248138,built_up,Medium,38.60611,0.37431678,Cool roof,393621.04440049216,1.0,2.540514574171354e-06,1455744171.7240984,False
3700,+85949+31862,28.622570738528747,77.20974950776545,built_up,Medium,38.60074,0.35141727,Cool roof,393571.58699175547,1.0,2.5408338229988843e-06,1456137743.3110902,False
3701,+85936+31859,28.619875792676552,77.1980714090726,built_up,Medium,38.600677,0.37410226,Cool roof,393581.4802108883,1.0,2.5407699555989813e-06,1456531324.791301,False
3702,+85933+31860,28.620774107960617,77.1953764632204,built_up,Medium,38.59372,0.35771096,Cool roof,393578.1825676959,1.0,2.5407912437524376e-06,1456924902.9738686,False
3703,+85965+31861,28.621672423244682,77.22412255231049,built_up,Medium,38.59253,0.40109077,Cool roof,393574.88482798473,1.0,2.5408125328857267e-06,1457318477.8586967,False
3704,+85987+31822,28.586638127166136,77.24388548855993,built_up,Medium,38.58902,0.35105193,Cool roof,393703.4251501983,1.0,2.5399829824149967e-06,1457712181.2838469,False
3705,+85970+31857,28.61807916210842,77.22861412873081,built_up,Medium,38.588043,0.32450908,Cool roof,393588.07520771434,1.0,2.5407273822314218e-06,1458105769.3590546,False
3706,+85967+31848,28.609994324551835,77.22591918287863,built_up,Medium,38.585907,0.43590125,Cool roof,393617.74791557674,1.0,2.540535850569625e-06,1458499387.10697,False
3707,+85963+31860,28.620774107960617,77.22232592174235,built_up,Medium,38.58548,0.39716062,Cool roof,393578.1825676959,1.0,2.5407912437524376e-06,1458892965.2895377,False
3708,+85964+31867,28.62706231494907,77.22322423702643,built_up,Medium,38.585297,0.31534812,Cool roof,393555.0963628619,1.0,2.5409402882639576e-06,1459286520.3859005,False
3709,+85980+31870,28.62975726080127,77.23759728157147,built_up,Medium,38.585052,0.37470934,Cool roof,393545.20082735224,1.0,2.541004179183724e-06,1459680065.5867279,False
3710,+85967+31837,28.600112856427117,77.22591918287863,built_up,Medium,38.584167,0.35454175,Cool roof,393654.0039405227,1.0,2.5403018640478256e-06,1460073719.5906684,False
3711,+85997+31857,28.61807916210842,77.25286864140058,built_up,Medium,38.57779,0.3989698,Cool roof,393588.07520771434,1.0,2.5407273822314218e-06,1460467307.6658762,False
3712,+85983+31841,28.603706117563377,77.24029222742367,built_up,Medium,38.575897,0.2592817,Cool roof,393640.8212828831,1.0,2.5403869363471513e-06,1460860948.487159,False
3713,+85942+31873,28.632452206653465,77.203461300777,built_up,Medium,38.57498,0.4322367,Cool roof,393535.3044232345,1.0,2.5410680789252197e-06,1461254483.7915823,False
3714,+85949+31870,28.62975726080127,77.20974950776545,built_up,Medium,38.5737,0.4624217,Cool roof,393545.20082735224,1.0,2.541004179183724e-06,1461648028.9924097,False
3715,+85965+31860,28.620774107960617,77.22412255231049,built_up,Medium,38.571747,0.38463464,Cool roof,393578.1825676959,1.0,2.5407912437524376e-06,1462041607.1749773,False
3716,+85941+31859,28.619875792676552,77.20256298549292,built_up,Medium,38.57144,0.26723248,Cool roof,393581.4802108883,1.0,2.5407699555989813e-06,1462435188.655188,False
3717,+85964+31865,28.625265684380942,77.22322423702643,built_up,Medium,38.57013,0.35010362,Cool roof,393561.6929039662,1.0,2.540897699217927e-06,1462828750.348092,False
3718,+85951+31864,28.624367369096877,77.21154613833357,built_up,Medium,38.569946,0.3935632,Cool roof,393564.99102974543,1.0,2.540876406164949e-06,1463222315.3391218,False
3719,+85973+31824,28.58843475773427,77.23130907458301,built_up,Medium,38.56961,0.3798412,Cool roof,393696.8369106009,1.0,2.5400254872433124e-06,1463616012.1760323,False
3720,+85958+31863,28.623469053812812,77.21783434532203,built_up,Medium,38.568817,0.34740198,Cool roof,393568.2890590088,1.0,2.5408551140919464e-06,1464009580.4650912,False
3721,+85951+31873,28.632452206653465,77.21154613833357,built_up,Medium,38.565857,0.41419873,Cool roof,393535.3044232345,1.0,2.5410680789252197e-06,1464403115.7695146,False
3722,+85983+31850,28.611790955119965,77.24029222742367,built_up,Medium,38.55954,0.34924856,Cool roof,393611.1546561666,1.0,2.540578406304404e-06,1464796726.9241707,False
3723,+85953+31868,28.627960630233137,77.21334276890171,built_up,Medium,38.558624,0.31341934,Cool roof,393551.7979475385,1.0,2.5409615842570807e-06,1465190278.7221184,False
3724,+85967+31866,28.626163999665007,77.22591918287863,built_up,Medium,38.55838,0.28609675,Cool roof,393558.39468167134,1.0,2.5409189932509185e-06,1465583837.1168,False
3725,+85967+31865,28.625265684380942,77.22591918287863,built_up,Medium,38.555847,0.35651034,Cool roof,393561.6929039662,1.0,2.540897699217927e-06,1465977398.809704,False
3726,+85991+31821,28.58573981188207,77.24747874969619,built_up,Medium,38.554474,0.34786347,Cool roof,393706.7191251809,1.0,2.5399617314685587e-06,1466371105.5288293,False
3727,+85938+31843,28.605502748131507,77.19986803964073,built_up,Medium,38.55246,0.4130132,Cool roof,393634.22937487165,1.0,2.54042947837157e-06,1466764739.7582042,False
3728,+85993+31897,28.65401177347103,77.24927538026432,built_up,Medium,38.551056,0.37097517,Cool roof,393456.10192258324,1.0,2.5415795945560422e-06,1467158195.8601267,False
3729,+85952+31865,28.625265684380942,77.21244445361764,built_up,Medium,38.5455,0.224452,Cool roof,393561.6929039662,1.0,2.540897699217927e-06,1467551757.5530307,False
3730,+85984+31893,28.65041851233477,77.24119054270773,built_up,Medium,38.543854,0.40509427,Cool roof,393469.30619936297,1.0,2.5414943027177834e-06,1467945226.85923,False
3731,+85941+31873,28.632452206653465,77.20256298549292,built_up,Medium,38.54068,0.36196372,Cool roof,393535.3044232345,1.0,2.5410680789252197e-06,1468338762.1636534,False
3732,+85953+31867,28.62706231494907,77.21334276890171,built_up,Medium,38.53659,0.37519383,Cool roof,393555.0963628619,1.0,2.5409402882639576e-06,1468732317.2600162,False
3733,+85968+31867,28.62706231494907,77.22681749816269,built_up,Medium,38.535156,0.39028898,Cool roof,393555.0963628619,1.0,2.5409402882639576e-06,1469125872.356379,False
3734,+85966+31837,28.600112856427117,77.22502086759455,built_up,Medium,38.532806,0.4181332,Cool roof,393654.0039405227,1.0,2.5403018640478256e-06,1469519526.3603196,False
3735,+85966+31860,28.620774107960617,77.22502086759455,built_up,Medium,38.532104,0.22737518,Cool roof,393578.1825676959,1.0,2.5407912437524376e-06,1469913104.5428872,False
3736,+85938+31871,28.630655576085335,77.19986803964073,built_up,Medium,38.530273,0.40476772,Cool roof,393541.90212249075,1.0,2.541025478117316e-06,1470306646.4450097,False
3737,+85967+31847,28.60909600926777,77.22591918287863,built_up,Medium,38.528778,0.4520616,Cool roof,393621.04440049216,1.0,2.540514574171354e-06,1470700267.4894102,False
3738,+85945+31861,28.621672423244682,77.20615624662919,built_up,Medium,38.52762,0.4013229,Cool roof,393574.88482798473,1.0,2.5408125328857267e-06,1471093842.3742383,False
3739,+85988+31824,28.58843475773427,77.24478380384399,built_up,Medium,38.52365,0.3141711,Cool roof,393696.8369106009,1.0,2.5400254872433124e-06,1471487539.2111487,False
3740,+85958+31869,28.628858945517205,77.21783434532203,built_up,Medium,38.52249,0.33365068,Cool roof,393548.4994357017,1.0,2.5409828812303243e-06,1471881087.7105844,False
3741,+85978+31862,28.622570738528747,77.23580065100334,built_up,Medium,38.521698,0.31827933,Cool roof,393571.58699175547,1.0,2.5408338229988843e-06,1472274659.2975762,False
3742,+85993+31826,28.5902313883024,77.24927538026432,built_up,Medium,38.52066,0.36608052,Cool roof,393690.24828483176,1.0,2.540067995985788e-06,1472668349.545861,False
3743,+85970+31842,28.60460443284744,77.22861412873081,built_up,Medium,38.519135,0.4099725,Cool roof,393637.5253771429,1.0,2.540408206869767e-06,1473061987.071238,False
3744,+85941+31860,28.620774107960617,77.20256298549292,built_up,Medium,38.515656,0.41127276,Cool roof,393578.1825676959,1.0,2.5407912437524376e-06,1473455565.2538056,False
3745,+85981+31874,28.63335052193753,77.23849559685553,built_up,Medium,38.51233,0.4253769,Cool roof,393532.00542884105,1.0,2.541089380799604e-06,1473849097.2592344,False
3746,+85953+31859,28.619875792676552,77.21334276890171,built_up,Medium,38.51169,0.3366684,Cool roof,393581.4802108883,1.0,2.5407699555989813e-06,1474242678.7394452,False
3747,+85973+31864,28.624367369096877,77.23130907458301,built_up,Medium,38.511505,0.38467184,Cool roof,393564.99102974543,1.0,2.540876406164949e-06,1474636243.730475,False
3748,+85950+31859,28.619875792676552,77.21064782304951,built_up,Medium,38.506195,0.32457504,Cool roof,393581.4802108883,1.0,2.5407699555989813e-06,1475029825.2106857,False
3749,+85948+31872,28.6315538913694,77.20885119248138,built_up,Medium,38.503387,0.4034798,Cool roof,393538.6033211179,1.0,2.5410467780311365e-06,1475423363.8140068,False
3750,+85947+31865,28.625265684380942,77.20795287719731,built_up,Medium,38.503082,0.44070148,Cool roof,393561.6929039662,1.0,2.540897699217927e-06,1475816925.5069108,False
3751,+85940+31859,28.619875792676552,77.20166467020886,built_up,Medium,38.50174,0.40198207,Cool roof,393581.4802108883,1.0,2.5407699555989813e-06,1476210506.9871216,False
3752,+85960+31821,28.58573981188207,77.21963097589017,built_up,Medium,38.500763,0.40426093,Cool roof,393706.7191251809,1.0,2.5399617314685587e-06,1476604213.7062469,False
3753,+85971+31841,28.603706117563377,77.22951244401489,built_up,Medium,38.49762,0.40163234,Cool roof,393640.8212828831,1.0,2.5403869363471513e-06,1476997854.5275297,False
3754,+85933+31819,28.58394318131394,77.1953764632204,built_up,Medium,38.496613,0.4221692,Cool roof,393713.30678551074,1.0,2.5399192325109433e-06,1477391567.8343153,False
3755,+85958+31850,28.611790955119965,77.21783434532203,built_up,Medium,38.494934,0.32768854,Cool roof,393611.1546561666,1.0,2.540578406304404e-06,1477785178.9889715,False
3756,+85972+31846,28.6081976939837,77.23041075929895,built_up,Medium,38.49234,0.44519374,Cool roof,393624.3407888798,1.0,2.540493298752451e-06,1478178803.3297603,False
3757,+85983+31843,28.605502748131507,77.24029222742367,built_up,Medium,38.49118,0.37526983,Cool roof,393634.22937487165,1.0,2.54042947837157e-06,1478572437.5591352,False
3758,+85965+31837,28.600112856427117,77.22412255231049,built_up,Medium,38.486877,0.42208824,Cool roof,393654.0039405227,1.0,2.5403018640478256e-06,1478966091.5630758,False
3759,+85957+31862,28.622570738528747,77.21693603003797,built_up,Medium,38.485016,0.33158422,Cool roof,393571.58699175547,1.0,2.5408338229988843e-06,1479359663.1500676,False
3760,+85937+31858,28.618977477392487,77.19896972435666,built_up,Medium,38.483887,0.41376576,Cool roof,393584.7777575614,1.0,2.5407486684253207e-06,1479753247.9278252,False
3761,+85946+31863,28.623469053812812,77.20705456191325,built_up,Medium,38.48056,0.44813773,Cool roof,393568.2890590088,1.0,2.5408551140919464e-06,1480146816.2168841,False
3762,+85950+31866,28.626163999665007,77.21064782304951,built_up,Medium,38.48001,0.43201926,Cool roof,393558.39468167134,1.0,2.5409189932509185e-06,1480540374.6115658,False
3763,+85990+31823,28.5875364424502,77.24658043441212,built_up,Medium,38.469635,0.25286937,Cool roof,393700.13107867143,1.0,2.540004234339902e-06,1480934074.7426445,False
3764,+85987+31874,28.63335052193753,77.24388548855993,built_up,Medium,38.46939,0.23500589,Cool roof,393532.00542884105,1.0,2.541089380799604e-06,1481327606.7480733,False
3765,+85969+31857,28.61807916210842,77.22771581344675,built_up,Medium,38.467377,0.3993221,Cool roof,393588.07520771434,1.0,2.5407273822314218e-06,1481721194.823281,False
3766,+85937+31839,28.601909486995247,77.19896972435666,built_up,Medium,38.464752,0.2987682,Cool roof,393647.41280476865,1.0,2.540344398239332e-06,1482114842.236086,False
3767,+86005+31868,28.627960630233137,77.2600551636731,built_up,Medium,38.458466,0.451302,Cool roof,393551.7979475385,1.0,2.5409615842570807e-06,1482508394.0340335,False
3768,+85984+31840,28.60280780227931,77.24119054270773,built_up,Medium,38.457,0.35077244,Cool roof,393644.11709209194,1.0,2.5403656668036852e-06,1482902038.1511257,False
3769,+85963+31835,28.598316225858984,77.22232592174235,built_up,Medium,38.456696,0.43541506,Cool roof,393660.59469014016,1.0,2.5402593337723435e-06,1483295698.7458158,False
3770,+85967+31849,28.6108926398359,77.22591918287863,built_up,Medium,38.452667,0.34159437,Cool roof,393614.4513341348,1.0,2.5405571279472957e-06,1483689313.19715,False
3771,+85968+31846,28.6081976939837,77.22681749816269,built_up,Medium,38.451324,0.28815168,Cool roof,393624.3407888798,1.0,2.540493298752451e-06,1484082937.5379388,False
3772,+85957+31824,28.58843475773427,77.21693603003797,built_up,Medium,38.448273,0.35539812,Cool roof,393696.8369106009,1.0,2.5400254872433124e-06,1484476634.3748493,False
3773,+85936+31862,28.622570738528747,77.1980714090726,built_up,Medium,38.44455,0.44018856,Cool roof,393571.58699175547,1.0,2.5408338229988843e-06,1484870205.961841,False
3774,+85957+31864,28.624367369096877,77.21693603003797,built_up,Medium,38.440247,0.35812598,Cool roof,393564.99102974543,1.0,2.540876406164949e-06,1485263770.9528708,False
3775,+85968+31847,28.60909600926777,77.22681749816269,built_up,Medium,38.439392,0.43453476,Cool roof,393621.04440049216,1.0,2.540514574171354e-06,1485657391.9972713,False
3776,+85939+31867,28.62706231494907,77.2007663549248,built_up,Medium,38.437836,0.41823485,Cool roof,393555.0963628619,1.0,2.5409402882639576e-06,1486050947.0936341,False
3777,+85979+31871,28.630655576085335,77.2366989662874,built_up,Medium,38.424713,0.38381794,Cool roof,393541.90212249075,1.0,2.541025478117316e-06,1486444488.9957566,False
3778,+85954+31861,28.621672423244682,77.21424108418577,built_up,Medium,38.423126,0.4011203,Cool roof,393574.88482798473,1.0,2.5408125328857267e-06,1486838063.8805847,False
3779,+85978+31856,28.617180846824354,77.23580065100334,built_up,Medium,38.419556,0.37476978,Cool roof,393591.3725613467,1.0,2.540706097017246e-06,1487231655.2531462,False
3780,+85966+31851,28.61268927040403,77.22502086759455,built_up,Medium,38.41394,0.39004987,Cool roof,393607.8578816729,1.0,2.5405996856409857e-06,1487625263.111028,False
3781,+85951+31859,28.619875792676552,77.21154613833357,built_up,Medium,38.411865,0.31179214,Cool roof,393581.4802108883,1.0,2.5407699555989813e-06,1488018844.5912387,False
3782,+85937+31831,28.594722964722724,77.19896972435666,built_up,Medium,38.411102,0.39697257,Cool roof,393673.77503094316,1.0,2.5401742849683066e-06,1488412518.3662696,False
3783,+85955+31823,28.5875364424502,77.21513939946983,built_up,Medium,38.39981,0.42180297,Cool roof,393700.13107867143,1.0,2.540004234339902e-06,1488806218.4973483,False
3784,+85949+31877,28.636045467789724,77.20974950776545,built_up,Medium,38.399323,0.4188074,Cool roof,393522.10786660743,1.0,2.5411532923049165e-06,1489199740.6052148,False
3785,+85986+31822,28.586638127166136,77.24298717327586,built_up,Medium,38.39615,0.33336818,Cool roof,393703.4251501983,1.0,2.5399829824149967e-06,1489593444.030365,False
3786,+85968+31839,28.601909486995247,77.22681749816269,built_up,Medium,38.395782,0.34247115,Cool roof,393647.41280476865,1.0,2.540344398239332e-06,1489987091.4431698,False
3787,+85959+31862,28.622570738528747,77.2187326606061,built_up,Medium,38.394775,0.35426408,Cool roof,393571.58699175547,1.0,2.5408338229988843e-06,1490380663.0301616,False
3788,+85967+31846,28.6081976939837,77.22591918287863,built_up,Medium,38.394623,0.3498254,Cool roof,393624.3407888798,1.0,2.540493298752451e-06,1490774287.3709505,False
3789,+85937+31834,28.59741791057492,77.19896972435666,built_up,Medium,38.38974,0.3805978,Cool roof,393663.8899201458,1.0,2.540238070103023e-06,1491167951.2608707,False
3790,+85971+31846,28.6081976939837,77.22951244401489,built_up,Medium,38.378326,0.3839044,Cool roof,393624.3407888798,1.0,2.540493298752451e-06,1491561575.6016595,False
3791,+85940+31847,28.60909600926777,77.20166467020886,built_up,Medium,38.374847,0.3172238,Cool roof,393621.04440049216,1.0,2.540514574171354e-06,1491955196.64606,False
3792,+85984+31838,28.601011171711182,77.24119054270773,built_up,Medium,38.37082,0.3412072,Cool roof,393650.70842091256,1.0,2.540323130654057e-06,1492348847.354481,False
3793,+85967+31839,28.601909486995247,77.22591918287863,built_up,Medium,38.37036,0.4381175,Cool roof,393647.41280476865,1.0,2.540344398239332e-06,1492742494.7672858,False
3794,+85956+31824,28.58843475773427,77.21603771475391,built_up,Medium,38.368683,0.33603236,Cool roof,393696.8369106009,1.0,2.5400254872433124e-06,1493136191.6041963,False
3795,+85943+31873,28.632452206653465,77.20435961606105,built_up,Medium,38.36728,0.3785332,Cool roof,393535.3044232345,1.0,2.5410680789252197e-06,1493529726.9086196,False
3796,+85962+31840,28.60280780227931,77.22142760645829,built_up,Medium,38.362976,0.31005117,Cool roof,393644.11709209194,1.0,2.5403656668036852e-06,1493923371.0257118,False
3797,+85985+31837,28.600112856427117,77.24208885799179,built_up,Medium,38.349426,0.3491428,Cool roof,393654.0039405227,1.0,2.5403018640478256e-06,1494317025.0296524,False
3798,+85973+31863,28.623469053812812,77.23130907458301,built_up,Medium,38.349396,0.35795915,Cool roof,393568.2890590088,1.0,2.5408551140919464e-06,1494710593.3187113,False
3799,+85968+31866,28.626163999665007,77.22681749816269,built_up,Medium,38.347687,0.29487696,Cool roof,393558.39468167134,1.0,2.5409189932509185e-06,1495104151.713393,False
3800,+85937+31871,28.630655576085335,77.19896972435666,built_up,Medium,38.347015,0.36127654,Cool roof,393541.90212249075,1.0,2.541025478117316e-06,1495497693.6155155,False
3801,+85963+31866,28.626163999665007,77.22232592174235,built_up,Medium,38.34494,0.4131893,Cool roof,393558.39468167134,1.0,2.5409189932509185e-06,1495891252.0101972,False
3802,+85987+31824,28.58843475773427,77.24388548855993,built_up,Medium,38.33914,0.30286542,Cool roof,393696.8369106009,1.0,2.5400254872433124e-06,1496284948.8471076,False
3803,+85971+31837,28.600112856427117,77.22951244401489,built_up,Medium,38.327515,0.364736,Cool roof,393654.0039405227,1.0,2.5403018640478256e-06,1496678602.8510482,False
3804,+85971+31836,28.599214541143052,77.22951244401489,built_up,Medium,38.32437,0.3564194,Cool roof,393657.2993635989,1.0,2.540280598420599e-06,1497072260.1504118,False
3805,+85964+31836,28.599214541143052,77.22322423702643,built_up,Medium,38.321136,0.39206582,Cool roof,393657.2993635989,1.0,2.540280598420599e-06,1497465917.4497755,False
3806,+85988+31823,28.5875364424502,77.24478380384399,built_up,Medium,38.31601,0.27637872,Cool roof,393700.13107867143,1.0,2.540004234339902e-06,1497859617.5808542,False
3807,+85981+31873,28.632452206653465,77.23849559685553,built_up,Medium,38.315887,0.42188227,Cool roof,393535.3044232345,1.0,2.5410680789252197e-06,1498253152.8852775,False
3808,+85954+31823,28.5875364424502,77.21424108418577,built_up,Medium,38.31546,0.38167295,Cool roof,393700.13107867143,1.0,2.540004234339902e-06,1498646853.0163562,False
3809,+85967+31845,28.607299378699636,77.22591918287863,built_up,Medium,38.31375,0.32321334,Cool roof,393627.6370807394,1.0,2.5404720243128756e-06,1499040480.653437,False
3810,+85967+31842,28.60460443284744,77.22591918287863,built_up,Medium,38.313324,0.42201388,Cool roof,393637.5253771429,1.0,2.540408206869767e-06,1499434118.178814,False
3811,+85948+31871,28.630655576085335,77.20885119248138,built_up,Medium,38.306335,0.42444476,Cool roof,393541.90212249075,1.0,2.541025478117316e-06,1499827660.0809364,False
3812,+85984+31843,28.605502748131507,77.24119054270773,built_up,Medium,38.305573,0.34859872,Cool roof,393634.22937487165,1.0,2.54042947837157e-06,1500221294.3103113,False
3813,+85941+31866,28.626163999665007,77.20256298549292,built_up,Medium,38.30136,0.2409568,Cool roof,393558.39468167134,1.0,2.5409189932509185e-06,1500614852.704993,False
3814,+85958+31824,28.58843475773427,77.21783434532203,built_up,Medium,38.29837,0.3485386,Cool roof,393696.8369106009,1.0,2.5400254872433124e-06,1501008549.5419035,False
3815,+85983+31840,28.60280780227931,77.24029222742367,built_up,Medium,38.297638,0.35808823,Cool roof,393644.11709209194,1.0,2.5403656668036852e-06,1501402193.6589956,False
3816,+85968+31865,28.625265684380942,77.22681749816269,built_up,Medium,38.29367,0.38242766,Cool roof,393561.6929039662,1.0,2.540897699217927e-06,1501795755.3518996,False
3817,+85950+31871,28.630655576085335,77.21064782304951,built_up,Medium,38.292816,0.4499718,Cool roof,393541.90212249075,1.0,2.541025478117316e-06,1502189297.2540221,False
3818,+85941+31865,28.625265684380942,77.20256298549292,built_up,Medium,38.29068,0.34242964,Cool roof,393561.6929039662,1.0,2.540897699217927e-06,1502582858.946926,False
3819,+85949+31865,28.625265684380942,77.20974950776545,built_up,Medium,38.282593,0.39647424,Cool roof,393561.6929039662,1.0,2.540897699217927e-06,1502976420.63983,False
3820,+85956+31848,28.609994324551835,77.21603771475391,built_up,Medium,38.281464,0.38860926,Cool roof,393617.74791557674,1.0,2.540535850569625e-06,1503370038.3877456,False
3821,+85954+31859,28.619875792676552,77.21424108418577,built_up,Medium,38.281006,0.41792697,Cool roof,393581.4802108883,1.0,2.5407699555989813e-06,1503763619.8679564,False
3822,+85989+31823,28.5875364424502,77.24568211912806,built_up,Medium,38.28055,0.25834915,Cool roof,393700.13107867143,1.0,2.540004234339902e-06,1504157319.9990351,False
3823,+85934+31857,28.61807916210842,77.19627477850447,built_up,Medium,38.276886,0.39198363,Cool roof,393588.07520771434,1.0,2.5407273822314218e-06,1504550908.0742428,False
3824,+85968+31842,28.60460443284744,77.22681749816269,built_up,Medium,38.272186,0.43037128,Cool roof,393637.5253771429,1.0,2.540408206869767e-06,1504944545.5996199,False
3825,+85975+31863,28.623469053812812,77.23310570515115,built_up,Medium,38.272003,0.27618974,Cool roof,393568.2890590088,1.0,2.5408551140919464e-06,1505338113.8886788,False
3826,+85966+31836,28.599214541143052,77.22502086759455,built_up,Medium,38.266968,0.378965,Cool roof,393657.2993635989,1.0,2.540280598420599e-06,1505731771.1880424,False
3827,+85963+31867,28.62706231494907,77.22232592174235,built_up,Medium,38.257202,0.27014375,Cool roof,393555.0963628619,1.0,2.5409402882639576e-06,1506125326.2844052,False
3828,+85937+31859,28.619875792676552,77.19896972435666,built_up,Medium,38.226715,0.4466365,Cool roof,393581.4802108883,1.0,2.5407699555989813e-06,1506518907.764616,False
3829,+85947+31863,28.623469053812812,77.20795287719731,built_up,Medium,38.2117,0.4278319,Cool roof,393568.2890590088,1.0,2.5408551140919464e-06,1506912476.053675,False
3830,+85935+31836,28.599214541143052,77.19717309378854,built_up,Medium,38.210663,0.26048255,Cool roof,393657.2993635989,1.0,2.540280598420599e-06,1507306133.3530385,False
3831,+85982+31836,28.599214541143052,77.2393939121396,built_up,Medium,38.20529,0.38019747,Cool roof,393657.2993635989,1.0,2.540280598420599e-06,1507699790.6524022,False
3832,+85936+31870,28.62975726080127,77.1980714090726,built_up,Medium,38.20117,0.41419002,Cool roof,393545.20082735224,1.0,2.541004179183724e-06,1508093335.8532295,False
3833,+85985+31872,28.6315538913694,77.24208885799179,built_up,Medium,38.200836,0.39816195,Cool roof,393538.6033211179,1.0,2.5410467780311365e-06,1508486874.4565506,False
3834,+85963+31837,28.600112856427117,77.22232592174235,built_up,Medium,38.197052,0.32073173,Cool roof,393654.0039405227,1.0,2.5403018640478256e-06,1508880528.4604912,False
3835,+85958+31861,28.621672423244682,77.21783434532203,built_up,Medium,38.189453,0.24640782,Cool roof,393574.88482798473,1.0,2.5408125328857267e-06,1509274103.3453193,False
3836,+85974+31823,28.5875364424502,77.23220738986707,built_up,Medium,38.187164,0.36803952,Cool roof,393700.13107867143,1.0,2.540004234339902e-06,1509667803.476398,False
3837,+85964+31868,28.627960630233137,77.22322423702643,built_up,Medium,38.17636,0.29186386,Cool roof,393551.7979475385,1.0,2.5409615842570807e-06,1510061355.2743456,False
3838,+85955+31824,28.58843475773427,77.21513939946983,built_up,Medium,38.169556,0.3722969,Cool roof,393696.8369106009,1.0,2.5400254872433124e-06,1510455052.1112561,False
3839,+85960+31820,28.584841496598006,77.21963097589017,built_up,Medium,38.16205,0.4076423,Cool roof,393710.01300361863,1.0,2.5399404815005527e-06,1510848762.1242597,False
3840,+85942+31867,28.62706231494907,77.203461300777,built_up,Medium,38.14261,0.32421464,Cool roof,393555.0963628619,1.0,2.5409402882639576e-06,1511242317.2206225,False
3841,+85959+31861,28.621672423244682,77.2187326606061,built_up,Medium,38.134766,0.3352616,Cool roof,393574.88482798473,1.0,2.5408125328857267e-06,1511635892.1054506,False
3842,+85974+31821,28.58573981188207,77.23220738986707,built_up,Medium,38.13205,0.37987408,Cool roof,393706.7191251809,1.0,2.5399617314685587e-06,1512029598.824576,False
3843,+85967+31840,28.60280780227931,77.22591918287863,built_up,Medium,38.13153,0.43539816,Cool roof,393644.11709209194,1.0,2.5403656668036852e-06,1512423242.941668,False
3844,+85968+31840,28.60280780227931,77.22681749816269,built_up,Medium,38.125153,0.39210936,Cool roof,393644.11709209194,1.0,2.5403656668036852e-06,1512816887.0587602,False
3845,+85954+31824,28.58843475773427,77.21424108418577,built_up,Medium,38.115234,0.37285805,Cool roof,393696.8369106009,1.0,2.5400254872433124e-06,1513210583.8956707,False
3846,+85937+31873,28.632452206653465,77.19896972435666,built_up,Medium,38.109467,0.28725457,Cool roof,393535.3044232345,1.0,2.5410680789252197e-06,1513604119.200094,False
3847,+85980+31845,28.607299378699636,77.23759728157147,built_up,Medium,38.10672,0.42429554,Cool roof,393627.6370807394,1.0,2.5404720243128756e-06,1513997746.8371747,False
3848,+85961+31859,28.619875792676552,77.22052929117423,built_up,Medium,38.099762,0.39967945,Cool roof,393581.4802108883,1.0,2.5407699555989813e-06,1514391328.3173854,False
3849,+85968+31864,28.624367369096877,77.22681749816269,built_up,Medium,38.09305,0.3116073,Cool roof,393564.99102974543,1.0,2.540876406164949e-06,1514784893.3084152,False
3850,+85968+31858,28.618977477392487,77.22681749816269,built_up,Medium,38.08838,0.346621,Cool roof,393584.7777575614,1.0,2.5407486684253207e-06,1515178478.0861728,False
3851,+85973+31823,28.5875364424502,77.23130907458301,built_up,Medium,38.078033,0.4059067,Cool roof,393700.13107867143,1.0,2.540004234339902e-06,1515572178.2172515,False
3852,+85967+31844,28.60640106341557,77.22591918287863,built_up,Medium,38.07425,0.41485283,Cool roof,393630.93327607034,1.0,2.5404507508525932e-06,1515965809.1505277,False
3853,+85992+31825,28.589333073018334,77.24837706498025,built_up,Medium,38.07425,0.37745807,Cool roof,393693.54264598736,1.0,2.5400467411252633e-06,1516359502.6931736,False
3854,+85945+31845,28.607299378699636,77.20615624662919,built_up,Medium,38.06662,0.41313314,Cool roof,393627.6370807394,1.0,2.5404720243128756e-06,1516753130.3302543,False
3855,+85944+31863,28.623469053812812,77.20525793134512,built_up,Medium,38.06314,0.35780144,Cool roof,393568.2890590088,1.0,2.5408551140919464e-06,1517146698.6193132,False
3856,+85963+31827,28.591129703586464,77.22232592174235,built_up,Medium,38.059814,0.3466064,Cool roof,393686.95382713445,1.0,2.5400892518249255e-06,1517540385.5731404,False
3857,+85934+31840,28.60280780227931,77.19627477850447,built_up,Medium,38.054657,0.42665917,Cool roof,393644.11709209194,1.0,2.5403656668036852e-06,1517934029.6902325,False
3858,+85978+31845,28.607299378699636,77.23580065100334,built_up,Medium,38.051666,0.32558087,Cool roof,393627.6370807394,1.0,2.5404720243128756e-06,1518327657.3273132,False
3859,+85937+31842,28.60460443284744,77.19896972435666,built_up,Medium,38.04898,0.39629763,Cool roof,393637.5253771429,1.0,2.540408206869767e-06,1518721294.8526902,False
3860,+85933+31839,28.601909486995247,77.1953764632204,built_up,Medium,38.04471,0.40063998,Cool roof,393647.41280476865,1.0,2.540344398239332e-06,1519114942.265495,False
3861,+85990+31822,28.586638127166136,77.24658043441212,built_up,Medium,38.044678,0.3279102,Cool roof,393703.4251501983,1.0,2.5399829824149967e-06,1519508645.6906452,False
3862,+85948+31877,28.636045467789724,77.20885119248138,built_up,Medium,38.038727,0.45150548,Cool roof,393522.10786660743,1.0,2.5411532923049165e-06,1519902167.7985117,False
3863,+85972+31864,28.624367369096877,77.23041075929895,built_up,Medium,38.03293,0.39717498,Cool roof,393564.99102974543,1.0,2.540876406164949e-06,1520295732.7895415,False
3864,+85963+31828,28.59202801887053,77.22232592174235,built_up,Medium,38.021637,0.3757976,Cool roof,393683.65927289636,1.0,2.5401105086427096e-06,1520689416.4488144,False
3865,+85941+31874,28.63335052193753,77.20256298549292,built_up,Medium,38.020294,0.34625524,Cool roof,393532.00542884105,1.0,2.541089380799604e-06,1521082948.4542432,False
3866,+85977+31845,28.607299378699636,77.23490233571927,built_up,Medium,38.017853,0.28803888,Cool roof,393627.6370807394,1.0,2.5404720243128756e-06,1521476576.0913239,False
3867,+85939+31870,28.62975726080127,77.2007663549248,built_up,Medium,38.013824,0.4373553,Cool roof,393545.20082735224,1.0,2.541004179183724e-06,1521870121.2921512,False
3868,+85934+31839,28.601909486995247,77.19627477850447,built_up,Medium,38.009613,0.34577984,Cool roof,393647.41280476865,1.0,2.540344398239332e-06,1522263768.704956,False
3869,+85941+31861,28.621672423244682,77.20256298549292,built_up,Medium,38.004913,0.4030424,Cool roof,393574.88482798473,1.0,2.5408125328857267e-06,1522657343.5897841,False
3870,+85969+31847,28.60909600926777,77.22771581344675,built_up,Medium,38.00229,0.41067624,Cool roof,393621.04440049216,1.0,2.540514574171354e-06,1523050964.6341846,False
3871,+85963+31839,28.601909486995247,77.22232592174235,built_up,Medium,37.992157,0.41833204,Cool roof,393647.41280476865,1.0,2.540344398239332e-06,1523444612.0469894,False
3872,+85940+31873,28.632452206653465,77.20166467020886,built_up,Medium,37.98941,0.38736522,Cool roof,393535.3044232345,1.0,2.5410680789252197e-06,1523838147.3514128,False
3873,+85975+31842,28.60460443284744,77.23310570515115,built_up,Medium,37.982452,0.34744528,Cool roof,393637.5253771429,1.0,2.540408206869767e-06,1524231784.8767898,False
3874,+85974+31822,28.586638127166136,77.23220738986707,built_up,Medium,37.976013,0.39054346,Cool roof,393703.4251501983,1.0,2.5399829824149967e-06,1524625488.30194,False
3875,+85948+31864,28.624367369096877,77.20885119248138,built_up,Medium,37.970795,0.43477875,Cool roof,393564.99102974543,1.0,2.540876406164949e-06,1525019053.2929697,False
3876,+85972+31845,28.607299378699636,77.23041075929895,built_up,Medium,37.959717,0.43107358,Cool roof,393627.6370807394,1.0,2.5404720243128756e-06,1525412680.9300504,False
3877,+85944+31865,28.625265684380942,77.20525793134512,built_up,Medium,37.953613,0.30343792,Cool roof,393561.6929039662,1.0,2.540897699217927e-06,1525806242.6229544,False
3878,+85973+31829,28.592926334154594,77.23130907458301,built_up,Medium,37.942078,0.35561967,Cool roof,393680.36462211795,1.0,2.5401317664391776e-06,1526199922.9875765,False
3879,+85991+31896,28.653113458186965,77.24747874969619,built_up,Medium,37.93466,0.41480267,Cool roof,393459.4031365207,1.0,2.541558270124821e-06,1526593382.390713,False
3880,+85942+31874,28.63335052193753,77.203461300777,built_up,Medium,37.931305,0.4243634,Cool roof,393532.00542884105,1.0,2.541089380799604e-06,1526986914.3961418,False
3881,+85959+31824,28.58843475773427,77.2187326606061,built_up,Medium,37.927887,0.3664849,Cool roof,393696.8369106009,1.0,2.5400254872433124e-06,1527380611.2330523,False
3882,+85974+31863,28.623469053812812,77.23220738986707,built_up,Medium,37.927032,0.34067798,Cool roof,393568.2890590088,1.0,2.5408551140919464e-06,1527774179.5221112,False
3883,+85943+31862,28.622570738528747,77.20435961606105,built_up,Medium,37.920807,0.42612666,Cool roof,393571.58699175547,1.0,2.5408338229988843e-06,1528167751.109103,False
3884,+85934+31836,28.599214541143052,77.19627477850447,built_up,Medium,37.91501,0.36195,Cool roof,393657.2993635989,1.0,2.540280598420599e-06,1528561408.4084666,False
3885,+85963+31846,28.6081976939837,77.22232592174235,built_up,Medium,37.911407,0.32004836,Cool roof,393624.3407888798,1.0,2.540493298752451e-06,1528955032.7492554,False
3886,+85936+31869,28.628858945517205,77.1980714090726,built_up,Medium,37.89041,0.38953468,Cool roof,393548.4994357017,1.0,2.5409828812303243e-06,1529348581.248691,False
3887,+85943+31863,28.623469053812812,77.20435961606105,built_up,Medium,37.87149,0.30453163,Cool roof,393568.2890590088,1.0,2.5408551140919464e-06,1529742149.53775,False
3888,+85988+31822,28.586638127166136,77.24478380384399,built_up,Medium,37.868347,0.37431726,Cool roof,393703.4251501983,1.0,2.5399829824149967e-06,1530135852.9629002,False
3889,+85985+31841,28.603706117563377,77.24208885799179,built_up,Medium,37.867615,0.36098814,Cool roof,393640.8212828831,1.0,2.5403869363471513e-06,1530529493.784183,False
3890,+85952+31848,28.609994324551835,77.21244445361764,built_up,Medium,37.864166,0.39030933,Cool roof,393617.74791557674,1.0,2.540535850569625e-06,1530923111.5320985,False
3891,+85961+31841,28.603706117563377,77.22052929117423,built_up,Medium,37.854095,0.4221794,Cool roof,393640.8212828831,1.0,2.5403869363471513e-06,1531316752.3533814,False
3892,+85986+31836,28.599214541143052,77.24298717327586,built_up,Medium,37.851288,0.34693387,Cool roof,393657.2993635989,1.0,2.540280598420599e-06,1531710409.652745,False
3893,+85952+31834,28.59741791057492,77.21244445361764,built_up,Medium,37.84555,0.40237728,Cool roof,393663.8899201458,1.0,2.540238070103023e-06,1532104073.5426652,False
3894,+85937+31840,28.60280780227931,77.19896972435666,built_up,Medium,37.842804,0.36810064,Cool roof,393644.11709209194,1.0,2.5403656668036852e-06,1532497717.6597574,False
3895,+85963+31829,28.592926334154594,77.22232592174235,built_up,Medium,37.836395,0.39060333,Cool roof,393680.36462211795,1.0,2.5401317664391776e-06,1532891398.0243795,False
3896,+85973+31822,28.586638127166136,77.23130907458301,built_up,Medium,37.83322,0.39322948,Cool roof,393703.4251501983,1.0,2.5399829824149967e-06,1533285101.4495296,False
3897,+85989+31830,28.59382464943866,77.24568211912806,built_up,Medium,37.81964,0.3729013,Cool roof,393677.0698747999,1.0,2.540153025214365e-06,1533678778.5194044,False
3898,+85957+31861,28.621672423244682,77.21693603003797,built_up,Medium,37.816895,0.31578588,Cool roof,393574.88482798473,1.0,2.5408125328857267e-06,1534072353.4042325,False
3899,+85958+31849,28.6108926398359,77.21783434532203,built_up,Medium,37.810028,0.35826358,Cool roof,393614.4513341348,1.0,2.5405571279472957e-06,1534465967.8555667,False
3900,+85972+31829,28.592926334154594,77.23041075929895,built_up,Medium,37.809998,0.39214256,Cool roof,393680.36462211795,1.0,2.5401317664391776e-06,1534859648.2201889,False
3901,+85962+31838,28.601011171711182,77.22142760645829,built_up,Medium,37.8071,0.36749926,Cool roof,393650.70842091256,1.0,2.540323130654057e-06,1535253298.9286098,False
3902,+85961+31847,28.60909600926777,77.22052929117423,built_up,Medium,37.803864,0.38635284,Cool roof,393621.04440049216,1.0,2.540514574171354e-06,1535646919.9730103,False
3903,+85986+31824,28.58843475773427,77.24298717327586,built_up,Medium,37.802063,0.38006458,Cool roof,393696.8369106009,1.0,2.5400254872433124e-06,1536040616.8099208,False
3904,+85943+31866,28.626163999665007,77.20435961606105,built_up,Medium,37.77707,0.41653758,Cool roof,393558.39468167134,1.0,2.5409189932509185e-06,1536434175.2046025,False
3905,+85971+31842,28.60460443284744,77.22951244401489,built_up,Medium,37.762848,0.3828128,Cool roof,393637.5253771429,1.0,2.540408206869767e-06,1536827812.7299795,False
3906,+85964+31830,28.59382464943866,77.22322423702643,built_up,Medium,37.762787,0.3952556,Cool roof,393677.0698747999,1.0,2.540153025214365e-06,1537221489.7998543,False
3907,+86007+31838,28.601011171711182,77.26185179424122,built_up,Medium,37.76062,0.14690652,Cool roof,393650.70842091256,1.0,2.540323130654057e-06,1537615140.5082753,False
3908,+85946+31845,28.607299378699636,77.20705456191325,built_up,Medium,37.757782,0.41573012,Cool roof,393627.6370807394,1.0,2.5404720243128756e-06,1538008768.145356,False
3909,+85938+31839,28.601909486995247,77.19986803964073,built_up,Medium,37.74704,0.34837893,Cool roof,393647.41280476865,1.0,2.540344398239332e-06,1538402415.5581608,False
3910,+86008+31837,28.600112856427117,77.2627501095253,built_up,Medium,37.74231,0.23455065,Cool roof,393654.0039405227,1.0,2.5403018640478256e-06,1538796069.5621014,False
3911,+85969+31864,28.624367369096877,77.22771581344675,built_up,Medium,37.7294,0.34529504,Cool roof,393564.99102974543,1.0,2.540876406164949e-06,1539189634.553131,False
3912,+85956+31840,28.60280780227931,77.21603771475391,built_up,Medium,37.725403,0.3934204,Cool roof,393644.11709209194,1.0,2.5403656668036852e-06,1539583278.6702232,False
3913,+85973+31830,28.59382464943866,77.23130907458301,built_up,Medium,37.723724,0.3756,Cool roof,393677.0698747999,1.0,2.540153025214365e-06,1539976955.740098,False
3914,+85961+31840,28.60280780227931,77.22052929117423,built_up,Medium,37.71524,0.36626023,Cool roof,393644.11709209194,1.0,2.5403656668036852e-06,1540370599.8571901,False
3915,+85979+31844,28.60640106341557,77.2366989662874,built_up,Medium,37.701447,0.3965399,Cool roof,393630.93327607034,1.0,2.5404507508525932e-06,1540764230.7904663,False
3916,+85933+31837,28.600112856427117,77.1953764632204,built_up,Medium,37.699066,0.41153517,Cool roof,393654.0039405227,1.0,2.5403018640478256e-06,1541157884.794407,False
3917,+85971+31845,28.607299378699636,77.22951244401489,built_up,Medium,37.696564,0.38396865,Cool roof,393627.6370807394,1.0,2.5404720243128756e-06,1541551512.4314876,False
3918,+85952+31833,28.596519595290854,77.21244445361764,built_up,Medium,37.693573,0.39119107,Cool roof,393667.18505361537,1.0,2.5402168074126e-06,1541945179.6165411,False
3919,+85964+31828,28.59202801887053,77.22322423702643,built_up,Medium,37.687103,0.39495942,Cool roof,393683.65927289636,1.0,2.5401105086427096e-06,1542338863.275814,False
3920,+85985+31839,28.601909486995247,77.24208885799179,built_up,Medium,37.665985,0.3184555,Cool roof,393647.41280476865,1.0,2.540344398239332e-06,1542732510.688619,False
3921,+85991+31831,28.594722964722724,77.24747874969619,built_up,Medium,37.665558,0.3865309,Cool roof,393673.77503094316,1.0,2.5401742849683066e-06,1543126184.4636497,False
3922,+85989+31822,28.586638127166136,77.24568211912806,built_up,Medium,37.66263,0.33602336,Cool roof,393703.4251501983,1.0,2.5399829824149967e-06,1543519887.8888,False
3923,+85942+31865,28.625265684380942,77.203461300777,built_up,Medium,37.653046,0.34524745,Cool roof,393561.6929039662,1.0,2.540897699217927e-06,1543913449.581704,False
3924,+85938+31838,28.601011171711182,77.19986803964073,built_up,Medium,37.637573,0.40803823,Cool roof,393650.70842091256,1.0,2.540323130654057e-06,1544307100.290125,False
3925,+85942+31863,28.623469053812812,77.203461300777,built_up,Medium,37.6268,0.38302508,Cool roof,393568.2890590088,1.0,2.5408551140919464e-06,1544700668.5791838,False
3926,+85955+31840,28.60280780227931,77.21513939946983,built_up,Medium,37.604248,0.34169927,Cool roof,393644.11709209194,1.0,2.5403656668036852e-06,1545094312.696276,False
3927,+85958+31825,28.589333073018334,77.21783434532203,built_up,Medium,37.598724,0.38945073,Cool roof,393693.54264598736,1.0,2.5400467411252633e-06,1545488006.2389219,False
3928,+85962+31827,28.591129703586464,77.22142760645829,built_up,Medium,37.59851,0.3926614,Cool roof,393686.95382713445,1.0,2.5400892518249255e-06,1545881693.192749,False
3929,+85960+31837,28.600112856427117,77.21963097589017,built_up,Medium,37.596527,0.4068421,Cool roof,393654.0039405227,1.0,2.5403018640478256e-06,1546275347.1966896,False
3930,+85964+31834,28.59741791057492,77.22322423702643,built_up,Medium,37.595703,0.4167943,Cool roof,393663.8899201458,1.0,2.540238070103023e-06,1546669011.0866098,False
3931,+85947+31845,28.607299378699636,77.20795287719731,built_up,Medium,37.591156,0.38987637,Cool roof,393627.6370807394,1.0,2.5404720243128756e-06,1547062638.7236905,False
3932,+85971+31829,28.592926334154594,77.22951244401489,built_up,Medium,37.585724,0.41193777,Cool roof,393680.36462211795,1.0,2.5401317664391776e-06,1547456319.0883126,False
3933,+85961+31838,28.601011171711182,77.22052929117423,built_up,Medium,37.58441,0.3292414,Cool roof,393650.70842091256,1.0,2.540323130654057e-06,1547849969.7967336,False
3934,+85941+31863,28.623469053812812,77.20256298549292,built_up,Medium,37.581818,0.33737028,Cool roof,393568.2890590088,1.0,2.5408551140919464e-06,1548243538.0857925,False
3935,+85998+31858,28.618977477392487,77.25376695668464,built_up,Medium,37.581665,0.30520052,Cool roof,393584.7777575614,1.0,2.5407486684253207e-06,1548637122.8635502,False
3936,+85956+31837,28.600112856427117,77.21603771475391,built_up,Medium,37.579803,0.32119295,Cool roof,393654.0039405227,1.0,2.5403018640478256e-06,1549030776.8674908,False
3937,+85973+31834,28.59741791057492,77.23130907458301,built_up,Medium,37.570587,0.33378315,Cool roof,393663.8899201458,1.0,2.540238070103023e-06,1549424440.757411,False
3938,+85972+31835,28.598316225858984,77.23041075929895,built_up,Medium,37.54004,0.3523385,Cool roof,393660.59469014016,1.0,2.5402593337723435e-06,1549818101.352101,False
3939,+85941+31864,28.624367369096877,77.20256298549292,built_up,Medium,37.53415,0.3708363,Cool roof,393564.99102974543,1.0,2.540876406164949e-06,1550211666.3431308,False
3940,+85970+31845,28.607299378699636,77.22861412873081,built_up,Medium,37.531036,0.3914404,Cool roof,393627.6370807394,1.0,2.5404720243128756e-06,1550605293.9802115,False
3941,+85971+31834,28.59741791057492,77.22951244401489,built_up,Medium,37.529724,0.40520048,Cool roof,393663.8899201458,1.0,2.540238070103023e-06,1550998957.8701317,False
3942,+85972+31830,28.59382464943866,77.23041075929895,built_up,Medium,37.52768,0.3713486,Cool roof,393677.0698747999,1.0,2.540153025214365e-06,1551392634.9400065,False
3943,+85972+31834,28.59741791057492,77.23041075929895,built_up,Medium,37.51834,0.3504174,Cool roof,393663.8899201458,1.0,2.540238070103023e-06,1551786298.8299267,False
3944,+85941+31867,28.62706231494907,77.20256298549292,built_up,Medium,37.51822,0.2604171,Cool roof,393555.0963628619,1.0,2.5409402882639576e-06,1552179853.9262896,False
3945,+85973+31831,28.594722964722724,77.23130907458301,built_up,Medium,37.51239,0.33785707,Cool roof,393673.77503094316,1.0,2.5401742849683066e-06,1552573527.7013204,False
3946,+85942+31864,28.624367369096877,77.203461300777,built_up,Medium,37.494843,0.39083627,Cool roof,393564.99102974543,1.0,2.540876406164949e-06,1552967092.6923501,False
3947,+85960+31841,28.603706117563377,77.21963097589017,built_up,Medium,37.49362,0.38750482,Cool roof,393640.8212828831,1.0,2.5403869363471513e-06,1553360733.513633,False
3948,+85973+31835,28.598316225858984,77.23130907458301,built_up,Medium,37.46335,0.33715123,Cool roof,393660.59469014016,1.0,2.5402593337723435e-06,1553754394.108323,False
3949,+85962+31836,28.599214541143052,77.22142760645829,built_up,Medium,37.45102,0.39095527,Cool roof,393657.2993635989,1.0,2.540280598420599e-06,1554148051.4076867,False
3950,+85957+31846,28.6081976939837,77.21693603003797,built_up,Medium,37.444122,0.38770193,Cool roof,393624.3407888798,1.0,2.540493298752451e-06,1554541675.7484756,False
3951,+85944+31864,28.624367369096877,77.20525793134512,built_up,Medium,37.42746,0.3599106,Cool roof,393564.99102974543,1.0,2.540876406164949e-06,1554935240.7395053,False
3952,+85943+31864,28.624367369096877,77.20435961606105,built_up,Medium,37.375824,0.30659637,Cool roof,393564.99102974543,1.0,2.540876406164949e-06,1555328805.730535,False
3953,+85957+31836,28.599214541143052,77.21693603003797,built_up,Medium,37.36618,0.3535846,Cool roof,393657.2993635989,1.0,2.540280598420599e-06,1555722463.0298986,False
3954,+85943+31865,28.625265684380942,77.20435961606105,built_up,Medium,37.35553,0.25424463,Cool roof,393561.6929039662,1.0,2.540897699217927e-06,1556116024.7228026,False
3955,+85954+31839,28.601909486995247,77.21424108418577,built_up,Medium,37.305695,0.34123063,Cool roof,393647.41280476865,1.0,2.540344398239332e-06,1556509672.1356075,False
3956,+85936+31826,28.5902313883024,77.1980714090726,built_up,Medium,37.29715,0.32541722,Cool roof,393690.24828483176,1.0,2.540067995985788e-06,1556903362.3838923,False
3957,+85998+31868,28.627960630233137,77.25376695668464,built_up,Medium,37.265564,0.23718154,Cool roof,393551.7979475385,1.0,2.5409615842570807e-06,1557296914.18184,False
3958,+85971+31844,28.60640106341557,77.22951244401489,built_up,Medium,37.22232,0.36665532,Cool roof,393630.93327607034,1.0,2.5404507508525932e-06,1557690545.1151161,False
3959,+85971+31843,28.605502748131507,77.22951244401489,built_up,Medium,37.125336,0.37541544,Cool roof,393634.22937487165,1.0,2.54042947837157e-06,1558084179.344491,False
3960,+86033+31846,28.6081976939837,77.28520799162693,cropland,Medium,42.56436,0.41036737,Tree cover,328020.28399073315,0.8,2.438873566802353e-06,1558412199.6284816,False
3961,+86024+31855,28.61628253154029,77.27712315407034,grassland,Medium,42.529938,0.41880533,Tree cover,327995.5581820478,0.8,2.439057420271451e-06,1558740195.1866636,False
3962,+85947+31853,28.61448590097216,77.20795287719731,grassland,Medium,42.488434,0.42180237,Tree cover,328001.05336926004,0.8,2.439016557362603e-06,1559068196.240033,False
3963,+85996+31900,28.656706719323225,77.2519703261165,cropland,Medium,42.392426,0.42590442,Tree cover,327871.8314181757,0.8,2.439977830787362e-06,1559396068.0714512,False
3964,+86004+31897,28.65401177347103,77.25915684838904,cropland,Medium,42.38806,0.41492838,Tree cover,327880.084935486,0.8,2.4399164107738008e-06,1559723948.1563866,False
3965,+86003+31888,28.645926935914442,77.25825853310496,cropland,Medium,42.385162,0.37966228,Tree cover,327904.84114513407,0.8,2.4397322015929365e-06,1560051852.9975317,False
3966,+86010+31875,28.634248837221595,77.26454674009342,cropland,Medium,42.340607,0.37082997,Tree cover,327940.5886149485,0.8,2.4394662563081515e-06,1560379793.5861466,False
3967,+86022+31843,28.605502748131507,77.27532652350222,shrubland,Medium,42.338043,0.40500504,Tree cover,328028.52447905974,0.8,2.438812299236707e-06,1560707822.1106257,False
3968,+85947+31852,28.613587585688094,77.20795287719731,grassland,Medium,42.316437,0.38212264,Tree cover,328003.80084221216,0.8,2.4389961273187926e-06,1561035825.911468,False
3969,+85988+31876,28.63514715250566,77.24478380384399,cropland,Medium,42.28296,0.44879943,Tree cover,327937.8392921057,0.8,2.4394867079898396e-06,1561363763.75076,False
3970,+86011+31876,28.63514715250566,77.2654450553775,cropland,Medium,42.272034,0.43394482,Tree cover,327937.8392921057,0.8,2.4394867079898396e-06,1561691701.5900521,False
3971,+86030+31847,28.60909600926777,77.28251304577473,cropland,Medium,42.190216,0.3865719,Tree cover,328017.53700041014,0.8,2.4388939912045e-06,1562019719.1270525,False
3972,+86030+31849,28.6108926398359,77.28251304577473,cropland,Medium,42.158997,0.4199832,Tree cover,328012.04277844564,0.8,2.438934842829404e-06,1562347731.169831,False
3973,+85999+31835,28.598316225858984,77.2546652719687,grassland,Medium,42.158722,0.5201746,Tree cover,328050.49557511683,0.8,2.4386489604214497e-06,1562675781.6654062,False
3974,+86024+31847,28.60909600926777,77.27712315407034,grassland,Medium,42.142365,0.3972264,Tree cover,328017.53700041014,0.8,2.4388939912045e-06,1563003799.2024066,False
3975,+86029+31848,28.609994324551835,77.28161473049066,cropland,Medium,42.13028,0.4293932,Tree cover,328014.7899296473,0.8,2.43891441654684e-06,1563331813.9923363,False
3976,+86003+31897,28.65401177347103,77.25825853310496,cropland,Medium,42.102173,0.44468856,Tree cover,327880.084935486,0.8,2.4399164107738008e-06,1563659694.0772717,False
3977,+86023+31843,28.605502748131507,77.27622483878628,cropland,Medium,42.085724,0.4218782,Tree cover,328028.52447905974,0.8,2.438812299236707e-06,1563987722.6017509,False
3978,+86016+31847,28.60909600926777,77.26993663179782,cropland,Medium,42.075684,0.39515767,Tree cover,328017.53700041014,0.8,2.4388939912045e-06,1564315740.1387513,False
3979,+86014+31846,28.6081976939837,77.26814000122968,cropland,Medium,42.07486,0.37930563,Tree cover,328020.28399073315,0.8,2.438873566802353e-06,1564643760.422742,False
3980,+86004+31887,28.645028620630377,77.25915684838904,grassland,Medium,42.068695,0.36893794,Tree cover,327907.59143301955,0.8,2.439711738614667e-06,1564971668.014175,False
3981,+86016+31849,28.6108926398359,77.26993663179782,cropland,Medium,42.053436,0.37692565,Tree cover,328012.04277844564,0.8,2.438934842829404e-06,1565299680.0569534,False
3982,+86031+31840,28.60280780227931,77.2834113610588,cropland,Medium,42.02841,0.3691756,Tree cover,328036.76424340997,0.8,2.4387510401315376e-06,1565627716.8211968,False
3983,+85997+31900,28.656706719323225,77.25286864140058,cropland,Medium,42.01761,0.41410372,Tree cover,327871.8314181757,0.8,2.439977830787362e-06,1565955588.652615,False
3984,+86029+31846,28.6081976939837,77.28161473049066,cropland,Medium,42.007904,0.36546302,Tree cover,328020.28399073315,0.8,2.438873566802353e-06,1566283608.9366057,False
3985,+86025+31841,28.603706117563377,77.2780214693544,cropland,Medium,42.00186,0.34513333,Tree cover,328034.0177357359,0.8,2.4387714588932656e-06,1566611642.9543414,False
3986,+85987+31876,28.63514715250566,77.24388548855993,cropland,Medium,41.99234,0.48547664,Tree cover,327937.8392921057,0.8,2.4394867079898396e-06,1566939580.7936335,False
3987,+86004+31898,28.654910088755095,77.25915684838904,grassland,Medium,41.97995,0.36644754,Tree cover,327877.33384346,0.8,2.439936883169691e-06,1567267458.127477,False
3988,+86001+31898,28.654910088755095,77.25646190253684,cropland,Medium,41.937683,0.42745632,Tree cover,327877.33384346,0.8,2.439936883169691e-06,1567595335.4613204,False
3989,+86022+31841,28.603706117563377,77.27532652350222,cropland,Medium,41.91635,0.3807294,Tree cover,328034.0177357359,0.8,2.4387714588932656e-06,1567923369.4790561,False
3990,+86017+31843,28.605502748131507,77.27083494708188,cropland,Medium,41.905518,0.36248133,Tree cover,328028.52447905974,0.8,2.438812299236707e-06,1568251398.0035353,False
3991,+86000+31829,28.592926334154594,77.25556358725278,grassland,Medium,41.87674,0.43012783,Tree cover,328066.9705184316,0.8,2.4385264957816108e-06,1568579464.9740536,False
3992,+86029+31840,28.60280780227931,77.28161473049066,cropland,Medium,41.865692,0.34909913,Tree cover,328036.76424340997,0.8,2.4387510401315376e-06,1568907501.738297,False
3993,+86004+31888,28.645926935914442,77.25915684838904,cropland,Medium,41.85901,0.4071393,Tree cover,327904.84114513407,0.8,2.4397322015929365e-06,1569235406.579442,False
3994,+85949+31853,28.61448590097216,77.20974950776545,grassland,Medium,41.85852,0.37282792,Tree cover,328001.05336926004,0.8,2.439016557362603e-06,1569563407.6328113,False
3995,+85997+31898,28.654910088755095,77.25286864140058,cropland,Medium,41.819916,0.3989179,Tree cover,327877.33384346,0.8,2.439936883169691e-06,1569891284.9666548,False
3996,+86015+31844,28.60640106341557,77.26903831651376,cropland,Medium,41.817047,0.38853243,Tree cover,328025.77773005865,0.8,2.4388327208184896e-06,1570219310.7443848,False
3997,+86022+31855,28.61628253154029,77.27532652350222,grassland,Medium,41.813812,0.43954825,Tree cover,327995.5581820478,0.8,2.439057420271451e-06,1570547306.3025668,False
3998,+85937+31850,28.611790955119965,77.19896972435666,grassland,Medium,41.80771,0.4941657,Tree cover,328009.2955468055,0.8,2.438955270052228e-06,1570875315.5981135,False
3999,+85942+31823,28.5875364424502,77.203461300777,grassland,Medium,41.748657,0.47481465,Tree cover,328083.4425655595,0.8,2.4384040649663064e-06,1571203399.040679,False
4000,+86033+31844,28.60640106341557,77.28520799162693,cropland,Medium,41.73877,0.35985518,Tree cover,328025.77773005865,0.8,2.4388327208184896e-06,1571531424.818409,False
4001,+86015+31847,28.60909600926777,77.26903831651376,cropland,Medium,41.683838,0.4323803,Tree cover,328017.53700041014,0.8,2.4388939912045e-06,1571859442.3554094,False
4002,+85937+31851,28.61268927040403,77.19896972435666,grassland,Medium,41.68289,0.5085137,Tree cover,328006.5482347274,0.8,2.4389756982153467e-06,1572187448.903644,False
4003,+86027+31841,28.603706117563377,77.27981809992254,cropland,Medium,41.648438,0.36652744,Tree cover,328034.0177357359,0.8,2.4387714588932656e-06,1572515482.9213798,False
4004,+86002+31899,28.65580840403916,77.2573602178209,grassland,Medium,41.6351,0.4250635,Tree cover,327874.58267102303,0.8,2.4399573565075335e-06,1572843357.5040507,False
4005,+85995+31900,28.656706719323225,77.25107201083244,grassland,Medium,41.615265,0.39575288,Tree cover,327871.8314181757,0.8,2.439977830787362e-06,1573171229.335469,False
4006,+86016+31848,28.609994324551835,77.26993663179782,cropland,Medium,41.5914,0.37459534,Tree cover,328014.7899296473,0.8,2.43891441654684e-06,1573499244.1253986,False
4007,+86017+31824,28.58843475773427,77.27083494708188,grassland,Medium,41.56534,0.34270516,Tree cover,328080.6974255007,0.8,2.4384244677535804e-06,1573827324.8228242,False
4008,+85978+31850,28.611790955119965,77.23580065100334,grassland,Medium,41.55435,0.4497916,Tree cover,328009.2955468055,0.8,2.438955270052228e-06,1574155334.118371,False
4009,+86017+31849,28.6108926398359,77.27083494708188,cropland,Medium,41.526276,0.4106531,Tree cover,328012.04277844564,0.8,2.438934842829404e-06,1574483346.1611495,False
4010,+86017+31846,28.6081976939837,77.27083494708188,cropland,Medium,41.50467,0.37390107,Tree cover,328020.28399073315,0.8,2.438873566802353e-06,1574811366.4451401,False
4011,+86010+31877,28.636045467789724,77.26454674009342,cropland,Medium,41.488647,0.42545274,Tree cover,327935.0898888395,0.8,2.43950716061272e-06,1575139301.535029,False
4012,+86020+31861,28.621672423244682,77.27352989293408,cropland,Medium,41.48343,0.46547377,Tree cover,327979.0706899873,0.8,2.4391800315702975e-06,1575467280.6057189,False
4013,+85974+31852,28.613587585688094,77.23220738986707,grassland,Medium,41.46869,0.4176096,Tree cover,328003.80084221216,0.8,2.4389961273187926e-06,1575795284.4065611,False
4014,+86012+31876,28.63514715250566,77.26634337066156,cropland,Medium,41.46399,0.4246125,Tree cover,327937.8392921057,0.8,2.4394867079898396e-06,1576123222.2458532,False
4015,+85938+31850,28.611790955119965,77.19986803964073,grassland,Medium,41.45981,0.4509961,Tree cover,328009.2955468055,0.8,2.438955270052228e-06,1576451231.5414,False
4016,+85996+31898,28.654910088755095,77.2519703261165,cropland,Medium,41.45224,0.40557063,Tree cover,327877.33384346,0.8,2.439936883169691e-06,1576779108.8752434,False
4017,+86023+31840,28.60280780227931,77.27622483878628,cropland,Medium,41.44742,0.34674448,Tree cover,328036.76424340997,0.8,2.4387510401315376e-06,1577107145.6394868,False
4018,+86020+31842,28.60460443284744,77.27352989293408,cropland,Medium,41.392517,0.3750883,Tree cover,328031.27114761906,0.8,2.4387918785949765e-06,1577435176.9106345,False
4019,+86021+31841,28.603706117563377,77.27442820821814,cropland,Medium,41.377167,0.37888575,Tree cover,328034.0177357359,0.8,2.4387714588932656e-06,1577763210.9283702,False
4020,+86003+31892,28.649520197050705,77.25825853310496,cropland,Medium,41.355286,0.36771613,Tree cover,327893.839189432,0.8,2.4398140629224243e-06,1578091104.7675598,False
4021,+86021+31831,28.594722964722724,77.27442820821814,cropland,Medium,41.34903,0.32106206,Tree cover,328061.4791924526,0.8,2.4385673135695743e-06,1578419166.2467523,False
4022,+86001+31899,28.65580840403916,77.25646190253684,grassland,Medium,41.34076,0.42311773,Tree cover,327874.58267102303,0.8,2.4399573565075335e-06,1578747040.8294232,False
4023,+86031+31847,28.60909600926777,77.2834113610588,cropland,Medium,41.320526,0.44927037,Tree cover,328017.53700041014,0.8,2.4388939912045e-06,1579075058.3664236,False
4024,+86017+31848,28.609994324551835,77.27083494708188,cropland,Medium,41.31732,0.40234876,Tree cover,328014.7899296473,0.8,2.43891441654684e-06,1579403073.1563532,False
4025,+86012+31843,28.605502748131507,77.26634337066156,cropland,Medium,41.31302,0.3430562,Tree cover,328028.52447905974,0.8,2.438812299236707e-06,1579731101.6808324,False
4026,+86023+31855,28.61628253154029,77.27622483878628,grassland,Medium,41.230225,0.42385766,Tree cover,327995.5581820478,0.8,2.439057420271451e-06,1580059097.2390144,False
4027,+85969+31869,28.628858945517205,77.22771581344675,grassland,Medium,41.220245,0.44946998,Tree cover,327957.08286308474,0.8,2.4393435659811115e-06,1580387054.3218775,False
4028,+85975+31852,28.613587585688094,77.23310570515115,grassland,Medium,41.201508,0.3457334,Tree cover,328003.80084221216,0.8,2.4389961273187926e-06,1580715058.1227198,False
4029,+86002+31889,28.646825251198507,77.2573602178209,cropland,Medium,41.191437,0.41877475,Tree cover,327902.0907768321,0.8,2.439752665512812e-06,1581042960.2134967,False
4030,+86009+31875,28.634248837221595,77.26364842480936,cropland,Medium,41.17978,0.44586584,Tree cover,327940.5886149485,0.8,2.4394662563081515e-06,1581370900.8021116,False
4031,+85937+31876,28.63514715250566,77.19896972435666,grassland,Medium,41.173096,0.43619445,Tree cover,327937.8392921057,0.8,2.4394867079898396e-06,1581698838.6414037,False
4032,+85974+31850,28.611790955119965,77.23220738986707,grassland,Medium,41.147827,0.46479046,Tree cover,328009.2955468055,0.8,2.438955270052228e-06,1582026847.9369504,False
4033,+86014+31839,28.601909486995247,77.26814000122968,grassland,Medium,41.125153,0.4258697,Tree cover,328039.51067064056,0.8,2.438730622309759e-06,1582354887.447621,False
4034,+86003+31889,28.646825251198507,77.25825853310496,cropland,Medium,41.11908,0.47375464,Tree cover,327902.0907768321,0.8,2.439752665512812e-06,1582682789.538398,False
4035,+86021+31830,28.59382464943866,77.27442820821814,cropland,Medium,41.111877,0.30757087,Tree cover,328064.22489566664,0.8,2.4385469042057904e-06,1583010853.7632937,False
4036,+86016+31845,28.607299378699636,77.26993663179782,grassland,Medium,41.109222,0.32723135,Tree cover,328023.0309006162,0.8,2.4388531433403607e-06,1583338876.7941945,False
4037,+86032+31848,28.609994324551835,77.28430967634286,grassland,Medium,41.108917,0.38919792,Tree cover,328014.7899296473,0.8,2.43891441654684e-06,1583666891.584124,False
4038,+86026+31841,28.603706117563377,77.27891978463848,cropland,Medium,41.09259,0.37543178,Tree cover,328034.0177357359,0.8,2.4387714588932656e-06,1583994925.6018598,False
4039,+86032+31838,28.601011171711182,77.28430967634286,cropland,Medium,41.088837,0.27734998,Tree cover,328042.2570174271,0.8,2.438710205427895e-06,1584322967.8588772,False
4040,+86005+31831,28.594722964722724,77.2600551636731,grassland,Medium,41.073517,0.40726352,Tree cover,328061.4791924526,0.8,2.4385673135695743e-06,1584651029.3380697,False
4041,+86017+31847,28.60909600926777,77.27083494708188,cropland,Medium,41.071686,0.4054016,Tree cover,328017.53700041014,0.8,2.4388939912045e-06,1584979046.87507,False
4042,+86005+31896,28.653113458186965,77.2600551636731,cropland,Medium,41.065186,0.4382741,Tree cover,327882.8359471006,0.8,2.4398959393198277e-06,1585306929.7110171,False
4043,+86005+31897,28.65401177347103,77.2600551636731,cropland,Medium,41.057526,0.3993568,Tree cover,327880.084935486,0.8,2.4399164107738008e-06,1585634809.7959526,False
4044,+85976+31852,28.613587585688094,77.23400402043521,grassland,Medium,41.055542,0.43996862,Tree cover,328003.80084221216,0.8,2.4389961273187926e-06,1585962813.5967948,False
4045,+86003+31893,28.65041851233477,77.25825853310496,cropland,Medium,41.03894,0.4475607,Tree cover,327891.0884994691,0.8,2.4398345306090726e-06,1586290704.6852944,False
4046,+86016+31843,28.605502748131507,77.26993663179782,cropland,Medium,41.036713,0.3879839,Tree cover,328028.52447905974,0.8,2.438812299236707e-06,1586618733.2097735,False
4047,+85970+31870,28.62975726080127,77.22861412873081,grassland,Medium,41.028595,0.47249016,Tree cover,327954.33402279357,0.8,2.439364012016375e-06,1586946687.5437963,False
4048,+85933+31851,28.61268927040403,77.1953764632204,grassland,Medium,41.0224,0.5051185,Tree cover,328006.5482347274,0.8,2.4389756982153467e-06,1587274694.092031,False
4049,+85940+31853,28.61448590097216,77.20166467020886,grassland,Medium,41.02127,0.27483317,Tree cover,328001.05336926004,0.8,2.439016557362603e-06,1587602695.1454003,False
4050,+86019+31842,28.60460443284744,77.27263157765002,cropland,Medium,41.01895,0.41061473,Tree cover,328031.27114761906,0.8,2.4387918785949765e-06,1587930726.416548,False
4051,+86026+31844,28.60640106341557,77.27891978463848,cropland,Medium,41.01645,0.3000542,Tree cover,328025.77773005865,0.8,2.4388327208184896e-06,1588258752.194278,False
4052,+85943+31823,28.5875364424502,77.20435961606105,grassland,Medium,41.010834,0.5058866,Tree cover,328083.4425655595,0.8,2.4384040649663064e-06,1588586835.6368434,False
4053,+86024+31840,28.60280780227931,77.27712315407034,cropland,Medium,40.998383,0.36603472,Tree cover,328036.76424340997,0.8,2.4387510401315376e-06,1588914872.4010868,False
4054,+86009+31876,28.63514715250566,77.26364842480936,cropland,Medium,40.98764,0.44847316,Tree cover,327937.8392921057,0.8,2.4394867079898396e-06,1589242810.2403789,False
4055,+86011+31875,28.634248837221595,77.2654450553775,cropland,Medium,40.982025,0.44324633,Tree cover,327940.5886149485,0.8,2.4394662563081515e-06,1589570750.8289938,False
4056,+86002+31888,28.645926935914442,77.2573602178209,cropland,Medium,40.97867,0.44383034,Tree cover,327904.84114513407,0.8,2.4397322015929365e-06,1589898655.6701388,False
4057,+86012+31877,28.636045467789724,77.26634337066156,cropland,Medium,40.968475,0.4376237,Tree cover,327935.0898888395,0.8,2.43950716061272e-06,1590226590.7600276,False
4058,+85988+31875,28.634248837221595,77.24478380384399,cropland,Medium,40.962494,0.35509148,Tree cover,327940.5886149485,0.8,2.4394662563081515e-06,1590554531.3486426,False
4059,+86015+31850,28.611790955119965,77.26903831651376,cropland,Medium,40.947845,0.40672806,Tree cover,328009.2955468055,0.8,2.438955270052228e-06,1590882540.6441894,False
4060,+86016+31850,28.611790955119965,77.26993663179782,cropland,Medium,40.93753,0.4188437,Tree cover,328009.2955468055,0.8,2.438955270052228e-06,1591210549.9397361,False
4061,+86011+31893,28.65041851233477,77.2654450553775,cropland,Medium,40.932587,0.4101273,Tree cover,327891.0884994691,0.8,2.4398345306090726e-06,1591538441.0282357,False
4062,+86017+31870,28.62975726080127,77.27083494708188,cropland,Medium,40.926178,0.4385314,Tree cover,327954.33402279357,0.8,2.439364012016375e-06,1591866395.3622584,False
4063,+86018+31844,28.60640106341557,77.27173326236594,grassland,Medium,40.91992,0.27117348,Tree cover,328025.77773005865,0.8,2.4388327208184896e-06,1592194421.1399884,False
4064,+86006+31892,28.649520197050705,77.26095347895716,cropland,Medium,40.915344,0.42017862,Tree cover,327893.839189432,0.8,2.4398140629224243e-06,1592522314.979178,False
4065,+86024+31844,28.60640106341557,77.27712315407034,grassland,Medium,40.900818,0.38655844,Tree cover,328025.77773005865,0.8,2.4388327208184896e-06,1592850340.756908,False
4066,+86016+31823,28.5875364424502,77.26993663179782,cropland,Medium,40.89743,0.5032091,Tree cover,328083.4425655595,0.8,2.4384040649663064e-06,1593178424.1994734,False
4067,+86004+31867,28.62706231494907,77.25915684838904,cropland,Medium,40.89322,0.40159076,Tree cover,327962.5803023849,0.8,2.4393026767333997e-06,1593506386.7797759,False
4068,+85972+31852,28.613587585688094,77.23041075929895,grassland,Medium,40.875946,0.45925102,Tree cover,328003.80084221216,0.8,2.4389961273187926e-06,1593834390.5806181,False
4069,+86002+31893,28.65041851233477,77.2573602178209,cropland,Medium,40.86612,0.39803502,Tree cover,327891.0884994691,0.8,2.4398345306090726e-06,1594162281.6691177,False
4070,+86015+31878,28.63694378307379,77.26903831651376,bare_sparse,Medium,40.865173,0.3912531,Tree cover,327932.34040515067,0.8,2.4395276141768263e-06,1594490214.009523,False
4071,+86010+31895,28.6522151429029,77.26454674009342,cropland,Medium,40.85428,0.41668338,Tree cover,327885.5868783029,0.8,2.439875468807739e-06,1594818099.5964012,False
4072,+86015+31849,28.6108926398359,77.26903831651376,cropland,Medium,40.85092,0.40523136,Tree cover,328012.04277844564,0.8,2.438934842829404e-06,1595146111.6391797,False
4073,+85988+31892,28.649520197050705,77.24478380384399,grassland,Medium,40.847626,0.3096916,Tree cover,327893.839189432,0.8,2.4398140629224243e-06,1595474005.4783692,False
4074,+86030+31848,28.609994324551835,77.28251304577473,cropland,Medium,40.84305,0.41896114,Tree cover,328014.7899296473,0.8,2.43891441654684e-06,1595802020.2682989,False
4075,+85981+31894,28.651316827618835,77.23849559685553,cropland,Medium,40.83499,0.42178264,Tree cover,327888.3377290925,0.8,2.4398549992374996e-06,1596129908.6060278,False
4076,+86013+31876,28.63514715250566,77.26724168594562,cropland,Medium,40.831512,0.46469358,Tree cover,327937.8392921057,0.8,2.4394867079898396e-06,1596457846.44532,False
4077,+86015+31851,28.61268927040403,77.26903831651376,cropland,Medium,40.811584,0.4098346,Tree cover,328006.5482347274,0.8,2.4389756982153467e-06,1596785852.9935546,False
4078,+85975+31850,28.611790955119965,77.23310570515115,grassland,Medium,40.808258,0.38680527,Tree cover,328009.2955468055,0.8,2.438955270052228e-06,1597113862.2891014,False
4079,+85957+31879,28.637842098357854,77.21693603003797,grassland,Medium,40.799072,0.47944027,Tree cover,327929.5908410396,0.8,2.439548068682193e-06,1597441791.8799424,False
4080,+86015+31839,28.601909486995247,77.26903831651376,cropland,Medium,40.77591,0.39541236,Tree cover,328039.51067064056,0.8,2.438730622309759e-06,1597769831.390613,False
4081,+86014+31852,28.613587585688094,77.26814000122968,cropland,Medium,40.774048,0.42238328,Tree cover,328003.80084221216,0.8,2.4389961273187926e-06,1598097835.1914554,False
4082,+85998+31899,28.65580840403916,77.25376695668464,cropland,Medium,40.76941,0.45521274,Tree cover,327874.58267102303,0.8,2.4399573565075335e-06,1598425709.7741263,False
4083,+86023+31834,28.59741791057492,77.27622483878628,bare_sparse,Medium,40.76068,0.34279385,Tree cover,328053.2416001215,0.8,2.438628547298902e-06,1598753763.0157263,False
4084,+85995+31830,28.59382464943866,77.25107201083244,grassland,Medium,40.729034,0.39116612,Tree cover,328064.22489566664,0.8,2.4385469042057904e-06,1599081827.240622,False
4085,+86005+31887,28.645028620630377,77.2600551636731,grassland,Medium,40.71756,0.41391838,Tree cover,327907.59143301955,0.8,2.439711738614667e-06,1599409734.832055,False
4086,+85998+31900,28.656706719323225,77.25376695668464,cropland,Medium,40.71518,0.41815665,Tree cover,327871.8314181757,0.8,2.439977830787362e-06,1599737606.6634734,False
4087,+85950+31853,28.61448590097216,77.21064782304951,grassland,Medium,40.66751,0.31287506,Tree cover,328001.05336926004,0.8,2.439016557362603e-06,1600065607.7168427,False
4088,+86033+31838,28.601011171711182,77.28520799162693,cropland,Medium,40.665314,0.34227973,Tree cover,328042.2570174271,0.8,2.438710205427895e-06,1600393649.97386,False
4089,+86006+31895,28.6522151429029,77.26095347895716,grassland,Medium,40.65863,0.3830493,Tree cover,327885.5868783029,0.8,2.439875468807739e-06,1600721535.5607383,False
4090,+86004+31892,28.649520197050705,77.25915684838904,cropland,Medium,40.65573,0.42513436,Tree cover,327893.839189432,0.8,2.4398140629224243e-06,1601049429.3999279,False
4091,+86015+31848,28.609994324551835,77.26903831651376,cropland,Medium,40.654724,0.41642293,Tree cover,328014.7899296473,0.8,2.43891441654684e-06,1601377444.1898575,False
4092,+86022+31833,28.596519595290854,77.27532652350222,cropland,Medium,40.6445,0.310157,Tree cover,328055.9875446795,0.8,2.438608135116096e-06,1601705500.1774023,False
4093,+86018+31873,28.632452206653465,77.27173326236594,bare_sparse,Medium,40.635834,0.30166683,Tree cover,327946.0870193621,0.8,2.439425355768211e-06,1602033446.2644217,False
4094,+86028+31840,28.60280780227931,77.2807164152066,cropland,Medium,40.625122,0.38518822,Tree cover,328036.76424340997,0.8,2.4387510401315376e-06,1602361483.028665,False
4095,+86030+31839,28.601909486995247,77.28251304577473,cropland,Medium,40.62491,0.47151563,Tree cover,328039.51067064056,0.8,2.438730622309759e-06,1602689522.5393357,False
4096,+86005+31895,28.6522151429029,77.2600551636731,cropland,Medium,40.62155,0.48082948,Tree cover,327885.5868783029,0.8,2.439875468807739e-06,1603017408.126214,False
4097,+86003+31899,28.65580840403916,77.25825853310496,grassland,Medium,40.614197,0.3551386,Tree cover,327874.58267102303,0.8,2.4399573565075335e-06,1603345282.708885,False
4098,+86022+31832,28.59562128000679,77.27532652350222,cropland,Medium,40.609283,0.35215828,Tree cover,328058.7334087901,0.8,2.438587723872998e-06,1603673341.4422936,False
4099,+86018+31846,28.6081976939837,77.27173326236594,cropland,Medium,40.603455,0.4117185,Tree cover,328020.28399073315,0.8,2.438873566802353e-06,1604001361.7262843,False
4100,+86006+31848,28.609994324551835,77.26095347895716,cropland,Medium,40.593018,0.41556194,Tree cover,328014.7899296473,0.8,2.43891441654684e-06,1604329376.516214,False
4101,+86031+31848,28.609994324551835,77.2834113610588,cropland,Medium,40.58902,0.48043403,Tree cover,328014.7899296473,0.8,2.43891441654684e-06,1604657391.3061435,False
4102,+86022+31840,28.60280780227931,77.27532652350222,cropland,Medium,40.5867,0.3988886,Tree cover,328036.76424340997,0.8,2.4387510401315376e-06,1604985428.070387,False
4103,+85978+31821,28.58573981188207,77.23580065100334,grassland,Medium,40.574066,0.4360347,Tree cover,328088.93260431744,0.8,2.438363262209816e-06,1605313517.0029912,False
4104,+86033+31843,28.605502748131507,77.28520799162693,cropland,Medium,40.52356,0.3668605,Tree cover,328028.52447905974,0.8,2.438812299236707e-06,1605641545.5274704,False
4105,+86015+31838,28.601011171711182,77.26903831651376,cropland,Medium,40.511536,0.48611408,Tree cover,328042.2570174271,0.8,2.438710205427895e-06,1605969587.7844877,False
4106,+86018+31884,28.642333674778182,77.27173326236594,grassland,Medium,40.50128,0.31130937,Tree cover,327915.84181417106,0.8,2.4396503553291508e-06,1606297503.626302,False
4107,+85992+31882,28.640537044210053,77.24837706498025,grassland,Medium,40.497467,0.4659004,Tree cover,327921.34166617884,0.8,2.4396094378462055e-06,1606625424.9679682,False
4108,+86019+31863,28.623469053812812,77.27263157765002,cropland,Medium,40.493927,0.4938363,Tree cover,327973.57421584066,0.8,2.439220909528269e-06,1606953398.542184,False
4109,+86001+31897,28.65401177347103,77.25646190253684,cropland,Medium,40.479156,0.4809862,Tree cover,327880.084935486,0.8,2.4399164107738008e-06,1607281278.6271195,False
4110,+86002+31892,28.649520197050705,77.2573602178209,cropland,Medium,40.47293,0.37186053,Tree cover,327893.839189432,0.8,2.4398140629224243e-06,1607609172.466309,False
4111,+86005+31834,28.59741791057492,77.2600551636731,cropland,Medium,40.472656,0.5012141,Tree cover,328053.2416001215,0.8,2.438628547298902e-06,1607937225.707909,False
4112,+85950+31852,28.613587585688094,77.21064782304951,grassland,Medium,40.46765,0.34448618,Tree cover,328003.80084221216,0.8,2.4389961273187926e-06,1608265229.5087514,False
4113,+86015+31875,28.634248837221595,77.26903831651376,cropland,Medium,40.467438,0.42523825,Tree cover,327940.5886149485,0.8,2.4394662563081515e-06,1608593170.0973663,False
4114,+86005+31846,28.6081976939837,77.2600551636731,cropland,Medium,40.447052,0.5118657,Tree cover,328020.28399073315,0.8,2.438873566802353e-06,1608921190.381357,False
4115,+86004+31893,28.65041851233477,77.25915684838904,cropland,Medium,40.445343,0.45956826,Tree cover,327891.0884994691,0.8,2.4398345306090726e-06,1609249081.4698565,False
4116,+85976+31850,28.611790955119965,77.23400402043521,grassland,Medium,40.43283,0.5208721,Tree cover,328009.2955468055,0.8,2.438955270052228e-06,1609577090.7654033,False
4117,+86018+31847,28.60909600926777,77.27173326236594,cropland,Medium,40.43222,0.42999965,Tree cover,328017.53700041014,0.8,2.4388939912045e-06,1609905108.3024037,False
4118,+85956+31879,28.637842098357854,77.21603771475391,grassland,Medium,40.431763,0.49907023,Tree cover,327929.5908410396,0.8,2.439548068682193e-06,1610233037.8932447,False
4119,+86010+31874,28.63335052193753,77.26454674009342,cropland,Medium,40.386078,0.4295278,Tree cover,327943.3378573675,0.8,2.43944580556762e-06,1610560981.2311022,False
4120,+86018+31824,28.58843475773427,77.27173326236594,grassland,Medium,40.382965,0.46086457,Tree cover,328080.6974255007,0.8,2.4384244677535804e-06,1610889061.9285278,False
4121,+86012+31836,28.599214541143052,77.26634337066156,grassland,Medium,40.38275,0.3463362,Tree cover,328047.7494696658,0.8,2.438669374483775e-06,1611217109.6779976,False
4122,+86001+31900,28.656706719323225,77.25646190253684,grassland,Medium,40.378204,0.41037995,Tree cover,327871.8314181757,0.8,2.439977830787362e-06,1611544981.5094159,False
4123,+86004+31899,28.65580840403916,77.25915684838904,cropland,Medium,40.361237,0.20807879,Tree cover,327874.58267102303,0.8,2.4399573565075335e-06,1611872856.0920868,False
4124,+85986+31879,28.637842098357854,77.24298717327586,grassland,Medium,40.359314,0.526337,Tree cover,327929.5908410396,0.8,2.439548068682193e-06,1612200785.6829278,False
4125,+86006+31889,28.646825251198507,77.26095347895716,cropland,Medium,40.354706,0.355402,Tree cover,327902.0907768321,0.8,2.439752665512812e-06,1612528687.7737048,False
4126,+86013+31877,28.636045467789724,77.26724168594562,cropland,Medium,40.348755,0.4673912,Tree cover,327935.0898888395,0.8,2.43950716061272e-06,1612856622.8635936,False
4127,+86001+31889,28.646825251198507,77.25646190253684,cropland,Medium,40.318268,0.47396624,Tree cover,327902.0907768321,0.8,2.439752665512812e-06,1613184524.9543705,False
4128,+86016+31838,28.601011171711182,77.26993663179782,cropland,Medium,40.31076,0.4649006,Tree cover,328042.2570174271,0.8,2.438710205427895e-06,1613512567.2113879,False
4129,+86018+31883,28.641435359494118,77.27173326236594,grassland,Medium,40.29825,0.31904137,Tree cover,327918.59178038465,0.8,2.439629896116961e-06,1613840485.8031683,False
4130,+86013+31852,28.613587585688094,77.26724168594562,cropland,Medium,40.28354,0.43122408,Tree cover,328003.80084221216,0.8,2.4389961273187926e-06,1614168489.6040106,False
4131,+86011+31871,28.630655576085335,77.2654450553775,cropland,Medium,40.28061,0.48071626,Tree cover,327951.58510207565,0.8,2.439384458992623e-06,1614496441.1891127,False
4132,+86014+31877,28.636045467789724,77.26814000122968,cropland,Medium,40.278595,0.44690856,Tree cover,327935.0898888395,0.8,2.43950716061272e-06,1614824376.2790015,False
4133,+86020+31860,28.620774107960617,77.27352989293408,cropland,Medium,40.270844,0.5048468,Tree cover,327981.81880641327,0.8,2.43915959400234e-06,1615152358.097808,False
4134,+85997+31897,28.65401177347103,77.25286864140058,cropland,Medium,40.26422,0.43612882,Tree cover,327880.084935486,0.8,2.4399164107738008e-06,1615480238.1827433,False
4135,+86012+31875,28.634248837221595,77.26634337066156,cropland,Medium,40.26169,0.44448513,Tree cover,327940.5886149485,0.8,2.4394662563081515e-06,1615808178.7713583,False
4136,+85996+31897,28.65401177347103,77.2519703261165,cropland,Medium,40.259735,0.4520923,Tree cover,327880.084935486,0.8,2.4399164107738008e-06,1616136058.8562937,False
4137,+85939+31853,28.61448590097216,77.2007663549248,bare_sparse,Medium,40.256073,0.27538693,Tree cover,328001.05336926004,0.8,2.439016557362603e-06,1616464059.909663,False
4138,+85995+31899,28.65580840403916,77.25107201083244,cropland,Medium,40.243896,0.4349055,Tree cover,327874.58267102303,0.8,2.4399573565075335e-06,1616791934.492334,False
4139,+86000+31900,28.656706719323225,77.25556358725278,grassland,Medium,40.239563,0.4513009,Tree cover,327871.8314181757,0.8,2.439977830787362e-06,1617119806.3237522,False
4140,+86012+31871,28.630655576085335,77.26634337066156,grassland,Medium,40.23465,0.45363522,Tree cover,327951.58510207565,0.8,2.439384458992623e-06,1617447757.9088542,False
4141,+85999+31883,28.641435359494118,77.2546652719687,cropland,Medium,40.229706,0.4858689,Tree cover,327918.59178038465,0.8,2.439629896116961e-06,1617775676.5006347,False
4142,+86032+31842,28.60460443284744,77.28430967634286,cropland,Medium,40.229492,0.40105557,Tree cover,328031.27114761906,0.8,2.4387918785949765e-06,1618103707.7717824,False
4143,+85985+31834,28.59741791057492,77.24208885799179,grassland,Medium,40.219574,0.4580756,Tree cover,328053.2416001215,0.8,2.438628547298902e-06,1618431761.0133824,False
4144,+85980+31893,28.65041851233477,77.23759728157147,cropland,Medium,40.212646,0.43524486,Tree cover,327891.0884994691,0.8,2.4398345306090726e-06,1618759652.101882,False
4145,+86022+31829,28.592926334154594,77.27532652350222,cropland,Medium,40.205383,0.410514,Tree cover,328066.9705184316,0.8,2.4385264957816108e-06,1619087719.0724003,False
4146,+86015+31852,28.613587585688094,77.26903831651376,cropland,Medium,40.20511,0.44814506,Tree cover,328003.80084221216,0.8,2.4389961273187926e-06,1619415722.8732426,False
4147,+86014+31851,28.61268927040403,77.26814000122968,cropland,Medium,40.197845,0.42631847,Tree cover,328006.5482347274,0.8,2.4389756982153467e-06,1619743729.4214773,False
4148,+86007+31824,28.58843475773427,77.26185179424122,grassland,Medium,40.180695,0.3324879,Tree cover,328080.6974255007,0.8,2.4384244677535804e-06,1620071810.118903,False
4149,+86006+31844,28.60640106341557,77.26095347895716,cropland,Medium,40.175354,0.49021307,Tree cover,328025.77773005865,0.8,2.4388327208184896e-06,1620399835.896633,False
4150,+86006+31893,28.65041851233477,77.26095347895716,cropland,Medium,40.15265,0.49171972,Tree cover,327891.0884994691,0.8,2.4398345306090726e-06,1620727726.9851325,False
4151,+86016+31835,28.598316225858984,77.26993663179782,cropland,Medium,40.152405,0.4454098,Tree cover,328050.49557511683,0.8,2.4386489604214497e-06,1621055777.4807076,False
4152,+86020+31829,28.592926334154594,77.27352989293408,grassland,Medium,40.142487,0.229606,Tree cover,328066.9705184316,0.8,2.4385264957816108e-06,1621383844.451226,False
4153,+85972+31869,28.628858945517205,77.23041075929895,grassland,Medium,40.140594,0.41909263,Tree cover,327957.08286308474,0.8,2.4393435659811115e-06,1621711801.534089,False
4154,+86013+31875,28.634248837221595,77.26724168594562,cropland,Medium,40.128418,0.43363625,Tree cover,327940.5886149485,0.8,2.4394662563081515e-06,1622039742.122704,False
4155,+85935+31851,28.61268927040403,77.19717309378854,grassland,Medium,40.125153,0.52616495,Tree cover,328006.5482347274,0.8,2.4389756982153467e-06,1622367748.6709387,False
4156,+86000+31899,28.65580840403916,77.25556358725278,cropland,Medium,40.11673,0.42399514,Tree cover,327874.58267102303,0.8,2.4399573565075335e-06,1622695623.2536097,False
4157,+85944+31823,28.5875364424502,77.20525793134512,grassland,Medium,40.114777,0.48357093,Tree cover,328083.4425655595,0.8,2.4384040649663064e-06,1623023706.696175,False
4158,+86005+31845,28.607299378699636,77.2600551636731,cropland,Medium,40.111053,0.45009643,Tree cover,328023.0309006162,0.8,2.4388531433403607e-06,1623351729.7270758,False
4159,+86012+31870,28.62975726080127,77.26634337066156,cropland,Medium,40.104767,0.468773,Tree cover,327954.33402279357,0.8,2.439364012016375e-06,1623679684.0610986,False
4160,+86013+31836,28.599214541143052,77.26724168594562,cropland,Medium,40.085205,0.48672172,Tree cover,328047.7494696658,0.8,2.438669374483775e-06,1624007731.8105683,False
4161,+86023+31856,28.617180846824354,77.27622483878628,cropland,Medium,40.06424,0.41608477,Tree cover,327992.8104677889,0.8,2.4390778531365566e-06,1624335724.621036,False
4162,+85941+31824,28.58843475773427,77.20256298549292,grassland,Medium,40.057037,0.4786624,Tree cover,328080.6974255007,0.8,2.4384244677535804e-06,1624663805.3184617,False
4163,+86005+31886,28.644130305346312,77.2600551636731,grassland,Medium,40.047974,0.43165368,Tree cover,327910.3416404879,0.8,2.4396912765779694e-06,1624991715.6601021,False
4164,+86021+31829,28.592926334154594,77.27442820821814,cropland,Medium,40.036407,0.4356265,Tree cover,328066.9705184316,0.8,2.4385264957816108e-06,1625319782.6306205,False
4165,+86010+31871,28.630655576085335,77.26454674009342,cropland,Medium,40.034363,0.45686167,Tree cover,327951.58510207565,0.8,2.439384458992623e-06,1625647734.2157226,False
4166,+86011+31874,28.63335052193753,77.2654450553775,cropland,Medium,40.003693,0.45049524,Tree cover,327943.3378573675,0.8,2.43944580556762e-06,1625975677.55358,False
4167,+86022+31834,28.59741791057492,77.27532652350222,cropland,Medium,39.990997,0.35678855,Tree cover,328053.2416001215,0.8,2.438628547298902e-06,1626303730.79518,False
4168,+85994+31829,28.592926334154594,77.25017369554838,grassland,Medium,39.986603,0.38889495,Tree cover,328066.9705184316,0.8,2.4385264957816108e-06,1626631797.7656984,False
4169,+86007+31889,28.646825251198507,77.26185179424122,cropland,Medium,39.98584,0.48385,Tree cover,327902.0907768321,0.8,2.439752665512812e-06,1626959699.8564754,False
4170,+86011+31870,28.62975726080127,77.2654450553775,cropland,Medium,39.977814,0.47477886,Tree cover,327954.33402279357,0.8,2.439364012016375e-06,1627287654.190498,False
4171,+86020+31841,28.603706117563377,77.27352989293408,cropland,Medium,39.974,0.47681051,Tree cover,328034.0177357359,0.8,2.4387714588932656e-06,1627615688.2082338,False
4172,+86029+31839,28.601909486995247,77.28161473049066,cropland,Medium,39.970062,0.41144177,Tree cover,328039.51067064056,0.8,2.438730622309759e-06,1627943727.7189045,False
4173,+86025+31840,28.60280780227931,77.2780214693544,cropland,Medium,39.966248,0.3411519,Tree cover,328036.76424340997,0.8,2.4387510401315376e-06,1628271764.4831479,False
4174,+86000+31895,28.6522151429029,77.25556358725278,cropland,Medium,39.962616,0.4451038,Tree cover,327885.5868783029,0.8,2.439875468807739e-06,1628599650.0700262,False
4175,+85993+31863,28.623469053812812,77.24927538026432,cropland,Medium,39.95392,0.48497364,Tree cover,327973.57421584066,0.8,2.439220909528269e-06,1628927623.644242,False
4176,+86032+31847,28.60909600926777,77.28430967634286,cropland,Medium,39.95157,0.49286434,Tree cover,328017.53700041014,0.8,2.4388939912045e-06,1629255641.1812425,False
4177,+86005+31891,28.64862188176664,77.2600551636731,cropland,Medium,39.947723,0.5098791,Tree cover,327896.5897989804,0.8,2.4397935961775216e-06,1629583537.7710414,False
4178,+85945+31823,28.5875364424502,77.20615624662919,grassland,Medium,39.939026,0.48524088,Tree cover,328083.4425655595,0.8,2.4384040649663064e-06,1629911621.2136068,False
4179,+86017+31823,28.5875364424502,77.27083494708188,cropland,Medium,39.93747,0.53050524,Tree cover,328083.4425655595,0.8,2.4384040649663064e-06,1630239704.6561723,False
4180,+85958+31852,28.613587585688094,77.21783434532203,grassland,Medium,39.922302,0.4126388,Tree cover,328003.80084221216,0.8,2.4389961273187926e-06,1630567708.4570146,False
4181,+86023+31833,28.596519595290854,77.27622483878628,cropland,Medium,39.917755,0.44918275,Tree cover,328055.9875446795,0.8,2.438608135116096e-06,1630895764.4445593,False
4182,+86015+31835,28.598316225858984,77.26903831651376,cropland,Medium,39.89682,0.5442019,Tree cover,328050.49557511683,0.8,2.4386489604214497e-06,1631223814.9401345,False
4183,+86017+31835,28.598316225858984,77.27083494708188,cropland,Medium,39.88437,0.39026174,Tree cover,328050.49557511683,0.8,2.4386489604214497e-06,1631551865.4357097,False
4184,+86021+31840,28.60280780227931,77.27442820821814,cropland,Medium,39.876617,0.39839628,Tree cover,328036.76424340997,0.8,2.4387510401315376e-06,1631879902.199953,False
4185,+86005+31893,28.65041851233477,77.2600551636731,cropland,Medium,39.872955,0.40831715,Tree cover,327891.0884994691,0.8,2.4398345306090726e-06,1632207793.2884526,False
4186,+86022+31831,28.594722964722724,77.27532652350222,cropland,Medium,39.87079,0.41441005,Tree cover,328061.4791924526,0.8,2.4385673135695743e-06,1632535854.7676451,False
4187,+86013+31870,28.62975726080127,77.26724168594562,cropland,Medium,39.83017,0.46487033,Tree cover,327954.33402279357,0.8,2.439364012016375e-06,1632863809.101668,False
4188,+86014+31874,28.63335052193753,77.26814000122968,cropland,Medium,39.812073,0.4476961,Tree cover,327943.3378573675,0.8,2.43944580556762e-06,1633191752.4395254,False
4189,+85999+31895,28.6522151429029,77.2546652719687,cropland,Medium,39.805206,0.471059,Tree cover,327885.5868783029,0.8,2.439875468807739e-06,1633519638.0264037,False
4190,+86019+31824,28.58843475773427,77.27263157765002,grassland,Medium,39.803528,0.45070592,Tree cover,328080.6974255007,0.8,2.4384244677535804e-06,1633847718.7238293,False
4191,+86028+31839,28.601909486995247,77.2807164152066,cropland,Medium,39.792114,0.36764657,Tree cover,328039.51067064056,0.8,2.438730622309759e-06,1634175758.2345,False
4192,+86026+31837,28.600112856427117,77.27891978463848,cropland,Medium,39.78772,0.31941846,Tree cover,328045.00328376895,0.8,2.438689789485913e-06,1634503803.2377837,False
4193,+86003+31852,28.613587585688094,77.25825853310496,cropland,Medium,39.785736,0.45493633,Tree cover,328003.80084221216,0.8,2.4389961273187926e-06,1634831807.038626,False
4194,+86014+31838,28.601011171711182,77.26814000122968,grassland,Medium,39.77713,0.5918123,Tree cover,328042.2570174271,0.8,2.438710205427895e-06,1635159849.2956433,False
4195,+86019+31860,28.620774107960617,77.27263157765002,cropland,Medium,39.77475,0.5160625,Tree cover,327981.81880641327,0.8,2.43915959400234e-06,1635487831.1144497,False
4196,+86011+31837,28.600112856427117,77.2654450553775,grassland,Medium,39.75815,0.37561166,Tree cover,328045.00328376895,0.8,2.438689789485913e-06,1635815876.1177335,False
4197,+86015+31819,28.58394318131394,77.26903831651376,grassland,Medium,39.754913,0.4139718,Tree cover,328094.4223212589,0.8,2.4383224632105058e-06,1636143970.5400548,False
4198,+86016+31839,28.601909486995247,77.26993663179782,cropland,Medium,39.73758,0.55097014,Tree cover,328039.51067064056,0.8,2.438730622309759e-06,1636472010.0507255,False
4199,+86016+31844,28.60640106341557,77.26993663179782,cropland,Medium,39.737244,0.36407322,Tree cover,328025.77773005865,0.8,2.4388327208184896e-06,1636800035.8284554,False
4200,+85999+31900,28.656706719323225,77.2546652719687,cropland,Medium,39.717285,0.45415914,Tree cover,327871.8314181757,0.8,2.439977830787362e-06,1637127907.6598737,False
4201,+85935+31827,28.591129703586464,77.19717309378854,grassland,Medium,39.707977,0.33181494,Tree cover,328072.461522612,0.8,2.438485681751929e-06,1637455980.1213963,False
4202,+86005+31892,28.649520197050705,77.2600551636731,cropland,Medium,39.698517,0.4779559,Tree cover,327893.839189432,0.8,2.4398140629224243e-06,1637783873.9605858,False
4203,+85993+31883,28.641435359494118,77.24927538026432,grassland,Medium,39.68692,0.4835761,Tree cover,327918.59178038465,0.8,2.439629896116961e-06,1638111792.5523663,False
4204,+85998+31898,28.654910088755095,77.25376695668464,cropland,Medium,39.673218,0.44153583,Tree cover,327877.33384346,0.8,2.439936883169691e-06,1638439669.8862097,False
4205,+86018+31825,28.589333073018334,77.27173326236594,cropland,Medium,39.671722,0.464494,Tree cover,328077.95220498944,0.8,2.438444871480253e-06,1638767747.8384147,False
4206,+86011+31879,28.637842098357854,77.2654450553775,cropland,Medium,39.662506,0.50316036,Tree cover,327929.5908410396,0.8,2.439548068682193e-06,1639095677.4292557,False
4207,+86010+31870,28.62975726080127,77.26454674009342,cropland,Medium,39.649445,0.48573804,Tree cover,327954.33402279357,0.8,2.439364012016375e-06,1639423631.7632785,False
4208,+86015+31871,28.630655576085335,77.26903831651376,cropland,Medium,39.647736,0.4689097,Tree cover,327951.58510207565,0.8,2.439384458992623e-06,1639751583.3483806,False
4209,+85989+31897,28.65401177347103,77.24568211912806,grassland,Medium,39.64633,0.46967536,Tree cover,327880.084935486,0.8,2.4399164107738008e-06,1640079463.433316,False
4210,+86015+31825,28.589333073018334,77.26903831651376,cropland,Medium,39.630707,0.47903925,Tree cover,328077.95220498944,0.8,2.438444871480253e-06,1640407541.385521,False
4211,+86014+31871,28.630655576085335,77.26814000122968,cropland,Medium,39.607025,0.4752014,Tree cover,327951.58510207565,0.8,2.439384458992623e-06,1640735492.970623,False
4212,+85934+31825,28.589333073018334,77.19627477850447,grassland,Medium,39.596527,0.354031,Tree cover,328077.95220498944,0.8,2.438444871480253e-06,1641063570.922828,False
4213,+86020+31859,28.619875792676552,77.27352989293408,cropland,Medium,39.590027,0.52378005,Tree cover,327984.56684240693,0.8,2.4391391573750223e-06,1641391555.4896703,False
4214,+86018+31863,28.623469053812812,77.27173326236594,cropland,Medium,39.58432,0.5126086,Tree cover,327973.57421584066,0.8,2.439220909528269e-06,1641719529.0638862,False
4215,+86027+31840,28.60280780227931,77.27981809992254,cropland,Medium,39.56784,0.39994705,Tree cover,328036.76424340997,0.8,2.4387510401315376e-06,1642047565.8281295,False
4216,+86014+31836,28.599214541143052,77.26814000122968,cropland,Medium,39.563843,0.55197954,Tree cover,328047.7494696658,0.8,2.438669374483775e-06,1642375613.5775993,False
4217,+86020+31839,28.601909486995247,77.27352989293408,cropland,Medium,39.555756,0.42433825,Tree cover,328039.51067064056,0.8,2.438730622309759e-06,1642703653.08827,False
4218,+86010+31879,28.637842098357854,77.26454674009342,cropland,Medium,39.55121,0.47369125,Tree cover,327929.5908410396,0.8,2.439548068682193e-06,1643031582.679111,False
4219,+86033+31842,28.60460443284744,77.28520799162693,cropland,Medium,39.54422,0.39370233,Tree cover,328031.27114761906,0.8,2.4387918785949765e-06,1643359613.9502587,False
4220,+86027+31845,28.607299378699636,77.27981809992254,cropland,Medium,39.54123,0.24329127,Tree cover,328023.0309006162,0.8,2.4388531433403607e-06,1643687636.9811594,False
4221,+86011+31873,28.632452206653465,77.2654450553775,cropland,Medium,39.53769,0.47762945,Tree cover,327946.0870193621,0.8,2.439425355768211e-06,1644015583.068179,False
4222,+86007+31893,28.65041851233477,77.26185179424122,cropland,Medium,39.53058,0.41350794,Tree cover,327891.0884994691,0.8,2.4398345306090726e-06,1644343474.1566784,False
4223,+86008+31891,28.64862188176664,77.2627501095253,cropland,Medium,39.52603,0.31620497,Tree cover,327896.5897989804,0.8,2.4397935961775216e-06,1644671370.7464774,False
4224,+86025+31844,28.60640106341557,77.2780214693544,cropland,Medium,39.52472,0.31100112,Tree cover,328025.77773005865,0.8,2.4388327208184896e-06,1644999396.5242074,False
4225,+86018+31823,28.5875364424502,77.27173326236594,grassland,Medium,39.52289,0.47938925,Tree cover,328083.4425655595,0.8,2.4384040649663064e-06,1645327479.9667728,False
4226,+86006+31843,28.605502748131507,77.26095347895716,cropland,Medium,39.521515,0.44969943,Tree cover,328028.52447905974,0.8,2.438812299236707e-06,1645655508.491252,False
4227,+86019+31861,28.621672423244682,77.27263157765002,cropland,Medium,39.51584,0.52624345,Tree cover,327979.0706899873,0.8,2.4391800315702975e-06,1645983487.5619419,False
4228,+86020+31840,28.60280780227931,77.27352989293408,cropland,Medium,39.503937,0.49589685,Tree cover,328036.76424340997,0.8,2.4387510401315376e-06,1646311524.3261852,False
4229,+86023+31835,28.598316225858984,77.27622483878628,cropland,Medium,39.500763,0.3673011,Tree cover,328050.49557511683,0.8,2.4386489604214497e-06,1646639574.8217604,False
4230,+86015+31834,28.59741791057492,77.26903831651376,cropland,Medium,39.4993,0.45404944,Tree cover,328053.2416001215,0.8,2.438628547298902e-06,1646967628.0633605,False
4231,+85999+31891,28.64862188176664,77.2546652719687,cropland,Medium,39.484283,0.44873494,Tree cover,327896.5897989804,0.8,2.4397935961775216e-06,1647295524.6531594,False
4232,+85942+31824,28.58843475773427,77.203461300777,grassland,Medium,39.47522,0.5694457,Tree cover,328080.6974255007,0.8,2.4384244677535804e-06,1647623605.350585,False
4233,+86014+31870,28.62975726080127,77.26814000122968,cropland,Medium,39.470367,0.4719456,Tree cover,327954.33402279357,0.8,2.439364012016375e-06,1647951559.6846077,False
4234,+86014+31850,28.611790955119965,77.26814000122968,cropland,Medium,39.468384,0.44006616,Tree cover,328009.2955468055,0.8,2.438955270052228e-06,1648279568.9801545,False
4235,+86018+31845,28.607299378699636,77.27173326236594,cropland,Medium,39.46054,0.25619233,Tree cover,328023.0309006162,0.8,2.4388531433403607e-06,1648607592.0110552,False
4236,+86022+31830,28.59382464943866,77.27532652350222,cropland,Medium,39.45511,0.41606396,Tree cover,328064.22489566664,0.8,2.4385469042057904e-06,1648935656.235951,False
4237,+86009+31877,28.636045467789724,77.26364842480936,cropland,Medium,39.450348,0.46727893,Tree cover,327935.0898888395,0.8,2.43950716061272e-06,1649263591.3258398,False
4238,+86014+31878,28.63694378307379,77.26814000122968,cropland,Medium,39.4404,0.4809214,Tree cover,327932.34040515067,0.8,2.4395276141768263e-06,1649591523.666245,False
4239,+86013+31878,28.63694378307379,77.26724168594562,cropland,Medium,39.4357,0.5075853,Tree cover,327932.34040515067,0.8,2.4395276141768263e-06,1649919456.0066502,False
4240,+85933+31855,28.61628253154029,77.1953764632204,grassland,Medium,39.429718,0.42448157,Tree cover,327995.5581820478,0.8,2.439057420271451e-06,1650247451.5648322,False
4241,+86018+31841,28.603706117563377,77.27173326236594,cropland,Medium,39.410187,0.49105152,Tree cover,328034.0177357359,0.8,2.4387714588932656e-06,1650575485.582568,False
4242,+86032+31837,28.600112856427117,77.28430967634286,cropland,Medium,39.408234,0.39582375,Tree cover,328045.00328376895,0.8,2.438689789485913e-06,1650903530.5858517,False
4243,+86013+31874,28.63335052193753,77.26724168594562,cropland,Medium,39.40207,0.4683714,Tree cover,327943.3378573675,0.8,2.43944580556762e-06,1651231473.9237092,False
4244,+86032+31841,28.603706117563377,77.28430967634286,cropland,Medium,39.392365,0.40129533,Tree cover,328034.0177357359,0.8,2.4387714588932656e-06,1651559507.9414449,False
4245,+86008+31840,28.60280780227931,77.2627501095253,cropland,Medium,39.37018,0.4795988,Tree cover,328036.76424340997,0.8,2.4387510401315376e-06,1651887544.7056882,False
4246,+86026+31840,28.60280780227931,77.27891978463848,cropland,Medium,39.370026,0.38993528,Tree cover,328036.76424340997,0.8,2.4387510401315376e-06,1652215581.4699316,False
4247,+86009+31896,28.653113458186965,77.26364842480936,cropland,Medium,39.355377,0.32347664,Tree cover,327882.8359471006,0.8,2.4398959393198277e-06,1652543464.3058786,False
4248,+86024+31836,28.599214541143052,77.27712315407034,cropland,Medium,39.335358,0.34922498,Tree cover,328047.7494696658,0.8,2.438669374483775e-06,1652871512.0553484,False
4249,+86012+31874,28.63335052193753,77.26634337066156,cropland,Medium,39.322968,0.47051516,Tree cover,327943.3378573675,0.8,2.43944580556762e-06,1653199455.393206,False
4250,+86012+31873,28.632452206653465,77.26634337066156,cropland,Medium,39.31726,0.47200528,Tree cover,327946.0870193621,0.8,2.439425355768211e-06,1653527401.4802253,False
4251,+86015+31826,28.5902313883024,77.26903831651376,cropland,Medium,39.309235,0.5388556,Tree cover,328075.20690402645,0.8,2.438465276146357e-06,1653855476.6871293,False
4252,+86016+31819,28.58394318131394,77.26993663179782,grassland,Medium,39.301483,0.50020885,Tree cover,328094.4223212589,0.8,2.4383224632105058e-06,1654183571.1094506,False
4253,+86012+31858,28.618977477392487,77.26634337066156,cropland,Medium,39.297943,0.5105534,Tree cover,327987.31479796785,0.8,2.439118721688308e-06,1654511558.4242485,False
4254,+86000+31898,28.654910088755095,77.25556358725278,cropland,Medium,39.28958,0.47664928,Tree cover,327877.33384346,0.8,2.439936883169691e-06,1654839435.758092,False
4255,+86005+31890,28.647723566482572,77.2600551636731,cropland,Medium,39.28595,0.43488201,Tree cover,327899.3403281139,0.8,2.4397731303743298e-06,1655167335.0984201,False
4256,+85962+31851,28.61268927040403,77.22142760645829,grassland,Medium,39.27881,0.3992653,Tree cover,328006.5482347274,0.8,2.4389756982153467e-06,1655495341.6466548,False
4257,+86014+31835,28.598316225858984,77.26814000122968,cropland,Medium,39.278595,0.4899643,Tree cover,328050.49557511683,0.8,2.4386489604214497e-06,1655823392.14223,False
4258,+86008+31899,28.65580840403916,77.2627501095253,cropland,Medium,39.274536,0.50762784,Tree cover,327874.58267102303,0.8,2.4399573565075335e-06,1656151266.724901,False
4259,+86006+31896,28.653113458186965,77.26095347895716,grassland,Medium,39.268524,0.35657275,Tree cover,327882.8359471006,0.8,2.4398959393198277e-06,1656479149.560848,False
4260,+85993+31882,28.640537044210053,77.24927538026432,grassland,Medium,39.26584,0.5078164,Tree cover,327921.34166617884,0.8,2.4396094378462055e-06,1656807070.9025142,False
4261,+86033+31837,28.600112856427117,77.28520799162693,cropland,Medium,39.256256,0.40008467,Tree cover,328045.00328376895,0.8,2.438689789485913e-06,1657135115.905798,False
4262,+85993+31881,28.639638728925988,77.24927538026432,grassland,Medium,39.25467,0.5157979,Tree cover,327924.0914715531,0.8,2.4395889805168487e-06,1657463039.9972696,False
4263,+85960+31852,28.613587585688094,77.21963097589017,grassland,Medium,39.24234,0.42879778,Tree cover,328003.80084221216,0.8,2.4389961273187926e-06,1657791043.798112,False
4264,+85943+31826,28.5902313883024,77.20435961606105,grassland,Medium,39.242218,0.48457834,Tree cover,328075.20690402645,0.8,2.438465276146357e-06,1658119119.0050159,False
4265,+85999+31899,28.65580840403916,77.2546652719687,cropland,Medium,39.235443,0.45757413,Tree cover,327874.58267102303,0.8,2.4399573565075335e-06,1658446993.5876868,False
4266,+85995+31898,28.654910088755095,77.25107201083244,cropland,Medium,39.23227,0.48490903,Tree cover,327877.33384346,0.8,2.439936883169691e-06,1658774870.9215302,False
4267,+86019+31823,28.5875364424502,77.27263157765002,grassland,Medium,39.223663,0.5381208,Tree cover,328083.4425655595,0.8,2.4384040649663064e-06,1659102954.3640957,False
4268,+86016+31834,28.59741791057492,77.26993663179782,cropland,Medium,39.22226,0.4308162,Tree cover,328053.2416001215,0.8,2.438628547298902e-06,1659431007.6056957,False
4269,+86017+31834,28.59741791057492,77.27083494708188,cropland,Medium,39.21158,0.45939794,Tree cover,328053.2416001215,0.8,2.438628547298902e-06,1659759060.8472958,False
4270,+86008+31890,28.647723566482572,77.2627501095253,cropland,Medium,39.201324,0.4246422,Tree cover,327899.3403281139,0.8,2.4397731303743298e-06,1660086960.187624,False
4271,+86025+31837,28.600112856427117,77.2780214693544,cropland,Medium,39.191925,0.3502534,Tree cover,328045.00328376895,0.8,2.438689789485913e-06,1660415005.1909077,False
4272,+85943+31827,28.591129703586464,77.20435961606105,grassland,Medium,39.179108,0.4846371,Tree cover,328072.461522612,0.8,2.438485681751929e-06,1660743077.6524303,False
4273,+85934+31826,28.5902313883024,77.19627477850447,grassland,Medium,39.159363,0.35771042,Tree cover,328075.20690402645,0.8,2.438465276146357e-06,1661071152.8593342,False
4274,+86016+31889,28.646825251198507,77.26993663179782,cropland,Medium,39.155975,0.48318037,Tree cover,327902.0907768321,0.8,2.439752665512812e-06,1661399054.9501112,False
4275,+86007+31835,28.598316225858984,77.26185179424122,cropland,Medium,39.155518,0.5188594,Tree cover,328050.49557511683,0.8,2.4386489604214497e-06,1661727105.4456863,False
4276,+85942+31827,28.591129703586464,77.203461300777,grassland,Medium,39.14975,0.5138291,Tree cover,328072.461522612,0.8,2.438485681751929e-06,1662055177.907209,False
4277,+85943+31824,28.58843475773427,77.20435961606105,grassland,Medium,39.132324,0.5330558,Tree cover,328080.6974255007,0.8,2.4384244677535804e-06,1662383258.6046345,False
4278,+85936+31829,28.592926334154594,77.1980714090726,grassland,Medium,39.129333,0.4798309,Tree cover,328066.9705184316,0.8,2.4385264957816108e-06,1662711325.5751529,False
4279,+86025+31830,28.59382464943866,77.2780214693544,cropland,Medium,39.098602,0.3677562,Tree cover,328064.22489566664,0.8,2.4385469042057904e-06,1663039389.8000486,False
4280,+86004+31852,28.613587585688094,77.25915684838904,cropland,Medium,39.098328,0.48038,Tree cover,328003.80084221216,0.8,2.4389961273187926e-06,1663367393.6008909,False
4281,+85961+31851,28.61268927040403,77.22052929117423,grassland,Medium,39.09558,0.4437188,Tree cover,328006.5482347274,0.8,2.4389756982153467e-06,1663695400.1491256,False
4282,+86020+31832,28.59562128000679,77.27352989293408,cropland,Medium,39.08084,0.44735742,Tree cover,328058.7334087901,0.8,2.438587723872998e-06,1664023458.8825343,False
4283,+85942+31826,28.5902313883024,77.203461300777,grassland,Medium,39.06833,0.50504255,Tree cover,328075.20690402645,0.8,2.438465276146357e-06,1664351534.0894382,False
4284,+86031+31837,28.600112856427117,77.2834113610588,cropland,Medium,39.066254,0.39556497,Tree cover,328045.00328376895,0.8,2.438689789485913e-06,1664679579.092722,False
4285,+86010+31873,28.632452206653465,77.26454674009342,cropland,Medium,39.06131,0.509959,Tree cover,327946.0870193621,0.8,2.439425355768211e-06,1665007525.1797414,False
4286,+86005+31844,28.60640106341557,77.2600551636731,cropland,Medium,39.05066,0.44897044,Tree cover,328025.77773005865,0.8,2.4388327208184896e-06,1665335550.9574714,False
4287,+85943+31825,28.589333073018334,77.20435961606105,grassland,Medium,39.048676,0.49469274,Tree cover,328077.95220498944,0.8,2.438444871480253e-06,1665663628.9096763,False
4288,+85941+31825,28.589333073018334,77.20256298549292,grassland,Medium,39.026947,0.44908226,Tree cover,328077.95220498944,0.8,2.438444871480253e-06,1665991706.8618813,False
4289,+85993+31891,28.64862188176664,77.24927538026432,cropland,Medium,39.024323,0.47018543,Tree cover,327896.5897989804,0.8,2.4397935961775216e-06,1666319603.4516802,False
4290,+86018+31860,28.620774107960617,77.27173326236594,cropland,Medium,39.01889,0.5333573,Tree cover,327981.81880641327,0.8,2.43915959400234e-06,1666647585.2704866,False
4291,+86020+31823,28.5875364424502,77.27352989293408,cropland,Medium,38.99756,0.48725605,Tree cover,328083.4425655595,0.8,2.4384040649663064e-06,1666975668.713052,False
4292,+85941+31826,28.5902313883024,77.20256298549292,grassland,Medium,38.994354,0.42220837,Tree cover,328075.20690402645,0.8,2.438465276146357e-06,1667303743.919956,False
4293,+86002+31890,28.647723566482572,77.2573602178209,cropland,Medium,38.993774,0.4969,Tree cover,327899.3403281139,0.8,2.4397731303743298e-06,1667631643.2602842,False
4294,+86008+31839,28.601909486995247,77.2627501095253,cropland,Medium,38.986908,0.42093837,Tree cover,328039.51067064056,0.8,2.438730622309759e-06,1667959682.7709548,False
4295,+86003+31851,28.61268927040403,77.25825853310496,cropland,Medium,38.96823,0.51137906,Tree cover,328006.5482347274,0.8,2.4389756982153467e-06,1668287689.3191895,False
4296,+86001+31876,28.63514715250566,77.25646190253684,cropland,Medium,38.956604,0.43356186,Tree cover,327937.8392921057,0.8,2.4394867079898396e-06,1668615627.1584816,False
4297,+86017+31833,28.596519595290854,77.27083494708188,cropland,Medium,38.94992,0.42207098,Tree cover,328055.9875446795,0.8,2.438608135116096e-06,1668943683.1460264,False
4298,+86005+31851,28.61268927040403,77.2600551636731,cropland,Medium,38.933746,0.5120056,Tree cover,328006.5482347274,0.8,2.4389756982153467e-06,1669271689.694261,False
4299,+85943+31836,28.599214541143052,77.20435961606105,grassland,Medium,38.92935,0.49532548,Tree cover,328047.7494696658,0.8,2.438669374483775e-06,1669599737.4437308,False
4300,+86009+31870,28.62975726080127,77.26364842480936,cropland,Medium,38.92566,0.4932124,Tree cover,327954.33402279357,0.8,2.439364012016375e-06,1669927691.7777536,False
4301,+86012+31857,28.61807916210842,77.26634337066156,cropland,Medium,38.92447,0.49592963,Tree cover,327990.0626730953,0.8,2.439098286942165e-06,1670255681.8404267,False
4302,+85994+31898,28.654910088755095,77.25017369554838,cropland,Medium,38.917267,0.48867196,Tree cover,327877.33384346,0.8,2.439936883169691e-06,1670583559.1742702,False
4303,+86033+31841,28.603706117563377,77.28520799162693,cropland,Medium,38.897675,0.40296176,Tree cover,328034.0177357359,0.8,2.4387714588932656e-06,1670911593.1920059,False
4304,+86014+31889,28.646825251198507,77.26814000122968,cropland,Medium,38.86566,0.47610918,Tree cover,327902.0907768321,0.8,2.439752665512812e-06,1671239495.2827828,False
4305,+86009+31872,28.6315538913694,77.26364842480936,cropland,Medium,38.854584,0.4705752,Tree cover,327948.83610093157,0.8,2.439404906909891e-06,1671567444.1188836,False
4306,+86001+31890,28.647723566482572,77.25646190253684,cropland,Medium,38.85446,0.47523662,Tree cover,327899.3403281139,0.8,2.4397731303743298e-06,1671895343.4592118,False
4307,+85970+31851,28.61268927040403,77.22861412873081,grassland,Medium,38.85327,0.42463687,Tree cover,328006.5482347274,0.8,2.4389756982153467e-06,1672223350.0074465,False
4308,+85998+31897,28.65401177347103,77.25376695668464,cropland,Medium,38.847504,0.46963963,Tree cover,327880.084935486,0.8,2.4399164107738008e-06,1672551230.092382,False
4309,+86032+31840,28.60280780227931,77.28430967634286,cropland,Medium,38.838593,0.43282014,Tree cover,328036.76424340997,0.8,2.4387510401315376e-06,1672879266.8566253,False
4310,+86001+31892,28.649520197050705,77.25646190253684,cropland,Medium,38.81607,0.4332395,Tree cover,327893.839189432,0.8,2.4398140629224243e-06,1673207160.6958148,False
4311,+85936+31853,28.61448590097216,77.1980714090726,grassland,Medium,38.799286,0.40524623,Tree cover,328001.05336926004,0.8,2.439016557362603e-06,1673535161.7491841,False
4312,+86018+31835,28.598316225858984,77.27173326236594,cropland,Medium,38.79825,0.4649888,Tree cover,328050.49557511683,0.8,2.4386489604214497e-06,1673863212.2447593,False
4313,+86013+31873,28.632452206653465,77.26724168594562,cropland,Medium,38.796448,0.4730078,Tree cover,327946.0870193621,0.8,2.439425355768211e-06,1674191158.3317788,False
4314,+85971+31851,28.61268927040403,77.22951244401489,grassland,Medium,38.794983,0.32581684,Tree cover,328006.5482347274,0.8,2.4389756982153467e-06,1674519164.8800135,False
4315,+85963+31851,28.61268927040403,77.22232592174235,grassland,Medium,38.79129,0.38460138,Tree cover,328006.5482347274,0.8,2.4389756982153467e-06,1674847171.4282482,False
4316,+86017+31844,28.60640106341557,77.27083494708188,cropland,Medium,38.79059,0.20759884,Tree cover,328025.77773005865,0.8,2.4388327208184896e-06,1675175197.2059782,False
4317,+86017+31838,28.601011171711182,77.27083494708188,cropland,Medium,38.772064,0.49655247,Tree cover,328042.2570174271,0.8,2.438710205427895e-06,1675503239.4629955,False
4318,+86027+31827,28.591129703586464,77.27981809992254,cropland,Medium,38.75479,0.48078763,Tree cover,328072.461522612,0.8,2.438485681751929e-06,1675831311.924518,False
4319,+85998+31886,28.644130305346312,77.25376695668464,cropland,Medium,38.730988,0.50982994,Tree cover,327910.3416404879,0.8,2.4396912765779694e-06,1676159222.2661586,False
4320,+86013+31858,28.618977477392487,77.26724168594562,cropland,Medium,38.729584,0.50974786,Tree cover,327987.31479796785,0.8,2.439118721688308e-06,1676487209.5809565,False
4321,+86014+31888,28.645926935914442,77.26814000122968,cropland,Medium,38.72101,0.47771603,Tree cover,327904.84114513407,0.8,2.4397322015929365e-06,1676815114.4221015,False
4322,+86014+31825,28.589333073018334,77.26814000122968,cropland,Medium,38.694122,0.50510895,Tree cover,328077.95220498944,0.8,2.438444871480253e-06,1677143192.3743064,False
4323,+86016+31887,28.645028620630377,77.26993663179782,cropland,Medium,38.68164,0.46119753,Tree cover,327907.59143301955,0.8,2.439711738614667e-06,1677471099.9657395,False
4324,+86019+31822,28.586638127166136,77.27263157765002,grassland,Medium,38.66507,0.5047485,Tree cover,328086.1876251653,0.8,2.4383836631183965e-06,1677799186.1533647,False
4325,+86032+31831,28.594722964722724,77.28430967634286,cropland,Medium,38.658203,0.31851938,Tree cover,328061.4791924526,0.8,2.4385673135695743e-06,1678127247.6325572,False
4326,+86017+31845,28.607299378699636,77.27083494708188,grassland,Medium,38.65506,0.24666233,Tree cover,328023.0309006162,0.8,2.4388531433403607e-06,1678455270.6634579,False
4327,+86016+31857,28.61807916210842,77.26993663179782,cropland,Medium,38.653046,0.4907373,Tree cover,327990.0626730953,0.8,2.439098286942165e-06,1678783260.726131,False
4328,+85990+31897,28.65401177347103,77.24658043441212,grassland,Medium,38.629547,0.43348026,Tree cover,327880.084935486,0.8,2.4399164107738008e-06,1679111140.8110664,False
4329,+85935+31826,28.5902313883024,77.19717309378854,grassland,Medium,38.625763,0.38922504,Tree cover,328075.20690402645,0.8,2.438465276146357e-06,1679439216.0179703,False
4330,+85989+31833,28.596519595290854,77.24568211912806,grassland,Medium,38.611115,0.43880907,Tree cover,328055.9875446795,0.8,2.438608135116096e-06,1679767272.005515,False
4331,+86026+31846,28.6081976939837,77.27891978463848,grassland,Medium,38.604645,0.21441211,Tree cover,328020.28399073315,0.8,2.438873566802353e-06,1680095292.2895057,False
4332,+86024+31839,28.601909486995247,77.27712315407034,cropland,Medium,38.603424,0.32785013,Tree cover,328039.51067064056,0.8,2.438730622309759e-06,1680423331.8001764,False
4333,+86015+31827,28.591129703586464,77.26903831651376,cropland,Medium,38.60092,0.4866402,Tree cover,328072.461522612,0.8,2.438485681751929e-06,1680751404.261699,False
4334,+86000+31891,28.64862188176664,77.25556358725278,cropland,Medium,38.59726,0.48303586,Tree cover,327896.5897989804,0.8,2.4397935961775216e-06,1681079300.851498,False
4335,+86020+31824,28.58843475773427,77.27352989293408,cropland,Medium,38.58972,0.4221631,Tree cover,328080.6974255007,0.8,2.4384244677535804e-06,1681407381.5489235,False
4336,+85957+31852,28.613587585688094,77.21693603003797,grassland,Medium,38.58603,0.48852134,Tree cover,328003.80084221216,0.8,2.4389961273187926e-06,1681735385.3497658,False
4337,+86016+31888,28.645926935914442,77.26993663179782,cropland,Medium,38.57556,0.4282308,Tree cover,327904.84114513407,0.8,2.4397322015929365e-06,1682063290.1909108,False
4338,+86028+31827,28.591129703586464,77.2807164152066,cropland,Medium,38.56833,0.40048352,Tree cover,328072.461522612,0.8,2.438485681751929e-06,1682391362.6524334,False
4339,+85994+31830,28.59382464943866,77.25017369554838,grassland,Medium,38.523834,0.4250914,Tree cover,328064.22489566664,0.8,2.4385469042057904e-06,1682719426.877329,False
4340,+86013+31857,28.61807916210842,77.26724168594562,cropland,Medium,38.522583,0.48389426,Tree cover,327990.0626730953,0.8,2.439098286942165e-06,1683047416.9400022,False
4341,+86023+31839,28.601909486995247,77.27622483878628,cropland,Medium,38.511566,0.3383306,Tree cover,328039.51067064056,0.8,2.438730622309759e-06,1683375456.4506729,False
4342,+86010+31893,28.65041851233477,77.26454674009342,grassland,Medium,38.50345,0.26698074,Tree cover,327891.0884994691,0.8,2.4398345306090726e-06,1683703347.5391724,False
4343,+86008+31875,28.634248837221595,77.2627501095253,cropland,Medium,38.50122,0.48474455,Tree cover,327940.5886149485,0.8,2.4394662563081515e-06,1684031288.1277874,False
4344,+86024+31834,28.59741791057492,77.27712315407034,cropland,Medium,38.498016,0.4569988,Tree cover,328053.2416001215,0.8,2.438628547298902e-06,1684359341.3693874,False
4345,+86025+31839,28.601909486995247,77.2780214693544,cropland,Medium,38.496674,0.33314848,Tree cover,328039.51067064056,0.8,2.438730622309759e-06,1684687380.880058,False
4346,+86003+31891,28.64862188176664,77.25825853310496,cropland,Medium,38.475677,0.44523728,Tree cover,327896.5897989804,0.8,2.4397935961775216e-06,1685015277.469857,False
4347,+86024+31833,28.596519595290854,77.27712315407034,cropland,Medium,38.466248,0.43749034,Tree cover,328055.9875446795,0.8,2.438608135116096e-06,1685343333.4574018,False
4348,+85934+31863,28.623469053812812,77.19627477850447,grassland,Medium,38.46408,0.4725897,Tree cover,327973.57421584066,0.8,2.439220909528269e-06,1685671307.0316176,False
4349,+86013+31888,28.645926935914442,77.26724168594562,cropland,Medium,38.432953,0.4824197,Tree cover,327904.84114513407,0.8,2.4397322015929365e-06,1685999211.8727627,False
4350,+86023+31832,28.59562128000679,77.27622483878628,cropland,Medium,38.42923,0.47523105,Tree cover,328058.7334087901,0.8,2.438587723872998e-06,1686327270.6061714,False
4351,+86005+31885,28.643231990062247,77.2600551636731,grassland,Medium,38.426544,0.45976305,Tree cover,327913.0917675386,0.8,2.439670815482809e-06,1686655183.697939,False
4352,+86015+31857,28.61807916210842,77.26903831651376,cropland,Medium,38.4227,0.46896043,Tree cover,327990.0626730953,0.8,2.439098286942165e-06,1686983173.760612,False
4353,+86027+31839,28.601909486995247,77.27981809992254,cropland,Medium,38.41098,0.2700904,Tree cover,328039.51067064056,0.8,2.438730622309759e-06,1687311213.2712827,False
4354,+86015+31833,28.596519595290854,77.26903831651376,cropland,Medium,38.39328,0.43415794,Tree cover,328055.9875446795,0.8,2.438608135116096e-06,1687639269.2588274,False
4355,+86021+31823,28.5875364424502,77.27442820821814,cropland,Medium,38.3916,0.45368475,Tree cover,328083.4425655595,0.8,2.4384040649663064e-06,1687967352.701393,False
4356,+86021+31839,28.601909486995247,77.27442820821814,cropland,Medium,38.385162,0.37855858,Tree cover,328039.51067064056,0.8,2.438730622309759e-06,1688295392.2120636,False
4357,+86027+31838,28.601011171711182,77.27981809992254,cropland,Medium,38.37155,0.38756517,Tree cover,328042.2570174271,0.8,2.438710205427895e-06,1688623434.469081,False
4358,+85935+31825,28.589333073018334,77.19717309378854,grassland,Medium,38.356415,0.4236489,Tree cover,328077.95220498944,0.8,2.438444871480253e-06,1688951512.4212859,False
4359,+86026+31830,28.59382464943866,77.27891978463848,cropland,Medium,38.324036,0.46853212,Tree cover,328064.22489566664,0.8,2.4385469042057904e-06,1689279576.6461816,False
4360,+86002+31900,28.656706719323225,77.2573602178209,cropland,Medium,38.318115,0.32674995,Tree cover,327871.8314181757,0.8,2.439977830787362e-06,1689607448.4775999,False
4361,+86016+31833,28.596519595290854,77.26993663179782,cropland,Medium,38.277008,0.41537637,Tree cover,328055.9875446795,0.8,2.438608135116096e-06,1689935504.4651446,False
4362,+86014+31857,28.61807916210842,77.26814000122968,cropland,Medium,38.272614,0.4388373,Tree cover,327990.0626730953,0.8,2.439098286942165e-06,1690263494.5278177,False
4363,+86018+31833,28.596519595290854,77.27173326236594,cropland,Medium,38.255096,0.45901677,Tree cover,328055.9875446795,0.8,2.438608135116096e-06,1690591550.5153625,False
4364,+85965+31851,28.61268927040403,77.22412255231049,grassland,Medium,38.20279,0.44019413,Tree cover,328006.5482347274,0.8,2.4389756982153467e-06,1690919557.0635972,False
4365,+86012+31890,28.647723566482572,77.26634337066156,cropland,Medium,38.196075,0.43610647,Tree cover,327899.3403281139,0.8,2.4397731303743298e-06,1691247456.4039254,False
4366,+85966+31859,28.619875792676552,77.22502086759455,bare_sparse,Medium,38.18582,0.21719125,Tree cover,327984.56684240693,0.8,2.4391391573750223e-06,1691575440.9707677,False
4367,+86025+31831,28.594722964722724,77.2780214693544,cropland,Medium,38.159943,0.39656904,Tree cover,328061.4791924526,0.8,2.4385673135695743e-06,1691903502.4499602,False
4368,+86033+31831,28.594722964722724,77.28520799162693,cropland,Medium,38.14499,0.36196047,Tree cover,328061.4791924526,0.8,2.4385673135695743e-06,1692231563.9291527,False
4369,+86011+31836,28.599214541143052,77.2654450553775,grassland,Medium,38.135345,0.27835375,Tree cover,328047.7494696658,0.8,2.438669374483775e-06,1692559611.6786225,False
4370,+86018+31836,28.599214541143052,77.27173326236594,cropland,Medium,38.10382,0.41708538,Tree cover,328047.7494696658,0.8,2.438669374483775e-06,1692887659.4280922,False
4371,+86026+31839,28.601909486995247,77.27891978463848,cropland,Medium,38.102325,0.38073307,Tree cover,328039.51067064056,0.8,2.438730622309759e-06,1693215698.938763,False
4372,+86028+31846,28.6081976939837,77.2807164152066,cropland,Medium,38.049988,0.2652366,Tree cover,328020.28399073315,0.8,2.438873566802353e-06,1693543719.2227535,False
4373,+86020+31838,28.601011171711182,77.27352989293408,cropland,Medium,38.03183,0.43506214,Tree cover,328042.2570174271,0.8,2.438710205427895e-06,1693871761.479771,False
4374,+86029+31835,28.598316225858984,77.28161473049066,cropland,Medium,37.958344,0.44004083,Tree cover,328050.49557511683,0.8,2.4386489604214497e-06,1694199811.975346,False
4375,+86031+31833,28.596519595290854,77.2834113610588,cropland,Medium,37.914703,0.38298807,Tree cover,328055.9875446795,0.8,2.438608135116096e-06,1694527867.9628909,False
4376,+86014+31834,28.59741791057492,77.26814000122968,cropland,Medium,37.876007,0.4210301,Tree cover,328053.2416001215,0.8,2.438628547298902e-06,1694855921.204491,False
4377,+86019+31830,28.59382464943866,77.27263157765002,grassland,Medium,37.861816,0.43247235,Tree cover,328064.22489566664,0.8,2.4385469042057904e-06,1695183985.4293866,False
4378,+86031+31832,28.59562128000679,77.2834113610588,cropland,Medium,37.807007,0.39785537,Tree cover,328058.7334087901,0.8,2.438587723872998e-06,1695512044.1627953,False
4379,+86025+31835,28.598316225858984,77.2780214693544,cropland,Medium,37.806152,0.40026575,Tree cover,328050.49557511683,0.8,2.4386489604214497e-06,1695840094.6583705,False
4380,+86031+31834,28.59741791057492,77.2834113610588,cropland,Medium,37.78128,0.31752446,Tree cover,328053.2416001215,0.8,2.438628547298902e-06,1696168147.8999705,False
4381,+86028+31835,28.598316225858984,77.2807164152066,cropland,Medium,37.755646,0.42880014,Tree cover,328050.49557511683,0.8,2.4386489604214497e-06,1696496198.3955457,False
4382,+86022+31828,28.59202801887053,77.27532652350222,cropland,Medium,37.731537,0.35440645,Tree cover,328069.716060747,0.8,2.438506088297001e-06,1696824268.1116064,False
4383,+86028+31826,28.5902313883024,77.2807164152066,cropland,Medium,37.711823,0.42320922,Tree cover,328075.20690402645,0.8,2.438465276146357e-06,1697152343.3185103,False
4384,+86032+31830,28.59382464943866,77.28430967634286,cropland,Medium,37.674225,0.38843706,Tree cover,328064.22489566664,0.8,2.4385469042057904e-06,1697480407.543406,False
4385,+86031+31830,28.59382464943866,77.2834113610588,cropland,Medium,37.664886,0.3686795,Tree cover,328064.22489566664,0.8,2.4385469042057904e-06,1697808471.7683017,False
4386,+86026+31838,28.601011171711182,77.27891978463848,cropland,Medium,37.629303,0.38993272,Tree cover,328042.2570174271,0.8,2.438710205427895e-06,1698136514.025319,False
4387,+86025+31838,28.601011171711182,77.2780214693544,cropland,Medium,37.56967,0.36115122,Tree cover,328042.2570174271,0.8,2.438710205427895e-06,1698464556.2823365,False
4388,+86030+31832,28.59562128000679,77.28251304577473,cropland,Medium,37.55136,0.39707986,Tree cover,328058.7334087901,0.8,2.438587723872998e-06,1698792615.0157452,False
4389,+86030+31833,28.596519595290854,77.28251304577473,cropland,Medium,37.51883,0.3831643,Tree cover,328055.9875446795,0.8,2.438608135116096e-06,1699120671.00329,False
4390,+86031+31831,28.594722964722724,77.2834113610588,cropland,Medium,37.46805,0.3919982,Tree cover,328061.4791924526,0.8,2.4385673135695743e-06,1699448732.4824824,False
4391,+86031+31828,28.59202801887053,77.2834113610588,cropland,Medium,37.456573,0.40077484,Tree cover,328069.716060747,0.8,2.438506088297001e-06,1699776802.198543,False
4392,+86024+31838,28.601011171711182,77.27712315407034,cropland,Medium,37.371307,0.3870275,Tree cover,328042.2570174271,0.8,2.438710205427895e-06,1700104844.4555604,False
4393,+86010+31837,28.600112856427117,77.26454674009342,cropland,Medium,37.289886,0.26530373,Tree cover,328045.00328376895,0.8,2.438689789485913e-06,1700432889.4588442,False
4394,+86031+31827,28.591129703586464,77.2834113610588,cropland,Medium,37.106018,0.37561107,Tree cover,328072.461522612,0.8,2.438485681751929e-06,1700760961.9203668,False
4395,+86031+31835,28.598316225858984,77.2834113610588,cropland,Medium,37.09195,0.35504022,Tree cover,328050.49557511683,0.8,2.4386489604214497e-06,1701089012.415942,False
4396,+86018+31826,28.5902313883024,77.27173326236594,cropland,Medium,37.065582,0.2872738,Tree cover,328075.20690402645,0.8,2.438465276146357e-06,1701417087.622846,False
4397,+86026+31845,28.607299378699636,77.27891978463848,cropland,Medium,36.958893,0.2206462,Tree cover,328023.0309006162,0.8,2.4388531433403607e-06,1701745110.6537466,False
4398,+86014+31884,28.642333674778182,77.26814000122968,cropland,Medium,36.517365,0.2799267,Tree cover,327915.84181417106,0.8,2.4396503553291508e-06,1702073026.495561,False
4399,+86029+31832,28.59562128000679,77.28161473049066,cropland,Medium,36.35074,0.30357927,Tree cover,328058.7334087901,0.8,2.438587723872998e-06,1702401085.2289696,False
4400,+86018+31827,28.591129703586464,77.27173326236594,bare_sparse,Medium,35.71173,0.09438848,Tree cover,328072.461522612,0.8,2.438485681751929e-06,1702729157.6904922,False
4401,+86027+31846,28.6081976939837,77.27981809992254,cropland,Medium,35.5831,0.08166327,Tree cover,328020.28399073315,0.8,2.438873566802353e-06,1703057177.9744828,False
4402,+86014+31883,28.641435359494118,77.26814000122968,cropland,Medium,35.53543,0.13553908,Tree cover,327918.59178038465,0.8,2.439629896116961e-06,1703385096.5662632,False
4403,+86031+31844,28.60640106341557,77.2834113610588,cropland,High,46.512817,0.25797048,Green park,1005945.7183721798,2.0,1.988178848493334e-06,1704391042.2846353,False
4404,+86031+31845,28.607299378699636,77.2834113610588,cropland,High,46.466583,0.21481523,Green park,1005937.2947618897,2.0,1.988195497288337e-06,1705396979.5793972,False
4405,+86030+31844,28.60640106341557,77.28251304577473,cropland,High,46.243317,0.25105295,Green park,1005945.7183721798,2.0,1.988178848493334e-06,1706402925.2977693,False
4406,+86032+31844,28.60640106341557,77.28430967634286,cropland,High,46.210724,0.24732433,Green park,1005945.7183721798,2.0,1.988178848493334e-06,1707408871.0161414,False
4407,+86029+31844,28.60640106341557,77.28161473049066,cropland,High,46.138306,0.28270677,Green park,1005945.7183721798,2.0,1.988178848493334e-06,1708414816.7345135,False
4408,+86028+31843,28.605502748131507,77.2807164152066,cropland,High,46.126495,0.27694738,Green park,1005954.1417357832,2.0,1.9881622004647064e-06,1709420770.8762493,False
4409,+86030+31845,28.607299378699636,77.28251304577473,cropland,High,45.98282,0.28974703,Green park,1005937.2947618897,2.0,1.988195497288337e-06,1710426708.1710112,False
4410,+86029+31843,28.605502748131507,77.28161473049066,cropland,High,45.885223,0.31901228,Green park,1005954.1417357832,2.0,1.9881622004647064e-06,1711432662.312747,False
4411,+86032+31845,28.607299378699636,77.28430967634286,cropland,High,45.773315,0.36481908,Green park,1005937.2947618897,2.0,1.988195497288337e-06,1712438599.607509,False
4412,+86027+31843,28.605502748131507,77.27981809992254,cropland,High,45.763214,0.26723486,Green park,1005954.1417357832,2.0,1.9881622004647064e-06,1713444553.7492447,False
4413,+86030+31843,28.605502748131507,77.28251304577473,cropland,High,45.753815,0.24307072,Green park,1005954.1417357832,2.0,1.9881622004647064e-06,1714450507.8909805,False
4414,+85944+31819,28.58394318131394,77.20525793134512,grassland,High,45.461273,0.343071,Green park,1006156.2284518607,2.0,1.98776287761726e-06,1715456664.1194324,False
4415,+86029+31842,28.60460443284744,77.28161473049066,cropland,High,45.43686,0.31020784,Green park,1005962.5648526985,2.0,1.9881455532024265e-06,1716462626.6842852,False
4416,+86028+31844,28.60640106341557,77.2807164152066,cropland,High,45.434113,0.2958638,Green park,1005945.7183721798,2.0,1.988178848493334e-06,1717468572.4026573,False
4417,+85943+31819,28.58394318131394,77.20435961606105,cropland,High,45.376007,0.33252826,Green park,1006156.2284518607,2.0,1.98776287761726e-06,1718474728.6311092,False
4418,+86031+31843,28.605502748131507,77.2834113610588,cropland,High,45.36429,0.2759975,Green park,1005954.1417357832,2.0,1.9881622004647064e-06,1719480682.772845,False
4419,+86000+31841,28.603706117563377,77.25556358725278,bare_sparse,High,45.249786,0.21514814,Green park,1005970.9877229235,2.0,1.9881289067064662e-06,1720486653.760568,False
4420,+86000+31840,28.60280780227931,77.25556358725278,bare_sparse,High,45.233063,0.21888633,Green park,1005979.4103464573,2.0,1.9881122609767968e-06,1721492633.1709144,False
4421,+86001+31838,28.601011171711182,77.25646190253684,bare_sparse,High,45.172516,0.2164365,Green park,1005996.2548534432,2.0,1.9880789718162184e-06,1722498629.425768,False
4422,+86030+31842,28.60460443284744,77.28251304577473,cropland,High,45.075714,0.31310105,Green park,1005962.5648526985,2.0,1.9881455532024265e-06,1723504591.9906206,False
4423,+85999+31844,28.60640106341557,77.2546652719687,bare_sparse,High,45.063812,0.19490552,Green park,1005945.7183721798,2.0,1.988178848493334e-06,1724510537.7089927,False
4424,+86001+31837,28.600112856427117,77.25646190253684,bare_sparse,High,45.05893,0.24643238,Green park,1006004.6767368915,2.0,1.9880623283852545e-06,1725516542.3857296,False
4425,+86000+31842,28.60460443284744,77.25556358725278,bare_sparse,High,44.985992,0.19760327,Green park,1005962.5648526985,2.0,1.9881455532024265e-06,1726522504.9505823,False
4426,+85999+31843,28.605502748131507,77.2546652719687,bare_sparse,High,44.91458,0.20489016,Green park,1005954.1417357832,2.0,1.9881622004647064e-06,1727528459.092318,False
4427,+86032+31843,28.605502748131507,77.28430967634286,cropland,High,44.893738,0.34491408,Green park,1005954.1417357832,2.0,1.9881622004647064e-06,1728534413.2340539,False
4428,+86030+31846,28.6081976939837,77.28251304577473,cropland,High,44.876495,0.29665622,Green park,1005928.870904915,2.0,1.988212146849744e-06,1729540342.1049588,False
4429,+85942+31820,28.584841496598006,77.203461300777,grassland,High,44.78421,0.35824096,Green park,1006147.8110092476,2.0,1.987779507261302e-06,1730546489.915968,False
4430,+86028+31842,28.60460443284744,77.2807164152066,cropland,High,44.78186,0.3143383,Green park,1005962.5648526985,2.0,1.9881455532024265e-06,1731552452.4808207,False
4431,+86029+31845,28.607299378699636,77.28161473049066,cropland,High,44.75168,0.32980615,Green park,1005937.2947618897,2.0,1.988195497288337e-06,1732558389.7755826,False
4432,+86031+31842,28.60460443284744,77.2834113610588,cropland,High,44.726013,0.33825493,Green park,1005962.5648526985,2.0,1.9881455532024265e-06,1733564352.3404353,False
4433,+85941+31820,28.584841496598006,77.20256298549292,grassland,High,44.67514,0.36929983,Green park,1006147.8110092476,2.0,1.987779507261302e-06,1734570500.1514444,False
4434,+86026+31843,28.605502748131507,77.27891978463848,cropland,High,44.64331,0.2851793,Green park,1005954.1417357832,2.0,1.9881622004647064e-06,1735576454.2931802,False
4435,+86033+31845,28.607299378699636,77.28520799162693,cropland,High,44.47888,0.4043133,Green park,1005937.2947618897,2.0,1.988195497288337e-06,1736582391.5879421,False
4436,+86027+31844,28.60640106341557,77.27981809992254,cropland,High,44.414703,0.30579364,Green park,1005945.7183721798,2.0,1.988178848493334e-06,1737588337.3063142,False
4437,+85999+31831,28.594722964722724,77.2546652719687,cropland,High,44.407257,0.32965955,Green park,1006055.2028568547,2.0,1.98796248388824e-06,1738594392.509171,False
4438,+86001+31839,28.601909486995247,77.25646190253684,bare_sparse,High,44.40628,0.22069499,Green park,1005987.8327232976,2.0,1.9880956160133906e-06,1739600380.3418944,False
4439,+85999+31832,28.59562128000679,77.2546652719687,cropland,High,44.33432,0.37544787,Green park,1006046.7824536229,2.0,1.9879791227225527e-06,1740606427.124348,False
4440,+86030+31841,28.603706117563377,77.28251304577473,cropland,High,44.288483,0.29858106,Green park,1005970.9877229235,2.0,1.9881289067064662e-06,1741612398.1120708,False
4441,+85945+31820,28.584841496598006,77.20615624662919,cropland,High,44.28128,0.4358412,Green park,1006147.8110092476,2.0,1.987779507261302e-06,1742618545.92308,False
4442,+86029+31841,28.603706117563377,77.28161473049066,cropland,High,44.227997,0.31201446,Green park,1005970.9877229235,2.0,1.9881289067064662e-06,1743624516.9108028,False
4443,+86027+31853,28.61448590097216,77.27981809992254,grassland,High,44.206757,0.26972315,Green park,1005869.8969990641,2.0,1.9883287152412525e-06,1744630386.807802,False
4444,+86010+31822,28.586638127166136,77.26454674009342,cropland,High,44.157257,0.4298504,Green park,1006130.9753838402,2.0,1.987812768846519e-06,1745636517.7831857,False
4445,+85940+31821,28.58573981188207,77.20166467020886,cropland,High,44.15164,0.30605248,Green park,1006139.3933199068,2.0,1.987796137671046e-06,1746642657.1765056,False
4446,+85943+31821,28.58573981188207,77.20435961606105,cropland,High,44.14621,0.39868292,Green park,1006139.3933199068,2.0,1.987796137671046e-06,1747648796.5698254,False
4447,+86002+31837,28.600112856427117,77.2573602178209,bare_sparse,High,43.920837,0.24352732,Green park,1006004.6767368915,2.0,1.9880623283852545e-06,1748654801.2465622,False
4448,+86029+31853,28.61448590097216,77.28161473049066,grassland,High,43.910797,0.26920086,Green park,1005869.8969990641,2.0,1.9883287152412525e-06,1749660671.1435614,False
4449,+86027+31842,28.60460443284744,77.27981809992254,cropland,High,43.900055,0.31640506,Green park,1005962.5648526985,2.0,1.9881455532024265e-06,1750666633.708414,False
4450,+86031+31846,28.6081976939837,77.2834113610588,cropland,High,43.71805,0.33813953,Green park,1005928.870904915,2.0,1.988212146849744e-06,1751672562.579319,False
4451,+86029+31852,28.613587585688094,77.28161473049066,grassland,High,43.681854,0.30341983,Green park,1005878.322582784,2.0,1.988312060314233e-06,1752678440.9019017,False
4452,+85939+31822,28.586638127166136,77.2007663549248,cropland,High,43.671722,0.36652145,Green park,1006130.9753838402,2.0,1.987812768846519e-06,1753684571.8772855,False
4453,+86028+31853,28.61448590097216,77.2807164152066,grassland,High,43.67166,0.30709305,Green park,1005869.8969990641,2.0,1.9883287152412525e-06,1754690441.7742846,False
4454,+86025+31842,28.60460443284744,77.2780214693544,cropland,High,43.657654,0.2991949,Green park,1005962.5648526985,2.0,1.9881455532024265e-06,1755696404.3391373,False
4455,+86031+31841,28.603706117563377,77.2834113610588,cropland,High,43.611908,0.33230916,Green park,1005970.9877229235,2.0,1.9881289067064662e-06,1756702375.3268602,False
4456,+85939+31821,28.58573981188207,77.2007663549248,cropland,High,43.56259,0.31366727,Green park,1006139.3933199068,2.0,1.987796137671046e-06,1757708514.72018,False
4457,+86025+31855,28.61628253154029,77.2780214693544,cropland,High,43.551605,0.4442695,Green park,1005853.0450916133,2.0,1.9883620273952043e-06,1758714367.7652717,False
4458,+86014+31844,28.60640106341557,77.26814000122968,cropland,High,43.54422,0.36543638,Green park,1005945.7183721798,2.0,1.988178848493334e-06,1759720313.4836438,False
4459,+86013+31844,28.60640106341557,77.26724168594562,cropland,High,43.53665,0.36644247,Green park,1005945.7183721798,2.0,1.988178848493334e-06,1760726259.2020159,False
4460,+85998+31844,28.60640106341557,77.25376695668464,bare_sparse,High,43.500397,0.25960404,Green park,1005945.7183721798,2.0,1.988178848493334e-06,1761732204.920388,False
4461,+86025+31847,28.60909600926777,77.2780214693544,grassland,High,43.474,0.32189184,Green park,1005920.4468012578,2.0,1.9882287971775813e-06,1762738125.3671892,False
4462,+86015+31846,28.6081976939837,77.26903831651376,cropland,High,43.47296,0.3528298,Green park,1005928.870904915,2.0,1.988212146849744e-06,1763744054.238094,False
4463,+85991+31856,28.617180846824354,77.24747874969619,cropland,High,43.408966,0.23511337,Green park,1005844.618767886,2.0,1.9883786846221928e-06,1764749898.856862,False
4464,+86026+31842,28.60460443284744,77.27891978463848,cropland,High,43.37332,0.3360526,Green park,1005962.5648526985,2.0,1.9881455532024265e-06,1765755861.4217148,False
4465,+85946+31820,28.584841496598006,77.20705456191325,cropland,High,43.335297,0.41595206,Green park,1006147.8110092476,2.0,1.987779507261302e-06,1766762009.232724,False
4466,+86026+31850,28.611790955119965,77.27891978463848,bare_sparse,High,43.330597,0.11574417,Green park,1005895.1730102035,2.0,1.9882787527599682e-06,1767767904.405734,False
4467,+86024+31842,28.60460443284744,77.27712315407034,grassland,High,43.32547,0.3114054,Green park,1005962.5648526985,2.0,1.9881455532024265e-06,1768773866.9705868,False
4468,+86021+31855,28.61628253154029,77.27442820821814,grassland,High,43.316986,0.3855441,Green park,1005853.0450916133,2.0,1.9883620273952043e-06,1769779720.0156784,False
4469,+86023+31854,28.615384216256224,77.27622483878628,cropland,High,43.314392,0.3888857,Green park,1005861.4711686734,2.0,1.9883453709349e-06,1770785581.4868472,False
4470,+86014+31845,28.607299378699636,77.26814000122968,cropland,High,43.309418,0.32550707,Green park,1005937.2947618897,2.0,1.988195497288337e-06,1771791518.781609,False
4471,+86007+31891,28.64862188176664,77.26185179424122,cropland,High,43.238983,0.31815124,Green park,1005549.5420502065,2.0,1.9889621707968925e-06,1772797068.3236592,False
4472,+86002+31898,28.654910088755095,77.2573602178209,cropland,High,43.238434,0.39215466,Green park,1005490.4904532775,2.0,1.989078980844856e-06,1773802558.8141124,False
4473,+86002+31838,28.601011171711182,77.2573602178209,bare_sparse,High,43.200775,0.29717535,Green park,1005996.2548534432,2.0,1.9880789718162184e-06,1774808555.068966,False
4474,+85973+31883,28.641435359494118,77.23130907458301,bare_sparse,High,43.183533,0.27027345,Green park,1005617.0147931796,2.0,1.9888287196605663e-06,1775814172.083759,False
4475,+86012+31897,28.65401177347103,77.26634337066156,grassland,High,43.157776,0.38915545,Green park,1005498.9271354905,2.0,1.9890622913916852e-06,1776819671.0108945,False
4476,+86010+31876,28.63514715250566,77.26454674009342,cropland,High,43.141785,0.36226705,Green park,1005676.0404957908,2.0,1.9887119902091085e-06,1777825347.0513904,False
4477,+86003+31898,28.654910088755095,77.25825853310496,cropland,High,43.129364,0.42108378,Green park,1005490.4904532775,2.0,1.989078980844856e-06,1778830837.5418437,False
4478,+85972+31883,28.641435359494118,77.23041075929895,bare_sparse,High,43.124817,0.1966554,Green park,1005617.0147931796,2.0,1.9888287196605663e-06,1779836454.5566368,False
4479,+86021+31843,28.605502748131507,77.27442820821814,grassland,High,43.07254,0.3685585,Green park,1005954.1417357832,2.0,1.9881622004647064e-06,1780842408.6983726,False
4480,+85940+31823,28.5875364424502,77.20166467020886,cropland,High,43.039,0.40882418,Green park,1006122.5572010492,2.0,1.9878294007877497e-06,1781848531.2555737,False
4481,+86016+31846,28.6081976939837,77.26993663179782,grassland,High,42.967743,0.3688531,Green park,1005928.870904915,2.0,1.988212146849744e-06,1782854460.1264787,False
4482,+86028+31841,28.603706117563377,77.2807164152066,cropland,High,42.897034,0.30863714,Green park,1005970.9877229235,2.0,1.9881289067064662e-06,1783860431.1142015,False
4483,+86015+31845,28.607299378699636,77.26903831651376,cropland,High,42.880768,0.3425261,Green park,1005937.2947618897,2.0,1.988195497288337e-06,1784866368.4089634,False
4484,+85990+31859,28.619875792676552,77.24658043441212,cropland,High,42.836548,0.21083666,Green park,1005819.3383167145,2.0,1.9884286609035505e-06,1785872187.7472801,False
4485,+86027+31852,28.613587585688094,77.27981809992254,grassland,High,42.814606,0.30385703,Green park,1005878.322582784,2.0,1.988312060314233e-06,1786878066.0698628,False
4486,+86028+31845,28.607299378699636,77.2807164152066,cropland,High,42.797424,0.3361869,Green park,1005937.2947618897,2.0,1.988195497288337e-06,1787884003.3646247,False
4487,+86024+31843,28.605502748131507,77.27712315407034,cropland,High,42.76761,0.360209,Green park,1005954.1417357832,2.0,1.9881622004647064e-06,1788889957.5063605,False
4488,+86022+31851,28.61268927040403,77.27532652350222,grassland,High,42.755524,0.33474582,Green park,1005886.7479198307,2.0,1.988295406153815e-06,1789895844.2542803,False
4489,+85971+31884,28.642333674778182,77.22951244401489,bare_sparse,High,42.75412,0.21409242,Green park,1005608.5815634578,2.0,1.9888453983661555e-06,1790901452.8358438,False
4490,+85980+31898,28.654910088755095,77.23759728157147,grassland,High,42.74872,0.28275782,Green park,1005490.4904532775,2.0,1.989078980844856e-06,1791906943.326297,False
4491,+86007+31890,28.647723566482572,77.26185179424122,cropland,High,42.745148,0.36138648,Green park,1005557.977006216,2.0,1.9889454867182032e-06,1792912501.3033032,False
4492,+85972+31884,28.642333674778182,77.23041075929895,bare_sparse,High,42.68576,0.26119462,Green park,1005608.5815634578,2.0,1.9888453983661555e-06,1793918109.8848667,False
4493,+86032+31846,28.6081976939837,77.28430967634286,cropland,High,42.682343,0.3860644,Green park,1005928.870904915,2.0,1.988212146849744e-06,1794924038.7557716,False
4494,+86024+31841,28.603706117563377,77.27712315407034,cropland,High,42.65689,0.3626466,Green park,1005970.9877229235,2.0,1.9881289067064662e-06,1795930009.7434945,False
4495,+85996+31834,28.59741791057492,77.2519703261165,grassland,High,42.632294,0.24744269,Green park,1006029.9409070392,2.0,1.9880124026893224e-06,1796936039.6844015,False
4496,+86030+31840,28.60280780227931,77.28251304577473,cropland,High,42.62381,0.31673172,Green park,1005979.4103464573,2.0,1.9881122609767968e-06,1797942019.094748,False
4497,+86028+31852,28.613587585688094,77.2807164152066,grassland,High,42.62204,0.3875908,Green park,1005878.322582784,2.0,1.988312060314233e-06,1798947897.4173307,False
4498,+86021+31851,28.61268927040403,77.27442820821814,grassland,High,42.602325,0.387791,Green park,1005886.7479198307,2.0,1.988295406153815e-06,1799953784.1652505,False
4499,+86014+31843,28.605502748131507,77.26814000122968,cropland,High,42.596527,0.33972558,Green park,1005954.1417357832,2.0,1.9881622004647064e-06,1800959738.3069863,False
4500,+85980+31897,28.65401177347103,77.23759728157147,grassland,High,42.540253,0.31638703,Green park,1005498.9271354905,2.0,1.9890622913916852e-06,1801965237.2341218,False
4501,+85997+31899,28.65580840403916,77.25286864140058,cropland,High,42.537933,0.3816413,Green park,1005482.0535244707,2.0,1.9890956710659235e-06,1802970719.2876463,False
4502,+85995+31834,28.59741791057492,77.25107201083244,grassland,High,42.53659,0.3552733,Green park,1006029.9409070392,2.0,1.9880124026893224e-06,1803976749.2285533,False
4503,+86023+31841,28.603706117563377,77.27622483878628,cropland,High,42.51364,0.37794384,Green park,1005970.9877229235,2.0,1.9881289067064662e-06,1804982720.2162762,False
4504,+86013+31843,28.605502748131507,77.26724168594562,cropland,High,42.503815,0.36693886,Green park,1005954.1417357832,2.0,1.9881622004647064e-06,1805988674.358012,False
4505,+86021+31842,28.60460443284744,77.27442820821814,cropland,High,42.43283,0.3216159,Green park,1005962.5648526985,2.0,1.9881455532024265e-06,1806994636.9228647,False
4506,+86001+31841,28.603706117563377,77.25646190253684,bare_sparse,High,42.352753,0.29879683,Green park,1005970.9877229235,2.0,1.9881289067064662e-06,1808000607.9105875,False
4507,+85996+31899,28.65580840403916,77.2519703261165,cropland,High,42.34027,0.34597024,Green park,1005482.0535244707,2.0,1.9890956710659235e-06,1809006089.964112,False
4508,+86006+31890,28.647723566482572,77.26095347895716,cropland,High,42.33835,0.33152148,Green park,1005557.977006216,2.0,1.9889454867182032e-06,1810011647.9411182,False
4509,+86000+31844,28.60640106341557,77.25556358725278,bare_sparse,High,42.337067,0.3148924,Green park,1005945.7183721798,2.0,1.988178848493334e-06,1811017593.6594903,False
4510,+86002+31832,28.59562128000679,77.2573602178209,grassland,High,42.249786,0.308312,Green park,1006046.7824536229,2.0,1.9879791227225527e-06,1812023640.441944,False
4511,+86022+31842,28.60460443284744,77.27532652350222,grassland,High,42.22632,0.35662162,Green park,1005962.5648526985,2.0,1.9881455532024265e-06,1813029603.0067966,False
4512,+86007+31892,28.649520197050705,77.26185179424122,cropland,High,42.192657,0.30314624,Green park,1005541.1068475913,2.0,1.9889788556432804e-06,1814035144.1136441,False
4513,+86023+31842,28.60460443284744,77.27622483878628,grassland,High,42.186066,0.33334035,Green park,1005962.5648526985,2.0,1.9881455532024265e-06,1815041106.6784968,False
4514,+85980+31896,28.653113458186965,77.23759728157147,grassland,High,42.180206,0.26086867,Green park,1005507.3635711084,2.0,1.9890456027063814e-06,1816046614.042068,False
4515,+86019+31844,28.60640106341557,77.27263157765002,grassland,High,42.079742,0.30239537,Green park,1005945.7183721798,2.0,1.988178848493334e-06,1817052559.76044,False
4516,+86006+31891,28.64862188176664,77.26095347895716,cropland,High,41.871643,0.32403627,Green park,1005549.5420502065,2.0,1.9889621707968925e-06,1818058109.3024902,False
4517,+85974+31851,28.61268927040403,77.23220738986707,grassland,High,41.84836,0.29423854,Green park,1005886.7479198307,2.0,1.988295406153815e-06,1819063996.05041,False
4518,+85936+31897,28.65401177347103,77.1980714090726,bare_sparse,High,41.800476,0.22972438,Green park,1005498.9271354905,2.0,1.9890622913916852e-06,1820069494.9775455,False
4519,+86010+31894,28.651316827618835,77.26454674009342,grassland,High,41.729218,0.24878475,Green park,1005524.2357025505,2.0,1.989012227639266e-06,1821075019.213248,False
4520,+86015+31843,28.605502748131507,77.26903831651376,cropland,High,41.72528,0.31232724,Green park,1005954.1417357832,2.0,1.9881622004647064e-06,1822080973.3549838,False
4521,+85975+31851,28.61268927040403,77.23310570515115,grassland,High,41.10031,0.18911667,Green park,1005886.7479198307,2.0,1.988295406153815e-06,1823086860.1029036,False
