grid_id,lat,lon,land_cover,priority,LST,exclusion_reason
+102027+29098,26.13962729529328,91.65286265070468,tree_cover,Medium,28.4086,already vegetated (tree cover) - no action needed
+102028+29098,26.13962729513641,91.65376096577228,tree_cover,Medium,28.479279,already vegetated (tree cover) - no action needed
+102028+29099,26.14052561007416,91.653760965394,tree_cover,Low,27.422516,already vegetated (tree cover) - no action needed
+102029+29088,26.13064414196735,91.6546592815156,water,Medium,25.208344,never-touch land cover (water)
+102029+29089,26.13154245767416,91.65465928149328,water,Medium,24.15152,never-touch land cover (water)
+102029+29098,26.13962729490218,91.65465928106688,tree_cover,Medium,28.318817,already vegetated (tree cover) - no action needed
+102029+29099,26.14052561016733,91.65465928127011,tree_cover,Medium,27.542938,already vegetated (tree cover) - no action needed
+102029+29100,26.14142392600319,91.6546592814282,tree_cover,Low,27.07602,already vegetated (tree cover) - no action needed
+102029+29101,26.14232224083232,91.65465928131526,tree_cover,Low,27.075165,already vegetated (tree cover) - no action needed
+102030+29089,26.131542457507624,91.65555759598855,water,High,23.604645,never-touch land cover (water)
+102030+29090,26.132440772708406,91.65555759604906,water,Medium,23.811615,never-touch land cover (water)
+102030+29098,26.13962729495448,91.65555759604372,tree_cover,Medium,28.593475,already vegetated (tree cover) - no action needed
+102030+29099,26.140525610365355,91.65555759615106,tree_cover,Medium,28.118805,already vegetated (tree cover) - no action needed
+102030+29100,26.14142392580083,91.6555575959876,tree_cover,Medium,27.338928,already vegetated (tree cover) - no action needed
+102030+29101,26.142322240957725,91.65555759600504,tree_cover,Medium,27.07425,already vegetated (tree cover) - no action needed
+102030+29102,26.143220555953864,91.65555759620324,tree_cover,Low,27.006134,already vegetated (tree cover) - no action needed
+102031+29086,26.12884751188428,91.65645591166066,wetland,Medium,27.140533,never-touch land cover (wetland)
+102031+29089,26.13154245744416,91.6564559118173,water,High,23.911133,never-touch land cover (water)
+102031+29099,26.14052561030414,91.65645591191382,tree_cover,Medium,27.669983,already vegetated (tree cover) - no action needed
+102031+29100,26.141423925703485,91.65645591188054,tree_cover,Medium,27.995087,already vegetated (tree cover) - no action needed
+102031+29101,26.14232224100612,91.65645591180234,tree_cover,Medium,27.837067,already vegetated (tree cover) - no action needed
+102031+29102,26.143220556148,91.65645591190508,tree_cover,Medium,27.567657,already vegetated (tree cover) - no action needed
+102031+29103,26.14411887168264,91.65645591196332,tree_cover,Low,27.564117,already vegetated (tree cover) - no action needed
+102031+29104,26.14501718666759,91.65645591197683,tree_cover,Medium,27.069305,already vegetated (tree cover) - no action needed
+102032+29086,26.1288475118497,91.6573542268362,wetland,Medium,26.156921,never-touch land cover (wetland)
+102032+29092,26.134237403087425,91.657354226836,wetland,High,26.845306,never-touch land cover (wetland)
+102032+29097,26.13872898006175,91.65735422685292,tree_cover,Medium,28.821625,already vegetated (tree cover) - no action needed
+102032+29102,26.143220556083428,91.6573542266591,tree_cover,Medium,28.45578,already vegetated (tree cover) - no action needed
+102032+29103,26.144118871764142,91.65735422662188,tree_cover,Low,27.729797,already vegetated (tree cover) - no action needed
+102032+29104,26.145017186713154,91.65735422676607,tree_cover,Low,27.24701,already vegetated (tree cover) - no action needed
+102032+29105,26.14591550159149,91.65735422664008,tree_cover,Low,25.523224,already vegetated (tree cover) - no action needed
+102033+29097,26.13872898009973,91.65825254251588,tree_cover,Medium,28.626556,already vegetated (tree cover) - no action needed
+102033+29098,26.139627294829143,91.6582525423796,tree_cover,Medium,27.848053,already vegetated (tree cover) - no action needed
+102033+29100,26.14142392582352,91.65825254220051,tree_cover,Medium,28.239471,already vegetated (tree cover) - no action needed
+102033+29102,26.143220555942204,91.6582525425209,tree_cover,Medium,28.80606,already vegetated (tree cover) - no action needed
+102033+29103,26.14411887176901,91.6582525423889,tree_cover,Medium,28.434052,already vegetated (tree cover) - no action needed
+102033+29104,26.145017186682235,91.65825254221238,tree_cover,Low,27.497955,already vegetated (tree cover) - no action needed
+102033+29105,26.145915501707,91.65825254244336,tree_cover,Low,25.555267,already vegetated (tree cover) - no action needed
+102033+29106,26.14681381744756,91.65825254262988,tree_cover,Low,24.912445,already vegetated (tree cover) - no action needed
+102034+29085,26.12794919618892,91.65915085720918,wetland,Medium,26.316193,never-touch land cover (wetland)
+102034+29089,26.1315424576898,91.65915085745506,water,Medium,24.839935,never-touch land cover (water)
+102034+29097,26.138728979877964,91.65915085718466,tree_cover,High,28.858948,already vegetated (tree cover) - no action needed
+102034+29099,26.140525610203103,91.65915085735344,tree_cover,Medium,27.953705,already vegetated (tree cover) - no action needed
+102034+29103,26.1441188716974,91.65915085738732,tree_cover,Medium,28.892975,already vegetated (tree cover) - no action needed
+102034+29104,26.145017186575025,91.65915085734191,tree_cover,Medium,27.825165,already vegetated (tree cover) - no action needed
+102034+29105,26.14591550192808,91.65915085725224,tree_cover,Low,26.04248,already vegetated (tree cover) - no action needed
+102034+29106,26.146813817451005,91.65915085734436,tree_cover,Low,25.351776,already vegetated (tree cover) - no action needed
+102034+29107,26.14771213263897,91.65915085739243,tree_cover,Low,25.1297,already vegetated (tree cover) - no action needed
+102035+29099,26.14052561019701,91.66004917296172,tree_cover,Medium,28.596222,already vegetated (tree cover) - no action needed
+102035+29100,26.141423926181247,91.6600491729973,tree_cover,Medium,27.47702,already vegetated (tree cover) - no action needed
+102035+29103,26.14411887173133,91.66004917283972,tree_cover,Medium,29.063171,already vegetated (tree cover) - no action needed
+102035+29104,26.145017186573533,91.66004917292538,tree_cover,Medium,28.269684,already vegetated (tree cover) - no action needed
+102035+29105,26.14591550189084,91.660049172967,tree_cover,Low,26.425476,already vegetated (tree cover) - no action needed
+102035+29106,26.14681381756053,91.66004917296458,tree_cover,Low,25.907227,already vegetated (tree cover) - no action needed
+102035+29107,26.14771213253089,91.6600491729183,tree_cover,Low,25.388947,already vegetated (tree cover) - no action needed
+102035+29108,26.14861044785606,91.66004917305408,tree_cover,Low,25.296661,already vegetated (tree cover) - no action needed
+102036+29090,26.13244077274776,91.66094748773406,wetland,Medium,26.32965,never-touch land cover (wetland)
+102036+29091,26.1333390883066,91.66094748784106,wetland,Medium,27.525421,never-touch land cover (wetland)
+102036+29093,26.135135718782443,91.66094748769812,cropland,Low,27.166077,low priority - no action needed
+102036+29100,26.14142392606272,91.66094748796688,tree_cover,Medium,27.991486,already vegetated (tree cover) - no action needed
+102036+29101,26.1423222406406,91.6609474878627,tree_cover,Medium,27.725433,already vegetated (tree cover) - no action needed
+102036+29102,26.14322055615041,91.66094748794082,tree_cover,Medium,28.391998,already vegetated (tree cover) - no action needed
+102036+29103,26.144118871688764,91.6609474879753,tree_cover,Medium,28.84674,already vegetated (tree cover) - no action needed
+102036+29104,26.145017186677595,91.66094748796598,tree_cover,Medium,28.682037,already vegetated (tree cover) - no action needed
+102036+29105,26.14591550177764,91.66094748791302,tree_cover,Low,26.619598,already vegetated (tree cover) - no action needed
+102036+29106,26.14681381759396,91.66094748781644,tree_cover,Low,26.135468,already vegetated (tree cover) - no action needed
+102036+29107,26.1477121325289,91.66094748790172,tree_cover,Low,25.516998,already vegetated (tree cover) - no action needed
+102036+29108,26.14861044800103,91.66094748794336,tree_cover,Low,25.103516,already vegetated (tree cover) - no action needed
+102036+29109,26.14950876331776,91.6609474879414,tree_cover,Low,25.367645,already vegetated (tree cover) - no action needed
+102037+29086,26.12884751193983,91.66184580320429,wetland,Medium,27.014801,never-touch land cover (wetland)
+102037+29087,26.12974582681242,91.66184580316134,wetland,Medium,25.866028,never-touch land cover (wetland)
+102037+29089,26.131542457588026,91.6618458033968,wetland,Medium,25.220245,never-touch land cover (wetland)
+102037+29090,26.132440772539105,91.66184580344952,wetland,Medium,23.938324,never-touch land cover (wetland)
+102037+29091,26.133339088426805,91.6618458032328,wetland,Medium,24.44345,never-touch land cover (wetland)
+102037+29092,26.134237403023928,91.66184580319832,wetland,Medium,25.962524,never-touch land cover (wetland)
+102037+29093,26.135135718832355,91.66184580334632,wetland,Medium,26.522797,never-touch land cover (wetland)
+102037+29094,26.13603403429977,91.66184580322528,wetland,Medium,26.750305,never-touch land cover (wetland)
+102037+29095,26.13693234893739,91.66184580328648,wetland,Medium,27.14029,never-touch land cover (wetland)
+102037+29100,26.141423925866835,91.66184580316656,tree_cover,Medium,28.551544,already vegetated (tree cover) - no action needed
+102037+29101,26.14232224077372,91.66184580319285,tree_cover,Medium,27.31372,already vegetated (tree cover) - no action needed
+102037+29102,26.14322055606644,91.66184580317572,tree_cover,Medium,27.757507,already vegetated (tree cover) - no action needed
+102037+29103,26.14411887175159,91.66184580311496,tree_cover,Medium,28.478668,already vegetated (tree cover) - no action needed
+102037+29104,26.145017186705367,91.66184580323672,tree_cover,Medium,28.659851,already vegetated (tree cover) - no action needed
+102037+29105,26.145915501770165,91.66184580331488,tree_cover,Low,27.1044,already vegetated (tree cover) - no action needed
+102037+29106,26.146813817551426,91.66184580334942,tree_cover,Low,26.386505,already vegetated (tree cover) - no action needed
+102037+29107,26.14771213263317,91.66184580334075,tree_cover,Low,26.02884,already vegetated (tree cover) - no action needed
+102037+29108,26.14861044788821,91.66184580328849,tree_cover,Low,25.158417,already vegetated (tree cover) - no action needed
+102037+29109,26.149508763351733,91.66184580319262,tree_cover,Low,25.213348,already vegetated (tree cover) - no action needed
+102037+29110,26.15040707807844,91.66184580327923,tree_cover,Low,25.603668,already vegetated (tree cover) - no action needed
+102038+29085,26.12794919621521,91.66274411886825,wetland,Medium,27.601654,never-touch land cover (wetland)
+102038+29086,26.12884751197398,91.66274411876996,wetland,Medium,26.149933,never-touch land cover (wetland)
+102038+29087,26.129745826811515,91.66274411885414,wetland,Medium,26.674316,never-touch land cover (wetland)
+102038+29090,26.132440772615578,91.6627441188476,wetland,Medium,24.48294,never-touch land cover (wetland)
+102038+29091,26.13333908828635,91.66274411898496,wetland,Medium,23.715698,never-touch land cover (wetland)
+102038+29092,26.13423740303045,91.66274411885324,wetland,Medium,25.380402,never-touch land cover (wetland)
+102038+29095,26.136932349203168,91.66274411887606,wetland,Medium,27.307404,never-touch land cover (wetland)
+102038+29096,26.13783066447204,91.6627441190232,wetland,Medium,27.144775,never-touch land cover (wetland)
+102038+29100,26.14142392595784,91.6627441189528,tree_cover,Medium,27.976807,already vegetated (tree cover) - no action needed
+102038+29101,26.142322240829994,91.66274411910928,tree_cover,Medium,27.098114,already vegetated (tree cover) - no action needed
+102038+29102,26.143220555905646,91.66274411899671,tree_cover,Medium,27.667023,already vegetated (tree cover) - no action needed
+102038+29103,26.144118871919968,91.66274411906686,tree_cover,Medium,28.20932,already vegetated (tree cover) - no action needed
+102038+29104,26.14501718665666,91.6627441190936,tree_cover,Medium,27.900848,already vegetated (tree cover) - no action needed
+102038+29105,26.14591550168658,91.6627441188513,tree_cover,Low,27.11969,already vegetated (tree cover) - no action needed
+102038+29106,26.146813817614813,91.66274411879168,tree_cover,Low,26.916962,already vegetated (tree cover) - no action needed
+102038+29107,26.14771213266183,91.66274411891456,tree_cover,Low,26.901459,already vegetated (tree cover) - no action needed
+102038+29108,26.148610447699472,91.6627441187682,tree_cover,Low,26.22168,already vegetated (tree cover) - no action needed
+102038+29109,26.149508763492488,91.66274411880453,tree_cover,Low,25.424713,already vegetated (tree cover) - no action needed
+102038+29110,26.15040707818381,91.66274411902334,tree_cover,Low,25.777191,already vegetated (tree cover) - no action needed
+102038+29111,26.151305394173804,91.6627441189731,tree_cover,Low,25.330963,already vegetated (tree cover) - no action needed
+102038+29112,26.15220370861277,91.66274411887969,tree_cover,Low,25.27179,already vegetated (tree cover) - no action needed
+102038+29113,26.153102024532387,91.66274411874286,tree_cover,Medium,26.550873,already vegetated (tree cover) - no action needed
+102038+29120,26.15939023100292,91.66274411883091,tree_cover,Medium,27.102692,already vegetated (tree cover) - no action needed
+102038+29121,26.160288547232355,91.66274411902532,tree_cover,Medium,26.928314,already vegetated (tree cover) - no action needed
+102038+29122,26.16118686173016,91.6627441189504,tree_cover,Low,26.789398,already vegetated (tree cover) - no action needed
+102038+29123,26.16208517698956,91.66274411883232,tree_cover,Low,26.481445,already vegetated (tree cover) - no action needed
+102039+29085,26.12794919638677,91.66364243385928,wetland,Medium,26.473846,never-touch land cover (wetland)
+102039+29090,26.13244077279512,91.66364243379851,wetland,Medium,26.26233,never-touch land cover (wetland)
+102039+29091,26.133339088249297,91.663642433838,wetland,Medium,25.555878,never-touch land cover (wetland)
+102039+29092,26.134237402958536,91.66364243383453,wetland,High,25.095184,never-touch land cover (wetland)
+102039+29093,26.13513571887973,91.66364243401397,wetland,Medium,26.470673,never-touch land cover (wetland)
+102039+29096,26.13783066462536,91.66364243361647,wetland,Medium,27.40686,never-touch land cover (wetland)
+102039+29097,26.1387289797896,91.66364243384974,wetland,Medium,26.243805,never-touch land cover (wetland)
+102039+29100,26.141423925972,91.66364243361336,tree_cover,Medium,27.40628,already vegetated (tree cover) - no action needed
+102039+29101,26.14232224080928,91.66364243344871,tree_cover,Medium,27.254608,already vegetated (tree cover) - no action needed
+102039+29102,26.14322055603224,91.66364243369269,tree_cover,Medium,27.729279,already vegetated (tree cover) - no action needed
+102039+29103,26.1441188720117,91.66364243389349,tree_cover,Medium,27.788055,already vegetated (tree cover) - no action needed
+102039+29104,26.14501718653165,91.66364243382542,tree_cover,Medium,27.430573,already vegetated (tree cover) - no action needed
+102039+29105,26.14591550170889,91.66364243394028,tree_cover,Medium,27.324524,already vegetated (tree cover) - no action needed
+102039+29106,26.146813817420227,91.66364243378612,tree_cover,Medium,27.561493,already vegetated (tree cover) - no action needed
+102039+29107,26.147712132796425,91.66364243358878,tree_cover,Medium,27.586273,already vegetated (tree cover) - no action needed
+102039+29108,26.14861044761733,91.66364243380023,tree_cover,Low,26.956604,already vegetated (tree cover) - no action needed
+102039+29109,26.14950876355749,91.66364243374264,tree_cover,Low,26.102448,already vegetated (tree cover) - no action needed
+102039+29110,26.15040707821412,91.66364243364212,tree_cover,Low,26.017609,already vegetated (tree cover) - no action needed
+102039+29111,26.1513053941694,91.66364243372452,tree_cover,Low,25.611328,already vegetated (tree cover) - no action needed
+102039+29112,26.15220370857352,91.66364243376374,tree_cover,Low,25.617767,already vegetated (tree cover) - no action needed
+102039+29113,26.15310202445824,91.6636424337598,tree_cover,Low,26.590942,already vegetated (tree cover) - no action needed
+102039+29114,26.154000339514603,91.66364243371268,tree_cover,Medium,27.66858,already vegetated (tree cover) - no action needed
+102039+29118,26.15759360102219,91.66364243377213,tree_cover,Medium,27.011139,already vegetated (tree cover) - no action needed
+102039+29119,26.15849191597353,91.6636424339614,tree_cover,Medium,27.069641,already vegetated (tree cover) - no action needed
+102039+29121,26.160288547243773,91.6636424337588,tree_cover,Medium,27.422333,already vegetated (tree cover) - no action needed
+102039+29122,26.16118686170672,91.6636424338188,tree_cover,Medium,26.82489,already vegetated (tree cover) - no action needed
+102039+29123,26.16208517693157,91.6636424338358,cropland,Low,26.372467,low priority - no action needed
+102039+29124,26.162983492820896,91.66364243380984,cropland,Low,26.539093,low priority - no action needed
+102040+29080,26.12345761994526,91.6645407491708,wetland,Medium,26.918915,never-touch land cover (wetland)
+102040+29092,26.13423740299022,91.6645407492012,wetland,Medium,25.798737,never-touch land cover (wetland)
+102040+29093,26.13513571887672,91.66454074905734,wetland,Medium,24.599945,never-touch land cover (wetland)
+102040+29094,26.1360340342395,91.66454074887054,wetland,Medium,25.805115,never-touch land cover (wetland)
+102040+29098,26.13962729504243,91.66454074905155,water,Medium,25.232452,never-touch land cover (water)
+102040+29099,26.140525610099164,91.66454074910284,tree_cover,Medium,27.448822,already vegetated (tree cover) - no action needed
+102040+29100,26.141423925909127,91.66454074933702,tree_cover,Medium,27.553345,already vegetated (tree cover) - no action needed
+102040+29101,26.14232224071172,91.6645407493026,tree_cover,Medium,27.500519,already vegetated (tree cover) - no action needed
+102040+29102,26.143220556264048,91.66454074922522,tree_cover,Medium,27.478241,already vegetated (tree cover) - no action needed
+102040+29103,26.14411887184492,91.66454074910511,tree_cover,Medium,27.404419,already vegetated (tree cover) - no action needed
+102040+29104,26.1450171865122,91.66454074894206,tree_cover,Low,27.264801,already vegetated (tree cover) - no action needed
+102040+29105,26.14591550183693,91.66454074896194,tree_cover,Low,27.17807,already vegetated (tree cover) - no action needed
+102040+29106,26.14681381733173,91.66454074916518,tree_cover,Medium,27.932648,already vegetated (tree cover) - no action needed
+102040+29107,26.14771213285525,91.6645407493257,tree_cover,Medium,28.418701,already vegetated (tree cover) - no action needed
+102040+29108,26.148610447641627,91.66454074921737,tree_cover,Low,27.35849,already vegetated (tree cover) - no action needed
+102040+29109,26.149508763546933,91.66454074929196,tree_cover,Low,27.192963,already vegetated (tree cover) - no action needed
+102040+29110,26.15040707816936,91.66454074932386,tree_cover,Low,26.132294,already vegetated (tree cover) - no action needed
+102040+29111,26.15130539408962,91.66454074908688,tree_cover,Low,25.99002,already vegetated (tree cover) - no action needed
+102040+29112,26.152203708641213,91.66454074903268,tree_cover,Low,26.204498,already vegetated (tree cover) - no action needed
+102040+29113,26.15310202449142,91.6645407491618,tree_cover,Medium,27.023163,already vegetated (tree cover) - no action needed
+102040+29114,26.15400033951309,91.66454074924822,tree_cover,Medium,27.641144,already vegetated (tree cover) - no action needed
+102040+29116,26.15579697024656,91.66454074929216,tree_cover,Medium,27.39682,already vegetated (tree cover) - no action needed
+102040+29117,26.15669528532052,91.66454074924974,tree_cover,High,27.699432,already vegetated (tree cover) - no action needed
+102040+29118,26.15759360106425,91.66454074916456,tree_cover,Medium,26.68814,already vegetated (tree cover) - no action needed
+102040+29119,26.15849191598073,91.66454074903642,tree_cover,Medium,26.656464,already vegetated (tree cover) - no action needed
+102040+29121,26.16028854718176,91.66454074910354,tree_cover,Medium,27.685608,already vegetated (tree cover) - no action needed
+102040+29122,26.16118686179218,91.66454074907269,tree_cover,Medium,27.38852,already vegetated (tree cover) - no action needed
+102040+29123,26.162085176982345,91.66454074922478,cropland,Low,26.723083,low priority - no action needed
+102040+29124,26.16298349265514,91.664540749108,tree_cover,Low,26.874115,already vegetated (tree cover) - no action needed
+102040+29125,26.163881807779905,91.6645407491744,tree_cover,Medium,27.237488,already vegetated (tree cover) - no action needed
+102041+29085,26.12794919612604,91.66543906429592,wetland,Medium,27.535675,never-touch land cover (wetland)
+102041+29093,26.135135718613228,91.66543906446232,wetland,Medium,27.398682,never-touch land cover (wetland)
+102041+29094,26.136034034305904,91.6654390644046,wetland,Medium,27.105408,never-touch land cover (wetland)
+102041+29095,26.13693234916896,91.66543906453022,tree_cover,Medium,27.893677,already vegetated (tree cover) - no action needed
+102041+29100,26.14142392595095,91.66543906451896,tree_cover,Medium,28.04306,already vegetated (tree cover) - no action needed
+102041+29101,26.142322240719185,91.66543906461456,tree_cover,Medium,27.198517,already vegetated (tree cover) - no action needed
+102041+29102,26.143220556055137,91.66543906444194,tree_cover,Medium,27.07782,already vegetated (tree cover) - no action needed
+102041+29103,26.14411887178368,91.66543906422682,tree_cover,Medium,27.123962,already vegetated (tree cover) - no action needed
+102041+29104,26.14501718659847,91.66543906442094,tree_cover,Medium,27.272064,already vegetated (tree cover) - no action needed
+102041+29105,26.14591550188869,91.66543906457234,tree_cover,Medium,27.107971,already vegetated (tree cover) - no action needed
+102041+29106,26.146813817349127,91.66543906445492,tree_cover,Medium,27.346283,already vegetated (tree cover) - no action needed
+102041+29107,26.1477121328383,91.665439064295,tree_cover,Medium,27.873688,already vegetated (tree cover) - no action needed
+102041+29108,26.14861044759033,91.66543906431863,tree_cover,Medium,27.84555,already vegetated (tree cover) - no action needed
+102041+29109,26.149508763642977,91.66543906429956,tree_cover,Low,26.988373,already vegetated (tree cover) - no action needed
+102041+29110,26.150407078049035,91.66543906423756,tree_cover,Low,26.545929,already vegetated (tree cover) - no action needed
+102041+29111,26.151305394116964,91.6654390643591,tree_cover,Low,26.11502,already vegetated (tree cover) - no action needed
+102041+29112,26.15220370863388,91.66543906443816,tree_cover,Low,26.162079,already vegetated (tree cover) - no action needed
+102041+29113,26.15310202463192,91.66543906447428,tree_cover,Medium,26.350739,already vegetated (tree cover) - no action needed
+102041+29114,26.15400033943705,91.66543906446788,tree_cover,Medium,26.654144,already vegetated (tree cover) - no action needed
+102041+29115,26.15489865500123,91.66543906441876,tree_cover,Low,26.287811,already vegetated (tree cover) - no action needed
+102041+29116,26.15579697010166,91.6654390643271,tree_cover,Medium,26.36325,already vegetated (tree cover) - no action needed
+102041+29117,26.156695285504963,91.66543906441862,tree_cover,Medium,26.888031,already vegetated (tree cover) - no action needed
+102041+29118,26.157593600850326,91.66543906446722,tree_cover,Low,26.552399,already vegetated (tree cover) - no action needed
+102041+29119,26.158491916096644,91.66543906447372,tree_cover,Low,26.470093,already vegetated (tree cover) - no action needed
+102041+29120,26.15939023092111,91.66543906443728,tree_cover,Medium,26.675323,already vegetated (tree cover) - no action needed
+102041+29121,26.160288547228475,91.6654390643579,tree_cover,Medium,27.360718,already vegetated (tree cover) - no action needed
+102041+29123,26.162085176960208,91.66543906429789,tree_cover,Medium,26.851746,already vegetated (tree cover) - no action needed
+102041+29124,26.16298349259849,91.66543906431684,tree_cover,Low,26.213013,already vegetated (tree cover) - no action needed
+102041+29125,26.16388180787074,91.66543906429284,tree_cover,Medium,26.167511,already vegetated (tree cover) - no action needed
+102042+29085,26.12794919605817,91.66633737983632,wetland,Medium,26.686249,never-touch land cover (wetland)
+102042+29090,26.132440772678912,91.66633737988036,wetland,Low,27.349762,never-touch land cover (wetland)
+102042+29092,26.134237403181995,91.66633737955652,tree_cover,High,29.532867,already vegetated (tree cover) - no action needed
+102042+29093,26.13513571863572,91.66633737966971,tree_cover,High,30.245728,already vegetated (tree cover) - no action needed
+102042+29094,26.136034034294216,91.66633737974088,tree_cover,Medium,28.671661,already vegetated (tree cover) - no action needed
+102042+29095,26.13693234912293,91.66633737954363,tree_cover,Medium,27.597626,already vegetated (tree cover) - no action needed
+102042+29096,26.137830664435743,91.66633737952998,tree_cover,Medium,28.215485,already vegetated (tree cover) - no action needed
+102042+29097,26.138728979861323,91.66633737969968,tree_cover,High,28.69806,already vegetated (tree cover) - no action needed
+102042+29100,26.14142392591576,91.66633737950268,tree_cover,High,28.209106,already vegetated (tree cover) - no action needed
+102042+29101,26.142322240831845,91.66633737950325,tree_cover,Medium,26.393402,already vegetated (tree cover) - no action needed
+102042+29102,26.14322055595159,91.66633737968716,tree_cover,Medium,26.610321,already vegetated (tree cover) - no action needed
+102042+29103,26.14411887182782,91.66633737982856,tree_cover,Medium,26.808838,already vegetated (tree cover) - no action needed
+102042+29105,26.14591550186433,91.66633737953232,tree_cover,Medium,27.247711,already vegetated (tree cover) - no action needed
+102042+29106,26.14681381729059,91.66633737954686,tree_cover,Medium,27.662567,already vegetated (tree cover) - no action needed
+102042+29108,26.1486104476453,91.66633737989956,tree_cover,Medium,27.485626,already vegetated (tree cover) - no action needed
+102042+29109,26.149508763481755,91.66633737978678,tree_cover,Low,27.130707,already vegetated (tree cover) - no action needed
+102042+29110,26.150407078217345,91.6663373798576,tree_cover,Low,26.839508,already vegetated (tree cover) - no action needed
+102042+29111,26.151305394069087,91.6663373798855,tree_cover,Low,26.063934,already vegetated (tree cover) - no action needed
+102042+29112,26.152203708733843,91.66633737987112,tree_cover,Low,25.79483,already vegetated (tree cover) - no action needed
+102042+29113,26.15310202451553,91.66633737981462,tree_cover,Medium,25.910492,already vegetated (tree cover) - no action needed
+102042+29114,26.154000339468343,91.66633737971542,tree_cover,Low,26.272644,already vegetated (tree cover) - no action needed
+102042+29115,26.15489865499819,91.6663373797996,tree_cover,Low,26.269104,already vegetated (tree cover) - no action needed
+102042+29116,26.15579697006461,91.6663373798415,tree_cover,Low,25.712341,already vegetated (tree cover) - no action needed
+102042+29118,26.15759360074461,91.6663373797984,tree_cover,Medium,26.589874,already vegetated (tree cover) - no action needed
+102042+29119,26.15849191613876,91.66633737971296,tree_cover,Medium,26.613068,already vegetated (tree cover) - no action needed
+102042+29120,26.159390230928565,91.66633737981095,tree_cover,Medium,26.553345,already vegetated (tree cover) - no action needed
+102042+29122,26.16118686174367,91.6663373796539,tree_cover,Medium,27.332916,already vegetated (tree cover) - no action needed
+102042+29123,26.16208517704716,91.66633737985048,tree_cover,Medium,26.878143,already vegetated (tree cover) - no action needed
+102042+29124,26.16298349265094,91.66633738000456,tree_cover,Low,26.069733,already vegetated (tree cover) - no action needed
+102042+29125,26.16388180770703,91.66633737989042,tree_cover,Low,25.648712,already vegetated (tree cover) - no action needed
+102042+29126,26.16478012288613,91.66633737973396,tree_cover,Low,26.035675,already vegetated (tree cover) - no action needed
+102043+29084,26.127050880980715,91.66723569498087,wetland,Medium,26.977509,never-touch land cover (wetland)
+102043+29086,26.12884751204294,91.6672356949672,wetland,Medium,27.062042,never-touch land cover (wetland)
+102043+29087,26.12974582689076,91.66723569500998,wetland,Medium,28.58078,never-touch land cover (wetland)
+102043+29094,26.13603403420428,91.66723569526012,tree_cover,High,29.380768,already vegetated (tree cover) - no action needed
+102043+29095,26.136932348999,91.66723569519198,tree_cover,Medium,27.925598,already vegetated (tree cover) - no action needed
+102043+29096,26.13783066445968,91.66723569508156,tree_cover,Medium,27.78064,already vegetated (tree cover) - no action needed
+102043+29097,26.1387289800333,91.66723569515491,tree_cover,Medium,27.982758,already vegetated (tree cover) - no action needed
+102043+29100,26.14142392580371,91.6672356951224,tree_cover,Medium,28.397858,already vegetated (tree cover) - no action needed
+102043+29101,26.14232224086751,91.66723569502707,tree_cover,Medium,27.39859,already vegetated (tree cover) - no action needed
+102043+29102,26.14322055613528,91.66723569511537,tree_cover,Medium,27.089447,already vegetated (tree cover) - no action needed
+102043+29103,26.14411887179548,91.66723569516176,tree_cover,Medium,27.143005,already vegetated (tree cover) - no action needed
+102043+29104,26.145017186541786,91.66723569516589,tree_cover,Medium,27.012909,already vegetated (tree cover) - no action needed
+102043+29107,26.14771213275864,91.66723569515123,tree_cover,Medium,27.754791,already vegetated (tree cover) - no action needed
+102043+29108,26.148610447806377,91.66723569498686,tree_cover,Medium,27.354218,already vegetated (tree cover) - no action needed
+102043+29109,26.149508763427143,91.66723569523174,tree_cover,Medium,27.257782,already vegetated (tree cover) - no action needed
+102043+29110,26.15040707831044,91.66723569520867,tree_cover,Low,27.149323,already vegetated (tree cover) - no action needed
+102043+29111,26.151305393946,91.66723569514352,tree_cover,Low,26.496185,already vegetated (tree cover) - no action needed
+102043+29112,26.152203708758776,91.6672356950361,tree_cover,Low,25.956451,already vegetated (tree cover) - no action needed
+102043+29113,26.15310202450647,91.66723569511228,tree_cover,Medium,25.8656,already vegetated (tree cover) - no action needed
+102043+29114,26.15400033942496,91.66723569514636,tree_cover,Medium,26.405548,already vegetated (tree cover) - no action needed
+102043+29115,26.154898654920967,91.66723569491248,tree_cover,Medium,26.446136,already vegetated (tree cover) - no action needed
+102043+29116,26.15579697013509,91.66723569486224,tree_cover,Medium,25.679108,already vegetated (tree cover) - no action needed
+102043+29118,26.157593600746928,91.66723569508667,tree_cover,Medium,26.82779,already vegetated (tree cover) - no action needed
+102043+29120,26.159390231044743,91.66723569514215,tree_cover,Medium,26.20816,already vegetated (tree cover) - no action needed
+102043+29121,26.16028854710212,91.66723569510678,tree_cover,Medium,27.18576,already vegetated (tree cover) - no action needed
+102043+29122,26.16118686160953,91.66723569502912,tree_cover,Medium,27.72055,already vegetated (tree cover) - no action needed
+102043+29124,26.16298349263065,91.66723569497265,tree_cover,Medium,26.636993,already vegetated (tree cover) - no action needed
+102043+29125,26.16388180765276,91.66723569499425,tree_cover,Medium,25.950653,already vegetated (tree cover) - no action needed
+102043+29126,26.164780122979533,91.66723569519928,tree_cover,Low,26.30487,already vegetated (tree cover) - no action needed
+102043+29127,26.165678438247063,91.66723569513609,tree_cover,Medium,27.037018,already vegetated (tree cover) - no action needed
+102044+29087,26.129745826959635,91.6681340102215,wetland,Medium,27.851776,never-touch land cover (wetland)
+102044+29094,26.136034034218127,91.66813401023931,tree_cover,High,28.871002,already vegetated (tree cover) - no action needed
+102044+29095,26.136932348979027,91.66813401029988,tree_cover,Medium,28.040436,already vegetated (tree cover) - no action needed
+102044+29097,26.13872897994569,91.66813401052126,tree_cover,Medium,27.307892,already vegetated (tree cover) - no action needed
+102044+29098,26.139627295020784,91.66813401045624,tree_cover,Medium,27.548065,already vegetated (tree cover) - no action needed
+102044+29100,26.141423925796506,91.66813401020045,tree_cover,Medium,28.141449,already vegetated (tree cover) - no action needed
+102044+29101,26.14232224100835,91.6681340104616,tree_cover,Medium,27.724731,already vegetated (tree cover) - no action needed
+102044+29102,26.143220556060108,91.66813401045484,tree_cover,Medium,27.555176,already vegetated (tree cover) - no action needed
+102044+29104,26.145017186581008,91.66813401054102,tree_cover,Medium,26.986511,already vegetated (tree cover) - no action needed
+102044+29107,26.147712132514226,91.6681340102427,tree_cover,Medium,27.87619,already vegetated (tree cover) - no action needed
+102044+29108,26.148610447892025,91.66813401021008,tree_cover,Medium,27.562836,already vegetated (tree cover) - no action needed
+102044+29109,26.14950876347881,91.6681340101356,tree_cover,Medium,27.463104,already vegetated (tree cover) - no action needed
+102044+29110,26.150407078328115,91.66813401024471,tree_cover,Medium,27.315613,already vegetated (tree cover) - no action needed
+102044+29111,26.15130539393003,91.668134010312,tree_cover,Medium,27.189423,already vegetated (tree cover) - no action needed
+102044+29112,26.15220370870866,91.66813401033744,tree_cover,Low,26.652618,already vegetated (tree cover) - no action needed
+102044+29113,26.15310202460456,91.6681340103208,tree_cover,Low,25.910553,already vegetated (tree cover) - no action needed
+102044+29114,26.154000339307213,91.66813401026228,tree_cover,Low,25.95398,already vegetated (tree cover) - no action needed
+102044+29115,26.154898654951097,91.66813401038743,tree_cover,Low,26.221863,already vegetated (tree cover) - no action needed
+102044+29116,26.15579697013156,91.66813401047072,tree_cover,Low,26.172089,already vegetated (tree cover) - no action needed
+102044+29117,26.156695285614404,91.66813401028622,tree_cover,Medium,26.296173,already vegetated (tree cover) - no action needed
+102044+29119,26.15849191618348,91.6681340104686,tree_cover,Medium,26.302826,already vegetated (tree cover) - no action needed
+102044+29120,26.15939023090564,91.66813401038424,tree_cover,Low,25.918549,already vegetated (tree cover) - no action needed
+102044+29121,26.1602885471107,91.6681340102576,tree_cover,Medium,27.06955,already vegetated (tree cover) - no action needed
+102044+29124,26.16298349271964,91.66813401030323,tree_cover,Medium,26.494537,already vegetated (tree cover) - no action needed
+102044+29125,26.16388180770776,91.66813401046038,tree_cover,Medium,26.205688,already vegetated (tree cover) - no action needed
+102044+29126,26.1647801230004,91.66813401034952,tree_cover,Medium,26.82193,already vegetated (tree cover) - no action needed
+102044+29127,26.16567843823411,91.66813401042252,tree_cover,Medium,26.962616,already vegetated (tree cover) - no action needed
+102044+29128,26.16657675382768,91.6681340106796,tree_cover,Medium,27.143219,already vegetated (tree cover) - no action needed
+102045+29078,26.12166098938744,91.6690323257794,tree_cover,Medium,29.094147,already vegetated (tree cover) - no action needed
+102045+29093,26.13513571896125,91.66903232589476,tree_cover,Medium,28.678955,already vegetated (tree cover) - no action needed
+102045+29094,26.13603403415388,91.66903232590036,tree_cover,Medium,28.422516,already vegetated (tree cover) - no action needed
+102045+29097,26.1387289797802,91.66903232566712,tree_cover,Medium,26.715302,already vegetated (tree cover) - no action needed
+102045+29098,26.139627295185885,91.66903232573168,tree_cover,Low,26.255402,already vegetated (tree cover) - no action needed
+102045+29099,26.140525609890105,91.66903232575456,tree_cover,Medium,26.520142,already vegetated (tree cover) - no action needed
+102045+29100,26.14142392607602,91.66903232596152,tree_cover,Medium,27.254364,already vegetated (tree cover) - no action needed
+102045+29102,26.14322055609031,91.66903232579894,tree_cover,Medium,28.063599,already vegetated (tree cover) - no action needed
+102045+29103,26.14411887186493,91.66903232588098,tree_cover,Medium,27.807678,already vegetated (tree cover) - no action needed
+102045+29104,26.14501718654376,91.66903232569508,tree_cover,Medium,27.303253,already vegetated (tree cover) - no action needed
+102045+29106,26.14681381720454,91.66903232565058,tree_cover,Medium,27.364838,already vegetated (tree cover) - no action needed
+102045+29107,26.147712132739784,91.66903232579136,tree_cover,Medium,27.541718,already vegetated (tree cover) - no action needed
+102045+29108,26.148610447720067,91.6690323258905,tree_cover,Medium,27.438263,already vegetated (tree cover) - no action needed
+102045+29109,26.149508763454904,91.66903232572191,tree_cover,Medium,27.386719,already vegetated (tree cover) - no action needed
+102045+29110,26.150407078452748,91.66903232573776,tree_cover,Medium,27.365631,already vegetated (tree cover) - no action needed
+102045+29111,26.15130539383868,91.6690323257118,tree_cover,Medium,27.576996,already vegetated (tree cover) - no action needed
+102045+29112,26.15220370876586,91.669032325644,tree_cover,Medium,27.621826,already vegetated (tree cover) - no action needed
+102045+29113,26.153102024627785,91.66903232576044,tree_cover,Medium,27.031769,already vegetated (tree cover) - no action needed
+102045+29114,26.154000339296807,91.66903232583483,tree_cover,Low,26.334473,already vegetated (tree cover) - no action needed
+102045+29115,26.15489865490688,91.66903232564192,tree_cover,Low,26.20691,already vegetated (tree cover) - no action needed
+102045+29116,26.155796970235723,91.66903232563304,tree_cover,Low,26.161957,already vegetated (tree cover) - no action needed
+102045+29117,26.15669528550259,91.669032325808,tree_cover,Medium,26.347565,already vegetated (tree cover) - no action needed
+102045+29118,26.15759360089401,91.66903232571566,tree_cover,Medium,26.35431,already vegetated (tree cover) - no action needed
+102045+29119,26.15849191618623,91.66903232558144,tree_cover,Low,25.37088,already vegetated (tree cover) - no action needed
+102045+29120,26.159390230874923,91.66903232563112,tree_cover,Medium,25.819916,already vegetated (tree cover) - no action needed
+102045+29121,26.16028854722802,91.66903232586525,tree_cover,Medium,27.000946,already vegetated (tree cover) - no action needed
+102045+29123,26.162085177051537,91.66903232598187,tree_cover,Medium,27.374542,already vegetated (tree cover) - no action needed
+102045+29124,26.162983492735723,91.66903232586456,tree_cover,Medium,26.719727,already vegetated (tree cover) - no action needed
+102045+29125,26.163881807690046,91.6690323257054,tree_cover,Medium,26.807281,already vegetated (tree cover) - no action needed
+102045+29126,26.16478012294905,91.6690323257305,tree_cover,Medium,27.33844,already vegetated (tree cover) - no action needed
+102045+29128,26.16657675389072,91.6690323256554,tree_cover,Medium,27.64859,already vegetated (tree cover) - no action needed
+102046+29093,26.135135718852226,91.66993064113656,tree_cover,Medium,28.515472,already vegetated (tree cover) - no action needed
+102046+29094,26.13603403419359,91.66993064104496,tree_cover,Medium,28.398102,already vegetated (tree cover) - no action needed
+102046+29096,26.137830664429018,91.6699306409634,tree_cover,Medium,27.47641,already vegetated (tree cover) - no action needed
+102046+29097,26.138728979901217,91.6699306409734,tree_cover,Medium,27.093231,already vegetated (tree cover) - no action needed
+102046+29098,26.13962729509125,91.66993064094162,tree_cover,Medium,26.075195,already vegetated (tree cover) - no action needed
+102046+29099,26.140525610126403,91.6699306410945,tree_cover,Medium,26.61377,already vegetated (tree cover) - no action needed
+102046+29100,26.14142392609649,91.66993064120618,tree_cover,Medium,27.366028,already vegetated (tree cover) - no action needed
+102046+29105,26.14591550191524,91.66993064091416,tree_cover,Medium,27.388672,already vegetated (tree cover) - no action needed
+102046+29106,26.14681381720593,91.66993064100222,tree_cover,Medium,27.17862,already vegetated (tree cover) - no action needed
+102046+29107,26.147712132889573,91.66993064104906,tree_cover,Medium,27.313507,already vegetated (tree cover) - no action needed
+102046+29108,26.14861044765437,91.66993064105428,tree_cover,Medium,27.489777,already vegetated (tree cover) - no action needed
+102046+29110,26.15040707832014,91.66993064116576,tree_cover,Medium,27.376526,already vegetated (tree cover) - no action needed
+102046+29111,26.15130539385413,91.66993064104634,tree_cover,Medium,27.271545,already vegetated (tree cover) - no action needed
+102046+29114,26.15400033939372,91.6699306408907,tree_cover,Low,27.433197,already vegetated (tree cover) - no action needed
+102046+29115,26.154898654970506,91.6699306412829,tree_cover,Medium,26.558624,already vegetated (tree cover) - no action needed
+102046+29116,26.155796970083383,91.66993064118168,tree_cover,Medium,25.901428,already vegetated (tree cover) - no action needed
+102046+29117,26.15669528568097,91.669930641039,tree_cover,Medium,26.65036,already vegetated (tree cover) - no action needed
+102046+29119,26.158491916297365,91.66993064108064,tree_cover,Medium,25.510956,already vegetated (tree cover) - no action needed
+102046+29120,26.159390230770427,91.66993064103924,tree_cover,Medium,26.4346,already vegetated (tree cover) - no action needed
+102046+29121,26.16028854745408,91.66993064095598,tree_cover,Medium,26.922821,already vegetated (tree cover) - no action needed
+102046+29123,26.16208517721035,91.66993064089114,tree_cover,Medium,27.373718,already vegetated (tree cover) - no action needed
+102046+29124,26.162983492678908,91.66993064113508,tree_cover,Medium,27.10788,already vegetated (tree cover) - no action needed
+102046+29125,26.16388180759977,91.66993064111166,tree_cover,High,27.423553,already vegetated (tree cover) - no action needed
+102046+29126,26.164780123007148,91.6699306410466,tree_cover,High,27.7388,already vegetated (tree cover) - no action needed
+102047+29090,26.13244077266745,91.67082895595398,tree_cover,Medium,29.218842,already vegetated (tree cover) - no action needed
+102047+29091,26.13333908821378,91.67082895611482,tree_cover,Medium,28.884583,already vegetated (tree cover) - no action needed
+102047+29092,26.13423740319753,91.67082895600858,tree_cover,High,28.941925,already vegetated (tree cover) - no action needed
+102047+29096,26.137830664323733,91.67082895607524,tree_cover,Medium,27.789398,already vegetated (tree cover) - no action needed
+102047+29099,26.14052561028534,91.67082895614344,tree_cover,Medium,27.48703,already vegetated (tree cover) - no action needed
+102047+29100,26.141423925857907,91.67082895593296,tree_cover,Medium,27.349335,already vegetated (tree cover) - no action needed
+102047+29103,26.14411887181013,91.67082895573212,tree_cover,Medium,28.792786,already vegetated (tree cover) - no action needed
+102047+29105,26.14591550187381,91.67082895584328,tree_cover,Medium,27.62741,already vegetated (tree cover) - no action needed
+102047+29106,26.14681381749542,91.67082895606308,tree_cover,Medium,27.40976,already vegetated (tree cover) - no action needed
+102047+29108,26.1486104478768,91.67082895592648,tree_cover,Medium,27.992035,already vegetated (tree cover) - no action needed
+102047+29110,26.15040707811196,91.67082895585077,tree_cover,Medium,27.868988,already vegetated (tree cover) - no action needed
+102047+29111,26.151305393976703,91.67082895586395,tree_cover,Medium,27.086212,already vegetated (tree cover) - no action needed
+102047+29112,26.15220370883697,91.67082895606164,tree_cover,Low,26.234222,already vegetated (tree cover) - no action needed
+102047+29113,26.153102024450146,91.67082895621796,tree_cover,Medium,26.47699,already vegetated (tree cover) - no action needed
+102047+29114,26.154000339416125,91.67082895610716,tree_cover,Medium,26.657867,already vegetated (tree cover) - no action needed
+102047+29115,26.15489865514148,91.67082895595496,tree_cover,Medium,26.240326,already vegetated (tree cover) - no action needed
+102047+29116,26.15579696985688,91.67082895598728,tree_cover,Medium,26.3508,already vegetated (tree cover) - no action needed
+102047+29117,26.15669528578537,91.67082895597838,tree_cover,Medium,27.173767,already vegetated (tree cover) - no action needed
+102047+29120,26.159390230774324,91.6708289559296,tree_cover,Medium,26.926178,already vegetated (tree cover) - no action needed
+102047+29121,26.1602885474247,91.6708289559812,tree_cover,Medium,27.22171,already vegetated (tree cover) - no action needed
+102047+29128,26.166576753800424,91.67082895608893,tree_cover,High,28.026886,already vegetated (tree cover) - no action needed
+102047+29129,26.167475068690912,91.6708289560356,tree_cover,High,27.889496,already vegetated (tree cover) - no action needed
+102047+29130,26.16837338384299,91.6708289559409,tree_cover,High,28.47992,already vegetated (tree cover) - no action needed
+102047+29131,26.16927169993969,91.67082895603092,tree_cover,Medium,27.088165,already vegetated (tree cover) - no action needed
+102048+29086,26.1288475117608,91.67172727144404,tree_cover,Medium,29.021088,already vegetated (tree cover) - no action needed
+102048+29090,26.13244077268325,91.671727271429,tree_cover,Medium,28.492523,already vegetated (tree cover) - no action needed
+102048+29094,26.13603403403808,91.67172727143566,tree_cover,Medium,27.891876,already vegetated (tree cover) - no action needed
+102048+29095,26.1369323492116,91.67172727133452,tree_cover,Low,27.688477,already vegetated (tree cover) - no action needed
+102048+29096,26.1378306643226,91.67172727119264,tree_cover,Medium,28.065582,already vegetated (tree cover) - no action needed
+102048+29100,26.14142392590621,91.67172727134376,tree_cover,Medium,26.735626,already vegetated (tree cover) - no action needed
+102048+29101,26.1423222408027,91.67172727144836,tree_cover,Low,26.93161,already vegetated (tree cover) - no action needed
+102048+29102,26.14322055608453,91.67172727151176,tree_cover,Medium,28.059418,already vegetated (tree cover) - no action needed
+102048+29103,26.144118871758955,91.67172727153424,tree_cover,Low,27.717743,already vegetated (tree cover) - no action needed
+102048+29104,26.145017186519976,91.67172727151572,tree_cover,Medium,27.410675,already vegetated (tree cover) - no action needed
+102048+29105,26.14591550175642,91.67172727145604,tree_cover,Medium,27.546051,already vegetated (tree cover) - no action needed
+102048+29111,26.151305394024227,91.67172727136465,tree_cover,Medium,27.625977,already vegetated (tree cover) - no action needed
+102048+29112,26.15220370885123,91.6717272712436,tree_cover,Low,26.28366,already vegetated (tree cover) - no action needed
+102048+29113,26.15310202461298,91.67172727130708,tree_cover,Low,25.63739,already vegetated (tree cover) - no action needed
+102048+29114,26.15400033936384,91.67172727155508,tree_cover,Medium,24.919403,already vegetated (tree cover) - no action needed
+102048+29115,26.154898654873907,91.6717272713103,tree_cover,Medium,25.199188,already vegetated (tree cover) - no action needed
+102048+29116,26.15579697010241,91.67172727125066,tree_cover,Medium,26.597748,already vegetated (tree cover) - no action needed
+102048+29119,26.158491915934743,91.67172727127644,tree_cover,Medium,28.019073,already vegetated (tree cover) - no action needed
+102048+29122,26.161186861661683,91.67172727138382,tree_cover,Medium,27.455475,already vegetated (tree cover) - no action needed
+102048+29123,26.162085177127068,91.67172727148792,tree_cover,Low,26.399506,already vegetated (tree cover) - no action needed
+102048+29124,26.16298349271091,91.67172727132512,tree_cover,Low,25.970337,already vegetated (tree cover) - no action needed
+102048+29125,26.16388180774723,91.67172727134708,tree_cover,Low,26.034393,already vegetated (tree cover) - no action needed
+102048+29126,26.164780122905896,91.67172727132764,tree_cover,Low,26.700104,already vegetated (tree cover) - no action needed
+102048+29127,26.165678438187484,91.6717272712672,tree_cover,Medium,27.25,already vegetated (tree cover) - no action needed
+102048+29128,26.16657675382908,91.67172727139152,tree_cover,Medium,27.625702,already vegetated (tree cover) - no action needed
+102048+29131,26.169271699868712,91.67172727129184,tree_cover,High,27.946472,already vegetated (tree cover) - no action needed
+102049+29095,26.136932348983628,91.67262558713858,tree_cover,Medium,27.801636,already vegetated (tree cover) - no action needed
+102049+29096,26.13783066442576,91.6726255871256,tree_cover,Medium,27.858917,already vegetated (tree cover) - no action needed
+102049+29099,26.140525610188924,91.67262558706844,tree_cover,High,27.843292,already vegetated (tree cover) - no action needed
+102049+29100,26.14142392587749,91.67262558689248,tree_cover,Low,26.979156,already vegetated (tree cover) - no action needed
+102049+29101,26.142322240922923,91.67262558690142,tree_cover,Medium,26.796844,already vegetated (tree cover) - no action needed
+102049+29102,26.14322055617165,91.67262558709528,tree_cover,Low,26.772614,already vegetated (tree cover) - no action needed
+102049+29103,26.14411887163145,91.67262558702272,tree_cover,Low,26.872223,already vegetated (tree cover) - no action needed
+102049+29104,26.145017186541075,91.67262558690922,tree_cover,Medium,27.59079,already vegetated (tree cover) - no action needed
+102049+29111,26.151305393996367,91.67262558700368,tree_cover,Medium,28.427155,already vegetated (tree cover) - no action needed
+102049+29112,26.152203708790605,91.67262558701488,tree_cover,Low,27.200714,already vegetated (tree cover) - no action needed
+102049+29113,26.15310202470095,91.67262558698536,tree_cover,Low,26.05069,already vegetated (tree cover) - no action needed
+102049+29114,26.15400033941905,91.67262558691505,tree_cover,Low,25.22696,already vegetated (tree cover) - no action needed
+102049+29115,26.154898654714025,91.67262558702993,tree_cover,Medium,24.249084,already vegetated (tree cover) - no action needed
+102049+29116,26.155796970273617,91.6726255871036,tree_cover,Medium,25.613556,already vegetated (tree cover) - no action needed
+102049+29122,26.161186861634512,91.67262558713924,tree_cover,Medium,27.411133,already vegetated (tree cover) - no action needed
+102049+29123,26.162085177066803,91.67262558692664,tree_cover,Low,26.701141,already vegetated (tree cover) - no action needed
+102049+29124,26.162983492617894,91.67262558689916,tree_cover,Low,26.30194,already vegetated (tree cover) - no action needed
+102049+29125,26.163881807802785,91.67262558683072,tree_cover,Low,26.310364,already vegetated (tree cover) - no action needed
+102049+29126,26.164780122928544,91.67262558694723,tree_cover,Low,26.858978,already vegetated (tree cover) - no action needed
+102049+29127,26.165678438177203,91.67262558702302,tree_cover,Medium,27.36203,already vegetated (tree cover) - no action needed
+102049+29128,26.166576753967696,91.67262558705802,tree_cover,Medium,27.44046,already vegetated (tree cover) - no action needed
+102049+29129,26.16747506861001,91.67262558705188,tree_cover,Medium,27.720642,already vegetated (tree cover) - no action needed
+102049+29130,26.16837338387757,91.67262558700472,tree_cover,Medium,28.222473,already vegetated (tree cover) - no action needed
+102050+29097,26.138728979973365,91.67352390178556,tree_cover,Medium,28.074951,already vegetated (tree cover) - no action needed
+102050+29099,26.14052561029781,91.67352390204128,tree_cover,High,28.23288,already vegetated (tree cover) - no action needed
+102050+29101,26.142322240966127,91.67352390213463,tree_cover,Medium,26.761139,already vegetated (tree cover) - no action needed
+102050+29102,26.143220556182285,91.6735239020076,tree_cover,Medium,26.916199,already vegetated (tree cover) - no action needed
+102050+29103,26.14411887160917,91.6735239020657,tree_cover,Medium,26.731628,already vegetated (tree cover) - no action needed
+102050+29105,26.145915501838832,91.6735239020599,tree_cover,Medium,27.965668,already vegetated (tree cover) - no action needed
+102050+29107,26.14771213273039,91.67352390211724,tree_cover,Medium,27.99405,already vegetated (tree cover) - no action needed
+102050+29109,26.14950876347752,91.67352390201243,tree_cover,Medium,28.36081,already vegetated (tree cover) - no action needed
+102050+29112,26.152203708654785,91.67352390211512,tree_cover,Medium,27.902802,already vegetated (tree cover) - no action needed
+102050+29113,26.1531020247144,91.67352390199277,tree_cover,Low,26.876373,already vegetated (tree cover) - no action needed
+102050+29114,26.154000339399584,91.67352390205556,tree_cover,Low,25.839752,already vegetated (tree cover) - no action needed
+102050+29115,26.15489865484381,91.67352390207763,tree_cover,Low,25.30542,already vegetated (tree cover) - no action needed
+102050+29116,26.155796970188323,91.67352390205916,tree_cover,Medium,26.525085,already vegetated (tree cover) - no action needed
+102050+29121,26.16028854726062,91.67352390180815,tree_cover,Medium,28.170929,already vegetated (tree cover) - no action needed
+102050+29122,26.16118686153425,91.67352390177176,tree_cover,High,27.958923,already vegetated (tree cover) - no action needed
+102050+29123,26.16208517711547,91.67352390192038,tree_cover,High,27.807617,already vegetated (tree cover) - no action needed
+102050+29124,26.162983492633977,91.6735239020282,tree_cover,Medium,27.62436,already vegetated (tree cover) - no action needed
+102050+29125,26.1638818077858,91.67352390209552,tree_cover,Medium,27.024689,already vegetated (tree cover) - no action needed
+102050+29126,26.164780123060805,91.67352390212208,tree_cover,Low,26.594513,already vegetated (tree cover) - no action needed
+102050+29127,26.16567843809456,91.6735239021079,tree_cover,Low,27.124481,already vegetated (tree cover) - no action needed
+102050+29128,26.166576754034136,91.67352390205278,tree_cover,Medium,27.526825,already vegetated (tree cover) - no action needed
+102050+29131,26.16927169969363,91.67352390209584,tree_cover,High,28.14685,already vegetated (tree cover) - no action needed
+102050+29132,26.170170014869708,91.67352390187811,tree_cover,Medium,27.153229,already vegetated (tree cover) - no action needed
+102051+29077,26.120762673638826,91.67442221683542,wetland,Medium,25.242737,never-touch land cover (wetland)
+102051+29081,26.124355935271897,91.67442221686694,tree_cover,Medium,29.168396,already vegetated (tree cover) - no action needed
+102051+29089,26.131542457596968,91.67442221680083,tree_cover,High,29.110779,already vegetated (tree cover) - no action needed
+102051+29092,26.134237403071,91.674422217014,tree_cover,Medium,27.728119,already vegetated (tree cover) - no action needed
+102051+29093,26.135135718952647,91.67442221692905,tree_cover,Medium,26.934906,already vegetated (tree cover) - no action needed
+102051+29094,26.136034034311063,91.67442221680378,tree_cover,Medium,27.185516,already vegetated (tree cover) - no action needed
+102051+29101,26.14232224075048,91.67442221682816,tree_cover,Medium,27.110382,already vegetated (tree cover) - no action needed
+102051+29102,26.14322055629812,91.67442221683132,tree_cover,Medium,27.14032,already vegetated (tree cover) - no action needed
+102051+29103,26.144118871692267,91.67442221702008,tree_cover,Medium,26.653656,already vegetated (tree cover) - no action needed
+102051+29104,26.1450171865364,91.67442221716853,tree_cover,Medium,26.930542,already vegetated (tree cover) - no action needed
+102051+29106,26.146813817528248,91.67442221689252,tree_cover,Medium,27.700836,already vegetated (tree cover) - no action needed
+102051+29107,26.147712132865063,91.67442221691984,tree_cover,Medium,27.642029,already vegetated (tree cover) - no action needed
+102051+29113,26.153102024653137,91.67442221713728,tree_cover,Medium,27.901886,already vegetated (tree cover) - no action needed
+102051+29114,26.154000339305423,91.67442221688158,tree_cover,Low,26.710297,already vegetated (tree cover) - no action needed
+102051+29115,26.1548986548991,91.67442221681128,tree_cover,Low,26.018036,already vegetated (tree cover) - no action needed
+102051+29116,26.15579697021088,91.67442221692636,tree_cover,Medium,26.903442,already vegetated (tree cover) - no action needed
+102051+29120,26.159390230782968,91.67442221698268,tree_cover,High,28.83133,already vegetated (tree cover) - no action needed
+102051+29125,26.163881807696416,91.6744222170458,tree_cover,Medium,27.217377,already vegetated (tree cover) - no action needed
+102051+29126,26.16478012312052,91.6744222169824,tree_cover,Low,26.375793,already vegetated (tree cover) - no action needed
+102051+29127,26.165678438121542,91.6744222171042,tree_cover,Low,26.495514,already vegetated (tree cover) - no action needed
+102051+29128,26.16657675384623,91.67442221695956,tree_cover,Low,26.37674,already vegetated (tree cover) - no action needed
+102051+29129,26.167475068605224,91.67442221700033,tree_cover,Medium,27.024109,already vegetated (tree cover) - no action needed
+102051+29130,26.16837338398929,91.67442221700078,tree_cover,High,28.14087,already vegetated (tree cover) - no action needed
+102051+29131,26.16927169977185,91.67442221696068,tree_cover,Medium,27.945831,already vegetated (tree cover) - no action needed
+102051+29132,26.17017001473321,91.67442221710604,tree_cover,Medium,27.3974,already vegetated (tree cover) - no action needed
+102052+29073,26.11716941332334,91.6753205326918,tree_cover,Medium,29.021576,already vegetated (tree cover) - no action needed
+102052+29079,26.122559305050828,91.67532053285896,tree_cover,Medium,28.683899,already vegetated (tree cover) - no action needed
+102052+29080,26.12345761973876,91.67532053274655,tree_cover,Medium,28.625397,already vegetated (tree cover) - no action needed
+102052+29081,26.124355935264056,91.67532053281973,tree_cover,Medium,28.870087,already vegetated (tree cover) - no action needed
+102052+29085,26.1279491960882,91.6753205329374,tree_cover,High,29.775726,already vegetated (tree cover) - no action needed
+102052+29090,26.132440772685943,91.67532053280335,tree_cover,Medium,28.323822,already vegetated (tree cover) - no action needed
+102052+29091,26.13333908806852,91.67532053270132,tree_cover,Medium,27.422516,already vegetated (tree cover) - no action needed
+102052+29092,26.13423740325243,91.67532053278488,tree_cover,Medium,26.654938,already vegetated (tree cover) - no action needed
+102052+29093,26.13513571873776,91.67532053282837,tree_cover,Low,26.499237,already vegetated (tree cover) - no action needed
+102052+29094,26.136034034245668,91.67532053260588,tree_cover,Low,26.42746,already vegetated (tree cover) - no action needed
+102052+29095,26.13693234892396,91.67532053256916,tree_cover,Medium,27.617523,already vegetated (tree cover) - no action needed
+102052+29096,26.13783066463262,91.67532053249218,tree_cover,Medium,27.868378,already vegetated (tree cover) - no action needed
+102052+29101,26.142322240640016,91.67532053286014,tree_cover,Medium,28.005646,already vegetated (tree cover) - no action needed
+102052+29102,26.143220556337127,91.6753205327683,tree_cover,Medium,27.459564,already vegetated (tree cover) - no action needed
+102052+29103,26.144118871698883,91.67532053263616,tree_cover,Medium,27.032867,already vegetated (tree cover) - no action needed
+102052+29104,26.14501718651045,91.67532053246372,tree_cover,Medium,26.646057,already vegetated (tree cover) - no action needed
+102052+29105,26.14591550179828,91.67532053270295,tree_cover,Medium,27.09555,already vegetated (tree cover) - no action needed
+102052+29106,26.14681381743751,91.6753205329019,tree_cover,Medium,27.29599,already vegetated (tree cover) - no action needed
+102052+29107,26.1477121327416,91.67532053260878,tree_cover,Medium,27.62442,already vegetated (tree cover) - no action needed
+102052+29111,26.15130539400819,91.67532053261642,tree_cover,High,28.388641,already vegetated (tree cover) - no action needed
+102052+29114,26.154000339318927,91.67532053259504,tree_cover,Medium,28.14566,already vegetated (tree cover) - no action needed
+102052+29115,26.154898655061896,91.67532053288416,tree_cover,Medium,27.6315,already vegetated (tree cover) - no action needed
+102052+29125,26.16388180771632,91.67532053288318,tree_cover,Medium,27.280762,already vegetated (tree cover) - no action needed
+102052+29128,26.166576753768467,91.67532053275347,tree_cover,Medium,27.641144,already vegetated (tree cover) - no action needed
+102052+29129,26.167475068676733,91.67532053270492,tree_cover,Medium,27.752533,already vegetated (tree cover) - no action needed
+102052+29130,26.168373383846426,91.6753205326159,tree_cover,Medium,27.52304,already vegetated (tree cover) - no action needed
+102052+29131,26.169271699960568,91.6753205327129,tree_cover,Medium,27.546722,already vegetated (tree cover) - no action needed
+102052+29132,26.170170014707224,91.6753205327696,tree_cover,High,27.229584,already vegetated (tree cover) - no action needed
+102052+29133,26.171068330031563,91.6753205327858,water,Medium,25.264679,never-touch land cover (water)
+102053+29075,26.118966043532208,91.67621884829488,tree_cover,Medium,28.692352,already vegetated (tree cover) - no action needed
+102053+29079,26.122559304844792,91.6762188480688,tree_cover,High,28.649658,already vegetated (tree cover) - no action needed
+102053+29080,26.12345761986462,91.67621884808176,tree_cover,Medium,28.087677,already vegetated (tree cover) - no action needed
+102053+29081,26.124355935175647,91.67621884805509,tree_cover,Medium,28.593903,already vegetated (tree cover) - no action needed
+102053+29083,26.12615256556318,91.67621884810794,tree_cover,High,28.894562,already vegetated (tree cover) - no action needed
+102053+29088,26.13064414191766,91.67621884810616,tree_cover,Medium,27.769806,already vegetated (tree cover) - no action needed
+102053+29089,26.131542457529434,91.6762188479862,tree_cover,Medium,27.805664,already vegetated (tree cover) - no action needed
+102053+29090,26.13244077267149,91.6762188478264,tree_cover,Medium,27.909943,already vegetated (tree cover) - no action needed
+102053+29091,26.133339088203723,91.67621884807824,tree_cover,Medium,27.668365,already vegetated (tree cover) - no action needed
+102053+29092,26.13423740317338,91.67621884806437,tree_cover,Low,26.369812,already vegetated (tree cover) - no action needed
+102053+29093,26.13513571880853,91.6762188480106,tree_cover,Low,25.590149,already vegetated (tree cover) - no action needed
+102053+29094,26.136034034102007,91.67621884814264,tree_cover,Low,25.870056,already vegetated (tree cover) - no action needed
+102053+29095,26.136932349112328,91.67621884823484,tree_cover,Medium,26.92746,already vegetated (tree cover) - no action needed
+102053+29096,26.13783066442436,91.67621884828716,tree_cover,Medium,27.705078,already vegetated (tree cover) - no action needed
+102053+29100,26.141423925901453,91.67621884809697,tree_cover,High,27.845886,already vegetated (tree cover) - no action needed
+102053+29103,26.144118871628685,91.67621884798623,tree_cover,High,27.703522,already vegetated (tree cover) - no action needed
+102053+29105,26.14591550184568,91.67621884808916,tree_cover,Medium,28.089691,already vegetated (tree cover) - no action needed
+102053+29106,26.14681381745269,91.67621884796786,tree_cover,High,28.029877,already vegetated (tree cover) - no action needed
+102053+29107,26.147712132724404,91.67621884825849,tree_cover,Medium,27.931732,already vegetated (tree cover) - no action needed
+102053+29108,26.1486104478052,91.67621884805702,tree_cover,Medium,27.643707,already vegetated (tree cover) - no action needed
+102053+29109,26.14950876345886,91.6762188478155,tree_cover,Medium,27.56009,already vegetated (tree cover) - no action needed
+102053+29110,26.150407078193187,91.6762188479861,tree_cover,Medium,27.9021,already vegetated (tree cover) - no action needed
+102053+29111,26.151305394043817,91.67621884811685,tree_cover,High,28.542511,already vegetated (tree cover) - no action needed
+102053+29114,26.1540003394396,91.6762188482684,tree_cover,High,28.805206,already vegetated (tree cover) - no action needed
+102053+29117,26.156695285400865,91.67621884806027,tree_cover,High,29.11264,already vegetated (tree cover) - no action needed
+102053+29125,26.16388180766333,91.67621884800307,tree_cover,Medium,27.46109,already vegetated (tree cover) - no action needed
+102053+29128,26.16657675380067,91.67621884805544,tree_cover,Medium,27.878601,already vegetated (tree cover) - no action needed
+102053+29129,26.1674750686764,91.67621884814352,tree_cover,Medium,27.757904,already vegetated (tree cover) - no action needed
+102053+29130,26.16837338381372,91.67621884819155,tree_cover,Medium,27.976593,already vegetated (tree cover) - no action needed
+102053+29131,26.16927169989549,91.67621884797312,tree_cover,Medium,27.4151,already vegetated (tree cover) - no action needed
+102053+29133,26.171068329901896,91.67621884786875,water,High,24.612762,never-touch land cover (water)
+102054+29079,26.12255930492212,91.6771171630361,tree_cover,High,28.748138,already vegetated (tree cover) - no action needed
+102054+29080,26.12345761990974,91.67711716317504,tree_cover,Medium,28.364105,already vegetated (tree cover) - no action needed
+102054+29081,26.12435593500682,91.67711716304828,tree_cover,Medium,28.33133,already vegetated (tree cover) - no action needed
+102054+29083,26.12615256551216,91.6771171631273,tree_cover,High,29.805939,already vegetated (tree cover) - no action needed
+102054+29087,26.1297458269212,91.67711716326164,tree_cover,Medium,28.330261,already vegetated (tree cover) - no action needed
+102054+29088,26.13064414188832,91.67711716308322,tree_cover,Medium,28.115082,already vegetated (tree cover) - no action needed
+102054+29089,26.13154245746822,91.67711716309084,tree_cover,Low,27.599426,already vegetated (tree cover) - no action needed
+102054+29090,26.13244077276012,91.67711716328463,tree_cover,Low,27.40689,already vegetated (tree cover) - no action needed
+102054+29091,26.133339088260133,91.67711716321276,tree_cover,Low,27.231964,already vegetated (tree cover) - no action needed
+102054+29092,26.13423740301588,91.67711716310124,tree_cover,Low,26.287262,already vegetated (tree cover) - no action needed
+102054+29093,26.135135718982912,91.67711716317592,tree_cover,Low,25.24649,already vegetated (tree cover) - no action needed
+102054+29094,26.13603403406231,91.67711716321098,tree_cover,Medium,25.942108,already vegetated (tree cover) - no action needed
+102054+29095,26.13693234922246,91.67711716320616,tree_cover,High,27.2128,already vegetated (tree cover) - no action needed
+102054+29096,26.13783066432058,91.67711716316172,tree_cover,High,27.686584,already vegetated (tree cover) - no action needed
+102054+29107,26.147712132813293,91.67711716298726,tree_cover,High,28.266266,already vegetated (tree cover) - no action needed
+102054+29108,26.148610447680028,91.67711716314368,tree_cover,Medium,27.905975,already vegetated (tree cover) - no action needed
+102054+29115,26.15489865480028,91.67711716335108,tree_cover,Medium,27.996307,already vegetated (tree cover) - no action needed
+102054+29126,26.164780122864755,91.67711716322384,tree_cover,Low,27.776093,already vegetated (tree cover) - no action needed
+102054+29129,26.16747506878622,91.6771171631127,tree_cover,Medium,28.30429,already vegetated (tree cover) - no action needed
+102054+29130,26.168373383709344,91.67711716307144,tree_cover,Medium,27.970734,already vegetated (tree cover) - no action needed
+102054+29131,26.16927169994074,91.67711716321644,tree_cover,Medium,26.988281,already vegetated (tree cover) - no action needed
+102054+29132,26.1701700148053,91.6771171633216,tree_cover,Medium,26.980804,already vegetated (tree cover) - no action needed
+102054+29133,26.171068329700933,91.67711716316076,water,Medium,25.445831,never-touch land cover (water)
+102055+29072,26.1162710976732,91.67801547857484,tree_cover,High,32.50876,already vegetated (tree cover) - no action needed
+102055+29079,26.12255930510057,91.67801547836814,tree_cover,High,29.022308,already vegetated (tree cover) - no action needed
+102055+29080,26.123457619874262,91.67801547840658,tree_cover,High,29.098694,already vegetated (tree cover) - no action needed
+102055+29081,26.124355935121542,91.67801547863164,tree_cover,High,29.093262,already vegetated (tree cover) - no action needed
+102055+29082,26.125254251124392,91.67801547859143,tree_cover,High,29.83316,already vegetated (tree cover) - no action needed
+102055+29087,26.129745826844733,91.67801547825005,tree_cover,Medium,28.147095,already vegetated (tree cover) - no action needed
+102055+29088,26.130644141961703,91.6780154784246,tree_cover,Medium,28.82074,already vegetated (tree cover) - no action needed
+102055+29089,26.1315424575099,91.6780154785598,tree_cover,Medium,28.393066,already vegetated (tree cover) - no action needed
+102055+29090,26.13244077276978,91.67801547842966,tree_cover,Medium,28.184662,already vegetated (tree cover) - no action needed
+102055+29091,26.13333908823793,91.67801547848596,tree_cover,Low,27.873077,already vegetated (tree cover) - no action needed
+102055+29092,26.134237402961816,91.67801547850289,tree_cover,Low,27.006744,already vegetated (tree cover) - no action needed
+102055+29093,26.135135718896816,91.67801547825428,tree_cover,Low,25.753876,already vegetated (tree cover) - no action needed
+102055+29094,26.1360340343086,91.678015478418,tree_cover,Medium,25.915802,already vegetated (tree cover) - no action needed
+102055+29095,26.13693234907248,91.67801547854228,tree_cover,Medium,26.243317,already vegetated (tree cover) - no action needed
+102055+29096,26.13783066432094,91.67801547840106,tree_cover,Medium,26.19217,already vegetated (tree cover) - no action needed
+102055+29097,26.13872898004559,91.6780154784461,tree_cover,Medium,26.45642,already vegetated (tree cover) - no action needed
+102055+29114,26.154000339457053,91.67801547836496,tree_cover,High,27.943298,already vegetated (tree cover) - no action needed
+102055+29115,26.15489865492173,91.67801547837637,tree_cover,High,27.83023,already vegetated (tree cover) - no action needed
+102055+29126,26.16478012281647,91.67801547860134,tree_cover,Medium,28.662872,already vegetated (tree cover) - no action needed
+102055+29130,26.1683733838973,91.67801547854314,tree_cover,Medium,28.00412,already vegetated (tree cover) - no action needed
+102055+29131,26.16927169991468,91.67801547859912,tree_cover,Medium,27.21756,already vegetated (tree cover) - no action needed
+102055+29132,26.17017001474705,91.67801547838928,tree_cover,High,27.508392,already vegetated (tree cover) - no action needed
+102055+29133,26.171068329792654,91.67801547859167,water,Medium,26.318329,never-touch land cover (water)
+102056+29071,26.1153727824012,91.6789137934679,tree_cover,High,30.662384,already vegetated (tree cover) - no action needed
+102056+29072,26.11627109762841,91.67891379326817,tree_cover,High,32.195953,already vegetated (tree cover) - no action needed
+102056+29073,26.1171694129634,91.67891379325503,tree_cover,High,32.747345,already vegetated (tree cover) - no action needed
+102056+29080,26.123457619940265,91.67891379364708,tree_cover,High,29.413422,already vegetated (tree cover) - no action needed
+102056+29086,26.128847511902805,91.67891379358264,tree_cover,Medium,28.128113,already vegetated (tree cover) - no action needed
+102056+29087,26.129745826870803,91.6789137936981,tree_cover,Medium,28.006561,already vegetated (tree cover) - no action needed
+102056+29088,26.130644141955926,91.67891379354872,tree_cover,Medium,28.63565,already vegetated (tree cover) - no action needed
+102056+29089,26.13154245747228,91.67891379335973,tree_cover,Medium,29.157257,already vegetated (tree cover) - no action needed
+102056+29090,26.13244077270064,91.67891379335737,tree_cover,High,29.116913,already vegetated (tree cover) - no action needed
+102056+29091,26.13333908831914,91.67891379331604,tree_cover,Medium,28.889526,already vegetated (tree cover) - no action needed
+102056+29092,26.134237403011003,91.67891379346092,tree_cover,Low,28.097168,already vegetated (tree cover) - no action needed
+102056+29093,26.135135718732457,91.67891379356662,tree_cover,Low,26.87381,already vegetated (tree cover) - no action needed
+102056+29094,26.13603403447663,91.67891379340747,tree_cover,Low,26.578583,already vegetated (tree cover) - no action needed
+102056+29095,26.13693234902679,91.67891379343496,tree_cover,Low,25.978363,already vegetated (tree cover) - no action needed
+102056+29096,26.13783066442527,91.67891379364896,tree_cover,Low,25.107971,already vegetated (tree cover) - no action needed
+102056+29097,26.138728979936204,91.67891379359764,tree_cover,Low,25.209076,already vegetated (tree cover) - no action needed
+102056+29106,26.146813817587635,91.6789137936274,tree_cover,Medium,27.709808,already vegetated (tree cover) - no action needed
+102056+29114,26.154000339535845,91.67891379349116,tree_cover,High,27.19748,already vegetated (tree cover) - no action needed
+102056+29115,26.15489865478667,91.67891379340996,tree_cover,High,28.329865,already vegetated (tree cover) - no action needed
+102056+29129,26.16747506842585,91.67891379356443,tree_cover,Medium,28.622772,already vegetated (tree cover) - no action needed
+102056+29130,26.16837338401324,91.6789137933444,tree_cover,Medium,27.790863,already vegetated (tree cover) - no action needed
+102056+29133,26.171068329813245,91.67891379335296,water,High,27.250458,never-touch land cover (water)
+102056+29134,26.171966645184884,91.6789137932016,water,High,23.048187,never-touch land cover (water)
+102057+29072,26.1162710975016,91.6798121094547,tree_cover,High,30.731598,already vegetated (tree cover) - no action needed
+102057+29073,26.11716941298699,91.67981210933976,tree_cover,High,30.282501,already vegetated (tree cover) - no action needed
+102057+29078,26.121660989489143,91.67981210931048,tree_cover,Medium,28.785553,already vegetated (tree cover) - no action needed
+102057+29085,26.127949196206053,91.6798121092122,tree_cover,Medium,28.252045,already vegetated (tree cover) - no action needed
+102057+29086,26.12884751188089,91.67981210904226,tree_cover,Medium,27.816528,already vegetated (tree cover) - no action needed
+102057+29089,26.131542457537552,91.6798121094274,tree_cover,Medium,28.812042,already vegetated (tree cover) - no action needed
+102057+29090,26.132440772552687,91.67981210932716,tree_cover,Medium,28.487396,already vegetated (tree cover) - no action needed
+102057+29091,26.133339088321403,91.67981210918776,tree_cover,High,28.64325,already vegetated (tree cover) - no action needed
+102057+29092,26.1342374031638,91.67981210923524,tree_cover,Medium,28.304657,already vegetated (tree cover) - no action needed
+102057+29093,26.13513571867186,91.67981210924393,tree_cover,Low,27.187134,already vegetated (tree cover) - no action needed
+102057+29094,26.136034034384203,91.67981210921324,tree_cover,Low,26.445618,already vegetated (tree cover) - no action needed
+102057+29095,26.13693234908506,91.67981210914334,tree_cover,Low,25.961487,already vegetated (tree cover) - no action needed
+102057+29096,26.13783066445188,91.67981210903469,tree_cover,Low,25.377045,already vegetated (tree cover) - no action needed
+102057+29097,26.13872897993146,91.67981210911312,tree_cover,Low,25.011597,already vegetated (tree cover) - no action needed
+102057+29098,26.139627295128385,91.67981210915237,tree_cover,Medium,25.75528,already vegetated (tree cover) - no action needed
+102057+29104,26.145017186509047,91.67981210924415,tree_cover,Medium,27.566376,already vegetated (tree cover) - no action needed
+102057+29111,26.151305393980856,91.67981210949324,tree_cover,High,27.426514,already vegetated (tree cover) - no action needed
+102057+29115,26.154898654759283,91.67981210925956,tree_cover,Medium,27.921326,already vegetated (tree cover) - no action needed
+102057+29116,26.1557969702429,91.6798121092729,tree_cover,High,30.118073,already vegetated (tree cover) - no action needed
+102057+29129,26.167475068501805,91.67981210927144,tree_cover,Medium,28.542084,already vegetated (tree cover) - no action needed
+102057+29130,26.168373383875384,91.67981210941464,tree_cover,Medium,27.58551,already vegetated (tree cover) - no action needed
+102057+29133,26.171068329762544,91.67981210915605,water,High,27.369843,never-touch land cover (water)
+102057+29134,26.17196664528451,91.67981210936816,water,High,23.423737,never-touch land cover (water)
+102058+29072,26.116271097474844,91.68071042429528,tree_cover,High,29.959991,already vegetated (tree cover) - no action needed
+102058+29073,26.11716941292873,91.68071042430478,tree_cover,Medium,29.053436,already vegetated (tree cover) - no action needed
+102058+29074,26.118067728555893,91.6807104242755,tree_cover,Medium,28.86496,already vegetated (tree cover) - no action needed
+102058+29078,26.121660989456466,91.68071042422132,tree_cover,Medium,27.825378,already vegetated (tree cover) - no action needed
+102058+29079,26.122559304786545,91.68071042422412,tree_cover,High,28.736176,already vegetated (tree cover) - no action needed
+102058+29089,26.131542457706058,91.68071042414915,tree_cover,Medium,28.419128,already vegetated (tree cover) - no action needed
+102058+29090,26.13244077250765,91.68071042440258,tree_cover,Low,27.534698,already vegetated (tree cover) - no action needed
+102058+29091,26.133339088245044,91.68071042439136,tree_cover,Low,26.667694,already vegetated (tree cover) - no action needed
+102058+29092,26.13423740323815,91.6807104243414,tree_cover,Low,27.160858,already vegetated (tree cover) - no action needed
+102058+29093,26.135135718714714,91.68071042447812,tree_cover,Low,27.167206,already vegetated (tree cover) - no action needed
+102058+29094,26.13603403421369,91.68071042435042,tree_cover,Low,26.770416,already vegetated (tree cover) - no action needed
+102058+29095,26.13693234906526,91.68071042418416,tree_cover,Low,26.40915,already vegetated (tree cover) - no action needed
+102058+29096,26.137830664400585,91.68071042420462,tree_cover,Low,25.9664,already vegetated (tree cover) - no action needed
+102058+29097,26.138728980031047,91.68071042418607,tree_cover,Low,25.250946,already vegetated (tree cover) - no action needed
+102058+29098,26.13962729501444,91.68071042412902,tree_cover,Low,24.954926,already vegetated (tree cover) - no action needed
+102058+29099,26.140525610207195,91.68071042425906,tree_cover,Medium,26.37088,already vegetated (tree cover) - no action needed
+102058+29104,26.145017186570872,91.68071042455142,tree_cover,Medium,27.457184,already vegetated (tree cover) - no action needed
+102058+29107,26.14771213259237,91.68071042435112,tree_cover,Medium,26.978485,already vegetated (tree cover) - no action needed
+102058+29109,26.149508763373387,91.6807104243242,tree_cover,Medium,26.882996,already vegetated (tree cover) - no action needed
+102058+29110,26.15040707831268,91.6807104242525,tree_cover,Medium,27.142365,already vegetated (tree cover) - no action needed
+102058+29111,26.15130539400476,91.68071042414222,tree_cover,High,27.254303,already vegetated (tree cover) - no action needed
+102058+29114,26.154000339469725,91.68071042425484,tree_cover,Medium,26.617126,already vegetated (tree cover) - no action needed
+102058+29115,26.154898654839563,91.6807104242146,tree_cover,Medium,27.624329,already vegetated (tree cover) - no action needed
+102058+29116,26.15579697010952,91.68071042413536,tree_cover,High,29.851715,already vegetated (tree cover) - no action needed
+102058+29130,26.168373383848014,91.68071042413726,tree_cover,Medium,27.835724,already vegetated (tree cover) - no action needed
+102058+29133,26.17106832982254,91.68071042451652,tree_cover,High,27.15738,already vegetated (tree cover) - no action needed
+102058+29134,26.17196664531318,91.6807104244145,water,High,23.95755,never-touch land cover (water)
+102059+29071,26.115372782232534,91.68160873955516,tree_cover,High,30.463928,already vegetated (tree cover) - no action needed
+102059+29076,26.119864359081703,91.68160873980332,tree_cover,Medium,28.490356,already vegetated (tree cover) - no action needed
+102059+29078,26.12166098934251,91.6816087397233,tree_cover,Medium,27.443542,already vegetated (tree cover) - no action needed
+102059+29079,26.122559304823664,91.68160873962518,tree_cover,Medium,27.708374,already vegetated (tree cover) - no action needed
+102059+29080,26.12345762001785,91.68160873948872,tree_cover,High,29.662048,already vegetated (tree cover) - no action needed
+102059+29086,26.128847511962267,91.6816087396669,tree_cover,Medium,26.604797,already vegetated (tree cover) - no action needed
+102059+29087,26.129745826835943,91.6816087397122,tree_cover,Low,26.382294,already vegetated (tree cover) - no action needed
+102059+29088,26.13064414200929,91.68160873971894,tree_cover,Medium,26.926361,already vegetated (tree cover) - no action needed
+102059+29089,26.13154245761354,91.68160873968716,tree_cover,Low,27.587616,already vegetated (tree cover) - no action needed
+102059+29090,26.132440772565698,91.68160873939097,tree_cover,Low,27.398468,already vegetated (tree cover) - no action needed
+102059+29091,26.1333390882721,91.68160873950777,tree_cover,Low,26.794708,already vegetated (tree cover) - no action needed
+102059+29092,26.13423740323389,91.681608739586,tree_cover,Low,26.14212,already vegetated (tree cover) - no action needed
+102059+29093,26.13513571886118,91.68160873962572,tree_cover,Low,26.146912,already vegetated (tree cover) - no action needed
+102059+29094,26.136034034147126,91.68160873985256,tree_cover,Low,26.162354,already vegetated (tree cover) - no action needed
+102059+29095,26.13693234896738,91.68160873981478,tree_cover,Low,25.89441,already vegetated (tree cover) - no action needed
+102059+29096,26.137830664453595,91.68160873973864,tree_cover,Low,25.782013,already vegetated (tree cover) - no action needed
+102059+29097,26.138728980052743,91.68160873984988,tree_cover,Low,25.528961,already vegetated (tree cover) - no action needed
+102059+29098,26.13962729500499,91.68160873992215,tree_cover,Low,25.139282,already vegetated (tree cover) - no action needed
+102059+29099,26.140525610166595,91.68160873973,tree_cover,Low,25.5047,already vegetated (tree cover) - no action needed
+102059+29100,26.141423925899065,91.68160873949952,tree_cover,Low,25.741547,already vegetated (tree cover) - no action needed
+102059+29108,26.148610447921097,91.68160873965176,tree_cover,Medium,26.928314,already vegetated (tree cover) - no action needed
+102059+29109,26.149508763384365,91.681608739751,tree_cover,Medium,26.828094,already vegetated (tree cover) - no action needed
+102059+29110,26.150407078110664,91.68160873958564,tree_cover,Medium,27.304962,already vegetated (tree cover) - no action needed
+102059+29111,26.151305394135456,91.68160873960736,tree_cover,Medium,27.050568,already vegetated (tree cover) - no action needed
+102059+29113,26.153102024563136,91.68160873953522,tree_cover,Medium,26.63321,already vegetated (tree cover) - no action needed
+102059+29114,26.15400033950665,91.68160873966704,tree_cover,Medium,27.001862,already vegetated (tree cover) - no action needed
+102059+29115,26.15489865484518,91.6816087397601,tree_cover,Medium,27.773712,already vegetated (tree cover) - no action needed
+102059+29116,26.15579697008399,91.6816087398146,tree_cover,High,29.360504,already vegetated (tree cover) - no action needed
+102059+29120,26.15939023109225,91.68160873964597,tree_cover,High,29.106445,already vegetated (tree cover) - no action needed
+102059+29121,26.16028854717365,91.68160873973304,tree_cover,Medium,28.823517,already vegetated (tree cover) - no action needed
+102059+29122,26.161186861705595,91.68160873978115,tree_cover,High,28.761688,already vegetated (tree cover) - no action needed
+102059+29133,26.171068329811405,91.68160873956424,tree_cover,Medium,26.894379,already vegetated (tree cover) - no action needed
+102059+29134,26.17196664527074,91.68160873959974,water,High,24.384674,never-touch land cover (water)
+102060+29070,26.11447446744451,91.68250705476392,tree_cover,Medium,29.707428,already vegetated (tree cover) - no action needed
+102060+29071,26.11537278207237,91.68250705464618,tree_cover,High,29.89151,already vegetated (tree cover) - no action needed
+102060+29075,26.11896604325747,91.6825070546958,tree_cover,Medium,27.999847,already vegetated (tree cover) - no action needed
+102060+29077,26.12076267381344,91.68250705471657,tree_cover,Medium,27.803925,already vegetated (tree cover) - no action needed
+102060+29078,26.12166098932949,91.6825070547825,tree_cover,Low,27.149323,already vegetated (tree cover) - no action needed
+102060+29079,26.12255930477983,91.68250705481016,tree_cover,Medium,27.533173,already vegetated (tree cover) - no action needed
+102060+29080,26.123457619942887,91.68250705479925,tree_cover,High,29.258453,already vegetated (tree cover) - no action needed
+102060+29084,26.127050880831675,91.6825070548242,tree_cover,Medium,28.815765,already vegetated (tree cover) - no action needed
+102060+29085,26.12794919630197,91.68250705484758,tree_cover,Medium,28.05954,already vegetated (tree cover) - no action needed
+102060+29086,26.12884751206541,91.68250705483264,tree_cover,Medium,26.952667,already vegetated (tree cover) - no action needed
+102060+29087,26.129745826726225,91.6825070547792,tree_cover,Low,26.178436,already vegetated (tree cover) - no action needed
+102060+29088,26.13064414205047,91.6825070546874,tree_cover,Low,25.88321,already vegetated (tree cover) - no action needed
+102060+29089,26.13154245762375,91.68250705478296,tree_cover,Low,26.467896,already vegetated (tree cover) - no action needed
+102060+29090,26.13244077254493,91.68250705506608,tree_cover,Low,26.995636,already vegetated (tree cover) - no action needed
+102060+29091,26.133339088220364,91.68250705485931,tree_cover,Low,27.614471,already vegetated (tree cover) - no action needed
+102060+29092,26.13423740315101,91.68250705461406,tree_cover,Low,26.728119,already vegetated (tree cover) - no action needed
+102060+29093,26.135135718929543,91.68250705455635,tree_cover,Low,25.863373,already vegetated (tree cover) - no action needed
+102060+29094,26.13603403418419,91.68250705446032,tree_cover,Low,25.575409,already vegetated (tree cover) - no action needed
+102060+29095,26.136932348973467,91.68250705455162,tree_cover,Low,25.455048,already vegetated (tree cover) - no action needed
+102060+29096,26.13783066461092,91.6825070548305,tree_cover,Low,25.33133,already vegetated (tree cover) - no action needed
+102060+29097,26.13872897999672,91.68250705484496,tree_cover,Low,25.486664,already vegetated (tree cover) - no action needed
+102060+29098,26.139627294918,91.68250705459523,tree_cover,Low,25.313446,already vegetated (tree cover) - no action needed
+102060+29099,26.14052561004879,91.68250705453327,tree_cover,Low,25.41043,already vegetated (tree cover) - no action needed
+102060+29100,26.14142392593199,91.68250705465844,tree_cover,Low,25.73581,already vegetated (tree cover) - no action needed
+102060+29101,26.142322240990342,91.68250705474507,tree_cover,Low,25.891998,already vegetated (tree cover) - no action needed
+102060+29102,26.143220556069984,91.68250705479365,tree_cover,Medium,26.862915,already vegetated (tree cover) - no action needed
+102060+29104,26.145017186464944,91.68250705477554,tree_cover,Medium,27.843903,already vegetated (tree cover) - no action needed
+102060+29107,26.147712132845825,91.68250705468552,tree_cover,Medium,27.18869,already vegetated (tree cover) - no action needed
+102060+29108,26.14861044788779,91.6825070547294,tree_cover,Medium,26.773712,already vegetated (tree cover) - no action needed
+102060+29109,26.149508763319933,91.68250705450885,tree_cover,Medium,26.676178,already vegetated (tree cover) - no action needed
+102060+29111,26.151305394190928,91.68250705485634,tree_cover,High,26.426666,already vegetated (tree cover) - no action needed
+102060+29114,26.154000339469054,91.68250705486284,tree_cover,Medium,26.697174,already vegetated (tree cover) - no action needed
+102060+29115,26.15489865477629,91.68250705463764,tree_cover,Low,27.040741,already vegetated (tree cover) - no action needed
+102060+29116,26.155796970166307,91.68250705459978,tree_cover,High,29.1362,already vegetated (tree cover) - no action needed
+102060+29121,26.16028854728248,91.68250705451128,tree_cover,High,28.823761,already vegetated (tree cover) - no action needed
+102060+29122,26.16118686160111,91.68250705446856,tree_cover,Medium,28.440216,already vegetated (tree cover) - no action needed
+102060+29133,26.171068329910963,91.68250705462084,tree_cover,High,27.262848,already vegetated (tree cover) - no action needed
+102060+29134,26.17196664515718,91.68250705456796,water,High,25.103912,never-touch land cover (water)
+102061+29069,26.11357615207677,91.68340537005314,tree_cover,High,29.319,already vegetated (tree cover) - no action needed
+102061+29070,26.11447446741504,91.68340537009723,tree_cover,High,30.185944,already vegetated (tree cover) - no action needed
+102061+29071,26.11537278201178,91.68340537010326,tree_cover,High,29.705475,already vegetated (tree cover) - no action needed
+102061+29074,26.11806772852477,91.68340537011862,tree_cover,Medium,28.486023,already vegetated (tree cover) - no action needed
+102061+29077,26.12076267375012,91.6834053702426,tree_cover,Medium,28.604767,already vegetated (tree cover) - no action needed
+102061+29079,26.122559304837143,91.6834053699089,tree_cover,Medium,28.28714,already vegetated (tree cover) - no action needed
+102061+29084,26.127050880916894,91.68340536987584,tree_cover,Medium,28.915497,already vegetated (tree cover) - no action needed
+102061+29085,26.12794919635655,91.68340537002588,tree_cover,Medium,28.735046,already vegetated (tree cover) - no action needed
+102061+29086,26.12884751190698,91.68340536991197,tree_cover,Medium,28.112518,already vegetated (tree cover) - no action needed
+102061+29087,26.129745826901097,91.68340536998582,tree_cover,Low,27.220703,already vegetated (tree cover) - no action needed
+102061+29088,26.13064414183028,91.68340537002138,tree_cover,Low,25.93277,already vegetated (tree cover) - no action needed
+102061+29089,26.13154245773686,91.68340536979298,tree_cover,Low,25.97522,already vegetated (tree cover) - no action needed
+102061+29090,26.132440772627245,91.68340536975234,tree_cover,Low,26.939972,already vegetated (tree cover) - no action needed
+102061+29091,26.133339088089844,91.68340536989923,tree_cover,Low,27.751068,already vegetated (tree cover) - no action needed
+102061+29092,26.134237403171745,91.68340537000827,tree_cover,Low,27.05429,already vegetated (tree cover) - no action needed
+102061+29093,26.13513571891931,91.68340537007902,tree_cover,Low,26.190216,already vegetated (tree cover) - no action needed
+102061+29094,26.13603403414316,91.68340537011144,tree_cover,Low,25.47342,already vegetated (tree cover) - no action needed
+102061+29095,26.136932349083672,91.68340537010596,tree_cover,Low,25.098602,already vegetated (tree cover) - no action needed
+102061+29096,26.13783066469016,91.6834053700622,tree_cover,Low,25.043304,already vegetated (tree cover) - no action needed
+102061+29097,26.138728979863146,91.68340536998032,tree_cover,Low,25.180939,already vegetated (tree cover) - no action needed
+102061+29098,26.139627294935657,91.68340537008622,tree_cover,Low,25.218048,already vegetated (tree cover) - no action needed
+102061+29099,26.140525610217537,91.68340537037948,tree_cover,Low,25.358093,already vegetated (tree cover) - no action needed
+102061+29100,26.141423925887903,91.683405370409,tree_cover,Low,25.981293,already vegetated (tree cover) - no action needed
+102061+29101,26.14232224091531,91.68340537017453,tree_cover,Low,26.153381,already vegetated (tree cover) - no action needed
+102061+29102,26.14322055614635,91.68340537012762,tree_cover,Medium,26.727325,already vegetated (tree cover) - no action needed
+102061+29107,26.14771213276773,91.68340537022368,tree_cover,Medium,27.314697,already vegetated (tree cover) - no action needed
+102061+29111,26.151305393989343,91.68340537001892,tree_cover,Medium,26.709412,already vegetated (tree cover) - no action needed
+102061+29114,26.154000339538623,91.68340536997266,tree_cover,High,26.894104,already vegetated (tree cover) - no action needed
+102061+29115,26.15489865463322,91.68340537010666,tree_cover,Medium,26.958527,already vegetated (tree cover) - no action needed
+102061+29116,26.15579697035613,91.68340537020256,tree_cover,High,28.76706,already vegetated (tree cover) - no action needed
+102061+29130,26.168373384244543,91.68340537001156,tree_cover,Medium,28.17575,already vegetated (tree cover) - no action needed
+102061+29132,26.17017001471788,91.68340537014628,tree_cover,High,27.89331,already vegetated (tree cover) - no action needed
+102061+29133,26.171068329939068,91.68340537026924,tree_cover,High,27.52951,already vegetated (tree cover) - no action needed
+102061+29134,26.17196664515467,91.6834053703539,water,High,24.941376,never-touch land cover (water)
+102062+29067,26.1117795211182,91.68430368550148,tree_cover,High,28.86081,already vegetated (tree cover) - no action needed
+102062+29082,26.12525425109309,91.68430368562473,tree_cover,High,29.650818,already vegetated (tree cover) - no action needed
+102062+29084,26.127050881104115,91.68430368583984,tree_cover,High,28.962982,already vegetated (tree cover) - no action needed
+102062+29086,26.12884751185108,91.6843036854522,tree_cover,Medium,28.647736,already vegetated (tree cover) - no action needed
+102062+29087,26.129745826996466,91.68430368542732,tree_cover,Medium,28.172943,already vegetated (tree cover) - no action needed
+102062+29088,26.130644141895043,91.6843036855904,tree_cover,Low,26.907288,already vegetated (tree cover) - no action needed
+102062+29089,26.131542457588942,91.68430368571562,tree_cover,Low,26.027954,already vegetated (tree cover) - no action needed
+102062+29090,26.13244077263059,91.68430368557692,tree_cover,Low,26.506012,already vegetated (tree cover) - no action needed
+102062+29091,26.13333908824444,91.68430368562596,tree_cover,Low,26.902863,already vegetated (tree cover) - no action needed
+102062+29092,26.134237403114025,91.68430368563712,tree_cover,Low,26.72931,already vegetated (tree cover) - no action needed
+102062+29093,26.135135719012684,91.68430368561064,tree_cover,Low,26.5997,already vegetated (tree cover) - no action needed
+102062+29094,26.13603403420608,91.68430368577216,tree_cover,Low,25.733307,already vegetated (tree cover) - no action needed
+102062+29095,26.136932348933787,91.6843036856697,tree_cover,Low,25.183868,already vegetated (tree cover) - no action needed
+102062+29096,26.13783066469152,91.68430368552916,tree_cover,Low,25.2471,already vegetated (tree cover) - no action needed
+102062+29097,26.138728979834053,91.68430368557662,tree_cover,Low,25.201813,already vegetated (tree cover) - no action needed
+102062+29098,26.13962729505765,91.684303685586,tree_cover,Low,25.4971,already vegetated (tree cover) - no action needed
+102062+29099,26.14052561030891,91.6843036855575,tree_cover,Low,25.450165,already vegetated (tree cover) - no action needed
+102062+29100,26.14142392576681,91.68430368549112,tree_cover,Low,25.424286,already vegetated (tree cover) - no action needed
+102062+29101,26.14232224076342,91.68430368538684,tree_cover,Low,26.290924,already vegetated (tree cover) - no action needed
+102062+29102,26.14322055614571,91.6843036852445,tree_cover,Medium,26.764374,already vegetated (tree cover) - no action needed
+102062+29111,26.1513053940764,91.68430368541657,tree_cover,Medium,27.102112,already vegetated (tree cover) - no action needed
+102062+29116,26.15579697028964,91.6843036853621,tree_cover,Medium,28.38684,already vegetated (tree cover) - no action needed
+102062+29125,26.16388180773893,91.68430368548938,tree_cover,Medium,28.192505,already vegetated (tree cover) - no action needed
+102062+29126,26.16478012281505,91.68430368556425,tree_cover,Medium,27.932129,already vegetated (tree cover) - no action needed
+102062+29134,26.17196664526285,91.68430368524528,water,Medium,25.966522,never-touch land cover (water)
+102063+29066,26.110881206390665,91.68520200086452,tree_cover,High,28.877777,already vegetated (tree cover) - no action needed
+102063+29072,26.11627109774711,91.68520200091604,tree_cover,High,29.41098,already vegetated (tree cover) - no action needed
+102063+29073,26.11716941286493,91.68520200086826,tree_cover,High,28.805328,already vegetated (tree cover) - no action needed
+102063+29074,26.118067728520167,91.68520200078282,tree_cover,Medium,28.560211,already vegetated (tree cover) - no action needed
+102063+29082,26.12525425107943,91.68520200077488,tree_cover,Medium,29.0466,already vegetated (tree cover) - no action needed
+102063+29085,26.127949196226133,91.68520200096934,tree_cover,High,29.292511,already vegetated (tree cover) - no action needed
+102063+29086,26.12884751171533,91.685202001109,tree_cover,Medium,28.942535,already vegetated (tree cover) - no action needed
+102063+29087,26.12974582701232,91.68520200098516,tree_cover,Medium,28.143341,already vegetated (tree cover) - no action needed
+102063+29088,26.13064414206268,91.68520200104972,tree_cover,Low,27.23465,already vegetated (tree cover) - no action needed
+102063+29089,26.131542457543933,91.68520200107665,tree_cover,Low,26.667084,already vegetated (tree cover) - no action needed
+102063+29090,26.132440772555142,91.68520200106592,tree_cover,Low,26.66684,already vegetated (tree cover) - no action needed
+102063+29091,26.13333908832043,91.68520200101752,tree_cover,Low,26.488586,already vegetated (tree cover) - no action needed
+102063+29092,26.13423740315957,91.68520200115714,tree_cover,Low,26.337097,already vegetated (tree cover) - no action needed
+102063+29093,26.13513571884575,91.68520200103302,tree_cover,Low,26.625824,already vegetated (tree cover) - no action needed
+102063+29094,26.13603403419076,91.68520200064536,tree_cover,Low,25.902008,already vegetated (tree cover) - no action needed
+102063+29095,26.136932349069884,91.68520200089768,tree_cover,Low,25.824799,already vegetated (tree cover) - no action needed
+102063+29096,26.137830664615148,91.68520200111232,tree_cover,Low,25.922913,already vegetated (tree cover) - no action needed
+102063+29097,26.13872897972708,91.68520200083736,tree_cover,Low,25.599274,already vegetated (tree cover) - no action needed
+102063+29098,26.13962729510228,91.68520200075062,tree_cover,Low,25.613068,already vegetated (tree cover) - no action needed
+102063+29099,26.1405256103231,91.68520200085209,tree_cover,Low,25.645233,already vegetated (tree cover) - no action needed
+102063+29100,26.14142392575039,91.6852020009157,tree_cover,Low,24.94632,already vegetated (tree cover) - no action needed
+102063+29101,26.14232224071657,91.68520200094144,tree_cover,Medium,25.681427,already vegetated (tree cover) - no action needed
+102063+29105,26.145915501767178,91.68520200089333,tree_cover,Medium,27.683136,already vegetated (tree cover) - no action needed
+102063+29106,26.146813817607075,91.68520200095644,tree_cover,Medium,27.228363,already vegetated (tree cover) - no action needed
+102063+29111,26.15130539408824,91.685202000931,tree_cover,Medium,27.285828,already vegetated (tree cover) - no action needed
+102063+29115,26.15489865485145,91.68520200117928,tree_cover,Medium,26.931183,already vegetated (tree cover) - no action needed
+102063+29116,26.15579697014897,91.68520200109046,tree_cover,Medium,27.949066,already vegetated (tree cover) - no action needed
+102063+29126,26.16478012291473,91.68520200105888,tree_cover,Medium,27.647339,already vegetated (tree cover) - no action needed
+102063+29134,26.17196664529992,91.6852020011564,water,High,26.140167,never-touch land cover (water)
+102064+29065,26.10998289025413,91.68610031600304,tree_cover,Medium,28.545868,already vegetated (tree cover) - no action needed
+102064+29066,26.110881206416543,91.68610031611524,tree_cover,Medium,29.117706,already vegetated (tree cover) - no action needed
+102064+29068,26.112677836353985,91.6861003157759,tree_cover,Medium,29.3042,already vegetated (tree cover) - no action needed
+102064+29072,26.116271097591728,91.68610031600282,tree_cover,High,29.854462,already vegetated (tree cover) - no action needed
+102064+29074,26.118067728486164,91.68610031634348,tree_cover,Medium,27.878693,already vegetated (tree cover) - no action needed
+102064+29075,26.118966043307868,91.68610031634486,tree_cover,Medium,28.450531,already vegetated (tree cover) - no action needed
+102064+29076,26.11986435924115,91.68610031608296,tree_cover,Medium,29.041656,already vegetated (tree cover) - no action needed
+102064+29085,26.127949196223007,91.686100316105,tree_cover,Medium,28.91806,already vegetated (tree cover) - no action needed
+102064+29086,26.12884751168212,91.68610031592029,tree_cover,Medium,28.945251,already vegetated (tree cover) - no action needed
+102064+29087,26.129745827130733,91.6861003161498,tree_cover,Medium,28.352692,already vegetated (tree cover) - no action needed
+102064+29088,26.130644141968773,91.68610031611564,tree_cover,Low,27.292206,already vegetated (tree cover) - no action needed
+102064+29089,26.131542457601984,91.68610031604425,tree_cover,Low,27.205292,already vegetated (tree cover) - no action needed
+102064+29090,26.1324407725826,91.68610031616107,tree_cover,Low,26.986908,already vegetated (tree cover) - no action needed
+102064+29091,26.13333908813592,91.6861003160146,tree_cover,Low,26.785187,already vegetated (tree cover) - no action needed
+102064+29092,26.13423740330838,91.6861003158307,tree_cover,Low,26.580566,already vegetated (tree cover) - no action needed
+102064+29093,26.135135718782585,91.68610031606109,tree_cover,Low,27.079376,already vegetated (tree cover) - no action needed
+102064+29094,26.136034034097,91.68610031625404,tree_cover,Low,26.609467,already vegetated (tree cover) - no action needed
+102064+29095,26.13693234912791,91.68610031595742,tree_cover,Low,26.05722,already vegetated (tree cover) - no action needed
+102064+29096,26.137830664643086,91.68610031584944,tree_cover,Low,26.019623,already vegetated (tree cover) - no action needed
+102064+29097,26.13872897972441,91.68610031615576,tree_cover,Low,26.002472,already vegetated (tree cover) - no action needed
+102064+29098,26.139627295069527,91.68610031619856,tree_cover,Low,25.996246,already vegetated (tree cover) - no action needed
+102064+29099,26.14052561025992,91.68610031597804,tree_cover,Low,25.955292,already vegetated (tree cover) - no action needed
+102064+29100,26.141423925838808,91.68610031594578,tree_cover,Low,24.95279,already vegetated (tree cover) - no action needed
+102064+29101,26.14232224077473,91.68610031610194,tree_cover,Low,24.7565,already vegetated (tree cover) - no action needed
+102064+29102,26.143220556096168,91.68610031622066,tree_cover,Low,25.808624,already vegetated (tree cover) - no action needed
+102064+29103,26.14411887199204,91.68610031607588,tree_cover,Medium,26.522858,already vegetated (tree cover) - no action needed
+102064+29105,26.14591550188601,91.68610031635144,tree_cover,Medium,26.93512,already vegetated (tree cover) - no action needed
+102064+29106,26.146813817331584,91.68610031609388,tree_cover,Medium,26.834503,already vegetated (tree cover) - no action needed
+102064+29107,26.147712132806085,91.68610031579912,tree_cover,Medium,27.172028,already vegetated (tree cover) - no action needed
+102064+29115,26.154898654848733,91.68610031592756,tree_cover,Medium,26.511261,already vegetated (tree cover) - no action needed
+102064+29116,26.15579697011616,91.68610031597228,tree_cover,Medium,27.845795,already vegetated (tree cover) - no action needed
+102064+29125,26.16388180792696,91.68610031603863,tree_cover,Medium,27.956512,already vegetated (tree cover) - no action needed
+102064+29126,26.16478012294221,91.6861003159334,tree_cover,Medium,27.737213,already vegetated (tree cover) - no action needed
+102065+29063,26.10818625980316,91.686998631119,tree_cover,Medium,28.295074,already vegetated (tree cover) - no action needed
+102065+29070,26.11447446720004,91.68699863114676,tree_cover,High,29.220642,already vegetated (tree cover) - no action needed
+102065+29071,26.115372782221414,91.68699863096975,tree_cover,High,29.631866,already vegetated (tree cover) - no action needed
+102065+29074,26.118067728552383,91.68699863089296,tree_cover,Medium,27.769135,already vegetated (tree cover) - no action needed
+102065+29081,26.1243559351166,91.6869986309917,tree_cover,High,29.229218,already vegetated (tree cover) - no action needed
+102065+29083,26.12615256566839,91.68699863113667,tree_cover,Medium,28.455719,already vegetated (tree cover) - no action needed
+102065+29087,26.12974582698775,91.68699863120511,tree_cover,Medium,28.360077,already vegetated (tree cover) - no action needed
+102065+29088,26.13064414179555,91.686998630847,tree_cover,Low,27.624115,already vegetated (tree cover) - no action needed
+102065+29089,26.13154245776277,91.68699863090292,tree_cover,Medium,27.950104,already vegetated (tree cover) - no action needed
+102065+29090,26.13244077253125,91.68699863092188,tree_cover,Low,27.495758,already vegetated (tree cover) - no action needed
+102065+29091,26.13333908823654,91.68699863112948,tree_cover,Low,27.092804,already vegetated (tree cover) - no action needed
+102065+29092,26.134237403196703,91.68699863129966,tree_cover,Low,26.894196,already vegetated (tree cover) - no action needed
+102065+29093,26.13513571882304,91.6869986309809,tree_cover,Low,27.123535,already vegetated (tree cover) - no action needed
+102065+29094,26.13603403410703,91.68699863085058,tree_cover,Low,26.395966,already vegetated (tree cover) - no action needed
+102065+29095,26.13693234910803,91.68699863113498,tree_cover,Low,25.770721,already vegetated (tree cover) - no action needed
+102065+29096,26.13783066459295,91.68699863115609,tree_cover,Low,25.847809,already vegetated (tree cover) - no action needed
+102065+29097,26.13872897982624,91.68699863091392,tree_cover,Low,26.384552,already vegetated (tree cover) - no action needed
+102065+29098,26.13962729514126,91.68699863108648,tree_cover,Low,25.994629,already vegetated (tree cover) - no action needed
+102065+29099,26.14052561011938,91.6869986312216,tree_cover,Low,25.994598,already vegetated (tree cover) - no action needed
+102065+29100,26.141423925850063,91.68699863109346,tree_cover,Low,25.266907,already vegetated (tree cover) - no action needed
+102065+29101,26.142322240938093,91.68699863115395,tree_cover,Low,24.655792,already vegetated (tree cover) - no action needed
+102065+29102,26.14322055604724,91.68699863117725,tree_cover,Low,25.092682,already vegetated (tree cover) - no action needed
+102065+29103,26.14411887173103,91.6869986309374,tree_cover,Low,25.60556,already vegetated (tree cover) - no action needed
+102065+29115,26.154898654771667,91.68699863124542,tree_cover,Medium,26.818207,already vegetated (tree cover) - no action needed
+102065+29116,26.155796970190853,91.68699863119778,tree_cover,High,27.908478,already vegetated (tree cover) - no action needed
+102065+29125,26.163881807729805,91.68699863112094,tree_cover,Medium,28.032623,already vegetated (tree cover) - no action needed
+102065+29126,26.164780122897,91.68699863092532,tree_cover,Medium,28.300995,already vegetated (tree cover) - no action needed
+102066+29082,26.12525425092003,91.6878969466437,tree_cover,High,29.062042,already vegetated (tree cover) - no action needed
+102066+29086,26.128847512104844,91.68789694646424,tree_cover,Medium,28.558075,already vegetated (tree cover) - no action needed
+102066+29087,26.12974582676544,91.68789694649608,tree_cover,Medium,28.153473,already vegetated (tree cover) - no action needed
+102066+29088,26.13064414190725,91.687896946717,tree_cover,Medium,28.034943,already vegetated (tree cover) - no action needed
+102066+29089,26.131542457662352,91.68789694667504,tree_cover,Medium,28.222076,already vegetated (tree cover) - no action needed
+102066+29090,26.132440772583152,91.68789694659591,tree_cover,Medium,27.749481,already vegetated (tree cover) - no action needed
+102066+29091,26.1333390882582,91.68789694647955,tree_cover,Low,27.33374,already vegetated (tree cover) - no action needed
+102066+29092,26.134237403188628,91.68789694632623,tree_cover,Low,27.382446,already vegetated (tree cover) - no action needed
+102066+29093,26.13513571878489,91.68789694658764,tree_cover,Medium,27.92273,already vegetated (tree cover) - no action needed
+102066+29094,26.13603403422102,91.68789694681207,tree_cover,Low,27.195404,already vegetated (tree cover) - no action needed
+102066+29095,26.13693234919228,91.68789694677362,tree_cover,Low,26.30423,already vegetated (tree cover) - no action needed
+102066+29096,26.13783066446476,91.68789694669798,tree_cover,Low,26.181244,already vegetated (tree cover) - no action needed
+102066+29097,26.13872897985051,91.6878969468112,tree_cover,Low,26.832672,already vegetated (tree cover) - no action needed
+102066+29098,26.139627295135465,91.68789694666158,tree_cover,Low,26.371185,already vegetated (tree cover) - no action needed
+102066+29099,26.140525610083508,91.68789694647472,tree_cover,Low,26.29953,already vegetated (tree cover) - no action needed
+102066+29100,26.141423925784288,91.68789694647676,tree_cover,Low,25.83313,already vegetated (tree cover) - no action needed
+102066+29101,26.14232224102428,91.6878969464416,tree_cover,Low,25.154816,already vegetated (tree cover) - no action needed
+102066+29102,26.143220556103536,91.68789694659512,tree_cover,Low,25.220184,already vegetated (tree cover) - no action needed
+102066+29103,26.144118871575387,91.68789694671165,tree_cover,Low,25.164948,already vegetated (tree cover) - no action needed
+102066+29104,26.145017186679404,91.6878969465655,tree_cover,Low,26.209259,already vegetated (tree cover) - no action needed
+102066+29105,26.145915501895125,91.68789694638214,tree_cover,Medium,26.628052,already vegetated (tree cover) - no action needed
+102066+29106,26.1468138172804,91.68789694638726,tree_cover,Medium,26.424408,already vegetated (tree cover) - no action needed
+102066+29110,26.150407078226213,91.68789694648952,tree_cover,High,28.423065,already vegetated (tree cover) - no action needed
+102066+29112,26.15220370866123,91.68789694654356,tree_cover,Medium,28.869415,already vegetated (tree cover) - no action needed
+102066+29113,26.15310202440143,91.68789694651495,tree_cover,Medium,27.310333,already vegetated (tree cover) - no action needed
+102066+29114,26.15400033967728,91.68789694644914,tree_cover,Medium,27.040985,already vegetated (tree cover) - no action needed
+102066+29115,26.15489865480227,91.68789694657224,tree_cover,Medium,27.204437,already vegetated (tree cover) - no action needed
+102066+29125,26.1638818076421,91.68789694666404,tree_cover,High,28.628265,already vegetated (tree cover) - no action needed
+102066+29126,26.164780122779057,91.68789694660438,tree_cover,High,28.717804,already vegetated (tree cover) - no action needed
+102066+29129,26.167475068676136,91.6878969464285,tree_cover,Medium,28.006134,already vegetated (tree cover) - no action needed
+102066+29131,26.16927169963213,91.687896946878,tree_cover,Medium,27.851624,already vegetated (tree cover) - no action needed
+102067+29088,26.130644142121685,91.68879526205106,tree_cover,Medium,27.931122,already vegetated (tree cover) - no action needed
+102067+29089,26.13154245748297,91.68879526213648,tree_cover,Medium,27.784454,already vegetated (tree cover) - no action needed
+102067+29090,26.13244077255592,91.68879526195926,tree_cover,Low,27.556122,already vegetated (tree cover) - no action needed
+102067+29091,26.133339088201392,91.68879526197132,tree_cover,Medium,27.565826,already vegetated (tree cover) - no action needed
+102067+29092,26.134237403283976,91.6887952621725,tree_cover,Medium,27.876251,already vegetated (tree cover) - no action needed
+102067+29093,26.13513571885035,91.6887952621106,tree_cover,Medium,28.266876,already vegetated (tree cover) - no action needed
+102067+29094,26.136034034256912,91.68879526201196,tree_cover,Medium,28.06018,already vegetated (tree cover) - no action needed
+102067+29095,26.13693234901608,91.68879526187632,tree_cover,Low,27.39737,already vegetated (tree cover) - no action needed
+102067+29096,26.13783066444104,91.6887952617039,tree_cover,Low,26.863007,already vegetated (tree cover) - no action needed
+102067+29097,26.138728979978936,91.6887952617206,tree_cover,Low,26.611664,already vegetated (tree cover) - no action needed
+102067+29098,26.13962729505213,91.68879526192616,tree_cover,Low,26.664001,already vegetated (tree cover) - no action needed
+102067+29099,26.14052561015232,91.68879526209496,tree_cover,Low,26.730865,already vegetated (tree cover) - no action needed
+102067+29100,26.14142392582353,91.68879526222702,tree_cover,Low,26.495117,already vegetated (tree cover) - no action needed
+102067+29101,26.14232224085144,91.6887952620964,tree_cover,Low,25.922485,already vegetated (tree cover) - no action needed
+102067+29102,26.143220556265028,91.6887952619288,tree_cover,Low,25.708496,already vegetated (tree cover) - no action needed
+102067+29103,26.14411887152512,91.6887952619503,tree_cover,Low,25.432343,already vegetated (tree cover) - no action needed
+102067+29104,26.14501718659941,91.68879526193484,tree_cover,Medium,26.333252,already vegetated (tree cover) - no action needed
+102067+29105,26.145915501967103,91.68879526210824,tree_cover,Low,26.598724,already vegetated (tree cover) - no action needed
+102067+29106,26.146813817322823,91.68879526224512,tree_cover,Low,25.865631,already vegetated (tree cover) - no action needed
+102067+29107,26.14771213288913,91.6887952621191,tree_cover,Medium,26.376007,already vegetated (tree cover) - no action needed
+102067+29108,26.14861044771846,91.68879526218176,tree_cover,Medium,26.868011,already vegetated (tree cover) - no action needed
+102067+29109,26.149508763484697,91.68879526220788,tree_cover,Medium,27.200012,already vegetated (tree cover) - no action needed
+102067+29112,26.152203708706665,91.68879526206456,tree_cover,High,28.793243,already vegetated (tree cover) - no action needed
+102067+29113,26.153102024417144,91.68879526216904,tree_cover,Medium,27.176453,already vegetated (tree cover) - no action needed
+102067+29114,26.15400033948109,91.68879526201086,tree_cover,Low,26.426422,already vegetated (tree cover) - no action needed
+102067+29130,26.1683733840092,91.68879526168212,tree_cover,Medium,26.428131,already vegetated (tree cover) - no action needed
+102067+29131,26.16927169983854,91.6887952617994,tree_cover,Medium,27.038849,already vegetated (tree cover) - no action needed
+102067+29134,26.17196664510152,91.68879526192976,tree_cover,Medium,25.83606,already vegetated (tree cover) - no action needed
+102068+29068,26.11267783647965,91.68969357719824,tree_cover,Medium,29.15866,already vegetated (tree cover) - no action needed
+102068+29073,26.117169413119075,91.68969357703769,tree_cover,Medium,27.636688,already vegetated (tree cover) - no action needed
+102068+29076,26.11986435914104,91.68969357695474,tree_cover,Medium,28.537964,already vegetated (tree cover) - no action needed
+102068+29086,26.12884751202696,91.6896935770863,tree_cover,Medium,27.983612,already vegetated (tree cover) - no action needed
+102068+29087,26.12974582681016,91.68969357714673,tree_cover,Medium,27.505402,already vegetated (tree cover) - no action needed
+102068+29088,26.13064414207475,91.68969357694472,tree_cover,Low,27.42035,already vegetated (tree cover) - no action needed
+102068+29089,26.131542457588523,91.68969357693204,tree_cover,Low,27.516968,already vegetated (tree cover) - no action needed
+102068+29090,26.132440772449705,91.68969357710844,tree_cover,Low,27.526947,already vegetated (tree cover) - no action needed
+102068+29091,26.133339088429896,91.6896935772481,tree_cover,Low,27.538727,already vegetated (tree cover) - no action needed
+102068+29092,26.134237403118668,91.68969357712534,tree_cover,Medium,28.484406,already vegetated (tree cover) - no action needed
+102068+29093,26.135135718837542,91.68969357696623,tree_cover,Medium,28.365417,already vegetated (tree cover) - no action needed
+102068+29094,26.13603403421439,91.68969357699623,tree_cover,Medium,28.273651,already vegetated (tree cover) - no action needed
+102068+29095,26.136932348944008,91.6896935769897,tree_cover,Medium,28.556458,already vegetated (tree cover) - no action needed
+102068+29096,26.13783066452146,91.68969357717246,tree_cover,Medium,27.792023,already vegetated (tree cover) - no action needed
+102068+29097,26.138728980029644,91.68969357731848,tree_cover,Low,26.266388,already vegetated (tree cover) - no action needed
+102068+29098,26.13962729507328,91.68969357720206,tree_cover,Low,26.72641,already vegetated (tree cover) - no action needed
+102068+29099,26.14052561014393,91.68969357704913,tree_cover,Medium,27.127197,already vegetated (tree cover) - no action needed
+102068+29100,26.14142392596746,91.68969357708524,tree_cover,Medium,27.061737,already vegetated (tree cover) - no action needed
+102068+29101,26.14232224078379,91.68969357731052,tree_cover,Medium,26.69522,already vegetated (tree cover) - no action needed
+102068+29102,26.143220556167822,91.68969357727356,tree_cover,Low,25.927734,already vegetated (tree cover) - no action needed
+102068+29103,26.14411887158008,91.68969357719963,tree_cover,Low,25.664154,already vegetated (tree cover) - no action needed
+102068+29104,26.145017186624823,91.68969357731484,tree_cover,Medium,26.661102,already vegetated (tree cover) - no action needed
+102068+29106,26.14681381728913,91.6896935769844,tree_cover,Low,26.338257,already vegetated (tree cover) - no action needed
+102068+29107,26.147712132825568,91.68969357698974,tree_cover,Low,26.269684,already vegetated (tree cover) - no action needed
+102068+29108,26.14861044780754,91.6896935769587,tree_cover,Medium,26.647766,already vegetated (tree cover) - no action needed
+102068+29109,26.149508763361872,91.6896935768907,tree_cover,Medium,27.263702,already vegetated (tree cover) - no action needed
+102068+29111,26.151305394112395,91.68969357709705,tree_cover,Medium,27.907562,already vegetated (tree cover) - no action needed
+102068+29112,26.15220370867689,91.68969357691896,tree_cover,Medium,27.723816,already vegetated (tree cover) - no action needed
+102068+29113,26.15310202454017,91.6896935769302,tree_cover,Low,26.36734,already vegetated (tree cover) - no action needed
+102068+29114,26.15400033939224,91.6896935771308,tree_cover,Low,25.407135,already vegetated (tree cover) - no action needed
+102068+29115,26.154898655003493,91.68969357729486,tree_cover,Medium,26.988068,already vegetated (tree cover) - no action needed
+102068+29130,26.168373383991675,91.68969357738123,water,High,25.572968,never-touch land cover (water)
+102068+29131,26.16927169979148,91.68969357718376,tree_cover,High,26.762726,already vegetated (tree cover) - no action needed
+102068+29133,26.17106832996174,91.68969357712972,tree_cover,Medium,26.994873,already vegetated (tree cover) - no action needed
+102068+29134,26.171966645147315,91.68969357704783,tree_cover,Low,25.719116,already vegetated (tree cover) - no action needed
+102068+29135,26.172864960412785,91.68969357715534,water,Medium,22.606598,never-touch land cover (water)
+102069+29073,26.11716941325168,91.69059189266952,tree_cover,Medium,28.442963,already vegetated (tree cover) - no action needed
+102069+29074,26.11806772854576,91.69059189265217,tree_cover,Medium,28.669891,already vegetated (tree cover) - no action needed
+102069+29086,26.128847511959425,91.69059189276976,tree_cover,Medium,28.57901,already vegetated (tree cover) - no action needed
+102069+29087,26.12974582689548,91.69059189273142,tree_cover,Medium,27.89743,already vegetated (tree cover) - no action needed
+102069+29088,26.13064414194848,91.6905918928826,tree_cover,Medium,27.872711,already vegetated (tree cover) - no action needed
+102069+29089,26.131542457614927,91.6905918927714,tree_cover,Medium,28.133331,already vegetated (tree cover) - no action needed
+102069+29090,26.132440772446746,91.69059189262408,tree_cover,Medium,28.177643,already vegetated (tree cover) - no action needed
+102069+29091,26.133339088397395,91.69059189244044,tree_cover,Medium,27.501556,already vegetated (tree cover) - no action needed
+102069+29092,26.134237403056805,91.69059189244612,tree_cover,Medium,28.313202,already vegetated (tree cover) - no action needed
+102069+29093,26.135135718928343,91.6905918926411,tree_cover,Medium,28.704987,already vegetated (tree cover) - no action needed
+102069+29094,26.13603403427565,91.69059189279976,tree_cover,Medium,28.557465,already vegetated (tree cover) - no action needed
+102069+29095,26.13693234897607,91.6905918929221,tree_cover,Medium,28.659271,already vegetated (tree cover) - no action needed
+102069+29096,26.13783066452397,91.69059189278224,tree_cover,Medium,28.710358,already vegetated (tree cover) - no action needed
+102069+29097,26.138728980002792,91.69059189260604,tree_cover,Low,27.014404,already vegetated (tree cover) - no action needed
+102069+29098,26.13962729501673,91.69059189261898,tree_cover,Low,26.707336,already vegetated (tree cover) - no action needed
+102069+29099,26.140525610058344,91.69059189259558,tree_cover,Low,26.992706,already vegetated (tree cover) - no action needed
+102069+29100,26.1414239260342,91.69059189253606,tree_cover,Medium,27.327911,already vegetated (tree cover) - no action needed
+102069+29101,26.14232224082117,91.69059189243998,tree_cover,Low,26.96643,already vegetated (tree cover) - no action needed
+102069+29102,26.143220555993803,91.69059189230738,tree_cover,Low,25.422394,already vegetated (tree cover) - no action needed
+102069+29103,26.1441188717404,91.69059189236432,tree_cover,Low,25.583527,already vegetated (tree cover) - no action needed
+102069+29104,26.14501718675596,91.6905918926108,tree_cover,Medium,26.720062,already vegetated (tree cover) - no action needed
+102069+29105,26.14591550170068,91.69059189259468,tree_cover,Medium,27.228302,already vegetated (tree cover) - no action needed
+102069+29106,26.146813817361195,91.69059189254196,tree_cover,Medium,27.189484,already vegetated (tree cover) - no action needed
+102069+29107,26.14771213286842,91.69059189267928,tree_cover,Low,26.668304,already vegetated (tree cover) - no action needed
+102069+29108,26.14861044763884,91.69059189255412,tree_cover,Low,26.319916,already vegetated (tree cover) - no action needed
+102069+29109,26.14950876352752,91.69059189261831,tree_cover,Medium,27.504425,already vegetated (tree cover) - no action needed
+102069+29112,26.152203708754264,91.69059189259208,tree_cover,Medium,26.783264,already vegetated (tree cover) - no action needed
+102069+29113,26.15310202458801,91.69059189273622,tree_cover,Low,26.180206,already vegetated (tree cover) - no action needed
+102069+29114,26.1540003394107,91.69059189261792,tree_cover,Low,25.739014,already vegetated (tree cover) - no action needed
+102069+29115,26.154898654992767,91.69059189246347,tree_cover,Medium,27.16629,already vegetated (tree cover) - no action needed
+102069+29129,26.16747506853069,91.6905918923422,tree_cover,Medium,26.663055,already vegetated (tree cover) - no action needed
+102069+29130,26.16837338408431,91.69059189254384,tree_cover,Medium,25.575684,already vegetated (tree cover) - no action needed
+102069+29134,26.171966645303986,91.6905918925331,tree_cover,Low,25.805573,already vegetated (tree cover) - no action needed
+102069+29135,26.17286496035794,91.69059189255204,water,Medium,22.906433,never-touch land cover (water)
+102070+29059,26.10459299860949,91.6914902077708,tree_cover,High,28.09024,already vegetated (tree cover) - no action needed
+102070+29082,26.12525425109945,91.6914902077484,tree_cover,High,31.10086,already vegetated (tree cover) - no action needed
+102070+29086,26.12884751181239,91.69149020778762,tree_cover,Medium,28.840973,already vegetated (tree cover) - no action needed
+102070+29087,26.12974582690113,91.69149020765052,tree_cover,Medium,28.25882,already vegetated (tree cover) - no action needed
+102070+29088,26.130644141925103,91.69149020747734,tree_cover,Medium,28.646149,already vegetated (tree cover) - no action needed
+102070+29089,26.13154245756202,91.6914902074939,tree_cover,Medium,28.767365,already vegetated (tree cover) - no action needed
+102070+29090,26.132440772547024,91.6914902077,tree_cover,Medium,28.716888,already vegetated (tree cover) - no action needed
+102070+29091,26.1333390882861,91.69149020787,tree_cover,Medium,27.555939,already vegetated (tree cover) - no action needed
+102070+29092,26.13423740309853,91.69149020777805,tree_cover,Medium,27.864227,already vegetated (tree cover) - no action needed
+102070+29093,26.135135718940543,91.69149020764992,tree_cover,Medium,28.577301,already vegetated (tree cover) - no action needed
+102070+29094,26.136034034258994,91.69149020748574,tree_cover,Medium,28.879303,already vegetated (tree cover) - no action needed
+102070+29095,26.13693234911192,91.69149020751132,tree_cover,Medium,28.841888,already vegetated (tree cover) - no action needed
+102070+29096,26.1378306644486,91.6914902077262,tree_cover,Medium,28.986359,already vegetated (tree cover) - no action needed
+102070+29097,26.138728979898225,91.69149020767912,tree_cover,Medium,27.830353,already vegetated (tree cover) - no action needed
+102070+29098,26.13962729506484,91.69149020759616,tree_cover,Medium,26.974915,already vegetated (tree cover) - no action needed
+102070+29099,26.14052561007709,91.69149020770251,tree_cover,Medium,27.398651,already vegetated (tree cover) - no action needed
+102070+29100,26.141423926023936,91.69149020777256,tree_cover,Medium,27.496246,already vegetated (tree cover) - no action needed
+102070+29101,26.14232224078153,91.69149020780672,tree_cover,Medium,27.393951,already vegetated (tree cover) - no action needed
+102070+29102,26.143220555924817,91.69149020780452,tree_cover,Low,26.498505,already vegetated (tree cover) - no action needed
+102070+29103,26.144118871824418,91.69149020776626,tree_cover,Low,25.847748,already vegetated (tree cover) - no action needed
+102070+29104,26.145017186810605,91.69149020769186,tree_cover,Medium,26.971924,already vegetated (tree cover) - no action needed
+102070+29105,26.145915501725817,91.69149020780702,tree_cover,Medium,27.943146,already vegetated (tree cover) - no action needed
+102070+29106,26.146813817357305,91.69149020788608,tree_cover,Medium,27.69107,already vegetated (tree cover) - no action needed
+102070+29107,26.14771213283535,91.69149020770293,tree_cover,Medium,27.117462,already vegetated (tree cover) - no action needed
+102070+29108,26.14861044757624,91.69149020770934,tree_cover,Medium,26.50705,already vegetated (tree cover) - no action needed
+102070+29109,26.149508763617906,91.69149020767964,tree_cover,Medium,26.911652,already vegetated (tree cover) - no action needed
+102070+29110,26.150407078012343,91.69149020761382,tree_cover,Medium,27.533478,already vegetated (tree cover) - no action needed
+102070+29111,26.151305394068977,91.69149020773756,tree_cover,Medium,27.611115,already vegetated (tree cover) - no action needed
+102070+29112,26.15220370893877,91.691490207825,tree_cover,Medium,27.323547,already vegetated (tree cover) - no action needed
+102070+29113,26.15310202437897,91.69149020765042,tree_cover,Medium,26.887787,already vegetated (tree cover) - no action needed
+102070+29114,26.154000339536505,91.69149020766542,tree_cover,Medium,26.633362,already vegetated (tree cover) - no action needed
+102070+29115,26.154898654907363,91.69149020787,tree_cover,Medium,27.709259,already vegetated (tree cover) - no action needed
+102070+29116,26.15579696999583,91.69149020781256,tree_cover,High,29.212463,already vegetated (tree cover) - no action needed
+102070+29125,26.16388180783805,91.69149020769642,tree_cover,Medium,28.505371,already vegetated (tree cover) - no action needed
+102070+29129,26.16747506858084,91.69149020805732,tree_cover,Medium,26.7518,already vegetated (tree cover) - no action needed
+102070+29130,26.168373383922955,91.69149020771764,tree_cover,Medium,25.442108,already vegetated (tree cover) - no action needed
+102070+29131,26.16927169984603,91.69149020756774,tree_cover,Medium,25.709015,already vegetated (tree cover) - no action needed
+102070+29134,26.17196664538919,91.69149020780424,water,Medium,24.673004,never-touch land cover (water)
+102070+29135,26.17286496041414,91.69149020796092,water,High,21.947693,never-touch land cover (water)
+102071+29059,26.10459299861987,91.69238852296884,tree_cover,Medium,28.60025,already vegetated (tree cover) - no action needed
+102071+29060,26.105491314497176,91.69238852302436,tree_cover,Medium,28.673492,already vegetated (tree cover) - no action needed
+102071+29064,26.109084575473204,91.69238852288856,tree_cover,High,29.969208,already vegetated (tree cover) - no action needed
+102071+29074,26.118067728324668,91.69238852274869,tree_cover,High,29.618591,already vegetated (tree cover) - no action needed
+102071+29076,26.11986435903006,91.69238852287738,tree_cover,High,30.322235,already vegetated (tree cover) - no action needed
+102071+29084,26.12705088119225,91.69238852263312,tree_cover,Medium,28.5253,already vegetated (tree cover) - no action needed
+102071+29086,26.128847511949928,91.69238852249518,tree_cover,Medium,28.455414,already vegetated (tree cover) - no action needed
+102071+29088,26.13064414200444,91.69238852289126,tree_cover,Medium,28.549713,already vegetated (tree cover) - no action needed
+102071+29089,26.131542457612184,91.69238852303538,tree_cover,Medium,28.622864,already vegetated (tree cover) - no action needed
+102071+29090,26.13244077256817,91.69238852291774,tree_cover,Medium,28.459991,already vegetated (tree cover) - no action needed
+102071+29091,26.13333908827806,91.692388522764,tree_cover,Medium,27.630463,already vegetated (tree cover) - no action needed
+102071+29092,26.134237403061643,91.69238852280026,tree_cover,Medium,27.656647,already vegetated (tree cover) - no action needed
+102071+29093,26.13513571887448,91.6923885228006,tree_cover,Medium,28.01355,already vegetated (tree cover) - no action needed
+102071+29094,26.13603403416392,91.69238852276486,tree_cover,Medium,28.46585,already vegetated (tree cover) - no action needed
+102071+29095,26.136932349169705,91.69238852269302,tree_cover,Medium,28.631195,already vegetated (tree cover) - no action needed
+102071+29096,26.13783066447737,91.69238852258547,tree_cover,Medium,28.31009,already vegetated (tree cover) - no action needed
+102071+29097,26.138728979897977,91.69238852266794,tree_cover,Medium,27.462372,already vegetated (tree cover) - no action needed
+102071+29098,26.13962729503558,91.69238852271432,tree_cover,Medium,27.17627,already vegetated (tree cover) - no action needed
+102071+29099,26.14052561020052,91.69238852272476,tree_cover,Medium,27.605011,already vegetated (tree cover) - no action needed
+102071+29101,26.142322240846937,91.69238852263784,tree_cover,Medium,27.295624,already vegetated (tree cover) - no action needed
+102071+29102,26.143220555961207,91.69238852276632,tree_cover,Low,26.650055,already vegetated (tree cover) - no action needed
+102071+29103,26.14411887183179,91.69238852285888,tree_cover,Low,25.603302,already vegetated (tree cover) - no action needed
+102071+29106,26.14681381745933,91.69238852269412,tree_cover,Medium,27.185211,already vegetated (tree cover) - no action needed
+102071+29107,26.147712132726,91.6923885228682,tree_cover,Medium,27.075775,already vegetated (tree cover) - no action needed
+102071+29108,26.14861044762007,91.69238852278048,tree_cover,Medium,26.923615,already vegetated (tree cover) - no action needed
+102071+29109,26.14950876363256,91.69238852288278,tree_cover,Medium,27.042023,already vegetated (tree cover) - no action needed
+102071+29110,26.150407077997983,91.69238852294896,tree_cover,Medium,27.557526,already vegetated (tree cover) - no action needed
+102071+29111,26.15130539420744,91.69238852297926,tree_cover,Medium,27.34018,already vegetated (tree cover) - no action needed
+102071+29113,26.153102024277256,91.69238852293196,tree_cover,Medium,26.903137,already vegetated (tree cover) - no action needed
+102071+29114,26.15400033958761,91.69238852285416,tree_cover,Low,26.3143,already vegetated (tree cover) - no action needed
+102071+29115,26.1548986549293,91.69238852274025,tree_cover,Low,26.437866,already vegetated (tree cover) - no action needed
+102071+29116,26.155796969988923,91.69238852281632,tree_cover,Medium,27.496063,already vegetated (tree cover) - no action needed
+102071+29129,26.16747506855899,91.6923885225581,tree_cover,Medium,26.77713,already vegetated (tree cover) - no action needed
+102071+29130,26.16837338387193,91.69238852280732,tree_cover,Low,25.839722,already vegetated (tree cover) - no action needed
+102071+29131,26.169271699766,91.69238852279452,tree_cover,Low,25.148499,already vegetated (tree cover) - no action needed
+102071+29132,26.170170014838376,91.69238852251948,tree_cover,Low,24.57602,already vegetated (tree cover) - no action needed
+102071+29133,26.171068329760164,91.69238852265995,tree_cover,Low,24.10736,already vegetated (tree cover) - no action needed
+102071+29134,26.17196664540364,91.69238852276474,water,Medium,22.964935,never-touch land cover (water)
+102071+29135,26.17286496039924,91.6923885226075,water,High,21.470184,never-touch land cover (water)
+102072+29086,26.128847512007628,91.6932868383445,tree_cover,Medium,28.34259,already vegetated (tree cover) - no action needed
+102072+29087,26.12974582703817,91.69328683846165,tree_cover,Medium,28.706451,already vegetated (tree cover) - no action needed
+102072+29088,26.130644142004293,91.69328683854312,tree_cover,Medium,28.550568,already vegetated (tree cover) - no action needed
+102072+29089,26.131542457583368,91.69328683836306,tree_cover,Medium,28.56137,already vegetated (tree cover) - no action needed
+102072+29090,26.132440772510343,91.6932868383732,tree_cover,Medium,28.032532,already vegetated (tree cover) - no action needed
+102072+29091,26.13333908819141,91.69328683834767,tree_cover,Medium,27.86612,already vegetated (tree cover) - no action needed
+102072+29092,26.13423740312803,91.69328683828628,tree_cover,Medium,28.123566,already vegetated (tree cover) - no action needed
+102072+29093,26.13513571891219,91.69328683841506,tree_cover,Medium,27.898407,already vegetated (tree cover) - no action needed
+102072+29094,26.13603403417246,91.6932868385082,tree_cover,Medium,28.699432,already vegetated (tree cover) - no action needed
+102072+29095,26.1369323491494,91.69328683856546,tree_cover,Medium,29.385101,already vegetated (tree cover) - no action needed
+102072+29096,26.1378306644284,91.69328683858704,tree_cover,Medium,28.716522,already vegetated (tree cover) - no action needed
+102072+29097,26.13872898000188,91.69328683857276,tree_cover,Medium,27.458588,already vegetated (tree cover) - no action needed
+102072+29098,26.139627294928783,91.69328683852278,tree_cover,Medium,27.19571,already vegetated (tree cover) - no action needed
+102072+29099,26.140525610246915,91.69328683843736,tree_cover,Medium,27.38684,already vegetated (tree cover) - no action needed
+102072+29100,26.141423925953703,91.69328683854172,tree_cover,Medium,26.637726,already vegetated (tree cover) - no action needed
+102072+29101,26.14232224083549,91.69328683861043,tree_cover,Medium,26.647552,already vegetated (tree cover) - no action needed
+102072+29102,26.143220555920763,91.69328683841758,tree_cover,Medium,26.590302,already vegetated (tree cover) - no action needed
+102072+29104,26.145017186508333,91.69328683860188,tree_cover,Low,26.546967,already vegetated (tree cover) - no action needed
+102072+29105,26.14591550172974,91.69328683852748,tree_cover,Low,26.821045,already vegetated (tree cover) - no action needed
+102072+29106,26.14681381766725,91.6932868384172,tree_cover,Low,26.672821,already vegetated (tree cover) - no action needed
+102072+29107,26.14771213254089,91.69328683827146,tree_cover,Medium,26.967407,already vegetated (tree cover) - no action needed
+102072+29108,26.148610447770167,91.69328683831571,tree_cover,Medium,27.071594,already vegetated (tree cover) - no action needed
+102072+29109,26.14950876357165,91.6932868383241,tree_cover,Medium,27.20517,already vegetated (tree cover) - no action needed
+102072+29110,26.150407078090247,91.6932868382968,tree_cover,Medium,27.684235,already vegetated (tree cover) - no action needed
+102072+29111,26.15130539408869,91.69328683823365,tree_cover,Medium,27.442749,already vegetated (tree cover) - no action needed
+102072+29112,26.152203708900657,91.6932868381346,tree_cover,Medium,27.319214,already vegetated (tree cover) - no action needed
+102072+29113,26.15310202446469,91.69328683845166,tree_cover,Medium,26.798065,already vegetated (tree cover) - no action needed
+102072+29114,26.15400033938203,91.69328683850696,tree_cover,Low,25.904022,already vegetated (tree cover) - no action needed
+102072+29115,26.154898654876902,91.69328683830066,tree_cover,Low,25.437347,already vegetated (tree cover) - no action needed
+102072+29116,26.15579697008953,91.6932868382844,tree_cover,Low,26.23819,already vegetated (tree cover) - no action needed
+102072+29127,26.165678438362868,91.69328683822576,tree_cover,Medium,28.588593,already vegetated (tree cover) - no action needed
+102072+29128,26.166576753806105,91.69328683823132,tree_cover,Medium,27.607086,already vegetated (tree cover) - no action needed
+102072+29129,26.16747506864729,91.69328683842696,tree_cover,Medium,26.582886,already vegetated (tree cover) - no action needed
+102072+29130,26.16837338393107,91.69328683836076,tree_cover,Low,26.131287,already vegetated (tree cover) - no action needed
+102072+29131,26.16927169961432,91.69328683825869,tree_cover,Low,25.679749,already vegetated (tree cover) - no action needed
+102072+29132,26.17017001483952,91.69328683834686,tree_cover,Low,24.023376,already vegetated (tree cover) - no action needed
+102072+29133,26.171068329914306,91.69328683839916,tree_cover,Low,23.37439,already vegetated (tree cover) - no action needed
+102072+29134,26.171966645347123,91.69328683841556,water,Medium,22.174103,never-touch land cover (water)
+102072+29135,26.1728649603134,91.69328683839608,water,High,21.289337,never-touch land cover (water)
+102073+29074,26.11806772832248,91.69418515337873,tree_cover,High,30.072662,already vegetated (tree cover) - no action needed
+102073+29083,26.12615256551391,91.69418515361522,tree_cover,Medium,27.98233,already vegetated (tree cover) - no action needed
+102073+29090,26.1324407725556,91.69418515329266,tree_cover,Medium,28.494263,already vegetated (tree cover) - no action needed
+102073+29091,26.13333908820817,91.69418515339513,tree_cover,Medium,28.577301,already vegetated (tree cover) - no action needed
+102073+29092,26.134237403297835,91.69418515368804,tree_cover,Medium,28.677704,already vegetated (tree cover) - no action needed
+102073+29093,26.13513571887146,91.6941851537194,tree_cover,Medium,27.88034,already vegetated (tree cover) - no action needed
+102073+29094,26.13603403410291,91.69418515348946,tree_cover,Medium,28.528503,already vegetated (tree cover) - no action needed
+102073+29095,26.1369323490512,91.69418515322404,tree_cover,Medium,29.50235,already vegetated (tree cover) - no action needed
+102073+29096,26.13783066448341,91.69418515314888,tree_cover,Medium,29.18988,already vegetated (tree cover) - no action needed
+102073+29097,26.138728980028223,91.6941851532641,tree_cover,Medium,28.066956,already vegetated (tree cover) - no action needed
+102073+29098,26.139627294926303,91.6941851533437,tree_cover,Medium,26.866425,already vegetated (tree cover) - no action needed
+102073+29099,26.14052561021595,91.69418515338762,tree_cover,Low,26.865631,already vegetated (tree cover) - no action needed
+102073+29100,26.141423926075777,91.69418515339632,tree_cover,Medium,26.851105,already vegetated (tree cover) - no action needed
+102073+29101,26.142322240747045,91.69418515336936,tree_cover,Medium,26.593536,already vegetated (tree cover) - no action needed
+102073+29102,26.143220555985348,91.6941851535326,tree_cover,Medium,26.399261,already vegetated (tree cover) - no action needed
+102073+29104,26.145017186697803,91.69418515330098,tree_cover,Medium,27.083221,already vegetated (tree cover) - no action needed
+102073+29105,26.145915501708192,91.69418515358376,tree_cover,Low,27.075836,already vegetated (tree cover) - no action needed
+102073+29106,26.146813817617065,91.69418515360503,tree_cover,Low,26.447113,already vegetated (tree cover) - no action needed
+102073+29107,26.14771213246204,91.69418515359062,tree_cover,Low,26.539642,already vegetated (tree cover) - no action needed
+102073+29108,26.148610447844515,91.69418515354076,tree_cover,Medium,27.481659,already vegetated (tree cover) - no action needed
+102073+29109,26.149508763435144,91.69418515345524,tree_cover,Medium,27.7117,already vegetated (tree cover) - no action needed
+102073+29111,26.15130539389472,91.6941851536292,tree_cover,Medium,27.699402,already vegetated (tree cover) - no action needed
+102073+29112,26.15220370885988,91.69418515343692,tree_cover,Medium,27.453094,already vegetated (tree cover) - no action needed
+102073+29113,26.15310202457744,91.69418515320916,tree_cover,Medium,27.332062,already vegetated (tree cover) - no action needed
+102073+29114,26.15400033946579,91.69418515339775,tree_cover,Medium,26.99768,already vegetated (tree cover) - no action needed
+102073+29115,26.15489865475,91.69418515355048,tree_cover,Low,26.589752,already vegetated (tree cover) - no action needed
+102073+29116,26.155796970115645,91.69418515344164,tree_cover,Low,26.892944,already vegetated (tree cover) - no action needed
+102073+29126,26.164780123018083,91.6941851535602,tree_cover,Medium,28.811432,already vegetated (tree cover) - no action needed
+102073+29127,26.165678438254645,91.69418515373786,tree_cover,Medium,28.227936,already vegetated (tree cover) - no action needed
+102073+29128,26.16657675385105,91.69418515365372,tree_cover,Medium,27.644562,already vegetated (tree cover) - no action needed
+102073+29129,26.16747506866325,91.69418515353372,tree_cover,Medium,27.182007,already vegetated (tree cover) - no action needed
+102073+29130,26.168373383918546,91.69418515360417,tree_cover,Medium,26.921478,already vegetated (tree cover) - no action needed
+102073+29131,26.16927169957281,91.69418515363915,tree_cover,Medium,25.793304,already vegetated (tree cover) - no action needed
+102073+29132,26.17017001495136,91.6941851536383,tree_cover,Low,24.038422,already vegetated (tree cover) - no action needed
+102073+29133,26.171068329815323,91.69418515360196,tree_cover,Low,23.229492,already vegetated (tree cover) - no action needed
+102073+29134,26.171966645401152,91.69418515352976,water,Medium,21.709625,never-touch land cover (water)
+102073+29135,26.17286496033877,91.69418515364782,water,High,21.218048,never-touch land cover (water)
+102074+29057,26.102796368133667,91.69508346905816,tree_cover,Medium,27.544464,already vegetated (tree cover) - no action needed
+102074+29063,26.10818625997214,91.69508346898311,tree_cover,Medium,28.75296,already vegetated (tree cover) - no action needed
+102074+29066,26.11088120610461,91.695083469035,tree_cover,High,29.874298,already vegetated (tree cover) - no action needed
+102074+29080,26.1234576197044,91.69508346892673,tree_cover,High,29.476532,already vegetated (tree cover) - no action needed
+102074+29081,26.12435593528984,91.69508346905812,tree_cover,Medium,28.283234,already vegetated (tree cover) - no action needed
+102074+29082,26.12525425090297,91.69508346892847,tree_cover,Medium,27.837158,already vegetated (tree cover) - no action needed
+102074+29083,26.126152565679902,91.69508346876336,tree_cover,Medium,27.380371,already vegetated (tree cover) - no action needed
+102074+29092,26.134237403389207,91.69508346885308,tree_cover,Medium,28.749481,already vegetated (tree cover) - no action needed
+102074+29093,26.135135718752142,91.69508346878702,tree_cover,Medium,28.078186,already vegetated (tree cover) - no action needed
+102074+29094,26.136034034137147,91.6950834689114,tree_cover,Medium,28.38034,already vegetated (tree cover) - no action needed
+102074+29095,26.136932349056963,91.69508346922642,tree_cover,Medium,28.868317,already vegetated (tree cover) - no action needed
+102074+29096,26.13783066446069,91.69508346928056,tree_cover,Medium,28.580505,already vegetated (tree cover) - no action needed
+102074+29097,26.13872897997685,91.69508346907338,tree_cover,Medium,28.101654,already vegetated (tree cover) - no action needed
+102074+29098,26.13962729502833,91.69508346905664,tree_cover,Medium,27.300537,already vegetated (tree cover) - no action needed
+102074+29099,26.14052561010745,91.69508346900469,tree_cover,Medium,27.423676,already vegetated (tree cover) - no action needed
+102074+29100,26.141423926121004,91.69508346891747,tree_cover,Medium,27.389923,already vegetated (tree cover) - no action needed
+102074+29101,26.14232224076329,91.69508346902072,tree_cover,Medium,27.004547,already vegetated (tree cover) - no action needed
+102074+29102,26.14322055615532,91.69508346908854,tree_cover,Medium,26.824402,already vegetated (tree cover) - no action needed
+102074+29103,26.14411887157572,91.69508346912131,tree_cover,Low,26.713043,already vegetated (tree cover) - no action needed
+102074+29104,26.145017186810644,91.69508346911869,tree_cover,Low,27.49881,already vegetated (tree cover) - no action needed
+102074+29105,26.14591550179255,91.6950834690806,tree_cover,Medium,28.675903,already vegetated (tree cover) - no action needed
+102074+29106,26.146813817490752,91.6950834690073,tree_cover,Medium,28.290985,already vegetated (tree cover) - no action needed
+102074+29107,26.1477121324891,91.69508346889856,tree_cover,Low,27.729248,already vegetated (tree cover) - no action needed
+102074+29108,26.148610447843105,91.69508346898024,tree_cover,Medium,28.129059,already vegetated (tree cover) - no action needed
+102074+29111,26.151305393989727,91.69508346878806,tree_cover,Medium,27.866547,already vegetated (tree cover) - no action needed
+102074+29113,26.15310202461516,91.69508346908536,tree_cover,Medium,27.797089,already vegetated (tree cover) - no action needed
+102074+29114,26.15400033947504,91.69508346895503,tree_cover,High,28.458008,already vegetated (tree cover) - no action needed
+102074+29115,26.15489865491244,91.6950834690154,tree_cover,Medium,28.537384,already vegetated (tree cover) - no action needed
+102074+29116,26.15579697006777,91.69508346926642,tree_cover,Medium,28.156128,already vegetated (tree cover) - no action needed
+102074+29128,26.16657675382381,91.69508346883832,tree_cover,Medium,28.10904,already vegetated (tree cover) - no action needed
+102074+29129,26.167475068607366,91.69508346885516,tree_cover,Medium,27.393463,already vegetated (tree cover) - no action needed
+102074+29130,26.16837338401617,91.69508346883654,tree_cover,Medium,27.01358,already vegetated (tree cover) - no action needed
+102074+29131,26.16927169964164,91.6950834690082,tree_cover,Medium,26.097137,already vegetated (tree cover) - no action needed
+102074+29132,26.170170014991708,91.69508346914462,tree_cover,Low,24.119415,already vegetated (tree cover) - no action needed
+102074+29133,26.171068329644893,91.69508346901948,tree_cover,Low,23.035095,already vegetated (tree cover) - no action needed
+102074+29134,26.171966645384227,91.69508346885908,water,Medium,21.846527,never-touch land cover (water)
+102074+29135,26.17286496047519,91.69508346888938,water,High,21.123016,never-touch land cover (water)
+102075+29057,26.10279636804489,91.69598178412176,tree_cover,Medium,27.63739,already vegetated (tree cover) - no action needed
+102075+29079,26.12255930497357,91.69598178404618,tree_cover,High,29.833405,already vegetated (tree cover) - no action needed
+102075+29080,26.123457619693028,91.69598178411252,tree_cover,Medium,29.093536,already vegetated (tree cover) - no action needed
+102075+29081,26.1243559354324,91.69598178414388,tree_cover,Medium,28.02835,already vegetated (tree cover) - no action needed
+102075+29082,26.125254250834995,91.69598178436604,tree_cover,Medium,27.658112,already vegetated (tree cover) - no action needed
+102075+29083,26.12615256558345,91.69598178432716,tree_cover,Medium,27.491394,already vegetated (tree cover) - no action needed
+102075+29085,26.12794919638292,91.69598178414462,tree_cover,Medium,27.852966,already vegetated (tree cover) - no action needed
+102075+29086,26.12884751170278,91.6959817842264,tree_cover,Medium,27.791779,already vegetated (tree cover) - no action needed
+102075+29087,26.129745827011817,91.69598178427314,tree_cover,Medium,27.383057,already vegetated (tree cover) - no action needed
+102075+29088,26.130644141892496,91.6959817842851,tree_cover,Medium,26.966827,already vegetated (tree cover) - no action needed
+102075+29089,26.13154245774988,91.6959817840362,tree_cover,Medium,26.703033,already vegetated (tree cover) - no action needed
+102075+29091,26.13333908800482,91.69598178411032,tree_cover,Medium,27.325531,already vegetated (tree cover) - no action needed
+102075+29093,26.13513571873643,91.69598178427012,tree_cover,Medium,27.516937,already vegetated (tree cover) - no action needed
+102075+29094,26.136034034275166,91.69598178429747,tree_cover,Medium,27.93042,already vegetated (tree cover) - no action needed
+102075+29095,26.13693234898464,91.695981784064,tree_cover,Medium,28.116302,already vegetated (tree cover) - no action needed
+102075+29096,26.137830664542104,91.69598178402116,tree_cover,Medium,28.369598,already vegetated (tree cover) - no action needed
+102075+29097,26.138728979847603,91.69598178416896,tree_cover,Medium,28.68988,already vegetated (tree cover) - no action needed
+102075+29098,26.13962729505314,91.69598178405612,tree_cover,Medium,28.270416,already vegetated (tree cover) - no action needed
+102075+29099,26.140525610103627,91.69598178413412,tree_cover,Medium,28.223358,already vegetated (tree cover) - no action needed
+102075+29100,26.14142392608888,91.69598178417672,tree_cover,Medium,27.270782,already vegetated (tree cover) - no action needed
+102075+29101,26.142322240884727,91.6959817841843,tree_cover,Medium,26.601013,already vegetated (tree cover) - no action needed
+102075+29102,26.14322055606642,91.69598178415688,tree_cover,Medium,27.0195,already vegetated (tree cover) - no action needed
+102075+29103,26.14411887164056,91.69598178409424,tree_cover,Medium,27.17807,already vegetated (tree cover) - no action needed
+102075+29104,26.145017186664816,91.69598178399636,tree_cover,Medium,27.63974,already vegetated (tree cover) - no action needed
+102075+29105,26.14591550180062,91.6959817838635,tree_cover,Medium,28.722626,already vegetated (tree cover) - no action needed
+102075+29106,26.14681381747036,91.69598178392152,tree_cover,Medium,28.751984,already vegetated (tree cover) - no action needed
+102075+29107,26.14771213262242,91.6959817841704,tree_cover,Medium,28.464905,already vegetated (tree cover) - no action needed
+102075+29108,26.148610447765936,91.6959817841584,tree_cover,Medium,28.60559,already vegetated (tree cover) - no action needed
+102075+29113,26.15310202457785,91.69598178424776,tree_cover,Medium,27.573883,already vegetated (tree cover) - no action needed
+102075+29114,26.15400033940959,91.69598178425056,tree_cover,Medium,27.967682,already vegetated (tree cover) - no action needed
+102075+29115,26.15489865500054,91.6959817842183,tree_cover,Medium,28.123383,already vegetated (tree cover) - no action needed
+102075+29116,26.15579697012757,91.69598178415086,tree_cover,Medium,28.163177,already vegetated (tree cover) - no action needed
+102075+29127,26.16567843836708,91.69598178425106,tree_cover,Medium,28.05661,already vegetated (tree cover) - no action needed
+102075+29128,26.1665767537244,91.69598178421342,tree_cover,Medium,28.139313,already vegetated (tree cover) - no action needed
+102075+29129,26.167475068661645,91.69598178414051,tree_cover,Medium,27.246155,already vegetated (tree cover) - no action needed
+102075+29130,26.16837338404181,91.69598178425836,tree_cover,Medium,26.83722,already vegetated (tree cover) - no action needed
+102075+29131,26.16927169963899,91.69598178411523,tree_cover,Medium,26.552399,already vegetated (tree cover) - no action needed
+102075+29132,26.170170014960423,91.69598178393667,tree_cover,Low,24.474823,already vegetated (tree cover) - no action needed
+102075+29133,26.1710683297673,91.69598178417496,tree_cover,Low,23.255707,already vegetated (tree cover) - no action needed
+102075+29134,26.171966645296195,91.69598178437803,tree_cover,Low,22.251434,already vegetated (tree cover) - no action needed
+102075+29135,26.17286496054068,91.69598178431974,water,High,21.146881,never-touch land cover (water)
+102076+29057,26.10279636805351,91.69688009962704,tree_cover,Medium,27.147308,already vegetated (tree cover) - no action needed
+102076+29081,26.12435593531215,91.69688009921968,tree_cover,Medium,28.124237,already vegetated (tree cover) - no action needed
+102076+29082,26.12525425105074,91.69688009911596,tree_cover,Medium,27.373016,already vegetated (tree cover) - no action needed
+102076+29083,26.126152565406795,91.69688009920333,tree_cover,Medium,27.473969,already vegetated (tree cover) - no action needed
+102076+29084,26.12705088115144,91.69688009948192,tree_cover,Medium,27.57605,already vegetated (tree cover) - no action needed
+102076+29085,26.127949196332064,91.69688009949972,tree_cover,Low,27.160248,already vegetated (tree cover) - no action needed
+102076+29086,26.12884751180584,91.69688009948273,tree_cover,Medium,27.754913,already vegetated (tree cover) - no action needed
+102076+29087,26.129745826904703,91.69688009943091,tree_cover,Medium,28.193817,already vegetated (tree cover) - no action needed
+102076+29088,26.130644141939133,91.69688009934396,tree_cover,Low,27.342804,already vegetated (tree cover) - no action needed
+102076+29089,26.131542457586686,91.69688009944824,tree_cover,Low,26.236359,already vegetated (tree cover) - no action needed
+102076+29090,26.13244077258164,91.69688009929212,tree_cover,Low,25.834503,already vegetated (tree cover) - no action needed
+102076+29091,26.13333908814913,91.69688009932683,tree_cover,Low,26.617645,already vegetated (tree cover) - no action needed
+102076+29092,26.134237403336098,91.6968800993268,tree_cover,Low,27.104767,already vegetated (tree cover) - no action needed
+102076+29093,26.135135718824323,91.69688009929176,tree_cover,Medium,26.875305,already vegetated (tree cover) - no action needed
+102076+29094,26.13603403415307,91.69688009922191,tree_cover,Medium,27.271332,already vegetated (tree cover) - no action needed
+102076+29095,26.13693234901612,91.696880099343,tree_cover,Medium,27.118073,already vegetated (tree cover) - no action needed
+102076+29099,26.14052561020464,91.69688009970456,tree_cover,Medium,27.754456,already vegetated (tree cover) - no action needed
+102076+29100,26.141423925797376,91.6968800994256,tree_cover,Medium,26.91922,already vegetated (tree cover) - no action needed
+102076+29101,26.14232224092933,91.69688009911164,tree_cover,Medium,26.596527,already vegetated (tree cover) - no action needed
+102076+29104,26.145017186442523,91.696880099542,tree_cover,Medium,27.789337,already vegetated (tree cover) - no action needed
+102076+29105,26.145915501914416,91.69688009954022,tree_cover,Medium,28.24942,already vegetated (tree cover) - no action needed
+102076+29106,26.14681381737384,91.69688009950367,tree_cover,Medium,28.67691,already vegetated (tree cover) - no action needed
+102076+29107,26.14771213286184,91.69688009943214,tree_cover,Medium,28.476349,already vegetated (tree cover) - no action needed
+102076+29108,26.148610447613013,91.69688009955146,tree_cover,High,28.461945,already vegetated (tree cover) - no action needed
+102076+29111,26.15130539413593,91.69688009947508,tree_cover,Medium,27.608124,already vegetated (tree cover) - no action needed
+102076+29112,26.152203708651665,91.69688009922896,tree_cover,Medium,27.468323,already vegetated (tree cover) - no action needed
+102076+29113,26.15310202446585,91.69688009917392,tree_cover,Medium,27.46753,already vegetated (tree cover) - no action needed
+102076+29121,26.160288547229296,91.69688009928352,tree_cover,Medium,28.401337,already vegetated (tree cover) - no action needed
+102076+29122,26.161186861621182,91.69688009936571,tree_cover,Medium,26.730255,already vegetated (tree cover) - no action needed
+102076+29126,26.16478012289042,91.69688009934583,tree_cover,Medium,27.430481,already vegetated (tree cover) - no action needed
+102076+29127,26.16567843840575,91.6968800994794,tree_cover,Low,27.501862,already vegetated (tree cover) - no action needed
+102076+29128,26.16657675373477,91.69688009957794,tree_cover,Medium,27.94986,already vegetated (tree cover) - no action needed
+102076+29129,26.167475068643743,91.69688009964148,tree_cover,Medium,27.470734,already vegetated (tree cover) - no action needed
+102076+29130,26.16837338399563,91.6968800994441,tree_cover,Medium,27.579376,already vegetated (tree cover) - no action needed
+102076+29131,26.16927169956469,91.69688009943764,tree_cover,Medium,27.147797,already vegetated (tree cover) - no action needed
+102076+29132,26.170170014857675,91.69688009939638,tree_cover,Low,24.937866,already vegetated (tree cover) - no action needed
+102076+29133,26.1710683300004,91.69688009931993,tree_cover,Low,23.717896,already vegetated (tree cover) - no action needed
+102076+29134,26.17196664513687,91.69688009920844,tree_cover,Low,22.466156,already vegetated (tree cover) - no action needed
+102076+29135,26.17286496053523,91.69688009906216,water,High,21.203339,never-touch land cover (water)
+102077+29056,26.10189805329124,91.69777841461516,tree_cover,Low,24.498566,already vegetated (tree cover) - no action needed
+102077+29057,26.102796367977103,91.69777841437208,tree_cover,Low,25.138824,already vegetated (tree cover) - no action needed
+102077+29066,26.110881206463617,91.697778414696,tree_cover,Medium,27.674896,already vegetated (tree cover) - no action needed
+102077+29067,26.11177952122679,91.69777841478518,tree_cover,Medium,27.765594,already vegetated (tree cover) - no action needed
+102077+29069,26.113576152138588,91.69777841463409,tree_cover,Medium,27.668518,already vegetated (tree cover) - no action needed
+102077+29070,26.11447446719069,91.69777841461962,tree_cover,Medium,28.02951,already vegetated (tree cover) - no action needed
+102077+29071,26.11537278241145,91.69777841434497,tree_cover,Medium,28.41803,already vegetated (tree cover) - no action needed
+102077+29072,26.116271097560684,91.69777841426136,tree_cover,High,28.877594,already vegetated (tree cover) - no action needed
+102077+29081,26.124355935293387,91.69777841466367,tree_cover,Medium,27.805573,already vegetated (tree cover) - no action needed
+102077+29082,26.125254251004023,91.69777841468618,tree_cover,Medium,27.158997,already vegetated (tree cover) - no action needed
+102077+29083,26.12615256551418,91.6977784146741,tree_cover,Low,27.046295,already vegetated (tree cover) - no action needed
+102077+29084,26.127050881230875,91.69777841462728,tree_cover,Medium,27.11502,already vegetated (tree cover) - no action needed
+102077+29085,26.127949196019287,91.69777841432,tree_cover,Medium,26.81015,already vegetated (tree cover) - no action needed
+102077+29086,26.12884751201144,91.69777841420404,tree_cover,Medium,27.884674,already vegetated (tree cover) - no action needed
+102077+29087,26.12974582690013,91.69777841450524,tree_cover,Medium,28.604828,already vegetated (tree cover) - no action needed
+102077+29088,26.13064414190645,91.697778414546,tree_cover,Medium,28.067352,already vegetated (tree cover) - no action needed
+102077+29089,26.131542457708264,91.697778414552,tree_cover,Low,26.91095,already vegetated (tree cover) - no action needed
+102077+29090,26.132440772493062,91.69777841474908,tree_cover,Low,26.04367,already vegetated (tree cover) - no action needed
+102077+29091,26.133339088214825,91.69777841468594,tree_cover,Low,26.192627,already vegetated (tree cover) - no action needed
+102077+29092,26.13423740319164,91.69777841458824,tree_cover,Medium,27.349274,already vegetated (tree cover) - no action needed
+102077+29093,26.135135718833777,91.69777841445578,tree_cover,Low,27.004028,already vegetated (tree cover) - no action needed
+102077+29094,26.136034034134752,91.6977784145146,tree_cover,Medium,26.963959,already vegetated (tree cover) - no action needed
+102077+29095,26.13693234915156,91.69777841453887,tree_cover,Low,26.633575,already vegetated (tree cover) - no action needed
+102077+29096,26.137830664470915,91.6977784145284,tree_cover,Medium,26.758942,already vegetated (tree cover) - no action needed
+102077+29097,26.138728979902712,91.69777841470898,tree_cover,Medium,27.693207,already vegetated (tree cover) - no action needed
+102077+29098,26.13962729523353,91.69777841462935,tree_cover,Medium,27.354645,already vegetated (tree cover) - no action needed
+102077+29099,26.140525610046097,91.69777841428906,tree_cover,Low,26.825043,already vegetated (tree cover) - no action needed
+102077+29100,26.14142392579291,91.69777841436576,tree_cover,Low,25.960968,already vegetated (tree cover) - no action needed
+102077+29101,26.14232224089693,91.69777841463396,tree_cover,Medium,25.857666,already vegetated (tree cover) - no action needed
+102077+29107,26.14771213284329,91.69777841461077,tree_cover,Medium,28.153534,already vegetated (tree cover) - no action needed
+102077+29108,26.14861044756636,91.69777841441052,tree_cover,Medium,27.916992,already vegetated (tree cover) - no action needed
+102077+29109,26.149508763407848,91.69777841440116,tree_cover,High,27.963348,already vegetated (tree cover) - no action needed
+102077+29111,26.15130539400512,91.69777841427832,tree_cover,Medium,27.847382,already vegetated (tree cover) - no action needed
+102077+29112,26.15220370867475,91.69777841439075,tree_cover,Medium,28.011505,already vegetated (tree cover) - no action needed
+102077+29114,26.15400033978253,91.69777841451167,tree_cover,Medium,27.183502,already vegetated (tree cover) - no action needed
+102077+29115,26.154898654771053,91.6977784145202,water,Medium,26.086761,never-touch land cover (water)
+102077+29116,26.155796970023875,91.69777841449412,tree_cover,Medium,26.797516,already vegetated (tree cover) - no action needed
+102077+29117,26.15669528557906,91.69777841465898,tree_cover,High,28.811066,already vegetated (tree cover) - no action needed
+102077+29121,26.160288547363912,91.69777841474576,tree_cover,Medium,29.040527,already vegetated (tree cover) - no action needed
+102077+29122,26.16118686154586,91.69777841473716,tree_cover,Medium,27.149567,already vegetated (tree cover) - no action needed
+102077+29123,26.162085177216884,91.69777841469376,tree_cover,Low,26.207184,already vegetated (tree cover) - no action needed
+102077+29124,26.16298349246055,91.69777841461558,tree_cover,Medium,26.274872,already vegetated (tree cover) - no action needed
+102077+29127,26.16567843837205,91.6977784143987,tree_cover,Low,26.923431,already vegetated (tree cover) - no action needed
+102077+29128,26.166576753854955,91.69777841440752,tree_cover,Medium,27.658234,already vegetated (tree cover) - no action needed
+102077+29129,26.16747506855383,91.69777841438156,tree_cover,Medium,27.80069,already vegetated (tree cover) - no action needed
+102077+29130,26.16837338387762,91.6977784143208,tree_cover,Medium,28.632477,already vegetated (tree cover) - no action needed
+102077+29131,26.16927169978254,91.69777841445122,tree_cover,Medium,27.539856,already vegetated (tree cover) - no action needed
+102077+29132,26.17017001468361,91.69777841454685,tree_cover,Low,24.957275,already vegetated (tree cover) - no action needed
+102077+29133,26.17106832998005,91.69777841438196,tree_cover,Low,23.829163,already vegetated (tree cover) - no action needed
+102077+29134,26.171966645088588,91.69777841440823,water,Low,22.337738,never-touch land cover (water)
+102077+29135,26.17286496064082,91.69777841462566,water,High,21.180023,never-touch land cover (water)
+102078+29056,26.101898053157736,91.69867672992989,tree_cover,Low,24.460205,already vegetated (tree cover) - no action needed
+102078+29057,26.102796367997755,91.69867673003304,tree_cover,Low,25.222626,already vegetated (tree cover) - no action needed
+102078+29058,26.103694684313503,91.69867673010184,tree_cover,Medium,26.208221,already vegetated (tree cover) - no action needed
+102078+29066,26.11088120641688,91.698676730322,tree_cover,Medium,27.550354,already vegetated (tree cover) - no action needed
+102078+29067,26.11177952115212,91.69867673008224,tree_cover,Low,27.647675,already vegetated (tree cover) - no action needed
+102078+29068,26.11267783627307,91.69867673025976,tree_cover,Medium,27.349884,already vegetated (tree cover) - no action needed
+102078+29069,26.113576152008378,91.69867673017714,tree_cover,Low,27.058136,already vegetated (tree cover) - no action needed
+102078+29070,26.114474467214933,91.6986767300602,tree_cover,Medium,27.71048,already vegetated (tree cover) - no action needed
+102078+29071,26.11537278222585,91.69867673013472,tree_cover,Medium,28.52713,already vegetated (tree cover) - no action needed
+102078+29072,26.11627109771145,91.69867673017512,tree_cover,High,29.514313,already vegetated (tree cover) - no action needed
+102078+29080,26.12345761972074,91.69867673016404,tree_cover,Medium,28.484589,already vegetated (tree cover) - no action needed
+102078+29081,26.1243559353761,91.69867673012104,tree_cover,Medium,27.929962,already vegetated (tree cover) - no action needed
+102078+29082,26.12525425087692,91.69867673004347,tree_cover,Medium,27.575287,already vegetated (tree cover) - no action needed
+102078+29083,26.12615256554136,91.69867672993156,tree_cover,Medium,27.286224,already vegetated (tree cover) - no action needed
+102078+29084,26.127050881230115,91.69867673001116,tree_cover,Low,26.627167,already vegetated (tree cover) - no action needed
+102078+29085,26.12794919599092,91.69867673028229,tree_cover,Medium,26.508698,already vegetated (tree cover) - no action needed
+102078+29086,26.12884751195514,91.6986767302932,tree_cover,Low,27.311188,already vegetated (tree cover) - no action needed
+102078+29087,26.12974582699828,91.69867673004394,tree_cover,Medium,28.402802,already vegetated (tree cover) - no action needed
+102078+29089,26.13154245775053,91.69867672989388,tree_cover,Medium,27.564545,already vegetated (tree cover) - no action needed
+102078+29090,26.13244077250756,91.6986767297672,tree_cover,Medium,27.023315,already vegetated (tree cover) - no action needed
+102078+29091,26.133339088383764,91.69867673005794,tree_cover,Low,26.385895,already vegetated (tree cover) - no action needed
+102078+29092,26.13423740315043,91.69867673031412,tree_cover,Medium,27.646515,already vegetated (tree cover) - no action needed
+102078+29093,26.13513571876497,91.6986767303101,tree_cover,Medium,27.72702,already vegetated (tree cover) - no action needed
+102078+29094,26.136034034220053,91.69867673027174,tree_cover,Medium,27.49997,already vegetated (tree cover) - no action needed
+102078+29095,26.13693234902705,91.6986767301988,tree_cover,Medium,27.436981,already vegetated (tree cover) - no action needed
+102078+29096,26.13783066450068,91.69867673009176,tree_cover,Medium,27.160187,already vegetated (tree cover) - no action needed
+102078+29097,26.13872897990437,91.69867672995017,tree_cover,Medium,27.73114,already vegetated (tree cover) - no action needed
+102078+29098,26.139627295207763,91.69867672999986,tree_cover,Medium,27.901154,already vegetated (tree cover) - no action needed
+102078+29099,26.140525609992054,91.6986767302411,tree_cover,Medium,27.410126,already vegetated (tree cover) - no action needed
+102078+29100,26.14142392589348,91.69867673022212,tree_cover,Low,26.689148,already vegetated (tree cover) - no action needed
+102078+29101,26.14232224096938,91.6986767301686,tree_cover,Low,26.268066,already vegetated (tree cover) - no action needed
+102078+29102,26.1432205560669,91.69867673008052,tree_cover,Medium,26.892761,already vegetated (tree cover) - no action needed
+102078+29111,26.15130539416328,91.69867673022378,tree_cover,Medium,28.029327,already vegetated (tree cover) - no action needed
+102078+29112,26.1522037086228,91.69867673024316,tree_cover,Medium,28.29834,already vegetated (tree cover) - no action needed
+102078+29113,26.15310202456362,91.698676730228,tree_cover,Medium,27.66446,already vegetated (tree cover) - no action needed
+102078+29114,26.154000339674884,91.69867673017848,tree_cover,Medium,27.658264,already vegetated (tree cover) - no action needed
+102078+29119,26.158491916045868,91.69867673009026,tree_cover,Medium,28.182709,already vegetated (tree cover) - no action needed
+102078+29121,26.16028854724326,91.69867672976852,tree_cover,Medium,29.563446,already vegetated (tree cover) - no action needed
+102078+29122,26.16118686176128,91.69867672989476,tree_cover,Medium,28.22873,already vegetated (tree cover) - no action needed
+102078+29123,26.162085177040385,91.69867672998645,tree_cover,Low,26.362152,already vegetated (tree cover) - no action needed
+102078+29124,26.16298349262011,91.6986767300436,tree_cover,Low,25.848846,already vegetated (tree cover) - no action needed
+102078+29125,26.163881807834308,91.69867673006615,tree_cover,Low,25.88205,already vegetated (tree cover) - no action needed
+102078+29126,26.1647801228067,91.69867673005416,tree_cover,Medium,26.468292,already vegetated (tree cover) - no action needed
+102078+29127,26.165678438265992,91.69867673000786,tree_cover,Low,26.353333,already vegetated (tree cover) - no action needed
+102078+29128,26.16657675390296,91.69867672992696,tree_cover,Low,26.584106,already vegetated (tree cover) - no action needed
+102078+29129,26.16747506857391,91.69867673003742,tree_cover,Medium,27.0643,already vegetated (tree cover) - no action needed
+102078+29130,26.16837338386993,91.69867673011356,tree_cover,Medium,28.236969,already vegetated (tree cover) - no action needed
+102078+29132,26.17017001462008,91.6986767301621,tree_cover,Low,25.200562,already vegetated (tree cover) - no action needed
+102078+29133,26.17106832988858,91.69867673013454,tree_cover,Low,23.733704,already vegetated (tree cover) - no action needed
+102078+29134,26.171966645333,91.69867673029816,water,Medium,22.262756,never-touch land cover (water)
+102078+29135,26.17286496049349,91.69867673020124,water,High,21.171204,never-touch land cover (water)
+102079+29056,26.101898053121115,91.69957504516294,tree_cover,Low,24.660187,already vegetated (tree cover) - no action needed
+102079+29057,26.102796368115783,91.69957504516076,tree_cover,Medium,25.621613,already vegetated (tree cover) - no action needed
+102079+29058,26.103694684221864,91.69957504512465,tree_cover,Medium,26.695343,already vegetated (tree cover) - no action needed
+102079+29059,26.10459299857593,91.69957504528026,tree_cover,Medium,27.074615,already vegetated (tree cover) - no action needed
+102079+29066,26.11088120628672,91.69957504518892,tree_cover,Medium,27.74997,already vegetated (tree cover) - no action needed
+102079+29067,26.111779521176786,91.69957504529783,tree_cover,Medium,27.507812,already vegetated (tree cover) - no action needed
+102079+29068,26.11267783626964,91.69957504514664,tree_cover,Medium,27.44931,already vegetated (tree cover) - no action needed
+102079+29069,26.113576151977668,91.6995750451869,tree_cover,Medium,27.682129,already vegetated (tree cover) - no action needed
+102079+29070,26.11447446733872,91.69957504541932,tree_cover,Medium,28.255157,already vegetated (tree cover) - no action needed
+102079+29071,26.115372782139804,91.69957504539158,tree_cover,Medium,29.035797,already vegetated (tree cover) - no action needed
+102079+29072,26.116271097780213,91.69957504532974,tree_cover,Medium,29.82669,already vegetated (tree cover) - no action needed
+102079+29073,26.1171694129812,91.69957504523376,tree_cover,High,30.931793,already vegetated (tree cover) - no action needed
+102079+29081,26.12435593537841,91.69957504527048,tree_cover,Medium,28.17923,already vegetated (tree cover) - no action needed
+102079+29082,26.12525425085129,91.69957504531912,tree_cover,Low,27.8508,already vegetated (tree cover) - no action needed
+102079+29083,26.126152565488308,91.69957504533345,tree_cover,Low,28.016388,already vegetated (tree cover) - no action needed
+102079+29084,26.12705088133153,91.69957504531384,tree_cover,Low,26.929535,already vegetated (tree cover) - no action needed
+102079+29085,26.127949196064748,91.69957504526016,tree_cover,Low,26.7471,already vegetated (tree cover) - no action needed
+102079+29086,26.12884751181897,91.69957504517188,tree_cover,Medium,27.155304,already vegetated (tree cover) - no action needed
+102079+29087,26.12974582701675,91.69957504527515,tree_cover,Medium,28.119995,already vegetated (tree cover) - no action needed
+102079+29088,26.13064414178566,91.69957504534472,tree_cover,Medium,28.11914,already vegetated (tree cover) - no action needed
+102079+29089,26.13154245771366,91.6995750453802,tree_cover,Medium,27.29712,already vegetated (tree cover) - no action needed
+102079+29090,26.13244077262531,91.69957504560716,tree_cover,Medium,27.66452,already vegetated (tree cover) - no action needed
+102079+29091,26.13333908829154,91.6995750453481,tree_cover,Low,27.070374,already vegetated (tree cover) - no action needed
+102079+29092,26.134237403212826,91.69957504505491,tree_cover,Medium,27.292755,already vegetated (tree cover) - no action needed
+102079+29093,26.135135718799777,91.69957504517951,tree_cover,Medium,27.832123,already vegetated (tree cover) - no action needed
+102079+29094,26.13603403422709,91.69957504526982,tree_cover,Medium,27.676605,already vegetated (tree cover) - no action needed
+102079+29095,26.136932349006504,91.699575045326,tree_cover,Medium,27.587067,already vegetated (tree cover) - no action needed
+102079+29097,26.13872897982831,91.69957504533534,tree_cover,Medium,27.96878,already vegetated (tree cover) - no action needed
+102079+29098,26.13962729528632,91.69957504528873,tree_cover,Medium,28.566986,already vegetated (tree cover) - no action needed
+102079+29099,26.14052561004302,91.6995750452082,tree_cover,Medium,28.022308,already vegetated (tree cover) - no action needed
+102079+29100,26.141423925916687,91.6995750453192,tree_cover,Medium,27.490417,already vegetated (tree cover) - no action needed
+102079+29101,26.14232224096484,91.6995750453959,tree_cover,Medium,26.993896,already vegetated (tree cover) - no action needed
+102079+29102,26.14322055603477,91.69957504543844,tree_cover,Medium,27.503326,already vegetated (tree cover) - no action needed
+102079+29104,26.145017186409813,91.6995750454208,tree_cover,Medium,26.339996,already vegetated (tree cover) - no action needed
+102079+29105,26.14591550179792,91.69957504536056,tree_cover,Medium,26.686798,already vegetated (tree cover) - no action needed
+102079+29106,26.146813817537577,91.6995750452662,tree_cover,Medium,26.628448,already vegetated (tree cover) - no action needed
+102079+29113,26.153102024591053,91.69957504522762,tree_cover,Medium,28.175995,already vegetated (tree cover) - no action needed
+102079+29118,26.15759360111028,91.69957504530215,tree_cover,Medium,28.082123,already vegetated (tree cover) - no action needed
+102079+29119,26.15849191590712,91.6995750454404,tree_cover,Medium,28.093353,already vegetated (tree cover) - no action needed
+102079+29123,26.162085176972624,91.69957504519748,tree_cover,Medium,27.50122,already vegetated (tree cover) - no action needed
+102079+29124,26.162983492707102,91.69957504516422,tree_cover,Low,25.835968,already vegetated (tree cover) - no action needed
+102079+29125,26.163881807711046,91.69957504509664,tree_cover,Low,25.724335,already vegetated (tree cover) - no action needed
+102079+29126,26.16478012302002,91.6995750452204,tree_cover,Low,26.563782,already vegetated (tree cover) - no action needed
+102079+29127,26.16567843826957,91.69957504553597,tree_cover,Medium,26.583405,already vegetated (tree cover) - no action needed
+102079+29128,26.16657675387878,91.69957504559127,tree_cover,Medium,26.39737,already vegetated (tree cover) - no action needed
+102079+29129,26.167475068521977,91.69957504538633,tree_cover,Medium,26.012512,already vegetated (tree cover) - no action needed
+102079+29130,26.16837338397241,91.69957504537297,tree_cover,Low,26.26242,already vegetated (tree cover) - no action needed
+102079+29131,26.169271699821312,91.69957504532525,tree_cover,Low,26.374481,already vegetated (tree cover) - no action needed
+102079+29132,26.170170014667043,91.6995750452432,tree_cover,Low,25.03003,already vegetated (tree cover) - no action needed
+102079+29133,26.171068329907808,91.69957504535292,tree_cover,Low,23.80957,already vegetated (tree cover) - no action needed
+102079+29134,26.171966645324297,91.6995750452024,water,Medium,22.065277,never-touch land cover (water)
+102079+29135,26.17286496045705,91.69957504524326,water,High,21.166595,never-touch land cover (water)
+102080+29056,26.10189805318171,91.70047336086122,tree_cover,Low,23.666687,already vegetated (tree cover) - no action needed
+102080+29057,26.10279636796688,91.7004733607539,tree_cover,Medium,24.904541,already vegetated (tree cover) - no action needed
+102080+29059,26.104592998736187,91.70047336066318,tree_cover,Medium,26.594208,already vegetated (tree cover) - no action needed
+102080+29066,26.110881206255552,91.7004733605215,tree_cover,Medium,27.103424,already vegetated (tree cover) - no action needed
+102080+29067,26.1117795211182,91.70047336030127,tree_cover,Medium,26.755463,already vegetated (tree cover) - no action needed
+102080+29068,26.11267783636536,91.70047336049856,tree_cover,Medium,26.712952,already vegetated (tree cover) - no action needed
+102080+29069,26.11357615204649,91.70047336066236,tree_cover,Low,26.768585,already vegetated (tree cover) - no action needed
+102080+29070,26.11447446737978,91.70047336056626,tree_cover,Low,27.471771,already vegetated (tree cover) - no action needed
+102080+29071,26.11537278215362,91.70047336066207,tree_cover,Low,27.639221,already vegetated (tree cover) - no action needed
+102080+29078,26.121660989158784,91.70047336038398,tree_cover,High,30.679504,already vegetated (tree cover) - no action needed
+102080+29079,26.12255930493697,91.70047336043449,tree_cover,Medium,28.864105,already vegetated (tree cover) - no action needed
+102080+29080,26.12345761988152,91.70047336067692,tree_cover,Medium,28.0419,already vegetated (tree cover) - no action needed
+102080+29081,26.12435593529997,91.7004733606594,tree_cover,Medium,28.337189,already vegetated (tree cover) - no action needed
+102080+29082,26.125254250927668,91.7004733606082,tree_cover,Medium,28.769135,already vegetated (tree cover) - no action needed
+102080+29083,26.12615256553693,91.70047336074896,tree_cover,Medium,28.673767,already vegetated (tree cover) - no action needed
+102080+29084,26.127050881170856,91.70047336062952,tree_cover,Low,27.107208,already vegetated (tree cover) - no action needed
+102080+29085,26.127949196058715,91.70047336047644,tree_cover,Low,26.59613,already vegetated (tree cover) - no action needed
+102080+29086,26.128847511785366,91.70047336051547,tree_cover,Low,27.162506,already vegetated (tree cover) - no action needed
+102080+29087,26.1297458271376,91.70047336052042,tree_cover,Medium,27.682678,already vegetated (tree cover) - no action needed
+102080+29088,26.13064414187944,91.70047336071713,tree_cover,Medium,27.93161,already vegetated (tree cover) - no action needed
+102080+29089,26.13154245759764,91.70047336065406,tree_cover,Medium,27.766754,already vegetated (tree cover) - no action needed
+102080+29090,26.132440772664083,91.70047336033124,tree_cover,Medium,27.660553,already vegetated (tree cover) - no action needed
+102080+29091,26.13333908812052,91.70047336042624,tree_cover,Medium,27.062286,already vegetated (tree cover) - no action needed
+102080+29092,26.134237403196607,91.70047336048712,tree_cover,Low,26.864105,already vegetated (tree cover) - no action needed
+102080+29093,26.13513571893819,91.70047336051412,tree_cover,Medium,27.058441,already vegetated (tree cover) - no action needed
+102080+29094,26.136034034155884,91.7004733605072,tree_cover,Medium,27.25528,already vegetated (tree cover) - no action needed
+102080+29095,26.13693234908992,91.70047336046618,tree_cover,Medium,26.99356,already vegetated (tree cover) - no action needed
+102080+29098,26.139627295105303,91.70047336059145,tree_cover,Medium,28.018646,already vegetated (tree cover) - no action needed
+102080+29099,26.140525610016454,91.70047336041438,tree_cover,Medium,28.026886,already vegetated (tree cover) - no action needed
+102080+29100,26.141423926044737,91.70047336042931,tree_cover,Medium,27.904938,already vegetated (tree cover) - no action needed
+102080+29101,26.142322240883445,91.70047336041053,tree_cover,Medium,27.246674,already vegetated (tree cover) - no action needed
+102080+29103,26.144118871724643,91.70047336027064,tree_cover,Medium,26.971954,already vegetated (tree cover) - no action needed
+102080+29104,26.14501718660992,91.7004733603754,tree_cover,Medium,26.584198,already vegetated (tree cover) - no action needed
+102080+29105,26.14591550178841,91.70047336067216,tree_cover,Low,26.804413,already vegetated (tree cover) - no action needed
+102080+29106,26.146813817500835,91.70047336070913,tree_cover,Low,26.022552,already vegetated (tree cover) - no action needed
+102080+29107,26.14771213269576,91.70047336048609,tree_cover,Medium,26.302246,already vegetated (tree cover) - no action needed
+102080+29119,26.15849191605858,91.70047336057765,tree_cover,Medium,28.072449,already vegetated (tree cover) - no action needed
+102080+29123,26.162085177195955,91.70047336064805,tree_cover,Medium,28.686401,already vegetated (tree cover) - no action needed
+102080+29124,26.16298349253904,91.70047336074992,tree_cover,Low,26.81131,already vegetated (tree cover) - no action needed
+102080+29125,26.16388180769724,91.70047336059172,tree_cover,Low,26.00296,already vegetated (tree cover) - no action needed
+102080+29126,26.16478012316079,91.70047336062557,tree_cover,Low,26.67694,already vegetated (tree cover) - no action needed
+102080+29127,26.165678438200768,91.70047336039931,tree_cover,Medium,27.11081,already vegetated (tree cover) - no action needed
+102080+29128,26.1665767539644,91.70047336036492,tree_cover,Medium,27.38678,already vegetated (tree cover) - no action needed
+102080+29129,26.16747506839804,91.70047336052232,tree_cover,Low,25.651245,already vegetated (tree cover) - no action needed
+102080+29130,26.168373384002884,91.70047336041966,tree_cover,Low,24.796265,already vegetated (tree cover) - no action needed
+102080+29131,26.16927169982421,91.7004733605088,tree_cover,Low,24.586273,already vegetated (tree cover) - no action needed
+102080+29132,26.170170014642377,91.70047336056386,tree_cover,Low,23.593903,already vegetated (tree cover) - no action needed
+102080+29133,26.17106833003772,91.70047336058477,tree_cover,Low,22.949127,already vegetated (tree cover) - no action needed
+102080+29134,26.171966645062668,91.70047336057176,water,High,21.640839,never-touch land cover (water)
+102081+29056,26.101898053339355,91.70137167557488,tree_cover,Low,23.46701,already vegetated (tree cover) - no action needed
+102081+29057,26.10279636791503,91.7013716758134,tree_cover,Medium,25.142303,already vegetated (tree cover) - no action needed
+102081+29067,26.1117795209762,91.70137167589986,tree_cover,Low,26.63327,already vegetated (tree cover) - no action needed
+102081+29068,26.11267783656079,91.70137167576884,tree_cover,Medium,26.628632,already vegetated (tree cover) - no action needed
+102081+29069,26.11357615203227,91.70137167582972,tree_cover,Low,26.790985,already vegetated (tree cover) - no action needed
+102081+29070,26.11447446715641,91.70137167563114,tree_cover,Low,26.13089,already vegetated (tree cover) - no action needed
+102081+29071,26.115372782267148,91.70137167539906,tree_cover,Low,26.584747,already vegetated (tree cover) - no action needed
+102081+29072,26.11627109748844,91.70137167558477,tree_cover,Low,26.396393,already vegetated (tree cover) - no action needed
+102081+29073,26.11716941336337,91.7013716757368,tree_cover,Medium,26.885162,already vegetated (tree cover) - no action needed
+102081+29079,26.12255930501449,91.70137167594186,tree_cover,Medium,29.087189,already vegetated (tree cover) - no action needed
+102081+29080,26.12345761993196,91.70137167585816,tree_cover,Medium,28.35904,already vegetated (tree cover) - no action needed
+102081+29081,26.1243559351408,91.70137167574082,tree_cover,Medium,28.513214,already vegetated (tree cover) - no action needed
+102081+29082,26.125254250923643,91.70137167558954,tree_cover,Medium,29.335358,already vegetated (tree cover) - no action needed
+102081+29084,26.12705088092997,91.70137167563811,tree_cover,Medium,28.270203,already vegetated (tree cover) - no action needed
+102081+29085,26.12794919615469,91.70137167561148,tree_cover,Medium,27.09845,already vegetated (tree cover) - no action needed
+102081+29086,26.12884751185428,91.70137167577698,tree_cover,Medium,27.108398,already vegetated (tree cover) - no action needed
+102081+29087,26.129745826997063,91.70137167568318,tree_cover,Medium,27.149323,already vegetated (tree cover) - no action needed
+102081+29088,26.13064414207559,91.70137167555548,tree_cover,Low,26.753082,already vegetated (tree cover) - no action needed
+102081+29089,26.131542457402634,91.70137167561998,tree_cover,Low,26.632812,already vegetated (tree cover) - no action needed
+102081+29090,26.13244077262372,91.7013716756508,tree_cover,Medium,26.587738,already vegetated (tree cover) - no action needed
+102081+29091,26.133339088235143,91.70137167564792,tree_cover,Medium,27.139313,already vegetated (tree cover) - no action needed
+102081+29092,26.13423740328365,91.70137167583724,tree_cover,Medium,26.934692,already vegetated (tree cover) - no action needed
+102081+29093,26.135135718816127,91.7013716757668,tree_cover,Medium,27.057404,already vegetated (tree cover) - no action needed
+102081+29094,26.13603403418829,91.70137167566249,tree_cover,Medium,27.367065,already vegetated (tree cover) - no action needed
+102081+29097,26.138728979989644,91.70137167559912,tree_cover,Medium,27.015472,already vegetated (tree cover) - no action needed
+102081+29099,26.14052561009439,91.70137167599064,tree_cover,Medium,28.505371,already vegetated (tree cover) - no action needed
+102081+29100,26.14142392591358,91.70137167590968,tree_cover,Medium,28.006195,already vegetated (tree cover) - no action needed
+102081+29101,26.142322240907085,91.70137167579502,tree_cover,Medium,27.184418,already vegetated (tree cover) - no action needed
+102081+29102,26.143220556104065,91.70137167587258,tree_cover,Medium,27.434723,already vegetated (tree cover) - no action needed
+102081+29103,26.14411887169348,91.70137167591623,tree_cover,Medium,27.189789,already vegetated (tree cover) - no action needed
+102081+29104,26.145017186551524,91.70137167570032,tree_cover,Medium,26.64444,already vegetated (tree cover) - no action needed
+102081+29105,26.14591550188464,91.70137167545052,tree_cover,Low,26.58194,already vegetated (tree cover) - no action needed
+102081+29106,26.146813817569832,91.7013716756186,tree_cover,Low,26.12027,already vegetated (tree cover) - no action needed
+102081+29107,26.147712132555505,91.7013716757532,tree_cover,Medium,25.9617,already vegetated (tree cover) - no action needed
+102081+29116,26.15579697019844,91.70137167589355,tree_cover,High,28.659027,already vegetated (tree cover) - no action needed
+102081+29117,26.156695285461804,91.70137167591596,tree_cover,Medium,28.368866,already vegetated (tree cover) - no action needed
+102081+29118,26.157593600848216,91.70137167567836,tree_cover,Medium,28.32373,already vegetated (tree cover) - no action needed
+102081+29119,26.158491916136263,91.70137167540706,tree_cover,Medium,28.042511,already vegetated (tree cover) - no action needed
+102081+29123,26.16208517734638,91.7013716757906,tree_cover,High,29.791534,already vegetated (tree cover) - no action needed
+102081+29124,26.16298349247973,91.70137167580184,tree_cover,Medium,27.896088,already vegetated (tree cover) - no action needed
+102081+29125,26.16388180761104,91.7013716757794,tree_cover,Low,26.124054,already vegetated (tree cover) - no action needed
+102081+29126,26.16478012322885,91.70137167572308,tree_cover,Low,26.576569,already vegetated (tree cover) - no action needed
+102081+29127,26.165678438059444,91.70137167585834,tree_cover,Medium,27.388672,already vegetated (tree cover) - no action needed
+102081+29128,26.166576753977843,91.701371675734,tree_cover,Medium,28.516357,already vegetated (tree cover) - no action needed
+102081+29129,26.167475068566244,91.70137167580212,tree_cover,Medium,26.386383,already vegetated (tree cover) - no action needed
+102081+29130,26.168373383779542,91.7013716758363,tree_cover,Low,25.046173,already vegetated (tree cover) - no action needed
+102081+29131,26.16927169993746,91.70137167561047,tree_cover,Low,24.061096,already vegetated (tree cover) - no action needed
+102081+29132,26.170170014728228,91.7013716758026,tree_cover,Low,23.227142,already vegetated (tree cover) - no action needed
+102081+29133,26.171068329914185,91.70137167573488,water,Medium,22.331818,never-touch land cover (water)
+102081+29134,26.1719666450939,91.7013716756333,water,High,21.484344,never-touch land cover (water)
+102082+29057,26.10279636796057,91.70226999133943,tree_cover,Low,25.05243,already vegetated (tree cover) - no action needed
+102082+29058,26.10369468416751,91.70226999143956,tree_cover,Low,24.786407,already vegetated (tree cover) - no action needed
+102082+29059,26.10459299880369,91.70226999150606,tree_cover,Medium,25.951416,already vegetated (tree cover) - no action needed
+102082+29060,26.105491314191752,91.70226999131349,tree_cover,Low,25.585297,already vegetated (tree cover) - no action needed
+102082+29066,26.11088120630744,91.70226999126248,cropland,Low,26.840363,low priority - no action needed
+102082+29067,26.11177952111544,91.70226999128758,tree_cover,Low,26.164856,already vegetated (tree cover) - no action needed
+102082+29069,26.113576152117226,91.70226999146328,tree_cover,Medium,26.879486,already vegetated (tree cover) - no action needed
+102082+29071,26.11537278229815,91.70226999173094,tree_cover,Medium,27.187897,already vegetated (tree cover) - no action needed
+102082+29072,26.11627109749254,91.70226999158878,tree_cover,Low,26.873962,already vegetated (tree cover) - no action needed
+102082+29073,26.11716941334043,91.7022699914134,tree_cover,Medium,27.365204,already vegetated (tree cover) - no action needed
+102082+29078,26.12166098928736,91.70226999138846,tree_cover,High,30.144531,already vegetated (tree cover) - no action needed
+102082+29079,26.122559305011084,91.70226999123774,tree_cover,Medium,29.593964,already vegetated (tree cover) - no action needed
+102082+29080,26.123457619901668,91.7022699912796,tree_cover,Medium,29.567902,already vegetated (tree cover) - no action needed
+102082+29081,26.124355935083265,91.70226999128802,tree_cover,Medium,28.719513,already vegetated (tree cover) - no action needed
+102082+29082,26.125254251020944,91.7022699914886,tree_cover,Medium,29.022583,already vegetated (tree cover) - no action needed
+102082+29083,26.12615256557609,91.7022699914299,tree_cover,Medium,29.164825,already vegetated (tree cover) - no action needed
+102082+29084,26.127050880973155,91.70226999133772,tree_cover,Medium,28.856354,already vegetated (tree cover) - no action needed
+102082+29085,26.12794919617082,91.70226999143796,tree_cover,Medium,28.538788,already vegetated (tree cover) - no action needed
+102082+29086,26.12884751202557,91.70226999150492,tree_cover,Medium,27.857605,already vegetated (tree cover) - no action needed
+102082+29087,26.129745826777032,91.70226999153824,tree_cover,Medium,27.438751,already vegetated (tree cover) - no action needed
+102082+29088,26.13064414201037,91.70226999131204,tree_cover,Medium,26.980743,already vegetated (tree cover) - no action needed
+102082+29089,26.131542457674616,91.70226999150408,tree_cover,Low,26.679352,already vegetated (tree cover) - no action needed
+102082+29090,26.132440772504392,91.70226999166267,tree_cover,Low,26.423248,already vegetated (tree cover) - no action needed
+102082+29091,26.1333390882708,91.70226999156174,tree_cover,Low,26.783325,already vegetated (tree cover) - no action needed
+102082+29092,26.13423740329225,91.70226999142734,tree_cover,Low,26.896393,already vegetated (tree cover) - no action needed
+102082+29093,26.13513571861547,91.70226999125948,tree_cover,Medium,27.053436,already vegetated (tree cover) - no action needed
+102082+29094,26.13603403432465,91.70226999128404,tree_cover,Medium,27.321411,already vegetated (tree cover) - no action needed
+102082+29095,26.136932349022523,91.7022699912751,tree_cover,Medium,27.330414,already vegetated (tree cover) - no action needed
+102082+29096,26.1378306645684,91.7022699914584,tree_cover,Medium,27.00821,already vegetated (tree cover) - no action needed
+102082+29097,26.1387289798628,91.70226999138237,tree_cover,Medium,26.958038,already vegetated (tree cover) - no action needed
+102082+29098,26.13962729523844,91.70226999127244,tree_cover,Medium,27.414581,already vegetated (tree cover) - no action needed
+102082+29099,26.140525610095303,91.70226999135492,tree_cover,Medium,28.140045,already vegetated (tree cover) - no action needed
+102082+29100,26.1414239258871,91.70226999140417,tree_cover,Medium,28.184875,already vegetated (tree cover) - no action needed
+102082+29102,26.143220556023483,91.70226999117595,tree_cover,Medium,27.738556,already vegetated (tree cover) - no action needed
+102082+29103,26.14411887176769,91.7022699911244,tree_cover,Medium,27.614899,already vegetated (tree cover) - no action needed
+102082+29104,26.14501718659869,91.70226999149092,tree_cover,Medium,26.898865,already vegetated (tree cover) - no action needed
+102082+29105,26.14591550172272,91.70226999159831,tree_cover,Low,26.431427,already vegetated (tree cover) - no action needed
+102082+29106,26.146813817562546,91.70226999122028,tree_cover,Low,25.715546,already vegetated (tree cover) - no action needed
+102082+29107,26.147712132703365,91.70226999126012,tree_cover,Low,25.024567,already vegetated (tree cover) - no action needed
+102082+29110,26.150407078324,91.70226999140478,tree_cover,Medium,27.470062,already vegetated (tree cover) - no action needed
+102082+29114,26.154000339589857,91.70226999150417,tree_cover,Medium,27.695953,already vegetated (tree cover) - no action needed
+102082+29115,26.154898654804857,91.70226999127568,tree_cover,Medium,27.939606,already vegetated (tree cover) - no action needed
+102082+29116,26.15579697010197,91.7022699912394,tree_cover,High,28.528137,already vegetated (tree cover) - no action needed
+102082+29117,26.156695285519792,91.70226999116926,tree_cover,Medium,28.457,already vegetated (tree cover) - no action needed
+102082+29124,26.162983492529683,91.70226999131977,tree_cover,Medium,28.808685,already vegetated (tree cover) - no action needed
+102082+29125,26.16388180763395,91.70226999143264,tree_cover,Medium,27.878662,already vegetated (tree cover) - no action needed
+102082+29126,26.164780123042384,91.70226999128592,tree_cover,Medium,27.28711,already vegetated (tree cover) - no action needed
+102082+29127,26.165678438209746,91.70226999110577,tree_cover,Medium,27.027191,already vegetated (tree cover) - no action needed
+102082+29128,26.16657675391909,91.70226999134375,tree_cover,Medium,27.847412,already vegetated (tree cover) - no action needed
+102082+29129,26.16747506866227,91.70226999132194,tree_cover,Medium,26.364532,already vegetated (tree cover) - no action needed
+102082+29130,26.16837338384853,91.7022699914926,tree_cover,Low,25.062836,already vegetated (tree cover) - no action needed
+102082+29131,26.169271699797065,91.70226999162976,tree_cover,Low,24.3862,already vegetated (tree cover) - no action needed
+102082+29132,26.17017001492459,91.70226999150712,tree_cover,Low,23.532623,already vegetated (tree cover) - no action needed
+102082+29133,26.17106832971936,91.70226999157674,tree_cover,Low,22.903076,already vegetated (tree cover) - no action needed
+102082+29134,26.171966645235987,91.70226999161288,water,Medium,21.617004,never-touch land cover (water)
+102083+29057,26.10279636792141,91.70316830610598,tree_cover,Medium,25.799622,already vegetated (tree cover) - no action needed
+102083+29058,26.10369468428339,91.70316830610098,tree_cover,Medium,25.277863,already vegetated (tree cover) - no action needed
+102083+29059,26.1045929987106,91.70316830606276,tree_cover,Medium,26.411896,already vegetated (tree cover) - no action needed
+102083+29060,26.10549131425403,91.70316830621712,tree_cover,Low,25.604462,already vegetated (tree cover) - no action needed
+102083+29069,26.11357615193772,91.70316830611202,tree_cover,Low,26.414337,already vegetated (tree cover) - no action needed
+102083+29071,26.11537278224696,91.70316830594912,tree_cover,Medium,27.86972,already vegetated (tree cover) - no action needed
+102083+29072,26.116271097596364,91.70316830615656,tree_cover,High,27.888702,already vegetated (tree cover) - no action needed
+102083+29078,26.121660989229884,91.7031683062519,tree_cover,Medium,28.15158,already vegetated (tree cover) - no action needed
+102083+29079,26.12255930492673,91.70316830622671,tree_cover,Medium,28.112244,already vegetated (tree cover) - no action needed
+102083+29080,26.12345761997249,91.70316830616808,tree_cover,Medium,28.212067,already vegetated (tree cover) - no action needed
+102083+29081,26.124355935127213,91.70316830630206,tree_cover,Medium,27.679565,already vegetated (tree cover) - no action needed
+102083+29082,26.125254251038008,91.70316830617716,tree_cover,Medium,28.688568,already vegetated (tree cover) - no action needed
+102083+29083,26.12615256556611,91.70316830624468,tree_cover,Medium,28.961395,already vegetated (tree cover) - no action needed
+102083+29084,26.127050880936466,91.70316830627894,tree_cover,Medium,28.998993,already vegetated (tree cover) - no action needed
+102083+29085,26.1279491962893,91.7031683062802,tree_cover,Medium,29.003418,already vegetated (tree cover) - no action needed
+102083+29086,26.12884751193496,91.7031683062478,tree_cover,Medium,28.512268,already vegetated (tree cover) - no action needed
+102083+29087,26.129745826841585,91.70316830618216,tree_cover,Medium,27.769928,already vegetated (tree cover) - no action needed
+102083+29088,26.130644141866,91.70316830630932,tree_cover,Low,26.976105,already vegetated (tree cover) - no action needed
+102083+29089,26.131542457867287,91.7031683061772,tree_cover,Low,26.43039,already vegetated (tree cover) - no action needed
+102083+29090,26.13244077248814,91.70316830623749,tree_cover,Low,26.541138,already vegetated (tree cover) - no action needed
+102083+29091,26.13333908822767,91.70316830626474,tree_cover,Medium,26.918457,already vegetated (tree cover) - no action needed
+102083+29092,26.13423740322224,91.70316830625876,tree_cover,Low,26.869812,already vegetated (tree cover) - no action needed
+102083+29093,26.13513571870028,91.703168306445,tree_cover,Low,26.928436,already vegetated (tree cover) - no action needed
+102083+29094,26.13603403420089,91.70316830637212,tree_cover,Medium,27.397919,already vegetated (tree cover) - no action needed
+102083+29096,26.137830664572576,91.70316830612688,tree_cover,Medium,26.861969,already vegetated (tree cover) - no action needed
+102083+29097,26.138728979840103,91.70316830617996,tree_cover,Medium,26.96872,already vegetated (tree cover) - no action needed
+102083+29098,26.1396272951887,91.7031683062,tree_cover,Medium,27.598175,already vegetated (tree cover) - no action needed
+102083+29099,26.14052561020072,91.7031683061866,tree_cover,Medium,27.836395,already vegetated (tree cover) - no action needed
+102083+29102,26.14322055604809,91.70316830639784,tree_cover,Medium,27.567657,already vegetated (tree cover) - no action needed
+102083+29103,26.14411887176527,91.70316830647694,tree_cover,Medium,27.48465,already vegetated (tree cover) - no action needed
+102083+29104,26.145017186751403,91.70316830629692,tree_cover,Low,26.8956,already vegetated (tree cover) - no action needed
+102083+29105,26.145915501666547,91.70316830630932,tree_cover,Low,26.563446,already vegetated (tree cover) - no action needed
+102083+29106,26.146813817479163,91.70316830651414,tree_cover,Low,26.015411,already vegetated (tree cover) - no action needed
+102083+29107,26.14771213277512,91.70316830645986,tree_cover,Low,24.948517,already vegetated (tree cover) - no action needed
+102083+29108,26.1486104476978,91.70316830614644,tree_cover,Medium,26.094818,already vegetated (tree cover) - no action needed
+102083+29111,26.151305394007142,91.70316830613513,tree_cover,Medium,27.174103,already vegetated (tree cover) - no action needed
+102083+29113,26.153102024679875,91.70316830633706,tree_cover,Medium,27.35794,already vegetated (tree cover) - no action needed
+102083+29114,26.154000339290977,91.70316830604924,tree_cover,Medium,27.354279,already vegetated (tree cover) - no action needed
+102083+29115,26.15489865502496,91.70316830617996,tree_cover,Medium,27.588348,already vegetated (tree cover) - no action needed
+102083+29121,26.16028854717617,91.70316830603646,tree_cover,Medium,28.583893,already vegetated (tree cover) - no action needed
+102083+29122,26.16118686155721,91.70316830593342,tree_cover,Medium,28.447662,already vegetated (tree cover) - no action needed
+102083+29123,26.162085177245487,91.70316830602265,tree_cover,Medium,28.134003,already vegetated (tree cover) - no action needed
+102083+29124,26.16298349250692,91.7031683060786,tree_cover,Medium,28.352722,already vegetated (tree cover) - no action needed
+102083+29125,26.163881807765787,91.7031683061011,tree_cover,Medium,28.376862,already vegetated (tree cover) - no action needed
+102083+29126,26.16478012296536,91.70316830631586,tree_cover,Medium,27.680878,already vegetated (tree cover) - no action needed
+102083+29127,26.16567843828801,91.7031683064976,tree_cover,Medium,27.0289,already vegetated (tree cover) - no action needed
+102083+29129,26.16747506850413,91.7031683063086,tree_cover,Medium,26.815155,already vegetated (tree cover) - no action needed
+102083+29130,26.1683733840275,91.70316830616385,tree_cover,Low,25.341278,already vegetated (tree cover) - no action needed
+102083+29131,26.169271699767176,91.70316830621177,tree_cover,Low,24.186737,already vegetated (tree cover) - no action needed
+102083+29132,26.17017001486749,91.7031683062264,tree_cover,Low,23.479156,already vegetated (tree cover) - no action needed
+102083+29133,26.171068329817214,91.7031683062074,tree_cover,Low,23.022064,already vegetated (tree cover) - no action needed
+102083+29134,26.171966645124986,91.70316830615492,water,Medium,21.598114,never-touch land cover (water)
+102084+29057,26.102796368161407,91.70406662201654,tree_cover,High,26.927032,already vegetated (tree cover) - no action needed
+102084+29058,26.10369468413249,91.70406662213202,tree_cover,High,26.62854,already vegetated (tree cover) - no action needed
+102084+29060,26.1054913144139,91.70406662203858,tree_cover,Medium,25.928314,already vegetated (tree cover) - no action needed
+102084+29068,26.11267783646673,91.70406662170008,tree_cover,Medium,26.294098,already vegetated (tree cover) - no action needed
+102084+29071,26.115372782295463,91.70406662198832,tree_cover,High,28.468536,already vegetated (tree cover) - no action needed
+102084+29072,26.11627109761817,91.7040666218681,tree_cover,High,28.37619,already vegetated (tree cover) - no action needed
+102084+29080,26.12345761996257,91.70406662174848,tree_cover,Medium,28.050934,already vegetated (tree cover) - no action needed
+102084+29081,26.124355935272643,91.7040666217826,tree_cover,Medium,27.303467,already vegetated (tree cover) - no action needed
+102084+29082,26.125254250974688,91.70406662200934,tree_cover,Medium,26.8685,already vegetated (tree cover) - no action needed
+102084+29083,26.126152565657964,91.70406662197723,tree_cover,Medium,27.401215,already vegetated (tree cover) - no action needed
+102084+29084,26.127050880819738,91.7040666219121,tree_cover,Medium,28.08194,already vegetated (tree cover) - no action needed
+102084+29085,26.127949196327748,91.70406662181377,tree_cover,Medium,28.276611,already vegetated (tree cover) - no action needed
+102084+29086,26.12884751194669,91.70406662190844,tree_cover,Medium,28.167236,already vegetated (tree cover) - no action needed
+102084+29087,26.129745826826632,91.70406662197011,tree_cover,Medium,27.665497,already vegetated (tree cover) - no action needed
+102084+29088,26.1306441420064,91.70406662199856,tree_cover,Medium,27.182098,already vegetated (tree cover) - no action needed
+102084+29089,26.131542457616728,91.704066621994,tree_cover,Low,26.345795,already vegetated (tree cover) - no action needed
+102084+29090,26.132440772574963,91.70406662173056,tree_cover,Low,26.750916,already vegetated (tree cover) - no action needed
+102084+29091,26.133339088287784,91.7040666218856,tree_cover,Low,27.050415,already vegetated (tree cover) - no action needed
+102084+29092,26.134237403255664,91.70406662200764,tree_cover,Medium,27.378448,already vegetated (tree cover) - no action needed
+102084+29093,26.135135718706664,91.7040666218708,tree_cover,Medium,27.664093,already vegetated (tree cover) - no action needed
+102084+29094,26.136034034180742,91.7040666219266,tree_cover,Medium,27.881592,already vegetated (tree cover) - no action needed
+102084+29096,26.137830664498868,91.70406662193912,tree_cover,Low,26.766083,already vegetated (tree cover) - no action needed
+102084+29097,26.138728979921563,91.70406662189563,tree_cover,Medium,26.914886,already vegetated (tree cover) - no action needed
+102084+29098,26.13962729506176,91.70406662181917,tree_cover,Medium,27.578827,already vegetated (tree cover) - no action needed
+102084+29099,26.14052561022877,91.70406662170988,tree_cover,Medium,27.93393,already vegetated (tree cover) - no action needed
+102084+29100,26.14142392596682,91.70406662156712,tree_cover,Medium,27.769684,already vegetated (tree cover) - no action needed
+102084+29101,26.14232224069768,91.70406662161705,tree_cover,Medium,27.3638,already vegetated (tree cover) - no action needed
+102084+29102,26.14322055617774,91.70406662163391,tree_cover,Low,27.35434,already vegetated (tree cover) - no action needed
+102084+29103,26.144118871868383,91.70406662184368,tree_cover,Low,27.345428,already vegetated (tree cover) - no action needed
+102084+29104,26.145017186645624,91.7040666220204,tree_cover,Medium,26.97052,already vegetated (tree cover) - no action needed
+102084+29105,26.14591550171593,91.70406662193804,tree_cover,Medium,26.869171,already vegetated (tree cover) - no action needed
+102084+29106,26.14681381750184,91.70406662182263,tree_cover,Medium,26.625214,already vegetated (tree cover) - no action needed
+102084+29107,26.14771213258892,91.704066621674,tree_cover,Low,25.882935,already vegetated (tree cover) - no action needed
+102084+29108,26.148610447666915,91.704066621718,tree_cover,Low,25.646973,already vegetated (tree cover) - no action needed
+102084+29109,26.14950876349897,91.70406662195492,tree_cover,Low,26.005432,already vegetated (tree cover) - no action needed
+102084+29110,26.150407078230344,91.7040666219327,tree_cover,Medium,26.013367,already vegetated (tree cover) - no action needed
+102084+29111,26.151305394077863,91.70406662187722,tree_cover,Medium,26.197937,already vegetated (tree cover) - no action needed
+102084+29118,26.15759360071946,91.70406662191726,tree_cover,Medium,27.999603,already vegetated (tree cover) - no action needed
+102084+29122,26.16118686151493,91.70406662201684,tree_cover,Medium,28.706024,already vegetated (tree cover) - no action needed
+102084+29123,26.16208517735852,91.70406662201545,tree_cover,Medium,28.036102,already vegetated (tree cover) - no action needed
+102084+29124,26.16298349259308,91.70406662220672,tree_cover,Medium,27.501923,already vegetated (tree cover) - no action needed
+102084+29125,26.163881807643094,91.70406662213884,tree_cover,Medium,27.851776,already vegetated (tree cover) - no action needed
+102084+29126,26.1647801229978,91.70406662181205,tree_cover,Medium,27.930634,already vegetated (tree cover) - no action needed
+102084+29130,26.16837338395248,91.70406662175344,tree_cover,Medium,26.070099,already vegetated (tree cover) - no action needed
+102084+29131,26.169271699847457,91.70406662171206,tree_cover,Low,23.791412,already vegetated (tree cover) - no action needed
+102084+29132,26.170170014739096,91.70406662163768,tree_cover,Low,22.95108,already vegetated (tree cover) - no action needed
+102084+29133,26.171068330025747,91.70406662175618,tree_cover,Low,23.19107,already vegetated (tree cover) - no action needed
+102084+29134,26.171966645124684,91.7040666220672,water,Medium,21.951294,never-touch land cover (water)
+102085+29058,26.103694684078835,91.70496493670386,tree_cover,High,26.966309,already vegetated (tree cover) - no action needed
+102085+29059,26.104592998635407,91.7049649366814,tree_cover,Medium,26.360779,already vegetated (tree cover) - no action needed
+102085+29060,26.10549131448944,91.70496493662638,tree_cover,Medium,26.016968,already vegetated (tree cover) - no action needed
+102085+29068,26.112677836330217,91.70496493681298,tree_cover,Low,26.070038,already vegetated (tree cover) - no action needed
+102085+29069,26.113576152241087,91.70496493668888,tree_cover,Medium,26.462128,already vegetated (tree cover) - no action needed
+102085+29070,26.11447446707564,91.7049649367578,tree_cover,Medium,27.092743,already vegetated (tree cover) - no action needed
+102085+29074,26.11806772853784,91.70496493670564,tree_cover,Medium,27.247833,already vegetated (tree cover) - no action needed
+102085+29079,26.12255930487936,91.70496493680552,tree_cover,Medium,26.74582,already vegetated (tree cover) - no action needed
+102085+29080,26.123457619871893,91.704964936998,tree_cover,Medium,27.363373,already vegetated (tree cover) - no action needed
+102085+29081,26.12435593515545,91.704964936706,tree_cover,Medium,26.931732,already vegetated (tree cover) - no action needed
+102085+29082,26.12525425101301,91.70496493638144,tree_cover,Medium,26.47879,already vegetated (tree cover) - no action needed
+102085+29083,26.12615256566977,91.70496493647572,tree_cover,Medium,26.995514,already vegetated (tree cover) - no action needed
+102085+29084,26.127050880986907,91.70496493676288,tree_cover,Medium,28.067047,already vegetated (tree cover) - no action needed
+102085+29085,26.12794919610429,91.7049649367914,tree_cover,Medium,28.623444,already vegetated (tree cover) - no action needed
+102085+29086,26.12884751206082,91.70496493656104,tree_cover,Medium,28.147552,already vegetated (tree cover) - no action needed
+102085+29087,26.129745826914053,91.70496493674942,tree_cover,Medium,26.95401,already vegetated (tree cover) - no action needed
+102085+29088,26.130644141885423,91.70496493667932,tree_cover,Medium,26.137573,already vegetated (tree cover) - no action needed
+102085+29089,26.1315424576511,91.70496493657647,tree_cover,Medium,25.748932,already vegetated (tree cover) - no action needed
+102085+29090,26.132440772582992,91.70496493689252,tree_cover,Medium,25.807495,already vegetated (tree cover) - no action needed
+102085+29091,26.133339088268954,91.70496493672404,tree_cover,Medium,27.13736,already vegetated (tree cover) - no action needed
+102085+29092,26.13423740321031,91.70496493652236,tree_cover,Medium,27.173431,already vegetated (tree cover) - no action needed
+102085+29093,26.135135718817,91.7049649367398,tree_cover,Medium,27.974945,already vegetated (tree cover) - no action needed
+102085+29094,26.136034034264213,91.70496493692448,tree_cover,Medium,28.146881,already vegetated (tree cover) - no action needed
+102085+29095,26.13693234888198,91.70496493685026,tree_cover,Medium,27.582428,already vegetated (tree cover) - no action needed
+102085+29096,26.13783066452929,91.70496493674324,tree_cover,Low,26.111786,already vegetated (tree cover) - no action needed
+102085+29097,26.138728979925293,91.7049649368291,tree_cover,Low,26.089691,already vegetated (tree cover) - no action needed
+102085+29098,26.139627295038967,91.70496493688196,tree_cover,Medium,26.670502,already vegetated (tree cover) - no action needed
+102085+29099,26.14052561017963,91.704964936902,tree_cover,Medium,27.029724,already vegetated (tree cover) - no action needed
+102085+29101,26.142322240777187,91.70496493684392,tree_cover,Medium,27.713562,already vegetated (tree cover) - no action needed
+102085+29102,26.14322055623056,91.70496493699125,tree_cover,Low,27.406433,already vegetated (tree cover) - no action needed
+102085+29103,26.14411887189485,91.70496493687988,tree_cover,Medium,27.345856,already vegetated (tree cover) - no action needed
+102085+29104,26.145017186463217,91.70496493650964,tree_cover,Medium,26.857513,already vegetated (tree cover) - no action needed
+102085+29105,26.14591550187104,91.70496493655814,tree_cover,Low,26.55893,already vegetated (tree cover) - no action needed
+102085+29106,26.146813817448585,91.70496493679994,tree_cover,Medium,26.535553,already vegetated (tree cover) - no action needed
+102085+29107,26.1477121325088,91.70496493678306,tree_cover,Low,26.562042,already vegetated (tree cover) - no action needed
+102085+29108,26.148610447742143,91.70496493673296,tree_cover,Low,26.332672,already vegetated (tree cover) - no action needed
+102085+29109,26.14950876354767,91.70496493664984,tree_cover,Low,25.959015,already vegetated (tree cover) - no action needed
+102085+29110,26.15040707825235,91.70496493675984,tree_cover,Low,25.789825,already vegetated (tree cover) - no action needed
+102085+29111,26.151305394073347,91.70496493683702,tree_cover,Low,25.73523,already vegetated (tree cover) - no action needed
+102085+29112,26.152203708706857,91.70496493688118,tree_cover,Low,25.426605,already vegetated (tree cover) - no action needed
+102085+29113,26.15310202445731,91.70496493689234,tree_cover,Low,25.299469,already vegetated (tree cover) - no action needed
+102085+29114,26.154000339560884,91.7049649366448,tree_cover,Medium,26.135345,already vegetated (tree cover) - no action needed
+102085+29115,26.15489865487746,91.70496493659014,tree_cover,Medium,27.227448,already vegetated (tree cover) - no action needed
+102085+29117,26.156695285431542,91.70496493683382,tree_cover,Medium,27.680573,already vegetated (tree cover) - no action needed
+102085+29118,26.157593600892493,91.70496493690624,tree_cover,Medium,27.244965,already vegetated (tree cover) - no action needed
+102085+29119,26.158491916072727,91.70496493671996,tree_cover,Medium,27.399384,already vegetated (tree cover) - no action needed
+102085+29122,26.161186861581392,91.70496493664052,tree_cover,Medium,29.698944,already vegetated (tree cover) - no action needed
+102085+29123,26.162085177398623,91.7049649367742,tree_cover,Medium,29.158356,already vegetated (tree cover) - no action needed
+102085+29124,26.162983492606163,91.70496493664898,tree_cover,Medium,27.670471,already vegetated (tree cover) - no action needed
+102085+29125,26.163881807629668,91.70496493671642,tree_cover,Medium,27.350983,already vegetated (tree cover) - no action needed
+102085+29126,26.16478012295785,91.704964936977,tree_cover,Medium,27.652374,already vegetated (tree cover) - no action needed
+102085+29127,26.165678438226795,91.70496493697864,tree_cover,Medium,27.876068,already vegetated (tree cover) - no action needed
+102085+29131,26.169271699855923,91.70496493688158,tree_cover,Low,23.854065,already vegetated (tree cover) - no action needed
+102085+29132,26.170170014721048,91.70496493694408,tree_cover,Low,22.989685,already vegetated (tree cover) - no action needed
+102085+29133,26.17106832998102,91.7049649367476,tree_cover,Low,23.251404,already vegetated (tree cover) - no action needed
+102085+29134,26.171966645235248,91.70496493651834,water,Medium,22.282654,never-touch land cover (water)
+102086+29058,26.10369468412275,91.70586325224188,tree_cover,High,26.91629,already vegetated (tree cover) - no action needed
+102086+29059,26.1045929986528,91.70586325234036,tree_cover,Medium,26.174438,already vegetated (tree cover) - no action needed
+102086+29060,26.105491314480822,91.70586325240625,tree_cover,Medium,26.207855,already vegetated (tree cover) - no action needed
+102086+29067,26.111779521206145,91.70586325240936,tree_cover,Low,25.631805,already vegetated (tree cover) - no action needed
+102086+29068,26.112677836293056,91.70586325244092,cropland,Low,25.733337,low priority - no action needed
+102086+29069,26.113576152177234,91.70586325243974,tree_cover,Medium,26.055573,already vegetated (tree cover) - no action needed
+102086+29079,26.12255930491633,91.70586325244456,tree_cover,Medium,26.854156,already vegetated (tree cover) - no action needed
+102086+29080,26.12345761988252,91.70586325231112,tree_cover,Medium,26.347443,already vegetated (tree cover) - no action needed
+102086+29081,26.124355935139555,91.7058632525966,tree_cover,Medium,25.9469,already vegetated (tree cover) - no action needed
+102086+29082,26.12525425097096,91.7058632528493,tree_cover,Medium,25.734222,already vegetated (tree cover) - no action needed
+102086+29083,26.126152565601355,91.70586325261792,tree_cover,Low,25.743317,already vegetated (tree cover) - no action needed
+102086+29084,26.127050881074027,91.705863252354,tree_cover,Medium,27.79184,already vegetated (tree cover) - no action needed
+102086+29085,26.12794919616508,91.70586325250896,tree_cover,High,28.929657,already vegetated (tree cover) - no action needed
+102086+29086,26.128847511913204,91.7058632526316,tree_cover,High,28.652863,already vegetated (tree cover) - no action needed
+102086+29087,26.12974582710402,91.70586325249576,tree_cover,Medium,27.22464,already vegetated (tree cover) - no action needed
+102086+29088,26.13064414168512,91.70586325255304,tree_cover,Medium,26.394287,already vegetated (tree cover) - no action needed
+102086+29089,26.131542457788377,91.7058632525777,tree_cover,Medium,26.051544,already vegetated (tree cover) - no action needed
+102086+29090,26.13244077251187,91.70586325234376,tree_cover,Medium,26.188995,already vegetated (tree cover) - no action needed
+102086+29091,26.1333390881715,91.70586325230308,tree_cover,Medium,26.607178,already vegetated (tree cover) - no action needed
+102086+29092,26.13423740326838,91.70586325245588,tree_cover,Medium,26.546692,already vegetated (tree cover) - no action needed
+102086+29093,26.13513571884872,91.70586325234984,tree_cover,Medium,26.378082,already vegetated (tree cover) - no action needed
+102086+29094,26.13603403426959,91.70586325221124,tree_cover,Medium,26.38205,already vegetated (tree cover) - no action needed
+102086+29095,26.136932349042898,91.70586325249177,tree_cover,Medium,27.616913,already vegetated (tree cover) - no action needed
+102086+29096,26.137830664481807,91.70586325273952,tree_cover,Low,26.48294,already vegetated (tree cover) - no action needed
+102086+29097,26.13872897985148,91.70586325250318,tree_cover,Low,26.005676,already vegetated (tree cover) - no action needed
+102086+29098,26.1396272951205,91.7058632524599,tree_cover,Low,25.649628,already vegetated (tree cover) - no action needed
+102086+29099,26.140525610235,91.70586325260976,tree_cover,Low,25.932465,already vegetated (tree cover) - no action needed
+102086+29100,26.14142392573781,91.7058632525011,tree_cover,Medium,26.64447,already vegetated (tree cover) - no action needed
+102086+29101,26.14232224077952,91.70586325235968,tree_cover,Medium,27.063263,already vegetated (tree cover) - no action needed
+102086+29102,26.143220556206725,91.70586325218568,tree_cover,Medium,27.40622,already vegetated (tree cover) - no action needed
+102086+29103,26.144118871844512,91.705863252205,tree_cover,Medium,27.516876,already vegetated (tree cover) - no action needed
+102086+29104,26.14501718638636,91.7058632524174,tree_cover,Medium,27.06305,already vegetated (tree cover) - no action needed
+102086+29105,26.145915501949865,91.70586325237132,tree_cover,Low,26.25647,already vegetated (tree cover) - no action needed
+102086+29106,26.146813817501062,91.70586325229247,tree_cover,Low,26.57779,already vegetated (tree cover) - no action needed
+102086+29107,26.14771213253477,91.70586325240671,tree_cover,Medium,27.005646,already vegetated (tree cover) - no action needed
+102086+29108,26.148610447741603,91.70586325248838,tree_cover,Medium,27.123627,already vegetated (tree cover) - no action needed
+102086+29109,26.14950876352079,91.70586325253748,tree_cover,Low,26.306183,already vegetated (tree cover) - no action needed
+102086+29110,26.15040707838116,91.705863252554,tree_cover,Low,26.100983,already vegetated (tree cover) - no action needed
+102086+29111,26.15130539399346,91.7058632525375,tree_cover,Low,26.690277,already vegetated (tree cover) - no action needed
+102086+29112,26.152203708782803,91.70586325248844,tree_cover,Low,25.775726,already vegetated (tree cover) - no action needed
+102086+29113,26.15310202432456,91.7058632524068,tree_cover,Low,24.77707,already vegetated (tree cover) - no action needed
+102086+29114,26.154000339583806,91.70586325251804,tree_cover,Low,25.190948,already vegetated (tree cover) - no action needed
+102086+29115,26.154898654873712,91.70586325259649,tree_cover,Medium,26.547882,already vegetated (tree cover) - no action needed
+102086+29116,26.15579697024591,91.70586325241646,tree_cover,Medium,27.449738,already vegetated (tree cover) - no action needed
+102086+29117,26.156695285557127,91.70586325242976,tree_cover,Medium,27.236847,already vegetated (tree cover) - no action needed
+102086+29118,26.157593600809555,91.70586325241024,tree_cover,Medium,27.155487,already vegetated (tree cover) - no action needed
+102086+29119,26.158491915963456,91.70586325235796,tree_cover,Medium,27.266144,already vegetated (tree cover) - no action needed
+102086+29123,26.16208517718333,91.70586325249948,tree_cover,Medium,29.360596,already vegetated (tree cover) - no action needed
+102086+29126,26.164780123027192,91.70586325220498,tree_cover,Medium,27.355377,already vegetated (tree cover) - no action needed
+102086+29131,26.169271699792905,91.70586325233964,tree_cover,Low,24.047394,already vegetated (tree cover) - no action needed
+102086+29132,26.170170014813337,91.70586325231348,tree_cover,Low,23.237274,already vegetated (tree cover) - no action needed
+102086+29133,26.17106832986499,91.70586325248048,tree_cover,Low,23.561615,already vegetated (tree cover) - no action needed
+102086+29134,26.171966645274534,91.70586325261448,water,Medium,24.813446,never-touch land cover (water)
+102087+29059,26.104592998767767,91.70676156744344,tree_cover,Medium,26.12439,already vegetated (tree cover) - no action needed
+102087+29060,26.10549131438788,91.70676156740488,tree_cover,Medium,26.523468,already vegetated (tree cover) - no action needed
+102087+29062,26.107287945679595,91.70676156745628,tree_cover,High,28.017395,already vegetated (tree cover) - no action needed
+102087+29067,26.11177952129416,91.70676156735811,tree_cover,Low,26.061096,already vegetated (tree cover) - no action needed
+102087+29068,26.11267783635489,91.7067615675124,tree_cover,Medium,25.97348,already vegetated (tree cover) - no action needed
+102087+29075,26.118966043514583,91.70676156723594,tree_cover,Medium,27.433685,already vegetated (tree cover) - no action needed
+102087+29077,26.120762673806368,91.70676156744663,tree_cover,Medium,26.936005,already vegetated (tree cover) - no action needed
+102087+29078,26.12166098928144,91.70676156727762,tree_cover,Medium,26.456818,already vegetated (tree cover) - no action needed
+102087+29079,26.12255930487238,91.70676156730188,tree_cover,Medium,26.653412,already vegetated (tree cover) - no action needed
+102087+29080,26.123457619994458,91.70676156751962,tree_cover,Medium,26.133575,already vegetated (tree cover) - no action needed
+102087+29081,26.124355935225147,91.7067615674792,tree_cover,Medium,25.98758,already vegetated (tree cover) - no action needed
+102087+29082,26.12525425084832,91.70676156718056,tree_cover,Low,25.851349,already vegetated (tree cover) - no action needed
+102087+29083,26.12615256563478,91.70676156730126,tree_cover,Low,25.45102,already vegetated (tree cover) - no action needed
+102087+29084,26.127050881081114,91.70676156761544,tree_cover,Low,25.749908,already vegetated (tree cover) - no action needed
+102087+29085,26.127949196146,91.7067615674456,tree_cover,Medium,27.12387,already vegetated (tree cover) - no action needed
+102087+29086,26.1288475118678,91.70676156724296,tree_cover,Medium,27.214935,already vegetated (tree cover) - no action needed
+102087+29087,26.12974582703277,91.70676156723404,tree_cover,Low,26.113678,already vegetated (tree cover) - no action needed
+102087+29088,26.130644141769245,91.7067615671928,tree_cover,Low,25.433136,already vegetated (tree cover) - no action needed
+102087+29089,26.13154245766463,91.70676156711896,tree_cover,Medium,26.42453,already vegetated (tree cover) - no action needed
+102087+29090,26.132440772543664,91.7067615672388,tree_cover,Medium,26.588806,already vegetated (tree cover) - no action needed
+102087+29091,26.133339088359328,91.706761567552,tree_cover,Medium,26.583893,already vegetated (tree cover) - no action needed
+102087+29092,26.13423740324784,91.70676156760672,tree_cover,Medium,26.693817,already vegetated (tree cover) - no action needed
+102087+29093,26.13513571861997,91.70676156740348,tree_cover,Low,26.389679,already vegetated (tree cover) - no action needed
+102087+29094,26.13603403437876,91.70676156739374,tree_cover,Low,26.338074,already vegetated (tree cover) - no action needed
+102087+29095,26.13693234912556,91.7067615673512,tree_cover,Medium,26.299286,already vegetated (tree cover) - no action needed
+102087+29096,26.13783066453848,91.70676156727636,tree_cover,Medium,26.518677,already vegetated (tree cover) - no action needed
+102087+29097,26.13872897969994,91.70676156739498,tree_cover,Low,26.52185,already vegetated (tree cover) - no action needed
+102087+29098,26.139627295124672,91.70676156725536,tree_cover,Low,25.784882,already vegetated (tree cover) - no action needed
+102087+29099,26.140525610212823,91.70676156708322,tree_cover,Low,25.409698,already vegetated (tree cover) - no action needed
+102087+29100,26.141423925871685,91.70676156733045,tree_cover,Low,25.50418,already vegetated (tree cover) - no action needed
+102087+29101,26.14232224070485,91.70676156754531,tree_cover,Medium,26.00766,already vegetated (tree cover) - no action needed
+102087+29102,26.14322055610607,91.70676156750176,tree_cover,Medium,26.928894,already vegetated (tree cover) - no action needed
+102087+29103,26.144118871899547,91.70676156742586,tree_cover,Medium,27.526764,already vegetated (tree cover) - no action needed
+102087+29104,26.14501718659708,91.70676156754324,tree_cover,Low,27.125763,already vegetated (tree cover) - no action needed
+102087+29105,26.14591550177037,91.70676156762808,tree_cover,Low,26.388306,already vegetated (tree cover) - no action needed
+102087+29106,26.14681381747727,91.70676156745463,tree_cover,Medium,26.960785,already vegetated (tree cover) - no action needed
+102087+29107,26.147712132666832,91.70676156747476,tree_cover,Medium,27.169647,already vegetated (tree cover) - no action needed
+102087+29108,26.14861044766532,91.7067615674623,tree_cover,Medium,27.217499,already vegetated (tree cover) - no action needed
+102087+29109,26.149508763600355,91.70676156741727,tree_cover,Low,26.490082,already vegetated (tree cover) - no action needed
+102087+29110,26.150407078252368,91.70676156733968,tree_cover,Medium,26.735138,already vegetated (tree cover) - no action needed
+102087+29111,26.15130539402035,91.70676156722972,tree_cover,Medium,27.691498,already vegetated (tree cover) - no action needed
+102087+29112,26.15220370878371,91.70676156731332,tree_cover,Medium,27.24707,already vegetated (tree cover) - no action needed
+102087+29113,26.153102024298967,91.70676156736432,tree_cover,Low,25.51947,already vegetated (tree cover) - no action needed
+102087+29114,26.154000339714063,91.70676156738298,tree_cover,Low,24.564545,already vegetated (tree cover) - no action needed
+102087+29115,26.154898654795456,91.70676156736906,tree_cover,Medium,25.778625,already vegetated (tree cover) - no action needed
+102087+29116,26.15579697014165,91.70676156732256,tree_cover,Medium,26.758606,already vegetated (tree cover) - no action needed
+102087+29117,26.156695285608382,91.7067615672435,tree_cover,Medium,27.106476,already vegetated (tree cover) - no action needed
+102087+29118,26.157593600834826,91.706761567358,tree_cover,Medium,27.441376,already vegetated (tree cover) - no action needed
+102087+29119,26.15849191596222,91.70676156744013,tree_cover,Medium,27.20752,already vegetated (tree cover) - no action needed
+102087+29120,26.15939023103178,91.70676156748948,tree_cover,Medium,27.535645,already vegetated (tree cover) - no action needed
+102087+29122,26.16118686167688,91.70676156726472,tree_cover,High,29.361511,already vegetated (tree cover) - no action needed
+102087+29123,26.16208517707678,91.70676156721656,tree_cover,Medium,29.152618,already vegetated (tree cover) - no action needed
+102087+29124,26.162983492595817,91.70676156736154,tree_cover,Medium,28.281097,already vegetated (tree cover) - no action needed
+102087+29130,26.16837338402476,91.70676156732418,tree_cover,Low,25.28714,already vegetated (tree cover) - no action needed
+102087+29131,26.16927169965824,91.70676156746748,tree_cover,Low,24.063751,already vegetated (tree cover) - no action needed
+102087+29132,26.17017001483416,91.70676156735227,tree_cover,Low,23.580353,already vegetated (tree cover) - no action needed
+102087+29133,26.17106832985966,91.70676156720452,tree_cover,Low,24.304169,already vegetated (tree cover) - no action needed
+102087+29134,26.17196664542468,91.70676156725033,water,High,26.638092,never-touch land cover (water)
+102088+29067,26.11177952129909,91.70765988299976,tree_cover,Medium,26.171906,already vegetated (tree cover) - no action needed
+102088+29068,26.11267783633384,91.7076598828255,tree_cover,Medium,26.301178,already vegetated (tree cover) - no action needed
+102088+29069,26.113576151983786,91.70765988284472,tree_cover,Medium,27.309845,already vegetated (tree cover) - no action needed
+102088+29077,26.120762673733463,91.70765988319766,tree_cover,Medium,27.006348,already vegetated (tree cover) - no action needed
+102088+29078,26.12166098918254,91.70765988315354,tree_cover,Medium,26.438202,already vegetated (tree cover) - no action needed
+102088+29079,26.122559304929368,91.70765988307733,tree_cover,Medium,26.395416,already vegetated (tree cover) - no action needed
+102088+29080,26.123457620025462,91.70765988296873,tree_cover,Low,25.977325,already vegetated (tree cover) - no action needed
+102088+29081,26.12435593504845,91.70765988282844,tree_cover,Medium,25.943817,already vegetated (tree cover) - no action needed
+102088+29082,26.125254251009405,91.70765988310768,tree_cover,Medium,26.494904,already vegetated (tree cover) - no action needed
+102088+29083,26.126152565587823,91.70765988312856,tree_cover,Low,24.851776,already vegetated (tree cover) - no action needed
+102088+29084,26.12705088119021,91.70765988289143,tree_cover,Low,24.491058,already vegetated (tree cover) - no action needed
+102088+29085,26.127949196047048,91.7076598830739,tree_cover,Low,25.16623,already vegetated (tree cover) - no action needed
+102088+29086,26.128847511924736,91.70765988322442,tree_cover,Low,25.957,already vegetated (tree cover) - no action needed
+102088+29087,26.129745826881862,91.70765988311678,tree_cover,Low,25.537018,already vegetated (tree cover) - no action needed
+102088+29088,26.130644141956093,91.70765988320262,tree_cover,Low,25.225311,already vegetated (tree cover) - no action needed
+102088+29089,26.131542457643786,91.7076598834824,tree_cover,Low,25.369598,already vegetated (tree cover) - no action needed
+102088+29090,26.132440772496484,91.70765988327814,tree_cover,Low,25.718414,already vegetated (tree cover) - no action needed
+102088+29091,26.133339088468205,91.70765988304152,tree_cover,Low,25.558716,already vegetated (tree cover) - no action needed
+102088+29092,26.13423740314869,91.70765988299884,tree_cover,Low,25.631897,already vegetated (tree cover) - no action needed
+102088+29093,26.135135718677045,91.70765988314989,tree_cover,Medium,26.680878,already vegetated (tree cover) - no action needed
+102088+29094,26.136034034227464,91.70765988304274,tree_cover,Low,26.465332,already vegetated (tree cover) - no action needed
+102088+29095,26.13693234913014,91.70765988290324,tree_cover,Medium,26.227386,already vegetated (tree cover) - no action needed
+102088+29096,26.13783066451725,91.70765988295746,tree_cover,Medium,26.450897,already vegetated (tree cover) - no action needed
+102088+29097,26.13872897983459,91.70765988297954,tree_cover,Medium,26.578003,already vegetated (tree cover) - no action needed
+102088+29098,26.139627295051472,91.70765988319538,tree_cover,Low,25.810822,already vegetated (tree cover) - no action needed
+102088+29099,26.1405256101133,91.7076598831532,tree_cover,Low,25.109467,already vegetated (tree cover) - no action needed
+102088+29100,26.14142392611022,91.70765988307848,tree_cover,Low,24.687592,already vegetated (tree cover) - no action needed
+102088+29101,26.142322240735385,91.70765988319748,tree_cover,Low,24.764496,already vegetated (tree cover) - no action needed
+102088+29102,26.14322055611044,91.70765988328436,tree_cover,Low,24.53061,already vegetated (tree cover) - no action needed
+102088+29103,26.144118871695905,91.707659883113,tree_cover,Medium,26.029266,already vegetated (tree cover) - no action needed
+102088+29104,26.145017186731334,91.70765988290952,tree_cover,Medium,26.926788,already vegetated (tree cover) - no action needed
+102088+29105,26.145915501696464,91.70765988289956,tree_cover,Medium,27.053009,already vegetated (tree cover) - no action needed
+102088+29106,26.14681381737753,91.70765988285748,tree_cover,Low,26.95169,already vegetated (tree cover) - no action needed
+102088+29107,26.14771213290481,91.70765988300892,tree_cover,Low,26.71811,already vegetated (tree cover) - no action needed
+102088+29108,26.148610447513267,91.70765988312802,tree_cover,Low,26.660248,already vegetated (tree cover) - no action needed
+102088+29109,26.149508763604345,91.7076598829893,tree_cover,Low,26.17572,already vegetated (tree cover) - no action needed
+102088+29110,26.1504070782302,91.70765988304434,tree_cover,Medium,26.837677,already vegetated (tree cover) - no action needed
+102088+29111,26.15130539397221,91.70765988306702,tree_cover,Medium,27.609283,already vegetated (tree cover) - no action needed
+102088+29112,26.152203708891246,91.70765988305716,tree_cover,Medium,27.690826,already vegetated (tree cover) - no action needed
+102088+29113,26.15310202438052,91.70765988324084,tree_cover,Low,26.40503,already vegetated (tree cover) - no action needed
+102088+29114,26.15400033958745,91.70765988316629,tree_cover,Low,24.729523,already vegetated (tree cover) - no action needed
+102088+29115,26.154898654825047,91.70765988305978,tree_cover,Low,25.039978,already vegetated (tree cover) - no action needed
+102088+29116,26.155796970144927,91.70765988314704,tree_cover,Low,25.914001,already vegetated (tree cover) - no action needed
+102088+29117,26.156695285585496,91.70765988320176,tree_cover,Medium,26.782562,already vegetated (tree cover) - no action needed
+102088+29118,26.157593600785955,91.7076598829982,tree_cover,Medium,27.341827,already vegetated (tree cover) - no action needed
+102088+29119,26.15849191606921,91.7076598829882,tree_cover,Medium,27.364288,already vegetated (tree cover) - no action needed
+102088+29122,26.161186861705573,91.707659883217,tree_cover,High,29.370758,already vegetated (tree cover) - no action needed
+102088+29123,26.16208517707933,91.70765988330392,tree_cover,Medium,29.008728,already vegetated (tree cover) - no action needed
+102088+29124,26.16298349257221,91.7076598831328,tree_cover,Medium,28.260468,already vegetated (tree cover) - no action needed
+102088+29129,26.167475068635586,91.7076598831466,tree_cover,Low,25.118744,already vegetated (tree cover) - no action needed
+102088+29130,26.168373384026417,91.7076598832332,tree_cover,Low,24.048004,already vegetated (tree cover) - no action needed
+102088+29131,26.16927169963374,91.70765988306152,tree_cover,Low,23.723724,already vegetated (tree cover) - no action needed
+102088+29132,26.17017001478368,91.70765988308364,tree_cover,Low,23.704376,already vegetated (tree cover) - no action needed
+102088+29133,26.171068329782862,91.7076598830734,tree_cover,Medium,26.5383,already vegetated (tree cover) - no action needed
+102088+29134,26.17196664550389,91.7076598830306,water,High,26.599579,never-touch land cover (water)
+102089+29059,26.104592998562627,91.70855819805152,tree_cover,Medium,25.81305,already vegetated (tree cover) - no action needed
+102089+29060,26.10549131449458,91.70855819825498,tree_cover,Medium,26.097015,already vegetated (tree cover) - no action needed
+102089+29061,26.10638962921848,91.70855819820092,tree_cover,Medium,26.722015,already vegetated (tree cover) - no action needed
+102089+29063,26.10818626004264,91.7085581979967,tree_cover,Medium,26.597656,already vegetated (tree cover) - no action needed
+102089+29064,26.109084575325426,91.70855819829856,tree_cover,Medium,26.71872,already vegetated (tree cover) - no action needed
+102089+29065,26.109982890222376,91.70855819811688,tree_cover,Medium,27.11673,already vegetated (tree cover) - no action needed
+102089+29066,26.110881206414984,91.70855819812913,tree_cover,Medium,26.648773,already vegetated (tree cover) - no action needed
+102089+29067,26.111779521038883,91.70855819810944,tree_cover,Low,25.96457,already vegetated (tree cover) - no action needed
+102089+29068,26.11267783641196,91.70855819805786,tree_cover,Medium,26.48825,already vegetated (tree cover) - no action needed
+102089+29076,26.119864359171803,91.70855819785233,tree_cover,Medium,27.389313,already vegetated (tree cover) - no action needed
+102089+29077,26.12076267376115,91.70855819796522,tree_cover,Medium,27.308502,already vegetated (tree cover) - no action needed
+102089+29079,26.122559304905604,91.70855819809552,tree_cover,Medium,26.953705,already vegetated (tree cover) - no action needed
+102089+29080,26.12345761997572,91.70855819811293,tree_cover,Medium,26.56955,already vegetated (tree cover) - no action needed
+102089+29081,26.12435593497306,91.70855819809798,tree_cover,Medium,26.151154,already vegetated (tree cover) - no action needed
+102089+29082,26.125254251090084,91.7085581978253,tree_cover,Medium,26.580353,already vegetated (tree cover) - no action needed
+102089+29083,26.12615256546064,91.70855819774673,tree_cover,Low,24.58078,already vegetated (tree cover) - no action needed
+102089+29084,26.127050881219105,91.7085581978619,tree_cover,Low,24.650238,already vegetated (tree cover) - no action needed
+102089+29085,26.127949196232347,91.70855819794517,tree_cover,Medium,26.541656,already vegetated (tree cover) - no action needed
+102089+29086,26.12884751190217,91.70855819799654,tree_cover,Low,25.646149,already vegetated (tree cover) - no action needed
+102089+29087,26.12974582683332,91.70855819801596,tree_cover,Low,24.990631,already vegetated (tree cover) - no action needed
+102089+29088,26.130644142063783,91.70855819800352,tree_cover,Low,24.76413,already vegetated (tree cover) - no action needed
+102089+29089,26.13154245754345,91.70855819773286,tree_cover,Low,25.565582,already vegetated (tree cover) - no action needed
+102089+29090,26.13244077255256,91.7085581978822,tree_cover,Low,25.774628,already vegetated (tree cover) - no action needed
+102089+29091,26.133339088316266,91.70855819799986,tree_cover,Low,25.338104,already vegetated (tree cover) - no action needed
+102089+29092,26.13423740315297,91.70855819785932,tree_cover,Low,25.420563,already vegetated (tree cover) - no action needed
+102089+29093,26.135135718837383,91.70855819791252,tree_cover,Low,25.675995,already vegetated (tree cover) - no action needed
+102089+29094,26.136034034180124,91.70855819815988,tree_cover,Low,25.502747,already vegetated (tree cover) - no action needed
+102089+29095,26.136932349056824,91.70855819814967,tree_cover,Low,25.044739,already vegetated (tree cover) - no action needed
+102089+29096,26.137830664417955,91.70855819788127,tree_cover,Low,24.89566,already vegetated (tree cover) - no action needed
+102089+29097,26.138728980073555,91.70855819803248,tree_cover,Medium,26.182129,already vegetated (tree cover) - no action needed
+102089+29098,26.139627295082583,91.70855819815178,tree_cover,Low,25.982513,already vegetated (tree cover) - no action needed
+102089+29099,26.14052560993657,91.7085581980133,tree_cover,Low,25.259064,already vegetated (tree cover) - no action needed
+102089+29100,26.141423926089388,91.70855819784288,tree_cover,Low,24.754547,already vegetated (tree cover) - no action needed
+102089+29101,26.142322240870936,91.70855819786622,tree_cover,Low,24.786346,already vegetated (tree cover) - no action needed
+102089+29102,26.14322055603799,91.70855819785766,tree_cover,Low,24.323029,already vegetated (tree cover) - no action needed
+102089+29103,26.144118871779497,91.70855819804284,tree_cover,Low,24.688293,already vegetated (tree cover) - no action needed
+102089+29105,26.145915501728435,91.70855819809135,tree_cover,Medium,26.673126,already vegetated (tree cover) - no action needed
+102089+29106,26.14681381738353,91.7085581981806,tree_cover,Medium,27.480682,already vegetated (tree cover) - no action needed
+102089+29107,26.14771213288484,91.7085581980118,tree_cover,Medium,27.666443,already vegetated (tree cover) - no action needed
+102089+29108,26.148610447649503,91.708558198037,tree_cover,Low,27.151978,already vegetated (tree cover) - no action needed
+102089+29109,26.14950876353276,91.70855819825596,tree_cover,Low,26.259888,already vegetated (tree cover) - no action needed
+102089+29110,26.15040707813264,91.70855819799098,tree_cover,Medium,26.908295,already vegetated (tree cover) - no action needed
+102089+29111,26.15130539403068,91.7085581979198,tree_cover,Medium,27.569366,already vegetated (tree cover) - no action needed
+102089+29112,26.152203708923743,91.70855819804255,tree_cover,Medium,27.98108,already vegetated (tree cover) - no action needed
+102089+29113,26.153102024387216,91.70855819790754,tree_cover,Low,27.22409,already vegetated (tree cover) - no action needed
+102089+29114,26.15400033956817,91.7085581979665,tree_cover,Low,25.427948,already vegetated (tree cover) - no action needed
+102089+29115,26.154898654779963,91.7085581979931,tree_cover,Low,25.070953,already vegetated (tree cover) - no action needed
+102089+29116,26.15579697025587,91.70855819798756,tree_cover,Low,25.117706,already vegetated (tree cover) - no action needed
+102089+29119,26.158491916284227,91.7085581980052,tree_cover,Medium,27.303864,already vegetated (tree cover) - no action needed
+102089+29123,26.162085177008787,91.70855819772996,tree_cover,Medium,28.674622,already vegetated (tree cover) - no action needed
+102089+29124,26.1629834926577,91.70855819791966,tree_cover,Medium,28.143341,already vegetated (tree cover) - no action needed
+102089+29125,26.16388180775858,91.70855819785152,tree_cover,Medium,27.296112,already vegetated (tree cover) - no action needed
+102089+29126,26.164780122981803,91.70855819775144,tree_cover,Low,27.328796,already vegetated (tree cover) - no action needed
+102089+29128,26.16657675366977,91.70855819813266,tree_cover,Medium,27.573486,already vegetated (tree cover) - no action needed
+102089+29129,26.1674750687732,91.708558197936,tree_cover,Low,24.857635,already vegetated (tree cover) - no action needed
+102089+29130,26.16837338395624,91.7085581979331,tree_cover,Low,23.605377,already vegetated (tree cover) - no action needed
+102089+29131,26.169271699719747,91.70855819812442,tree_cover,Low,23.295685,already vegetated (tree cover) - no action needed
+102089+29132,26.17017001466156,91.70855819805747,tree_cover,Low,23.22232,already vegetated (tree cover) - no action needed
+102089+29133,26.171068329816755,91.7085581979582,tree_cover,Low,25.53836,already vegetated (tree cover) - no action needed
+102089+29134,26.171966645511976,91.70855819805313,water,Medium,22.991608,never-touch land cover (water)
+102090+29060,26.105491314512825,91.7094565134312,tree_cover,Medium,26.172394,already vegetated (tree cover) - no action needed
+102090+29061,26.106389629028826,91.7094565132727,tree_cover,Low,26.006165,already vegetated (tree cover) - no action needed
+102090+29062,26.107287945285485,91.7094565133081,tree_cover,Medium,26.240997,already vegetated (tree cover) - no action needed
+102090+29064,26.1090845754232,91.70945651328404,tree_cover,Medium,26.473969,already vegetated (tree cover) - no action needed
+102090+29065,26.10998289011243,91.70945651345065,tree_cover,Medium,27.118073,already vegetated (tree cover) - no action needed
+102090+29066,26.110881206461308,91.7094565133595,tree_cover,Medium,26.772583,already vegetated (tree cover) - no action needed
+102090+29067,26.11177952105957,91.70945651346229,tree_cover,Medium,26.359192,already vegetated (tree cover) - no action needed
+102090+29068,26.112677836407187,91.7094565135336,tree_cover,Medium,26.87613,already vegetated (tree cover) - no action needed
+102090+29069,26.113576152005848,91.70945651334762,tree_cover,Medium,27.571625,already vegetated (tree cover) - no action needed
+102090+29077,26.120762673707542,91.70945651342744,tree_cover,Medium,27.420837,already vegetated (tree cover) - no action needed
+102090+29078,26.121660989287417,91.70945651340752,tree_cover,Medium,27.32846,already vegetated (tree cover) - no action needed
+102090+29079,26.12255930480108,91.7094565133561,tree_cover,Medium,27.525543,already vegetated (tree cover) - no action needed
+102090+29080,26.123457620027263,91.709456513273,tree_cover,Medium,27.137604,already vegetated (tree cover) - no action needed
+102090+29081,26.12435593499881,91.70945651338384,tree_cover,Medium,26.53238,already vegetated (tree cover) - no action needed
+102090+29082,26.125254250908487,91.7094565134632,tree_cover,Medium,26.602875,already vegetated (tree cover) - no action needed
+102090+29083,26.12615256561718,91.70945651351066,tree_cover,Low,24.960663,already vegetated (tree cover) - no action needed
+102090+29084,26.12705088116812,91.70945651352642,tree_cover,Low,25.098938,already vegetated (tree cover) - no action needed
+102090+29085,26.127949196155733,91.70945651328486,tree_cover,Medium,26.245026,already vegetated (tree cover) - no action needed
+102090+29086,26.12884751198181,91.70945651323726,tree_cover,Low,25.949188,already vegetated (tree cover) - no action needed
+102090+29087,26.129745826887312,91.7094565133836,tree_cover,Low,25.664856,already vegetated (tree cover) - no action needed
+102090+29088,26.130644141910103,91.7094565132724,tree_cover,Low,24.763092,already vegetated (tree cover) - no action needed
+102090+29089,26.131542457546026,91.70945651335558,tree_cover,Low,25.696564,already vegetated (tree cover) - no action needed
+102090+29090,26.13244077271171,91.70945651340683,tree_cover,Medium,25.884064,already vegetated (tree cover) - no action needed
+102090+29091,26.13333908826756,91.70945651342622,tree_cover,Low,25.61319,already vegetated (tree cover) - no action needed
+102090+29092,26.13423740307847,91.70945651341393,tree_cover,Low,25.762177,already vegetated (tree cover) - no action needed
+102090+29093,26.13513571891929,91.70945651336989,tree_cover,Low,25.694489,already vegetated (tree cover) - no action needed
+102090+29094,26.13603403423641,91.70945651329396,tree_cover,Low,25.160675,already vegetated (tree cover) - no action needed
+102090+29095,26.136932348905606,91.70945651318635,tree_cover,Low,24.698395,already vegetated (tree cover) - no action needed
+102090+29096,26.1378306644228,91.70945651327315,tree_cover,Low,24.835144,already vegetated (tree cover) - no action needed
+102090+29097,26.13872898023479,91.70945651332802,tree_cover,Low,25.033356,already vegetated (tree cover) - no action needed
+102090+29098,26.139627295036,91.709456513351,tree_cover,Low,25.519592,already vegetated (tree cover) - no action needed
+102090+29099,26.14052560986436,91.70945651334203,tree_cover,Low,24.489655,already vegetated (tree cover) - no action needed
+102090+29100,26.14142392599154,91.70945651330145,tree_cover,Low,23.99292,already vegetated (tree cover) - no action needed
+102090+29101,26.142322240929307,91.7094565132291,tree_cover,Low,24.884613,already vegetated (tree cover) - no action needed
+102090+29102,26.143220556070737,91.70945651335076,tree_cover,Low,24.338898,already vegetated (tree cover) - no action needed
+102090+29103,26.14411887196848,91.70945651344071,tree_cover,Low,24.42575,already vegetated (tree cover) - no action needed
+102090+29104,26.1450171864064,91.70945651327312,tree_cover,Medium,25.595428,already vegetated (tree cover) - no action needed
+102090+29105,26.14591550186615,91.70945651329949,tree_cover,Medium,26.645233,already vegetated (tree cover) - no action needed
+102090+29106,26.14681381731325,91.70945651329392,tree_cover,Medium,27.278778,already vegetated (tree cover) - no action needed
+102090+29107,26.14771213278909,91.70945651325668,tree_cover,Medium,27.362274,already vegetated (tree cover) - no action needed
+102090+29108,26.14861044789201,91.70945651341364,tree_cover,Medium,26.795135,already vegetated (tree cover) - no action needed
+102090+29109,26.14950876338543,91.7094565133128,tree_cover,Medium,26.365906,already vegetated (tree cover) - no action needed
+102090+29110,26.150407078141523,91.70945651340593,tree_cover,Medium,26.225037,already vegetated (tree cover) - no action needed
+102090+29111,26.151305394013946,91.7094565134674,tree_cover,Medium,27.424042,already vegetated (tree cover) - no action needed
+102090+29112,26.15220370888122,91.70945651327102,tree_cover,Medium,27.749664,already vegetated (tree cover) - no action needed
+102090+29113,26.15310202431922,91.70945651326888,tree_cover,Medium,27.455658,already vegetated (tree cover) - no action needed
+102090+29114,26.154000339656218,91.7094565132348,tree_cover,Low,26.04892,already vegetated (tree cover) - no action needed
+102090+29115,26.154898654842203,91.70945651339474,tree_cover,Low,25.449524,already vegetated (tree cover) - no action needed
+102090+29116,26.155796970110487,91.70945651329708,tree_cover,Low,24.503479,already vegetated (tree cover) - no action needed
+102090+29117,26.156695285499293,91.70945651316748,tree_cover,Medium,24.917816,already vegetated (tree cover) - no action needed
+102090+29118,26.15759360083016,91.7094565134576,tree_cover,Medium,26.158905,already vegetated (tree cover) - no action needed
+102090+29119,26.15849191624364,91.7094565134901,tree_cover,Medium,27.440369,already vegetated (tree cover) - no action needed
+102090+29120,26.15939023087143,91.70945651349112,tree_cover,Medium,27.654938,already vegetated (tree cover) - no action needed
+102090+29123,26.16208517704717,91.7094565135278,tree_cover,Medium,28.34555,already vegetated (tree cover) - no action needed
+102090+29124,26.16298349267029,91.7094565134014,tree_cover,Medium,27.761383,already vegetated (tree cover) - no action needed
+102090+29125,26.16388180774537,91.7094565134688,tree_cover,Medium,27.062653,already vegetated (tree cover) - no action needed
+102090+29126,26.164780122942805,91.70945651350408,tree_cover,Low,27.601227,already vegetated (tree cover) - no action needed
+102090+29128,26.166576753579182,91.70945651325336,tree_cover,Medium,27.593262,already vegetated (tree cover) - no action needed
+102090+29129,26.167475068656984,91.70945651319332,tree_cover,Low,24.871002,already vegetated (tree cover) - no action needed
+102090+29130,26.168373383996222,91.70945651310156,tree_cover,Low,23.80008,already vegetated (tree cover) - no action needed
+102090+29131,26.16927169991592,91.70945651320342,tree_cover,Low,23.498444,already vegetated (tree cover) - no action needed
+102090+29132,26.170170014649788,91.70945651349928,tree_cover,Low,23.205078,already vegetated (tree cover) - no action needed
+102090+29133,26.171068329779523,91.70945651353772,tree_cover,Low,23.315857,already vegetated (tree cover) - no action needed
+102090+29134,26.171966645448787,91.70945651331812,water,Low,22.91092,never-touch land cover (water)
+102091+29061,26.106389629119032,91.71035482848887,tree_cover,Medium,25.940948,already vegetated (tree cover) - no action needed
+102091+29064,26.109084575255267,91.71035482864,tree_cover,Low,25.92398,already vegetated (tree cover) - no action needed
+102091+29065,26.10998289028304,91.71035482847677,tree_cover,Medium,26.96402,already vegetated (tree cover) - no action needed
+102091+29066,26.110881206424384,91.71035482873368,tree_cover,Low,26.907288,already vegetated (tree cover) - no action needed
+102091+29067,26.11177952117943,91.71035482873374,tree_cover,Medium,26.582611,already vegetated (tree cover) - no action needed
+102091+29069,26.11357615189255,91.71035482863904,tree_cover,Medium,27.267303,already vegetated (tree cover) - no action needed
+102091+29070,26.114474467300308,91.7103548285443,tree_cover,Medium,27.112213,already vegetated (tree cover) - no action needed
+102091+29078,26.121660989309127,91.7103548284622,tree_cover,Medium,27.654022,already vegetated (tree cover) - no action needed
+102091+29079,26.12255930479733,91.7103548285359,tree_cover,Medium,27.24112,already vegetated (tree cover) - no action needed
+102091+29080,26.12345761999807,91.71035482857812,tree_cover,Medium,26.655426,already vegetated (tree cover) - no action needed
+102091+29081,26.124355935126207,91.71035482858912,tree_cover,Low,26.40271,already vegetated (tree cover) - no action needed
+102091+29082,26.125254251010432,91.71035482879428,tree_cover,Low,25.932709,already vegetated (tree cover) - no action needed
+102091+29083,26.126152565511443,91.71035482874213,tree_cover,Low,24.608246,already vegetated (tree cover) - no action needed
+102091+29084,26.12705088121916,91.71035482865848,tree_cover,Low,24.649323,already vegetated (tree cover) - no action needed
+102091+29085,26.127949195999097,91.71035482876904,tree_cover,Medium,25.644043,already vegetated (tree cover) - no action needed
+102091+29086,26.12884751198193,91.71035482862246,tree_cover,Low,26.107697,already vegetated (tree cover) - no action needed
+102091+29087,26.129745827043685,91.71035482867026,tree_cover,Medium,26.0419,already vegetated (tree cover) - no action needed
+102091+29088,26.130644141859147,91.71035482891224,tree_cover,Medium,26.059296,already vegetated (tree cover) - no action needed
+102091+29089,26.13154245765165,91.71035482889693,tree_cover,Medium,26.122406,already vegetated (tree cover) - no action needed
+102091+29090,26.13244077260968,91.71035482885009,tree_cover,Medium,26.180481,already vegetated (tree cover) - no action needed
+102091+29091,26.133339088321943,91.7103548287716,tree_cover,Low,26.197662,already vegetated (tree cover) - no action needed
+102091+29092,26.134237402925528,91.71035482866164,tree_cover,Low,26.149323,already vegetated (tree cover) - no action needed
+102091+29093,26.13513571892277,91.7103548285202,tree_cover,Low,25.796387,already vegetated (tree cover) - no action needed
+102091+29094,26.13603403421425,91.71035482857296,tree_cover,Low,25.736664,already vegetated (tree cover) - no action needed
+102091+29095,26.1369323490402,91.71035482882009,tree_cover,Low,26.13742,already vegetated (tree cover) - no action needed
+102091+29096,26.13783066434992,91.71035482880988,tree_cover,Low,26.501373,already vegetated (tree cover) - no action needed
+102091+29097,26.13872898013612,91.71035482854217,tree_cover,Low,26.829773,already vegetated (tree cover) - no action needed
+102091+29098,26.13962729509407,91.7103548284688,tree_cover,Low,25.798279,already vegetated (tree cover) - no action needed
+102091+29099,26.14052561007867,91.71035482881572,tree_cover,Low,24.837982,already vegetated (tree cover) - no action needed
+102091+29100,26.141423925816508,91.71035482890508,tree_cover,Low,24.236786,already vegetated (tree cover) - no action needed
+102091+29101,26.14232224091069,91.7103548287371,tree_cover,Low,24.068298,already vegetated (tree cover) - no action needed
+102091+29102,26.143220556208515,91.71035482876331,tree_cover,Low,23.489655,already vegetated (tree cover) - no action needed
+102091+29103,26.14411887171676,91.71035482853196,tree_cover,Low,23.192474,already vegetated (tree cover) - no action needed
+102091+29104,26.145017186493444,91.7103548284952,tree_cover,Low,23.850128,already vegetated (tree cover) - no action needed
+102091+29105,26.145915501927234,91.71035482865268,tree_cover,Medium,26.365967,already vegetated (tree cover) - no action needed
+102091+29106,26.14681381734906,91.71035482877843,tree_cover,Medium,26.961975,already vegetated (tree cover) - no action needed
+102091+29108,26.14861044787657,91.71035482870928,tree_cover,Medium,27.294464,already vegetated (tree cover) - no action needed
+102091+29109,26.14950876334454,91.71035482874022,tree_cover,Medium,26.842468,already vegetated (tree cover) - no action needed
+102091+29111,26.151305393921977,91.71035482870786,tree_cover,Medium,27.211761,already vegetated (tree cover) - no action needed
+102091+29112,26.15220370876364,91.71035482864416,tree_cover,Medium,27.084076,already vegetated (tree cover) - no action needed
+102091+29113,26.15310202454021,91.71035482877468,tree_cover,Medium,27.257996,already vegetated (tree cover) - no action needed
+102091+29114,26.1540003394874,91.7103548288735,tree_cover,Medium,27.012909,already vegetated (tree cover) - no action needed
+102091+29115,26.15489865501213,91.71035482871496,tree_cover,Low,26.668488,already vegetated (tree cover) - no action needed
+102091+29116,26.1557969698906,91.7103548287506,tree_cover,Low,25.58255,already vegetated (tree cover) - no action needed
+102091+29117,26.15669528561797,91.7103548287546,tree_cover,Low,24.682648,already vegetated (tree cover) - no action needed
+102091+29120,26.159390230913417,91.71035482857742,tree_cover,Medium,27.416687,already vegetated (tree cover) - no action needed
+102091+29123,26.16208517701249,91.7103548285671,tree_cover,Medium,27.956635,already vegetated (tree cover) - no action needed
+102091+29124,26.162983492609985,91.7103548285756,tree_cover,Low,27.336334,already vegetated (tree cover) - no action needed
+102091+29125,26.16388180784127,91.7103548285524,tree_cover,Medium,27.52243,already vegetated (tree cover) - no action needed
+102091+29126,26.164780122831264,91.71035482849771,tree_cover,Low,27.749664,already vegetated (tree cover) - no action needed
+102091+29127,26.16567843849014,91.71035482863746,tree_cover,Medium,27.661163,already vegetated (tree cover) - no action needed
+102091+29128,26.1665767535984,91.71035482874554,tree_cover,Medium,27.342072,already vegetated (tree cover) - no action needed
+102091+29129,26.16747506865076,91.7103548288217,tree_cover,Low,25.319214,already vegetated (tree cover) - no action needed
+102091+29130,26.16837338396437,91.7103548288662,tree_cover,Low,23.658295,already vegetated (tree cover) - no action needed
+102091+29131,26.16927169985812,91.71035482865304,tree_cover,Low,23.728607,already vegetated (tree cover) - no action needed
+102091+29132,26.170170014748862,91.71035482840844,tree_cover,Low,23.801605,already vegetated (tree cover) - no action needed
+102091+29133,26.17106832985281,91.71035482858396,tree_cover,Low,23.673187,already vegetated (tree cover) - no action needed
+102091+29134,26.17196664531431,91.71035482872765,water,Medium,23.407318,never-touch land cover (water)
+102092+29062,26.107287945331336,91.71125314422788,tree_cover,Low,25.673248,already vegetated (tree cover) - no action needed
+102092+29063,26.108186260161155,91.71125314402376,tree_cover,Low,25.536957,already vegetated (tree cover) - no action needed
+102092+29064,26.109084575185484,91.711253144014,cropland,Low,26.070892,low priority - no action needed
+102092+29070,26.11447446744332,91.71125314420335,tree_cover,Medium,27.252594,already vegetated (tree cover) - no action needed
+102092+29076,26.11986435920761,91.71125314394564,tree_cover,High,28.231659,already vegetated (tree cover) - no action needed
+102092+29078,26.121660989249733,91.7112531442116,tree_cover,Medium,27.259064,already vegetated (tree cover) - no action needed
+102092+29079,26.12255930489472,91.711253144185,tree_cover,Medium,26.652924,already vegetated (tree cover) - no action needed
+102092+29080,26.12345761988812,91.7112531441272,tree_cover,Low,26.381042,already vegetated (tree cover) - no action needed
+102092+29081,26.124355935173035,91.7112531440379,tree_cover,Low,26.772552,already vegetated (tree cover) - no action needed
+102092+29082,26.12525425103181,91.71125314391736,tree_cover,Low,26.19632,already vegetated (tree cover) - no action needed
+102092+29083,26.12615256550771,91.7112531439914,tree_cover,Low,24.74704,already vegetated (tree cover) - no action needed
+102092+29084,26.127050881189987,91.71125314403425,tree_cover,Low,24.8591,already vegetated (tree cover) - no action needed
+102092+29085,26.12794919612669,91.7112531440458,tree_cover,Medium,25.805481,already vegetated (tree cover) - no action needed
+102092+29086,26.1288475119022,91.71125314425174,tree_cover,Medium,26.326996,already vegetated (tree cover) - no action needed
+102092+29087,26.129745827120733,91.7112531442006,tree_cover,Medium,26.305176,already vegetated (tree cover) - no action needed
+102092+29088,26.1306441417287,91.71125314389236,tree_cover,Medium,26.370392,already vegetated (tree cover) - no action needed
+102092+29089,26.13154245767796,91.7112531437785,tree_cover,Medium,26.7323,already vegetated (tree cover) - no action needed
+102092+29090,26.13244077261071,91.71125314385924,tree_cover,Medium,26.38321,already vegetated (tree cover) - no action needed
+102092+29091,26.133339088297703,91.71125314390896,tree_cover,Low,25.98236,already vegetated (tree cover) - no action needed
+102092+29092,26.13423740305806,91.71125314415328,tree_cover,Low,25.95694,already vegetated (tree cover) - no action needed
+102092+29093,26.13513571884764,91.71125314436595,tree_cover,Low,25.347809,already vegetated (tree cover) - no action needed
+102092+29094,26.13603403429606,91.71125314432147,tree_cover,Low,25.401093,already vegetated (tree cover) - no action needed
+102092+29095,26.13693234909657,91.7112531442458,tree_cover,Low,26.190887,already vegetated (tree cover) - no action needed
+102092+29096,26.137830664198965,91.7112531441386,tree_cover,Low,26.75772,already vegetated (tree cover) - no action needed
+102092+29097,26.13872898014176,91.71125314422606,tree_cover,Medium,26.658752,already vegetated (tree cover) - no action needed
+102092+29098,26.13962729507444,91.71125314428204,tree_cover,Low,25.848938,already vegetated (tree cover) - no action needed
+102092+29099,26.14052561021579,91.71125314408091,tree_cover,Low,25.250061,already vegetated (tree cover) - no action needed
+102092+29100,26.14142392574616,91.7112531440744,tree_cover,Low,25.156128,already vegetated (tree cover) - no action needed
+102092+29101,26.142322240815066,91.71125314403642,tree_cover,Low,24.950653,already vegetated (tree cover) - no action needed
+102092+29102,26.14322055626965,91.71125314396738,tree_cover,Low,23.498169,already vegetated (tree cover) - no action needed
+102092+29103,26.144118871570416,91.711253144093,tree_cover,Low,23.042053,already vegetated (tree cover) - no action needed
+102092+29104,26.145017186685703,91.71125314418671,tree_cover,Low,23.321503,already vegetated (tree cover) - no action needed
+102092+29105,26.145915501912203,91.71125314424918,tree_cover,Low,24.397736,already vegetated (tree cover) - no action needed
+102092+29106,26.146813817308583,91.71125314405452,tree_cover,Low,25.383453,already vegetated (tree cover) - no action needed
+102092+29107,26.14771213273353,91.7112531438284,tree_cover,Low,26.08017,already vegetated (tree cover) - no action needed
+102092+29108,26.148610447785376,91.7112531437971,tree_cover,Medium,26.302338,already vegetated (tree cover) - no action needed
+102092+29109,26.1495087635921,91.71125314396022,tree_cover,Medium,26.65094,already vegetated (tree cover) - no action needed
+102092+29111,26.15130539393682,91.711253143966,tree_cover,Medium,27.095245,already vegetated (tree cover) - no action needed
+102092+29112,26.152203708753024,91.71125314403496,tree_cover,Medium,27.040955,already vegetated (tree cover) - no action needed
+102092+29113,26.15310202468618,91.71125314407244,tree_cover,Medium,27.283173,already vegetated (tree cover) - no action needed
+102092+29114,26.154000339426084,91.71125314407868,tree_cover,Medium,27.041626,already vegetated (tree cover) - no action needed
+102092+29115,26.15489865492537,91.71125314405344,tree_cover,Medium,26.899841,already vegetated (tree cover) - no action needed
+102092+29116,26.155796969960413,91.71125314399674,tree_cover,Medium,25.935791,already vegetated (tree cover) - no action needed
+102092+29117,26.156695285662508,91.71125314413467,tree_cover,Low,24.738861,already vegetated (tree cover) - no action needed
+102092+29118,26.157593600760304,91.71125314401505,tree_cover,Low,25.193481,already vegetated (tree cover) - no action needed
+102092+29123,26.16208517708656,91.71125314407608,tree_cover,Medium,27.881378,already vegetated (tree cover) - no action needed
+102092+29124,26.162983492658604,91.71125314421988,tree_cover,Medium,27.677124,already vegetated (tree cover) - no action needed
+102092+29125,26.16388180768245,91.71125314410632,tree_cover,Medium,27.999542,already vegetated (tree cover) - no action needed
+102092+29126,26.16478012301117,91.71125314418715,tree_cover,Medium,27.921478,already vegetated (tree cover) - no action needed
+102092+29127,26.16567843846261,91.71125314423657,tree_cover,Low,27.309723,already vegetated (tree cover) - no action needed
+102092+29128,26.1665767537276,91.71125314425473,tree_cover,Medium,26.963531,already vegetated (tree cover) - no action needed
+102092+29129,26.167475068572347,91.7112531442416,tree_cover,Low,25.74289,already vegetated (tree cover) - no action needed
+102092+29130,26.168373383860537,91.71125314397088,tree_cover,Low,24.303314,already vegetated (tree cover) - no action needed
+102092+29131,26.16927169972884,91.7112531438946,tree_cover,Low,23.813568,already vegetated (tree cover) - no action needed
+102092+29132,26.170170014776307,91.7112531440128,tree_cover,Low,23.84311,already vegetated (tree cover) - no action needed
+102092+29133,26.17106833003663,91.71125314409952,tree_cover,Low,23.957458,already vegetated (tree cover) - no action needed
+102092+29134,26.17196664529088,91.71125314415497,water,High,23.945343,never-touch land cover (water)
+102093+29064,26.109084575396235,91.7121514590814,cropland,Low,26.091919,low priority - no action needed
+102093+29076,26.11986435911749,91.71215145913902,tree_cover,Medium,27.959137,already vegetated (tree cover) - no action needed
+102093+29077,26.12076267378743,91.712151459074,tree_cover,Medium,27.346588,already vegetated (tree cover) - no action needed
+102093+29078,26.12166098929128,91.7121514589777,tree_cover,Medium,27.015686,already vegetated (tree cover) - no action needed
+102093+29079,26.12255930491117,91.71215145907624,tree_cover,Medium,26.816864,already vegetated (tree cover) - no action needed
+102093+29080,26.123457619879467,91.71215145914375,tree_cover,Medium,26.561249,already vegetated (tree cover) - no action needed
+102093+29081,26.124355935139288,91.71215145918046,tree_cover,Medium,27.409027,already vegetated (tree cover) - no action needed
+102093+29082,26.1252542509728,91.71215145918592,tree_cover,Medium,26.303864,already vegetated (tree cover) - no action needed
+102093+29083,26.12615256560565,91.71215145916014,tree_cover,Low,25.13498,already vegetated (tree cover) - no action needed
+102093+29084,26.127050881080937,91.71215145910354,tree_cover,Medium,25.34909,already vegetated (tree cover) - no action needed
+102093+29085,26.12794919617426,91.7121514590157,tree_cover,Medium,26.376038,already vegetated (tree cover) - no action needed
+102093+29087,26.129745826936222,91.71215145874676,tree_cover,Medium,26.60611,already vegetated (tree cover) - no action needed
+102093+29088,26.130644141883177,91.71215145901776,tree_cover,Medium,26.567963,already vegetated (tree cover) - no action needed
+102093+29089,26.13154245762497,91.7121514592575,tree_cover,Medium,26.980103,already vegetated (tree cover) - no action needed
+102093+29090,26.132440772532785,91.71215145901432,tree_cover,Medium,26.945831,already vegetated (tree cover) - no action needed
+102093+29091,26.133339088376555,91.71215145896574,tree_cover,Low,26.377838,already vegetated (tree cover) - no action needed
+102093+29092,26.134237403111804,91.71215145888593,tree_cover,Low,25.782227,already vegetated (tree cover) - no action needed
+102093+29093,26.13513571887629,91.7121514587755,tree_cover,Low,25.004059,already vegetated (tree cover) - no action needed
+102093+29094,26.13603403429961,91.7121514588599,tree_cover,Low,25.29068,already vegetated (tree cover) - no action needed
+102093+29095,26.13693234907468,91.71215145891289,tree_cover,Low,26.513062,already vegetated (tree cover) - no action needed
+102093+29096,26.137830664334185,91.71215145916068,tree_cover,Medium,27.128418,already vegetated (tree cover) - no action needed
+102093+29097,26.138728980069853,91.71215145915178,tree_cover,Medium,27.052399,already vegetated (tree cover) - no action needed
+102093+29098,26.139627294977085,91.71215145888576,tree_cover,Low,25.829315,already vegetated (tree cover) - no action needed
+102093+29099,26.140525610093515,91.7121514588144,tree_cover,Low,25.589813,already vegetated (tree cover) - no action needed
+102093+29100,26.141423925962503,91.71215145893768,tree_cover,Low,26.16864,already vegetated (tree cover) - no action needed
+102093+29101,26.142322240824463,91.71215145925578,tree_cover,Low,25.603577,already vegetated (tree cover) - no action needed
+102093+29102,26.14322055607192,91.7121514590911,tree_cover,Low,23.871643,already vegetated (tree cover) - no action needed
+102093+29103,26.14411887171148,91.71215145889518,tree_cover,Low,23.128479,already vegetated (tree cover) - no action needed
+102093+29104,26.145017186619302,91.71215145889413,tree_cover,Low,22.73471,already vegetated (tree cover) - no action needed
+102093+29105,26.1459155020029,91.71215145886178,tree_cover,Low,23.77768,already vegetated (tree cover) - no action needed
+102093+29106,26.146813817192,91.71215145902433,tree_cover,Medium,24.820984,already vegetated (tree cover) - no action needed
+102093+29107,26.147712132773865,91.71215145915582,tree_cover,Medium,26.273895,already vegetated (tree cover) - no action needed
+102093+29108,26.148610447800447,91.71215145925588,tree_cover,Low,25.882263,already vegetated (tree cover) - no action needed
+102093+29109,26.14950876358208,91.712151459099,tree_cover,Low,25.148468,already vegetated (tree cover) - no action needed
+102093+29110,26.15040707807984,91.71215145891112,tree_cover,Medium,25.003998,already vegetated (tree cover) - no action needed
+102093+29111,26.15130539405828,91.71215145914351,tree_cover,Low,25.671234,already vegetated (tree cover) - no action needed
+102093+29112,26.152203708667383,91.71215145911904,tree_cover,Low,25.825317,already vegetated (tree cover) - no action needed
+102093+29113,26.153102024575272,91.71215145883758,tree_cover,Medium,26.950897,already vegetated (tree cover) - no action needed
+102093+29114,26.154000339654107,91.7121514589767,tree_cover,Medium,26.782684,already vegetated (tree cover) - no action needed
+102093+29115,26.15489865476411,91.7121514590848,tree_cover,Medium,26.782715,already vegetated (tree cover) - no action needed
+102093+29116,26.15579697013789,91.71215145916162,tree_cover,Medium,25.908875,already vegetated (tree cover) - no action needed
+102093+29117,26.15669528563289,91.71215145920722,tree_cover,Low,24.749023,already vegetated (tree cover) - no action needed
+102093+29118,26.157593600705265,91.71215145922176,tree_cover,Low,25.114899,already vegetated (tree cover) - no action needed
+102093+29126,26.16478012311853,91.71215145911806,tree_cover,Medium,27.969086,already vegetated (tree cover) - no action needed
+102093+29127,26.16567843836256,91.71215145907772,tree_cover,Low,27.589111,already vegetated (tree cover) - no action needed
+102093+29128,26.16657675378444,91.71215145900592,tree_cover,Low,26.50595,already vegetated (tree cover) - no action needed
+102093+29129,26.167475068421936,91.71215145890288,tree_cover,Low,25.694794,already vegetated (tree cover) - no action needed
+102093+29130,26.168373383866687,91.71215145899453,tree_cover,Low,24.47409,already vegetated (tree cover) - no action needed
+102093+29131,26.16927169989205,91.71215145928105,tree_cover,Low,23.861511,already vegetated (tree cover) - no action needed
+102093+29132,26.1701700147321,91.7121514593106,tree_cover,Low,24.394592,already vegetated (tree cover) - no action needed
+102093+29133,26.17106832996717,91.71215145908278,tree_cover,Low,24.595001,already vegetated (tree cover) - no action needed
+102093+29134,26.171966645196324,91.71215145882368,water,High,24.133759,never-touch land cover (water)
+102094+29064,26.10908457534147,91.71304977461875,cropland,Low,26.059296,low priority - no action needed
+102094+29067,26.111779521222285,91.71304977423344,tree_cover,Low,26.186493,already vegetated (tree cover) - no action needed
+102094+29068,26.11267783646878,91.71304977434468,tree_cover,Medium,27.444672,already vegetated (tree cover) - no action needed
+102094+29069,26.113576151966853,91.71304977465095,tree_cover,High,28.506989,already vegetated (tree cover) - no action needed
+102094+29075,26.1189660432912,91.71304977448573,tree_cover,Medium,27.476227,already vegetated (tree cover) - no action needed
+102094+29076,26.119864359127945,91.71304977435057,tree_cover,Medium,27.470215,already vegetated (tree cover) - no action needed
+102094+29077,26.12076267377262,91.7130497744102,tree_cover,Medium,27.387207,already vegetated (tree cover) - no action needed
+102094+29080,26.12345761979007,91.7130497744043,tree_cover,Medium,27.0419,already vegetated (tree cover) - no action needed
+102094+29081,26.12435593520702,91.71304977434072,tree_cover,Low,26.66394,already vegetated (tree cover) - no action needed
+102094+29082,26.12525425101544,91.71304977447218,tree_cover,Low,25.404144,already vegetated (tree cover) - no action needed
+102094+29083,26.126152565623368,91.71304977457282,tree_cover,Low,25.151031,already vegetated (tree cover) - no action needed
+102094+29084,26.12705088107373,91.71304977464249,tree_cover,Medium,25.635529,already vegetated (tree cover) - no action needed
+102094+29085,26.12794919614196,91.7130497746813,tree_cover,Medium,26.631195,already vegetated (tree cover) - no action needed
+102094+29087,26.129745826854258,91.71304977466652,tree_cover,Medium,26.564545,already vegetated (tree cover) - no action needed
+102094+29088,26.130644141958168,91.71304977438687,tree_cover,Medium,26.432983,already vegetated (tree cover) - no action needed
+102094+29089,26.131542457675028,91.71304977430228,tree_cover,Low,26.559967,already vegetated (tree cover) - no action needed
+102094+29090,26.132440772557764,91.71304977463858,tree_cover,Low,26.72702,already vegetated (tree cover) - no action needed
+102094+29091,26.13333908837644,91.713049774718,tree_cover,Low,26.261566,already vegetated (tree cover) - no action needed
+102094+29092,26.134237403086946,91.71304977476684,tree_cover,Low,25.322052,already vegetated (tree cover) - no action needed
+102094+29093,26.135135718826508,91.71304977478464,tree_cover,Low,24.560852,already vegetated (tree cover) - no action needed
+102094+29094,26.136034034224743,91.71304977454557,tree_cover,Low,25.29068,already vegetated (tree cover) - no action needed
+102094+29095,26.136932348974888,91.71304977427587,tree_cover,Medium,26.700134,already vegetated (tree cover) - no action needed
+102094+29096,26.13783066457338,91.71304977420104,tree_cover,Medium,27.229492,already vegetated (tree cover) - no action needed
+102094+29097,26.138728979920224,91.71304977432106,tree_cover,Low,27.08963,already vegetated (tree cover) - no action needed
+102094+29098,26.13962729498424,91.71304977441028,tree_cover,Low,26.381989,already vegetated (tree cover) - no action needed
+102094+29099,26.14052561007592,91.71304977446869,tree_cover,Low,26.232178,already vegetated (tree cover) - no action needed
+102094+29100,26.14142392610168,91.71304977449628,tree_cover,Low,26.68277,already vegetated (tree cover) - no action needed
+102094+29101,26.14232224093888,91.71304977449284,tree_cover,Medium,26.381104,already vegetated (tree cover) - no action needed
+102094+29102,26.14322055579704,91.71304977445838,tree_cover,Low,24.379456,already vegetated (tree cover) - no action needed
+102094+29103,26.144118871957907,91.713049774619,tree_cover,Low,24.078247,already vegetated (tree cover) - no action needed
+102094+29104,26.14501718647661,91.7130497747488,tree_cover,Low,23.082458,already vegetated (tree cover) - no action needed
+102094+29105,26.145915502017136,91.71304977462172,tree_cover,Low,23.686646,already vegetated (tree cover) - no action needed
+102094+29106,26.146813817181314,91.7130497744636,tree_cover,Low,25.271637,already vegetated (tree cover) - no action needed
+102094+29107,26.147712132920287,91.71304977450056,tree_cover,Medium,26.327759,already vegetated (tree cover) - no action needed
+102094+29108,26.1486104477396,91.71304977450669,tree_cover,Low,25.884308,already vegetated (tree cover) - no action needed
+102094+29109,26.14950876349632,91.7130497744816,tree_cover,Low,25.206818,already vegetated (tree cover) - no action needed
+102094+29110,26.15040707815117,91.71304977465158,tree_cover,Low,24.872253,already vegetated (tree cover) - no action needed
+102094+29111,26.15130539410452,91.71304977456506,tree_cover,Low,25.046295,already vegetated (tree cover) - no action needed
+102094+29112,26.1522037085067,91.71304977444754,tree_cover,Medium,25.570068,already vegetated (tree cover) - no action needed
+102094+29114,26.154000339625263,91.71304977434488,tree_cover,Low,25.586365,already vegetated (tree cover) - no action needed
+102094+29115,26.15489865489236,91.71304977436016,tree_cover,Low,25.37027,already vegetated (tree cover) - no action needed
+102094+29116,26.155796970059058,91.71304977434464,tree_cover,Low,24.727264,already vegetated (tree cover) - no action needed
+102094+29117,26.156695285710967,91.71304977429809,tree_cover,Low,24.979218,already vegetated (tree cover) - no action needed
+102094+29118,26.157593600758418,91.71304977444642,tree_cover,Low,23.764221,already vegetated (tree cover) - no action needed
+102094+29119,26.15849191607084,91.71304977456394,tree_cover,Medium,25.65747,already vegetated (tree cover) - no action needed
+102094+29121,26.160288547152533,91.71304977447976,tree_cover,Medium,25.76236,already vegetated (tree cover) - no action needed
+102094+29126,26.16478012297119,91.71304977451828,tree_cover,Medium,26.765472,already vegetated (tree cover) - no action needed
+102094+29127,26.1656784383723,91.7130497743878,tree_cover,Medium,26.355194,already vegetated (tree cover) - no action needed
+102094+29128,26.16657675376892,91.7130497744524,tree_cover,Low,26.148407,already vegetated (tree cover) - no action needed
+102094+29129,26.167475068381343,91.7130497744858,tree_cover,Low,25.57254,already vegetated (tree cover) - no action needed
+102094+29130,26.16837338398317,91.71304977448835,tree_cover,Low,24.489655,already vegetated (tree cover) - no action needed
+102094+29131,26.16927169998345,91.7130497744599,tree_cover,Low,23.908142,already vegetated (tree cover) - no action needed
+102094+29132,26.170170014616435,91.7130497744002,tree_cover,Low,24.630615,already vegetated (tree cover) - no action needed
+102094+29133,26.1710683300084,91.71304977453562,tree_cover,Medium,25.167206,already vegetated (tree cover) - no action needed
+102094+29134,26.17196664503049,91.71304977464,water,High,25.153778,never-touch land cover (water)
+102095+29074,26.118067728362792,91.71394808972371,tree_cover,Medium,27.728363,already vegetated (tree cover) - no action needed
+102095+29075,26.11896604324493,91.71394808974358,tree_cover,Medium,27.531647,already vegetated (tree cover) - no action needed
+102095+29076,26.119864359238484,91.71394808995848,tree_cover,Medium,27.825897,already vegetated (tree cover) - no action needed
+102095+29077,26.120762673676698,91.71394808991695,tree_cover,Medium,27.663452,already vegetated (tree cover) - no action needed
+102095+29078,26.12166098931311,91.7139480898453,tree_cover,Medium,27.650879,already vegetated (tree cover) - no action needed
+102095+29079,26.122559305065057,91.71394808996868,tree_cover,Medium,28.196625,already vegetated (tree cover) - no action needed
+102095+29080,26.1234576198018,91.71394809006124,tree_cover,Medium,28.238464,already vegetated (tree cover) - no action needed
+102095+29081,26.12435593519401,91.71394809012322,tree_cover,Low,27.102203,already vegetated (tree cover) - no action needed
+102095+29082,26.125254250977854,91.713948089929,tree_cover,Low,24.69806,already vegetated (tree cover) - no action needed
+102095+29083,26.12615256556087,91.71394808970418,tree_cover,Medium,24.918823,already vegetated (tree cover) - no action needed
+102095+29084,26.127050881168373,91.71394808967442,tree_cover,Medium,25.743805,already vegetated (tree cover) - no action needed
+102095+29087,26.129745827056706,91.71394808985308,tree_cover,Medium,26.781647,already vegetated (tree cover) - no action needed
+102095+29088,26.130644141771626,91.71394809015248,tree_cover,Medium,26.42331,already vegetated (tree cover) - no action needed
+102095+29089,26.13154245764596,91.71394808996956,tree_cover,Low,26.205688,already vegetated (tree cover) - no action needed
+102095+29090,26.132440772685644,91.71394808975585,tree_cover,Low,26.509552,already vegetated (tree cover) - no action needed
+102095+29091,26.133339088297884,91.7139480897376,tree_cover,Low,26.00705,already vegetated (tree cover) - no action needed
+102095+29092,26.134237403165507,91.7139480896888,tree_cover,Low,24.660736,already vegetated (tree cover) - no action needed
+102095+29093,26.135135718698127,91.7139480896092,tree_cover,Low,24.279358,already vegetated (tree cover) - no action needed
+102095+29094,26.13603403425348,91.71394808972464,tree_cover,Low,25.01065,already vegetated (tree cover) - no action needed
+102095+29095,26.136932348979062,91.71394809003516,tree_cover,Medium,26.27481,already vegetated (tree cover) - no action needed
+102095+29096,26.137830664552634,91.71394809008942,tree_cover,Medium,26.836517,already vegetated (tree cover) - no action needed
+102095+29097,26.138728979874745,91.71394808988724,tree_cover,Medium,27.138702,already vegetated (tree cover) - no action needed
+102095+29098,26.13962729509588,91.71394808988012,tree_cover,Low,26.797882,already vegetated (tree cover) - no action needed
+102095+29099,26.140525610162825,91.71394809006809,tree_cover,Low,26.19693,already vegetated (tree cover) - no action needed
+102095+29100,26.141423925981805,91.7139480899996,tree_cover,Low,26.415863,already vegetated (tree cover) - no action needed
+102095+29101,26.142322240794105,91.71394808967462,tree_cover,Low,26.3815,already vegetated (tree cover) - no action needed
+102095+29102,26.143220555991395,91.7139480897706,tree_cover,Low,25.47995,already vegetated (tree cover) - no action needed
+102095+29103,26.144118871945505,91.71394808983578,tree_cover,Low,25.349457,already vegetated (tree cover) - no action needed
+102095+29104,26.14501718643946,91.71394808964448,tree_cover,Low,23.542603,already vegetated (tree cover) - no action needed
+102095+29105,26.145915501955265,91.7139480896487,tree_cover,Low,23.59085,already vegetated (tree cover) - no action needed
+102095+29106,26.14681381727637,91.713948089848,tree_cover,Low,24.854462,already vegetated (tree cover) - no action needed
+102095+29107,26.147712132808586,91.7139480897904,tree_cover,Medium,26.162811,already vegetated (tree cover) - no action needed
+102095+29108,26.14861044778517,91.7139480897022,tree_cover,Medium,26.319305,already vegetated (tree cover) - no action needed
+102095+29109,26.149508763516813,91.71394808980932,tree_cover,Low,25.49768,already vegetated (tree cover) - no action needed
+102095+29110,26.1504070781471,91.71394808965972,tree_cover,Low,25.243774,already vegetated (tree cover) - no action needed
+102095+29111,26.151305394075543,91.71394808970524,tree_cover,Low,24.358246,already vegetated (tree cover) - no action needed
+102095+29112,26.152203708634826,91.71394808994582,tree_cover,Low,24.46753,already vegetated (tree cover) - no action needed
+102095+29113,26.15310202449272,91.71394808993014,tree_cover,Medium,25.354462,already vegetated (tree cover) - no action needed
+102095+29114,26.154000339521737,91.71394808988386,tree_cover,Medium,25.856659,already vegetated (tree cover) - no action needed
+102095+29115,26.154898654945764,91.71394808980637,tree_cover,Low,25.03125,already vegetated (tree cover) - no action needed
+102095+29116,26.15579697008789,91.71394808992396,tree_cover,Low,24.43393,already vegetated (tree cover) - no action needed
+102095+29117,26.156695285714896,91.71394809001116,tree_cover,Low,23.962097,already vegetated (tree cover) - no action needed
+102095+29118,26.15759360073744,91.71394808984168,tree_cover,Low,23.663483,already vegetated (tree cover) - no action needed
+102095+29119,26.15849191620712,91.71394808986727,tree_cover,Low,24.090485,already vegetated (tree cover) - no action needed
+102095+29120,26.159390230890608,91.7139480898623,tree_cover,Low,24.958374,already vegetated (tree cover) - no action needed
+102095+29121,26.16028854705683,91.7139480898265,built_up,Low,24.886505,low priority - no action needed
+102095+29122,26.16118686167392,91.7139480897597,tree_cover,Low,24.223694,already vegetated (tree cover) - no action needed
+102095+29123,26.16208517723393,91.7139480898882,tree_cover,Medium,25.8414,already vegetated (tree cover) - no action needed
+102095+29126,26.16478012293313,91.71394808986364,tree_cover,Medium,26.828033,already vegetated (tree cover) - no action needed
+102095+29127,26.165678438309502,91.71394808986892,tree_cover,Low,26.162567,already vegetated (tree cover) - no action needed
+102095+29128,26.16657675386321,91.71394808984338,tree_cover,Low,25.34964,already vegetated (tree cover) - no action needed
+102095+29129,26.167475068450905,91.7139480900134,tree_cover,Low,24.841522,already vegetated (tree cover) - no action needed
+102095+29130,26.168373384027817,91.71394809015264,tree_cover,Low,23.904999,already vegetated (tree cover) - no action needed
+102095+29131,26.16927169982104,91.71394809003488,tree_cover,Low,23.826965,already vegetated (tree cover) - no action needed
+102095+29132,26.170170014611266,91.71394808988656,tree_cover,Low,24.195496,already vegetated (tree cover) - no action needed
+102095+29133,26.171068329978333,91.71394808970744,water,Medium,25.74295,never-touch land cover (water)
+102095+29134,26.171966645157333,91.7139480897232,water,High,26.451416,never-touch land cover (water)
+102096+29073,26.11716941296289,91.71484640528011,tree_cover,High,28.40329,already vegetated (tree cover) - no action needed
+102096+29074,26.118067728441336,91.71484640522895,tree_cover,Medium,27.844147,already vegetated (tree cover) - no action needed
+102096+29075,26.118966043298755,91.71484640537328,tree_cover,Medium,28.071259,already vegetated (tree cover) - no action needed
+102096+29076,26.11986435926773,91.7148464052614,tree_cover,Medium,28.5307,already vegetated (tree cover) - no action needed
+102096+29077,26.12076267368154,91.71484640534518,tree_cover,Medium,27.864868,already vegetated (tree cover) - no action needed
+102096+29078,26.121660989293225,91.71484640539822,tree_cover,Medium,28.08493,already vegetated (tree cover) - no action needed
+102096+29079,26.12255930502059,91.71484640519505,tree_cover,Medium,29.069672,already vegetated (tree cover) - no action needed
+102096+29080,26.123457619914834,91.71484640518752,tree_cover,Medium,29.33377,already vegetated (tree cover) - no action needed
+102096+29081,26.12435593510025,91.71484640514944,tree_cover,Medium,27.359161,already vegetated (tree cover) - no action needed
+102096+29082,26.125254250859687,91.7148464050808,tree_cover,Low,24.619476,already vegetated (tree cover) - no action needed
+102096+29083,26.1261525656002,91.71484640520784,tree_cover,Medium,25.469177,already vegetated (tree cover) - no action needed
+102096+29084,26.127050881182967,91.71484640530451,tree_cover,Medium,26.057892,already vegetated (tree cover) - no action needed
+102096+29087,26.12974582717949,91.71484640518632,tree_cover,Medium,27.257538,already vegetated (tree cover) - no action needed
+102096+29088,26.130644141870008,91.7148464051613,tree_cover,Medium,26.779083,already vegetated (tree cover) - no action needed
+102096+29089,26.1315424575374,91.71484640533158,tree_cover,Low,26.455109,already vegetated (tree cover) - no action needed
+102096+29090,26.132440772552687,91.71484640524564,tree_cover,Medium,26.92929,already vegetated (tree cover) - no action needed
+102096+29091,26.13333908832257,91.71484640512956,tree_cover,Low,26.00824,already vegetated (tree cover) - no action needed
+102096+29092,26.1342374031653,91.71484640520876,tree_cover,Low,24.499054,already vegetated (tree cover) - no action needed
+102096+29093,26.13513571867336,91.71484640525736,tree_cover,Low,24.654388,already vegetated (tree cover) - no action needed
+102096+29094,26.136034034386007,91.7148464052756,tree_cover,Low,25.334015,already vegetated (tree cover) - no action needed
+102096+29095,26.13693234908702,91.71484640526349,tree_cover,Low,25.831665,already vegetated (tree cover) - no action needed
+102096+29096,26.137830664454,91.71484640522078,tree_cover,Medium,26.11795,already vegetated (tree cover) - no action needed
+102096+29097,26.138728979933585,91.7148464053736,tree_cover,Medium,26.650055,already vegetated (tree cover) - no action needed
+102096+29098,26.139627295129976,91.71484640549602,tree_cover,Medium,26.515778,already vegetated (tree cover) - no action needed
+102096+29099,26.1405256101722,91.714846405362,tree_cover,Low,26.062073,already vegetated (tree cover) - no action needed
+102096+29100,26.14142392578476,91.71484640519762,tree_cover,Low,26.097992,already vegetated (tree cover) - no action needed
+102096+29101,26.142322240754343,91.71484640522874,tree_cover,Low,25.986298,already vegetated (tree cover) - no action needed
+102096+29102,26.143220556108933,91.71484640522928,tree_cover,Low,26.029785,already vegetated (tree cover) - no action needed
+102096+29103,26.14411887185629,91.71484640519924,tree_cover,Low,25.47934,already vegetated (tree cover) - no action needed
+102096+29104,26.14501718650788,91.71484640536472,tree_cover,Low,23.877777,already vegetated (tree cover) - no action needed
+102096+29105,26.14591550181692,91.71484640527372,tree_cover,Low,23.574554,already vegetated (tree cover) - no action needed
+102096+29106,26.14681381747751,91.71484640515236,tree_cover,Low,24.350311,already vegetated (tree cover) - no action needed
+102096+29107,26.14771213262079,91.71484640522652,tree_cover,Medium,25.504303,already vegetated (tree cover) - no action needed
+102096+29108,26.148610447937017,91.7148464052701,tree_cover,Medium,25.996552,already vegetated (tree cover) - no action needed
+102096+29109,26.149508763461903,91.7148464052833,tree_cover,Low,25.49533,already vegetated (tree cover) - no action needed
+102096+29110,26.150407078067467,91.71484640526592,tree_cover,Medium,25.85733,already vegetated (tree cover) - no action needed
+102096+29111,26.1513053941532,91.71484640521795,tree_cover,Low,25.008026,already vegetated (tree cover) - no action needed
+102096+29112,26.15220370868775,91.71484640513944,tree_cover,Low,24.349457,already vegetated (tree cover) - no action needed
+102096+29113,26.15310202452125,91.7148464052562,tree_cover,Low,24.925873,already vegetated (tree cover) - no action needed
+102096+29114,26.15400033952553,91.7148464053426,tree_cover,Low,25.06369,already vegetated (tree cover) - no action needed
+102096+29115,26.154898654924665,91.71484640539862,tree_cover,Low,24.281952,already vegetated (tree cover) - no action needed
+102096+29116,26.155796970224408,91.71484640542428,tree_cover,Low,23.684784,already vegetated (tree cover) - no action needed
+102096+29117,26.156695285462508,91.71484640519324,tree_cover,Low,23.776459,already vegetated (tree cover) - no action needed
+102096+29118,26.15759360082449,91.71484640515752,tree_cover,Low,23.78717,already vegetated (tree cover) - no action needed
+102096+29119,26.15849191608745,91.71484640509144,tree_cover,Low,24.007904,already vegetated (tree cover) - no action needed
+102096+29120,26.159390230928373,91.71484640499476,tree_cover,Low,25.231903,already vegetated (tree cover) - no action needed
+102096+29121,26.16028854725188,91.71484640531952,tree_cover,Low,25.241852,already vegetated (tree cover) - no action needed
+102096+29122,26.161186861662067,91.7148464056137,tree_cover,Low,24.23526,already vegetated (tree cover) - no action needed
+102096+29123,26.162085177197685,91.71484640542548,tree_cover,Medium,24.836273,already vegetated (tree cover) - no action needed
+102096+29124,26.162983492669927,91.71484640520669,tree_cover,Medium,25.714325,already vegetated (tree cover) - no action needed
+102096+29127,26.165678438356167,91.7148464052704,tree_cover,Medium,26.349152,already vegetated (tree cover) - no action needed
+102096+29128,26.16657675388532,91.7148464053813,tree_cover,Low,25.435822,already vegetated (tree cover) - no action needed
+102096+29129,26.167475068448457,91.71484640523568,tree_cover,Low,24.752045,already vegetated (tree cover) - no action needed
+102096+29130,26.168373384000468,91.71484640505948,tree_cover,Low,23.815216,already vegetated (tree cover) - no action needed
+102096+29131,26.169271699769137,91.71484640507884,tree_cover,Low,24.12912,already vegetated (tree cover) - no action needed
+102096+29133,26.17106832987681,91.714846405477,water,High,25.934967,never-touch land cover (water)
+102096+29134,26.171966645213065,91.71484640540436,water,High,27.900818,never-touch land cover (water)
+102097+29077,26.12076267378699,91.71574472036365,tree_cover,Medium,28.128052,already vegetated (tree cover) - no action needed
+102097+29080,26.123457619946947,91.71574472013027,tree_cover,Medium,29.735565,already vegetated (tree cover) - no action needed
+102097+29081,26.124355935108145,91.71574472021798,tree_cover,Medium,27.15268,already vegetated (tree cover) - no action needed
+102097+29082,26.12525425102492,91.71574472050138,tree_cover,Low,24.989166,already vegetated (tree cover) - no action needed
+102097+29083,26.12615256555932,91.71574472052858,tree_cover,Medium,25.517853,already vegetated (tree cover) - no action needed
+102097+29084,26.127050881117533,91.7157447203,tree_cover,Low,25.790863,already vegetated (tree cover) - no action needed
+102097+29086,26.1288475119459,91.71574472042956,tree_cover,Medium,27.29129,already vegetated (tree cover) - no action needed
+102097+29087,26.129745827040725,91.71574472056204,tree_cover,Medium,27.409454,already vegetated (tree cover) - no action needed
+102097+29088,26.130644141888887,91.71574472043832,tree_cover,Medium,27.317047,already vegetated (tree cover) - no action needed
+102097+29089,26.1315424575319,91.71574472028465,tree_cover,Low,27.154541,already vegetated (tree cover) - no action needed
+102097+29090,26.1324407725228,91.71574472032668,tree_cover,Low,27.31308,already vegetated (tree cover) - no action needed
+102097+29091,26.133339088268134,91.71574472033817,tree_cover,Low,26.151642,already vegetated (tree cover) - no action needed
+102097+29092,26.134237403268514,91.71574472031948,tree_cover,Low,24.955597,already vegetated (tree cover) - no action needed
+102097+29093,26.13513571875201,91.71574472049656,tree_cover,Low,24.843292,already vegetated (tree cover) - no action needed
+102097+29094,26.136034034258422,91.71574472041758,tree_cover,Low,25.61673,already vegetated (tree cover) - no action needed
+102097+29095,26.136932349116915,91.71574472030848,tree_cover,Low,26.027557,already vegetated (tree cover) - no action needed
+102097+29096,26.13783066445933,91.71574472039488,tree_cover,Low,25.80603,already vegetated (tree cover) - no action needed
+102097+29097,26.13872897991453,91.71574472022505,tree_cover,Medium,25.881805,already vegetated (tree cover) - no action needed
+102097+29098,26.13962729508671,91.7157447200253,tree_cover,Medium,26.184662,already vegetated (tree cover) - no action needed
+102097+29099,26.1405256101042,91.71574472002126,tree_cover,Low,25.974945,already vegetated (tree cover) - no action needed
+102097+29100,26.141423925874413,91.71574472021253,tree_cover,Low,25.631287,already vegetated (tree cover) - no action needed
+102097+29101,26.142322240819613,91.71574472037364,tree_cover,Low,25.695648,already vegetated (tree cover) - no action needed
+102097+29102,26.14322055614964,91.71574472050462,tree_cover,Low,25.999054,already vegetated (tree cover) - no action needed
+102097+29103,26.14411887187261,91.71574472060544,tree_cover,Low,25.314148,already vegetated (tree cover) - no action needed
+102097+29104,26.145017186499658,91.71574472045003,tree_cover,Low,23.891144,already vegetated (tree cover) - no action needed
+102097+29105,26.14591550178413,91.71574472049016,tree_cover,Low,23.489899,already vegetated (tree cover) - no action needed
+102097+29106,26.146813817420355,91.71574472049988,tree_cover,Low,23.890686,already vegetated (tree cover) - no action needed
+102097+29107,26.147712132721093,91.71574472047928,tree_cover,Low,24.555328,already vegetated (tree cover) - no action needed
+102097+29108,26.148610447831093,91.71574472042872,tree_cover,Low,24.855682,already vegetated (tree cover) - no action needed
+102097+29109,26.14950876351328,91.71574472034784,tree_cover,Low,25.412262,already vegetated (tree cover) - no action needed
+102097+29110,26.150407078094453,91.71574472046244,tree_cover,Medium,25.921478,already vegetated (tree cover) - no action needed
+102097+29111,26.15130539415563,91.71574472054692,tree_cover,Medium,26.004608,already vegetated (tree cover) - no action needed
+102097+29112,26.152203708665795,91.71574472060124,tree_cover,Low,25.05835,already vegetated (tree cover) - no action needed
+102097+29113,26.153102024474578,91.71574472039931,tree_cover,Low,24.590485,already vegetated (tree cover) - no action needed
+102097+29114,26.15400033945448,91.7157447201668,tree_cover,Low,24.767029,already vegetated (tree cover) - no action needed
+102097+29115,26.154898655011404,91.71574472013025,tree_cover,Low,24.373291,already vegetated (tree cover) - no action needed
+102097+29116,26.15579697010442,91.71574472006331,tree_cover,Low,23.920563,already vegetated (tree cover) - no action needed
+102097+29117,26.156695285499804,91.71574472019174,tree_cover,Low,23.749298,already vegetated (tree cover) - no action needed
+102097+29118,26.157593600837583,91.71574472029,tree_cover,Low,23.945862,already vegetated (tree cover) - no action needed
+102097+29119,26.158491916075985,91.7157447203581,tree_cover,Low,24.434448,already vegetated (tree cover) - no action needed
+102097+29120,26.159390230892363,91.71574472039585,tree_cover,Medium,25.207977,already vegetated (tree cover) - no action needed
+102097+29121,26.16028854737348,91.71574472017733,tree_cover,Low,24.400787,already vegetated (tree cover) - no action needed
+102097+29122,26.161186861758942,91.71574472015436,tree_cover,Low,23.68637,already vegetated (tree cover) - no action needed
+102097+29127,26.16567843851263,91.7157447202628,tree_cover,Medium,26.234375,already vegetated (tree cover) - no action needed
+102097+29128,26.166576753835244,91.71574472028396,tree_cover,Low,25.132355,already vegetated (tree cover) - no action needed
+102097+29129,26.16747506837366,91.71574472027456,tree_cover,Low,24.032074,already vegetated (tree cover) - no action needed
+102097+29130,26.168373383901297,91.71574472023478,tree_cover,Low,23.253448,already vegetated (tree cover) - no action needed
+102097+29131,26.1692716998274,91.71574472016466,tree_cover,Medium,24.53424,already vegetated (tree cover) - no action needed
+102097+29133,26.171068329885976,91.71574472038576,water,High,26.192657,never-touch land cover (water)
+102097+29134,26.17196664519768,91.71574472045069,water,High,28.092438,never-touch land cover (water)
+102098+29080,26.123457620080355,91.71664303594608,tree_cover,Medium,29.566193,already vegetated (tree cover) - no action needed
+102098+29081,26.124355935035467,91.7166430359337,tree_cover,Medium,27.701508,already vegetated (tree cover) - no action needed
+102098+29082,26.125254251109904,91.71664303566558,tree_cover,Low,25.337494,already vegetated (tree cover) - no action needed
+102098+29083,26.12615256543805,91.71664303559338,tree_cover,Low,25.767365,already vegetated (tree cover) - no action needed
+102098+29084,26.127050881154105,91.71664303571688,tree_cover,Medium,26.547394,already vegetated (tree cover) - no action needed
+102098+29087,26.12974582682245,91.71664303568156,tree_cover,Medium,27.67743,already vegetated (tree cover) - no action needed
+102098+29088,26.13064414201051,91.7166430356854,tree_cover,Medium,27.943756,already vegetated (tree cover) - no action needed
+102098+29089,26.131542457447264,91.71664303588491,tree_cover,Medium,27.510468,already vegetated (tree cover) - no action needed
+102098+29090,26.132440772596,91.71664303582868,tree_cover,Medium,27.422699,already vegetated (tree cover) - no action needed
+102098+29091,26.13333908831678,91.71664303596836,tree_cover,Low,26.090302,already vegetated (tree cover) - no action needed
+102098+29092,26.13423740329312,91.71664303607793,tree_cover,Low,24.875336,already vegetated (tree cover) - no action needed
+102098+29093,26.13513571875224,91.71664303593168,tree_cover,Low,24.806854,already vegetated (tree cover) - no action needed
+102098+29094,26.136034034234616,91.71664303598138,tree_cover,Low,25.886902,already vegetated (tree cover) - no action needed
+102098+29095,26.136932349068555,91.71664303600096,tree_cover,Medium,26.361298,already vegetated (tree cover) - no action needed
+102098+29096,26.13783066438694,91.71664303576472,tree_cover,Low,26.144836,already vegetated (tree cover) - no action needed
+102098+29097,26.13872897981759,91.71664303572445,tree_cover,Medium,26.255249,already vegetated (tree cover) - no action needed
+102098+29098,26.13962729514777,91.71664303587968,tree_cover,Medium,26.73703,already vegetated (tree cover) - no action needed
+102098+29099,26.14052561014088,91.71664303600498,tree_cover,Low,26.247894,already vegetated (tree cover) - no action needed
+102098+29100,26.141423925886883,91.71664303587472,tree_cover,Low,25.448456,already vegetated (tree cover) - no action needed
+102098+29101,26.14232224080754,91.71664303571409,tree_cover,Low,25.122559,already vegetated (tree cover) - no action needed
+102098+29102,26.14322055629573,91.7166430357494,tree_cover,Low,25.797455,already vegetated (tree cover) - no action needed
+102098+29103,26.14411887181213,91.7166430357548,tree_cover,Low,25.751373,already vegetated (tree cover) - no action needed
+102098+29104,26.145017186414965,91.71664303573004,tree_cover,Low,23.94278,already vegetated (tree cover) - no action needed
+102098+29105,26.14591550185709,91.71664303567538,tree_cover,Low,23.102905,already vegetated (tree cover) - no action needed
+102098+29106,26.14681381746893,91.71664303581646,tree_cover,Low,23.63797,already vegetated (tree cover) - no action needed
+102098+29107,26.14771213274564,91.71664303592782,tree_cover,Low,24.166565,already vegetated (tree cover) - no action needed
+102098+29108,26.14861044764908,91.71664303578294,tree_cover,Low,23.810516,already vegetated (tree cover) - no action needed
+102098+29109,26.14950876348908,91.71664303560792,tree_cover,Low,24.925812,already vegetated (tree cover) - no action needed
+102098+29110,26.150407078228056,91.71664303562906,tree_cover,Low,25.46579,already vegetated (tree cover) - no action needed
+102098+29111,26.15130539408285,91.71664303562008,tree_cover,Medium,25.74704,already vegetated (tree cover) - no action needed
+102098+29112,26.15220370875065,91.71664303558072,tree_cover,Low,24.984863,already vegetated (tree cover) - no action needed
+102098+29113,26.153102024353213,91.71664303573736,tree_cover,Low,24.519043,already vegetated (tree cover) - no action needed
+102098+29114,26.15400033949075,91.71664303586424,tree_cover,Medium,24.59494,already vegetated (tree cover) - no action needed
+102098+29115,26.154898655023302,91.7166430359606,tree_cover,Low,24.383392,already vegetated (tree cover) - no action needed
+102098+29116,26.15579697009212,91.716643036027,tree_cover,Low,24.226593,already vegetated (tree cover) - no action needed
+102098+29117,26.156695285463123,91.7166430358378,tree_cover,Low,23.977753,already vegetated (tree cover) - no action needed
+102098+29118,26.15759360095854,91.71664303584416,tree_cover,Low,24.347046,already vegetated (tree cover) - no action needed
+102098+29121,26.16028854723948,91.71664303590823,tree_cover,Low,24.483734,already vegetated (tree cover) - no action needed
+102098+29122,26.16118686178257,91.71664303579422,tree_cover,Low,24.00241,already vegetated (tree cover) - no action needed
+102098+29124,26.162983492510936,91.71664303570208,tree_cover,Low,24.710419,already vegetated (tree cover) - no action needed
+102098+29127,26.165678438414574,91.71664303567648,tree_cover,Medium,26.97873,already vegetated (tree cover) - no action needed
+102098+29128,26.1665767538948,91.7166430356075,tree_cover,Low,25.542816,already vegetated (tree cover) - no action needed
+102098+29129,26.167475068408844,91.71664303573452,tree_cover,Low,24.197723,already vegetated (tree cover) - no action needed
+102098+29130,26.168373383912275,91.71664303583162,tree_cover,Low,23.36261,already vegetated (tree cover) - no action needed
+102098+29131,26.169271699813844,91.71664303589856,tree_cover,Low,24.095306,already vegetated (tree cover) - no action needed
+102098+29132,26.1701700148944,91.71664303570924,tree_cover,Medium,24.913544,already vegetated (tree cover) - no action needed
+102098+29133,26.17106833000583,91.71664303571568,water,High,25.380371,never-touch land cover (water)
+102098+29134,26.171966645111187,91.71664303569216,water,Medium,26.953766,never-touch land cover (water)
+102099+29081,26.124355935063925,91.71754135066772,tree_cover,Medium,28.091705,already vegetated (tree cover) - no action needed
+102099+29082,26.12525425111449,91.71754135097684,tree_cover,Low,26.15152,already vegetated (tree cover) - no action needed
+102099+29083,26.12615256541861,91.71754135103065,tree_cover,Medium,26.45047,already vegetated (tree cover) - no action needed
+102099+29087,26.12974582688877,91.71754135094862,tree_cover,Medium,27.847443,already vegetated (tree cover) - no action needed
+102099+29088,26.130644142052795,91.71754135107956,tree_cover,Medium,27.70111,already vegetated (tree cover) - no action needed
+102099+29089,26.131542457465343,91.71754135095492,tree_cover,Medium,27.645996,already vegetated (tree cover) - no action needed
+102099+29090,26.13244077259005,91.71754135102624,tree_cover,Medium,27.548798,already vegetated (tree cover) - no action needed
+102099+29091,26.1333390882868,91.71754135084198,tree_cover,Low,26.335602,already vegetated (tree cover) - no action needed
+102099+29092,26.13423740323894,91.71754135062804,tree_cover,Low,24.7247,already vegetated (tree cover) - no action needed
+102099+29093,26.13513571867421,91.71754135061023,tree_cover,Low,24.77832,already vegetated (tree cover) - no action needed
+102099+29094,26.13603403431425,91.71754135056251,tree_cover,Low,25.774261,already vegetated (tree cover) - no action needed
+102099+29095,26.13693234912417,91.71754135071076,tree_cover,Medium,26.281342,already vegetated (tree cover) - no action needed
+102099+29096,26.13783066441868,91.71754135105536,tree_cover,Low,26.2742,already vegetated (tree cover) - no action needed
+102099+29097,26.13872897982497,91.71754135114418,tree_cover,Medium,26.602936,already vegetated (tree cover) - no action needed
+102099+29098,26.13962729513112,91.71754135097744,tree_cover,Medium,26.960205,already vegetated (tree cover) - no action needed
+102099+29099,26.1405256101002,91.717541350781,tree_cover,Medium,27.170807,already vegetated (tree cover) - no action needed
+102099+29100,26.141423925822,91.71754135078028,tree_cover,Low,26.251434,already vegetated (tree cover) - no action needed
+102099+29101,26.142322240900484,91.71754135097572,tree_cover,Low,25.02832,already vegetated (tree cover) - no action needed
+102099+29102,26.1432205561828,91.7175413509156,tree_cover,Low,25.985443,already vegetated (tree cover) - no action needed
+102099+29103,26.144118871857025,91.71754135082578,tree_cover,Low,26.592865,already vegetated (tree cover) - no action needed
+102099+29104,26.14501718643566,91.71754135093192,tree_cover,Low,24.453003,already vegetated (tree cover) - no action needed
+102099+29105,26.14591550185376,91.71754135100814,tree_cover,Low,22.58844,already vegetated (tree cover) - no action needed
+102099+29106,26.14681381744157,91.71754135082897,tree_cover,Low,22.850037,already vegetated (tree cover) - no action needed
+102099+29107,26.14771213269408,91.71754135061968,tree_cover,Low,23.419037,already vegetated (tree cover) - no action needed
+102099+29108,26.148610447755345,91.71754135083243,tree_cover,Low,23.30194,already vegetated (tree cover) - no action needed
+102099+29109,26.149508763389285,91.71754135101553,tree_cover,Low,24.540192,already vegetated (tree cover) - no action needed
+102099+29110,26.150407078286097,91.71754135094255,tree_cover,Low,24.990387,already vegetated (tree cover) - no action needed
+102099+29111,26.15130539393484,91.71754135083988,tree_cover,Low,25.56662,already vegetated (tree cover) - no action needed
+102099+29112,26.152203708942302,91.7175413509334,tree_cover,Medium,25.160492,already vegetated (tree cover) - no action needed
+102099+29113,26.15310202433901,91.717541350997,tree_cover,Low,24.382172,already vegetated (tree cover) - no action needed
+102099+29114,26.154000339634354,91.71754135103068,tree_cover,Low,24.20456,already vegetated (tree cover) - no action needed
+102099+29115,26.15489865496053,91.71754135103464,tree_cover,Low,23.739594,already vegetated (tree cover) - no action needed
+102099+29116,26.15579697000549,91.7175413507828,tree_cover,Low,23.646332,already vegetated (tree cover) - no action needed
+102099+29117,26.156695285534312,91.71754135095284,tree_cover,Low,23.88916,already vegetated (tree cover) - no action needed
+102099+29118,26.15759360100553,91.71754135109316,tree_cover,Low,24.824738,already vegetated (tree cover) - no action needed
+102099+29119,26.15849191601318,91.71754135075176,tree_cover,Low,24.76059,already vegetated (tree cover) - no action needed
+102099+29120,26.159390230963496,91.71754135083224,tree_cover,Low,24.177155,already vegetated (tree cover) - no action needed
+102099+29121,26.16028854721387,91.71754135110872,built_up,Low,23.982697,low priority - no action needed
+102099+29122,26.161186861551126,91.71754135090367,tree_cover,Low,24.375275,already vegetated (tree cover) - no action needed
+102099+29123,26.162085177195788,91.7175413508946,tree_cover,Low,25.328949,already vegetated (tree cover) - no action needed
+102099+29124,26.16298349259492,91.71754135108132,tree_cover,Low,25.036346,already vegetated (tree cover) - no action needed
+102099+29125,26.163881807810007,91.7175413510124,tree_cover,Medium,25.065094,already vegetated (tree cover) - no action needed
+102099+29128,26.16657675388217,91.71754135107858,tree_cover,Medium,26.530914,already vegetated (tree cover) - no action needed
+102099+29129,26.16747506855401,91.71754135111613,tree_cover,Low,24.817413,already vegetated (tree cover) - no action needed
+102099+29130,26.16837338385127,91.7175413511235,tree_cover,Low,23.74408,already vegetated (tree cover) - no action needed
+102099+29131,26.169271699728807,91.71754135087524,tree_cover,Medium,25.08554,already vegetated (tree cover) - no action needed
+102099+29132,26.170170014785008,91.7175413508232,water,High,26.30783,never-touch land cover (water)
+102099+29133,26.171068330054226,91.71754135074104,water,High,27.515167,never-touch land cover (water)
+102099+29134,26.17196664513556,91.71754135085486,water,Medium,27.351105,never-touch land cover (water)
+102100+29081,26.12435593519385,91.7184396667751,tree_cover,Medium,28.43982,already vegetated (tree cover) - no action needed
+102100+29082,26.125254251038527,91.71843966653292,tree_cover,Medium,27.409393,already vegetated (tree cover) - no action needed
+102100+29083,26.12615256550085,91.71843966648689,tree_cover,Medium,27.646759,already vegetated (tree cover) - no action needed
+102100+29090,26.132440772687023,91.71843966624232,tree_cover,Medium,28.185333,already vegetated (tree cover) - no action needed
+102100+29091,26.133339088178044,91.71843966641194,tree_cover,Medium,27.02005,already vegetated (tree cover) - no action needed
+102100+29092,26.1342374032882,91.71843966655209,tree_cover,Low,24.983429,already vegetated (tree cover) - no action needed
+102100+29093,26.13513571869961,91.71843966666248,tree_cover,Low,24.802765,already vegetated (tree cover) - no action needed
+102100+29094,26.1360340341336,91.7184396665176,tree_cover,Low,25.43393,already vegetated (tree cover) - no action needed
+102100+29095,26.13693234928373,91.7184396663432,tree_cover,Medium,26.232635,already vegetated (tree cover) - no action needed
+102100+29096,26.1378306645544,91.71843966636496,tree_cover,Medium,26.878937,already vegetated (tree cover) - no action needed
+102100+29097,26.138728979754628,91.71843966635724,tree_cover,Medium,27.037262,already vegetated (tree cover) - no action needed
+102100+29098,26.139627295036927,91.71843966631984,tree_cover,Medium,27.082123,already vegetated (tree cover) - no action needed
+102100+29099,26.140525610164183,91.71843966647882,tree_cover,Medium,27.740753,already vegetated (tree cover) - no action needed
+102100+29100,26.1414239258618,91.7184396666083,tree_cover,Medium,27.749237,already vegetated (tree cover) - no action needed
+102100+29101,26.14232224091661,91.71843966648224,tree_cover,Low,26.325287,already vegetated (tree cover) - no action needed
+102100+29102,26.14322055599288,91.71843966632667,tree_cover,Medium,26.381989,already vegetated (tree cover) - no action needed
+102100+29103,26.1441188720073,91.71843966636727,tree_cover,Medium,27.061005,already vegetated (tree cover) - no action needed
+102100+29104,26.14501718637989,91.71843966637842,tree_cover,Low,24.916779,already vegetated (tree cover) - no action needed
+102100+29105,26.145915501955983,91.71843966635984,tree_cover,Low,22.618286,already vegetated (tree cover) - no action needed
+102100+29106,26.146813817338103,91.71843966653748,tree_cover,Low,22.790375,already vegetated (tree cover) - no action needed
+102100+29107,26.14771213274844,91.7184396666858,tree_cover,Low,23.17746,already vegetated (tree cover) - no action needed
+102100+29108,26.148610447785853,91.71843966657838,tree_cover,Low,23.226715,already vegetated (tree cover) - no action needed
+102100+29109,26.149508763395776,91.71843966644124,tree_cover,Low,24.417694,already vegetated (tree cover) - no action needed
+102100+29110,26.15040707826873,91.7184396665007,tree_cover,Low,24.798553,already vegetated (tree cover) - no action needed
+102100+29111,26.151305393893463,91.71843966653049,tree_cover,Low,25.025177,already vegetated (tree cover) - no action needed
+102100+29112,26.15220370887708,91.71843966630465,tree_cover,Low,24.998383,already vegetated (tree cover) - no action needed
+102100+29113,26.15310202443177,91.71843966627522,tree_cover,Low,24.34134,already vegetated (tree cover) - no action needed
+102100+29114,26.154000339703103,91.718439666442,tree_cover,Low,24.242828,already vegetated (tree cover) - no action needed
+102100+29115,26.154898654823423,91.71843966635318,tree_cover,Low,24.155731,already vegetated (tree cover) - no action needed
+102100+29116,26.1557969700262,91.71843966646055,tree_cover,Low,23.651154,already vegetated (tree cover) - no action needed
+102100+29117,26.156695285713344,91.71843966653846,tree_cover,Low,23.99878,already vegetated (tree cover) - no action needed
+102100+29118,26.157593600796368,91.71843966636077,tree_cover,Low,24.83606,already vegetated (tree cover) - no action needed
+102100+29119,26.15849191596235,91.71843966637944,tree_cover,Low,24.545135,already vegetated (tree cover) - no action needed
+102100+29120,26.15939023107031,91.71843966636848,tree_cover,Low,24.222534,already vegetated (tree cover) - no action needed
+102100+29121,26.16028854729701,91.71843966632775,tree_cover,Low,23.596252,already vegetated (tree cover) - no action needed
+102100+29122,26.16118686142825,91.71843966648348,tree_cover,Low,24.242615,already vegetated (tree cover) - no action needed
+102100+29124,26.16298349260601,91.7184396662538,tree_cover,Low,25.49173,already vegetated (tree cover) - no action needed
+102100+29126,26.16478012274668,91.71843966635734,tree_cover,Medium,25.401276,already vegetated (tree cover) - no action needed
+102100+29128,26.16657675379736,91.71843966634208,tree_cover,Medium,26.433807,already vegetated (tree cover) - no action needed
+102100+29129,26.16747506862701,91.71843966628988,tree_cover,Low,25.20633,already vegetated (tree cover) - no action needed
+102100+29130,26.168373383900416,91.71843966643414,tree_cover,Low,24.140778,already vegetated (tree cover) - no action needed
+102100+29131,26.169271699571965,91.71843966654868,tree_cover,Medium,25.592255,already vegetated (tree cover) - no action needed
+102100+29132,26.170170014968104,91.71843966663332,water,High,28.787994,never-touch land cover (water)
+102100+29133,26.171068329849344,91.71843966668844,water,High,30.345093,never-touch land cover (water)
+102101+29082,26.12525425088234,91.71933798135828,tree_cover,High,29.329987,already vegetated (tree cover) - no action needed
+102101+29090,26.132440772705184,91.71933798163154,tree_cover,High,28.538818,already vegetated (tree cover) - no action needed
+102101+29091,26.1333390881722,91.7193379814772,tree_cover,Medium,27.50879,already vegetated (tree cover) - no action needed
+102101+29092,26.13423740325885,91.7193379812934,tree_cover,Low,26.28543,already vegetated (tree cover) - no action needed
+102101+29093,26.135135718828447,91.7193379813064,tree_cover,Low,25.717468,already vegetated (tree cover) - no action needed
+102101+29094,26.136034034056884,91.71933798151602,tree_cover,Low,25.583221,already vegetated (tree cover) - no action needed
+102101+29095,26.136932349183184,91.7193379814705,tree_cover,Low,25.925812,already vegetated (tree cover) - no action needed
+102101+29096,26.13783066461188,91.7193379813953,tree_cover,Medium,26.843414,already vegetated (tree cover) - no action needed
+102101+29097,26.13872897978877,91.7193379815167,tree_cover,Medium,26.976044,already vegetated (tree cover) - no action needed
+102101+29098,26.139627295047056,91.71933798160904,tree_cover,Medium,26.734344,already vegetated (tree cover) - no action needed
+102101+29099,26.140525610150643,91.71933798144585,tree_cover,Medium,27.76596,already vegetated (tree cover) - no action needed
+102101+29100,26.14142392600661,91.71933798147924,tree_cover,Medium,27.94223,already vegetated (tree cover) - no action needed
+102101+29101,26.14232224085572,91.71933798170946,tree_cover,Medium,26.993439,already vegetated (tree cover) - no action needed
+102101+29102,26.143220555907973,91.7193379816841,tree_cover,Medium,26.733856,already vegetated (tree cover) - no action needed
+102101+29103,26.144118871898726,91.71933798140344,tree_cover,Medium,27.503357,already vegetated (tree cover) - no action needed
+102101+29104,26.14501718642968,91.71933798131931,tree_cover,Low,25.37616,already vegetated (tree cover) - no action needed
+102101+29105,26.14591550198192,91.71933798143186,tree_cover,Low,22.94217,already vegetated (tree cover) - no action needed
+102101+29106,26.146813817340373,91.71933798128926,tree_cover,Low,23.64444,already vegetated (tree cover) - no action needed
+102101+29107,26.14771213290889,91.71933798134285,tree_cover,Low,23.725372,already vegetated (tree cover) - no action needed
+102101+29108,26.14861044774043,91.71933798159304,tree_cover,Low,23.478912,already vegetated (tree cover) - no action needed
+102101+29109,26.149508763326864,91.7193379815883,tree_cover,Low,23.920258,already vegetated (tree cover) - no action needed
+102101+29110,26.15040707817581,91.71933798132798,tree_cover,Low,24.361115,already vegetated (tree cover) - no action needed
+102101+29111,26.1513053941409,91.71933798148996,tree_cover,Low,24.019836,already vegetated (tree cover) - no action needed
+102101+29112,26.15220370855464,91.71933798162269,tree_cover,Low,24.236908,already vegetated (tree cover) - no action needed
+102101+29113,26.15310202463169,91.71933798150005,tree_cover,Low,24.520294,already vegetated (tree cover) - no action needed
+102101+29114,26.15400033951499,91.7193379813479,tree_cover,Low,24.40622,already vegetated (tree cover) - no action needed
+102101+29115,26.15489865497582,91.7193379813924,tree_cover,Low,24.598969,already vegetated (tree cover) - no action needed
+102101+29116,26.1557969701546,91.71933798163352,tree_cover,Low,24.098602,already vegetated (tree cover) - no action needed
+102101+29117,26.15669528545406,91.71933798139317,tree_cover,Low,23.803253,already vegetated (tree cover) - no action needed
+102101+29118,26.15759360087725,91.71933798134944,tree_cover,Low,24.117767,already vegetated (tree cover) - no action needed
+102101+29119,26.158491916019564,91.71933798150214,tree_cover,Low,24.294647,already vegetated (tree cover) - no action needed
+102101+29120,26.15939023092152,91.71933798139943,tree_cover,Low,24.093475,already vegetated (tree cover) - no action needed
+102101+29121,26.16028854730672,91.71933798126749,tree_cover,Low,23.297028,already vegetated (tree cover) - no action needed
+102101+29122,26.161186861595937,91.71933798133196,tree_cover,Low,23.458435,already vegetated (tree cover) - no action needed
+102101+29129,26.16747506844618,91.71933798141048,tree_cover,Medium,26.134186,already vegetated (tree cover) - no action needed
+102101+29131,26.16927169970726,91.71933798149072,tree_cover,Medium,26.105774,already vegetated (tree cover) - no action needed
+102101+29132,26.17017001489758,91.7193379814865,water,High,28.097565,never-touch land cover (water)
+102101+29133,26.171068329937142,91.7193379814528,water,High,30.44986,never-touch land cover (water)
+102102+29089,26.13154245759052,91.72023629673748,tree_cover,Medium,28.289337,already vegetated (tree cover) - no action needed
+102102+29090,26.132440772644213,91.7202362967402,tree_cover,Medium,28.385468,already vegetated (tree cover) - no action needed
+102102+29091,26.13333908808756,91.72023629671384,tree_cover,Medium,28.180695,already vegetated (tree cover) - no action needed
+102102+29092,26.13423740315071,91.72023629665848,tree_cover,Medium,27.527985,already vegetated (tree cover) - no action needed
+102102+29093,26.135135718879024,91.72023629657406,tree_cover,Medium,27.29129,already vegetated (tree cover) - no action needed
+102102+29094,26.13603403426567,91.72023629668628,tree_cover,Medium,26.44043,already vegetated (tree cover) - no action needed
+102102+29095,26.136932349004567,91.7202362967692,tree_cover,Low,26.122528,already vegetated (tree cover) - no action needed
+102102+29096,26.13783066459146,91.72023629659743,tree_cover,Medium,27.305145,already vegetated (tree cover) - no action needed
+102102+29097,26.138728979927063,91.72023629662228,tree_cover,Medium,27.272644,already vegetated (tree cover) - no action needed
+102102+29098,26.139627294979647,91.7202362966179,tree_cover,Medium,26.484528,already vegetated (tree cover) - no action needed
+102102+29099,26.140525610059743,91.72023629658466,tree_cover,Medium,27.283539,already vegetated (tree cover) - no action needed
+102102+29100,26.141423926074243,91.7202362965224,tree_cover,Medium,27.903961,already vegetated (tree cover) - no action needed
+102102+29101,26.14232224089952,91.72023629643044,tree_cover,Medium,27.355194,already vegetated (tree cover) - no action needed
+102102+29102,26.14322055592828,91.72023629653532,tree_cover,Medium,27.249725,already vegetated (tree cover) - no action needed
+102102+29103,26.14411887171352,91.72023629661136,tree_cover,Medium,27.720215,already vegetated (tree cover) - no action needed
+102102+29104,26.14501718658483,91.72023629665816,tree_cover,Low,25.679169,already vegetated (tree cover) - no action needed
+102102+29105,26.145915501931743,91.7202362966759,tree_cover,Low,23.692352,already vegetated (tree cover) - no action needed
+102102+29106,26.14681381726636,91.7202362966644,tree_cover,Low,23.923126,already vegetated (tree cover) - no action needed
+102102+29107,26.147712132993227,91.72023629662364,tree_cover,Low,23.70523,already vegetated (tree cover) - no action needed
+102102+29108,26.14861044780145,91.72023629655382,tree_cover,Low,23.690338,already vegetated (tree cover) - no action needed
+102102+29109,26.14950876336422,91.72023629668064,tree_cover,Low,23.854675,already vegetated (tree cover) - no action needed
+102102+29110,26.15040707800732,91.7202362967782,tree_cover,Low,24.313446,already vegetated (tree cover) - no action needed
+102102+29111,26.151305394313106,91.72023629662084,tree_cover,Low,23.567596,already vegetated (tree cover) - no action needed
+102102+29112,26.15220370852117,91.72023629666032,tree_cover,Low,23.876709,already vegetated (tree cover) - no action needed
+102102+29113,26.15310202457456,91.72023629667056,tree_cover,Low,24.766144,already vegetated (tree cover) - no action needed
+102102+29114,26.15400033943437,91.72023629665172,tree_cover,Medium,25.446136,already vegetated (tree cover) - no action needed
+102102+29115,26.15489865505356,91.72023629660364,tree_cover,Low,25.464874,already vegetated (tree cover) - no action needed
+102102+29116,26.15579697020865,91.72023629652608,tree_cover,Low,24.311035,already vegetated (tree cover) - no action needed
+102102+29117,26.15669528530245,91.7202362966454,tree_cover,Low,24.031708,already vegetated (tree cover) - no action needed
+102102+29118,26.15759360088433,91.72023629650974,tree_cover,Low,24.276215,already vegetated (tree cover) - no action needed
+102102+29119,26.15849191618464,91.72023629657076,tree_cover,Low,24.56549,already vegetated (tree cover) - no action needed
+102102+29120,26.15939023088128,91.72023629682838,tree_cover,Low,23.722504,already vegetated (tree cover) - no action needed
+102102+29121,26.16028854724265,91.72023629683086,tree_cover,Low,23.012054,already vegetated (tree cover) - no action needed
+102102+29122,26.161186861690208,91.72023629680388,tree_cover,Low,22.821564,already vegetated (tree cover) - no action needed
+102102+29123,26.16208517726353,91.72023629674804,tree_cover,Low,23.538727,already vegetated (tree cover) - no action needed
+102103+29091,26.133339088106336,91.7211346119702,tree_cover,Medium,28.476074,already vegetated (tree cover) - no action needed
+102103+29092,26.134237403146013,91.72113461204306,tree_cover,Medium,27.706146,already vegetated (tree cover) - no action needed
+102103+29094,26.13603403439602,91.72113461210164,tree_cover,Medium,27.836517,already vegetated (tree cover) - no action needed
+102103+29095,26.136932348929744,91.7211346120876,tree_cover,Medium,27.766754,already vegetated (tree cover) - no action needed
+102103+29097,26.138728979987285,91.72113461197326,tree_cover,Medium,28.521973,already vegetated (tree cover) - no action needed
+102103+29098,26.139627295016734,91.7211346120984,tree_cover,Medium,27.383575,already vegetated (tree cover) - no action needed
+102103+29099,26.14052561007351,91.72113461219472,tree_cover,Medium,27.520844,already vegetated (tree cover) - no action needed
+102103+29100,26.141423926064345,91.72113461226182,tree_cover,Medium,28.092438,already vegetated (tree cover) - no action needed
+102103+29101,26.14232224086631,91.7211346123003,tree_cover,Medium,27.478241,already vegetated (tree cover) - no action needed
+102103+29102,26.143220556053947,91.72113461231017,tree_cover,Medium,27.722443,already vegetated (tree cover) - no action needed
+102103+29103,26.144118871633506,91.72113461229075,tree_cover,Medium,28.14978,already vegetated (tree cover) - no action needed
+102103+29104,26.145017186663534,91.72113461224237,tree_cover,Low,25.929443,already vegetated (tree cover) - no action needed
+102103+29105,26.14591550180511,91.72113461216512,tree_cover,Low,24.434113,already vegetated (tree cover) - no action needed
+102103+29106,26.1468138174801,91.72113461228471,tree_cover,Low,24.875824,already vegetated (tree cover) - no action needed
+102103+29107,26.147712132819787,91.72113461237552,tree_cover,Low,24.605743,already vegetated (tree cover) - no action needed
+102103+29108,26.148610447786545,91.7211346122116,tree_cover,Low,24.118927,already vegetated (tree cover) - no action needed
+102103+29109,26.14950876332583,91.72113461201862,tree_cover,Low,24.15683,already vegetated (tree cover) - no action needed
+102103+29110,26.150407078127632,91.72113461202272,tree_cover,Low,24.466217,already vegetated (tree cover) - no action needed
+102103+29111,26.151305394227744,91.72113461222344,tree_cover,Low,23.387665,already vegetated (tree cover) - no action needed
+102103+29112,26.152203708594858,91.7211346121695,tree_cover,Low,23.108917,already vegetated (tree cover) - no action needed
+102103+29113,26.15310202444241,91.72113461208669,tree_cover,Low,24.09317,already vegetated (tree cover) - no action needed
+102103+29115,26.154898654874604,91.72113461228555,tree_cover,Medium,26.318542,already vegetated (tree cover) - no action needed
+102103+29116,26.15579697018841,91.72113461211586,tree_cover,Low,24.532562,already vegetated (tree cover) - no action needed
+102103+29117,26.15669528544073,91.72113461214305,tree_cover,Low,24.446625,already vegetated (tree cover) - no action needed
+102103+29118,26.157593600817105,91.72113461236684,tree_cover,Low,25.014557,already vegetated (tree cover) - no action needed
+102103+29119,26.15849191627611,91.72113461233592,tree_cover,Low,24.91156,already vegetated (tree cover) - no action needed
+102103+29120,26.15939023076725,91.72113461205028,tree_cover,Low,23.872528,already vegetated (tree cover) - no action needed
+102103+29121,26.160288547286967,91.72113461196128,tree_cover,Low,22.992584,already vegetated (tree cover) - no action needed
+102103+29122,26.16118686171139,91.7211346120696,tree_cover,Low,22.310822,already vegetated (tree cover) - no action needed
+102103+29123,26.162085177261226,91.72113461214887,tree_cover,Low,22.725067,already vegetated (tree cover) - no action needed
+102104+29089,26.131542457824253,91.7220329271134,tree_cover,High,28.388947,already vegetated (tree cover) - no action needed
+102104+29095,26.1369323489587,91.72203292732924,tree_cover,High,28.69928,already vegetated (tree cover) - no action needed
+102104+29098,26.13962729497628,91.72203292727563,tree_cover,Medium,28.028046,already vegetated (tree cover) - no action needed
+102104+29099,26.14052561019161,91.72203292727566,tree_cover,Medium,27.827118,already vegetated (tree cover) - no action needed
+102104+29100,26.14142392597728,91.72203292724708,tree_cover,Medium,28.294952,already vegetated (tree cover) - no action needed
+102104+29101,26.1423222409383,91.7220329271899,tree_cover,Medium,27.619232,already vegetated (tree cover) - no action needed
+102104+29102,26.143220556102623,91.72203292732976,tree_cover,Medium,28.14566,already vegetated (tree cover) - no action needed
+102104+29103,26.14411887165887,91.72203292744103,tree_cover,Medium,28.623718,already vegetated (tree cover) - no action needed
+102104+29104,26.14501718666577,91.72203292752371,tree_cover,Low,26.23639,already vegetated (tree cover) - no action needed
+102104+29105,26.145915501601845,91.72203292735148,tree_cover,Low,25.26471,already vegetated (tree cover) - no action needed
+102104+29106,26.14681381761791,91.72203292715064,tree_cover,Low,25.209717,already vegetated (tree cover) - no action needed
+102104+29107,26.14771213275227,91.72203292714708,tree_cover,Low,25.437042,already vegetated (tree cover) - no action needed
+102104+29108,26.14861044769572,91.72203292711448,tree_cover,Low,25.681885,already vegetated (tree cover) - no action needed
+102104+29109,26.14950876339388,91.7220329272792,tree_cover,Low,25.309662,already vegetated (tree cover) - no action needed
+102104+29110,26.15040707817253,91.72203292741528,tree_cover,Low,25.01358,already vegetated (tree cover) - no action needed
+102104+29111,26.151305394249185,91.7220329272969,tree_cover,Low,23.977448,already vegetated (tree cover) - no action needed
+102104+29112,26.152203708593145,91.72203292737537,tree_cover,Low,22.875946,already vegetated (tree cover) - no action needed
+102104+29113,26.1531020244174,91.722032927425,tree_cover,Low,23.590057,already vegetated (tree cover) - no action needed
+102104+29115,26.15489865498516,91.7220329272128,tree_cover,Medium,26.509644,already vegetated (tree cover) - no action needed
+102104+29116,26.155796970093814,91.72203292740232,tree_cover,Low,25.390167,already vegetated (tree cover) - no action needed
+102104+29117,26.15669528550466,91.72203292733714,tree_cover,Low,25.035675,already vegetated (tree cover) - no action needed
+102104+29118,26.157593600857908,91.72203292724336,tree_cover,Medium,25.294952,already vegetated (tree cover) - no action needed
+102104+29119,26.158491916111608,91.72203292712074,tree_cover,Low,24.710175,already vegetated (tree cover) - no action needed
+102104+29120,26.159390230761623,91.72203292719522,tree_cover,Low,24.351227,already vegetated (tree cover) - no action needed
+102104+29121,26.16028854743985,91.72203292746698,tree_cover,Low,23.53653,already vegetated (tree cover) - no action needed
+102104+29122,26.16118686165932,91.72203292748382,tree_cover,Low,22.677826,already vegetated (tree cover) - no action needed
+102104+29123,26.16208517718551,91.72203292724592,tree_cover,Low,22.360138,already vegetated (tree cover) - no action needed
+102104+29124,26.16298349246667,91.72203292720556,tree_cover,Low,23.746246,already vegetated (tree cover) - no action needed
+102104+29132,26.170170014984954,91.72203292719996,tree_cover,Medium,25.838715,already vegetated (tree cover) - no action needed
+102104+29133,26.17106832977226,91.72203292735205,water,High,27.849274,never-touch land cover (water)
+102105+29098,26.13962729485812,91.72293124269856,tree_cover,Medium,27.879547,already vegetated (tree cover) - no action needed
+102105+29100,26.141423925813207,91.722931242478,tree_cover,Medium,28.13263,already vegetated (tree cover) - no action needed
+102105+29101,26.14232224093294,91.72293124232496,tree_cover,Medium,27.927155,already vegetated (tree cover) - no action needed
+102105+29102,26.143220556074308,91.72293124214328,tree_cover,Medium,28.757782,already vegetated (tree cover) - no action needed
+102105+29103,26.14411887197164,91.722931242385,tree_cover,Medium,28.698761,already vegetated (tree cover) - no action needed
+102105+29104,26.14501718640934,91.72293124237224,tree_cover,Low,26.479065,already vegetated (tree cover) - no action needed
+102105+29105,26.14591550168632,91.7229312423311,tree_cover,Low,25.84787,already vegetated (tree cover) - no action needed
+102105+29106,26.146813817497584,91.72293124248746,tree_cover,Low,25.50885,already vegetated (tree cover) - no action needed
+102105+29107,26.147712132790662,91.72293124238936,tree_cover,Low,26.412079,already vegetated (tree cover) - no action needed
+102105+29108,26.14861044771116,91.72293124248874,tree_cover,Medium,27.548248,already vegetated (tree cover) - no action needed
+102105+29109,26.149508763568207,91.72293124255954,tree_cover,Low,26.90918,already vegetated (tree cover) - no action needed
+102105+29110,26.150407078141896,91.72293124260172,tree_cover,Low,26.037384,already vegetated (tree cover) - no action needed
+102105+29111,26.15130539419557,91.72293124261556,tree_cover,Low,24.786316,already vegetated (tree cover) - no action needed
+102105+29112,26.152203708698245,91.722931242601,tree_cover,Low,23.428192,already vegetated (tree cover) - no action needed
+102105+29113,26.153102024317533,91.72293124255783,tree_cover,Low,23.399506,already vegetated (tree cover) - no action needed
+102105+29115,26.154898655021213,91.72293124238551,tree_cover,Medium,25.929108,already vegetated (tree cover) - no action needed
+102105+29116,26.155796970106746,91.7229312422568,tree_cover,Medium,26.0271,already vegetated (tree cover) - no action needed
+102105+29117,26.15669528549446,91.72293124232536,tree_cover,Medium,26.00003,already vegetated (tree cover) - no action needed
+102105+29118,26.15759360082476,91.72293124236532,tree_cover,Medium,25.594574,already vegetated (tree cover) - no action needed
+102105+29119,26.15849191623716,91.7229312426026,tree_cover,Low,24.543213,already vegetated (tree cover) - no action needed
+102105+29120,26.15939023086438,91.72293124281153,tree_cover,Low,24.895752,already vegetated (tree cover) - no action needed
+102105+29121,26.160288547337487,91.7229312425402,tree_cover,Low,24.331146,already vegetated (tree cover) - no action needed
+102105+29122,26.16118686153348,91.7229312422401,tree_cover,Low,23.11679,already vegetated (tree cover) - no action needed
+102105+29123,26.16208517721888,91.7229312423632,tree_cover,Low,22.129242,already vegetated (tree cover) - no action needed
+102105+29124,26.16298349265891,91.72293124268364,tree_cover,Low,23.021881,already vegetated (tree cover) - no action needed
+102105+29125,26.163881807732743,91.72293124252364,built_up,Low,23.922394,low priority - no action needed
+102105+29132,26.17017001481037,91.7229312426383,tree_cover,Medium,25.465485,already vegetated (tree cover) - no action needed
+102105+29133,26.17106832993851,91.72293124247584,water,Medium,26.544037,never-touch land cover (water)
+102106+29101,26.14232224066856,91.72382955828608,tree_cover,Medium,27.98581,already vegetated (tree cover) - no action needed
+102106+29102,26.14322055615103,91.72382955823484,tree_cover,Medium,28.635101,already vegetated (tree cover) - no action needed
+102106+29103,26.144118872025743,91.72382955815546,tree_cover,Medium,27.915863,already vegetated (tree cover) - no action needed
+102106+29104,26.145017186258297,91.72382955804792,tree_cover,Medium,26.779083,already vegetated (tree cover) - no action needed
+102106+29105,26.145915501876715,91.7238295581379,tree_cover,Medium,26.466095,already vegetated (tree cover) - no action needed
+102106+29106,26.14681381748284,91.72382955819948,tree_cover,Low,26.152435,already vegetated (tree cover) - no action needed
+102106+29107,26.1477121327533,91.72382955823292,tree_cover,Medium,27.139252,already vegetated (tree cover) - no action needed
+102106+29108,26.148610447832684,91.72382955823798,tree_cover,Medium,28.442291,already vegetated (tree cover) - no action needed
+102106+29109,26.149508763484945,91.72382955821466,tree_cover,Medium,28.264862,already vegetated (tree cover) - no action needed
+102106+29110,26.15040707821769,91.7238295581632,tree_cover,Medium,27.500336,already vegetated (tree cover) - no action needed
+102106+29111,26.151305394066576,91.72382955808334,tree_cover,Low,25.591675,already vegetated (tree cover) - no action needed
+102106+29112,26.15220370872848,91.72382955797532,tree_cover,Low,23.623688,already vegetated (tree cover) - no action needed
+102106+29113,26.15310202432464,91.72382955806482,tree_cover,Low,23.612244,already vegetated (tree cover) - no action needed
+102106+29114,26.15400033945611,91.72382955812596,tree_cover,Low,24.287445,already vegetated (tree cover) - no action needed
+102106+29115,26.15489865498276,91.72382955815894,tree_cover,Medium,25.218231,already vegetated (tree cover) - no action needed
+102106+29116,26.15579697004517,91.72382955816352,tree_cover,Low,25.930237,already vegetated (tree cover) - no action needed
+102106+29117,26.15669528559229,91.72382955813995,tree_cover,Medium,26.230316,already vegetated (tree cover) - no action needed
+102106+29118,26.157593600899293,91.72382955831392,tree_cover,Medium,26.151764,already vegetated (tree cover) - no action needed
+102106+29119,26.15849191628908,91.7238295582336,tree_cover,Low,24.786102,already vegetated (tree cover) - no action needed
+102106+29120,26.15939023089318,91.7238295581249,tree_cover,Low,24.836334,already vegetated (tree cover) - no action needed
+102106+29121,26.16028854716152,91.72382955821352,tree_cover,Low,24.581451,already vegetated (tree cover) - no action needed
+102106+29122,26.161186861516555,91.7238295582742,tree_cover,Low,23.902374,already vegetated (tree cover) - no action needed
+102106+29123,26.16208517717917,91.7238295580808,tree_cover,Low,22.919586,already vegetated (tree cover) - no action needed
+102106+29124,26.16298349277808,91.72382955785902,tree_cover,Low,22.215698,already vegetated (tree cover) - no action needed
+102106+29125,26.163881807646973,91.72382955806049,tree_cover,Low,22.315308,already vegetated (tree cover) - no action needed
+102106+29133,26.171068330033304,91.72382955820022,tree_cover,Medium,26.49646,already vegetated (tree cover) - no action needed
+102106+29134,26.17196664513242,91.72382955814648,water,High,28.617096,never-touch land cover (water)
+102107+29101,26.14232224069122,91.72472787311406,tree_cover,Medium,27.528656,already vegetated (tree cover) - no action needed
+102107+29102,26.14322055615092,91.72472787319327,tree_cover,Medium,28.218292,already vegetated (tree cover) - no action needed
+102107+29103,26.14411887200304,91.72472787324432,tree_cover,Medium,27.416779,already vegetated (tree cover) - no action needed
+102107+29104,26.145017186395005,91.72472787349334,tree_cover,Medium,27.048004,already vegetated (tree cover) - no action needed
+102107+29106,26.14681381739196,91.72472787322924,tree_cover,Medium,27.079742,already vegetated (tree cover) - no action needed
+102107+29108,26.148610447878468,91.72472787330494,tree_cover,Medium,28.915924,already vegetated (tree cover) - no action needed
+102107+29109,26.1495087633261,91.72472787318794,tree_cover,Medium,29.141327,already vegetated (tree cover) - no action needed
+102107+29110,26.150407078218084,91.7247278730428,tree_cover,Medium,29.190521,already vegetated (tree cover) - no action needed
+102107+29111,26.1513053940442,91.72472787309536,tree_cover,Medium,26.93039,already vegetated (tree cover) - no action needed
+102107+29112,26.15220370868333,91.72472787311958,tree_cover,Low,24.135834,already vegetated (tree cover) - no action needed
+102107+29113,26.153102024621084,91.72472787334196,tree_cover,Low,24.244781,already vegetated (tree cover) - no action needed
+102107+29114,26.154000339365595,91.7247278735364,tree_cover,Low,24.093811,already vegetated (tree cover) - no action needed
+102107+29115,26.15489865505165,91.72472787347658,tree_cover,Low,24.167542,already vegetated (tree cover) - no action needed
+102107+29116,26.155796969909108,91.7247278733886,tree_cover,Low,25.701752,already vegetated (tree cover) - no action needed
+102107+29117,26.1566952856158,91.72472787327249,tree_cover,Medium,26.484406,already vegetated (tree cover) - no action needed
+102107+29118,26.15759360090002,91.7247278731286,tree_cover,Medium,26.683563,already vegetated (tree cover) - no action needed
+102107+29119,26.158491916267035,91.72472787318247,tree_cover,Low,24.91391,already vegetated (tree cover) - no action needed
+102107+29120,26.159390230848203,91.724727873208,tree_cover,Low,24.749176,already vegetated (tree cover) - no action needed
+102107+29121,26.160288547276107,91.7247278732058,tree_cover,Low,24.696198,already vegetated (tree cover) - no action needed
+102107+29122,26.16118686160837,91.72472787340132,tree_cover,Low,24.692719,already vegetated (tree cover) - no action needed
+102107+29123,26.162085177066047,91.7247278735683,tree_cover,Low,23.95459,already vegetated (tree cover) - no action needed
+102107+29124,26.162983492642528,91.7247278734814,tree_cover,Low,22.566925,already vegetated (tree cover) - no action needed
+102107+29125,26.163881807852466,91.72472787336676,tree_cover,Low,21.777863,already vegetated (tree cover) - no action needed
+102107+29126,26.16478012282128,91.724727873224,built_up,Low,23.533234,low priority - no action needed
+102108+29102,26.143220556073807,91.7256261888014,tree_cover,Medium,28.016571,already vegetated (tree cover) - no action needed
+102108+29103,26.144118871903505,91.72562618853117,tree_cover,Medium,27.121979,already vegetated (tree cover) - no action needed
+102108+29104,26.145017186637087,91.72562618845906,tree_cover,Medium,26.927216,already vegetated (tree cover) - no action needed
+102108+29108,26.14861044784865,91.72562618857071,tree_cover,Medium,28.671844,already vegetated (tree cover) - no action needed
+102108+29109,26.14950876327336,91.72562618858528,tree_cover,Medium,29.70285,already vegetated (tree cover) - no action needed
+102108+29111,26.151305394128624,91.72562618853104,tree_cover,Medium,28.165741,already vegetated (tree cover) - no action needed
+102108+29112,26.15220370874516,91.72562618868832,tree_cover,Low,25.051544,already vegetated (tree cover) - no action needed
+102108+29113,26.153102024660484,91.72562618859158,tree_cover,Low,25.026276,already vegetated (tree cover) - no action needed
+102108+29114,26.154000339382392,91.72562618846688,tree_cover,Low,24.32071,already vegetated (tree cover) - no action needed
+102108+29115,26.154898655045866,91.7256261885404,tree_cover,Low,23.884247,already vegetated (tree cover) - no action needed
+102108+29116,26.15579696988073,91.72562618858592,tree_cover,Medium,25.50766,already vegetated (tree cover) - no action needed
+102108+29117,26.156695285565,91.72562618860378,tree_cover,Medium,26.51242,already vegetated (tree cover) - no action needed
+102108+29118,26.157593600826623,91.72562618859348,tree_cover,Medium,26.76529,already vegetated (tree cover) - no action needed
+102108+29119,26.158491916353217,91.72562618855544,tree_cover,Low,25.241669,already vegetated (tree cover) - no action needed
+102108+29120,26.159390230729613,91.72562618848973,tree_cover,Low,25.025879,already vegetated (tree cover) - no action needed
+102108+29121,26.16028854731726,91.7256261883958,tree_cover,Low,25.28424,already vegetated (tree cover) - no action needed
+102108+29122,26.161186861626764,91.72562618827418,tree_cover,Low,25.087128,already vegetated (tree cover) - no action needed
+102108+29123,26.162085177243675,91.72562618835056,tree_cover,Low,24.882782,already vegetated (tree cover) - no action needed
+102108+29124,26.162983492615908,91.72562618862489,tree_cover,Low,23.417267,already vegetated (tree cover) - no action needed
+102108+29125,26.163881807803246,91.72562618864536,tree_cover,Low,22.51477,already vegetated (tree cover) - no action needed
+102108+29126,26.16478012274947,91.7256261886379,tree_cover,Low,23.928436,already vegetated (tree cover) - no action needed
+102108+29134,26.171966645244407,91.7256261884782,tree_cover,Medium,26.436798,already vegetated (tree cover) - no action needed
+102109+29097,26.138728979808462,91.72652450401182,tree_cover,Medium,26.796143,already vegetated (tree cover) - no action needed
+102109+29103,26.14411887190917,91.7265245038145,tree_cover,Medium,27.346832,already vegetated (tree cover) - no action needed
+102109+29104,26.14501718662052,91.72652450387308,tree_cover,Medium,27.476776,already vegetated (tree cover) - no action needed
+102109+29109,26.14950876350907,91.72652450375264,tree_cover,Medium,28.96164,already vegetated (tree cover) - no action needed
+102109+29110,26.15040707799253,91.72652450387169,tree_cover,High,29.39444,already vegetated (tree cover) - no action needed
+102109+29111,26.151305394137832,91.72652450373712,tree_cover,Medium,28.33902,already vegetated (tree cover) - no action needed
+102109+29112,26.152203708913955,91.72652450380076,tree_cover,Low,26.693085,already vegetated (tree cover) - no action needed
+102109+29113,26.15310202444267,91.72652450383666,tree_cover,Low,26.298737,already vegetated (tree cover) - no action needed
+102109+29114,26.154000339506528,91.72652450384508,tree_cover,Low,24.930573,already vegetated (tree cover) - no action needed
+102109+29115,26.1548986549654,91.7265245038258,tree_cover,Low,24.060913,already vegetated (tree cover) - no action needed
+102109+29116,26.15579696996019,91.72652450377898,tree_cover,Medium,25.335602,already vegetated (tree cover) - no action needed
+102109+29117,26.15669528562187,91.72652450393036,tree_cover,Medium,25.786652,already vegetated (tree cover) - no action needed
+102109+29118,26.15759360086108,91.72652450405404,tree_cover,Medium,26.288177,already vegetated (tree cover) - no action needed
+102109+29119,26.158491916183603,91.72652450392432,tree_cover,Low,25.746185,already vegetated (tree cover) - no action needed
+102109+29120,26.159390230719413,91.72652450376688,tree_cover,Low,25.122223,already vegetated (tree cover) - no action needed
+102109+29121,26.16028854728465,91.72652450380764,tree_cover,Low,25.54953,already vegetated (tree cover) - no action needed
+102109+29122,26.161186861571903,91.72652450382068,tree_cover,Low,25.535675,already vegetated (tree cover) - no action needed
+102109+29123,26.162085177348395,91.72652450380622,tree_cover,Medium,25.903656,already vegetated (tree cover) - no action needed
+102109+29124,26.162983492698213,91.72652450376404,tree_cover,Low,24.34903,already vegetated (tree cover) - no action needed
+102109+29125,26.163881807681147,91.72652450369414,tree_cover,Low,23.55191,already vegetated (tree cover) - no action needed
+102109+29126,26.164780122786937,91.72652450359652,tree_cover,Low,24.268036,already vegetated (tree cover) - no action needed
+102109+29128,26.16657675378567,91.72652450377,tree_cover,Medium,24.97519,already vegetated (tree cover) - no action needed
+102110+29110,26.150407077948408,91.72742281909542,tree_cover,Medium,28.52246,already vegetated (tree cover) - no action needed
+102110+29111,26.151305394071645,91.72742281909308,tree_cover,Medium,27.490875,already vegetated (tree cover) - no action needed
+102110+29112,26.152203709007544,91.72742281906348,tree_cover,Low,27.282257,already vegetated (tree cover) - no action needed
+102110+29113,26.15310202433201,91.72742281900636,tree_cover,Medium,26.996552,already vegetated (tree cover) - no action needed
+102110+29114,26.154000339555804,91.72742281892178,tree_cover,Low,25.582855,already vegetated (tree cover) - no action needed
+102110+29115,26.15489865481043,91.7274228188099,tree_cover,Low,24.960052,already vegetated (tree cover) - no action needed
+102110+29118,26.157593600821752,91.72742281876174,tree_cover,Medium,26.840973,already vegetated (tree cover) - no action needed
+102110+29119,26.158491916121687,91.72742281876576,tree_cover,Low,26.090332,already vegetated (tree cover) - no action needed
+102110+29120,26.159390230817777,91.72742281896846,tree_cover,Low,25.861298,already vegetated (tree cover) - no action needed
+102110+29121,26.16028854736043,91.72742281914388,tree_cover,Low,25.842285,already vegetated (tree cover) - no action needed
+102110+29122,26.161186861625616,91.72742281929156,tree_cover,Low,25.456207,already vegetated (tree cover) - no action needed
+102110+29123,26.16208517719805,91.72742281918607,tree_cover,Low,24.590973,already vegetated (tree cover) - no action needed
+102110+29124,26.16298349270745,91.72742281905307,tree_cover,Low,23.957306,already vegetated (tree cover) - no action needed
+102110+29125,26.163881807668314,91.7274228191185,tree_cover,Low,24.046112,already vegetated (tree cover) - no action needed
+102110+29126,26.16478012275187,91.72742281915666,tree_cover,Medium,25.15451,already vegetated (tree cover) - no action needed
+102110+29128,26.166576754070103,91.72742281915048,tree_cover,Medium,25.340607,already vegetated (tree cover) - no action needed
+102111+29111,26.15130539411209,91.72832113446992,tree_cover,Medium,27.518524,already vegetated (tree cover) - no action needed
+102111+29112,26.152203708844088,91.72832113434684,tree_cover,Medium,27.77768,already vegetated (tree cover) - no action needed
+102111+29113,26.153102024328668,91.72832113419692,tree_cover,Medium,27.460907,already vegetated (tree cover) - no action needed
+102111+29114,26.154000339530235,91.72832113424565,tree_cover,Low,25.860718,already vegetated (tree cover) - no action needed
+102111+29115,26.15489865494497,91.72832113449276,tree_cover,Low,25.89389,already vegetated (tree cover) - no action needed
+102111+29119,26.158491916167986,91.7283211345315,tree_cover,Medium,27.01889,already vegetated (tree cover) - no action needed
+102111+29120,26.15939023084235,91.7283211344168,tree_cover,Medium,26.267914,already vegetated (tree cover) - no action needed
+102111+29121,26.160288547362768,91.7283211342748,tree_cover,Low,25.477997,already vegetated (tree cover) - no action needed
+102111+29122,26.161186861605906,91.72832113410556,tree_cover,Low,25.690765,already vegetated (tree cover) - no action needed
+102111+29123,26.162085177156445,91.72832113413494,tree_cover,Low,24.877289,already vegetated (tree cover) - no action needed
+102111+29124,26.16298349264379,91.72832113413727,tree_cover,Low,23.558624,already vegetated (tree cover) - no action needed
+102111+29125,26.16388180776459,91.7283211341123,built_up,Low,23.956512,low priority - no action needed
+102112+29113,26.153102024432304,91.72921944976322,tree_cover,Medium,28.3378,already vegetated (tree cover) - no action needed
+102112+29114,26.154000339611983,91.7292194499446,tree_cover,Low,26.365326,already vegetated (tree cover) - no action needed
+102112+29115,26.15489865482284,91.72921944964736,tree_cover,Medium,26.534088,already vegetated (tree cover) - no action needed
+102112+29117,26.156695285529125,91.7292194498755,tree_cover,Medium,26.960114,already vegetated (tree cover) - no action needed
+102112+29118,26.15759360088467,91.72921944972322,tree_cover,Medium,26.731964,already vegetated (tree cover) - no action needed
+102112+29119,26.158491916140665,91.72921944954388,tree_cover,Medium,27.097107,already vegetated (tree cover) - no action needed
+102112+29120,26.15939023079298,91.72921944956336,tree_cover,Medium,26.49057,already vegetated (tree cover) - no action needed
+102112+29121,26.16028854729169,91.72921944955584,tree_cover,Low,25.294281,already vegetated (tree cover) - no action needed
+102112+29122,26.161186861694933,91.72921944974736,tree_cover,Low,25.15097,already vegetated (tree cover) - no action needed
+102112+29123,26.16208517722359,91.72921944991184,tree_cover,Low,25.090393,already vegetated (tree cover) - no action needed
+102112+29124,26.162983492507227,91.72921944982336,tree_cover,Low,23.397217,already vegetated (tree cover) - no action needed
+102112+29125,26.163881807787973,91.7292194497078,tree_cover,Low,23.369415,already vegetated (tree cover) - no action needed
+102112+29135,26.172864960205,91.72921944955152,tree_cover,Medium,26.503326,already vegetated (tree cover) - no action needed
+102113+29117,26.15669528547108,91.73011776486756,tree_cover,Medium,27.038208,already vegetated (tree cover) - no action needed
+102113+29118,26.157593600805097,91.73011776484904,tree_cover,Medium,25.752594,already vegetated (tree cover) - no action needed
+102113+29120,26.159390230851823,91.73011776518352,tree_cover,Medium,26.829987,already vegetated (tree cover) - no action needed
+102113+29121,26.160288547329166,91.73011776531062,tree_cover,Low,26.099182,already vegetated (tree cover) - no action needed
+102113+29122,26.16118686171054,91.730117765185,tree_cover,Low,25.06543,already vegetated (tree cover) - no action needed
+102113+29123,26.162085177217666,91.73011776503252,tree_cover,Low,25.231476,already vegetated (tree cover) - no action needed
+102113+29124,26.1629834924796,91.73011776507936,tree_cover,Low,24.165192,already vegetated (tree cover) - no action needed
+102113+29125,26.16388180773864,91.73011776509937,tree_cover,Low,22.912628,already vegetated (tree cover) - no action needed
+102113+29129,26.16747506865979,91.73011776513697,tree_cover,Medium,26.159027,already vegetated (tree cover) - no action needed
+102114+29117,26.156695285338884,91.73101608046188,tree_cover,Medium,27.645477,already vegetated (tree cover) - no action needed
+102114+29118,26.15759360083321,91.73101608035122,tree_cover,Medium,26.039581,already vegetated (tree cover) - no action needed
+102114+29119,26.15849191622831,91.73101608021396,tree_cover,Medium,25.943573,already vegetated (tree cover) - no action needed
+102114+29120,26.15939023101906,91.7310160802764,tree_cover,Medium,27.068237,already vegetated (tree cover) - no action needed
+102114+29121,26.16028854729305,91.73101608031205,tree_cover,Medium,26.681427,already vegetated (tree cover) - no action needed
+102114+29122,26.16118686147089,91.73101608009536,tree_cover,Low,25.719025,already vegetated (tree cover) - no action needed
+102114+29123,26.162085177320485,91.731016080078,tree_cover,Low,25.682709,already vegetated (tree cover) - no action needed
+102114+29124,26.162983492560898,91.7310160802597,tree_cover,Low,25.447235,already vegetated (tree cover) - no action needed
+102114+29125,26.16388180761658,91.73101608018912,tree_cover,Low,23.660309,already vegetated (tree cover) - no action needed
+102114+29126,26.16478012297712,91.73101608031784,tree_cover,Low,23.447144,already vegetated (tree cover) - no action needed
+102115+29118,26.157593600969182,91.73191439542384,tree_cover,Low,26.61438,already vegetated (tree cover) - no action needed
+102115+29119,26.158491915979287,91.7319143954208,tree_cover,Medium,25.819794,already vegetated (tree cover) - no action needed
+102115+29120,26.15939023111268,91.73191439516545,tree_cover,Medium,26.868439,already vegetated (tree cover) - no action needed
+102115+29121,26.16028854718332,91.7319143951098,tree_cover,Medium,26.905334,already vegetated (tree cover) - no action needed
+102115+29122,26.161186861521987,91.73191439525368,tree_cover,Medium,26.8779,already vegetated (tree cover) - no action needed
+102115+29123,26.162085177350065,91.7319143953712,tree_cover,Low,26.510712,already vegetated (tree cover) - no action needed
+102115+29124,26.16298349256912,91.7319143952364,tree_cover,Medium,26.649323,already vegetated (tree cover) - no action needed
+102115+29125,26.1638818076038,91.73191439530132,tree_cover,Low,25.15158,already vegetated (tree cover) - no action needed
+102115+29126,26.16478012312464,91.73191439533989,tree_cover,Low,24.293488,already vegetated (tree cover) - no action needed
+102115+29127,26.165678438222766,91.73191439512593,tree_cover,Medium,24.970428,already vegetated (tree cover) - no action needed
+102116+29123,26.16208517712456,91.73281271058976,tree_cover,Medium,27.677185,already vegetated (tree cover) - no action needed
+102116+29124,26.16298349268644,91.73281271059028,tree_cover,Medium,26.967133,already vegetated (tree cover) - no action needed
+102116+29125,26.163881807699948,91.73281271079033,tree_cover,Low,24.897156,already vegetated (tree cover) - no action needed
+102116+29126,26.164780123017803,91.7328127107385,built_up,Low,24.501373,low priority - no action needed
+102116+29127,26.165678438094588,91.73281271066072,tree_cover,Medium,24.901031,already vegetated (tree cover) - no action needed
+102117+29124,26.162983492730696,91.73371102616716,tree_cover,Medium,27.389069,already vegetated (tree cover) - no action needed
+102117+29125,26.16388180772321,91.73371102605093,tree_cover,Low,25.360474,already vegetated (tree cover) - no action needed
+102118+29125,26.16388180767376,91.73460934151234,tree_cover,Low,26.003204,already vegetated (tree cover) - no action needed
+102118+29126,26.16478012294997,91.73460934128,tree_cover,Low,25.097626,already vegetated (tree cover) - no action needed
+102118+29141,26.17825485189445,91.73460934125988,tree_cover,Medium,26.8396,already vegetated (tree cover) - no action needed
+102118+29142,26.179153167986808,91.73460934129363,tree_cover,High,26.587158,already vegetated (tree cover) - no action needed
+102119+29120,26.1593902309322,91.73550765639676,tree_cover,Medium,26.347687,already vegetated (tree cover) - no action needed
+102120+29120,26.15939023083908,91.73640597201047,tree_cover,Medium,25.966766,already vegetated (tree cover) - no action needed
+102120+29145,26.181848113407373,91.73640597194616,tree_cover,Medium,24.266083,already vegetated (tree cover) - no action needed
+102121+29124,26.162983492541883,91.73730428734184,tree_cover,Medium,26.623169,already vegetated (tree cover) - no action needed
+102121+29141,26.178254851965345,91.7373042871003,tree_cover,Medium,26.79956,already vegetated (tree cover) - no action needed
+102121+29142,26.17915316781419,91.73730428687352,tree_cover,Medium,27.325043,already vegetated (tree cover) - no action needed
+102122+29141,26.178254851848845,91.73820260259836,tree_cover,Medium,26.226807,already vegetated (tree cover) - no action needed
+102123+29123,26.1620851773188,91.7391009177224,tree_cover,Low,26.588165,already vegetated (tree cover) - no action needed
+102123+29131,26.169271699641588,91.73910091760352,tree_cover,Low,25.46341,already vegetated (tree cover) - no action needed
+102123+29132,26.170170014898787,91.73910091767566,tree_cover,Low,25.403687,already vegetated (tree cover) - no action needed
+102123+29140,26.17735653698291,91.73910091781822,tree_cover,Low,25.916779,already vegetated (tree cover) - no action needed
+102123+29141,26.178254852026427,91.73910091789446,tree_cover,Medium,26.197968,already vegetated (tree cover) - no action needed
+102123+29148,26.18454305956323,91.73910091773908,tree_cover,Low,24.361298,already vegetated (tree cover) - no action needed
+102124+29130,26.168373384069778,91.7399992332467,tree_cover,Low,25.778748,already vegetated (tree cover) - no action needed
+102124+29131,26.16927169976479,91.7399992332544,tree_cover,Low,24.795197,already vegetated (tree cover) - no action needed
+102124+29132,26.17017001482026,91.73999923323774,tree_cover,Low,24.756561,already vegetated (tree cover) - no action needed
+102124+29148,26.18454305953238,91.73999923326237,tree_cover,Low,24.94522,already vegetated (tree cover) - no action needed
+102126+29152,26.188136320796254,91.74179586353854,built_up,Low,23.96811,low priority - no action needed
+102127+29137,26.17466159094801,91.74269417877824,cropland,Low,26.040985,low priority - no action needed
+102127+29138,26.1755599062971,91.7426941788038,built_up,Low,25.691803,low priority - no action needed
+102127+29152,26.188136320846134,91.7426941789249,tree_cover,Low,24.080353,already vegetated (tree cover) - no action needed
+102128+29138,26.17555990636375,91.74359249394128,built_up,Low,25.351288,low priority - no action needed
+102128+29139,26.17645822209737,91.7435924938554,cropland,Low,26.190887,low priority - no action needed
+102128+29140,26.1773565369179,91.74359249374616,cropland,Low,26.679535,low priority - no action needed
+102128+29152,26.188136320828104,91.74359249398722,built_up,Low,24.337128,low priority - no action needed
+102128+29153,26.18903463548469,91.74359249402367,tree_cover,Low,23.176971,already vegetated (tree cover) - no action needed
+102129+29152,26.188136320742007,91.74449080935108,tree_cover,Medium,24.748627,already vegetated (tree cover) - no action needed
+102129+29153,26.189034635561345,91.7444908093029,tree_cover,Low,23.700012,already vegetated (tree cover) - no action needed
+102129+29154,26.189932950868577,91.7444908092314,water,Low,22.507812,never-touch land cover (water)
+102130+29136,26.17376327618389,91.74538912494606,tree_cover,Low,26.093658,already vegetated (tree cover) - no action needed
+102130+29137,26.17466159099331,91.74538912495768,tree_cover,Low,25.933746,already vegetated (tree cover) - no action needed
+102130+29138,26.175559906285503,91.7453891249462,tree_cover,Medium,26.014923,already vegetated (tree cover) - no action needed
+102130+29154,26.18993295085884,91.74538912478042,water,Medium,22.84018,never-touch land cover (water)
+102130+29155,26.19083126632965,91.7453891248276,water,High,21.43164,never-touch land cover (water)
+102131+29137,26.174661591048896,91.74628743996122,tree_cover,Low,25.925446,already vegetated (tree cover) - no action needed
+102131+29138,26.17555990632275,91.74628744008795,tree_cover,Medium,26.524506,already vegetated (tree cover) - no action needed
+102131+29153,26.18903463514776,91.74628743991892,tree_cover,Low,24.2482,already vegetated (tree cover) - no action needed
+102131+29154,26.1899329511451,91.74628744013116,tree_cover,Low,23.198486,already vegetated (tree cover) - no action needed
+102131+29155,26.190831266233523,91.74628744032012,water,Medium,22.380585,never-touch land cover (water)
+102131+29156,26.191729581815185,91.7462874400345,water,High,20.749481,never-touch land cover (water)
+102131+29157,26.19262789675947,91.74628743995218,water,Medium,20.51419,never-touch land cover (water)
+102132+29138,26.17555990647124,91.7471857551569,tree_cover,Medium,26.285797,already vegetated (tree cover) - no action needed
+102132+29139,26.176458222129984,91.74718575517306,tree_cover,Medium,26.898895,already vegetated (tree cover) - no action needed
+102132+29152,26.188136320984697,91.7471857553555,tree_cover,Low,24.875336,already vegetated (tree cover) - no action needed
+102132+29153,26.18903463520286,91.74718575550595,tree_cover,Low,24.656647,already vegetated (tree cover) - no action needed
+102132+29154,26.18993295118188,91.7471857554078,tree_cover,Low,23.580902,already vegetated (tree cover) - no action needed
+102132+29155,26.190831266069857,91.74718575506128,water,Medium,22.789124,never-touch land cover (water)
+102132+29156,26.191729581815324,91.74718575514382,water,High,21.381927,never-touch land cover (water)
+102132+29157,26.19262789674129,91.7471857552037,water,Medium,20.439056,never-touch land cover (water)
+102132+29158,26.193526212071227,91.74718575524096,water,Medium,20.454193,never-touch land cover (water)
+102133+29139,26.17645822218992,91.74808407063392,tree_cover,Low,25.929901,already vegetated (tree cover) - no action needed
+102133+29148,26.184543059618544,91.7480840707904,tree_cover,Medium,25.924103,already vegetated (tree cover) - no action needed
+102133+29150,26.18633968972708,91.74808407062837,tree_cover,Medium,25.23941,already vegetated (tree cover) - no action needed
+102133+29151,26.187238005066508,91.74808407051349,tree_cover,Medium,24.901703,already vegetated (tree cover) - no action needed
+102133+29152,26.18813632099021,91.74808407060216,tree_cover,Low,24.8125,already vegetated (tree cover) - no action needed
+102133+29153,26.189034635190065,91.74808407044264,tree_cover,Low,25.335358,already vegetated (tree cover) - no action needed
+102133+29154,26.189932951151103,91.74808407048668,tree_cover,Low,24.10025,already vegetated (tree cover) - no action needed
+102133+29155,26.190831266020776,91.74808407073408,tree_cover,Low,23.045227,already vegetated (tree cover) - no action needed
+102133+29156,26.19172958192988,91.74808407073284,water,High,22.220673,never-touch land cover (water)
+102133+29157,26.192627896655747,91.74808407070896,water,Medium,20.448944,never-touch land cover (water)
+102133+29158,26.19352621214949,91.74808407066269,water,Medium,20.35672,never-touch land cover (water)
+102134+29139,26.17645822217947,91.7489823857958,tree_cover,Low,25.439972,already vegetated (tree cover) - no action needed
+102134+29140,26.1773565367074,91.74898238584088,tree_cover,Low,25.458282,already vegetated (tree cover) - no action needed
+102134+29151,26.187238005203696,91.74898238599896,tree_cover,Low,25.28775,already vegetated (tree cover) - no action needed
+102134+29152,26.188136320927665,91.74898238600298,built_up,Low,24.889984,low priority - no action needed
+102134+29154,26.18993295123457,91.74898238594442,tree_cover,Low,24.882416,already vegetated (tree cover) - no action needed
+102134+29155,26.190831266086096,91.74898238588185,tree_cover,Low,23.546997,already vegetated (tree cover) - no action needed
+102134+29156,26.191729581795112,91.74898238579684,water,Medium,22.60144,never-touch land cover (water)
+102134+29157,26.19262789686692,91.74898238591562,water,High,20.747894,never-touch land cover (water)
+102134+29158,26.19352621197899,91.7489823860124,water,Medium,20.356354,never-touch land cover (water)
+102134+29159,26.19442452699712,91.7489823858606,water,Medium,20.340607,never-touch land cover (water)
+102135+29150,26.18633968978787,91.74988070134368,tree_cover,Medium,25.340149,already vegetated (tree cover) - no action needed
+102135+29152,26.188136320797028,91.74988070120462,tree_cover,Low,24.717773,already vegetated (tree cover) - no action needed
+102135+29153,26.189034635325022,91.74988070132817,tree_cover,Low,24.923737,already vegetated (tree cover) - no action needed
+102135+29157,26.19262789701108,91.74988070137564,water,Medium,21.344696,never-touch land cover (water)
+102135+29158,26.193526211923245,91.74988070138866,water,Medium,20.355682,never-touch land cover (water)
+102135+29159,26.19442452692342,91.74988070137972,water,Medium,20.355072,never-touch land cover (water)
+102135+29160,26.195322843236244,91.7498807013488,water,Medium,20.356415,never-touch land cover (water)
+102136+29129,26.167475068554992,91.75077901642813,tree_cover,Medium,26.25528,already vegetated (tree cover) - no action needed
+102136+29150,26.18633968998847,91.75077901641814,tree_cover,Low,24.161346,already vegetated (tree cover) - no action needed
+102136+29151,26.187238005091533,91.75077901650076,tree_cover,Low,23.790405,already vegetated (tree cover) - no action needed
+102136+29152,26.18813632059833,91.75077901656168,water,Medium,23.582916,never-touch land cover (water)
+102136+29153,26.189034635472616,91.75077901637464,tree_cover,Medium,24.536926,already vegetated (tree cover) - no action needed
+102136+29156,26.191729581687763,91.75077901658662,tree_cover,Medium,23.671906,already vegetated (tree cover) - no action needed
+102136+29157,26.192627896906128,91.75077901631234,water,Medium,22.299408,never-touch land cover (water)
+102136+29158,26.19352621198227,91.75077901624223,water,High,20.667084,never-touch land cover (water)
+102136+29159,26.194424526965182,91.75077901637638,water,Medium,20.415985,never-touch land cover (water)
+102136+29160,26.19532284325988,91.75077901648854,water,Medium,20.395111,never-touch land cover (water)
+102136+29161,26.1962211578318,91.75077901635277,water,Medium,20.364044,never-touch land cover (water)
+102137+29128,26.16657675389457,91.75167733198737,tree_cover,Low,25.934052,already vegetated (tree cover) - no action needed
+102137+29129,26.167475068507688,91.75167733178152,tree_cover,Medium,26.501953,already vegetated (tree cover) - no action needed
+102137+29150,26.18633968993851,91.75167733197196,water,Medium,24.018188,never-touch land cover (water)
+102137+29151,26.18723800502432,91.75167733174376,water,Low,23.811798,never-touch land cover (water)
+102137+29152,26.188136320695456,91.75167733172005,tree_cover,Low,23.872986,already vegetated (tree cover) - no action needed
+102137+29153,26.1890346353702,91.75167733190048,tree_cover,Low,24.354523,already vegetated (tree cover) - no action needed
+102137+29157,26.192627896733804,91.75167733195482,built_up,Low,23.441376,low priority - no action needed
+102137+29158,26.19352621197465,91.75167733180142,water,Medium,21.748932,never-touch land cover (water)
+102137+29159,26.194424527121896,91.75167733185243,water,Medium,20.502289,never-touch land cover (water)
+102137+29160,26.19532284321705,91.75167733188172,water,Medium,20.460083,never-touch land cover (water)
+102137+29161,26.19622115777154,91.75167733188944,water,Medium,20.373993,never-touch land cover (water)
+102138+29128,26.166576753792363,91.75257564690702,tree_cover,Medium,26.736786,already vegetated (tree cover) - no action needed
+102138+29129,26.16747506857002,91.75257564706332,tree_cover,Medium,26.66336,already vegetated (tree cover) - no action needed
+102138+29130,26.16837338379077,91.7525756469722,tree_cover,Medium,26.147858,already vegetated (tree cover) - no action needed
+102138+29158,26.19352621190001,91.75257564706276,water,Medium,23.506134,never-touch land cover (water)
+102138+29159,26.19442452721161,91.75257564703048,water,High,21.871063,never-touch land cover (water)
+102138+29160,26.195322843107736,91.75257564697684,water,Medium,20.447052,never-touch land cover (water)
+102138+29161,26.19622115782674,91.75257564690192,water,Medium,20.445526,never-touch land cover (water)
+102138+29162,26.197119473219946,91.75257564680568,water,Medium,20.41623,never-touch land cover (water)
+102139+29128,26.16657675379977,91.75347396228248,tree_cover,Medium,26.704773,already vegetated (tree cover) - no action needed
+102139+29129,26.16747506856018,91.75347396212314,tree_cover,Medium,26.54715,already vegetated (tree cover) - no action needed
+102139+29130,26.16837338394584,91.75347396239458,tree_cover,Medium,26.198212,already vegetated (tree cover) - no action needed
+102139+29131,26.16927169973031,91.7534739626449,tree_cover,Low,25.897247,already vegetated (tree cover) - no action needed
+102139+29143,26.180051483013536,91.75347396242216,tree_cover,Medium,26.386383,already vegetated (tree cover) - no action needed
+102139+29159,26.19442452705273,91.75347396221308,water,Medium,23.64389,never-touch land cover (water)
+102139+29160,26.19532284329549,91.75347396230256,water,High,21.286285,never-touch land cover (water)
+102139+29161,26.19622115781548,91.75347396259669,water,Medium,20.519318,never-touch land cover (water)
+102139+29162,26.19711947300966,91.7534739624178,water,Medium,20.428589,never-touch land cover (water)
+102139+29163,26.198017788790487,91.75347396244376,water,Medium,20.389069,never-touch land cover (water)
+102140+29128,26.16657675391664,91.7543722776364,tree_cover,Low,25.839386,already vegetated (tree cover) - no action needed
+102140+29153,26.18903463538388,91.75437227734584,tree_cover,Medium,25.234344,already vegetated (tree cover) - no action needed
+102140+29159,26.194424526827017,91.75437227759949,water,Medium,24.387695,never-touch land cover (water)
+102140+29160,26.1953228434166,91.75437227738011,water,High,22.827667,never-touch land cover (water)
+102140+29161,26.19622115791969,91.75437227736582,water,High,20.770844,never-touch land cover (water)
+102140+29162,26.19711947291488,91.7543722775564,water,Medium,20.456085,never-touch land cover (water)
+102140+29163,26.19801778886092,91.75437227750017,water,Medium,20.399933,never-touch land cover (water)
+102141+29128,26.16657675396115,91.75527059322027,tree_cover,Medium,25.661072,already vegetated (tree cover) - no action needed
+102141+29129,26.167475068506302,91.75527059310744,tree_cover,Medium,26.499603,already vegetated (tree cover) - no action needed
+102141+29160,26.195322843289464,91.755270593366,water,Medium,24.059296,never-touch land cover (water)
+102141+29161,26.196221157775494,91.75527059304328,water,High,21.421173,never-touch land cover (water)
+102141+29162,26.197119473117656,91.75527059292548,water,Medium,20.516144,never-touch land cover (water)
+102141+29163,26.1980177886831,91.75527059301275,water,Medium,20.462555,never-touch land cover (water)
+102141+29164,26.198916103890085,91.7552705930794,water,Medium,20.422577,never-touch land cover (water)
+102142+29126,26.164780122939263,91.75616890772244,tree_cover,Medium,25.767212,already vegetated (tree cover) - no action needed
+102142+29127,26.165678438256545,91.75616890756096,tree_cover,Low,24.975555,already vegetated (tree cover) - no action needed
+102142+29128,26.16657675393331,91.75616890760476,tree_cover,Medium,25.887054,already vegetated (tree cover) - no action needed
+102142+29129,26.167475068461915,91.75616890762794,tree_cover,Medium,26.533264,already vegetated (tree cover) - no action needed
+102142+29161,26.196221157564832,91.75616890797131,water,Medium,22.466675,never-touch land cover (water)
+102142+29162,26.19711947325433,91.75616890799724,water,Medium,20.631989,never-touch land cover (water)
+102142+29163,26.198017788620955,91.75616890800252,water,Medium,20.489471,never-touch land cover (water)
+102142+29164,26.198916103811563,91.75616890776116,water,Medium,20.470245,never-touch land cover (water)
+102143+29126,26.164780122871804,91.75706722344574,tree_cover,Low,25.631073,already vegetated (tree cover) - no action needed
+102143+29127,26.165678438172893,91.75706722341964,tree_cover,Low,24.791168,already vegetated (tree cover) - no action needed
+102143+29128,26.1665767540151,91.7570672233735,tree_cover,Low,25.45102,already vegetated (tree cover) - no action needed
+102143+29129,26.16747506852734,91.75706722353308,tree_cover,Medium,25.853912,already vegetated (tree cover) - no action needed
+102143+29130,26.168373384028783,91.75706722367248,tree_cover,Low,26.368195,already vegetated (tree cover) - no action needed
+102143+29161,26.19622115765158,91.7570672231558,water,Medium,23.619476,never-touch land cover (water)
+102143+29162,26.197119473324708,91.75706722332502,water,High,21.6669,never-touch land cover (water)
+102143+29163,26.19801778867462,91.75706722347384,water,Medium,20.567291,never-touch land cover (water)
+102143+29164,26.198916103667287,91.75706722360265,water,Medium,20.46634,never-touch land cover (water)
+102144+29123,26.16208517730582,91.75796553910185,tree_cover,Medium,25.976807,already vegetated (tree cover) - no action needed
+102144+29126,26.16478012291344,91.75796553909906,tree_cover,Medium,25.728333,already vegetated (tree cover) - no action needed
+102144+29127,26.16567843819852,91.75796553920868,tree_cover,Low,24.97879,already vegetated (tree cover) - no action needed
+102144+29128,26.16657675384273,91.75796553907264,tree_cover,Low,24.98996,already vegetated (tree cover) - no action needed
+102144+29140,26.17735653692773,91.75796553904372,built_up,Low,25.150787,low priority - no action needed
+102144+29141,26.17825485195754,91.7579655393256,tree_cover,Medium,26.346405,already vegetated (tree cover) - no action needed
+102144+29158,26.19352621204568,91.7579655387927,tree_cover,Medium,25.07315,already vegetated (tree cover) - no action needed
+102144+29161,26.196221157671857,91.75796553939944,tree_cover,Medium,24.267792,already vegetated (tree cover) - no action needed
+102144+29162,26.19711947332864,91.75796553926024,water,Medium,22.876862,never-touch land cover (water)
+102144+29163,26.198017788662355,91.7579655391011,water,High,21.103363,never-touch land cover (water)
+102144+29164,26.198916103820768,91.75796553914768,water,High,20.742401,never-touch land cover (water)
+102144+29165,26.199814419014128,91.7579655391743,water,High,20.80191,never-touch land cover (water)
+102145+29123,26.16208517732296,91.75886385370065,tree_cover,Low,25.368866,already vegetated (tree cover) - no action needed
+102145+29124,26.16298349253079,91.7588638537794,tree_cover,Medium,25.81601,already vegetated (tree cover) - no action needed
+102145+29125,26.16388180773676,91.75886385383843,tree_cover,Medium,25.871368,already vegetated (tree cover) - no action needed
+102145+29128,26.16657675377981,91.75886385389752,tree_cover,Low,25.6091,already vegetated (tree cover) - no action needed
+102145+29139,26.17645822214851,91.75886385417348,tree_cover,Medium,25.449066,already vegetated (tree cover) - no action needed
+102145+29140,26.17735653685467,91.7588638539362,tree_cover,Low,24.670837,already vegetated (tree cover) - no action needed
+102145+29141,26.178254852050447,91.75886385367892,tree_cover,Low,25.335846,already vegetated (tree cover) - no action needed
+102145+29153,26.18903463538276,91.75886385379307,tree_cover,Low,25.197052,already vegetated (tree cover) - no action needed
+102145+29158,26.19352621204752,91.75886385395816,tree_cover,Low,25.202026,already vegetated (tree cover) - no action needed
+102145+29162,26.197119473266262,91.75886385364286,tree_cover,Medium,23.986847,already vegetated (tree cover) - no action needed
+102145+29163,26.19801778876609,91.7588638538534,water,High,22.660126,never-touch land cover (water)
+102145+29164,26.19891610372604,91.758863853818,water,High,21.010468,never-touch land cover (water)
+102145+29165,26.19981441908567,91.7588638537626,water,High,20.853607,never-touch land cover (water)
+102146+29124,26.16298349264084,91.75976216934863,tree_cover,Medium,25.870148,already vegetated (tree cover) - no action needed
+102146+29141,26.178254851891342,91.7597621693189,tree_cover,Low,24.871674,already vegetated (tree cover) - no action needed
+102146+29142,26.17915316783642,91.7597621691812,tree_cover,Medium,26.033356,already vegetated (tree cover) - no action needed
+102146+29159,26.194424526980203,91.75976216926244,built_up,Low,25.07132,low priority - no action needed
+102146+29160,26.19532284328985,91.75976216922366,built_up,Low,24.394165,low priority - no action needed
+102146+29163,26.198017788803543,91.75976216921492,water,Medium,24.219604,never-touch land cover (water)
+102146+29164,26.19891610356555,91.75976216909748,water,High,21.7742,never-touch land cover (water)
+102146+29165,26.19981441909129,91.7597621689605,water,High,20.848541,never-touch land cover (water)
+102147+29138,26.17555990623601,91.76066048509468,tree_cover,Medium,26.202972,already vegetated (tree cover) - no action needed
+102147+29141,26.178254851844176,91.76066048498858,tree_cover,Low,24.604523,already vegetated (tree cover) - no action needed
+102147+29142,26.179153167773595,91.76066048498974,tree_cover,Low,25.465088,already vegetated (tree cover) - no action needed
+102147+29154,26.18993295088677,91.76066048462344,tree_cover,Medium,25.212006,already vegetated (tree cover) - no action needed
+102147+29159,26.194424527014323,91.76066048475764,built_up,Low,25.403046,low priority - no action needed
+102147+29160,26.19532284330831,91.76066048486176,tree_cover,Low,24.17038,already vegetated (tree cover) - no action needed
+102147+29163,26.19801778877471,91.76066048483229,tree_cover,Medium,24.198761,already vegetated (tree cover) - no action needed
+102147+29164,26.198916103702995,91.7606604850846,water,Medium,22.41092,never-touch land cover (water)
+102147+29165,26.199814418849225,91.76066048509162,water,High,20.916534,never-touch land cover (water)
+102148+29125,26.163881807800564,91.76155879981242,tree_cover,Low,26.527557,already vegetated (tree cover) - no action needed
+102148+29127,26.16567843830364,91.76155880000776,tree_cover,High,28.048828,already vegetated (tree cover) - no action needed
+102148+29138,26.175559906347218,91.76155879982814,tree_cover,Low,26.391083,already vegetated (tree cover) - no action needed
+102148+29139,26.17645822210111,91.7615587998,tree_cover,Low,26.289886,already vegetated (tree cover) - no action needed
+102148+29141,26.17825485190893,91.7615587996859,tree_cover,Low,25.395447,already vegetated (tree cover) - no action needed
+102148+29142,26.17915316782289,91.76155879982636,tree_cover,Low,25.80362,already vegetated (tree cover) - no action needed
+102148+29153,26.189034635404,91.76155879987977,tree_cover,Medium,25.952637,already vegetated (tree cover) - no action needed
+102148+29155,26.19083126627776,91.76155880013322,tree_cover,Low,24.945526,already vegetated (tree cover) - no action needed
+102148+29156,26.19172958193485,91.76155880000532,tree_cover,Low,24.208527,already vegetated (tree cover) - no action needed
+102148+29160,26.195322843442074,91.7615587999797,built_up,Low,24.924347,low priority - no action needed
+102148+29161,26.19622115763394,91.7615587999818,tree_cover,Low,23.909882,already vegetated (tree cover) - no action needed
+102148+29164,26.19891610395644,91.7615587996468,water,Medium,22.861542,never-touch land cover (water)
+102148+29165,26.19981441872315,91.761558799798,water,High,21.098053,never-touch land cover (water)
+102149+29125,26.16388180785793,91.7624571150564,tree_cover,Low,26.20108,already vegetated (tree cover) - no action needed
+102149+29127,26.16567843833041,91.7624571150708,tree_cover,High,27.786713,already vegetated (tree cover) - no action needed
+102149+29156,26.191729581881383,91.7624571150342,tree_cover,Low,24.187378,already vegetated (tree cover) - no action needed
+102149+29161,26.19622115768541,91.76245711504708,tree_cover,Low,24.125092,already vegetated (tree cover) - no action needed
+102149+29163,26.198017788518698,91.76245711528078,tree_cover,Low,24.006714,already vegetated (tree cover) - no action needed
+102149+29164,26.198916103962205,91.76245711514332,water,Medium,22.582458,never-touch land cover (water)
+102150+29123,26.1620851772194,91.76335543075032,tree_cover,High,26.004547,already vegetated (tree cover) - no action needed
+102150+29128,26.166576753835976,91.76335543049416,tree_cover,Medium,26.81601,already vegetated (tree cover) - no action needed
+102150+29160,26.195322843327546,91.76335543063388,tree_cover,Low,25.102203,already vegetated (tree cover) - no action needed
+102150+29163,26.198017788655577,91.76335543053968,tree_cover,Low,23.86081,already vegetated (tree cover) - no action needed
+102150+29164,26.19891610371992,91.7633554305462,tree_cover,Low,23.272766,already vegetated (tree cover) - no action needed
+102151+29151,26.18723800492062,91.76425374556791,tree_cover,Medium,26.086517,already vegetated (tree cover) - no action needed
+102151+29152,26.188136320729782,91.76425374571464,tree_cover,Medium,26.102875,already vegetated (tree cover) - no action needed
+102151+29154,26.189932951024087,91.76425374572636,tree_cover,Low,26.066467,already vegetated (tree cover) - no action needed
+102151+29155,26.190831266142578,91.7642537455916,tree_cover,Low,24.507172,already vegetated (tree cover) - no action needed
+102151+29161,26.19622115777124,91.76425374552296,built_up,Low,24.84787,low priority - no action needed
+102151+29163,26.198017788726165,91.76425374565352,tree_cover,Medium,24.91446,already vegetated (tree cover) - no action needed
+102151+29164,26.19891610359346,91.7642537455776,tree_cover,Medium,24.39505,already vegetated (tree cover) - no action needed
+102152+29140,26.177356536924343,91.76515206105826,tree_cover,Low,24.692566,already vegetated (tree cover) - no action needed
+102152+29155,26.19083126626569,91.76515206105056,tree_cover,Medium,25.07489,already vegetated (tree cover) - no action needed
+102152+29156,26.191729581862663,91.76515206103954,tree_cover,Low,23.884735,already vegetated (tree cover) - no action needed
+102152+29157,26.19262789664031,91.76515206101008,tree_cover,Low,23.90384,already vegetated (tree cover) - no action needed
+102152+29158,26.19352621218617,91.76515206096197,tree_cover,Low,24.755219,already vegetated (tree cover) - no action needed
+102152+29160,26.19532284331014,91.7651520612636,built_up,Low,24.769684,low priority - no action needed
+102152+29161,26.19622115780524,91.76515206093482,tree_cover,Low,24.76651,already vegetated (tree cover) - no action needed
+102152+29162,26.19711947315665,91.76515206081358,tree_cover,Low,25.229828,already vegetated (tree cover) - no action needed
+102152+29163,26.19801778873047,91.76515206090008,tree_cover,Low,25.008636,already vegetated (tree cover) - no action needed
+102152+29164,26.19891610358301,91.76515206096836,tree_cover,Low,24.350128,already vegetated (tree cover) - no action needed
+102153+29139,26.176458222069385,91.76605037673448,tree_cover,Low,24.798431,already vegetated (tree cover) - no action needed
+102153+29140,26.177356536835315,91.76605037647649,tree_cover,Low,23.682343,already vegetated (tree cover) - no action needed
+102153+29141,26.178254852091552,91.76605037620028,tree_cover,Low,24.075806,already vegetated (tree cover) - no action needed
+102153+29142,26.17915316774864,91.76605037635794,tree_cover,Medium,24.996857,already vegetated (tree cover) - no action needed
+102153+29156,26.19172958190348,91.76605037644552,built_up,Low,24.297272,low priority - no action needed
+102153+29157,26.192627896666536,91.76605037655824,tree_cover,Low,23.723816,already vegetated (tree cover) - no action needed
+102153+29158,26.193526212015687,91.76605037642724,tree_cover,Low,23.947998,already vegetated (tree cover) - no action needed
+102153+29159,26.194424527089147,91.766050376278,tree_cover,Low,24.016205,already vegetated (tree cover) - no action needed
+102153+29160,26.19532284329243,91.7660503763365,built_up,Low,24.505768,low priority - no action needed
+102153+29162,26.19711947329137,91.76605037639972,tree_cover,Low,25.246826,already vegetated (tree cover) - no action needed
+102153+29163,26.19801778866885,91.766050376404,tree_cover,Low,24.547546,already vegetated (tree cover) - no action needed
+102153+29164,26.19891610368856,91.76605037639028,tree_cover,Low,23.772736,already vegetated (tree cover) - no action needed
+102154+29138,26.17555990625996,91.76694869137062,tree_cover,Medium,26.869446,already vegetated (tree cover) - no action needed
+102154+29139,26.17645822228849,91.76694869126904,tree_cover,Low,25.069244,already vegetated (tree cover) - no action needed
+102154+29140,26.177356536676072,91.76694869160136,tree_cover,Low,23.369629,already vegetated (tree cover) - no action needed
+102154+29141,26.17825485209969,91.76694869168998,tree_cover,Low,23.516998,already vegetated (tree cover) - no action needed
+102154+29142,26.17915316774256,91.76694869153484,tree_cover,Medium,24.459198,already vegetated (tree cover) - no action needed
+102154+29152,26.188136320664043,91.76694869148908,tree_cover,Medium,26.269623,already vegetated (tree cover) - no action needed
+102154+29157,26.192627896625584,91.766948691362,tree_cover,Low,23.491302,already vegetated (tree cover) - no action needed
+102154+29158,26.19352621214228,91.76694869159935,tree_cover,Low,23.532196,already vegetated (tree cover) - no action needed
+102154+29159,26.19442452683708,91.76694869159276,tree_cover,Low,23.696503,already vegetated (tree cover) - no action needed
+102154+29160,26.195322843390024,91.7669486913424,tree_cover,Low,24.18039,already vegetated (tree cover) - no action needed
+102154+29162,26.197119473359795,91.76694869169202,built_up,Low,25.239716,low priority - no action needed
+102154+29163,26.1980177885411,91.76694869161408,tree_cover,Low,24.710358,already vegetated (tree cover) - no action needed
+102154+29164,26.19891610372817,91.76694869151837,tree_cover,Low,24.062653,already vegetated (tree cover) - no action needed
+102155+29139,26.176458222255054,91.76784700673838,tree_cover,Low,25.47052,already vegetated (tree cover) - no action needed
+102155+29140,26.17735653681055,91.76784700653153,tree_cover,Low,23.598053,already vegetated (tree cover) - no action needed
+102155+29141,26.178254852037977,91.76784700653327,tree_cover,Low,23.147614,already vegetated (tree cover) - no action needed
+102155+29142,26.17915316784839,91.76784700674318,tree_cover,Low,23.874573,already vegetated (tree cover) - no action needed
+102155+29155,26.19083126622945,91.76784700651407,tree_cover,Low,25.739716,already vegetated (tree cover) - no action needed
+102155+29156,26.191729581783022,91.76784700647728,built_up,Low,24.825775,low priority - no action needed
+102155+29157,26.1926278966994,91.76784700664888,tree_cover,Low,23.484406,already vegetated (tree cover) - no action needed
+102155+29158,26.193526212201675,91.76784700657694,tree_cover,Low,23.406097,already vegetated (tree cover) - no action needed
+102155+29159,26.194424526882266,91.76784700671342,built_up,Low,23.65561,low priority - no action needed
+102155+29160,26.195322843238856,91.76784700683214,built_up,Low,23.772552,low priority - no action needed
+102155+29163,26.198017788711127,91.76784700663028,tree_cover,Medium,25.337158,already vegetated (tree cover) - no action needed
+102156+29138,26.175559906333124,91.76874532244275,tree_cover,Medium,27.422638,already vegetated (tree cover) - no action needed
+102156+29139,26.17645822215124,91.76874532239192,tree_cover,Low,25.901398,already vegetated (tree cover) - no action needed
+102156+29140,26.17735653669285,91.76874532232372,tree_cover,Low,24.290985,already vegetated (tree cover) - no action needed
+102156+29141,26.17825485208801,91.76874532223796,tree_cover,Low,23.618256,already vegetated (tree cover) - no action needed
+102156+29142,26.17915316788438,91.76874532213486,tree_cover,Low,23.988068,already vegetated (tree cover) - no action needed
+102156+29155,26.19083126608224,91.76874532237758,tree_cover,Low,25.94223,already vegetated (tree cover) - no action needed
+102156+29156,26.191729581803703,91.76874532225725,built_up,Low,24.905853,low priority - no action needed
+102156+29157,26.192627896887792,91.7687453223453,tree_cover,Low,23.463959,already vegetated (tree cover) - no action needed
+102156+29158,26.19352621201214,91.7687453224158,built_up,Low,23.393219,low priority - no action needed
+102156+29159,26.19442452704256,91.768745322243,tree_cover,Low,23.502838,already vegetated (tree cover) - no action needed
+102156+29160,26.195322843202984,91.76874532227882,built_up,Low,23.480927,low priority - no action needed
+102156+29161,26.19622115782275,91.7687453222973,tree_cover,Low,23.389435,already vegetated (tree cover) - no action needed
+102157+29139,26.17645822215917,91.76964363709904,tree_cover,Low,26.844818,already vegetated (tree cover) - no action needed
+102157+29140,26.1773565368687,91.76964363739545,tree_cover,Low,25.426697,already vegetated (tree cover) - no action needed
+102157+29141,26.17825485206802,91.7696436376747,tree_cover,Low,24.395111,already vegetated (tree cover) - no action needed
+102157+29142,26.17915316766855,91.76964363748498,tree_cover,Low,24.440216,already vegetated (tree cover) - no action needed
+102157+29155,26.19083126604943,91.76964363729569,tree_cover,Low,25.598328,already vegetated (tree cover) - no action needed
+102157+29156,26.19172958193897,91.76964363754328,tree_cover,Low,24.589447,already vegetated (tree cover) - no action needed
+102157+29157,26.192627896827062,91.7696436375478,tree_cover,Low,23.067535,already vegetated (tree cover) - no action needed
+102157+29158,26.19352621193755,91.76964363730922,tree_cover,Low,23.241882,already vegetated (tree cover) - no action needed
+102157+29159,26.194424526953902,91.76964363727927,tree_cover,Low,23.557281,already vegetated (tree cover) - no action needed
+102157+29160,26.195322843282405,91.769643637232,tree_cover,Low,23.2081,already vegetated (tree cover) - no action needed
+102157+29161,26.19622115788813,91.76964363739336,tree_cover,Low,22.975952,already vegetated (tree cover) - no action needed
+102157+29163,26.1980177886702,91.76964363743892,tree_cover,Medium,24.968353,already vegetated (tree cover) - no action needed
+102157+29164,26.198916103814923,91.76964363732272,tree_cover,Medium,24.362366,already vegetated (tree cover) - no action needed
+102158+29139,26.17645822227867,91.77054195319464,tree_cover,Medium,27.24533,already vegetated (tree cover) - no action needed
+102158+29140,26.17735653697416,91.77054195317758,tree_cover,Low,26.466064,already vegetated (tree cover) - no action needed
+102158+29141,26.178254851978167,91.7705419529177,tree_cover,Low,25.569183,already vegetated (tree cover) - no action needed
+102158+29153,26.189034635184704,91.77054195322316,tree_cover,Medium,27.786896,already vegetated (tree cover) - no action needed
+102158+29154,26.189932951112493,91.77054195319504,tree_cover,Medium,26.665405,already vegetated (tree cover) - no action needed
+102158+29155,26.190831266131035,91.77054195315004,tree_cover,Low,25.77182,already vegetated (tree cover) - no action needed
+102158+29156,26.191729582006705,91.77054195308791,tree_cover,Low,25.185791,already vegetated (tree cover) - no action needed
+102158+29157,26.19262789669916,91.77054195300867,tree_cover,Low,23.852509,already vegetated (tree cover) - no action needed
+102158+29158,26.19352621197771,91.77054195313828,tree_cover,Low,23.323547,already vegetated (tree cover) - no action needed
+102158+29159,26.194424526980377,91.77054195325098,tree_cover,Low,23.393646,already vegetated (tree cover) - no action needed
+102158+29160,26.195322843295003,91.7705419533468,tree_cover,Low,23.32779,already vegetated (tree cover) - no action needed
+102158+29161,26.196221157887027,91.77054195319973,tree_cover,Low,22.952484,already vegetated (tree cover) - no action needed
+102158+29162,26.19711947315273,91.77054195303556,tree_cover,Low,23.331451,already vegetated (tree cover) - no action needed
+102159+29125,26.163881807697777,91.77144026780226,tree_cover,Medium,25.867615,already vegetated (tree cover) - no action needed
+102159+29126,26.164780122820776,91.77144026793135,tree_cover,Medium,26.173157,already vegetated (tree cover) - no action needed
+102159+29130,26.168373383937684,91.77144026805534,tree_cover,Medium,26.25296,already vegetated (tree cover) - no action needed
+102159+29156,26.191729581824955,91.77144026766072,tree_cover,Low,25.617767,already vegetated (tree cover) - no action needed
+102159+29157,26.192627896867783,91.77144026772366,tree_cover,Low,24.464325,already vegetated (tree cover) - no action needed
+102159+29158,26.193526211950875,91.77144026777016,tree_cover,Low,23.28421,already vegetated (tree cover) - no action needed
+102159+29159,26.194424526940026,91.771440267574,tree_cover,Low,23.338745,already vegetated (tree cover) - no action needed
+102159+29160,26.195322843423067,91.77144026758714,tree_cover,Low,23.491852,already vegetated (tree cover) - no action needed
+102159+29161,26.19622115763736,91.77144026758316,tree_cover,Low,23.322296,already vegetated (tree cover) - no action needed
+102159+29162,26.197119473253583,91.7714402675625,built_up,Low,23.477753,low priority - no action needed
+102159+29163,26.19801778872869,91.77144026775116,tree_cover,Low,23.828156,already vegetated (tree cover) - no action needed
+102160+29156,26.191729581757805,91.77233858317202,tree_cover,Medium,26.347504,already vegetated (tree cover) - no action needed
+102160+29157,26.192627896969224,91.77233858315164,tree_cover,Low,25.58017,already vegetated (tree cover) - no action needed
+102160+29158,26.19352621185703,91.7723385831146,tree_cover,Low,23.992157,already vegetated (tree cover) - no action needed
+102160+29159,26.19442452701479,91.77233858328704,tree_cover,Low,23.378448,already vegetated (tree cover) - no action needed
+102160+29160,26.19532284330237,91.77233858321686,built_up,Low,23.527008,low priority - no action needed
+102160+29161,26.19622115768508,91.77233858313022,tree_cover,Low,23.283234,already vegetated (tree cover) - no action needed
+102160+29162,26.19711947328815,91.77233858325307,built_up,Low,23.371368,low priority - no action needed
+102160+29163,26.198017788749567,91.77233858313332,tree_cover,Low,22.962555,already vegetated (tree cover) - no action needed
+102161+29156,26.19172958180541,91.77323689859124,tree_cover,Medium,26.52475,already vegetated (tree cover) - no action needed
+102161+29157,26.19262789682154,91.77323689848733,tree_cover,Low,25.800415,already vegetated (tree cover) - no action needed
+102161+29158,26.1935262120599,91.77323689859293,tree_cover,Low,24.296661,already vegetated (tree cover) - no action needed
+102161+29159,26.19442452702255,91.77323689868206,tree_cover,Low,23.02945,already vegetated (tree cover) - no action needed
+102161+29160,26.195322843296804,91.77323689875496,tree_cover,Low,22.95752,already vegetated (tree cover) - no action needed
+102161+29161,26.196221157666525,91.77323689881162,built_up,Low,22.938751,low priority - no action needed
+102161+29162,26.19711947325608,91.77323689862588,tree_cover,Low,23.114594,already vegetated (tree cover) - no action needed
+102161+29163,26.198017788704515,91.77323689864984,tree_cover,Low,22.94806,already vegetated (tree cover) - no action needed
+102162+29156,26.19172958178548,91.77413521386796,tree_cover,Medium,26.815765,already vegetated (tree cover) - no action needed
+102162+29157,26.19262789678845,91.77413521390602,tree_cover,Low,26.069,already vegetated (tree cover) - no action needed
+102162+29158,26.19352621219593,91.77413521392828,tree_cover,Low,24.891693,already vegetated (tree cover) - no action needed
+102162+29159,26.194424526781383,91.77413521370858,tree_cover,Low,23.320953,already vegetated (tree cover) - no action needed
+102162+29160,26.195322843406696,91.77413521347262,tree_cover,Low,22.962982,already vegetated (tree cover) - no action needed
+102162+29161,26.19622115776325,91.7741352136726,tree_cover,Low,22.596588,already vegetated (tree cover) - no action needed
+102162+29162,26.19711947315772,91.77413521385633,tree_cover,Low,22.856781,already vegetated (tree cover) - no action needed
+102162+29163,26.198017788775104,91.77413521379788,tree_cover,Medium,23.561127,already vegetated (tree cover) - no action needed
+102163+29150,26.186339689909225,91.7750335296703,tree_cover,Medium,26.099487,already vegetated (tree cover) - no action needed
+102163+29151,26.18723800514924,91.77503352972003,tree_cover,Low,26.104095,already vegetated (tree cover) - no action needed
+102163+29152,26.188136320609804,91.77503352952824,tree_cover,Low,26.519531,already vegetated (tree cover) - no action needed
+102163+29155,26.19083126625256,91.77503352953482,tree_cover,Medium,26.993256,already vegetated (tree cover) - no action needed
+102163+29157,26.192627896688187,91.7750335294601,tree_cover,Medium,26.670502,already vegetated (tree cover) - no action needed
+102163+29158,26.193526212082865,91.77503352917286,tree_cover,Low,25.369415,already vegetated (tree cover) - no action needed
+102163+29159,26.19442452683744,91.77503352932176,tree_cover,Low,24.132843,already vegetated (tree cover) - no action needed
+102163+29160,26.195322843449777,91.77503352968084,tree_cover,Low,23.046692,already vegetated (tree cover) - no action needed
+102163+29161,26.19622115779335,91.77503352957174,tree_cover,Low,22.477142,already vegetated (tree cover) - no action needed
+102163+29162,26.197119473175004,91.77503352944684,tree_cover,Low,22.582794,already vegetated (tree cover) - no action needed
+102163+29163,26.198017788779584,91.77503352953237,tree_cover,Low,23.434174,already vegetated (tree cover) - no action needed
+102164+29151,26.18723800505792,91.77593184378026,tree_cover,Medium,26.711182,already vegetated (tree cover) - no action needed
+102164+29152,26.1881363206878,91.77593184395548,tree_cover,Medium,26.80899,already vegetated (tree cover) - no action needed
+102164+29157,26.19262789670268,91.77593184414508,tree_cover,Medium,26.93161,already vegetated (tree cover) - no action needed
+102164+29158,26.19352621190261,91.77593184422643,tree_cover,Low,25.732086,already vegetated (tree cover) - no action needed
+102164+29159,26.19442452700844,91.77593184406602,tree_cover,Low,24.840668,already vegetated (tree cover) - no action needed
+102164+29160,26.195322843426027,91.77593184388984,tree_cover,Low,23.328033,already vegetated (tree cover) - no action needed
+102164+29161,26.196221157756977,91.77593184392428,tree_cover,Low,22.580048,already vegetated (tree cover) - no action needed
+102164+29162,26.197119473126,91.77593184394313,tree_cover,Low,22.585846,already vegetated (tree cover) - no action needed
+102164+29163,26.198017788717955,91.7759318437202,tree_cover,Low,23.149658,already vegetated (tree cover) - no action needed
+102165+29143,26.180051482829608,91.7768301598849,tree_cover,Medium,26.60733,already vegetated (tree cover) - no action needed
+102165+29144,26.180949798177828,91.77683015987256,tree_cover,Medium,26.355194,already vegetated (tree cover) - no action needed
+102165+29150,26.186339689683223,91.7768301599277,tree_cover,Medium,26.33316,already vegetated (tree cover) - no action needed
+102165+29151,26.187238005080108,91.77683016003364,tree_cover,Medium,26.732574,already vegetated (tree cover) - no action needed
+102165+29152,26.18813632087948,91.77683016012402,tree_cover,Medium,26.639862,already vegetated (tree cover) - no action needed
+102165+29157,26.192627896831755,91.77683015966754,tree_cover,Medium,26.311615,already vegetated (tree cover) - no action needed
+102165+29158,26.19352621183729,91.77683015966537,tree_cover,Low,25.825348,already vegetated (tree cover) - no action needed
+102165+29159,26.194424527112428,91.77683015987378,tree_cover,Low,24.658112,already vegetated (tree cover) - no action needed
+102165+29160,26.195322843335635,91.77683016006688,tree_cover,Low,23.168976,already vegetated (tree cover) - no action needed
+102165+29161,26.196221157836074,91.77683016001842,tree_cover,Low,22.642212,already vegetated (tree cover) - no action needed
+102165+29162,26.19711947301071,91.77683015995464,tree_cover,Low,22.76538,already vegetated (tree cover) - no action needed
+102165+29163,26.1980177887718,91.77683016010124,tree_cover,Low,23.228668,already vegetated (tree cover) - no action needed
+102166+29143,26.18005148288209,91.77772847482508,tree_cover,Low,26.473114,already vegetated (tree cover) - no action needed
+102166+29144,26.18094979821786,91.77772847495228,tree_cover,Low,25.895782,already vegetated (tree cover) - no action needed
+102166+29145,26.181848113317145,91.77772847506436,tree_cover,Low,25.867767,already vegetated (tree cover) - no action needed
+102166+29146,26.18274642850473,91.77772847493516,tree_cover,Medium,26.198364,already vegetated (tree cover) - no action needed
+102166+29149,26.18544137453048,91.77772847468287,tree_cover,Medium,26.957733,already vegetated (tree cover) - no action needed
+102166+29151,26.18723800521582,91.77772847496593,tree_cover,Medium,26.160553,already vegetated (tree cover) - no action needed
+102166+29152,26.18813632063921,91.77772847474569,tree_cover,Medium,26.134216,already vegetated (tree cover) - no action needed
+102166+29153,26.189034635430257,91.77772847473628,tree_cover,Medium,26.212738,already vegetated (tree cover) - no action needed
+102166+29156,26.191729581759244,91.77772847506856,tree_cover,Medium,27.957977,already vegetated (tree cover) - no action needed
+102166+29157,26.19262789689365,91.7777284749984,tree_cover,Low,26.410553,already vegetated (tree cover) - no action needed
+102166+29158,26.19352621188675,91.77772847513889,tree_cover,Low,25.662384,already vegetated (tree cover) - no action needed
+102166+29159,26.19442452714961,91.77772847503802,tree_cover,Low,24.78949,already vegetated (tree cover) - no action needed
+102166+29160,26.195322843360543,91.77772847492204,tree_cover,Low,23.254364,already vegetated (tree cover) - no action needed
+102166+29161,26.196221157666766,91.77772847479112,tree_cover,Low,22.568634,already vegetated (tree cover) - no action needed
+102166+29162,26.197119473192647,91.77772847487064,tree_cover,Low,22.997894,already vegetated (tree cover) - no action needed
+102167+29144,26.18094979818857,91.77862679019286,tree_cover,Low,26.320038,already vegetated (tree cover) - no action needed
+102167+29145,26.181848113457548,91.77862679021877,tree_cover,Low,26.080841,already vegetated (tree cover) - no action needed
+102167+29146,26.182746428450898,91.77862679045546,tree_cover,Medium,26.13266,already vegetated (tree cover) - no action needed
+102167+29153,26.189034635291407,91.7786267903382,tree_cover,Medium,25.768097,already vegetated (tree cover) - no action needed
+102167+29156,26.19172958176605,91.7786267904183,tree_cover,Medium,27.969452,already vegetated (tree cover) - no action needed
+102167+29157,26.19262789688837,91.77862679049036,tree_cover,Low,26.78946,already vegetated (tree cover) - no action needed
+102167+29158,26.19352621186919,91.77862679032154,tree_cover,Low,25.645111,already vegetated (tree cover) - no action needed
+102167+29159,26.19442452711977,91.77862679036356,tree_cover,Low,24.894012,already vegetated (tree cover) - no action needed
+102167+29160,26.1953228433188,91.77862679039065,tree_cover,Low,23.815094,already vegetated (tree cover) - no action needed
+102167+29161,26.19622115761275,91.7786267904026,tree_cover,Low,22.708649,already vegetated (tree cover) - no action needed
+102167+29162,26.1971194733083,91.77862679039968,tree_cover,Low,22.952728,already vegetated (tree cover) - no action needed
+102168+29144,26.18094979808961,91.77952510569489,tree_cover,Medium,26.10083,already vegetated (tree cover) - no action needed
+102168+29145,26.18184811352864,91.77952510563438,tree_cover,Medium,26.186005,already vegetated (tree cover) - no action needed
+102168+29157,26.192627896815736,91.7795251053395,tree_cover,Medium,26.807556,already vegetated (tree cover) - no action needed
+102168+29158,26.19352621196658,91.77952510553904,tree_cover,Low,25.572174,already vegetated (tree cover) - no action needed
+102168+29159,26.194424527023315,91.77952510549818,tree_cover,Low,25.531433,already vegetated (tree cover) - no action needed
+102168+29160,26.195322843392173,91.7795251054424,tree_cover,Low,24.797394,already vegetated (tree cover) - no action needed
+102168+29161,26.196221157673865,91.77952510559746,tree_cover,Low,23.994904,already vegetated (tree cover) - no action needed
+102168+29162,26.19711947317591,91.77952510551184,tree_cover,Low,23.598541,already vegetated (tree cover) - no action needed
+102169+29144,26.180949797920984,91.78042342090582,tree_cover,Medium,26.347717,already vegetated (tree cover) - no action needed
+102169+29145,26.18184811353021,91.78042342075892,tree_cover,Medium,26.518707,already vegetated (tree cover) - no action needed
+102169+29148,26.184543059373155,91.78042342113493,tree_cover,Medium,26.67743,already vegetated (tree cover) - no action needed
+102169+29157,26.192627896857857,91.78042342102756,tree_cover,Medium,26.642181,already vegetated (tree cover) - no action needed
+102169+29158,26.193526211996787,91.78042342091784,tree_cover,Low,26.13675,already vegetated (tree cover) - no action needed
+102169+29159,26.19442452704196,91.7804234210194,tree_cover,Low,25.171722,already vegetated (tree cover) - no action needed
+102169+29160,26.19532284339873,91.78042342110648,tree_cover,Low,24.614044,already vegetated (tree cover) - no action needed
+102169+29161,26.19622115766868,91.78042342095311,tree_cover,Low,24.313568,already vegetated (tree cover) - no action needed
+102169+29162,26.197119473158807,91.78042342101104,tree_cover,Low,23.175873,already vegetated (tree cover) - no action needed
+102169+29163,26.19801778868976,91.78042342105408,tree_cover,Low,22.98938,already vegetated (tree cover) - no action needed
+102170+29152,26.18813632081599,91.78132173614696,tree_cover,Medium,25.634491,already vegetated (tree cover) - no action needed
+102170+29156,26.19172958192765,91.78132173625278,tree_cover,Medium,25.858246,already vegetated (tree cover) - no action needed
+102170+29158,26.193526211959995,91.78132173610643,tree_cover,Low,26.390228,already vegetated (tree cover) - no action needed
+102170+29159,26.19442452717537,91.7813217361249,tree_cover,Low,24.970093,already vegetated (tree cover) - no action needed
+102170+29160,26.19532284333863,91.78132173612887,tree_cover,Low,24.604462,already vegetated (tree cover) - no action needed
+102170+29161,26.196221157597027,91.7813217361186,tree_cover,Low,24.501312,already vegetated (tree cover) - no action needed
+102170+29162,26.19711947325736,91.78132173609409,tree_cover,Low,23.485718,already vegetated (tree cover) - no action needed
+102170+29163,26.19801778859464,91.78132173605532,tree_cover,Low,22.895233,already vegetated (tree cover) - no action needed
+102171+29152,26.188136320780853,91.7822200510964,tree_cover,Low,25.56839,already vegetated (tree cover) - no action needed
+102171+29156,26.19172958184662,91.78222005131688,tree_cover,Low,25.668427,already vegetated (tree cover) - no action needed
+102171+29159,26.19442452724178,91.78222005139074,tree_cover,Low,25.462189,already vegetated (tree cover) - no action needed
+102171+29160,26.1953228432119,91.78222005131184,built_up,Low,25.017853,low priority - no action needed
+102171+29161,26.19622115764066,91.7822200512189,tree_cover,Low,25.572601,already vegetated (tree cover) - no action needed
+102171+29162,26.19711947328961,91.78222005133767,tree_cover,Low,25.418,already vegetated (tree cover) - no action needed
+102171+29163,26.19801778861552,91.78222005144248,tree_cover,Low,24.426147,already vegetated (tree cover) - no action needed
+102172+29159,26.194424527059425,91.78311836666867,tree_cover,Low,25.841675,already vegetated (tree cover) - no action needed
+102172+29160,26.195322843200284,91.78311836650668,built_up,Low,25.22342,low priority - no action needed
+102172+29162,26.19711947325523,91.78311836681894,tree_cover,Low,26.64328,already vegetated (tree cover) - no action needed
+102172+29163,26.1980177885701,91.78311836661506,tree_cover,Medium,25.463776,already vegetated (tree cover) - no action needed
+102173+29160,26.19532284330378,91.7840166821392,tree_cover,Medium,25.493805,already vegetated (tree cover) - no action needed
+102173+29162,26.19711947315456,91.78401668160866,tree_cover,Low,26.116608,already vegetated (tree cover) - no action needed
+102173+29163,26.19801778864016,91.78401668177452,tree_cover,Low,25.154694,already vegetated (tree cover) - no action needed
+102173+29164,26.19891610376781,91.78401668192656,tree_cover,Low,23.533905,already vegetated (tree cover) - no action needed
+102174+29162,26.19711947316972,91.78491499731292,built_up,Low,25.030731,low priority - no action needed
+102174+29163,26.198017788826043,91.78491499739675,tree_cover,Low,25.152435,already vegetated (tree cover) - no action needed
+102174+29164,26.198916103760915,91.78491499746704,tree_cover,Low,24.18106,already vegetated (tree cover) - no action needed
+102175+29161,26.196221157695508,91.78581331271307,tree_cover,Low,24.778229,already vegetated (tree cover) - no action needed
+102175+29162,26.197119473300337,91.78581331295362,tree_cover,Medium,24.184723,already vegetated (tree cover) - no action needed
+102175+29163,26.198017788764066,91.78581331295504,tree_cover,Low,25.224182,already vegetated (tree cover) - no action needed
+102175+29164,26.19891610368791,91.7858133127171,tree_cover,Low,24.94522,already vegetated (tree cover) - no action needed
+102176+29161,26.19622115777016,91.78671162757009,tree_cover,Low,25.721558,already vegetated (tree cover) - no action needed
+102176+29162,26.197119473364506,91.78671162750194,tree_cover,Low,24.428375,already vegetated (tree cover) - no action needed
+102176+29163,26.198017788635617,91.7867116274207,tree_cover,Low,24.914032,already vegetated (tree cover) - no action needed
+102176+29164,26.1989161037309,91.78671162755248,tree_cover,Low,25.582977,already vegetated (tree cover) - no action needed
+102176+29165,26.19981441886165,91.7867116276716,tree_cover,Low,24.290924,already vegetated (tree cover) - no action needed
+102177+29146,26.1827464286556,91.78760994331432,tree_cover,Medium,26.996124,already vegetated (tree cover) - no action needed
+102177+29156,26.19172958194538,91.78760994337652,built_up,Low,26.10672,low priority - no action needed
+102177+29157,26.19262789677406,91.78760994328992,tree_cover,Low,24.86316,already vegetated (tree cover) - no action needed
+102177+29159,26.1944245271456,91.78760994330436,tree_cover,Low,25.782623,already vegetated (tree cover) - no action needed
+102177+29160,26.195322843232752,91.7876099434052,tree_cover,Medium,25.559662,already vegetated (tree cover) - no action needed
+102177+29161,26.19622115759641,91.78760994326755,tree_cover,Low,25.583954,already vegetated (tree cover) - no action needed
+102177+29162,26.1971194733622,91.787609943117,tree_cover,Low,24.419525,already vegetated (tree cover) - no action needed
+102177+29163,26.198017788622817,91.7876099431795,tree_cover,Low,24.194855,already vegetated (tree cover) - no action needed
+102177+29164,26.198916103889896,91.7876099432293,tree_cover,Low,25.724396,already vegetated (tree cover) - no action needed
+102177+29165,26.199814418828225,91.78760994326618,tree_cover,Low,25.163422,already vegetated (tree cover) - no action needed
+102178+29146,26.182746428568336,91.78850825805394,tree_cover,Medium,27.72525,already vegetated (tree cover) - no action needed
+102178+29157,26.192627896756512,91.78850825845304,tree_cover,Low,25.370117,already vegetated (tree cover) - no action needed
+102178+29158,26.1935262119792,91.78850825849597,tree_cover,Low,25.360199,already vegetated (tree cover) - no action needed
+102178+29160,26.19532284318461,91.7885082580926,tree_cover,Medium,25.272247,already vegetated (tree cover) - no action needed
+102178+29162,26.197119473293423,91.78850825854276,built_up,Low,25.051971,low priority - no action needed
+102178+29163,26.19801778854409,91.78850825829706,tree_cover,Low,23.938416,already vegetated (tree cover) - no action needed
+102178+29164,26.198916103982604,91.78850825826464,built_up,Low,25.110443,low priority - no action needed
+102178+29165,26.199814418910787,91.78850825844548,tree_cover,Low,25.634338,already vegetated (tree cover) - no action needed
+102179+29145,26.18184811355005,91.7894065737534,tree_cover,Medium,27.225616,already vegetated (tree cover) - no action needed
+102179+29162,26.197119473158367,91.78940657367956,built_up,Low,25.569244,low priority - no action needed
+102179+29163,26.19801778858101,91.78940657380336,tree_cover,Low,24.06662,already vegetated (tree cover) - no action needed
+102179+29164,26.19891610382745,91.78940657368894,tree_cover,Low,24.09262,already vegetated (tree cover) - no action needed
+102179+29165,26.199814419109536,91.78940657356225,tree_cover,Low,25.267365,already vegetated (tree cover) - no action needed
+102179+29166,26.200712734618552,91.7894065738748,tree_cover,Low,24.114227,already vegetated (tree cover) - no action needed
+102180+29144,26.18094979784264,91.79030488919932,tree_cover,Medium,27.048553,already vegetated (tree cover) - no action needed
+102180+29158,26.19352621190424,91.79030488947195,tree_cover,Low,25.162811,already vegetated (tree cover) - no action needed
+102180+29159,26.194424527194663,91.79030488933596,tree_cover,Low,24.732788,already vegetated (tree cover) - no action needed
+102180+29162,26.19711947313896,91.79030488930744,built_up,Low,25.291168,low priority - no action needed
+102180+29164,26.19891610360637,91.79030488937836,tree_cover,Low,23.925842,already vegetated (tree cover) - no action needed
+102180+29165,26.199814419060427,91.79030488916943,tree_cover,Low,24.979279,already vegetated (tree cover) - no action needed
+102180+29166,26.20071273474141,91.79030488894848,tree_cover,Low,24.766266,already vegetated (tree cover) - no action needed
+102181+29151,26.187238005058266,91.79120320385738,tree_cover,Low,25.048035,already vegetated (tree cover) - no action needed
+102181+29152,26.18813632068225,91.7912032039474,tree_cover,Medium,24.803253,already vegetated (tree cover) - no action needed
+102181+29158,26.193526211857147,91.79120320378593,tree_cover,Low,24.728119,already vegetated (tree cover) - no action needed
+102181+29159,26.194424527137773,91.79120320379278,built_up,Low,24.59607,low priority - no action needed
+102181+29160,26.195322843185256,91.79120320401378,tree_cover,Low,25.459747,already vegetated (tree cover) - no action needed
+102181+29161,26.196221157872948,91.79120320399656,built_up,Low,24.49582,low priority - no action needed
+102181+29162,26.1971194732352,91.79120320396753,tree_cover,Low,24.068176,already vegetated (tree cover) - no action needed
+102181+29163,26.19801778863792,91.79120320392666,tree_cover,Low,24.773834,already vegetated (tree cover) - no action needed
+102181+29164,26.19891610368304,91.79120320387376,tree_cover,Low,24.237732,already vegetated (tree cover) - no action needed
+102181+29165,26.1998144189454,91.791203204035,tree_cover,Low,24.457611,already vegetated (tree cover) - no action needed
+102181+29166,26.20071273479869,91.7912032041842,tree_cover,Low,25.134857,already vegetated (tree cover) - no action needed
+102182+29150,26.186339689799148,91.79210151943568,tree_cover,Low,25.21286,already vegetated (tree cover) - no action needed
+102182+29151,26.18723800519245,91.79210151945266,tree_cover,Low,24.560028,already vegetated (tree cover) - no action needed
+102182+29155,26.19083126636293,91.79210151940372,tree_cover,Low,26.280304,already vegetated (tree cover) - no action needed
+102182+29156,26.191729581779903,91.79210151936228,tree_cover,Low,25.858765,already vegetated (tree cover) - no action needed
+102182+29157,26.19262789674089,91.79210151930924,tree_cover,Low,25.705566,already vegetated (tree cover) - no action needed
+102182+29158,26.193526211924805,91.79210151947034,tree_cover,Low,24.950714,already vegetated (tree cover) - no action needed
+102182+29159,26.194424527196013,91.79210151961983,tree_cover,Low,25.165192,already vegetated (tree cover) - no action needed
+102182+29160,26.19532284323388,91.79210151953156,tree_cover,Low,25.641876,already vegetated (tree cover) - no action needed
+102182+29161,26.196221157730218,91.79210151943188,tree_cover,Low,24.668732,already vegetated (tree cover) - no action needed
+102182+29162,26.197119473264795,91.7921015193204,tree_cover,Low,24.049683,already vegetated (tree cover) - no action needed
+102182+29163,26.198017788657904,91.79210151942286,built_up,Low,24.858917,low priority - no action needed
+102182+29164,26.198916103693605,91.7921015195137,tree_cover,Low,24.407562,already vegetated (tree cover) - no action needed
+102182+29165,26.19981441912845,91.79210151959296,tree_cover,Low,23.955566,already vegetated (tree cover) - no action needed
+102182+29166,26.200712734790223,91.79210151966062,tree_cover,Low,24.847137,already vegetated (tree cover) - no action needed
+102182+29167,26.2016110494562,91.79210151971644,tree_cover,Low,24.430786,already vegetated (tree cover) - no action needed
+102183+29150,26.18633968969222,91.79299983532908,built_up,Low,25.238617,low priority - no action needed
+102183+29151,26.187238005258227,91.79299983526096,tree_cover,Low,24.128876,already vegetated (tree cover) - no action needed
+102183+29152,26.188136320681053,91.79299983540744,tree_cover,Medium,24.273346,already vegetated (tree cover) - no action needed
+102183+29156,26.191729581981004,91.79299983520085,tree_cover,Low,25.510834,already vegetated (tree cover) - no action needed
+102183+29157,26.19262789656887,91.79299983529,tree_cover,Low,25.075775,already vegetated (tree cover) - no action needed
+102183+29158,26.19352621210723,91.79299983514184,tree_cover,Medium,24.925049,already vegetated (tree cover) - no action needed
+102183+29160,26.19532284321569,91.7929998352628,tree_cover,Medium,25.648865,already vegetated (tree cover) - no action needed
+102183+29162,26.197119473227747,91.79299983533762,tree_cover,Low,24.686432,already vegetated (tree cover) - no action needed
+102183+29163,26.19801778861197,91.79299983513212,tree_cover,Medium,25.039215,already vegetated (tree cover) - no action needed
+102183+29164,26.19891610382,91.79299983514116,tree_cover,Low,24.682098,already vegetated (tree cover) - no action needed
+102183+29165,26.19981441906366,91.79299983513845,tree_cover,Low,23.864899,already vegetated (tree cover) - no action needed
+102183+29166,26.200712734716188,91.79299983489832,tree_cover,Low,24.35733,already vegetated (tree cover) - no action needed
+102183+29167,26.20161104955448,91.7929998348726,tree_cover,Low,24.664581,already vegetated (tree cover) - no action needed
+102184+29144,26.180949798141057,91.79389814988647,tree_cover,Medium,27.153717,already vegetated (tree cover) - no action needed
+102184+29149,26.18544137440698,91.79389814979712,built_up,Low,25.75534,low priority - no action needed
+102184+29150,26.18633968969881,91.79389814988124,built_up,Low,25.564148,low priority - no action needed
+102184+29151,26.18723800525556,91.79389814995425,tree_cover,Low,25.040497,already vegetated (tree cover) - no action needed
+102184+29152,26.18813632066933,91.79389814978988,tree_cover,Low,24.36728,already vegetated (tree cover) - no action needed
+102184+29155,26.19083126598851,91.7938981501333,tree_cover,Medium,26.891205,already vegetated (tree cover) - no action needed
+102184+29162,26.197119473124594,91.7938981497882,tree_cover,Low,25.009216,already vegetated (tree cover) - no action needed
+102184+29164,26.198916103880453,91.79389815010477,tree_cover,Low,25.128326,already vegetated (tree cover) - no action needed
+102184+29165,26.199814418932945,91.79389815002024,tree_cover,Low,23.564362,already vegetated (tree cover) - no action needed
+102184+29166,26.20071273475832,91.79389815015033,tree_cover,Low,23.536224,already vegetated (tree cover) - no action needed
+102185+29152,26.18813632058935,91.79479646524052,tree_cover,Low,24.944519,already vegetated (tree cover) - no action needed
+102185+29164,26.198916103693044,91.794796465007,tree_cover,Low,25.425385,already vegetated (tree cover) - no action needed
+102185+29165,26.199814419100147,91.79479646506644,tree_cover,Low,23.951813,already vegetated (tree cover) - no action needed
+102185+29166,26.200712734734708,91.79479646511474,tree_cover,Low,23.28476,already vegetated (tree cover) - no action needed
+102185+29167,26.20161104937293,91.79479646515207,tree_cover,Low,24.190948,already vegetated (tree cover) - no action needed
+102186+29144,26.180949797872668,91.79569478083972,tree_cover,Medium,27.094452,already vegetated (tree cover) - no action needed
+102186+29155,26.19083126607101,91.79569478079306,tree_cover,Medium,26.26065,already vegetated (tree cover) - no action needed
+102186+29156,26.191729581815405,91.79569478086782,tree_cover,Low,25.544159,already vegetated (tree cover) - no action needed
+102186+29157,26.192627896740817,91.79569478093164,built_up,Low,25.295135,low priority - no action needed
+102186+29158,26.193526212069845,91.79569478098476,tree_cover,Low,24.28714,already vegetated (tree cover) - no action needed
+102186+29161,26.19622115776658,91.79569478085406,tree_cover,Low,25.53128,already vegetated (tree cover) - no action needed
+102186+29164,26.1989161038034,91.79569478107732,tree_cover,Low,24.66632,already vegetated (tree cover) - no action needed
+102186+29165,26.19981441901967,91.79569478105498,tree_cover,Low,23.868958,already vegetated (tree cover) - no action needed
+102186+29166,26.20071273464534,91.79569478079574,tree_cover,Low,23.031525,already vegetated (tree cover) - no action needed
+102186+29167,26.201611049638704,91.7956947809775,tree_cover,Low,23.43045,already vegetated (tree cover) - no action needed
+102186+29168,26.202509364668582,91.79569478114836,tree_cover,Low,24.669708,already vegetated (tree cover) - no action needed
+102187+29144,26.180949797907,91.79659309582335,tree_cover,Low,26.52066,already vegetated (tree cover) - no action needed
+102187+29155,26.19083126601087,91.79659309596876,tree_cover,Low,26.057404,already vegetated (tree cover) - no action needed
+102187+29156,26.19172958192848,91.79659309595976,tree_cover,Low,25.117523,already vegetated (tree cover) - no action needed
+102187+29157,26.19262789666325,91.79659309594004,built_up,Low,25.128632,low priority - no action needed
+102187+29158,26.19352621216568,91.7965930959096,tree_cover,Low,24.360046,already vegetated (tree cover) - no action needed
+102187+29159,26.194424527028715,91.79659309586866,tree_cover,Low,24.574493,already vegetated (tree cover) - no action needed
+102187+29163,26.198017788856767,91.79659309605128,built_up,Low,24.574738,low priority - no action needed
+102187+29164,26.198916103847463,91.79659309595766,tree_cover,Low,24.077423,already vegetated (tree cover) - no action needed
+102187+29165,26.199814418873448,91.79659309585313,tree_cover,Low,23.743195,already vegetated (tree cover) - no action needed
+102187+29166,26.200712734672145,91.796593095964,tree_cover,Low,23.342804,already vegetated (tree cover) - no action needed
+102187+29167,26.20161104965697,91.79659309583823,tree_cover,Low,23.153198,already vegetated (tree cover) - no action needed
+102187+29168,26.202509364678143,91.79659309570198,tree_cover,Low,24.069977,already vegetated (tree cover) - no action needed
+102188+29143,26.18005148294304,91.79749141126796,tree_cover,Medium,26.260284,already vegetated (tree cover) - no action needed
+102188+29144,26.18094979787164,91.79749141152485,tree_cover,Medium,26.342499,already vegetated (tree cover) - no action needed
+102188+29145,26.18184811365462,91.7974914113198,tree_cover,Medium,26.430145,already vegetated (tree cover) - no action needed
+102188+29155,26.190831266064787,91.7974914111842,tree_cover,Medium,25.950378,already vegetated (tree cover) - no action needed
+102188+29156,26.19172958179245,91.79749141109124,tree_cover,Medium,25.552734,already vegetated (tree cover) - no action needed
+102188+29157,26.1926278968822,91.79749141121393,built_up,Low,25.529388,low priority - no action needed
+102188+29158,26.19352621201276,91.79749141132636,tree_cover,Low,24.710724,already vegetated (tree cover) - no action needed
+102188+29159,26.194424527048827,91.79749141120232,tree_cover,Low,24.264008,already vegetated (tree cover) - no action needed
+102188+29163,26.19801778884344,91.79749141105384,built_up,Low,24.6763,low priority - no action needed
+102188+29164,26.1989161038256,91.79749141110378,tree_cover,Low,24.203217,already vegetated (tree cover) - no action needed
+102188+29165,26.199814418843044,91.7974914111434,tree_cover,Low,24.023926,already vegetated (tree cover) - no action needed
+102188+29166,26.200712734815312,91.79749141117252,tree_cover,Low,24.040161,already vegetated (tree cover) - no action needed
+102188+29167,26.20161104960967,91.79749141141738,tree_cover,Low,23.537262,already vegetated (tree cover) - no action needed
+102188+29168,26.20250936462249,91.79749141142575,tree_cover,Low,24.020966,already vegetated (tree cover) - no action needed
+102189+29143,26.180051483210296,91.79838972654228,tree_cover,Medium,26.57724,already vegetated (tree cover) - no action needed
+102189+29144,26.18094979776661,91.79838972648682,tree_cover,Medium,26.8143,already vegetated (tree cover) - no action needed
+102189+29158,26.1935262119744,91.79838972668078,tree_cover,Low,25.159637,already vegetated (tree cover) - no action needed
+102189+29159,26.19442452700212,91.79838972669918,tree_cover,Low,24.697357,already vegetated (tree cover) - no action needed
+102189+29163,26.198017788763643,91.798389726672,tree_cover,Low,25.015625,already vegetated (tree cover) - no action needed
+102189+29164,26.19891610391973,91.79838972663993,tree_cover,Low,24.629883,already vegetated (tree cover) - no action needed
+102189+29165,26.19981441892864,91.79838972682352,tree_cover,Low,24.087769,already vegetated (tree cover) - no action needed
+102189+29166,26.200712734710983,91.7983897267711,tree_cover,Low,23.759155,already vegetated (tree cover) - no action needed
+102189+29167,26.20161104967872,91.79838972648244,tree_cover,Low,23.586273,already vegetated (tree cover) - no action needed
+102189+29168,26.202509364683355,91.79838972663543,tree_cover,Low,24.039398,already vegetated (tree cover) - no action needed
+102190+29143,26.180051483043773,91.79928804163202,tree_cover,Medium,27.166199,already vegetated (tree cover) - no action needed
+102190+29154,26.189932950934065,91.79928804178432,tree_cover,Low,25.246124,already vegetated (tree cover) - no action needed
+102190+29159,26.19442452688877,91.79928804155996,tree_cover,Low,24.979706,already vegetated (tree cover) - no action needed
+102190+29164,26.19891610376565,91.79928804176528,tree_cover,Low,25.332855,already vegetated (tree cover) - no action needed
+102190+29165,26.199814419130416,91.7992880416409,tree_cover,Low,24.560516,already vegetated (tree cover) - no action needed
+102190+29166,26.20071273454089,91.79928804173268,tree_cover,Low,23.90628,already vegetated (tree cover) - no action needed
+102190+29167,26.201611049682384,91.79928804181462,tree_cover,Low,23.983795,already vegetated (tree cover) - no action needed
+102190+29168,26.202509364678825,91.79928804166052,tree_cover,Low,24.35907,already vegetated (tree cover) - no action needed
+102190+29169,26.20340768072324,91.79928804172216,tree_cover,Medium,25.089203,already vegetated (tree cover) - no action needed
+102191+29143,26.1800514828074,91.80018635733876,tree_cover,Medium,27.667084,already vegetated (tree cover) - no action needed
+102191+29149,26.18544137459308,91.80018635717734,tree_cover,Medium,26.309631,already vegetated (tree cover) - no action needed
+102191+29150,26.186339689644065,91.8001863571167,tree_cover,Medium,25.506256,already vegetated (tree cover) - no action needed
+102191+29151,26.187238005142124,91.80018635727215,tree_cover,Low,25.014069,already vegetated (tree cover) - no action needed
+102191+29152,26.188136320678773,91.8001863574178,built_up,Low,24.965912,low priority - no action needed
+102191+29153,26.189034635401487,91.80018635710194,tree_cover,Low,24.876495,already vegetated (tree cover) - no action needed
+102191+29156,26.191729581888147,91.80018635745238,tree_cover,Medium,25.583221,already vegetated (tree cover) - no action needed
+102191+29157,26.19262789677193,91.80018635732378,tree_cover,Medium,25.38565,already vegetated (tree cover) - no action needed
+102191+29158,26.193526212060053,91.8001863571856,tree_cover,Low,25.056854,already vegetated (tree cover) - no action needed
+102191+29159,26.194424526890177,91.80018635726351,tree_cover,Low,24.71231,already vegetated (tree cover) - no action needed
+102191+29160,26.19532284339596,91.8001863573316,built_up,Low,24.376251,low priority - no action needed
+102191+29161,26.196221157815085,91.80018635716436,built_up,Low,24.477509,low priority - no action needed
+102191+29164,26.19891610372739,91.80018635728216,built_up,Low,25.868286,low priority - no action needed
+102191+29165,26.19981441908433,91.80018635730178,built_up,Low,25.432312,low priority - no action needed
+102191+29166,26.200712734486792,91.80018635708556,tree_cover,Low,24.53659,already vegetated (tree cover) - no action needed
+102191+29167,26.201611049802565,91.80018635708574,tree_cover,Low,24.547882,already vegetated (tree cover) - no action needed
+102191+29168,26.202509364608908,91.80018635730228,tree_cover,Low,24.919281,already vegetated (tree cover) - no action needed
+102192+29143,26.18005148304724,91.80108467218294,tree_cover,Medium,27.568268,already vegetated (tree cover) - no action needed
+102192+29151,26.187238005138084,91.80108467210732,tree_cover,Low,24.85379,already vegetated (tree cover) - no action needed
+102192+29152,26.18813632084921,91.80108467216832,built_up,Low,24.892914,low priority - no action needed
+102192+29153,26.189034635200205,91.80108467244588,tree_cover,Low,25.109955,already vegetated (tree cover) - no action needed
+102192+29157,26.19262789672182,91.8010846721056,built_up,Low,25.358185,low priority - no action needed
+102192+29158,26.19352621200228,91.80108467210982,built_up,Low,25.187866,low priority - no action needed
+102192+29159,26.194424527006348,91.80108467210444,tree_cover,Low,24.568207,already vegetated (tree cover) - no action needed
+102192+29160,26.19532284332272,91.80108467208966,tree_cover,Low,24.100433,already vegetated (tree cover) - no action needed
+102192+29161,26.196221157734023,91.80108467206524,tree_cover,Low,23.787933,already vegetated (tree cover) - no action needed
+102192+29162,26.19711947318304,91.80108467203146,built_up,Low,24.368317,low priority - no action needed
+102192+29166,26.20071273454889,91.80108467247946,tree_cover,Low,24.251373,already vegetated (tree cover) - no action needed
+102192+29167,26.201611049675257,91.80108467239828,tree_cover,Low,24.257172,already vegetated (tree cover) - no action needed
+102192+29169,26.203407680684634,91.8010846719811,tree_cover,Low,24.589874,already vegetated (tree cover) - no action needed
+102193+29143,26.180051483035065,91.80198298784444,tree_cover,Medium,27.317413,already vegetated (tree cover) - no action needed
+102193+29151,26.18723800506597,91.80198298798643,tree_cover,Low,24.989899,already vegetated (tree cover) - no action needed
+102193+29153,26.18903463511298,91.8019829877038,built_up,Low,25.374298,low priority - no action needed
+102193+29156,26.1917295819178,91.80198298800094,tree_cover,Low,25.62857,already vegetated (tree cover) - no action needed
+102193+29157,26.192627896604527,91.8019829879308,tree_cover,Low,25.057892,already vegetated (tree cover) - no action needed
+102193+29158,26.19352621205929,91.80198298785167,built_up,Low,25.541779,low priority - no action needed
+102193+29159,26.19442452705569,91.80198298798916,tree_cover,Low,25.30191,already vegetated (tree cover) - no action needed
+102193+29160,26.19532284318265,91.80198298789128,tree_cover,Low,24.233398,already vegetated (tree cover) - no action needed
+102193+29161,26.19622115776824,91.80198298778424,tree_cover,Low,23.699982,already vegetated (tree cover) - no action needed
+102193+29162,26.1971194732098,91.80198298789377,tree_cover,Low,24.400055,already vegetated (tree cover) - no action needed
+102193+29163,26.198017788691985,91.8019829879939,built_up,Low,24.919586,low priority - no action needed
+102193+29166,26.20071273472732,91.80198298778734,tree_cover,Low,24.299469,already vegetated (tree cover) - no action needed
+102193+29167,26.2016110494822,91.80198298785037,built_up,Low,23.972046,low priority - no action needed
+102193+29168,26.20250936463692,91.8019829879042,built_up,Low,23.89383,low priority - no action needed
+102193+29169,26.203407680658376,91.80198298794888,tree_cover,Low,24.061981,already vegetated (tree cover) - no action needed
+102194+29152,26.18813632080339,91.80288130294647,tree_cover,Low,24.916718,already vegetated (tree cover) - no action needed
+102194+29157,26.19262789660182,91.80288130294603,tree_cover,Low,24.865082,already vegetated (tree cover) - no action needed
+102194+29159,26.19442452703822,91.80288130283688,built_up,Low,25.873566,low priority - no action needed
+102194+29160,26.195322843157708,91.80288130288208,tree_cover,Low,24.402313,already vegetated (tree cover) - no action needed
+102194+29161,26.19622115791794,91.80288130314408,tree_cover,Low,23.631622,already vegetated (tree cover) - no action needed
+102194+29162,26.19711947316992,91.80288130317092,built_up,Low,24.26941,low priority - no action needed
+102194+29163,26.198017788645164,91.8028813029631,tree_cover,Low,24.481262,already vegetated (tree cover) - no action needed
+102194+29164,26.198916103944043,91.80288130297208,tree_cover,Low,24.35614,already vegetated (tree cover) - no action needed
+102194+29166,26.200712734840195,91.80288130296248,tree_cover,Low,24.663727,already vegetated (tree cover) - no action needed
+102194+29167,26.201611049405308,91.80288130294416,tree_cover,Low,24.254364,already vegetated (tree cover) - no action needed
+102194+29168,26.20250936473502,91.80288130291667,tree_cover,Low,23.700836,already vegetated (tree cover) - no action needed
+102194+29169,26.203407680748832,91.80288130310622,tree_cover,Low,23.681793,already vegetated (tree cover) - no action needed
+102194+29170,26.2043059950325,91.80288130328658,built_up,Low,24.262848,low priority - no action needed
+102195+29149,26.18544137459074,91.80377961839896,tree_cover,Low,25.52835,already vegetated (tree cover) - no action needed
+102195+29150,26.18633968979415,91.80377961822305,tree_cover,Low,25.585083,already vegetated (tree cover) - no action needed
+102195+29151,26.1872380050802,91.80377961826434,tree_cover,Low,25.19693,already vegetated (tree cover) - no action needed
+102195+29152,26.188136320769257,91.80377961829691,tree_cover,Low,24.703766,already vegetated (tree cover) - no action needed
+102195+29153,26.189034635279967,91.80377961832056,built_up,Low,25.15155,low priority - no action needed
+102195+29157,26.19262789671352,91.80377961832716,tree_cover,Medium,25.665436,already vegetated (tree cover) - no action needed
+102195+29159,26.19442452695375,91.80377961827752,tree_cover,Low,25.477203,already vegetated (tree cover) - no action needed
+102195+29160,26.195322843248057,91.80377961823964,tree_cover,Low,24.200073,already vegetated (tree cover) - no action needed
+102195+29161,26.196221158000814,91.80377961819278,tree_cover,Low,23.34851,already vegetated (tree cover) - no action needed
+102195+29162,26.197119473063733,91.80377961813696,tree_cover,Low,23.80191,already vegetated (tree cover) - no action needed
+102195+29163,26.198017788713987,91.8037796182984,tree_cover,Low,24.409058,already vegetated (tree cover) - no action needed
+102195+29164,26.19891610382346,91.80377961822516,tree_cover,Low,24.132965,already vegetated (tree cover) - no action needed
+102195+29165,26.199814418968764,91.80377961814295,tree_cover,Low,24.008728,already vegetated (tree cover) - no action needed
+102195+29166,26.20071273488731,91.80377961827776,built_up,Low,24.426178,low priority - no action needed
+102195+29167,26.20161104926303,91.80377961817788,built_up,Low,24.649078,low priority - no action needed
+102195+29168,26.202509364767547,91.80377961806906,tree_cover,Low,24.271576,already vegetated (tree cover) - no action needed
+102195+29169,26.203407680774244,91.80377961795148,built_up,Low,23.995636,low priority - no action needed
+102195+29170,26.204305995232545,91.80377961805118,tree_cover,Low,23.732056,already vegetated (tree cover) - no action needed
+102196+29150,26.18633968988742,91.8046779333324,tree_cover,Low,25.538849,already vegetated (tree cover) - no action needed
+102196+29151,26.18723800516688,91.80467793351455,tree_cover,Low,25.359344,already vegetated (tree cover) - no action needed
+102196+29152,26.1881363206667,91.80467793346229,tree_cover,Low,24.98825,already vegetated (tree cover) - no action needed
+102196+29153,26.18903463535242,91.80467793340128,built_up,Low,25.151215,low priority - no action needed
+102196+29159,26.19442452698404,91.80467793375948,tree_cover,Low,25.223846,already vegetated (tree cover) - no action needed
+102196+29160,26.19532284327141,91.804677933864,tree_cover,Low,23.98526,already vegetated (tree cover) - no action needed
+102196+29161,26.19622115783529,91.80467793373428,tree_cover,Low,23.007965,already vegetated (tree cover) - no action needed
+102196+29162,26.197119473073204,91.80467793359628,tree_cover,Low,23.144379,already vegetated (tree cover) - no action needed
+102196+29163,26.198017788716168,91.80467793344928,built_up,Low,24.225922,low priority - no action needed
+102196+29164,26.19891610381888,91.80467793351956,tree_cover,Low,24.106903,already vegetated (tree cover) - no action needed
+102196+29165,26.19981441895707,91.80467793358156,tree_cover,Low,23.203186,already vegetated (tree cover) - no action needed
+102196+29166,26.20071273486832,91.8046779334086,tree_cover,Low,23.187408,already vegetated (tree cover) - no action needed
+102196+29167,26.201611049237464,91.80467793345314,built_up,Low,24.07785,low priority - no action needed
+102196+29168,26.20250936473468,91.8046779334894,built_up,Low,24.677338,low priority - no action needed
+102196+29169,26.20340768073426,91.80467793351649,tree_cover,Low,24.738922,already vegetated (tree cover) - no action needed
+102196+29170,26.20430599536754,91.80467793353482,tree_cover,Low,24.171295,already vegetated (tree cover) - no action needed
+102197+29143,26.18005148265218,91.80557624882572,tree_cover,Medium,27.400787,already vegetated (tree cover) - no action needed
+102197+29150,26.18633968973032,91.80557624883552,tree_cover,Medium,26.620148,already vegetated (tree cover) - no action needed
+102197+29151,26.18723800518496,91.80557624848068,tree_cover,Low,26.342163,already vegetated (tree cover) - no action needed
+102197+29152,26.188136320678023,91.8055762485695,tree_cover,Low,25.921112,already vegetated (tree cover) - no action needed
+102197+29153,26.1890346353568,91.80557624865,tree_cover,Low,25.544891,already vegetated (tree cover) - no action needed
+102197+29154,26.18993295088687,91.80557624872202,built_up,Low,25.29071,low priority - no action needed
+102197+29158,26.1935262119792,91.80557624870038,tree_cover,Medium,26.65094,already vegetated (tree cover) - no action needed
+102197+29159,26.1944245269475,91.80557624850456,tree_cover,Low,25.75003,already vegetated (tree cover) - no action needed
+102197+29160,26.19532284340988,91.80557624852662,tree_cover,Low,24.732788,already vegetated (tree cover) - no action needed
+102197+29161,26.19622115760313,91.80557624853996,tree_cover,Low,23.660004,already vegetated (tree cover) - no action needed
+102197+29162,26.19711947319815,91.8055762485448,tree_cover,Low,23.271942,already vegetated (tree cover) - no action needed
+102197+29163,26.198017788652056,91.80557624876734,tree_cover,Low,23.897583,already vegetated (tree cover) - no action needed
+102197+29164,26.19891610393012,91.80557624875564,tree_cover,Low,23.843048,already vegetated (tree cover) - no action needed
+102197+29165,26.199814418879622,91.8055762487356,tree_cover,Low,23.203674,already vegetated (tree cover) - no action needed
+102197+29166,26.200712734783576,91.80557624870708,tree_cover,Low,22.966705,already vegetated (tree cover) - no action needed
+102197+29167,26.201611049510166,91.80557624889605,tree_cover,Low,23.24289,already vegetated (tree cover) - no action needed
+102197+29168,26.202509364636416,91.80557624907648,tree_cover,Low,24.266327,already vegetated (tree cover) - no action needed
+102197+29169,26.203407680810987,91.80557624902264,tree_cover,Low,25.019714,already vegetated (tree cover) - no action needed
+102197+29170,26.204305995255584,91.80557624896052,tree_cover,Low,25.03006,already vegetated (tree cover) - no action needed
+102198+29143,26.18005148283681,91.80647456361608,tree_cover,Medium,27.197601,already vegetated (tree cover) - no action needed
+102198+29153,26.189034635293115,91.80647456371396,tree_cover,Low,26.166046,already vegetated (tree cover) - no action needed
+102198+29154,26.189932950998543,91.80647456370151,tree_cover,Low,25.347443,already vegetated (tree cover) - no action needed
+102198+29156,26.19172958181139,91.80647456410398,built_up,Low,25.453339,low priority - no action needed
+102198+29159,26.19442452702591,91.80647456374356,tree_cover,Low,26.507935,already vegetated (tree cover) - no action needed
+102198+29160,26.19532284348169,91.80647456390804,tree_cover,Low,26.228058,already vegetated (tree cover) - no action needed
+102198+29161,26.196221157486256,91.80647456383872,tree_cover,Low,24.970306,already vegetated (tree cover) - no action needed
+102198+29162,26.197119473256446,91.80647456376114,tree_cover,Low,23.930023,already vegetated (tree cover) - no action needed
+102198+29163,26.198017788703773,91.80647456367524,tree_cover,Low,23.933441,already vegetated (tree cover) - no action needed
+102198+29164,26.198916103793323,91.8064745635813,tree_cover,Low,23.826935,already vegetated (tree cover) - no action needed
+102198+29165,26.19981441909992,91.80647456370504,tree_cover,Low,23.614838,already vegetated (tree cover) - no action needed
+102198+29166,26.200712734633445,91.80647456382071,tree_cover,Low,23.017487,already vegetated (tree cover) - no action needed
+102198+29167,26.201611049716945,91.80647456370212,tree_cover,Low,22.732574,already vegetated (tree cover) - no action needed
+102198+29168,26.202509364654688,91.8064745638012,tree_cover,Low,23.607208,already vegetated (tree cover) - no action needed
+102198+29169,26.203407680822675,91.80647456389224,tree_cover,Medium,24.062592,already vegetated (tree cover) - no action needed
+102198+29170,26.204305995078773,91.80647456374923,tree_cover,Medium,24.878937,already vegetated (tree cover) - no action needed
+102198+29171,26.20520431056569,91.80647456359792,tree_cover,Medium,25.279266,already vegetated (tree cover) - no action needed
+102199+29143,26.180051483133727,91.80737287970344,tree_cover,Medium,27.061615,already vegetated (tree cover) - no action needed
+102199+29153,26.18903463534349,91.80737287962263,tree_cover,Medium,27.448639,already vegetated (tree cover) - no action needed
+102199+29156,26.191729581842186,91.80737287953455,tree_cover,Low,25.807861,already vegetated (tree cover) - no action needed
+102199+29157,26.192627896669222,91.80737287963991,tree_cover,Low,25.412933,already vegetated (tree cover) - no action needed
+102199+29158,26.1935262119006,91.80737287973744,tree_cover,Low,25.881592,already vegetated (tree cover) - no action needed
+102199+29159,26.19442452703732,91.80737287960116,tree_cover,Medium,26.129944,already vegetated (tree cover) - no action needed
+102199+29160,26.195322843486515,91.80737287945684,tree_cover,Medium,26.567871,already vegetated (tree cover) - no action needed
+102199+29161,26.196221157484672,91.80737287953016,tree_cover,Low,25.99292,already vegetated (tree cover) - no action needed
+102199+29162,26.19711947324846,91.80737287959587,tree_cover,Low,24.960114,already vegetated (tree cover) - no action needed
+102199+29163,26.1980177886892,91.80737287965374,tree_cover,Low,24.51175,already vegetated (tree cover) - no action needed
+102199+29164,26.198916103772344,91.80737287970354,tree_cover,Low,23.713074,already vegetated (tree cover) - no action needed
+102199+29165,26.199814419072187,91.8073728795193,tree_cover,Low,23.838226,already vegetated (tree cover) - no action needed
+102199+29166,26.20071273478159,91.8073728795532,tree_cover,Low,23.433685,already vegetated (tree cover) - no action needed
+102199+29167,26.201611049494293,91.80737287957923,tree_cover,Low,22.998169,already vegetated (tree cover) - no action needed
+102199+29168,26.202509364789663,91.80737287937126,tree_cover,Low,23.671783,already vegetated (tree cover) - no action needed
+102199+29169,26.203407680769143,91.8073728793814,tree_cover,Low,24.053589,already vegetated (tree cover) - no action needed
+102199+29170,26.204305995018657,91.80737287938324,tree_cover,Medium,24.784943,already vegetated (tree cover) - no action needed
+102199+29171,26.205204310499187,91.80737287937724,tree_cover,Medium,25.51004,already vegetated (tree cover) - no action needed
+102200+29153,26.189034635325783,91.80827119444584,tree_cover,Medium,28.151093,already vegetated (tree cover) - no action needed
+102200+29156,26.191729581805443,91.8082711943311,built_up,Low,25.982513,low priority - no action needed
+102200+29157,26.192627896808386,91.80827119435293,tree_cover,Low,25.646149,already vegetated (tree cover) - no action needed
+102200+29158,26.193526211851225,91.8082711943669,tree_cover,Low,25.60492,already vegetated (tree cover) - no action needed
+102200+29159,26.19442452698172,91.80827119437282,tree_cover,Medium,25.770782,already vegetated (tree cover) - no action needed
+102200+29162,26.19711947335594,91.80827119457146,tree_cover,Low,25.364716,already vegetated (tree cover) - no action needed
+102200+29163,26.198017788608343,91.80827119454666,tree_cover,Low,24.912567,already vegetated (tree cover) - no action needed
+102200+29164,26.198916103867028,91.80827119451402,tree_cover,Low,23.703644,already vegetated (tree cover) - no action needed
+102200+29165,26.19981441897888,91.80827119469996,tree_cover,Low,23.079254,already vegetated (tree cover) - no action needed
+102200+29166,26.200712734863625,91.80827119465204,tree_cover,Low,23.048737,already vegetated (tree cover) - no action needed
+102200+29167,26.20161104938836,91.80827119459632,tree_cover,Low,22.863556,already vegetated (tree cover) - no action needed
+102200+29168,26.202509364677148,91.80827119453296,tree_cover,Low,23.422577,already vegetated (tree cover) - no action needed
+102200+29169,26.203407680832324,91.80827119446153,tree_cover,Medium,24.570068,already vegetated (tree cover) - no action needed
+102200+29170,26.204305995075607,91.8082711946089,tree_cover,Medium,25.058258,already vegetated (tree cover) - no action needed
+102200+29171,26.20520431054955,91.80827119474822,tree_cover,Medium,24.975647,already vegetated (tree cover) - no action needed
+102201+29153,26.189034635421777,91.80916951011376,tree_cover,Medium,27.4711,already vegetated (tree cover) - no action needed
+102201+29157,26.19262789669806,91.8091695099102,tree_cover,Low,25.798126,already vegetated (tree cover) - no action needed
+102201+29158,26.19352621191662,91.80916950984042,tree_cover,Medium,25.71103,already vegetated (tree cover) - no action needed
+102201+29160,26.19532284329605,91.80916950990483,tree_cover,Low,26.30658,already vegetated (tree cover) - no action needed
+102201+29161,26.196221157827555,91.8091695100386,tree_cover,Low,26.23764,already vegetated (tree cover) - no action needed
+102201+29162,26.19711947321503,91.8091695099392,tree_cover,Low,25.634216,already vegetated (tree cover) - no action needed
+102201+29163,26.19801778864313,91.8091695098322,tree_cover,Low,25.060944,already vegetated (tree cover) - no action needed
+102201+29164,26.198916103895584,91.8091695099435,tree_cover,Low,23.56726,already vegetated (tree cover) - no action needed
+102201+29165,26.199814419001573,91.80916950982125,tree_cover,Low,22.41037,already vegetated (tree cover) - no action needed
+102201+29166,26.20071273469798,91.80916950969156,tree_cover,Low,22.342194,already vegetated (tree cover) - no action needed
+102201+29167,26.201611049580706,91.80916950978047,tree_cover,Low,22.751984,already vegetated (tree cover) - no action needed
+102201+29168,26.20250936468116,91.80916951008771,tree_cover,Medium,23.6268,already vegetated (tree cover) - no action needed
+102201+29169,26.203407680830285,91.8091695101616,tree_cover,Medium,24.461609,already vegetated (tree cover) - no action needed
+102201+29170,26.20430599506753,91.80916951000168,tree_cover,Medium,24.874695,already vegetated (tree cover) - no action needed
+102201+29171,26.20520431053505,91.8091695098343,tree_cover,Low,24.088226,already vegetated (tree cover) - no action needed
+102202+29153,26.189034635449712,91.81006782559872,tree_cover,Medium,27.46109,already vegetated (tree cover) - no action needed
+102202+29154,26.189932950948645,91.81006782547456,tree_cover,Low,25.688812,already vegetated (tree cover) - no action needed
+102202+29161,26.19622115798992,91.81006782553244,tree_cover,Low,26.064209,already vegetated (tree cover) - no action needed
+102202+29162,26.197119473007653,91.81006782557591,tree_cover,Low,25.232025,already vegetated (tree cover) - no action needed
+102202+29163,26.198017788793745,91.81006782561244,tree_cover,Low,24.755524,already vegetated (tree cover) - no action needed
+102202+29164,26.19891610385822,91.81006782564177,tree_cover,Low,23.652313,already vegetated (tree cover) - no action needed
+102202+29165,26.19981441895815,91.8100678256637,tree_cover,Low,22.45288,already vegetated (tree cover) - no action needed
+102202+29166,26.2007127346487,91.81006782567825,tree_cover,Low,22.108673,already vegetated (tree cover) - no action needed
+102202+29167,26.20161104952536,91.81006782545936,tree_cover,Low,22.5372,already vegetated (tree cover) - no action needed
+102202+29168,26.20250936480187,91.81006782523332,tree_cover,Low,23.074127,already vegetated (tree cover) - no action needed
+102202+29169,26.20340768076303,91.81006782522586,tree_cover,Low,23.385132,already vegetated (tree cover) - no action needed
+102202+29170,26.204305994994044,91.810067825211,tree_cover,Low,23.952057,already vegetated (tree cover) - no action needed
+102202+29171,26.205204310637978,91.81006782541492,tree_cover,Low,23.899017,already vegetated (tree cover) - no action needed
+102202+29172,26.20610262659344,91.81006782561168,tree_cover,Low,23.569,already vegetated (tree cover) - no action needed
+102203+29147,26.18364474396873,91.81096614057267,tree_cover,Medium,25.972992,already vegetated (tree cover) - no action needed
+102203+29153,26.189034635409744,91.81096614037342,tree_cover,Medium,26.89914,already vegetated (tree cover) - no action needed
+102203+29154,26.189932950902627,91.8109661403908,built_up,Low,25.605713,low priority - no action needed
+102203+29156,26.19172958183603,91.8109661406304,tree_cover,Low,26.033417,already vegetated (tree cover) - no action needed
+102203+29158,26.19352621184623,91.81096614061624,tree_cover,Medium,25.799072,already vegetated (tree cover) - no action needed
+102203+29160,26.195322843202,91.81096614079952,tree_cover,Low,26.003998,already vegetated (tree cover) - no action needed
+102203+29161,26.196221157903693,91.81096614054177,tree_cover,Low,26.152985,already vegetated (tree cover) - no action needed
+102203+29162,26.197119473097665,91.810966140503,tree_cover,Low,25.594635,already vegetated (tree cover) - no action needed
+102203+29163,26.198017788696145,91.81096614045708,tree_cover,Low,24.753052,already vegetated (tree cover) - no action needed
+102203+29164,26.19891610393649,91.81096614040374,tree_cover,Low,23.848846,already vegetated (tree cover) - no action needed
+102203+29165,26.19981441884899,91.81096614034344,tree_cover,Low,22.897308,already vegetated (tree cover) - no action needed
+102203+29166,26.200712734715403,91.81096614027618,tree_cover,Low,22.392426,already vegetated (tree cover) - no action needed
+102203+29167,26.201611049586383,91.81096614065368,tree_cover,Low,22.299988,already vegetated (tree cover) - no action needed
+102203+29168,26.202509364675272,91.81096614079829,tree_cover,Low,22.513855,already vegetated (tree cover) - no action needed
+102203+29169,26.20340768081248,91.81096614070992,tree_cover,Low,22.54654,already vegetated (tree cover) - no action needed
+102203+29170,26.20430599503762,91.81096614084036,tree_cover,Low,22.756134,already vegetated (tree cover) - no action needed
+102203+29171,26.20520431067587,91.81096614073762,tree_cover,Low,23.136688,already vegetated (tree cover) - no action needed
+102203+29172,26.20610262662545,91.8109661406277,tree_cover,Low,23.198273,already vegetated (tree cover) - no action needed
+102204+29146,26.182746428730702,91.81186445581922,tree_cover,Medium,26.723175,already vegetated (tree cover) - no action needed
+102204+29147,26.183644743893964,91.81186445557408,tree_cover,Medium,25.329926,already vegetated (tree cover) - no action needed
+102204+29153,26.18903463530172,91.81186445576722,tree_cover,Medium,26.238068,already vegetated (tree cover) - no action needed
+102204+29157,26.192627896690546,91.81186445568478,built_up,Low,26.04364,low priority - no action needed
+102204+29158,26.193526212074136,91.81186445581652,tree_cover,Low,25.714752,already vegetated (tree cover) - no action needed
+102204+29159,26.194424526999207,91.81186445571556,tree_cover,Low,25.486176,already vegetated (tree cover) - no action needed
+102204+29160,26.195322843236767,91.81186445560762,tree_cover,Low,25.49289,already vegetated (tree cover) - no action needed
+102204+29161,26.19622115775084,91.81186445571868,tree_cover,Low,25.765228,already vegetated (tree cover) - no action needed
+102204+29162,26.19711947312122,91.81186445559683,tree_cover,Low,25.738281,already vegetated (tree cover) - no action needed
+102204+29163,26.198017788714004,91.8118644556942,tree_cover,Low,24.909332,already vegetated (tree cover) - no action needed
+102204+29164,26.19891610394884,91.81186445578508,tree_cover,Low,24.10794,already vegetated (tree cover) - no action needed
+102204+29165,26.19981441885564,91.81186445586896,tree_cover,Low,23.373505,already vegetated (tree cover) - no action needed
+102204+29166,26.200712734716543,91.81186445594592,tree_cover,Low,22.745148,already vegetated (tree cover) - no action needed
+102204+29167,26.201611049763752,91.81186445579011,tree_cover,Low,22.491364,already vegetated (tree cover) - no action needed
+102204+29168,26.20250936448328,91.81186445562736,tree_cover,Low,22.544739,already vegetated (tree cover) - no action needed
+102204+29169,26.20340768097864,91.81186445568363,tree_cover,Low,22.352722,already vegetated (tree cover) - no action needed
+102204+29170,26.20430599501634,91.8118644557332,tree_cover,Low,22.359161,already vegetated (tree cover) - no action needed
+102204+29171,26.20520431064872,91.81186445577576,tree_cover,Low,22.584808,already vegetated (tree cover) - no action needed
+102204+29172,26.206102626592788,91.81186445581136,tree_cover,Low,22.900543,already vegetated (tree cover) - no action needed
+102205+29147,26.183644743750417,91.81276277087149,tree_cover,Medium,25.611908,already vegetated (tree cover) - no action needed
+102205+29150,26.18633968982572,91.81276277119404,tree_cover,Medium,26.541351,already vegetated (tree cover) - no action needed
+102205+29153,26.18903463512561,91.8127627710056,tree_cover,Low,25.83023,already vegetated (tree cover) - no action needed
+102205+29154,26.1899329511533,91.8127627710803,tree_cover,Low,24.79129,already vegetated (tree cover) - no action needed
+102205+29158,26.193526212234875,91.81276277086047,tree_cover,Low,25.7294,already vegetated (tree cover) - no action needed
+102205+29159,26.194424526790733,91.81276277090215,tree_cover,Low,25.389252,already vegetated (tree cover) - no action needed
+102205+29160,26.19532284338646,91.81276277093708,tree_cover,Low,25.414093,already vegetated (tree cover) - no action needed
+102205+29161,26.196221157713435,91.8127627709655,tree_cover,Low,25.250824,already vegetated (tree cover) - no action needed
+102205+29162,26.19711947307814,91.8127627709874,tree_cover,Low,25.106812,already vegetated (tree cover) - no action needed
+102205+29163,26.198017788847523,91.81276277100233,tree_cover,Low,24.84488,already vegetated (tree cover) - no action needed
+102205+29164,26.19891610389525,91.81276277101075,tree_cover,Low,24.250885,already vegetated (tree cover) - no action needed
+102205+29165,26.19981441897811,91.81276277101242,tree_cover,Low,23.57605,already vegetated (tree cover) - no action needed
+102205+29166,26.200712734652107,91.81276277100756,tree_cover,Low,23.115906,already vegetated (tree cover) - no action needed
+102205+29167,26.20161104969361,91.8127627709962,tree_cover,Low,22.723267,already vegetated (tree cover) - no action needed
+102205+29168,26.20250936440764,91.81276277097788,tree_cover,Low,22.48227,already vegetated (tree cover) - no action needed
+102205+29169,26.20340768107958,91.81276277095304,tree_cover,Low,22.44284,already vegetated (tree cover) - no action needed
+102205+29170,26.204305994930024,91.81276277092164,tree_cover,Low,22.314667,already vegetated (tree cover) - no action needed
+102205+29171,26.205204310738623,91.81276277088354,tree_cover,Low,22.520782,already vegetated (tree cover) - no action needed
+102205+29172,26.206102626495447,91.81276277083867,tree_cover,Low,22.854187,already vegetated (tree cover) - no action needed
+102206+29150,26.18633968977897,91.81366108600312,tree_cover,Low,25.91211,already vegetated (tree cover) - no action needed
+102206+29151,26.187238005180067,91.81366108601227,tree_cover,Low,25.087067,already vegetated (tree cover) - no action needed
+102206+29152,26.188136320619755,91.8136610860154,tree_cover,Low,25.245697,already vegetated (tree cover) - no action needed
+102206+29153,26.18903463524533,91.81366108601196,tree_cover,Low,25.393951,already vegetated (tree cover) - no action needed
+102206+29154,26.189932951085733,91.81366108600204,tree_cover,Low,24.590546,already vegetated (tree cover) - no action needed
+102206+29155,26.19083126619883,91.81366108621177,tree_cover,Low,24.622467,already vegetated (tree cover) - no action needed
+102206+29157,26.19262789677358,91.81366108638636,built_up,Low,25.176666,low priority - no action needed
+102206+29158,26.19352621214632,91.813661086351,built_up,Low,25.098267,low priority - no action needed
+102206+29159,26.19442452687896,91.81366108630893,tree_cover,Low,25.415863,already vegetated (tree cover) - no action needed
+102206+29160,26.195322843287588,91.81366108626072,tree_cover,Low,25.477753,already vegetated (tree cover) - no action needed
+102206+29161,26.19622115779133,91.81366108620628,tree_cover,Low,25.015717,already vegetated (tree cover) - no action needed
+102206+29162,26.197119473150696,91.81366108637124,tree_cover,Low,24.728973,already vegetated (tree cover) - no action needed
+102206+29163,26.1980177887328,91.81366108630397,tree_cover,Low,24.853973,already vegetated (tree cover) - no action needed
+102206+29164,26.198916103775392,91.81366108600416,tree_cover,Low,24.068817,already vegetated (tree cover) - no action needed
+102206+29165,26.19981441903466,91.81366108592384,tree_cover,Low,23.582855,already vegetated (tree cover) - no action needed
+102206+29166,26.20071273470367,91.81366108606296,tree_cover,Low,23.393158,already vegetated (tree cover) - no action needed
+102206+29167,26.20161104955792,91.8136610859698,tree_cover,Low,23.082306,already vegetated (tree cover) - no action needed
+102206+29168,26.20250936463061,91.81366108609656,tree_cover,Low,22.703247,already vegetated (tree cover) - no action needed
+102206+29169,26.203407680933385,91.8136610862168,tree_cover,Low,22.611633,already vegetated (tree cover) - no action needed
+102206+29170,26.20430599496041,91.8136610861043,tree_cover,Low,22.289093,already vegetated (tree cover) - no action needed
+102206+29171,26.205204310763843,91.8136610862115,tree_cover,Low,22.465576,already vegetated (tree cover) - no action needed
+102206+29172,26.20610262651533,91.8136610863124,tree_cover,Low,22.717377,already vegetated (tree cover) - no action needed
+102207+29152,26.188136320676563,91.8145594019514,tree_cover,Low,24.456879,already vegetated (tree cover) - no action needed
+102207+29153,26.189034635296814,91.81455940208927,built_up,Low,25.266296,low priority - no action needed
+102207+29154,26.18993295095028,91.81455940199491,tree_cover,Low,24.685883,already vegetated (tree cover) - no action needed
+102207+29156,26.19172958165921,91.81455940178796,tree_cover,Low,25.770416,already vegetated (tree cover) - no action needed
+102207+29157,26.19262789680512,91.81455940167538,tree_cover,Low,24.918823,already vegetated (tree cover) - no action needed
+102207+29158,26.193526212172515,91.81455940178245,tree_cover,Low,24.482452,already vegetated (tree cover) - no action needed
+102207+29159,26.1944245269,91.81455940188324,built_up,Low,25.081818,low priority - no action needed
+102207+29160,26.19532284330401,91.81455940197792,tree_cover,Low,25.43399,already vegetated (tree cover) - no action needed
+102207+29161,26.19622115780242,91.81455940206654,tree_cover,Low,25.005554,already vegetated (tree cover) - no action needed
+102207+29162,26.197119473156608,91.81455940192266,tree_cover,Low,24.732635,already vegetated (tree cover) - no action needed
+102207+29163,26.198017788551983,91.81455940177273,tree_cover,Low,24.751373,already vegetated (tree cover) - no action needed
+102207+29164,26.198916103771165,91.81455940184266,tree_cover,Low,23.657227,already vegetated (tree cover) - no action needed
+102207+29165,26.199814419025625,91.81455940190654,tree_cover,Low,23.372467,already vegetated (tree cover) - no action needed
+102207+29166,26.200712734871228,91.81455940196432,tree_cover,Low,23.278412,already vegetated (tree cover) - no action needed
+102207+29167,26.201611049356647,91.8145594020156,tree_cover,Low,23.245544,already vegetated (tree cover) - no action needed
+102207+29168,26.20250936478821,91.81455940183456,tree_cover,Low,23.030365,already vegetated (tree cover) - no action needed
+102207+29169,26.20340768090389,91.81455940187348,tree_cover,Low,22.59372,already vegetated (tree cover) - no action needed
+102207+29170,26.20430599492576,91.81455940190628,tree_cover,Low,22.341309,already vegetated (tree cover) - no action needed
+102207+29171,26.205204310724223,91.81455940170682,tree_cover,Low,22.479156,already vegetated (tree cover) - no action needed
+102207+29172,26.20610262665245,91.81455940172702,tree_cover,Low,22.57492,already vegetated (tree cover) - no action needed
+102208+29154,26.189932951111004,91.81545771690362,tree_cover,Low,24.832123,already vegetated (tree cover) - no action needed
+102208+29155,26.190831266213948,91.81545771694492,tree_cover,Low,25.09024,already vegetated (tree cover) - no action needed
+102208+29157,26.192627896587187,91.81545771700956,tree_cover,Low,25.543976,already vegetated (tree cover) - no action needed
+102208+29158,26.19352621231348,91.8154577168069,tree_cover,Low,24.6279,already vegetated (tree cover) - no action needed
+102208+29159,26.194424526854394,91.81545771682455,tree_cover,Low,24.265076,already vegetated (tree cover) - no action needed
+102208+29160,26.19532284343518,91.81545771683616,tree_cover,Low,25.074432,already vegetated (tree cover) - no action needed
+102208+29161,26.19622115774686,91.81545771684144,tree_cover,Low,24.932709,already vegetated (tree cover) - no action needed
+102208+29162,26.197119473096247,91.81545771684132,tree_cover,Low,24.321228,already vegetated (tree cover) - no action needed
+102208+29163,26.19801778848663,91.81545771683513,tree_cover,Low,24.200378,already vegetated (tree cover) - no action needed
+102208+29164,26.198916103882937,91.81545771682283,tree_cover,Low,23.78012,already vegetated (tree cover) - no action needed
+102208+29165,26.199814418950663,91.8154577168047,tree_cover,Low,23.610748,already vegetated (tree cover) - no action needed
+102208+29166,26.20071273497304,91.81545771678026,tree_cover,Low,23.10495,already vegetated (tree cover) - no action needed
+102208+29167,26.20161104945365,91.81545771697596,tree_cover,Low,23.095123,already vegetated (tree cover) - no action needed
+102208+29168,26.20250936469831,91.81545771716578,tree_cover,Low,23.327606,already vegetated (tree cover) - no action needed
+102208+29169,26.203407680809185,91.81545771689755,tree_cover,Low,23.024841,already vegetated (tree cover) - no action needed
+102208+29170,26.204305995007992,91.81545771684924,tree_cover,Low,22.622284,already vegetated (tree cover) - no action needed
+102208+29171,26.205204310619727,91.81545771702106,tree_cover,Low,22.730286,already vegetated (tree cover) - no action needed
+102208+29172,26.206102626542982,91.81545771673504,tree_cover,Low,23.059662,already vegetated (tree cover) - no action needed
+102209+29158,26.19352621220552,91.8163560322535,tree_cover,Low,25.143005,already vegetated (tree cover) - no action needed
+102209+29159,26.19442452692374,91.81635603218784,tree_cover,Low,24.533539,already vegetated (tree cover) - no action needed
+102209+29160,26.195322843317594,91.81635603211632,tree_cover,Low,25.007294,already vegetated (tree cover) - no action needed
+102209+29161,26.19622115780658,91.81635603203917,tree_cover,Low,24.90207,already vegetated (tree cover) - no action needed
+102209+29162,26.197119473151343,91.81635603218191,tree_cover,Low,23.937286,already vegetated (tree cover) - no action needed
+102209+29163,26.198017788536923,91.81635603231902,tree_cover,Low,23.412567,already vegetated (tree cover) - no action needed
+102209+29164,26.19891610392861,91.8163560324505,tree_cover,Low,23.207123,already vegetated (tree cover) - no action needed
+102209+29165,26.19981441880961,91.81635603235011,tree_cover,Low,23.322876,already vegetated (tree cover) - no action needed
+102209+29166,26.200712735009088,91.81635603224414,tree_cover,Low,22.980835,already vegetated (tree cover) - no action needed
+102209+29167,26.20161104948508,91.81635603213228,tree_cover,Low,22.865845,already vegetated (tree cover) - no action needed
+102209+29168,26.20250936472512,91.81635603201478,tree_cover,Low,23.191986,already vegetated (tree cover) - no action needed
+102209+29169,26.20340768064908,91.8163560321174,tree_cover,Low,23.18393,already vegetated (tree cover) - no action needed
+102209+29170,26.204305995207104,91.81635603221416,tree_cover,Low,22.925385,already vegetated (tree cover) - no action needed
+102209+29171,26.20520431063229,91.81635603230532,tree_cover,Low,22.985077,already vegetated (tree cover) - no action needed
+102209+29172,26.206102626368832,91.8163560323906,tree_cover,Low,23.879211,already vegetated (tree cover) - no action needed
+102210+29155,26.190831266322284,91.8172543476294,built_up,Low,24.415985,low priority - no action needed
+102210+29156,26.191729581909044,91.81725434749666,tree_cover,Low,25.061432,already vegetated (tree cover) - no action needed
+102210+29157,26.19262789667666,91.81725434735851,built_up,Low,24.741974,low priority - no action needed
+102210+29158,26.19352621203036,91.8172543474407,built_up,Low,24.78833,low priority - no action needed
+102210+29159,26.194424527107827,91.81725434751746,built_up,Low,24.79123,low priority - no action needed
+102210+29160,26.195322843133376,91.8172543475888,tree_cover,Low,24.964325,already vegetated (tree cover) - no action needed
+102210+29161,26.196221157799663,91.81725434742856,tree_cover,Low,24.879059,already vegetated (tree cover) - no action needed
+102210+29162,26.19711947332173,91.81725434748888,tree_cover,Low,24.186981,already vegetated (tree cover) - no action needed
+102210+29163,26.198017788520936,91.81725434754352,tree_cover,Low,23.594025,already vegetated (tree cover) - no action needed
+102210+29164,26.19891610390799,91.81725434736656,tree_cover,Low,23.093445,already vegetated (tree cover) - no action needed
+102210+29165,26.199814418784538,91.81725434741018,tree_cover,Low,22.83194,already vegetated (tree cover) - no action needed
+102210+29166,26.20071273497975,91.8172543474486,tree_cover,Low,22.544281,already vegetated (tree cover) - no action needed
+102210+29167,26.201611049450754,91.8172543474814,tree_cover,Low,22.556976,already vegetated (tree cover) - no action needed
+102210+29168,26.20250936468635,91.81725434750808,tree_cover,Low,22.985962,already vegetated (tree cover) - no action needed
+102210+29169,26.203407680787784,91.8172543475296,tree_cover,Low,23.055817,already vegetated (tree cover) - no action needed
+102210+29170,26.204305995159253,91.8172543475457,tree_cover,Low,23.101227,already vegetated (tree cover) - no action needed
+102210+29171,26.20520431058,91.81725434733016,tree_cover,Low,23.240997,already vegetated (tree cover) - no action needed
+102211+29155,26.190831266456644,91.81815266266254,tree_cover,Low,23.70816,already vegetated (tree cover) - no action needed
+102211+29156,26.19172958167544,91.818152662672,built_up,Low,24.707306,low priority - no action needed
+102211+29157,26.19262789680248,91.81815266267628,built_up,Low,24.369293,low priority - no action needed
+102211+29158,26.1935262119698,91.81815266267516,tree_cover,Low,24.550629,already vegetated (tree cover) - no action needed
+102211+29159,26.194424527224736,91.81815266266835,tree_cover,Low,24.670563,already vegetated (tree cover) - no action needed
+102211+29160,26.195322843064265,91.81815266265636,tree_cover,Low,24.678253,already vegetated (tree cover) - no action needed
+102211+29161,26.1962211577261,91.81815266263943,tree_cover,Low,24.251068,already vegetated (tree cover) - no action needed
+102211+29162,26.19711947342565,91.81815266261684,tree_cover,Low,23.776031,already vegetated (tree cover) - no action needed
+102211+29163,26.198017788438666,91.81815266258906,tree_cover,Low,23.690369,already vegetated (tree cover) - no action needed
+102211+29164,26.19891610382125,91.81815266255607,tree_cover,Low,23.291656,already vegetated (tree cover) - no action needed
+102211+29165,26.1998144190574,91.81815266274369,tree_cover,Low,22.968964,already vegetated (tree cover) - no action needed
+102211+29166,26.200712734702563,91.81815266269986,tree_cover,Low,22.670319,already vegetated (tree cover) - no action needed
+102211+29167,26.201611049532964,91.81815266242488,tree_cover,Low,22.584259,already vegetated (tree cover) - no action needed
+102211+29168,26.20250936476392,91.81815266259667,tree_cover,Low,22.643097,already vegetated (tree cover) - no action needed
+102211+29169,26.20340768086127,91.8181526627628,tree_cover,Low,22.918243,already vegetated (tree cover) - no action needed
+102211+29170,26.20430599504638,91.81815266269778,tree_cover,Low,23.622406,already vegetated (tree cover) - no action needed
+102211+29171,26.205204310462847,91.81815266262755,tree_cover,Low,24.195282,already vegetated (tree cover) - no action needed
+102212+29156,26.191729581737988,91.81905097801634,tree_cover,Low,24.365143,already vegetated (tree cover) - no action needed
+102212+29157,26.19262789686094,91.81905097816237,tree_cover,Low,24.407104,already vegetated (tree cover) - no action needed
+102212+29158,26.19352621202416,91.81905097830364,tree_cover,Low,24.338287,already vegetated (tree cover) - no action needed
+102212+29159,26.19442452709272,91.819050978214,tree_cover,Low,24.604095,already vegetated (tree cover) - no action needed
+102212+29160,26.195322843110088,91.81905097811892,tree_cover,Low,24.520355,already vegetated (tree cover) - no action needed
+102212+29161,26.19622115776784,91.8190509782446,tree_cover,Low,23.895966,already vegetated (tree cover) - no action needed
+102212+29162,26.19711947328118,91.81905097813956,tree_cover,Low,23.092682,already vegetated (tree cover) - no action needed
+102212+29163,26.198017788472203,91.81905097802958,tree_cover,Low,23.142761,already vegetated (tree cover) - no action needed
+102212+29164,26.198916103850344,91.81905097814035,tree_cover,Low,23.270233,already vegetated (tree cover) - no action needed
+102212+29165,26.1998144190824,91.81905097801996,tree_cover,Low,23.379791,already vegetated (tree cover) - no action needed
+102212+29166,26.200712734723112,91.81905097812036,tree_cover,Low,23.452667,already vegetated (tree cover) - no action needed
+102212+29167,26.2016110495496,91.81905097844152,tree_cover,Low,22.9581,already vegetated (tree cover) - no action needed
+102212+29168,26.202509364776468,91.81905097830598,tree_cover,Low,22.557587,already vegetated (tree cover) - no action needed
+102212+29169,26.203407680687267,91.81905097793928,tree_cover,Low,22.883575,already vegetated (tree cover) - no action needed
+102212+29170,26.20430599505056,91.81905097779334,tree_cover,Low,23.865692,already vegetated (tree cover) - no action needed
+102212+29171,26.20520431064432,91.81905097809418,grassland,Low,24.79898,low priority - no action needed
+102213+29156,26.19172958173283,91.81994929363393,tree_cover,Low,24.31128,already vegetated (tree cover) - no action needed
+102213+29157,26.192627896852045,91.81994929347044,tree_cover,Low,24.490936,already vegetated (tree cover) - no action needed
+102213+29158,26.19352621219311,91.81994929352796,tree_cover,Low,24.352966,already vegetated (tree cover) - no action needed
+102213+29159,26.194424526893883,91.81994929358048,tree_cover,Low,24.49585,already vegetated (tree cover) - no action needed
+102213+29160,26.19532284327102,91.8199492936285,tree_cover,Low,24.41571,already vegetated (tree cover) - no action needed
+102213+29161,26.196221157742745,91.81994929367151,tree_cover,Low,23.600494,already vegetated (tree cover) - no action needed
+102213+29162,26.19711947325236,91.8199492937096,tree_cover,Low,22.706451,already vegetated (tree cover) - no action needed
+102213+29163,26.19801778843929,91.81994929374292,tree_cover,Low,22.568573,already vegetated (tree cover) - no action needed
+102213+29164,26.198916103995263,91.81994929377124,tree_cover,Low,22.920227,already vegetated (tree cover) - no action needed
+102213+29165,26.19981441885953,91.81994929379482,tree_cover,Low,23.570099,already vegetated (tree cover) - no action needed
+102213+29166,26.20071273486002,91.81994929358768,tree_cover,Low,24.783905,already vegetated (tree cover) - no action needed
+102213+29167,26.201611049500485,91.81994929337554,tree_cover,Low,24.078217,already vegetated (tree cover) - no action needed
+102213+29168,26.20250936472344,91.8199492933842,tree_cover,Low,22.936005,already vegetated (tree cover) - no action needed
+102213+29169,26.203407680630324,91.81994929361431,tree_cover,Low,22.692352,already vegetated (tree cover) - no action needed
+102213+29170,26.20430599517125,91.81994929383946,tree_cover,Low,22.978119,already vegetated (tree cover) - no action needed
+102213+29171,26.205204310761097,91.81994929383364,tree_cover,Low,23.63034,already vegetated (tree cover) - no action needed
+102213+29172,26.20610262648037,91.8199492935973,cropland,Low,25.072174,low priority - no action needed
+102214+29156,26.191729581660496,91.82084760851636,tree_cover,Low,24.631256,already vegetated (tree cover) - no action needed
+102214+29157,26.19262789677561,91.82084760849509,tree_cover,Low,24.957123,already vegetated (tree cover) - no action needed
+102214+29158,26.19352621211276,91.82084760824286,tree_cover,Low,24.710602,already vegetated (tree cover) - no action needed
+102214+29159,26.194424526991924,91.82084760821228,tree_cover,Low,24.296722,already vegetated (tree cover) - no action needed
+102214+29160,26.195322843365144,91.82084760840291,tree_cover,Low,24.109222,already vegetated (tree cover) - no action needed
+102214+29161,26.19622115765119,91.82084760836308,tree_cover,Low,23.519043,already vegetated (tree cover) - no action needed
+102214+29162,26.19711947333882,91.82084760831869,tree_cover,Low,22.704071,already vegetated (tree cover) - no action needed
+102214+29163,26.19801778852183,91.8208476084953,tree_cover,Low,22.472076,already vegetated (tree cover) - no action needed
+102214+29164,26.19891610389214,91.8208476084414,tree_cover,Low,23.127686,already vegetated (tree cover) - no action needed
+102214+29165,26.19981441893444,91.82084760838278,tree_cover,Low,24.054443,already vegetated (tree cover) - no action needed
+102214+29166,26.200712734749423,91.82084760854556,tree_cover,Low,25.06134,already vegetated (tree cover) - no action needed
+102214+29167,26.2016110493858,91.82084760847786,tree_cover,Low,24.382324,already vegetated (tree cover) - no action needed
+102214+29168,26.20250936478676,91.8208476084054,tree_cover,Low,23.065216,already vegetated (tree cover) - no action needed
+102214+29169,26.20340768069008,91.82084760832817,tree_cover,Low,22.782196,already vegetated (tree cover) - no action needed
+102214+29170,26.20430599522692,91.82084760824642,tree_cover,Low,22.790741,already vegetated (tree cover) - no action needed
+102214+29171,26.20520431063112,91.82084760815992,tree_cover,Low,22.893768,already vegetated (tree cover) - no action needed
+102214+29172,26.20610262652856,91.82084760829464,tree_cover,Low,23.82077,already vegetated (tree cover) - no action needed
+102215+29156,26.191729581702383,91.82174592387244,tree_cover,Low,24.709656,already vegetated (tree cover) - no action needed
+102215+29157,26.19262789681377,91.82174592399312,tree_cover,Medium,25.501099,already vegetated (tree cover) - no action needed
+102215+29158,26.19352621196524,91.8217459241095,tree_cover,Low,25.25418,already vegetated (tree cover) - no action needed
+102215+29159,26.19442452702296,91.8217459239954,tree_cover,Low,24.74356,already vegetated (tree cover) - no action needed
+102215+29160,26.19532284339244,91.82174592387722,tree_cover,Low,24.322144,already vegetated (tree cover) - no action needed
+102215+29161,26.19622115767475,91.82174592398022,tree_cover,Low,23.769135,already vegetated (tree cover) - no action needed
+102215+29162,26.197119473176883,91.82174592385272,tree_cover,Low,23.046356,already vegetated (tree cover) - no action needed
+102215+29163,26.198017788720016,91.82174592372117,tree_cover,Low,22.46231,already vegetated (tree cover) - no action needed
+102215+29164,26.19891610372292,91.821745923811,tree_cover,Low,22.567474,already vegetated (tree cover) - no action needed
+102215+29165,26.19981441912532,91.82174592389656,tree_cover,Low,23.20993,already vegetated (tree cover) - no action needed
+102215+29166,26.20071273475483,91.82174592397756,tree_cover,Low,24.12741,already vegetated (tree cover) - no action needed
+102215+29167,26.20161104938746,91.82174592405406,tree_cover,Low,23.80368,already vegetated (tree cover) - no action needed
+102215+29168,26.202509364784863,91.82174592412623,tree_cover,Low,22.91391,already vegetated (tree cover) - no action needed
+102215+29169,26.20340768068427,91.82174592419388,tree_cover,Low,23.021027,already vegetated (tree cover) - no action needed
+102215+29170,26.204305995217904,91.8217459242572,tree_cover,Low,22.82602,already vegetated (tree cover) - no action needed
+102215+29171,26.205204310617816,91.82174592431602,tree_cover,Low,22.594818,already vegetated (tree cover) - no action needed
+102215+29172,26.20610262651207,91.8217459241443,tree_cover,Low,23.51239,already vegetated (tree cover) - no action needed
+102216+29156,26.191729581858333,91.82264423922376,tree_cover,Low,24.436554,already vegetated (tree cover) - no action needed
+102216+29157,26.192627896784742,91.82264423926068,tree_cover,Medium,25.364655,already vegetated (tree cover) - no action needed
+102216+29158,26.19352621211459,91.82264423929377,tree_cover,Low,25.144379,already vegetated (tree cover) - no action needed
+102216+29159,26.19442452680488,91.82264423932251,tree_cover,Low,24.468994,already vegetated (tree cover) - no action needed
+102216+29160,26.195322843352915,91.82264423912076,tree_cover,Low,24.20523,already vegetated (tree cover) - no action needed
+102216+29161,26.19622115781341,91.82264423914089,tree_cover,Low,24.015106,already vegetated (tree cover) - no action needed
+102216+29162,26.19711947313041,91.82264423938292,tree_cover,Low,23.6221,already vegetated (tree cover) - no action needed
+102216+29163,26.19801778867,91.82264423939462,tree_cover,Low,22.970795,already vegetated (tree cover) - no action needed
+102216+29164,26.19891610385144,91.82264423940228,tree_cover,Low,22.506683,already vegetated (tree cover) - no action needed
+102216+29165,26.19981441906853,91.82264423940582,tree_cover,Low,22.611145,already vegetated (tree cover) - no action needed
+102216+29166,26.20071273469412,91.82264423917886,tree_cover,Low,23.117035,already vegetated (tree cover) - no action needed
+102216+29167,26.201611049505665,91.82264423917378,tree_cover,Low,23.2529,already vegetated (tree cover) - no action needed
+102216+29168,26.202509364717383,91.82264423916462,tree_cover,Low,23.079132,already vegetated (tree cover) - no action needed
+102216+29169,26.203407680795333,91.82264423915112,tree_cover,Low,23.245697,already vegetated (tree cover) - no action needed
+102216+29170,26.2043059951435,91.82264423913334,tree_cover,Low,23.064545,already vegetated (tree cover) - no action needed
+102216+29171,26.20520431072195,91.82264423911144,tree_cover,Low,22.755219,already vegetated (tree cover) - no action needed
+102216+29172,26.20610262643054,91.82264423931124,tree_cover,Low,23.09964,already vegetated (tree cover) - no action needed
+102216+29173,26.207000941325884,91.82264423928072,tree_cover,Low,23.970886,already vegetated (tree cover) - no action needed
+102217+29156,26.1917295819471,91.82354255482302,tree_cover,Low,23.9198,already vegetated (tree cover) - no action needed
+102217+29157,26.192627896688013,91.8235425547762,tree_cover,Low,24.772186,already vegetated (tree cover) - no action needed
+102217+29158,26.193526212014834,91.82354255449908,tree_cover,Low,25.223541,already vegetated (tree cover) - no action needed
+102217+29159,26.19442452688368,91.82354255444427,tree_cover,Low,24.554352,already vegetated (tree cover) - no action needed
+102217+29160,26.19532284324639,91.8235425546116,tree_cover,Low,24.077972,already vegetated (tree cover) - no action needed
+102217+29161,26.1962211578858,91.82354255454906,tree_cover,Low,23.816986,already vegetated (tree cover) - no action needed
+102217+29162,26.197119473199244,91.82354255448244,tree_cover,Low,23.471832,already vegetated (tree cover) - no action needed
+102217+29163,26.198017788735616,91.82354255463773,tree_cover,Low,23.08722,already vegetated (tree cover) - no action needed
+102217+29164,26.19891610373193,91.82354255456312,tree_cover,Low,22.838104,already vegetated (tree cover) - no action needed
+102217+29165,26.19981441912738,91.82354255448422,tree_cover,Low,22.890137,already vegetated (tree cover) - no action needed
+102217+29166,26.20071273456784,91.82354255462742,tree_cover,Low,23.014679,already vegetated (tree cover) - no action needed
+102217+29167,26.20161104955828,91.82354255454102,tree_cover,Low,23.211273,already vegetated (tree cover) - no action needed
+102217+29168,26.202509364766453,91.82354255467648,tree_cover,Low,23.226837,already vegetated (tree cover) - no action needed
+102217+29169,26.20340768065927,91.82354255458188,tree_cover,Low,23.63031,already vegetated (tree cover) - no action needed
+102217+29170,26.20430599518579,91.8235425544832,tree_cover,Low,23.32483,already vegetated (tree cover) - no action needed
+102217+29171,26.20520431076121,91.8235425546064,tree_cover,Low,22.853577,already vegetated (tree cover) - no action needed
+102217+29172,26.206102626466247,91.82354255449974,tree_cover,Low,23.083435,already vegetated (tree cover) - no action needed
+102217+29173,26.20700094135839,91.82354255461496,tree_cover,Low,23.633331,already vegetated (tree cover) - no action needed
+102218+29156,26.191729581968325,91.8244408692356,tree_cover,Low,23.388031,already vegetated (tree cover) - no action needed
+102218+29157,26.19262789670586,91.82444086933091,tree_cover,Low,23.806,already vegetated (tree cover) - no action needed
+102218+29158,26.19352621184772,91.82444086942265,tree_cover,Low,25.285309,already vegetated (tree cover) - no action needed
+102218+29159,26.194424527077405,91.8244408695105,tree_cover,Low,24.70111,already vegetated (tree cover) - no action needed
+102218+29160,26.195322843254985,91.82444086959448,tree_cover,Low,24.179169,already vegetated (tree cover) - no action needed
+102218+29161,26.196221157891365,91.82444086967458,tree_cover,Low,23.59842,already vegetated (tree cover) - no action needed
+102218+29162,26.19711947301986,91.82444086952528,tree_cover,Low,23.307281,already vegetated (tree cover) - no action needed
+102218+29163,26.19801778891669,91.82444086937214,tree_cover,Low,23.386871,already vegetated (tree cover) - no action needed
+102218+29164,26.198916103546303,91.82444086944108,tree_cover,Low,23.33255,already vegetated (tree cover) - no action needed
+102218+29165,26.199814419120305,91.82444086928062,tree_cover,Low,23.105743,already vegetated (tree cover) - no action needed
+102218+29166,26.20071273473966,91.82444086934204,tree_cover,Low,23.258667,already vegetated (tree cover) - no action needed
+102218+29167,26.201611049545143,91.82444086962558,tree_cover,Low,23.456055,already vegetated (tree cover) - no action needed
+102218+29168,26.20250936475012,91.8244408694535,tree_cover,Low,23.338776,already vegetated (tree cover) - no action needed
+102218+29169,26.203407680639728,91.82444086950352,tree_cover,Low,23.780304,already vegetated (tree cover) - no action needed
+102218+29170,26.204305995163217,91.8244408695499,tree_cover,Low,23.587402,already vegetated (tree cover) - no action needed
+102218+29171,26.20520431073544,91.82444086936668,tree_cover,Low,22.878021,already vegetated (tree cover) - no action needed
+102218+29172,26.20610262643745,91.82444086940554,tree_cover,Low,23.087616,already vegetated (tree cover) - no action needed
+102218+29173,26.207000941508124,91.82444086944054,tree_cover,Low,23.656464,already vegetated (tree cover) - no action needed
+102219+29156,26.191729581921663,91.82533918527928,tree_cover,Low,23.250458,already vegetated (tree cover) - no action needed
+102219+29157,26.19262789683847,91.82533918529064,tree_cover,Low,23.559845,already vegetated (tree cover) - no action needed
+102219+29158,26.19352621179555,91.82533918529884,tree_cover,Low,24.666412,already vegetated (tree cover) - no action needed
+102219+29159,26.19442452720396,91.82533918530336,tree_cover,Low,25.01242,already vegetated (tree cover) - no action needed
+102219+29160,26.195322843196745,91.82533918530424,tree_cover,Low,24.111328,already vegetated (tree cover) - no action needed
+102219+29161,26.19622115783011,91.82533918507572,tree_cover,Low,23.509613,already vegetated (tree cover) - no action needed
+102219+29162,26.197119473137857,91.82533918529548,tree_cover,Low,23.398895,already vegetated (tree cover) - no action needed
+102219+29163,26.198017788667634,91.82533918528588,tree_cover,Low,23.2695,already vegetated (tree cover) - no action needed
+102219+29164,26.19891610384018,91.82533918527258,tree_cover,Low,23.131378,already vegetated (tree cover) - no action needed
+102219+29165,26.199814418865547,91.82533918548164,tree_cover,Low,23.056122,already vegetated (tree cover) - no action needed
+102219+29166,26.200712734845727,91.82533918523552,tree_cover,Low,23.459167,already vegetated (tree cover) - no action needed
+102219+29167,26.201611049648005,91.82533918521152,tree_cover,Low,24.202057,already vegetated (tree cover) - no action needed
+102219+29168,26.202509364668384,91.82533918540985,tree_cover,Low,23.92453,already vegetated (tree cover) - no action needed
+102219+29169,26.20340768073689,91.82533918537898,tree_cover,Low,24.32608,already vegetated (tree cover) - no action needed
+102219+29170,26.20430599507562,91.82533918534448,tree_cover,Low,24.631927,already vegetated (tree cover) - no action needed
+102219+29171,26.20520431064481,91.8253391853063,tree_cover,Low,23.242157,already vegetated (tree cover) - no action needed
+102219+29172,26.206102626525706,91.8253391852645,tree_cover,Low,22.726898,already vegetated (tree cover) - no action needed
+102219+29173,26.20700094141161,91.82533918521924,tree_cover,Low,23.019165,already vegetated (tree cover) - no action needed
+102219+29174,26.207899256430533,91.82533918517036,tree_cover,Low,23.430573,already vegetated (tree cover) - no action needed
+102220+29156,26.191729581807472,91.82623750013757,tree_cover,Low,22.988678,already vegetated (tree cover) - no action needed
+102220+29157,26.19262789690354,91.82623750006516,tree_cover,Low,23.07315,already vegetated (tree cover) - no action needed
+102220+29158,26.19352621185795,91.82623750021531,tree_cover,Low,24.742432,already vegetated (tree cover) - no action needed
+102220+29159,26.194424527081573,91.82623750013629,tree_cover,Low,25.35672,already vegetated (tree cover) - no action needed
+102220+29160,26.195322843253628,91.82623750005403,tree_cover,Low,24.498444,already vegetated (tree cover) - no action needed
+102220+29161,26.196221157702382,91.82623750019458,tree_cover,Low,24.363312,already vegetated (tree cover) - no action needed
+102220+29162,26.19711947337096,91.82623750010572,tree_cover,Low,23.865143,already vegetated (tree cover) - no action needed
+102220+29163,26.1980177885344,91.8262375002394,tree_cover,Low,23.381866,already vegetated (tree cover) - no action needed
+102220+29164,26.19891610388584,91.82623750014388,tree_cover,Low,23.286438,already vegetated (tree cover) - no action needed
+102220+29165,26.19981441890853,91.82623750004495,tree_cover,Low,23.652008,already vegetated (tree cover) - no action needed
+102220+29166,26.200712734704304,91.8262375001688,tree_cover,Low,23.962585,already vegetated (tree cover) - no action needed
+102220+29167,26.20161104968529,91.82623750006344,tree_cover,Low,24.281586,already vegetated (tree cover) - no action needed
+102220+29168,26.202509364703182,91.82623749995469,tree_cover,Low,24.001709,already vegetated (tree cover) - no action needed
+102220+29169,26.203407680768844,91.82623750006844,tree_cover,Low,24.913055,already vegetated (tree cover) - no action needed
+102220+29170,26.20430599510472,91.82623750017878,tree_cover,Low,25.54007,already vegetated (tree cover) - no action needed
+102220+29171,26.20520431067125,91.82623750028591,tree_cover,Low,24.196808,already vegetated (tree cover) - no action needed
+102220+29172,26.206102626549104,91.82623750038962,tree_cover,Low,23.24591,already vegetated (tree cover) - no action needed
+102220+29173,26.20700094125061,91.82623750026391,tree_cover,Low,22.924225,already vegetated (tree cover) - no action needed
+102220+29174,26.207899256448588,91.82623750013524,tree_cover,Low,23.067871,already vegetated (tree cover) - no action needed
+102221+29156,26.19172958180787,91.827135815948,tree_cover,Low,23.447662,already vegetated (tree cover) - no action needed
+102221+29157,26.19262789671932,91.82713581579208,tree_cover,Low,23.148102,already vegetated (tree cover) - no action needed
+102221+29158,26.19352621203493,91.82713581563296,tree_cover,Low,24.581085,already vegetated (tree cover) - no action needed
+102221+29159,26.19442452707412,91.82713581592252,tree_cover,Low,24.804321,already vegetated (tree cover) - no action needed
+102221+29160,26.19532284324369,91.82713581598315,tree_cover,Low,24.362823,already vegetated (tree cover) - no action needed
+102221+29161,26.196221157689777,91.82713581581464,tree_cover,Low,24.552948,already vegetated (tree cover) - no action needed
+102221+29162,26.19711947335568,91.82713581586886,tree_cover,Low,23.983368,already vegetated (tree cover) - no action needed
+102221+29163,26.198017788698724,91.82713581592031,tree_cover,Low,23.449005,already vegetated (tree cover) - no action needed
+102221+29164,26.198916103683462,91.82713581596856,tree_cover,Low,23.321198,already vegetated (tree cover) - no action needed
+102221+29165,26.19981441906752,91.8271358160136,tree_cover,Low,24.185364,already vegetated (tree cover) - no action needed
+102221+29166,26.2007127346787,91.82713581605545,tree_cover,Low,24.822876,already vegetated (tree cover) - no action needed
+102221+29167,26.201611049475456,91.82713581586832,tree_cover,Low,24.700562,already vegetated (tree cover) - no action needed
+102221+29168,26.2025093646724,91.8271358156782,tree_cover,Low,24.314789,already vegetated (tree cover) - no action needed
+102221+29169,26.20340768091732,91.82713581571063,tree_cover,Low,24.932892,already vegetated (tree cover) - no action needed
+102221+29170,26.204305995068783,91.82713581574008,tree_cover,Low,24.647186,already vegetated (tree cover) - no action needed
+102221+29171,26.205204310632627,91.82713581554032,tree_cover,Low,24.274261,already vegetated (tree cover) - no action needed
+102221+29172,26.206102626508,91.8271358153376,tree_cover,Low,23.85196,already vegetated (tree cover) - no action needed
+102222+29156,26.191729581922484,91.82803413080052,tree_cover,Low,24.066376,already vegetated (tree cover) - no action needed
+102222+29157,26.19262789664968,91.8280341310123,tree_cover,Low,23.606354,already vegetated (tree cover) - no action needed
+102222+29158,26.1935262119628,91.82803413099536,tree_cover,Low,24.588959,already vegetated (tree cover) - no action needed
+102222+29159,26.194424527181614,91.82803413074969,tree_cover,Low,24.513123,already vegetated (tree cover) - no action needed
+102222+29160,26.19532284316676,91.828034130727,tree_cover,Low,23.793915,already vegetated (tree cover) - no action needed
+102222+29161,26.196221157792458,91.8280341309275,tree_cover,Low,24.10025,already vegetated (tree cover) - no action needed
+102222+29162,26.197119473273936,91.82803413089928,tree_cover,Low,23.773285,already vegetated (tree cover) - no action needed
+102222+29163,26.198017788614667,91.82803413064188,tree_cover,Low,23.659576,already vegetated (tree cover) - no action needed
+102222+29164,26.19891610377884,91.82803413060768,tree_cover,Low,23.610138,already vegetated (tree cover) - no action needed
+102222+29165,26.19981441897865,91.82803413057071,tree_cover,Low,24.18515,already vegetated (tree cover) - no action needed
+102222+29166,26.20071273476925,91.828034130531,cropland,Low,25.272217,low priority - no action needed
+102222+29167,26.20161104938177,91.82803413071426,cropland,Low,25.374634,low priority - no action needed
+102222+29168,26.202509364757983,91.82803413089432,tree_cover,Low,25.217194,already vegetated (tree cover) - no action needed
+102223+29157,26.19262789669445,91.82893244628046,tree_cover,Low,24.277863,already vegetated (tree cover) - no action needed
+102223+29158,26.19352621200542,91.82893244640594,tree_cover,Low,24.505493,already vegetated (tree cover) - no action needed
+102223+29159,26.19442452703999,91.82893244652864,tree_cover,Low,24.401001,already vegetated (tree cover) - no action needed
+102223+29160,26.195322843204924,91.82893244642284,tree_cover,Low,23.643402,already vegetated (tree cover) - no action needed
+102223+29161,26.19622115782849,91.82893244631452,tree_cover,Low,23.757935,already vegetated (tree cover) - no action needed
+102223+29162,26.19711947312572,91.8289324462034,tree_cover,Low,23.679749,already vegetated (tree cover) - no action needed
+102223+29163,26.198017788646062,91.82893244631572,tree_cover,Low,23.584625,already vegetated (tree cover) - no action needed
+102223+29164,26.198916103808106,91.82893244642528,tree_cover,Low,23.632782,already vegetated (tree cover) - no action needed
+102223+29165,26.199814419005783,91.82893244653228,tree_cover,Low,24.328033,already vegetated (tree cover) - no action needed
+102223+29166,26.20071273479407,91.82893244663654,cropland,Low,25.545563,low priority - no action needed
+102224+29157,26.192627896671866,91.82983076126872,tree_cover,Low,24.791046,already vegetated (tree cover) - no action needed
+102224+29158,26.19352621198087,91.82983076108468,tree_cover,Low,24.73471,already vegetated (tree cover) - no action needed
+102224+29159,26.194424527013297,91.82983076089832,tree_cover,Low,24.85205,already vegetated (tree cover) - no action needed
+102224+29160,26.195322843358213,91.82983076116136,tree_cover,Low,24.238647,already vegetated (tree cover) - no action needed
+102224+29161,26.19622115761577,91.82983076119586,tree_cover,Low,24.266357,already vegetated (tree cover) - no action needed
+102224+29162,26.197119473274903,91.82983076122808,tree_cover,Low,24.200653,already vegetated (tree cover) - no action needed
+102224+29163,26.198017788611185,91.82983076125772,tree_cover,Low,23.976044,already vegetated (tree cover) - no action needed
+102224+29164,26.198916103771257,91.82983076105909,tree_cover,Low,24.016266,already vegetated (tree cover) - no action needed
+102225+29157,26.19262789676385,91.83072907675934,tree_cover,Low,24.528229,already vegetated (tree cover) - no action needed
+102225+29158,26.19352621188897,91.83072907694348,tree_cover,Low,24.815063,already vegetated (tree cover) - no action needed
+102225+29159,26.1944245269198,91.83072907689952,tree_cover,Low,25.507416,already vegetated (tree cover) - no action needed
+102225+29160,26.195322843444504,91.83072907662752,tree_cover,Low,25.206512,already vegetated (tree cover) - no action needed
+102225+29161,26.19622115770028,91.83072907680514,tree_cover,Low,25.029266,already vegetated (tree cover) - no action needed
+102225+29162,26.197119473175523,91.83072907675444,tree_cover,Low,24.838287,already vegetated (tree cover) - no action needed
+102226+29158,26.193526211911827,91.83162739181684,tree_cover,Low,23.98352,already vegetated (tree cover) - no action needed
+102226+29159,26.19442452694086,91.83162739191532,tree_cover,Low,25.090393,already vegetated (tree cover) - no action needed
+102226+29160,26.195322843282028,91.8316273920117,tree_cover,Medium,25.953827,already vegetated (tree cover) - no action needed
+102226+29161,26.19622115790008,91.83162739188046,tree_cover,Low,24.912628,already vegetated (tree cover) - no action needed
