rank,grid_id,lat,lon,LST,recommended_action,cost_estimate,cooling_c,cooling_per_rupee,cumulative_cost,within_budget
1,+102070+29080,26.123457620034824,91.69149020785058,34.339508,Cool roof,401310.0,1.0,2.491839226533104e-06,401310.0,True
2,+102071+29080,26.12345761998219,91.69238852270378,34.327515,Cool roof,401310.0,1.0,2.491839226533104e-06,802620.0,True
3,+102080+29076,26.11986435903233,91.70047336063298,34.119446,Cool roof,401310.0,1.0,2.491839226533104e-06,1203930.0,True
4,+102079+29076,26.11986435915575,91.699575045193,33.887146,Cool roof,401310.0,1.0,2.491839226533104e-06,1605240.0,True
5,+102070+29079,26.122559304989505,91.6914902077345,33.742523,Cool roof,401310.0,1.0,2.491839226533104e-06,2006550.0,True
6,+102078+29076,26.119864359197702,91.69867672999273,33.70053,Cool roof,401310.0,1.0,2.491839226533104e-06,2407860.0,True
7,+102069+29079,26.122559305114088,91.69059189247136,33.69919,Cool roof,401310.0,1.0,2.491839226533104e-06,2809170.0,True
8,+102080+29077,26.120762673860742,91.70047336052544,33.3685,Cool roof,401310.0,1.0,2.491839226533104e-06,3210480.0,True
9,+102069+29080,26.12345761982448,91.69059189246168,33.35428,Cool roof,401310.0,1.0,2.491839226533104e-06,3611790.0,True
10,+102072+29080,26.123457619848804,91.69328683824637,33.259247,Cool roof,401310.0,1.0,2.491839226533104e-06,4013100.0,True
11,+102081+29076,26.119864359191727,91.70137167576505,33.124237,Cool roof,401310.0,1.0,2.491839226533104e-06,4414410.0,True
12,+102070+29081,26.12435593500705,91.69149020793056,33.099518,Cool roof,401310.0,1.0,2.491839226533104e-06,4815720.0,True
13,+102055+29073,26.11716941303972,91.67801547843771,33.02829,Cool roof,401310.0,1.0,2.491839226533104e-06,5217030.0,True
14,+102071+29079,26.122559304966227,91.69238852291404,32.899506,Cool roof,401310.0,1.0,2.491839226533104e-06,5618340.0,True
15,+102079+29077,26.12076267382935,91.69957504518642,32.85486,Cool roof,401310.0,1.0,2.491839226533104e-06,6019650.0,True
16,+102077+29076,26.119864359340085,91.69777841471078,32.513336,Cool roof,401310.0,1.0,2.491839226533104e-06,6420960.0,True
17,+102072+29079,26.12255930486185,91.69328683833106,32.483246,Cool roof,401310.0,1.0,2.491839226533104e-06,6822270.0,True
18,+102071+29081,26.124355935107623,91.69238852268327,32.392334,Cool roof,401310.0,1.0,2.491839226533104e-06,7223580.0,True
19,+102069+29078,26.121660989206937,91.69059189267054,32.358856,Cool roof,401310.0,1.0,2.491839226533104e-06,7624890.0,True
20,+102081+29075,26.11896604338158,91.70137167571404,32.249115,Cool roof,401310.0,1.0,2.491839226533104e-06,8026200.0,True
21,+102080+29075,26.118966043377,91.7004733604806,32.2381,Cool roof,401310.0,1.0,2.491839226533104e-06,8427510.0,True
22,+102074+29077,26.120762673363853,91.69508346899912,32.23471,Cool roof,401310.0,1.0,2.491839226533104e-06,8828820.0,True
23,+102070+29078,26.12166098911139,91.69149020780836,32.2305,Cool roof,401310.0,1.0,2.491839226533104e-06,9230130.0,True
24,+102079+29075,26.11896604329077,91.69957504539155,32.190247,Cool roof,401310.0,1.0,2.491839226533104e-06,9631440.0,True
25,+102078+29075,26.118966043487035,91.69867673008966,32.112823,Cool roof,401310.0,1.0,2.491839226533104e-06,10032750.0,True
26,+102078+29077,26.12076267371668,91.69867673008706,32.11252,Cool roof,401310.0,1.0,2.491839226533104e-06,10434060.0,True
27,+102069+29081,26.12435593519001,91.69059189241564,32.066742,Cool roof,401310.0,1.0,2.491839226533104e-06,10835370.0,True
28,+102068+29079,26.122559305157896,91.68969357699436,32.031494,Cool roof,401310.0,1.0,2.491839226533104e-06,11236680.0,True
29,+102075+29077,26.12076267343757,91.69598178426016,31.9758,Cool roof,401310.0,1.0,2.491839226533104e-06,11637990.0,True
30,+102072+29078,26.121660989223475,91.69328683837988,31.947937,Cool roof,401310.0,1.0,2.491839226533104e-06,12039300.0,True
31,+102071+29078,26.121660989116787,91.69238852286234,31.89975,Cool roof,401310.0,1.0,2.491839226533104e-06,12440610.0,True
32,+102081+29077,26.12076267362861,91.70137167578235,31.895782,Cool roof,401310.0,1.0,2.491839226533104e-06,12841920.0,True
33,+102058+29070,26.11447446725633,91.68071042416068,31.703033,Cool roof,401310.0,1.0,2.491839226533104e-06,13243230.0,True
34,+102068+29080,26.12345761971544,91.68969357708497,31.677094,Cool roof,401310.0,1.0,2.491839226533104e-06,13644540.0,True
35,+102072+29081,26.12435593530968,91.69328683835204,31.630646,Cool roof,401310.0,1.0,2.491839226533104e-06,14045850.0,True
36,+102073+29078,26.12166098943112,91.69418515336146,31.598724,Cool roof,401310.0,1.0,2.491839226533104e-06,14447160.0,True
37,+102069+29082,26.1252542509475,91.69059189255938,31.532684,Cool roof,401310.0,1.0,2.491839226533104e-06,14848470.0,True
38,+102075+29076,26.11986435938044,91.69598178431468,31.527985,Cool roof,401310.0,1.0,2.491839226533104e-06,15249780.0,True
39,+102074+29076,26.11986435946048,91.69508346895246,31.47049,Cool roof,401310.0,1.0,2.491839226533104e-06,15651090.0,True
40,+102063+29070,26.11447446710848,91.68520200089904,31.46579,Cool roof,401310.0,1.0,2.491839226533104e-06,16052400.0,True
41,+102073+29077,26.120762673572965,91.69418515347556,31.450134,Cool roof,401310.0,1.0,2.491839226533104e-06,16453710.0,True
42,+102077+29075,26.11896604341958,91.69777841470678,31.420319,Cool roof,401310.0,1.0,2.491839226533104e-06,16855020.0,True
43,+102079+29074,26.1180677285377,91.69957504532972,31.39392,Cool roof,401310.0,1.0,2.491839226533104e-06,17256330.0,True
44,+102077+29077,26.120762673522865,91.69777841468024,31.385101,Cool roof,401310.0,1.0,2.491839226533104e-06,17657640.0,True
45,+102075+29074,26.118067728539344,91.69598178409304,31.347015,Cool roof,401310.0,1.0,2.491839226533104e-06,18058950.0,True
46,+102067+29079,26.12255930512077,91.68879526210983,31.339172,Cool roof,401310.0,1.0,2.491839226533104e-06,18460260.0,True
47,+102076+29076,26.119864359401003,91.6968800992155,31.335052,Cool roof,401310.0,1.0,2.491839226533104e-06,18861570.0,True
48,+102073+29079,26.122559304858594,91.6941851536638,31.261566,Cool roof,401310.0,1.0,2.491839226533104e-06,19262880.0,True
49,+102064+29071,26.115372782246983,91.686100316115,31.17929,Cool roof,401310.0,1.0,2.491839226533104e-06,19664190.0,True
50,+102055+29074,26.118067728396937,91.67801547848724,31.157135,Cool roof,401310.0,1.0,2.491839226533104e-06,20065500.0,True
51,+102059+29081,26.12435593495705,91.6816087395398,31.145844,Cool roof,401310.0,1.0,2.491839226533104e-06,20466810.0,True
52,+102075+29073,26.11716941323604,91.69598178404252,31.145813,Cool roof,401310.0,1.0,2.491839226533104e-06,20868120.0,True
53,+102069+29083,26.126152565504345,91.69059189266656,31.097595,Cool roof,401310.0,1.0,2.491839226533104e-06,21269430.0,True
54,+102073+29067,26.111779521058715,91.6941851533428,31.081085,Cool roof,401310.0,1.0,2.491839226533104e-06,21670740.0,True
55,+102074+29078,26.121660989557306,91.69508346901036,31.078949,Cool roof,401310.0,1.0,2.491839226533104e-06,22072050.0,True
56,+102078+29074,26.11806772834224,91.69867673015248,31.07846,Cool roof,401310.0,1.0,2.491839226533104e-06,22473360.0,True
57,+102068+29078,26.121660989221045,91.689693576867,31.06247,Cool roof,401310.0,1.0,2.491839226533104e-06,22874670.0,True
58,+102073+29066,26.11088120618265,91.69418515329266,31.042084,Cool roof,401310.0,1.0,2.491839226533104e-06,23275980.0,True
59,+102058+29071,26.11537278231032,91.68071042424724,31.040619,Cool roof,401310.0,1.0,2.491839226533104e-06,23677290.0,True
60,+102057+29071,26.115372782305908,91.67981210953045,31.025726,Cool roof,401310.0,1.0,2.491839226533104e-06,24078600.0,True
61,+102073+29080,26.123457619817064,91.69418515370508,31.0,Cool roof,401310.0,1.0,2.491839226533104e-06,24479910.0,True
62,+102062+29077,26.12076267378773,91.68430368532574,30.978882,Cool roof,401310.0,1.0,2.491839226533104e-06,24881220.0,True
63,+102074+29075,26.118966043274035,91.69508346909664,30.975677,Cool roof,401310.0,1.0,2.491839226533104e-06,25282530.0,True
64,+102072+29077,26.12076267388303,91.69328683839282,30.957642,Cool roof,401310.0,1.0,2.491839226533104e-06,25683840.0,True
65,+102073+29076,26.119864359277155,91.6941851535542,30.942596,Cool roof,401310.0,1.0,2.491839226533104e-06,26085150.0,True
66,+102080+29074,26.11806772846928,91.70047336052036,30.9292,Cool roof,401310.0,1.0,2.491839226533104e-06,26486460.0,True
67,+102071+29077,26.12076267392973,91.692388522775,30.921478,Cool roof,401310.0,1.0,2.491839226533104e-06,26887770.0,True
68,+102068+29081,26.124355935292563,91.689693577139,30.882874,Cool roof,401310.0,1.0,2.491839226533104e-06,27289080.0,True
69,+102059+29082,26.125254251016447,91.68160873977796,30.879944,Cool roof,401310.0,1.0,2.491839226533104e-06,27690390.0,True
70,+102076+29077,26.12076267342984,91.6968800992859,30.863922,Cool roof,401310.0,1.0,2.491839226533104e-06,28091700.0,True
71,+102066+29078,26.121660989188307,91.68789694645656,30.852966,Cool roof,401310.0,1.0,2.491839226533104e-06,28493010.0,True
72,+102062+29070,26.114474467303022,91.68430368566538,30.851837,Cool roof,401310.0,1.0,2.491839226533104e-06,28894320.0,True
73,+102070+29077,26.120762673713084,91.69149020762028,30.81662,Cool roof,401310.0,1.0,2.491839226533104e-06,29295630.0,True
74,+102066+29079,26.12255930500272,91.68789694655868,30.813507,Cool roof,401310.0,1.0,2.491839226533104e-06,29696940.0,True
75,+102058+29081,26.12435593498225,91.68071042433868,30.811493,Cool roof,401310.0,1.0,2.491839226533104e-06,30098250.0,True
76,+102072+29076,26.119864359012364,91.69328683837033,30.806,Cool roof,401310.0,1.0,2.491839226533104e-06,30499560.0,True
77,+102066+29077,26.120762673854376,91.68789694654328,30.783691,Cool roof,401310.0,1.0,2.491839226533104e-06,30900870.0,True
78,+102065+29078,26.121660989323523,91.68699863117256,30.776337,Cool roof,401310.0,1.0,2.491839226533104e-06,31302180.0,True
79,+102073+29068,26.11267783650188,91.69418515358332,30.757538,Cool roof,401310.0,1.0,2.491839226533104e-06,31703490.0,True
80,+102070+29083,26.126152565444883,91.69149020775596,30.752472,Cool roof,401310.0,1.0,2.491839226533104e-06,32104800.0,True
81,+102076+29074,26.11806772843409,91.69688009942185,30.730072,Cool roof,401310.0,1.0,2.491839226533104e-06,32506110.0,True
82,+102067+29078,26.12166098915404,91.68879526210802,30.719055,Cool roof,401310.0,1.0,2.491839226533104e-06,32907420.0,True
83,+102079+29078,26.12166098915497,91.69957504537152,30.682526,Cool roof,401310.0,1.0,2.491839226533104e-06,33308730.0,True
84,+102075+29075,26.118966043222137,91.69598178433417,30.679352,Cool roof,401310.0,1.0,2.491839226533104e-06,33710040.0,True
85,+102062+29076,26.11986435916686,91.6843036854234,30.648712,Cool roof,401310.0,1.0,2.491839226533104e-06,34111350.0,True
86,+102060+29082,26.1252542510616,91.6825070546623,30.629852,Cool roof,401310.0,1.0,2.491839226533104e-06,34512660.0,True
87,+102076+29075,26.118966043270643,91.69688009911034,30.625702,Cool roof,401310.0,1.0,2.491839226533104e-06,34913970.0,True
88,+102075+29072,26.11627109737689,91.69598178395682,30.618073,Cool roof,401310.0,1.0,2.491839226533104e-06,35315280.0,True
89,+102078+29073,26.117169413122447,91.69867673018118,30.614899,Cool roof,401310.0,1.0,2.491839226533104e-06,35716590.0,True
90,+102077+29074,26.11806772824718,91.69777841444235,30.611084,Cool roof,401310.0,1.0,2.491839226533104e-06,36117900.0,True
91,+102065+29077,26.12076267377763,91.68699863115836,30.609161,Cool roof,401310.0,1.0,2.491839226533104e-06,36519210.0,True
92,+102060+29117,26.15669528549467,91.68250705474952,30.595673,Cool roof,401310.0,1.0,2.491839226533104e-06,36920520.0,True
93,+102063+29077,26.120762673744395,91.68520200097775,30.579865,Cool roof,401310.0,1.0,2.491839226533104e-06,37321830.0,True
94,+102063+29076,26.119864359153624,91.6852020009503,30.56363,Cool roof,401310.0,1.0,2.491839226533104e-06,37723140.0,True
95,+102063+29080,26.12345761978015,91.68520200105924,30.563507,Cool roof,401310.0,1.0,2.491839226533104e-06,38124450.0,True
96,+102064+29080,26.12345761992868,91.6861003160157,30.545135,Cool roof,401310.0,1.0,2.491839226533104e-06,38525760.0,True
97,+102074+29068,26.11267783636688,91.69508346911958,30.544281,Cool roof,401310.0,1.0,2.491839226533104e-06,38927070.0,True
98,+102063+29071,26.11537278219037,91.68520200092637,30.531158,Cool roof,401310.0,1.0,2.491839226533104e-06,39328380.0,True
99,+102059+29070,26.1144744673916,91.68160873957044,30.529663,Cool roof,401310.0,1.0,2.491839226533104e-06,39729690.0,True
100,+102081+29122,26.161186861603667,91.70137167597136,30.527283,Cool roof,401310.0,1.0,2.491839226533104e-06,40131000.0,True
101,+102078+29078,26.12166098907005,91.69867673014706,30.524841,Cool roof,401310.0,1.0,2.491839226533104e-06,40532310.0,True
102,+102072+29075,26.118966043496687,91.69328683831216,30.505615,Cool roof,401310.0,1.0,2.491839226533104e-06,40933620.0,True
103,+102073+29075,26.118966043426184,91.69418515337138,30.482819,Cool roof,401310.0,1.0,2.491839226533104e-06,41334930.0,True
104,+102062+29081,26.124355935126253,91.68430368545982,30.480438,Cool roof,401310.0,1.0,2.491839226533104e-06,41736240.0,True
105,+102060+29081,26.124355935033343,91.68250705474982,30.443329,Cool roof,401310.0,1.0,2.491839226533104e-06,42137550.0,True
106,+102081+29074,26.118067728318856,91.70137167585516,30.400848,Cool roof,401310.0,1.0,2.491839226533104e-06,42538860.0,True
107,+102074+29069,26.1135761520326,91.69508346877032,30.393097,Cool roof,401310.0,1.0,2.491839226533104e-06,42940170.0,True
108,+102075+29078,26.12166098942048,91.69598178417068,30.392792,Cool roof,401310.0,1.0,2.491839226533104e-06,43341480.0,True
109,+102061+29117,26.15669528547172,91.68340537025992,30.38379,Cool roof,401310.0,1.0,2.491839226533104e-06,43742790.0,True
110,+102071+29121,26.16028854709237,91.6923885226561,30.378387,Cool roof,401310.0,1.0,2.491839226533104e-06,44144100.0,True
111,+102063+29131,26.169271699675456,91.68520200086716,30.358948,Cool roof,401310.0,1.0,2.491839226533104e-06,44545410.0,True
112,+102065+29079,26.12255930480373,91.68699863114956,30.354553,Cool roof,401310.0,1.0,2.491839226533104e-06,44946720.0,True
113,+102076+29073,26.117169413158745,91.69688009969876,30.350372,Cool roof,401310.0,1.0,2.491839226533104e-06,45348030.0,True
114,+102081+29078,26.121660989263702,91.70137167576604,30.334991,Cool roof,401310.0,1.0,2.491839226533104e-06,45749340.0,True
115,+102054+29085,26.127949196119925,91.677117163048,30.333954,Cool roof,401310.0,1.0,2.491839226533104e-06,46150650.0,True
116,+102067+29080,26.1234576197077,91.68879526207488,30.328583,Cool roof,401310.0,1.0,2.491839226533104e-06,46551960.0,True
117,+102061+29081,26.124355935028888,91.68340537010054,30.290619,Cool roof,401310.0,1.0,2.491839226533104e-06,46953270.0,True
118,+102074+29079,26.12255930495664,91.69508346898616,30.287079,Cool roof,401310.0,1.0,2.491839226533104e-06,47354580.0,True
119,+102058+29080,26.12345762001205,91.6807104244138,30.27826,Cool roof,401310.0,1.0,2.491839226533104e-06,47755890.0,True
120,+102068+29083,26.12615256566564,91.68969357713728,30.258087,Cool roof,401310.0,1.0,2.491839226533104e-06,48157200.0,True
121,+102076+29079,26.122559304909583,91.69688009932234,30.257751,Cool roof,401310.0,1.0,2.491839226533104e-06,48558510.0,True
122,+102062+29080,26.12345761991516,91.6843036854831,30.253021,Cool roof,401310.0,1.0,2.491839226533104e-06,48959820.0,True
123,+102063+29081,26.12435593514304,91.68520200093587,30.232422,Cool roof,401310.0,1.0,2.491839226533104e-06,49361130.0,True
124,+102062+29071,26.11537278205122,91.68430368556932,30.229828,Cool roof,401310.0,1.0,2.491839226533104e-06,49762440.0,True
125,+102055+29083,26.126152565562982,91.67801547851182,30.229614,Cool roof,401310.0,1.0,2.491839226533104e-06,50163750.0,True
126,+102070+29121,26.160288547244992,91.69149020788517,30.22873,Cool roof,401310.0,1.0,2.491839226533104e-06,50565060.0,True
127,+102102+29082,26.125254250827627,91.72023629658064,30.219025,Cool roof,401310.0,1.0,2.491839226533104e-06,50966370.0,True
128,+102060+29072,26.116271097720823,91.68250705471615,30.212372,Cool roof,401310.0,1.0,2.491839226533104e-06,51367680.0,True
129,+102058+29082,26.125254250891068,91.68071042422478,30.188202,Cool roof,401310.0,1.0,2.491839226533104e-06,51768990.0,True
130,+102080+29073,26.117169413122262,91.70047336052625,30.184967,Cool roof,401310.0,1.0,2.491839226533104e-06,52170300.0,True
131,+102102+29083,26.12615256578858,91.7202362965612,30.184937,Cool roof,401310.0,1.0,2.491839226533104e-06,52571610.0,True
132,+102068+29082,26.125254250715148,91.68969357715632,30.182892,Cool roof,401310.0,1.0,2.491839226533104e-06,52972920.0,True
133,+102069+29084,26.12705088108533,91.69059189251136,30.18161,Cool roof,401310.0,1.0,2.491839226533104e-06,53374230.0,True
134,+102071+29120,26.15939023100815,91.6923885227601,30.17862,Cool roof,401310.0,1.0,2.491839226533104e-06,53775540.0,True
135,+102074+29067,26.11177952131652,91.69508346920782,30.175323,Cool roof,401310.0,1.0,2.491839226533104e-06,54176850.0,True
136,+102064+29079,26.122559304887755,91.68610031597564,30.151276,Cool roof,401310.0,1.0,2.491839226533104e-06,54578160.0,True
137,+102070+29076,26.11986435933058,91.69149020762192,30.13379,Cool roof,401310.0,1.0,2.491839226533104e-06,54979470.0,True
138,+102059+29117,26.156695285625503,91.68160873960468,30.120605,Cool roof,401310.0,1.0,2.491839226533104e-06,55380780.0,True
139,+102077+29078,26.121660989267976,91.69777841461512,30.119965,Cool roof,401310.0,1.0,2.491839226533104e-06,55782090.0,True
140,+102070+29084,26.127050881178725,91.69149020795324,30.10849,Cool roof,401310.0,1.0,2.491839226533104e-06,56183400.0,True
141,+102063+29130,26.16837338408915,91.68520200084548,30.088287,Cool roof,401310.0,1.0,2.491839226533104e-06,56584710.0,True
142,+102055+29117,26.15669528559016,91.67801547850652,30.084076,Cool roof,401310.0,1.0,2.491839226533104e-06,56986020.0,True
143,+102069+29121,26.16028854732434,91.69059189235114,30.073883,Cool roof,401310.0,1.0,2.491839226533104e-06,57387330.0,True
144,+102069+29077,26.12076267359721,91.6905918928334,30.073029,Cool roof,401310.0,1.0,2.491839226533104e-06,57788640.0,True
145,+102081+29121,26.160288547168708,91.70137167589232,30.069672,Cool roof,401310.0,1.0,2.491839226533104e-06,58189950.0,True
146,+102061+29073,26.117169412990883,91.68340537022668,30.065216,Cool roof,401310.0,1.0,2.491839226533104e-06,58591260.0,True
147,+102056+29083,26.12615256553375,91.67891379322651,30.051697,Cool roof,401310.0,1.0,2.491839226533104e-06,58992570.0,True
148,+102057+29125,26.16388180781697,91.67981210943786,30.051422,Cool roof,401310.0,1.0,2.491839226533104e-06,59393880.0,True
149,+102050+29088,26.130644141893985,91.67352390212668,30.043488,Cool roof,401310.0,1.0,2.491839226533104e-06,59795190.0,True
150,+102058+29125,26.16388180776472,91.68071042415728,30.043182,Cool roof,401310.0,1.0,2.491839226533104e-06,60196500.0,True
151,+102057+29117,26.156695285482865,91.67981210924684,30.040558,Cool roof,401310.0,1.0,2.491839226533104e-06,60597810.0,True
152,+102070+29085,26.12794919634957,91.69149020788838,30.03955,Cool roof,401310.0,1.0,2.491839226533104e-06,60999120.0,True
153,+102055+29084,26.127050881025724,91.67801547861843,30.034882,Cool roof,401310.0,1.0,2.491839226533104e-06,61400430.0,True
154,+102075+29070,26.11447446725888,91.6959817843581,30.02597,Cool roof,401310.0,1.0,2.491839226533104e-06,61801740.0,True
155,+102064+29067,26.111779521192663,91.68610031596418,30.008514,Cool roof,401310.0,1.0,2.491839226533104e-06,62203050.0,True
156,+102071+29075,26.11896604348572,91.69238852294389,30.006195,Cool roof,401310.0,1.0,2.491839226533104e-06,62604360.0,True
157,+102066+29067,26.11177952129913,91.68789694672904,30.004425,Cool roof,401310.0,1.0,2.491839226533104e-06,63005670.0,True
158,+102058+29117,26.156695285682183,91.68071042424326,30.002106,Cool roof,401310.0,1.0,2.491839226533104e-06,63406980.0,True
159,+102056+29117,26.15669528539158,91.6789137933554,29.998932,Cool roof,401310.0,1.0,2.491839226533104e-06,63808290.0,True
160,+102053+29085,26.127949196052967,91.67621884800138,29.973114,Cool roof,401310.0,1.0,2.491839226533104e-06,64209600.0,True
161,+102072+29122,26.161186861735924,91.69328683856368,29.96701,Cool roof,401310.0,1.0,2.491839226533104e-06,64610910.0,True
162,+102064+29131,26.16927169955068,91.68610031597215,29.963165,Cool roof,401310.0,1.0,2.491839226533104e-06,65012220.0,True
163,+102064+29078,26.12166098937764,91.68610031612398,29.955994,Cool roof,401310.0,1.0,2.491839226533104e-06,65413530.0,True
164,+102058+29124,26.16298349250512,91.68071042436078,29.937653,Cool roof,401310.0,1.0,2.491839226533104e-06,65814840.0,True
165,+102082+29122,26.16118686152607,91.70226999144477,29.931244,Cool roof,401310.0,1.0,2.491839226533104e-06,66216150.0,True
166,+102061+29072,26.11627109781183,91.683405370071,29.917877,Cool roof,401310.0,1.0,2.491839226533104e-06,66617460.0,True
167,+102070+29120,26.159390230949587,91.69149020789789,29.91507,Cool roof,401310.0,1.0,2.491839226533104e-06,67018770.0,True
168,+102059+29072,26.11627109754781,91.68160873950116,29.912323,Cool roof,401310.0,1.0,2.491839226533104e-06,67420080.0,True
169,+102077+29073,26.117169413181507,91.69777841436904,29.904144,Cool roof,401310.0,1.0,2.491839226533104e-06,67821390.0,True
170,+102061+29082,26.12525425102651,91.683405370139,29.902802,Cool roof,401310.0,1.0,2.491839226533104e-06,68222700.0,True
171,+102061+29118,26.15759360089302,91.6834053702792,29.893585,Cool roof,401310.0,1.0,2.491839226533104e-06,68624010.0,True
172,+102054+29084,26.127050881006603,91.67711716310748,29.890656,Cool roof,401310.0,1.0,2.491839226533104e-06,69025320.0,True
173,+102077+29079,26.12255930494672,91.69777841451544,29.886627,Cool roof,401310.0,1.0,2.491839226533104e-06,69426630.0,True
174,+102056+29082,26.1252542509448,91.67891379340598,29.881073,Cool roof,401310.0,1.0,2.491839226533104e-06,69827940.0,True
175,+102065+29080,26.123457619996465,91.68699863108934,29.87268,Cool roof,401310.0,1.0,2.491839226533104e-06,70229250.0,True
176,+102052+29086,26.12884751210475,91.67532053281036,29.864655,Cool roof,401310.0,1.0,2.491839226533104e-06,70630560.0,True
177,+102076+29078,26.121660989384782,91.69688009932152,29.859283,Cool roof,401310.0,1.0,2.491839226533104e-06,71031870.0,True
178,+102053+29086,26.12884751203728,91.676218848001,29.850067,Cool roof,401310.0,1.0,2.491839226533104e-06,71433180.0,True
179,+102071+29082,26.12525425098879,91.69238852285294,29.847687,Cool roof,401310.0,1.0,2.491839226533104e-06,71834490.0,True
180,+102073+29124,26.162983492731144,91.69418515332444,29.832,Cool roof,401310.0,1.0,2.491839226533104e-06,72235800.0,True
181,+102077+29060,26.10549131443681,91.6977784145651,29.826324,Cool roof,401310.0,1.0,2.491839226533104e-06,72637110.0,True
182,+102056+29084,26.127050881146864,91.67891379323392,29.813324,Cool roof,401310.0,1.0,2.491839226533104e-06,73038420.0,True
183,+102104+29096,26.137830664499475,91.72203292741528,29.811005,Cool roof,401310.0,1.0,2.491839226533104e-06,73439730.0,True
184,+102051+29088,26.130644141920403,91.67442221672438,29.809937,Cool roof,401310.0,1.0,2.491839226533104e-06,73841040.0,True
185,+102076+29118,26.15759360085769,91.6968800992785,29.801544,Cool roof,401310.0,1.0,2.491839226533104e-06,74242350.0,True
186,+102060+29118,26.15759360094712,91.68250705463458,29.801086,Cool roof,401310.0,1.0,2.491839226533104e-06,74643660.0,True
187,+102080+29122,26.16118686160819,91.70047336028615,29.799652,Cool roof,401310.0,1.0,2.491839226533104e-06,75044970.0,True
188,+102101+29080,26.12345761999608,91.71933798133534,29.79837,Cool roof,401310.0,1.0,2.491839226533104e-06,75446280.0,True
189,+102063+29078,26.1216609893508,91.68520200074153,29.791107,Cool roof,401310.0,1.0,2.491839226533104e-06,75847590.0,True
190,+102070+29117,26.156695285569345,91.691490207719,29.790497,Cool roof,401310.0,1.0,2.491839226533104e-06,76248900.0,True
191,+102074+29070,26.11447446716925,91.69508346883748,29.786835,Cool roof,401310.0,1.0,2.491839226533104e-06,76650210.0,True
192,+102055+29118,26.157593600653858,91.6780154783992,29.782257,Cool roof,401310.0,1.0,2.491839226533104e-06,77051520.0,True
193,+102064+29081,26.12435593507908,91.68610031624397,29.782257,Cool roof,401310.0,1.0,2.491839226533104e-06,77452830.0,True
194,+102069+29120,26.15939023099958,91.69059189249896,29.781769,Cool roof,401310.0,1.0,2.491839226533104e-06,77854140.0,True
195,+102073+29123,26.162085177191987,91.69418515326612,29.781647,Cool roof,401310.0,1.0,2.491839226533104e-06,78255450.0,True
196,+102055+29085,26.12794919610701,91.67801547868564,29.77304,Cool roof,401310.0,1.0,2.491839226533104e-06,78656760.0,True
197,+102067+29081,26.124355935314544,91.68879526200315,29.772583,Cool roof,401310.0,1.0,2.491839226533104e-06,79058070.0,True
198,+102073+29122,26.161186861589623,91.69418515317238,29.760284,Cool roof,401310.0,1.0,2.491839226533104e-06,79459380.0,True
199,+102073+29081,26.12435593524893,91.69418515348464,29.754913,Cool roof,401310.0,1.0,2.491839226533104e-06,79860690.0,True
200,+102063+29079,26.122559304891023,91.68520200091908,29.750458,Cool roof,401310.0,1.0,2.491839226533104e-06,80262000.0,True
201,+102059+29124,26.162983492411435,91.6816087395354,29.744781,Cool roof,401310.0,1.0,2.491839226533104e-06,80663310.0,True
202,+102079+29121,26.16028854723118,91.69957504561344,29.740204,Cool roof,401310.0,1.0,2.491839226533104e-06,81064620.0,True
203,+102051+29087,26.129745826856794,91.67442221683348,29.739594,Cool roof,401310.0,1.0,2.491839226533104e-06,81465930.0,True
204,+102072+29121,26.160288547230152,91.69328683856912,29.739288,Cool roof,401310.0,1.0,2.491839226533104e-06,81867240.0,True
205,+102072+29125,26.16388180759104,91.69328683855898,29.736053,Cool roof,401310.0,1.0,2.491839226533104e-06,82268550.0,True
206,+102061+29080,26.1234576199694,91.68340537002376,29.718658,Cool roof,401310.0,1.0,2.491839226533104e-06,82669860.0,True
207,+102068+29121,26.16028854714825,91.6896935772816,29.711395,Cool roof,401310.0,1.0,2.491839226533104e-06,83071170.0,True
208,+102056+29078,26.12166098925899,91.67891379350512,29.71048,Cool roof,401310.0,1.0,2.491839226533104e-06,83472480.0,True
209,+102064+29077,26.1207626736196,91.68610031600927,29.707855,Cool roof,401310.0,1.0,2.491839226533104e-06,83873790.0,True
210,+102056+29118,26.157593600787607,91.67891379338226,29.702057,Cool roof,401310.0,1.0,2.491839226533104e-06,84275100.0,True
211,+102073+29125,26.16388180754044,91.69418515334708,29.695007,Cool roof,401310.0,1.0,2.491839226533104e-06,84676410.0,True
212,+102050+29091,26.1333390882899,91.67352390207664,29.683197,Cool roof,401310.0,1.0,2.491839226533104e-06,85077720.0,True
213,+102069+29085,26.127949196285368,91.69059189277176,29.682007,Cool roof,401310.0,1.0,2.491839226533104e-06,85479030.0,True
214,+102067+29077,26.12076267385,91.68879526206922,29.681854,Cool roof,401310.0,1.0,2.491839226533104e-06,85880340.0,True
215,+102102+29084,26.127050881045303,91.72023629673856,29.680359,Cool roof,401310.0,1.0,2.491839226533104e-06,86281650.0,True
216,+102069+29126,26.16478012290081,91.6905918926476,29.674774,Cool roof,401310.0,1.0,2.491839226533104e-06,86682960.0,True
217,+102062+29078,26.121660989242866,91.68430368564212,29.664185,Cool roof,401310.0,1.0,2.491839226533104e-06,87084270.0,True
218,+102075+29069,26.11357615196864,91.69598178439342,29.66269,Cool roof,401310.0,1.0,2.491839226533104e-06,87485580.0,True
219,+102062+29117,26.15669528555661,91.68430368532754,29.656342,Cool roof,401310.0,1.0,2.491839226533104e-06,87886890.0,True
220,+102071+29122,26.161186861808968,91.6923885227419,29.654022,Cool roof,401310.0,1.0,2.491839226533104e-06,88288200.0,True
221,+102066+29080,26.12345761980143,91.6878969466238,29.633911,Cool roof,401310.0,1.0,2.491839226533104e-06,88689510.0,True
222,+102086+29122,26.16118686175676,91.70586325268272,29.615906,Cool roof,401310.0,1.0,2.491839226533104e-06,89090820.0,True
223,+102065+29076,26.119864359065147,91.68699863110696,29.608856,Cool roof,401310.0,1.0,2.491839226533104e-06,89492130.0,True
224,+102063+29132,26.17017001498587,91.68520200085096,29.607025,Cool roof,401310.0,1.0,2.491839226533104e-06,89893440.0,True
225,+102060+29083,26.12615256570748,91.68250705476252,29.599518,Cool roof,401310.0,1.0,2.491839226533104e-06,90294750.0,True
226,+102198+29145,26.18184811358215,91.80647456397172,29.597443,Cool roof,401310.0,1.0,2.491839226533104e-06,90696060.0,True
227,+102054+29086,26.128847512072035,91.67711716317451,29.594696,Cool roof,401310.0,1.0,2.491839226533104e-06,91097370.0,True
228,+102049+29091,26.13333908810053,91.67262558700746,29.589691,Cool roof,401310.0,1.0,2.491839226533104e-06,91498680.0,True
229,+102082+29123,26.162085177241565,91.70226999139908,29.584442,Cool roof,401310.0,1.0,2.491839226533104e-06,91899990.0,True
230,+102082+29121,26.16028854730017,91.70226999145696,29.583862,Cool roof,401310.0,1.0,2.491839226533104e-06,92301300.0,True
231,+102068+29117,26.156695285783243,91.68969357706064,29.579254,Cool roof,401310.0,1.0,2.491839226533104e-06,92702610.0,True
232,+102101+29083,26.126152565684738,91.71933798143868,29.575653,Cool roof,401310.0,1.0,2.491839226533104e-06,93103920.0,True
233,+102068+29084,26.12705088109412,91.68969357708148,29.575073,Cool roof,401310.0,1.0,2.491839226533104e-06,93505230.0,True
234,+102101+29081,26.1243559352434,91.71933798124844,29.57431,Cool roof,401310.0,1.0,2.491839226533104e-06,93906540.0,True
235,+102103+29082,26.12525425087441,91.7211346122748,29.574005,Cool roof,401310.0,1.0,2.491839226533104e-06,94307850.0,True
236,+102058+29126,26.164780122964835,91.68071042414076,29.56839,Cool roof,401310.0,1.0,2.491839226533104e-06,94709160.0,True
237,+102057+29126,26.16478012304859,91.67981210928556,29.56778,Cool roof,401310.0,1.0,2.491839226533104e-06,95110470.0,True
238,+102070+29122,26.16118686162693,91.69149020783588,29.567322,Cool roof,401310.0,1.0,2.491839226533104e-06,95511780.0,True
239,+102052+29087,26.129745826836288,91.6753205328689,29.556488,Cool roof,401310.0,1.0,2.491839226533104e-06,95913090.0,True
240,+102057+29118,26.157593600847395,91.67981210940748,29.553345,Cool roof,401310.0,1.0,2.491839226533104e-06,96314400.0,True
241,+102054+29117,26.15669528553259,91.67711716321374,29.542816,Cool roof,401310.0,1.0,2.491839226533104e-06,96715710.0,True
242,+102056+29116,26.15579697030196,91.67891379328933,29.534943,Cool roof,401310.0,1.0,2.491839226533104e-06,97117020.0,True
243,+102076+29080,26.123457619783128,91.6968800992884,29.533478,Cool roof,401310.0,1.0,2.491839226533104e-06,97518330.0,True
244,+102068+29127,26.165678438436306,91.68969357707591,29.532013,Cool roof,401310.0,1.0,2.491839226533104e-06,97919640.0,True
245,+102069+29127,26.165678438435545,91.69059189250704,29.531403,Cool roof,401310.0,1.0,2.491839226533104e-06,98320950.0,True
246,+102069+29117,26.156695285713287,91.69059189249678,29.531036,Cool roof,401310.0,1.0,2.491839226533104e-06,98722260.0,True
247,+102177+29149,26.185441374491887,91.78760994339903,29.519135,Cool roof,401310.0,1.0,2.491839226533104e-06,99123570.0,True
248,+102071+29118,26.157593601019485,91.6923885228602,29.514679,Cool roof,401310.0,1.0,2.491839226533104e-06,99524880.0,True
249,+102073+29121,26.16028854729451,91.69418515326868,29.507477,Cool roof,401310.0,1.0,2.491839226533104e-06,99926190.0,True
250,+102102+29081,26.124355935212176,91.7202362967971,29.504364,Cool roof,401310.0,1.0,2.491839226533104e-06,100327500.0,False
251,+102056+29125,26.16388180779652,91.6789137931454,29.501068,Cool roof,401310.0,1.0,2.491839226533104e-06,100728810.0,False
252,+102067+29083,26.1261525655645,91.68879526197485,29.494965,Cool roof,401310.0,1.0,2.491839226533104e-06,101130120.0,False
253,+102059+29123,26.16208517718128,91.6816087395646,29.494293,Cool roof,401310.0,1.0,2.491839226533104e-06,101531430.0,False
254,+102078+29117,26.156695285569967,91.69867673004828,29.489227,Cool roof,401310.0,1.0,2.491839226533104e-06,101932740.0,False
255,+102057+29083,26.126152565606365,91.67981210920976,29.47937,Cool roof,401310.0,1.0,2.491839226533104e-06,102334050.0,False
256,+102070+29118,26.157593600902903,91.6914902078148,29.47934,Cool roof,401310.0,1.0,2.491839226533104e-06,102735360.0,False
257,+102072+29118,26.15759360088025,91.69328683837034,29.456207,Cool roof,401310.0,1.0,2.491839226533104e-06,103136670.0,False
258,+102057+29080,26.123457619925507,91.6798121090256,29.454803,Cool roof,401310.0,1.0,2.491839226533104e-06,103537980.0,False
259,+102066+29076,26.119864358989894,91.68789694659284,29.454071,Cool roof,401310.0,1.0,2.491839226533104e-06,103939290.0,False
260,+102058+29118,26.15759360083321,91.68071042431238,29.450989,Cool roof,401310.0,1.0,2.491839226533104e-06,104340600.0,False
261,+102059+29119,26.15849191594741,91.68160873974624,29.442322,Cool roof,401310.0,1.0,2.491839226533104e-06,104741910.0,False
262,+102049+29092,26.13423740338235,91.67262558715768,29.442291,Cool roof,401310.0,1.0,2.491839226533104e-06,105143220.0,False
263,+102064+29130,26.16837338417695,91.68610031603976,29.440277,Cool roof,401310.0,1.0,2.491839226533104e-06,105544530.0,False
264,+102055+29078,26.12166098912978,91.67801547851612,29.439362,Cool roof,401310.0,1.0,2.491839226533104e-06,105945840.0,False
265,+102080+29121,26.16028854714567,91.70047336034222,29.430817,Cool roof,401310.0,1.0,2.491839226533104e-06,106347150.0,False
266,+102068+29118,26.157593600629674,91.6896935771144,29.428864,Cool roof,401310.0,1.0,2.491839226533104e-06,106748460.0,False
267,+102059+29118,26.157593600927232,91.68160873958188,29.427032,Cool roof,401310.0,1.0,2.491839226533104e-06,107149770.0,False
268,+102063+29129,26.167475068537843,91.68520200078616,29.422882,Cool roof,401310.0,1.0,2.491839226533104e-06,107551080.0,False
269,+102068+29122,26.161186861588742,91.6896935774144,29.407928,Cool roof,401310.0,1.0,2.491839226533104e-06,107952390.0,False
270,+102063+29075,26.118966043372144,91.68520200065956,29.406433,Cool roof,401310.0,1.0,2.491839226533104e-06,108353700.0,False
271,+102068+29126,26.16478012305421,91.68969357712676,29.402618,Cool roof,401310.0,1.0,2.491839226533104e-06,108755010.0,False
272,+102068+29120,26.159390231157968,91.6896935771118,29.400421,Cool roof,401310.0,1.0,2.491839226533104e-06,109156320.0,False
273,+102062+29075,26.118966043354767,91.684303685709,29.394989,Cool roof,401310.0,1.0,2.491839226533104e-06,109557630.0,False
274,+102062+29131,26.16927169972842,91.68430368559372,29.386444,Cool roof,401310.0,1.0,2.491839226533104e-06,109958940.0,False
275,+102067+29082,26.12525425076684,91.68879526189448,29.382416,Cool roof,401310.0,1.0,2.491839226533104e-06,110360250.0,False
276,+102072+29124,26.16298349257109,91.69328683844576,29.376404,Cool roof,401310.0,1.0,2.491839226533104e-06,110761560.0,False
277,+102050+29090,26.13244077247828,91.67352390198332,29.37262,Cool roof,401310.0,1.0,2.491839226533104e-06,111162870.0,False
278,+102072+29123,26.16208517718511,91.69328683829684,29.361847,Cool roof,401310.0,1.0,2.491839226533104e-06,111564180.0,False
279,+102050+29089,26.13154245760312,91.67352390207536,29.356049,Cool roof,401310.0,1.0,2.491839226533104e-06,111965490.0,False
280,+102070+29126,26.16478012285686,91.69149020772797,29.348114,Cool roof,401310.0,1.0,2.491839226533104e-06,112366800.0,False
281,+102067+29121,26.16028854708057,91.68879526212676,29.337982,Cool roof,401310.0,1.0,2.491839226533104e-06,112768110.0,False
282,+102079+29122,26.161186861721447,91.69957504542272,29.33493,Cool roof,401310.0,1.0,2.491839226533104e-06,113169420.0,False
283,+102059+29128,26.16657675375216,91.68160873993538,29.334045,Cool roof,401310.0,1.0,2.491839226533104e-06,113570730.0,False
284,+102063+29067,26.111779521196887,91.68520200104244,29.330292,Cool roof,401310.0,1.0,2.491839226533104e-06,113972040.0,False
285,+102074+29121,26.16028854728559,91.69508346908611,29.324982,Cool roof,401310.0,1.0,2.491839226533104e-06,114373350.0,False
286,+102066+29111,26.15130539403713,91.68789694653516,29.3237,Cool roof,401310.0,1.0,2.491839226533104e-06,114774660.0,False
287,+102056+29126,26.164780123059792,91.6789137933092,29.32138,Cool roof,401310.0,1.0,2.491839226533104e-06,115175970.0,False
288,+102076+29119,26.15849191610182,91.6968800994657,29.321259,Cool roof,401310.0,1.0,2.491839226533104e-06,115577280.0,False
289,+102062+29129,26.16747506852978,91.68430368578642,29.31955,Cool roof,401310.0,1.0,2.491839226533104e-06,115978590.0,False
290,+102027+29096,26.13783066475272,91.65286265068065,29.317474,Cool roof,401310.0,1.0,2.491839226533104e-06,116379900.0,False
291,+102098+29079,26.12255930468872,91.71664303592851,29.315643,Cool roof,401310.0,1.0,2.491839226533104e-06,116781210.0,False
292,+102054+29118,26.157593600810145,91.67711716319852,29.310211,Cool roof,401310.0,1.0,2.491839226533104e-06,117182520.0,False
293,+102035+29096,26.13783066445604,91.66004917304416,29.309784,Cool roof,401310.0,1.0,2.491839226533104e-06,117583830.0,False
294,+102101+29084,26.12705088096513,91.7193379814896,29.305573,Cool roof,401310.0,1.0,2.491839226533104e-06,117985140.0,False
295,+102078+29079,26.122559305084973,91.69867673017272,29.304047,Cool roof,401310.0,1.0,2.491839226533104e-06,118386450.0,False
296,+102052+29119,26.158491916326405,91.67532053273383,29.300995,Cool roof,401310.0,1.0,2.491839226533104e-06,118787760.0,False
297,+102049+29093,26.13513571878353,91.67262558704128,29.300934,Cool roof,401310.0,1.0,2.491839226533104e-06,119189070.0,False
298,+102072+29120,26.159390230992933,91.69328683831296,29.300629,Cool roof,401310.0,1.0,2.491839226533104e-06,119590380.0,False
299,+102076+29120,26.159390230924107,91.69688009916632,29.300018,Cool roof,401310.0,1.0,2.491839226533104e-06,119991690.0,False
300,+102062+29073,26.11716941296892,91.68430368548908,29.298004,Cool roof,401310.0,1.0,2.491839226533104e-06,120393000.0,False
301,+102051+29098,26.13962729509541,91.67442221725337,29.293732,Cool roof,401310.0,1.0,2.491839226533104e-06,120794310.0,False
302,+102097+29079,26.12255930489521,91.71574472023848,29.291168,Cool roof,401310.0,1.0,2.491839226533104e-06,121195620.0,False
303,+102062+29132,26.170170014887606,91.68430368566617,29.284637,Cool roof,401310.0,1.0,2.491839226533104e-06,121596930.0,False
304,+102100+29080,26.12345761992304,91.71843966653611,29.279694,Cool roof,401310.0,1.0,2.491839226533104e-06,121998240.0,False
305,+102075+29118,26.157593600746782,91.69598178413642,29.277618,Cool roof,401310.0,1.0,2.491839226533104e-06,122399550.0,False
306,+102071+29119,26.158491916042816,91.6923885228282,29.272583,Cool roof,401310.0,1.0,2.491839226533104e-06,122800860.0,False
307,+102103+29083,26.12615256563016,91.72113461215577,29.271759,Cool roof,401310.0,1.0,2.491839226533104e-06,123202170.0,False
308,+102071+29117,26.156695285533097,91.69238852285632,29.271637,Cool roof,401310.0,1.0,2.491839226533104e-06,123603480.0,False
309,+102051+29119,26.158491916293343,91.67442221702927,29.269989,Cool roof,401310.0,1.0,2.491839226533104e-06,124004790.0,False
310,+102067+29122,26.161186861732933,91.68879526189896,29.264252,Cool roof,401310.0,1.0,2.491839226533104e-06,124406100.0,False
311,+102051+29109,26.14950876336485,91.67442221685272,29.261871,Cool roof,401310.0,1.0,2.491839226533104e-06,124807410.0,False
312,+102073+29120,26.15939023090427,91.69418515355498,29.258728,Cool roof,401310.0,1.0,2.491839226533104e-06,125208720.0,False
313,+102046+29092,26.13423740335139,91.66993064118677,29.257172,Cool roof,401310.0,1.0,2.491839226533104e-06,125610030.0,False
314,+102072+29082,26.125254250979783,91.69328683842188,29.251495,Cool roof,401310.0,1.0,2.491839226533104e-06,126011340.0,False
315,+102095+29070,26.114474467194363,91.71394808978988,29.246033,Cool roof,401310.0,1.0,2.491839226533104e-06,126412650.0,False
316,+102104+29097,26.1387289799698,91.7220329274727,29.244598,Cool roof,401310.0,1.0,2.491839226533104e-06,126813960.0,False
317,+102060+29119,26.15849191611849,91.68250705470726,29.241669,Cool roof,401310.0,1.0,2.491839226533104e-06,127215270.0,False
318,+102067+29124,26.16298349249746,91.68879526178388,29.236755,Cool roof,401310.0,1.0,2.491839226533104e-06,127616580.0,False
319,+102074+29124,26.162983492636467,91.6950834690956,29.234528,Cool roof,401310.0,1.0,2.491839226533104e-06,128017890.0,False
320,+102077+29118,26.15759360089447,91.69777841456316,29.23111,Cool roof,401310.0,1.0,2.491839226533104e-06,128419200.0,False
321,+102069+29122,26.161186861553464,91.69059189239312,29.229462,Cool roof,401310.0,1.0,2.491839226533104e-06,128820510.0,False
322,+102060+29128,26.16657675382537,91.6825070545336,29.225494,Cool roof,401310.0,1.0,2.491839226533104e-06,129221820.0,False
323,+102099+29080,26.12345761995113,91.71754135078037,29.22519,Cool roof,401310.0,1.0,2.491839226533104e-06,129623130.0,False
324,+102082+29076,26.11986435926967,91.70226999113726,29.224548,Cool roof,401310.0,1.0,2.491839226533104e-06,130024440.0,False
325,+102070+29127,26.165678438362413,91.69149020772318,29.22348,Cool roof,401310.0,1.0,2.491839226533104e-06,130425750.0,False
326,+102061+29128,26.166576753826423,91.68340537017522,29.220581,Cool roof,401310.0,1.0,2.491839226533104e-06,130827060.0,False
327,+102035+29097,26.13872897976068,91.66004917321123,29.20813,Cool roof,401310.0,1.0,2.491839226533104e-06,131228370.0,False
328,+102058+29123,26.162085177243647,91.68071042452527,29.200806,Cool roof,401310.0,1.0,2.491839226533104e-06,131629680.0,False
329,+102067+29123,26.162085177328542,91.68879526185992,29.19934,Cool roof,401310.0,1.0,2.491839226533104e-06,132030990.0,False
330,+102070+29075,26.11896604321086,91.69149020758726,29.195892,Cool roof,401310.0,1.0,2.491839226533104e-06,132432300.0,False
331,+102105+29093,26.135135718741367,91.72293124252596,29.195648,Cool roof,401310.0,1.0,2.491839226533104e-06,132833610.0,False
332,+102068+29125,26.16388180761252,91.68969357736673,29.193817,Cool roof,401310.0,1.0,2.491839226533104e-06,133234920.0,False
333,+102071+29085,26.12794919615169,91.69238852246929,29.19339,Cool roof,401310.0,1.0,2.491839226533104e-06,133636230.0,False
334,+102064+29132,26.17017001501283,91.68610031586692,29.192932,Cool roof,401310.0,1.0,2.491839226533104e-06,134037540.0,False
335,+102062+29118,26.157593600947305,91.684303685481,29.19046,Cool roof,401310.0,1.0,2.491839226533104e-06,134438850.0,False
336,+102074+29123,26.16208517730778,91.69508346912768,29.189667,Cool roof,401310.0,1.0,2.491839226533104e-06,134840160.0,False
337,+102074+29122,26.161186861551897,91.69508346912453,29.187744,Cool roof,401310.0,1.0,2.491839226533104e-06,135241470.0,False
338,+102077+29120,26.159390230905,91.6977784147196,29.187347,Cool roof,401310.0,1.0,2.491839226533104e-06,135642780.0,False
339,+102199+29146,26.18274642838288,91.80737287940036,29.186127,Cool roof,401310.0,1.0,2.491839226533104e-06,136044090.0,False
340,+102085+29121,26.16028854725407,91.70496493647404,29.184967,Cool roof,401310.0,1.0,2.491839226533104e-06,136445400.0,False
341,+102103+29081,26.124355935100223,91.72113461213922,29.184723,Cool roof,401310.0,1.0,2.491839226533104e-06,136846710.0,False
342,+102053+29084,26.12705088108949,91.67621884796166,29.17508,Cool roof,401310.0,1.0,2.491839226533104e-06,137248020.0,False
343,+102062+29130,26.16837338411169,91.68430368570912,29.174042,Cool roof,401310.0,1.0,2.491839226533104e-06,137649330.0,False
344,+102082+29077,26.120762673679483,91.70226999127968,29.168915,Cool roof,401310.0,1.0,2.491839226533104e-06,138050640.0,False
345,+102177+29148,26.18454305935328,91.78760994315763,29.168427,Cool roof,401310.0,1.0,2.491839226533104e-06,138451950.0,False
346,+102049+29110,26.150407078197496,91.67262558717717,29.167938,Cool roof,401310.0,1.0,2.491839226533104e-06,138853260.0,False
347,+102053+29078,26.12166098935611,91.67621884824185,29.164886,Cool roof,401310.0,1.0,2.491839226533104e-06,139254570.0,False
348,+102072+29119,26.1584919160566,91.69328683824664,29.15567,Cool roof,401310.0,1.0,2.491839226533104e-06,139655880.0,False
349,+102066+29068,26.11267783640045,91.68789694678657,29.153107,Cool roof,401310.0,1.0,2.491839226533104e-06,140057190.0,False
350,+102060+29120,26.15939023086803,91.6825070547416,29.150543,Cool roof,401310.0,1.0,2.491839226533104e-06,140458500.0,False
351,+102073+29118,26.15759360084889,91.69418515334372,29.149261,Cool roof,401310.0,1.0,2.491839226533104e-06,140859810.0,False
352,+102048+29097,26.138728979910606,91.67172727123568,29.148773,Cool roof,401310.0,1.0,2.491839226533104e-06,141261120.0,False
353,+102060+29073,26.11716941293085,91.68250705474784,29.146637,Cool roof,401310.0,1.0,2.491839226533104e-06,141662430.0,False
354,+102078+29120,26.159390230994283,91.6986767298336,29.142975,Cool roof,401310.0,1.0,2.491839226533104e-06,142063740.0,False
355,+102176+29149,26.18544137435918,91.78671162737167,29.138336,Cool roof,401310.0,1.0,2.491839226533104e-06,142465050.0,False
356,+102052+29099,26.14052561010196,91.6753205326981,29.137299,Cool roof,401310.0,1.0,2.491839226533104e-06,142866360.0,False
357,+102105+29096,26.13783066442724,91.7229312425793,29.136688,Cool roof,401310.0,1.0,2.491839226533104e-06,143267670.0,False
358,+102061+29083,26.1261525656416,91.68340536991354,29.131073,Cool roof,401310.0,1.0,2.491839226533104e-06,143668980.0,False
359,+102066+29081,26.12435593525577,91.68789694665212,29.127716,Cool roof,401310.0,1.0,2.491839226533104e-06,144070290.0,False
360,+102058+29083,26.126152565780973,91.68071042429818,29.120667,Cool roof,401310.0,1.0,2.491839226533104e-06,144471600.0,False
361,+102089+29122,26.161186861660845,91.70855819796,29.11966,Cool roof,401310.0,1.0,2.491839226533104e-06,144872910.0,False
362,+102077+29080,26.123457619792312,91.69777841460684,29.119232,Cool roof,401310.0,1.0,2.491839226533104e-06,145274220.0,False
363,+102057+29124,26.162983492525893,91.67981210932504,29.11612,Cool roof,401310.0,1.0,2.491839226533104e-06,145675530.0,False
364,+102102+29080,26.12345761998836,91.72023629675846,29.115631,Cool roof,401310.0,1.0,2.491839226533104e-06,146076840.0,False
365,+102062+29128,26.166576753755105,91.68430368559967,29.114777,Cool roof,401310.0,1.0,2.491839226533104e-06,146478150.0,False
366,+102059+29125,26.16388180782189,91.68160873969356,29.112396,Cool roof,401310.0,1.0,2.491839226533104e-06,146879460.0,False
367,+102079+29120,26.15939023100978,91.6995750455441,29.108429,Cool roof,401310.0,1.0,2.491839226533104e-06,147280770.0,False
368,+102075+29119,26.15849191620121,91.69598178396352,29.105804,Cool roof,401310.0,1.0,2.491839226533104e-06,147682080.0,False
369,+102062+29079,26.12255930481352,91.68430368569456,29.10318,Cool roof,401310.0,1.0,2.491839226533104e-06,148083390.0,False
370,+102063+29119,26.158491916006664,91.68520200082268,29.102661,Cool roof,401310.0,1.0,2.491839226533104e-06,148484700.0,False
371,+102059+29127,26.1656784382826,91.68160873989368,29.101837,Cool roof,401310.0,1.0,2.491839226533104e-06,148886010.0,False
372,+102059+29083,26.12615256569331,91.68160873975133,29.096039,Cool roof,401310.0,1.0,2.491839226533104e-06,149287320.0,False
373,+102061+29119,26.158491916033785,91.68340537003428,29.093658,Cool roof,401310.0,1.0,2.491839226533104e-06,149688630.0,False
374,+102069+29118,26.15759360071236,91.6905918924588,29.0914,Cool roof,401310.0,1.0,2.491839226533104e-06,150089940.0,False
375,+102057+29079,26.12255930485072,91.67981210918754,29.09076,Cool roof,401310.0,1.0,2.491839226533104e-06,150491250.0,False
376,+102057+29084,26.12705088118797,91.6798121093434,29.089996,Cool roof,401310.0,1.0,2.491839226533104e-06,150892560.0,False
377,+102067+29125,26.163881807663675,91.68879526167106,29.089203,Cool roof,401310.0,1.0,2.491839226533104e-06,151293870.0,False
378,+102198+29146,26.18274642846945,91.80647456379856,29.08783,Cool roof,401310.0,1.0,2.491839226533104e-06,151695180.0,False
379,+102052+29098,26.13962729508214,91.67532053244382,29.087189,Cool roof,401310.0,1.0,2.491839226533104e-06,152096490.0,False
380,+102074+29125,26.16388180759896,91.69508346902806,29.087128,Cool roof,401310.0,1.0,2.491839226533104e-06,152497800.0,False
381,+102076+29059,26.1045929986798,91.69688009947322,29.084778,Cool roof,401310.0,1.0,2.491839226533104e-06,152899110.0,False
382,+102075+29120,26.159390230869768,91.695981784207,29.084564,Cool roof,401310.0,1.0,2.491839226533104e-06,153300420.0,False
383,+102063+29128,26.166576753793603,91.68520200091508,29.074554,Cool roof,401310.0,1.0,2.491839226533104e-06,153701730.0,False
384,+102062+29085,26.127949196149224,91.68430368566486,29.073212,Cool roof,401310.0,1.0,2.491839226533104e-06,154103040.0,False
385,+102082+29075,26.118966043304336,91.7022699911874,29.072601,Cool roof,401310.0,1.0,2.491839226533104e-06,154504350.0,False
386,+102060+29127,26.16567843820462,91.6825070545812,29.070099,Cool roof,401310.0,1.0,2.491839226533104e-06,154905660.0,False
387,+102071+29126,26.164780122922537,91.69238852272426,29.070007,Cool roof,401310.0,1.0,2.491839226533104e-06,155306970.0,False
388,+102063+29084,26.12705088102925,91.68520200079182,29.068756,Cool roof,401310.0,1.0,2.491839226533104e-06,155708280.0,False
389,+102067+29126,26.16478012295291,91.6887952619733,29.068634,Cool roof,401310.0,1.0,2.491839226533104e-06,156109590.0,False
390,+102087+29071,26.11537278249272,91.70676156733012,29.068054,Cool roof,401310.0,1.0,2.491839226533104e-06,156510900.0,False
391,+102067+29117,26.15669528559705,91.68879526199125,29.066986,Cool roof,401310.0,1.0,2.491839226533104e-06,156912210.0,False
392,+102062+29119,26.15849191587495,91.68430368559618,29.066925,Cool roof,401310.0,1.0,2.491839226533104e-06,157313520.0,False
393,+102086+29121,26.160288547273616,91.70586325260726,29.065521,Cool roof,401310.0,1.0,2.491839226533104e-06,157714830.0,False
394,+102058+29127,26.1656784382882,91.68071042408543,29.064697,Cool roof,401310.0,1.0,2.491839226533104e-06,158116140.0,False
395,+102048+29109,26.149508763294584,91.67172727125867,29.062744,Cool roof,401310.0,1.0,2.491839226533104e-06,158517450.0,False
396,+102072+29126,26.164780122915506,91.69328683841042,29.058075,Cool roof,401310.0,1.0,2.491839226533104e-06,158918760.0,False
397,+102074+29119,26.15849191622679,91.69508346912896,29.056305,Cool roof,401310.0,1.0,2.491839226533104e-06,159320070.0,False
398,+102050+29092,26.134237403174872,91.67352390190396,29.054688,Cool roof,401310.0,1.0,2.491839226533104e-06,159721380.0,False
399,+102061+29129,26.16747506844954,91.68340536999958,29.053009,Cool roof,401310.0,1.0,2.491839226533104e-06,160122690.0,False
400,+102074+29120,26.159390230741995,91.6950834690123,29.052765,Cool roof,401310.0,1.0,2.491839226533104e-06,160524000.0,False
401,+102065+29127,26.165678438368754,91.6869986309184,29.049591,Cool roof,401310.0,1.0,2.491839226533104e-06,160925310.0,False
402,+102080+29114,26.15400033959973,91.70047336068346,29.043121,Cool roof,401310.0,1.0,2.491839226533104e-06,161326620.0,False
403,+102071+29125,26.16388180775073,91.69238852278268,29.04248,Cool roof,401310.0,1.0,2.491839226533104e-06,161727930.0,False
404,+102064+29117,26.15669528550396,91.68610031597952,29.040955,Cool roof,401310.0,1.0,2.491839226533104e-06,162129240.0,False
405,+102063+29117,26.156695285567352,91.68520200096376,29.035248,Cool roof,401310.0,1.0,2.491839226533104e-06,162530550.0,False
406,+102070+29119,26.15849191613725,91.69149020787432,29.030762,Cool roof,401310.0,1.0,2.491839226533104e-06,162931860.0,False
407,+102064+29128,26.166576753760246,91.68610031606178,29.03067,Cool roof,401310.0,1.0,2.491839226533104e-06,163333170.0,False
408,+102053+29118,26.157593600892632,91.6762188481366,29.03012,Cool roof,401310.0,1.0,2.491839226533104e-06,163734480.0,False
409,+102050+29119,26.158491916186826,91.67352390198543,29.029877,Cool roof,401310.0,1.0,2.491839226533104e-06,164135790.0,False
410,+102074+29118,26.157593600925743,91.69508346920992,29.029053,Cool roof,401310.0,1.0,2.491839226533104e-06,164537100.0,False
411,+102067+29127,26.165678438364875,91.68879526223854,29.024567,Cool roof,401310.0,1.0,2.491839226533104e-06,164938410.0,False
412,+102051+29118,26.157593600654018,91.67442221703536,29.020935,Cool roof,401310.0,1.0,2.491839226533104e-06,165339720.0,False
413,+102064+29129,26.16747506847373,91.68610031606968,29.02008,Cool roof,401310.0,1.0,2.491839226533104e-06,165741030.0,False
414,+102058+29119,26.15849191606687,91.68071042411644,29.019623,Cool roof,401310.0,1.0,2.491839226533104e-06,166142340.0,False
415,+102049+29120,26.159390230925787,91.6726255872157,29.018402,Cool roof,401310.0,1.0,2.491839226533104e-06,166543650.0,False
416,+102072+29058,26.103694684177853,91.69328683841842,29.013275,Cool roof,401310.0,1.0,2.491839226533104e-06,166944960.0,False
417,+102049+29090,26.13244077262024,91.67262558704196,28.995392,Cool roof,401310.0,1.0,2.491839226533104e-06,167346270.0,False
418,+102069+29076,26.11986435936757,91.6905918927339,28.991241,Cool roof,401310.0,1.0,2.491839226533104e-06,167747580.0,False
419,+102180+29146,26.182746428367828,91.79030488925416,28.990631,Cool roof,401310.0,1.0,2.491839226533104e-06,168148890.0,False
420,+102078+29118,26.157593600857265,91.69867673008666,28.977203,Cool roof,401310.0,1.0,2.491839226533104e-06,168550200.0,False
421,+102065+29117,26.15669528554841,91.6869986313384,28.973297,Cool roof,401310.0,1.0,2.491839226533104e-06,168951510.0,False
422,+102099+29079,26.122559304765584,91.71754135086287,28.970978,Cool roof,401310.0,1.0,2.491839226533104e-06,169352820.0,False
423,+102080+29072,26.116271097584377,91.70047336049818,28.969147,Cool roof,401310.0,1.0,2.491839226533104e-06,169754130.0,False
424,+102064+29119,26.15849191624677,91.68610031610704,28.967712,Cool roof,401310.0,1.0,2.491839226533104e-06,170155440.0,False
425,+102051+29099,26.140525610147467,91.67442221692612,28.960724,Cool roof,401310.0,1.0,2.491839226533104e-06,170556750.0,False
426,+102065+29082,26.12525425099265,91.68699863108267,28.95816,Cool roof,401310.0,1.0,2.491839226533104e-06,170958060.0,False
427,+102088+29071,26.115372782393514,91.7076598830128,28.956696,Cool roof,401310.0,1.0,2.491839226533104e-06,171359370.0,False
428,+102050+29120,26.15939023089119,91.67352390202991,28.955658,Cool roof,401310.0,1.0,2.491839226533104e-06,171760680.0,False
429,+102068+29119,26.158491916104914,91.68969357713138,28.953613,Cool roof,401310.0,1.0,2.491839226533104e-06,172161990.0,False
430,+102065+29086,26.12884751193349,91.68699863130018,28.944305,Cool roof,401310.0,1.0,2.491839226533104e-06,172563300.0,False
431,+102073+29119,26.15849191617859,91.69418515357994,28.934906,Cool roof,401310.0,1.0,2.491839226533104e-06,172964610.0,False
432,+102071+29127,26.16567843839874,91.69238852285568,28.933563,Cool roof,401310.0,1.0,2.491839226533104e-06,173365920.0,False
433,+102104+29082,26.12525425102301,91.72203292744014,28.931793,Cool roof,401310.0,1.0,2.491839226533104e-06,173767230.0,False
434,+102065+29128,26.166576753836527,91.68699863109995,28.931122,Cool roof,401310.0,1.0,2.491839226533104e-06,174168540.0,False
435,+102066+29083,26.12615256556553,91.687896946372,28.93045,Cool roof,401310.0,1.0,2.491839226533104e-06,174569850.0,False
436,+102051+29090,26.13244077262143,91.67442221706284,28.930267,Cool roof,401310.0,1.0,2.491839226533104e-06,174971160.0,False
437,+102067+29120,26.159390231060737,91.68879526209184,28.926239,Cool roof,401310.0,1.0,2.491839226533104e-06,175372470.0,False
438,+102055+29120,26.159390230889,91.67801547851764,28.919342,Cool roof,401310.0,1.0,2.491839226533104e-06,175773780.0,False
439,+102098+29078,26.121660989374227,91.71664303588123,28.916656,Cool roof,401310.0,1.0,2.491839226533104e-06,176175090.0,False
440,+102058+29128,26.16657675378891,91.68071042399114,28.915863,Cool roof,401310.0,1.0,2.491839226533104e-06,176576400.0,False
441,+102167+29141,26.17825485183433,91.77862679047782,28.91455,Cool roof,401310.0,1.0,2.491839226533104e-06,176977710.0,False
442,+102052+29088,26.130644141867663,91.67532053288711,28.91452,Cool roof,401310.0,1.0,2.491839226533104e-06,177379020.0,False
443,+102066+29127,26.16567843840308,91.68789694650752,28.913086,Cool roof,401310.0,1.0,2.491839226533104e-06,177780330.0,False
444,+102055+29121,26.16028854746088,91.67801547851774,28.911316,Cool roof,401310.0,1.0,2.491839226533104e-06,178181640.0,False
445,+102061+29076,26.119864359280687,91.6834053702395,28.908722,Cool roof,401310.0,1.0,2.491839226533104e-06,178582950.0,False
446,+102054+29116,26.15579697019709,91.67711716318928,28.906036,Cool roof,401310.0,1.0,2.491839226533104e-06,178984260.0,False
447,+102067+29118,26.1575936006552,91.68879526213692,28.905731,Cool roof,401310.0,1.0,2.491839226533104e-06,179385570.0,False
448,+102176+29148,26.184543059392205,91.78671162749664,28.905273,Cool roof,401310.0,1.0,2.491839226533104e-06,179786880.0,False
449,+102064+29082,26.12525425098521,91.68610031620877,28.899323,Cool roof,401310.0,1.0,2.491839226533104e-06,180188190.0,False
450,+102059+29126,26.1647801229907,91.6816087398132,28.89618,Cool roof,401310.0,1.0,2.491839226533104e-06,180589500.0,False
451,+102065+29131,26.16927169953624,91.68699863096886,28.895294,Cool roof,401310.0,1.0,2.491839226533104e-06,180990810.0,False
452,+102072+29085,26.127949196056186,91.69328683841734,28.892822,Cool roof,401310.0,1.0,2.491839226533104e-06,181392120.0,False
453,+102052+29118,26.157593600719306,91.67532053260572,28.892426,Cool roof,401310.0,1.0,2.491839226533104e-06,181793430.0,False
454,+102199+29145,26.181848113502163,91.80737287943398,28.892242,Cool roof,401310.0,1.0,2.491839226533104e-06,182194740.0,False
455,+102087+29072,26.116271097554304,91.7067615673548,28.884003,Cool roof,401310.0,1.0,2.491839226533104e-06,182596050.0,False
456,+102060+29129,26.16747506847961,91.68250705467318,28.882416,Cool roof,401310.0,1.0,2.491839226533104e-06,182997360.0,False
457,+102061+29120,26.1593902309342,91.68340536997692,28.8797,Cool roof,401310.0,1.0,2.491839226533104e-06,183398670.0,False
458,+102179+29147,26.183644744131428,91.78940657373036,28.87796,Cool roof,401310.0,1.0,2.491839226533104e-06,183799980.0,False
459,+102168+29141,26.17825485195328,91.7795251053364,28.877533,Cool roof,401310.0,1.0,2.491839226533104e-06,184201290.0,False
460,+102064+29084,26.12705088105672,91.68610031625232,28.876434,Cool roof,401310.0,1.0,2.491839226533104e-06,184602600.0,False
461,+102049+29089,26.13154245771233,91.67262558726156,28.87619,Cool roof,401310.0,1.0,2.491839226533104e-06,185003910.0,False
462,+102056+29127,26.16567843808216,91.67891379343357,28.873047,Cool roof,401310.0,1.0,2.491839226533104e-06,185405220.0,False
463,+102055+29119,26.158491916164355,91.67801547847812,28.87143,Cool roof,401310.0,1.0,2.491839226533104e-06,185806530.0,False
464,+102063+29123,26.16208517729337,91.68520200076522,28.868256,Cool roof,401310.0,1.0,2.491839226533104e-06,186207840.0,False
465,+102069+29125,26.16388180767065,91.69059189252587,28.867706,Cool roof,401310.0,1.0,2.491839226533104e-06,186609150.0,False
466,+102056+29085,26.12794919619646,91.678913793428,28.866241,Cool roof,401310.0,1.0,2.491839226533104e-06,187010460.0,False
467,+102075+29110,26.15040707809633,91.6959817842542,28.863983,Cool roof,401310.0,1.0,2.491839226533104e-06,187411770.0,False
468,+102063+29120,26.159390231028382,91.6852020008087,28.860199,Cool roof,401310.0,1.0,2.491839226533104e-06,187813080.0,False
469,+102057+29128,26.16657675393563,91.6798121093152,28.85794,Cool roof,401310.0,1.0,2.491839226533104e-06,188214390.0,False
470,+102050+29110,26.150407078127493,91.67352390201192,28.85553,Cool roof,401310.0,1.0,2.491839226533104e-06,188615700.0,False
471,+102051+29096,26.13783066458077,91.67442221710928,28.84909,Cool roof,401310.0,1.0,2.491839226533104e-06,189017010.0,False
472,+102053+29113,26.15310202448789,91.67621884825788,28.848572,Cool roof,401310.0,1.0,2.491839226533104e-06,189418320.0,False
473,+102053+29112,26.152203708707468,91.6762188482073,28.84732,Cool roof,401310.0,1.0,2.491839226533104e-06,189819630.0,False
474,+102065+29085,26.1279491961402,91.68699863090632,28.842377,Cool roof,401310.0,1.0,2.491839226533104e-06,190220940.0,False
475,+102075+29117,26.15669528555682,91.69598178427412,28.837555,Cool roof,401310.0,1.0,2.491839226533104e-06,190622250.0,False
476,+102068+29085,26.12794919614113,91.68969357698914,28.837128,Cool roof,401310.0,1.0,2.491839226533104e-06,191023560.0,False
477,+102059+29129,26.167475068619687,91.6816087397128,28.83554,Cool roof,401310.0,1.0,2.491839226533104e-06,191424870.0,False
478,+102179+29146,26.18274642841176,91.789406573861,28.834106,Cool roof,401310.0,1.0,2.491839226533104e-06,191826180.0,False
479,+102055+29116,26.155796970104674,91.6780154785742,28.83075,Cool roof,401310.0,1.0,2.491839226533104e-06,192227490.0,False
480,+102077+29059,26.10459299872957,91.69777841468564,28.830566,Cool roof,401310.0,1.0,2.491839226533104e-06,192628800.0,False
481,+102048+29089,26.13154245774241,91.67172727132488,28.82898,Cool roof,401310.0,1.0,2.491839226533104e-06,193030110.0,False
482,+102076+29117,26.15669528551401,91.69688009905629,28.828278,Cool roof,401310.0,1.0,2.491839226533104e-06,193431420.0,False
483,+102068+29124,26.162983492475853,91.68969357734422,28.82666,Cool roof,401310.0,1.0,2.491839226533104e-06,193832730.0,False
484,+102055+29127,26.165678438234657,91.67801547858971,28.82547,Cool roof,401310.0,1.0,2.491839226533104e-06,194234040.0,False
485,+102079+29079,26.12255930496041,91.69957504529668,28.824188,Cool roof,401310.0,1.0,2.491839226533104e-06,194635350.0,False
486,+102059+29073,26.11716941297088,91.68160873963444,28.823517,Cool roof,401310.0,1.0,2.491839226533104e-06,195036660.0,False
487,+102103+29084,26.12705088122749,91.72113461200787,28.822723,Cool roof,401310.0,1.0,2.491839226533104e-06,195437970.0,False
488,+102057+29127,26.16567843822128,91.67981210931998,28.820892,Cool roof,401310.0,1.0,2.491839226533104e-06,195839280.0,False
489,+102053+29116,26.155796970215167,91.67621884794367,28.820679,Cool roof,401310.0,1.0,2.491839226533104e-06,196240590.0,False
490,+102073+29058,26.10369468404805,91.69418515342396,28.819122,Cool roof,401310.0,1.0,2.491839226533104e-06,196641900.0,False
491,+102072+29117,26.1566952856047,91.69328683845816,28.818634,Cool roof,401310.0,1.0,2.491839226533104e-06,197043210.0,False
492,+102080+29115,26.15489865486935,91.70047336064012,28.81717,Cool roof,401310.0,1.0,2.491839226533104e-06,197444520.0,False
493,+102051+29097,26.138728979888164,91.6744222173146,28.817047,Cool roof,401310.0,1.0,2.491839226533104e-06,197845830.0,False
494,+102067+29119,26.15849191615997,91.68879526201992,28.813568,Cool roof,401310.0,1.0,2.491839226533104e-06,198247140.0,False
495,+102060+29124,26.162983492427028,91.68250705471957,28.812042,Cool roof,401310.0,1.0,2.491839226533104e-06,198648450.0,False
496,+102061+29121,26.16028854713586,91.68340537010738,28.811523,Cool roof,401310.0,1.0,2.491839226533104e-06,199049760.0,False
497,+102073+29089,26.131542457475227,91.6941851533808,28.810822,Cool roof,401310.0,1.0,2.491839226533104e-06,199451070.0,False
498,+102056+29119,26.158491916266268,91.67891379359584,28.81073,Cool roof,401310.0,1.0,2.491839226533104e-06,199852380.0,False
499,+102067+29128,26.166576753772706,91.68879526224067,28.80658,Cool roof,401310.0,1.0,2.491839226533104e-06,200253690.0,False
500,+102034+29102,26.143220556088377,91.6591508571628,28.806122,Cool roof,401310.0,1.0,2.491839226533104e-06,200655000.0,False
501,+102052+29100,26.1414239260567,91.6753205329121,28.805206,Cool roof,401310.0,1.0,2.491839226533104e-06,201056310.0,False
502,+102066+29117,26.156695285518715,91.68789694648136,28.804596,Cool roof,401310.0,1.0,2.491839226533104e-06,201457620.0,False
503,+102054+29105,26.14591550181679,91.67711716323294,28.799347,Cool roof,401310.0,1.0,2.491839226533104e-06,201858930.0,False
504,+102181+29146,26.18274642861849,91.79120320390672,28.797607,Cool roof,401310.0,1.0,2.491839226533104e-06,202260240.0,False
505,+102088+29072,26.11627109761135,91.70765988293584,28.796661,Cool roof,401310.0,1.0,2.491839226533104e-06,202661550.0,False
506,+102066+29124,26.16298349262801,91.68789694668648,28.794617,Cool roof,401310.0,1.0,2.491839226533104e-06,203062860.0,False
507,+102050+29118,26.15759360069677,91.67352390190024,28.793549,Cool roof,401310.0,1.0,2.491839226533104e-06,203464170.0,False
508,+102071+29124,26.162983492520294,91.69238852303113,28.78775,Cool roof,401310.0,1.0,2.491839226533104e-06,203865480.0,False
509,+102199+29147,26.18364474412208,91.80737287958502,28.78183,Cool roof,401310.0,1.0,2.491839226533104e-06,204266790.0,False
510,+102048+29110,26.15040707819226,91.6717272712192,28.780823,Cool roof,401310.0,1.0,2.491839226533104e-06,204668100.0,False
511,+102069+29128,26.16657675378396,91.69059189232992,28.77298,Cool roof,401310.0,1.0,2.491839226533104e-06,205069410.0,False
512,+102062+29074,26.11806772847235,91.68430368550484,28.770355,Cool roof,401310.0,1.0,2.491839226533104e-06,205470720.0,False
513,+102081+29120,26.159390231001947,91.70137167555367,28.768433,Cool roof,401310.0,1.0,2.491839226533104e-06,205872030.0,False
514,+102054+29112,26.152203708635845,91.67711716314597,28.765411,Cool roof,401310.0,1.0,2.491839226533104e-06,206273340.0,False
515,+102062+29083,26.12615256549533,91.68430368575132,28.762146,Cool roof,401310.0,1.0,2.491839226533104e-06,206674650.0,False
516,+102066+29128,26.16657675384063,91.68789694637366,28.756012,Cool roof,401310.0,1.0,2.491839226533104e-06,207075960.0,False
517,+102079+29114,26.15400033949272,91.6995750450851,28.751465,Cool roof,401310.0,1.0,2.491839226533104e-06,207477270.0,False
518,+102056+29128,26.16657675401,91.6789137935187,28.749878,Cool roof,401310.0,1.0,2.491839226533104e-06,207878580.0,False
519,+102104+29083,26.126152565391177,91.72203292744707,28.747833,Cool roof,401310.0,1.0,2.491839226533104e-06,208279890.0,False
520,+102046+29102,26.143220556225888,91.66993064107795,28.746246,Cool roof,401310.0,1.0,2.491839226533104e-06,208681200.0,False
521,+102083+29119,26.15849191607008,91.7031683061424,28.74533,Cool roof,401310.0,1.0,2.491839226533104e-06,209082510.0,False
522,+102055+29128,26.1665767538302,91.67801547853846,28.744202,Cool roof,401310.0,1.0,2.491839226533104e-06,209483820.0,False
523,+102066+29120,26.159390230890068,91.68789694640478,28.739166,Cool roof,401310.0,1.0,2.491839226533104e-06,209885130.0,False
524,+102055+29086,26.128847512027264,91.67801547848757,28.733765,Cool roof,401310.0,1.0,2.491839226533104e-06,210286440.0,False
525,+102055+29129,26.16747506864204,91.67801547844756,28.732391,Cool roof,401310.0,1.0,2.491839226533104e-06,210687750.0,False
526,+102180+29147,26.183644744077707,91.79030488926352,28.73233,Cool roof,401310.0,1.0,2.491839226533104e-06,211089060.0,False
527,+102058+29084,26.127050881149017,91.68071042433284,28.731049,Cool roof,401310.0,1.0,2.491839226533104e-06,211490370.0,False
528,+102062+29124,26.162983492603505,91.68430368560212,28.7305,Cool roof,401310.0,1.0,2.491839226533104e-06,211891680.0,False
529,+102071+29123,26.162085177104984,91.69238852301751,28.730194,Cool roof,401310.0,1.0,2.491839226533104e-06,212292990.0,False
530,+102066+29121,26.16028854712145,91.68789694653096,28.72995,Cool roof,401310.0,1.0,2.491839226533104e-06,212694300.0,False
531,+102070+29123,26.16208517713396,91.69149020775026,28.72992,Cool roof,401310.0,1.0,2.491839226533104e-06,213095610.0,False
532,+102054+29106,26.146813817391926,91.67711716324295,28.725037,Cool roof,401310.0,1.0,2.491839226533104e-06,213496920.0,False
533,+102063+29124,26.16298349258239,91.68520200059956,28.724457,Cool roof,401310.0,1.0,2.491839226533104e-06,213898230.0,False
534,+102092+29075,26.118966043321368,91.71125314433034,28.718231,Cool roof,401310.0,1.0,2.491839226533104e-06,214299540.0,False
535,+102066+29123,26.162085177247366,91.6878969466717,28.717804,Cool roof,401310.0,1.0,2.491839226533104e-06,214700850.0,False
536,+102075+29109,26.14950876348181,91.69598178411096,28.71582,Cool roof,401310.0,1.0,2.491839226533104e-06,215102160.0,False
537,+102077+29119,26.158491916110822,91.69777841443276,28.709747,Cool roof,401310.0,1.0,2.491839226533104e-06,215503470.0,False
538,+102055+29125,26.163881807885502,91.67801547857351,28.708282,Cool roof,401310.0,1.0,2.491839226533104e-06,215904780.0,False
539,+102068+29128,26.166576753814432,91.68969357721426,28.70456,Cool roof,401310.0,1.0,2.491839226533104e-06,216306090.0,False
540,+102049+29119,26.158491916006675,91.67262558707954,28.703522,Cool roof,401310.0,1.0,2.491839226533104e-06,216707400.0,False
541,+102197+29145,26.181848113592466,91.80557624867684,28.702942,Cool roof,401310.0,1.0,2.491839226533104e-06,217108710.0,False
542,+102062+29120,26.1593902311091,91.68430368567348,28.700348,Cool roof,401310.0,1.0,2.491839226533104e-06,217510020.0,False
543,+102037+29096,26.13783066460506,91.66184580330408,28.699127,Cool roof,401310.0,1.0,2.491839226533104e-06,217911330.0,False
544,+102067+29111,26.151305394112285,91.68879526192327,28.695831,Cool roof,401310.0,1.0,2.491839226533104e-06,218312640.0,False
545,+102071+29087,26.12974582682727,91.69238852271128,28.694916,Cool roof,401310.0,1.0,2.491839226533104e-06,218713950.0,False
546,+102095+29071,26.115372782306768,91.71394808993207,28.69394,Cool roof,401310.0,1.0,2.491839226533104e-06,219115260.0,False
547,+102112+29112,26.15220370878743,91.729219449555,28.693512,Cool roof,401310.0,1.0,2.491839226533104e-06,219516570.0,False
548,+102086+29072,26.116271097597146,91.70586325269323,28.690826,Cool roof,401310.0,1.0,2.491839226533104e-06,219917880.0,False
549,+102048+29130,26.168373383805125,91.671727271517,28.689484,Cool roof,401310.0,1.0,2.491839226533104e-06,220319190.0,False
550,+102103+29096,26.13783066449349,91.72113461204496,28.687378,Cool roof,401310.0,1.0,2.491839226533104e-06,220720500.0,False
551,+102053+29115,26.15489865496834,91.67621884801292,28.687286,Cool roof,401310.0,1.0,2.491839226533104e-06,221121810.0,False
552,+102075+29121,26.160288547203244,91.69598178418958,28.687103,Cool roof,401310.0,1.0,2.491839226533104e-06,221523120.0,False
553,+102110+29109,26.149508763669377,91.72742281907028,28.68692,Cool roof,401310.0,1.0,2.491839226533104e-06,221924430.0,False
554,+102105+29094,26.13603403424028,91.72293124234632,28.686737,Cool roof,401310.0,1.0,2.491839226533104e-06,222325740.0,False
555,+102069+29119,26.158491916157896,91.6905918926102,28.685455,Cool roof,401310.0,1.0,2.491839226533104e-06,222727050.0,False
556,+102054+29113,26.15310202456608,91.67711716310352,28.683502,Cool roof,401310.0,1.0,2.491839226533104e-06,223128360.0,False
557,+102103+29090,26.132440772504097,91.72113461209442,28.682098,Cool roof,401310.0,1.0,2.491839226533104e-06,223529670.0,False
558,+102049+29109,26.149508763332744,91.67262558708384,28.681793,Cool roof,401310.0,1.0,2.491839226533104e-06,223930980.0,False
559,+102048+29092,26.13423740314729,91.6717272712887,28.679169,Cool roof,401310.0,1.0,2.491839226533104e-06,224332290.0,False
560,+102064+29123,26.16208517704761,91.6861003161366,28.677338,Cool roof,401310.0,1.0,2.491839226533104e-06,224733600.0,False
561,+102074+29110,26.15040707823043,91.69508346881229,28.674316,Cool roof,401310.0,1.0,2.491839226533104e-06,225134910.0,False
562,+102200+29147,26.183644744142093,91.80827119446752,28.672516,Cool roof,401310.0,1.0,2.491839226533104e-06,225536220.0,False
563,+102065+29119,26.158491916230908,91.68699863128248,28.66922,Cool roof,401310.0,1.0,2.491839226533104e-06,225937530.0,False
564,+102056+29120,26.159390230777223,91.67891379354408,28.669067,Cool roof,401310.0,1.0,2.491839226533104e-06,226338840.0,False
565,+102061+29127,26.165678438236604,91.6834053700866,28.663666,Cool roof,401310.0,1.0,2.491839226533104e-06,226740150.0,False
566,+102050+29130,26.16837338406034,91.67352390204684,28.66269,Cool roof,401310.0,1.0,2.491839226533104e-06,227141460.0,False
567,+102063+29133,26.171068329600068,91.68520200102265,28.66269,Cool roof,401310.0,1.0,2.491839226533104e-06,227542770.0,False
568,+102051+29095,26.13693234883988,91.67442221686365,28.660797,Cool roof,401310.0,1.0,2.491839226533104e-06,227944080.0,False
569,+102074+29117,26.156695285525817,91.69508346925588,28.660065,Cool roof,401310.0,1.0,2.491839226533104e-06,228345390.0,False
570,+102049+29094,26.13603403420728,91.6726255871104,28.65915,Cool roof,401310.0,1.0,2.491839226533104e-06,228746700.0,False
571,+102063+29083,26.126152565633127,91.68520200080228,28.658173,Cool roof,401310.0,1.0,2.491839226533104e-06,229148010.0,False
572,+102053+29087,26.12974582691833,91.67621884796058,28.657867,Cool roof,401310.0,1.0,2.491839226533104e-06,229549320.0,False
573,+102069+29075,26.118966043036583,91.69059189259828,28.657837,Cool roof,401310.0,1.0,2.491839226533104e-06,229950630.0,False
574,+102047+29093,26.135135718846964,91.67082895586135,28.65686,Cool roof,401310.0,1.0,2.491839226533104e-06,230351940.0,False
575,+102200+29148,26.18454305945606,91.8082711945584,28.655914,Cool roof,401310.0,1.0,2.491839226533104e-06,230753250.0,False
576,+102064+29083,26.126152565690862,91.68610031613612,28.652039,Cool roof,401310.0,1.0,2.491839226533104e-06,231154560.0,False
577,+102199+29148,26.184543059442447,91.80737287953592,28.650848,Cool roof,401310.0,1.0,2.491839226533104e-06,231555870.0,False
578,+102070+29074,26.11806772838509,91.6914902075165,28.648956,Cool roof,401310.0,1.0,2.491839226533104e-06,231957180.0,False
579,+102105+29092,26.13423740308263,91.7229312426772,28.648102,Cool roof,401310.0,1.0,2.491839226533104e-06,232358490.0,False
580,+102053+29119,26.15849191628552,91.67621884817284,28.646362,Cool roof,401310.0,1.0,2.491839226533104e-06,232759800.0,False
581,+102054+29119,26.158491916170824,91.67711716291755,28.644379,Cool roof,401310.0,1.0,2.491839226533104e-06,233161110.0,False
582,+102060+29123,26.16208517722784,91.6825070546132,28.642883,Cool roof,401310.0,1.0,2.491839226533104e-06,233562420.0,False
583,+102052+29117,26.156695285559177,91.6753205326634,28.642792,Cool roof,401310.0,1.0,2.491839226533104e-06,233963730.0,False
584,+102079+29117,26.15669528530471,91.69957504535572,28.640533,Cool roof,401310.0,1.0,2.491839226533104e-06,234365040.0,False
585,+102061+29124,26.16298349255171,91.6834053702693,28.639954,Cool roof,401310.0,1.0,2.491839226533104e-06,234766350.0,False
586,+102083+29076,26.11986435908389,91.7031683064286,28.638214,Cool roof,401310.0,1.0,2.491839226533104e-06,235167660.0,False
587,+102051+29091,26.133339088218605,91.67442221705868,28.636261,Cool roof,401310.0,1.0,2.491839226533104e-06,235568970.0,False
588,+102168+29142,26.17915316777684,91.77952510531996,28.633423,Cool roof,401310.0,1.0,2.491839226533104e-06,235970280.0,False
589,+102073+29082,26.125254251072604,91.69418515345464,28.6279,Cool roof,401310.0,1.0,2.491839226533104e-06,236371590.0,False
590,+102083+29077,26.120762673831138,91.70316830624384,28.627228,Cool roof,401310.0,1.0,2.491839226533104e-06,236772900.0,False
591,+102102+29085,26.12794919610296,91.72023629666104,28.627228,Cool roof,401310.0,1.0,2.491839226533104e-06,237174210.0,False
592,+102035+29102,26.14322055615772,91.66004917293608,28.625824,Cool roof,401310.0,1.0,2.491839226533104e-06,237575520.0,False
593,+102062+29066,26.11088120628137,91.68430368544624,28.623749,Cool roof,401310.0,1.0,2.491839226533104e-06,237976830.0,False
594,+102064+29120,26.15939023087372,91.68610031622708,28.623596,Cool roof,401310.0,1.0,2.491839226533104e-06,238378140.0,False
595,+102080+29120,26.15939023095168,91.70047336058984,28.623505,Cool roof,401310.0,1.0,2.491839226533104e-06,238779450.0,False
596,+102051+29122,26.16118686154273,91.67442221721936,28.62027,Cool roof,401310.0,1.0,2.491839226533104e-06,239180760.0,False
597,+102090+29074,26.11806772856332,91.70945651352233,28.619324,Cool roof,401310.0,1.0,2.491839226533104e-06,239582070.0,False
598,+102050+29098,26.13962729503116,91.67352390182086,28.61911,Cool roof,401310.0,1.0,2.491839226533104e-06,239983380.0,False
599,+102104+29084,26.1270508811476,91.72203292719938,28.616852,Cool roof,401310.0,1.0,2.491839226533104e-06,240384690.0,False
600,+102057+29119,26.15849191629455,91.67981210930324,28.615448,Cool roof,401310.0,1.0,2.491839226533104e-06,240786000.0,False
601,+102090+29122,26.161186861542863,91.7094565133966,28.612396,Cool roof,401310.0,1.0,2.491839226533104e-06,241187310.0,False
602,+102068+29123,26.162085177336813,91.68969357728474,28.607513,Cool roof,401310.0,1.0,2.491839226533104e-06,241588620.0,False
603,+102052+29089,26.131542457693712,91.67532053286529,28.603363,Cool roof,401310.0,1.0,2.491839226533104e-06,241989930.0,False
604,+102052+29112,26.15220370870422,91.67532053257425,28.599945,Cool roof,401310.0,1.0,2.491839226533104e-06,242391240.0,False
605,+102066+29119,26.15849191614125,91.6878969462416,28.598297,Cool roof,401310.0,1.0,2.491839226533104e-06,242792550.0,False
606,+102056+29121,26.16028854731709,91.67891379322676,28.597778,Cool roof,401310.0,1.0,2.491839226533104e-06,243193860.0,False
607,+102087+29073,26.11716941290543,91.70676156734751,28.596466,Cool roof,401310.0,1.0,2.491839226533104e-06,243595170.0,False
608,+102051+29110,26.150407078345964,91.67442221698458,28.594757,Cool roof,401310.0,1.0,2.491839226533104e-06,243996480.0,False
609,+102102+29088,26.13064414206729,91.72023629670552,28.592194,Cool roof,401310.0,1.0,2.491839226533104e-06,244397790.0,False
610,+102105+29097,26.1387289800568,91.72293124254018,28.582397,Cool roof,401310.0,1.0,2.491839226533104e-06,244799100.0,False
611,+102085+29072,26.1162710975578,91.7049649367971,28.57785,Cool roof,401310.0,1.0,2.491839226533104e-06,245200410.0,False
612,+102060+29076,26.11986435913081,91.68250705461232,28.572021,Cool roof,401310.0,1.0,2.491839226533104e-06,245601720.0,False
613,+102055+29105,26.14591550189379,91.67801547828996,28.570892,Cool roof,401310.0,1.0,2.491839226533104e-06,246003030.0,False
614,+102082+29119,26.158491915958137,91.70226999160626,28.566864,Cool roof,401310.0,1.0,2.491839226533104e-06,246404340.0,False
615,+102073+29088,26.13064414192499,91.69418515343332,28.564606,Cool roof,401310.0,1.0,2.491839226533104e-06,246805650.0,False
616,+102071+29083,26.126152565487423,91.69238852276088,28.562378,Cool roof,401310.0,1.0,2.491839226533104e-06,247206960.0,False
617,+102065+29130,26.168373384010923,91.68699863112528,28.562164,Cool roof,401310.0,1.0,2.491839226533104e-06,247608270.0,False
618,+102178+29148,26.18454305942752,91.7885082584036,28.561249,Cool roof,401310.0,1.0,2.491839226533104e-06,248009580.0,False
619,+102106+29093,26.135135718659747,91.72382955790437,28.560883,Cool roof,401310.0,1.0,2.491839226533104e-06,248410890.0,False
620,+102051+29121,26.160288547301835,91.67442221712128,28.559906,Cool roof,401310.0,1.0,2.491839226533104e-06,248812200.0,False
621,+102056+29124,26.16298349265594,91.67891379339426,28.557648,Cool roof,401310.0,1.0,2.491839226533104e-06,249213510.0,False
622,+102063+29118,26.15759360092745,91.685202000799,28.555206,Cool roof,401310.0,1.0,2.491839226533104e-06,249614820.0,False
623,+102083+29074,26.11806772831873,91.70316830647197,28.554504,Cool roof,401310.0,1.0,2.491839226533104e-06,250016130.0,False
624,+102062+29133,26.17106832971422,91.68430368547476,28.550385,Cool roof,401310.0,1.0,2.491839226533104e-06,250417440.0,False
625,+102074+29126,26.164780123048125,91.69508346892488,28.550018,Cool roof,401310.0,1.0,2.491839226533104e-06,250818750.0,False
626,+102086+29071,26.11537278232732,91.7058632525659,28.54953,Cool roof,401310.0,1.0,2.491839226533104e-06,251220060.0,False
627,+102089+29074,26.118067728539675,91.70855819798224,28.548859,Cool roof,401310.0,1.0,2.491839226533104e-06,251621370.0,False
628,+102082+29074,26.118067728268667,91.70226999120432,28.548798,Cool roof,401310.0,1.0,2.491839226533104e-06,252022680.0,False
629,+102088+29073,26.117169412936647,91.7076598830526,28.548279,Cool roof,401310.0,1.0,2.491839226533104e-06,252423990.0,False
630,+102089+29073,26.117169413067764,91.7085581977734,28.543121,Cool roof,401310.0,1.0,2.491839226533104e-06,252825300.0,False
631,+102054+29111,26.15130539418641,91.67711716314832,28.542877,Cool roof,401310.0,1.0,2.491839226533104e-06,253226610.0,False
632,+102078+29116,26.15579697004254,91.69867673020129,28.539185,Cool roof,401310.0,1.0,2.491839226533104e-06,253627920.0,False
633,+102065+29129,26.167475068519945,91.68699863124412,28.538055,Cool roof,401310.0,1.0,2.491839226533104e-06,254029230.0,False
634,+102067+29084,26.12705088120491,91.68879526201866,28.538055,Cool roof,401310.0,1.0,2.491839226533104e-06,254430540.0,False
635,+102052+29120,26.159390230783305,91.6753205328219,28.53592,Cool roof,401310.0,1.0,2.491839226533104e-06,254831850.0,False
636,+102054+29127,26.165678438314803,91.67711716307603,28.535492,Cool roof,401310.0,1.0,2.491839226533104e-06,255233160.0,False
637,+102063+29122,26.161186861576805,91.68520200089282,28.5354,Cool roof,401310.0,1.0,2.491839226533104e-06,255634470.0,False
638,+102094+29073,26.11716941322104,91.71304977443806,28.534668,Cool roof,401310.0,1.0,2.491839226533104e-06,256035780.0,False
639,+102065+29120,26.15939023082761,91.68699863108554,28.529083,Cool roof,401310.0,1.0,2.491839226533104e-06,256437090.0,False
640,+102104+29094,26.136034034266263,91.72203292744028,28.528107,Cool roof,401310.0,1.0,2.491839226533104e-06,256838400.0,False
641,+102088+29121,26.16028854709257,91.70765988309772,28.523895,Cool roof,401310.0,1.0,2.491839226533104e-06,257239710.0,False
642,+102070+29128,26.16657675386364,91.69149020790842,28.517426,Cool roof,401310.0,1.0,2.491839226533104e-06,257641020.0,False
643,+102064+29127,26.165678438262223,91.6861003160164,28.514435,Cool roof,401310.0,1.0,2.491839226533104e-06,258042330.0,False
644,+102054+29128,26.16657675376053,91.6771171631143,28.512207,Cool roof,401310.0,1.0,2.491839226533104e-06,258443640.0,False
645,+102104+29090,26.13244077246706,91.72203292737169,28.508514,Cool roof,401310.0,1.0,2.491839226533104e-06,258844950.0,False
646,+102062+29127,26.16567843837824,91.68430368560102,28.503601,Cool roof,401310.0,1.0,2.491839226533104e-06,259246260.0,False
647,+102167+29142,26.179153167851965,91.77862679054866,28.502625,Cool roof,401310.0,1.0,2.491839226533104e-06,259647570.0,False
648,+102087+29121,26.160288547219725,91.70676156750623,28.498932,Cool roof,401310.0,1.0,2.491839226533104e-06,260048880.0,False
649,+102060+29126,26.16478012294403,91.6825070548164,28.493683,Cool roof,401310.0,1.0,2.491839226533104e-06,260450190.0,False
650,+102135+29145,26.181848113498614,91.74988070130551,28.49173,Cool roof,401310.0,1.0,2.491839226533104e-06,260851500.0,False
651,+102064+29124,26.16298349267037,91.68610031610643,28.491302,Cool roof,401310.0,1.0,2.491839226533104e-06,261252810.0,False
652,+102103+29085,26.127949196079783,91.72113461228264,28.489197,Cool roof,401310.0,1.0,2.491839226533104e-06,261654120.0,False
653,+102051+29112,26.15220370862593,91.67442221712676,28.485931,Cool roof,401310.0,1.0,2.491839226533104e-06,262055430.0,False
654,+102089+29071,26.11537278221212,91.7085581979379,28.484772,Cool roof,401310.0,1.0,2.491839226533104e-06,262456740.0,False
655,+102084+29121,26.16028854716092,91.7040666219852,28.480255,Cool roof,401310.0,1.0,2.491839226533104e-06,262858050.0,False
656,+102061+29075,26.118966043255742,91.68340536997228,28.478851,Cool roof,401310.0,1.0,2.491839226533104e-06,263259360.0,False
657,+102073+29085,26.127949196245066,91.6941851536038,28.47818,Cool roof,401310.0,1.0,2.491839226533104e-06,263660670.0,False
658,+102055+29108,26.14861044784332,91.67801547836945,28.476776,Cool roof,401310.0,1.0,2.491839226533104e-06,264061980.0,False
659,+102052+29113,26.15310202451685,91.67532053249172,28.474945,Cool roof,401310.0,1.0,2.491839226533104e-06,264463290.0,False
660,+102074+29109,26.149508763405247,91.69508346902693,28.47403,Cool roof,401310.0,1.0,2.491839226533104e-06,264864600.0,False
661,+102051+29123,26.162085177091388,91.6744222170514,28.472961,Cool roof,401310.0,1.0,2.491839226533104e-06,265265910.0,False
662,+102089+29070,26.11447446731321,91.7085581980852,28.472076,Cool roof,401310.0,1.0,2.491839226533104e-06,265667220.0,False
663,+102167+29140,26.177356536946306,91.77862679039228,28.470795,Cool roof,401310.0,1.0,2.491839226533104e-06,266068530.0,False
664,+102058+29120,26.159390231060858,91.68071042410742,28.470184,Cool roof,401310.0,1.0,2.491839226533104e-06,266469840.0,False
665,+102083+29075,26.11896604332768,91.70316830657993,28.468475,Cool roof,401310.0,1.0,2.491839226533104e-06,266871150.0,False
666,+102077+29106,26.146813817383244,91.69777841455056,28.46756,Cool roof,401310.0,1.0,2.491839226533104e-06,267272460.0,False
667,+102048+29093,26.13513571894548,91.6717272714958,28.46347,Cool roof,401310.0,1.0,2.491839226533104e-06,267673770.0,False
668,+102053+29127,26.165678438322747,91.67621884815335,28.46112,Cool roof,401310.0,1.0,2.491839226533104e-06,268075080.0,False
669,+102103+29088,26.13064414197399,91.72113461225636,28.453033,Cool roof,401310.0,1.0,2.491839226533104e-06,268476390.0,False
670,+102111+29109,26.149508763571923,91.72832113440876,28.445282,Cool roof,401310.0,1.0,2.491839226533104e-06,268877700.0,False
671,+102047+29109,26.14950876354473,91.67082895602204,28.44046,Cool roof,401310.0,1.0,2.491839226533104e-06,269279010.0,False
672,+102048+29108,26.148610448023632,91.67172727148248,28.440277,Cool roof,401310.0,1.0,2.491839226533104e-06,269680320.0,False
673,+102049+29107,26.147712132701983,91.67262558722707,28.43866,Cool roof,401310.0,1.0,2.491839226533104e-06,270081630.0,False
674,+102080+29116,26.15579697022073,91.70047336033676,28.43686,Cool roof,401310.0,1.0,2.491839226533104e-06,270482940.0,False
675,+102031+29098,26.139627295111428,91.65645591190236,28.434967,Cool roof,401310.0,1.0,2.491839226533104e-06,270884250.0,False
676,+102198+29144,26.18094979805513,91.80647456391092,28.434296,Cool roof,401310.0,1.0,2.491839226533104e-06,271285560.0,False
677,+102049+29118,26.15759360084756,91.67262558712832,28.433075,Cool roof,401310.0,1.0,2.491839226533104e-06,271686870.0,False
678,+102088+29070,26.11447446728673,91.70765988305764,28.428436,Cool roof,401310.0,1.0,2.491839226533104e-06,272088180.0,False
679,+102057+29132,26.170170014780457,91.67981210913088,28.42627,Cool roof,401310.0,1.0,2.491839226533104e-06,272489490.0,False
680,+102052+29110,26.15040707830719,91.67532053284444,28.422913,Cool roof,401310.0,1.0,2.491839226533104e-06,272890800.0,False
681,+102103+29089,26.13154245765594,91.7211346121898,28.422913,Cool roof,401310.0,1.0,2.491839226533104e-06,273292110.0,False
682,+102046+29128,26.166576753881586,91.66993064079143,28.421967,Cool roof,401310.0,1.0,2.491839226533104e-06,273693420.0,False
683,+102058+29122,26.161186861736816,91.6807104244249,28.420807,Cool roof,401310.0,1.0,2.491839226533104e-06,274094730.0,False
684,+102101+29088,26.1306441420811,91.71933798140029,28.41922,Cool roof,401310.0,1.0,2.491839226533104e-06,274496040.0,False
685,+102104+29091,26.1333390882282,91.72203292760112,28.41922,Cool roof,401310.0,1.0,2.491839226533104e-06,274897350.0,False
686,+102065+29084,26.127050881004,91.6869986309272,28.418823,Cool roof,401310.0,1.0,2.491839226533104e-06,275298660.0,False
687,+102199+29150,26.18633968975649,91.80737287941372,28.417816,Cool roof,401310.0,1.0,2.491839226533104e-06,275699970.0,False
688,+102060+29125,26.16388180798834,91.68250705478734,28.417755,Cool roof,401310.0,1.0,2.491839226533104e-06,276101280.0,False
689,+102074+29091,26.133339088145974,91.69508346910976,28.413727,Cool roof,401310.0,1.0,2.491839226533104e-06,276502590.0,False
690,+102101+29089,26.13154245744596,91.71933798153054,28.413055,Cool roof,401310.0,1.0,2.491839226533104e-06,276903900.0,False
691,+102066+29122,26.161186861803863,91.68789694661994,28.411224,Cool roof,401310.0,1.0,2.491839226533104e-06,277305210.0,False
692,+102055+29106,26.146813817436744,91.6780154784311,28.409912,Cool roof,401310.0,1.0,2.491839226533104e-06,277706520.0,False
693,+102113+29109,26.14950876351382,91.73011776518172,28.409576,Cool roof,401310.0,1.0,2.491839226533104e-06,278107830.0,False
694,+102114+29109,26.14950876355333,91.73101608016458,28.407928,Cool roof,401310.0,1.0,2.491839226533104e-06,278509140.0,False
695,+102072+29084,26.127050881125744,91.69328683845453,28.405975,Cool roof,401310.0,1.0,2.491839226533104e-06,278910450.0,False
696,+102055+29122,26.161186861390792,91.67801547847816,28.401428,Cool roof,401310.0,1.0,2.491839226533104e-06,279311760.0,False
697,+102082+29118,26.15759360087932,91.70226999151744,28.401215,Cool roof,401310.0,1.0,2.491839226533104e-06,279713070.0,False
698,+102082+29120,26.159390231160625,91.7022699914355,28.401001,Cool roof,401310.0,1.0,2.491839226533104e-06,280114380.0,False
699,+102066+29085,26.127949196159747,91.68789694662128,28.400665,Cool roof,401310.0,1.0,2.491839226533104e-06,280515690.0,False
700,+102104+29093,26.135135718926417,91.72203292752248,28.400543,Cool roof,401310.0,1.0,2.491839226533104e-06,280917000.0,False
701,+102028+29097,26.138728979862098,91.65376096565322,28.399567,Cool roof,401310.0,1.0,2.491839226533104e-06,281318310.0,False
702,+102054+29104,26.14501718659355,91.67711716318328,28.396454,Cool roof,401310.0,1.0,2.491839226533104e-06,281719620.0,False
703,+102090+29127,26.165678438445138,91.7094565132817,28.395844,Cool roof,401310.0,1.0,2.491839226533104e-06,282120930.0,False
704,+102064+29118,26.15759360083363,91.68610031594916,28.395782,Cool roof,401310.0,1.0,2.491839226533104e-06,282522240.0,False
705,+102087+29127,26.165678438240096,91.70676156737638,28.395294,Cool roof,401310.0,1.0,2.491839226533104e-06,282923550.0,False
706,+102073+29117,26.156695285602503,91.69418515329758,28.389648,Cool roof,401310.0,1.0,2.491839226533104e-06,283324860.0,False
707,+102176+29150,26.18633968991104,91.78671162745974,28.388397,Cool roof,401310.0,1.0,2.491839226533104e-06,283726170.0,False
708,+102085+29129,26.167475068517984,91.70496493665694,28.38742,Cool roof,401310.0,1.0,2.491839226533104e-06,284127480.0,False
709,+102050+29111,26.15130539407547,91.67352390219672,28.387054,Cool roof,401310.0,1.0,2.491839226533104e-06,284528790.0,False
710,+102052+29097,26.138728979907444,91.6753205323751,28.38681,Cool roof,401310.0,1.0,2.491839226533104e-06,284930100.0,False
711,+102059+29084,26.12705088103037,91.68160873946071,28.38623,Cool roof,401310.0,1.0,2.491839226533104e-06,285331410.0,False
712,+102058+29132,26.170170014871942,91.68071042435363,28.382141,Cool roof,401310.0,1.0,2.491839226533104e-06,285732720.0,False
713,+102034+29101,26.14232224087196,91.65915085734558,28.38034,Cool roof,401310.0,1.0,2.491839226533104e-06,286134030.0,False
714,+102085+29071,26.115372782261456,91.70496493679396,28.37851,Cool roof,401310.0,1.0,2.491839226533104e-06,286535340.0,False
715,+102061+29122,26.16118686178771,91.68340537019974,28.374084,Cool roof,401310.0,1.0,2.491839226533104e-06,286936650.0,False
716,+102047+29094,26.136034034155045,91.67082895589864,28.372345,Cool roof,401310.0,1.0,2.491839226533104e-06,287337960.0,False
717,+102091+29074,26.11806772832273,91.71035482852916,28.36493,Cool roof,401310.0,1.0,2.491839226533104e-06,287739270.0,False
718,+102084+29077,26.120762673719256,91.70406662212557,28.361359,Cool roof,401310.0,1.0,2.491839226533104e-06,288140580.0,False
719,+102075+29123,26.16208517735068,91.6959817842758,28.359863,Cool roof,401310.0,1.0,2.491839226533104e-06,288541890.0,False
720,+102200+29146,26.182746428408944,91.80827119459497,28.35904,Cool roof,401310.0,1.0,2.491839226533104e-06,288943200.0,False
721,+102080+29113,26.153102024543628,91.70047336046696,28.357513,Cool roof,401310.0,1.0,2.491839226533104e-06,289344510.0,False
722,+102200+29152,26.18813632066622,91.8082711943933,28.356049,Cool roof,401310.0,1.0,2.491839226533104e-06,289745820.0,False
723,+102055+29107,26.14771213264439,91.67801547853284,28.35257,Cool roof,401310.0,1.0,2.491839226533104e-06,290147130.0,False
724,+102093+29074,26.118067728506578,91.7121514589504,28.351227,Cool roof,401310.0,1.0,2.491839226533104e-06,290548440.0,False
725,+102083+29118,26.15759360083646,91.70316830614549,28.350037,Cool roof,401310.0,1.0,2.491839226533104e-06,290949750.0,False
726,+102058+29129,26.167475068687747,91.6807104240836,28.346527,Cool roof,401310.0,1.0,2.491839226533104e-06,291351060.0,False
727,+102075+29124,26.162983492468733,91.6959817841529,28.34256,Cool roof,401310.0,1.0,2.491839226533104e-06,291752370.0,False
728,+102089+29127,26.16567843832777,91.70855819807107,28.337555,Cool roof,401310.0,1.0,2.491839226533104e-06,292153680.0,False
729,+102203+29145,26.181848113396853,91.81096614065792,28.33731,Cool roof,401310.0,1.0,2.491839226533104e-06,292554990.0,False
730,+102081+29115,26.154898654692428,91.70137167583748,28.336884,Cool roof,401310.0,1.0,2.491839226533104e-06,292956300.0,False
731,+102202+29152,26.1881363208026,91.81006782571524,28.331665,Cool roof,401310.0,1.0,2.491839226533104e-06,293357610.0,False
732,+102105+29095,26.136932349091627,91.72293124259004,28.329315,Cool roof,401310.0,1.0,2.491839226533104e-06,293758920.0,False
733,+102059+29130,26.16837338393064,91.68160873967722,28.328674,Cool roof,401310.0,1.0,2.491839226533104e-06,294160230.0,False
734,+102089+29072,26.11627109758621,91.7085581977587,28.324493,Cool roof,401310.0,1.0,2.491839226533104e-06,294561540.0,False
735,+102092+29074,26.11806772836445,91.71125314423192,28.323761,Cool roof,401310.0,1.0,2.491839226533104e-06,294962850.0,False
736,+102181+29147,26.18364474395502,91.79120320405627,28.32254,Cool roof,401310.0,1.0,2.491839226533104e-06,295364160.0,False
737,+102089+29121,26.160288547256147,91.70855819793177,28.322174,Cool roof,401310.0,1.0,2.491839226533104e-06,295765470.0,False
738,+102049+29097,26.138728979980847,91.67262558729774,28.321564,Cool roof,401310.0,1.0,2.491839226533104e-06,296166780.0,False
739,+102054+29110,26.15040707818579,91.67711716311128,28.319855,Cool roof,401310.0,1.0,2.491839226533104e-06,296568090.0,False
740,+102107+29097,26.13872897981528,91.72472787342048,28.318146,Cool roof,401310.0,1.0,2.491839226533104e-06,296969400.0,False
741,+102065+29111,26.15130539406893,91.68699863106217,28.317322,Cool roof,401310.0,1.0,2.491839226533104e-06,297370710.0,False
742,+102062+29123,26.16208517728388,91.68430368545089,28.316254,Cool roof,401310.0,1.0,2.491839226533104e-06,297772020.0,False
743,+102093+29075,26.118966043256,91.7121514589472,28.3154,Cool roof,401310.0,1.0,2.491839226533104e-06,298173330.0,False
744,+102061+29125,26.16388180789991,91.68340537024652,28.31491,Cool roof,401310.0,1.0,2.491839226533104e-06,298574640.0,False
745,+102058+29121,26.1602885469914,91.68071042428554,28.3125,Cool roof,401310.0,1.0,2.491839226533104e-06,298975950.0,False
746,+102091+29075,26.118966043304766,91.7103548285031,28.312408,Cool roof,401310.0,1.0,2.491839226533104e-06,299377260.0,False
747,+102112+29109,26.14950876339873,91.72921944944532,28.307587,Cool roof,401310.0,1.0,2.491839226533104e-06,299778570.0,False
748,+102191+29142,26.1791531680323,91.8001863573317,28.30545,Cool roof,401310.0,1.0,2.491839226533104e-06,300179880.0,False
749,+102074+29085,26.127949196353928,91.69508346900486,28.302643,Cool roof,401310.0,1.0,2.491839226533104e-06,300581190.0,False
750,+102097+29078,26.121660989192225,91.71574472031614,28.302155,Cool roof,401310.0,1.0,2.491839226533104e-06,300982500.0,False
751,+102113+29110,26.150407078091227,91.73011776515128,28.301056,Cool roof,401310.0,1.0,2.491839226533104e-06,301383810.0,False
752,+102135+29146,26.182746428604737,91.74988070113125,28.300934,Cool roof,401310.0,1.0,2.491839226533104e-06,301785120.0,False
753,+102052+29121,26.16028854726945,91.67532053264354,28.300201,Cool roof,401310.0,1.0,2.491839226533104e-06,302186430.0,False
754,+102088+29127,26.16567843813804,91.70765988310268,28.298584,Cool roof,401310.0,1.0,2.491839226533104e-06,302587740.0,False
755,+102055+29110,26.150407078103008,91.67801547837576,28.295715,Cool roof,401310.0,1.0,2.491839226533104e-06,302989050.0,False
756,+102054+29114,26.154000339485584,91.67711716324712,28.294006,Cool roof,401310.0,1.0,2.491839226533104e-06,303390360.0,False
757,+102075+29058,26.10369468426259,91.69598178405435,28.29367,Cool roof,401310.0,1.0,2.491839226533104e-06,303791670.0,False
758,+102093+29073,26.117169413135976,91.7121514591482,28.292206,Cool roof,401310.0,1.0,2.491839226533104e-06,304192980.0,False
759,+102175+29150,26.186339689720224,91.7858133128096,28.292206,Cool roof,401310.0,1.0,2.491839226533104e-06,304594290.0,False
760,+102090+29121,26.16028854734596,91.70945651345984,28.291107,Cool roof,401310.0,1.0,2.491839226533104e-06,304995600.0,False
761,+102055+29124,26.16298349271308,91.67801547850608,28.290497,Cool roof,401310.0,1.0,2.491839226533104e-06,305396910.0,False
762,+102079+29080,26.123457619750475,91.69957504518771,28.29013,Cool roof,401310.0,1.0,2.491839226533104e-06,305798220.0,False
763,+102051+29111,26.15130539407952,91.67442221707591,28.288849,Cool roof,401310.0,1.0,2.491839226533104e-06,306199530.0,False
764,+102065+29123,26.162085177092944,91.68699863117357,28.2883,Cool roof,401310.0,1.0,2.491839226533104e-06,306600840.0,False
765,+102108+29095,26.136932349021613,91.72562618855795,28.28711,Cool roof,401310.0,1.0,2.491839226533104e-06,307002150.0,False
766,+102084+29076,26.11986435918078,91.70406662195936,28.283997,Cool roof,401310.0,1.0,2.491839226533104e-06,307403460.0,False
767,+102046+29103,26.14411887178484,91.66993064106478,28.283813,Cool roof,401310.0,1.0,2.491839226533104e-06,307804770.0,False
768,+102051+29117,26.156695285643345,91.67442221700112,28.28299,Cool roof,401310.0,1.0,2.491839226533104e-06,308206080.0,False
769,+102059+29132,26.170170014892108,91.6816087397159,28.28012,Cool roof,401310.0,1.0,2.491839226533104e-06,308607390.0,False
770,+102050+29129,26.16747506846155,91.67352390195713,28.27951,Cool roof,401310.0,1.0,2.491839226533104e-06,309008700.0,False
771,+102195+29145,26.1818481135871,91.8037796181107,28.279083,Cool roof,401310.0,1.0,2.491839226533104e-06,309410010.0,False
772,+102105+29091,26.13333908845315,91.72293124234837,28.271942,Cool roof,401310.0,1.0,2.491839226533104e-06,309811320.0,False
773,+102074+29127,26.165678438256045,91.69508346878628,28.268341,Cool roof,401310.0,1.0,2.491839226533104e-06,310212630.0,False
774,+102108+29096,26.13783066465313,91.72562618848258,28.268097,Cool roof,401310.0,1.0,2.491839226533104e-06,310613940.0,False
775,+102070+29124,26.16298349257844,91.69149020762856,28.26767,Cool roof,401310.0,1.0,2.491839226533104e-06,311015250.0,False
776,+102202+29144,26.18094979788863,91.8100678254849,28.25882,Cool roof,401310.0,1.0,2.491839226533104e-06,311416560.0,False
777,+102056+29132,26.170170014799496,91.67891379346467,28.258362,Cool roof,401310.0,1.0,2.491839226533104e-06,311817870.0,False
778,+102114+29110,26.150407078109385,91.73101608026656,28.25821,Cool roof,401310.0,1.0,2.491839226533104e-06,312219180.0,False
779,+102062+29122,26.161186861718885,91.68430368548786,28.25418,Cool roof,401310.0,1.0,2.491839226533104e-06,312620490.0,False
780,+102172+29146,26.182746428417985,91.7831183666059,28.253906,Cool roof,401310.0,1.0,2.491839226533104e-06,313021800.0,False
781,+102100+29084,26.1270508809868,91.71843966663722,28.253387,Cool roof,401310.0,1.0,2.491839226533104e-06,313423110.0,False
782,+102055+29104,26.145017186520555,91.67801547833466,28.251007,Cool roof,401310.0,1.0,2.491839226533104e-06,313824420.0,False
783,+102094+29070,26.114474467117063,91.7130497747004,28.248322,Cool roof,401310.0,1.0,2.491839226533104e-06,314225730.0,False
784,+102125+29128,26.166576753848247,91.74089754865116,28.245178,Cool roof,401310.0,1.0,2.491839226533104e-06,314627040.0,False
785,+102057+29123,26.162085177232942,91.67981210917304,28.244781,Cool roof,401310.0,1.0,2.491839226533104e-06,315028350.0,False
786,+102066+29084,26.12705088105328,91.687896946515,28.244415,Cool roof,401310.0,1.0,2.491839226533104e-06,315429660.0,False
787,+102199+29149,26.18544137457994,91.80737287947872,28.243835,Cool roof,401310.0,1.0,2.491839226533104e-06,315830970.0,False
788,+102072+29083,26.126152565449747,91.69328683845605,28.237915,Cool roof,401310.0,1.0,2.491839226533104e-06,316232280.0,False
789,+102076+29097,26.138728979823,91.69688009925486,28.231506,Cool roof,401310.0,1.0,2.491839226533104e-06,316633590.0,False
790,+102196+29145,26.18184811353346,91.80467793364876,28.23114,Cool roof,401310.0,1.0,2.491839226533104e-06,317034900.0,False
791,+102107+29096,26.137830664595167,91.72472787320136,28.230713,Cool roof,401310.0,1.0,2.491839226533104e-06,317436210.0,False
792,+102124+29128,26.16657675373816,91.7399992331587,28.228546,Cool roof,401310.0,1.0,2.491839226533104e-06,317837520.0,False
793,+102048+29118,26.15759360092438,91.67172727123372,28.227692,Cool roof,401310.0,1.0,2.491839226533104e-06,318238830.0,False
794,+102069+29123,26.162085177272004,91.69059189239852,28.227203,Cool roof,401310.0,1.0,2.491839226533104e-06,318640140.0,False
795,+102065+29124,26.162983492685644,91.68699863127893,28.223969,Cool roof,401310.0,1.0,2.491839226533104e-06,319041450.0,False
796,+102073+29110,26.150407078289128,91.69418515355994,28.22165,Cool roof,401310.0,1.0,2.491839226533104e-06,319442760.0,False
797,+102050+29095,26.136932348859776,91.673523902045,28.220245,Cool roof,401310.0,1.0,2.491839226533104e-06,319844070.0,False
798,+102100+29089,26.131542457404283,91.71843966626912,28.217987,Cool roof,401310.0,1.0,2.491839226533104e-06,320245380.0,False
799,+102076+29058,26.103694684060653,91.69688009945472,28.2164,Cool roof,401310.0,1.0,2.491839226533104e-06,320646690.0,False
800,+102065+29132,26.17017001496815,91.68699863100068,28.213074,Cool roof,401310.0,1.0,2.491839226533104e-06,321048000.0,False
801,+102177+29150,26.18633968985148,91.7876099434018,28.210236,Cool roof,401310.0,1.0,2.491839226533104e-06,321449310.0,False
802,+102062+29121,26.160288547097807,91.68430368571288,28.20877,Cool roof,401310.0,1.0,2.491839226533104e-06,321850620.0,False
803,+102053+29098,26.139627294991488,91.6762188482718,28.199738,Cool roof,401310.0,1.0,2.491839226533104e-06,322251930.0,False
804,+102068+29075,26.11896604332686,91.68969357716942,28.199371,Cool roof,401310.0,1.0,2.491839226533104e-06,322653240.0,False
805,+102122+29136,26.173763275950705,91.73820260266258,28.19925,Cool roof,401310.0,1.0,2.491839226533104e-06,323054550.0,False
806,+102083+29116,26.15579696993085,91.703168306277,28.199005,Cool roof,401310.0,1.0,2.491839226533104e-06,323455860.0,False
807,+102074+29090,26.13244077252188,91.69508346933122,28.19577,Cool roof,401310.0,1.0,2.491839226533104e-06,323857170.0,False
808,+102104+29092,26.134237403062688,91.7220329275761,28.195465,Cool roof,401310.0,1.0,2.491839226533104e-06,324258480.0,False
809,+102108+29099,26.140525610072245,91.72562618854106,28.194824,Cool roof,401310.0,1.0,2.491839226533104e-06,324659790.0,False
810,+102064+29122,26.16118686172581,91.6861003161291,28.192566,Cool roof,401310.0,1.0,2.491839226533104e-06,325061100.0,False
811,+102203+29151,26.187238005130148,91.81096614054309,28.18808,Cool roof,401310.0,1.0,2.491839226533104e-06,325462410.0,False
812,+102051+29124,26.162983492759,91.67442221706888,28.182465,Cool roof,401310.0,1.0,2.491839226533104e-06,325863720.0,False
813,+102091+29077,26.120762673572827,91.71035482858244,28.180328,Cool roof,401310.0,1.0,2.491839226533104e-06,326265030.0,False
814,+102084+29120,26.159390230893287,91.70406662192036,28.17984,Cool roof,401310.0,1.0,2.491839226533104e-06,326666340.0,False
815,+102048+29107,26.147712132597803,91.67172727121331,28.177704,Cool roof,401310.0,1.0,2.491839226533104e-06,327067650.0,False
816,+102106+29096,26.13783066445913,91.72382955811808,28.176788,Cool roof,401310.0,1.0,2.491839226533104e-06,327468960.0,False
817,+102113+29112,26.15220370883773,91.73011776523606,28.176361,Cool roof,401310.0,1.0,2.491839226533104e-06,327870270.0,False
818,+102190+29142,26.179153167896743,91.79928804176429,28.175934,Cool roof,401310.0,1.0,2.491839226533104e-06,328271580.0,False
819,+102056+29122,26.16118686157933,91.67891379332188,28.1734,Cool roof,401310.0,1.0,2.491839226533104e-06,328672890.0,False
820,+102204+29145,26.181848113333302,91.81186445583168,28.172577,Cool roof,401310.0,1.0,2.491839226533104e-06,329074200.0,False
821,+102178+29149,26.18544137455599,91.78850825833398,28.171051,Cool roof,401310.0,1.0,2.491839226533104e-06,329475510.0,False
822,+102057+29088,26.130644141871,91.67981210926276,28.170837,Cool roof,401310.0,1.0,2.491839226533104e-06,329876820.0,False
823,+102059+29131,26.16927169982172,91.6816087398288,28.169739,Cool roof,401310.0,1.0,2.491839226533104e-06,330278130.0,False
824,+102061+29126,26.16478012282481,91.68340536995969,28.169159,Cool roof,401310.0,1.0,2.491839226533104e-06,330679440.0,False
825,+102051+29108,26.148610447646256,91.67442221690642,28.16858,Cool roof,401310.0,1.0,2.491839226533104e-06,331080750.0,False
826,+102032+29098,26.13962729500898,91.65735422681318,28.168488,Cool roof,401310.0,1.0,2.491839226533104e-06,331482060.0,False
827,+102067+29075,26.11896604353549,91.68879526188176,28.166412,Cool roof,401310.0,1.0,2.491839226533104e-06,331883370.0,False
828,+102134+29146,26.18274642844652,91.74898238609607,28.16571,Cool roof,401310.0,1.0,2.491839226533104e-06,332284680.0,False
829,+102083+29117,26.156695285685807,91.7031683063408,28.165314,Cool roof,401310.0,1.0,2.491839226533104e-06,332685990.0,False
830,+102114+29115,26.154898654719062,91.73101608015136,28.164673,Cool roof,401310.0,1.0,2.491839226533104e-06,333087300.0,False
831,+102049+29106,26.146813817481863,91.67262558723738,28.163422,Cool roof,401310.0,1.0,2.491839226533104e-06,333488610.0,False
832,+102198+29150,26.186339689686733,91.80647456392808,28.163086,Cool roof,401310.0,1.0,2.491839226533104e-06,333889920.0,False
833,+102095+29073,26.117169413224083,91.7139480898991,28.162445,Cool roof,401310.0,1.0,2.491839226533104e-06,334291230.0,False
834,+102053+29099,26.14052561034316,91.67621884820431,28.160217,Cool roof,401310.0,1.0,2.491839226533104e-06,334692540.0,False
835,+102200+29149,26.18544137440537,91.8082711944157,28.159119,Cool roof,401310.0,1.0,2.491839226533104e-06,335093850.0,False
836,+102094+29074,26.11806772838465,91.7130497745901,28.157867,Cool roof,401310.0,1.0,2.491839226533104e-06,335495160.0,False
837,+102049+29131,26.16927169972592,91.67262558714258,28.15738,Cool roof,401310.0,1.0,2.491839226533104e-06,335896470.0,False
838,+102055+29111,26.15130539425361,91.67801547831937,28.157196,Cool roof,401310.0,1.0,2.491839226533104e-06,336297780.0,False
839,+102102+29087,26.12974582697429,91.72023629664452,28.157135,Cool roof,401310.0,1.0,2.491839226533104e-06,336699090.0,False
840,+102105+29084,26.127050880987653,91.72293124263716,28.157135,Cool roof,401310.0,1.0,2.491839226533104e-06,337100400.0,False
841,+102063+29125,26.163881807869387,91.68520200084804,28.155731,Cool roof,401310.0,1.0,2.491839226533104e-06,337501710.0,False
842,+102113+29113,26.153102024460743,91.73011776512558,28.154816,Cool roof,401310.0,1.0,2.491839226533104e-06,337903020.0,False
843,+102052+29127,26.165678438258325,91.67532053253557,28.148468,Cool roof,401310.0,1.0,2.491839226533104e-06,338304330.0,False
844,+102049+29108,26.14861044791304,91.67262558694992,28.14743,Cool roof,401310.0,1.0,2.491839226533104e-06,338705640.0,False
845,+102185+29143,26.18005148281464,91.79479646527923,28.14743,Cool roof,401310.0,1.0,2.491839226533104e-06,339106950.0,False
846,+102199+29144,26.180949797981373,91.80737287968572,28.144684,Cool roof,401310.0,1.0,2.491839226533104e-06,339508260.0,False
847,+102061+29123,26.16208517720132,91.68340537025378,28.142303,Cool roof,401310.0,1.0,2.491839226533104e-06,339909570.0,False
848,+102083+29073,26.11716941323564,91.70316830633078,28.141632,Cool roof,401310.0,1.0,2.491839226533104e-06,340310880.0,False
849,+102048+29091,26.13333908819647,91.67172727126628,28.141327,Cool roof,401310.0,1.0,2.491839226533104e-06,340712190.0,False
850,+102071+29128,26.166576753871134,91.69238852272484,28.139923,Cool roof,401310.0,1.0,2.491839226533104e-06,341113500.0,False
851,+102104+29088,26.13064414180118,91.72203292705242,28.139374,Cool roof,401310.0,1.0,2.491839226533104e-06,341514810.0,False
852,+102080+29112,26.15220370847612,91.7004733604423,28.137665,Cool roof,401310.0,1.0,2.491839226533104e-06,341916120.0,False
853,+102104+29085,26.12794919634068,91.72203292714912,28.136871,Cool roof,401310.0,1.0,2.491839226533104e-06,342317430.0,False
854,+102065+29118,26.157593600848177,91.68699863144202,28.135864,Cool roof,401310.0,1.0,2.491839226533104e-06,342718740.0,False
855,+102077+29105,26.14591550195176,91.697778414456,28.135712,Cool roof,401310.0,1.0,2.491839226533104e-06,343120050.0,False
856,+102075+29125,26.16388180776692,91.69598178422068,28.135345,Cool roof,401310.0,1.0,2.491839226533104e-06,343521360.0,False
857,+102073+29087,26.12974582716957,91.69418515345016,28.133698,Cool roof,401310.0,1.0,2.491839226533104e-06,343922670.0,False
858,+102201+29147,26.1836447440928,91.80916950996874,28.133514,Cool roof,401310.0,1.0,2.491839226533104e-06,344323980.0,False
859,+102105+29088,26.13064414191315,91.72293124254564,28.133087,Cool roof,401310.0,1.0,2.491839226533104e-06,344725290.0,False
860,+102056+29105,26.14591550189451,91.6789137935804,28.13266,Cool roof,401310.0,1.0,2.491839226533104e-06,345126600.0,False
861,+102061+29078,26.1216609892357,91.68340536998176,28.13144,Cool roof,401310.0,1.0,2.491839226533104e-06,345527910.0,False
862,+102199+29151,26.18723800501568,91.8073728795668,28.131073,Cool roof,401310.0,1.0,2.491839226533104e-06,345929220.0,False
863,+102106+29094,26.13603403431792,91.72382955807905,28.13089,Cool roof,401310.0,1.0,2.491839226533104e-06,346330530.0,False
864,+102087+29126,26.164780123023828,91.70676156755484,28.128998,Cool roof,401310.0,1.0,2.491839226533104e-06,346731840.0,False
865,+102040+29095,26.136932348954875,91.66454074909292,28.122894,Cool roof,401310.0,1.0,2.491839226533104e-06,347133150.0,False
866,+102182+29146,26.18274642861805,91.7921015194775,28.122864,Cool roof,401310.0,1.0,2.491839226533104e-06,347534460.0,False
867,+102173+29146,26.182746428494823,91.7840166818391,28.122498,Cool roof,401310.0,1.0,2.491839226533104e-06,347935770.0,False
868,+102069+29124,26.16298349256351,91.69059189236742,28.121887,Cool roof,401310.0,1.0,2.491839226533104e-06,348337080.0,False
869,+102055+29109,26.14950876343274,91.67801547839233,28.121277,Cool roof,401310.0,1.0,2.491839226533104e-06,348738390.0,False
870,+102085+29120,26.159390230830944,91.70496493650064,28.119171,Cool roof,401310.0,1.0,2.491839226533104e-06,349139700.0,False
871,+102110+29104,26.145017186527483,91.72742281898542,28.118988,Cool roof,401310.0,1.0,2.491839226533104e-06,349541010.0,False
872,+102063+29121,26.16028854716832,91.68520200075662,28.116974,Cool roof,401310.0,1.0,2.491839226533104e-06,349942320.0,False
873,+102103+29087,26.12974582708652,91.72113461229388,28.116821,Cool roof,401310.0,1.0,2.491839226533104e-06,350343630.0,False
874,+102108+29098,26.13962729513007,91.72562618824828,28.115112,Cool roof,401310.0,1.0,2.491839226533104e-06,350744940.0,False
875,+102201+29152,26.188136320768443,91.80916950992012,28.114288,Cool roof,401310.0,1.0,2.491839226533104e-06,351146250.0,False
876,+102197+29144,26.180949798059046,91.80557624875532,28.111603,Cool roof,401310.0,1.0,2.491839226533104e-06,351547560.0,False
877,+102081+29114,26.154000339814058,91.7013716757477,28.11139,Cool roof,401310.0,1.0,2.491839226533104e-06,351948870.0,False
878,+102203+29150,26.186339689712863,91.81096614050436,28.110352,Cool roof,401310.0,1.0,2.491839226533104e-06,352350180.0,False
879,+102050+29093,26.13513571890722,91.6735239019164,28.108734,Cool roof,401310.0,1.0,2.491839226533104e-06,352751490.0,False
880,+102106+29092,26.13423740320601,91.72382955770132,28.10733,Cool roof,401310.0,1.0,2.491839226533104e-06,353152800.0,False
881,+102073+29084,26.127050880979013,91.6941851535143,28.107025,Cool roof,401310.0,1.0,2.491839226533104e-06,353554110.0,False
882,+102073+29086,26.12884751180343,91.69418515365764,28.10672,Cool roof,401310.0,1.0,2.491839226533104e-06,353955420.0,False
883,+102111+29108,26.148610447849403,91.72832113445024,28.106018,Cool roof,401310.0,1.0,2.491839226533104e-06,354356730.0,False
884,+102081+29113,26.153102024421337,91.70137167584993,28.10086,Cool roof,401310.0,1.0,2.491839226533104e-06,354758040.0,False
885,+102066+29118,26.15759360078876,91.68789694626712,28.10022,Cool roof,401310.0,1.0,2.491839226533104e-06,355159350.0,False
886,+102202+29145,26.181848113572872,91.81006782542626,28.099396,Cool roof,401310.0,1.0,2.491839226533104e-06,355560660.0,False
887,+102086+29124,26.162983492546527,91.70586325228342,28.09845,Cool roof,401310.0,1.0,2.491839226533104e-06,355961970.0,False
888,+102046+29095,26.13693234906909,91.6699306411378,28.098206,Cool roof,401310.0,1.0,2.491839226533104e-06,356363280.0,False
889,+102080+29117,26.15669528532933,91.7004733604511,28.098053,Cool roof,401310.0,1.0,2.491839226533104e-06,356764590.0,False
890,+102197+29146,26.18274642866865,91.80557624858984,28.095367,Cool roof,401310.0,1.0,2.491839226533104e-06,357165900.0,False
891,+102045+29095,26.13693234906301,91.66903232586432,28.091705,Cool roof,401310.0,1.0,2.491839226533104e-06,357567210.0,False
892,+102192+29142,26.179153167915683,91.801084672037,28.091614,Cool roof,401310.0,1.0,2.491839226533104e-06,357968520.0,False
893,+102067+29110,26.15040707814924,91.68879526197114,28.089386,Cool roof,401310.0,1.0,2.491839226533104e-06,358369830.0,False
894,+102082+29109,26.14950876335704,91.70226999146551,28.08841,Cool roof,401310.0,1.0,2.491839226533104e-06,358771140.0,False
895,+102101+29085,26.12794919622816,91.71933798151127,28.087067,Cool roof,401310.0,1.0,2.491839226533104e-06,359172450.0,False
896,+102090+29075,26.11896604320651,91.70945651337183,28.085205,Cool roof,401310.0,1.0,2.491839226533104e-06,359573760.0,False
897,+102201+29149,26.18544137416204,91.80916950997158,28.079742,Cool roof,401310.0,1.0,2.491839226533104e-06,359975070.0,False
898,+102065+29110,26.15040707822761,91.68699863114898,28.070099,Cool roof,401310.0,1.0,2.491839226533104e-06,360376380.0,False
899,+102087+29061,26.10638962898083,91.70676156733394,28.069366,Cool roof,401310.0,1.0,2.491839226533104e-06,360777690.0,False
900,+102198+29147,26.183644744032915,91.80647456361709,28.069275,Cool roof,401310.0,1.0,2.491839226533104e-06,361179000.0,False
901,+102105+29083,26.126152565436087,91.72293124253214,28.068878,Cool roof,401310.0,1.0,2.491839226533104e-06,361580310.0,False
902,+102103+29093,26.135135718851004,91.72113461208686,28.066864,Cool roof,401310.0,1.0,2.491839226533104e-06,361981620.0,False
903,+102050+29096,26.13783066445104,91.67352390193564,28.066498,Cool roof,401310.0,1.0,2.491839226533104e-06,362382930.0,False
904,+102049+29121,26.16028854732797,91.67262558731092,28.062347,Cool roof,401310.0,1.0,2.491839226533104e-06,362784240.0,False
905,+102064+29133,26.17106832977842,91.68610031595016,28.062225,Cool roof,401310.0,1.0,2.491839226533104e-06,363185550.0,False
906,+102059+29103,26.14411887196659,91.68160873970515,28.060455,Cool roof,401310.0,1.0,2.491839226533104e-06,363586860.0,False
907,+102090+29073,26.117169413116702,91.70945651364111,28.059357,Cool roof,401310.0,1.0,2.491839226533104e-06,363988170.0,False
908,+102063+29065,26.10998289019782,91.68520200087475,28.059021,Cool roof,401310.0,1.0,2.491839226533104e-06,364389480.0,False
909,+102081+29109,26.14950876326363,91.70137167569484,28.056244,Cool roof,401310.0,1.0,2.491839226533104e-06,364790790.0,False
910,+102168+29140,26.177356536895186,91.77952510533773,28.055145,Cool roof,401310.0,1.0,2.491839226533104e-06,365192100.0,False
911,+102114+29116,26.15579697033263,91.7310160803198,28.052277,Cool roof,401310.0,1.0,2.491839226533104e-06,365593410.0,False
912,+102058+29131,26.1692716997704,91.68071042415195,28.052185,Cool roof,401310.0,1.0,2.491839226533104e-06,365994720.0,False
913,+102107+29098,26.13962729511696,91.72472787361166,28.051544,Cool roof,401310.0,1.0,2.491839226533104e-06,366396030.0,False
914,+102093+29125,26.16388180763292,91.71215145912714,28.050873,Cool roof,401310.0,1.0,2.491839226533104e-06,366797340.0,False
915,+102183+29143,26.18005148274376,91.7929998352595,28.05069,Cool roof,401310.0,1.0,2.491839226533104e-06,367198650.0,False
916,+102084+29119,26.158491916290213,91.70406662204836,28.049316,Cool roof,401310.0,1.0,2.491839226533104e-06,367599960.0,False
917,+102065+29121,26.16028854708923,91.68699863107686,28.049225,Cool roof,401310.0,1.0,2.491839226533104e-06,368001270.0,False
918,+102081+29112,26.152203708563075,91.70137167591848,28.048737,Cool roof,401310.0,1.0,2.491839226533104e-06,368402580.0,False
919,+102074+29089,26.13154245765204,91.69508346906554,28.044159,Cool roof,401310.0,1.0,2.491839226533104e-06,368803890.0,False
920,+102086+29128,26.166576753689903,91.70586325244764,28.043976,Cool roof,401310.0,1.0,2.491839226533104e-06,369205200.0,False
921,+102089+29075,26.118966043390905,91.70855819793334,28.043488,Cool roof,401310.0,1.0,2.491839226533104e-06,369606510.0,False
922,+102134+29145,26.181848113686527,91.74898238595866,28.042816,Cool roof,401310.0,1.0,2.491839226533104e-06,370007820.0,False
923,+102053+29097,26.13872898003121,91.6762188482994,28.04123,Cool roof,401310.0,1.0,2.491839226533104e-06,370409130.0,False
924,+102083+29120,26.15939023106384,91.70316830633196,28.04007,Cool roof,401310.0,1.0,2.491839226533104e-06,370810440.0,False
925,+102086+29127,26.165678438269627,91.7058632523426,28.039154,Cool roof,401310.0,1.0,2.491839226533104e-06,371211750.0,False
926,+102076+29109,26.14950876348262,91.69688009941014,28.037262,Cool roof,401310.0,1.0,2.491839226533104e-06,371613060.0,False
927,+102196+29144,26.180949797993275,91.80467793341536,28.035675,Cool roof,401310.0,1.0,2.491839226533104e-06,372014370.0,False
928,+102085+29073,26.117169413143504,91.70496493676764,28.033905,Cool roof,401310.0,1.0,2.491839226533104e-06,372415680.0,False
929,+102123+29128,26.16657675373787,91.7391009176916,28.033539,Cool roof,401310.0,1.0,2.491839226533104e-06,372816990.0,False
930,+102176+29151,26.187238005000047,91.78671162753444,28.03122,Cool roof,401310.0,1.0,2.491839226533104e-06,373218300.0,False
931,+102195+29144,26.18094979785802,91.80377961824276,28.030487,Cool roof,401310.0,1.0,2.491839226533104e-06,373619610.0,False
932,+102095+29072,26.11627109752954,91.71394809004369,28.029205,Cool roof,401310.0,1.0,2.491839226533104e-06,374020920.0,False
933,+102075+29122,26.161186861623086,91.69598178413732,28.027191,Cool roof,401310.0,1.0,2.491839226533104e-06,374422230.0,False
934,+102086+29073,26.11716941297444,91.70586325256178,28.02478,Cool roof,401310.0,1.0,2.491839226533104e-06,374823540.0,False
935,+102056+29104,26.14501718655312,91.6789137934944,28.022797,Cool roof,401310.0,1.0,2.491839226533104e-06,375224850.0,False
936,+102109+29099,26.14052561016744,91.72652450375509,28.0195,Cool roof,401310.0,1.0,2.491839226533104e-06,375626160.0,False
937,+102067+29086,26.12884751201464,91.68879526199558,28.019257,Cool roof,401310.0,1.0,2.491839226533104e-06,376027470.0,False
938,+102032+29099,26.14052561034761,91.65735422672851,28.01773,Cool roof,401310.0,1.0,2.491839226533104e-06,376428780.0,False
939,+102035+29101,26.142322240612835,91.66004917298882,28.014923,Cool roof,401310.0,1.0,2.491839226533104e-06,376830090.0,False
940,+102079+29112,26.15220370849597,91.6995750453358,28.01355,Cool roof,401310.0,1.0,2.491839226533104e-06,377231400.0,False
941,+102075+29126,26.164780122823466,91.69598178425348,28.01242,Cool roof,401310.0,1.0,2.491839226533104e-06,377632710.0,False
942,+102084+29073,26.11716941323057,91.70406662171466,28.011932,Cool roof,401310.0,1.0,2.491839226533104e-06,378034020.0,False
943,+102053+29120,26.159390230892207,91.6762188481692,28.01181,Cool roof,401310.0,1.0,2.491839226533104e-06,378435330.0,False
944,+102136+29145,26.18184811324156,91.75077901635574,28.010956,Cool roof,401310.0,1.0,2.491839226533104e-06,378836640.0,False
945,+102074+29086,26.12884751170192,91.69508346896014,28.00705,Cool roof,401310.0,1.0,2.491839226533104e-06,379237950.0,False
946,+102068+29074,26.11806772844253,91.68969357734754,28.006561,Cool roof,401310.0,1.0,2.491839226533104e-06,379639260.0,False
947,+102166+29155,26.1908312661692,91.77772847512357,28.006012,Cool roof,401310.0,1.0,2.491839226533104e-06,380040570.0,False
948,+102094+29071,26.115372782436463,91.7130497744932,28.00589,Cool roof,401310.0,1.0,2.491839226533104e-06,380441880.0,False
949,+102062+29106,26.146813817624576,91.68430368542468,28.005157,Cool roof,401310.0,1.0,2.491839226533104e-06,380843190.0,False
950,+102050+29106,26.146813817543023,91.6735239019958,28.003906,Cool roof,401310.0,1.0,2.491839226533104e-06,381244500.0,False
951,+102046+29127,26.165678438173448,91.66993064093973,28.003662,Cool roof,401310.0,1.0,2.491839226533104e-06,381645810.0,False
952,+102090+29070,26.114474467257,91.70945651335556,28.002441,Cool roof,401310.0,1.0,2.491839226533104e-06,382047120.0,False
953,+102055+29099,26.140525610047373,91.67801547864418,28.002075,Cool roof,401310.0,1.0,2.491839226533104e-06,382448430.0,False
954,+102123+29136,26.173763275864133,91.739100917718,28.001862,Cool roof,401310.0,1.0,2.491839226533104e-06,382849740.0,False
955,+102109+29108,26.148610447742755,91.72652450360609,27.997711,Cool roof,401310.0,1.0,2.491839226533104e-06,383251050.0,False
956,+102155+29126,26.164780122941355,91.76784700669876,27.991455,Cool roof,401310.0,1.0,2.491839226533104e-06,383652360.0,False
957,+102060+29132,26.17017001465865,91.6825070546354,27.990692,Cool roof,401310.0,1.0,2.491839226533104e-06,384053670.0,False
958,+102027+29097,26.138728979618048,91.65286265071556,27.98941,Cool roof,401310.0,1.0,2.491839226533104e-06,384454980.0,False
959,+102199+29152,26.18813632067787,91.80737287971162,27.98935,Cool roof,401310.0,1.0,2.491839226533104e-06,384856290.0,False
960,+102084+29078,26.12166098927354,91.70406662203288,27.988617,Cool roof,401310.0,1.0,2.491839226533104e-06,385257600.0,False
961,+102067+29087,26.12974582682756,91.68879526192887,27.98526,Cool roof,401310.0,1.0,2.491839226533104e-06,385658910.0,False
962,+102054+29098,26.139627295005333,91.67711716317976,27.979889,Cool roof,401310.0,1.0,2.491839226533104e-06,386060220.0,False
963,+102091+29076,26.119864359398694,91.7103548286714,27.979858,Cool roof,401310.0,1.0,2.491839226533104e-06,386461530.0,False
964,+102175+29149,26.18544137452177,91.7858133128626,27.974579,Cool roof,401310.0,1.0,2.491839226533104e-06,386862840.0,False
965,+102046+29129,26.167475068623524,91.66993064082764,27.973969,Cool roof,401310.0,1.0,2.491839226533104e-06,387264150.0,False
966,+102061+29131,26.1692716997099,91.683405369985,27.973969,Cool roof,401310.0,1.0,2.491839226533104e-06,387665460.0,False
967,+102064+29121,26.16028854716558,91.68610031608377,27.97293,Cool roof,401310.0,1.0,2.491839226533104e-06,388066770.0,False
968,+102113+29116,26.155796970261463,91.73011776508535,27.97287,Cool roof,401310.0,1.0,2.491839226533104e-06,388468080.0,False
969,+102100+29088,26.1306441420156,91.7184396662664,27.972809,Cool roof,401310.0,1.0,2.491839226533104e-06,388869390.0,False
970,+102107+29093,26.13513571886377,91.72472787350446,27.970978,Cool roof,401310.0,1.0,2.491839226533104e-06,389270700.0,False
971,+102201+29146,26.18274642836588,91.809169509956,27.970673,Cool roof,401310.0,1.0,2.491839226533104e-06,389672010.0,False
972,+102057+29131,26.16927169982959,91.67981210929248,27.969818,Cool roof,401310.0,1.0,2.491839226533104e-06,390073320.0,False
973,+102114+29108,26.14861044771392,91.73101608048816,27.9693,Cool roof,401310.0,1.0,2.491839226533104e-06,390474630.0,False
974,+102092+29077,26.120762673720936,91.71125314398132,27.96762,Cool roof,401310.0,1.0,2.491839226533104e-06,390875940.0,False
975,+102056+29123,26.16208517714915,91.6789137936037,27.967499,Cool roof,401310.0,1.0,2.491839226533104e-06,391277250.0,False
976,+102108+29100,26.141423925949177,91.72562618880612,27.966858,Cool roof,401310.0,1.0,2.491839226533104e-06,391678560.0,False
977,+102086+29129,26.16747506868996,91.70586325251966,27.966125,Cool roof,401310.0,1.0,2.491839226533104e-06,392079870.0,False
978,+102052+29108,26.14861044785461,91.67532053272755,27.965973,Cool roof,401310.0,1.0,2.491839226533104e-06,392481180.0,False
979,+102080+29109,26.14950876327649,91.70047336039008,27.965881,Cool roof,401310.0,1.0,2.491839226533104e-06,392882490.0,False
980,+102053+29126,26.164780122840497,91.67621884798533,27.965668,Cool roof,401310.0,1.0,2.491839226533104e-06,393283800.0,False
981,+102094+29072,26.116271097501745,91.7130497742552,27.964142,Cool roof,401310.0,1.0,2.491839226533104e-06,393685110.0,False
982,+102108+29097,26.138728979850647,91.72562618837928,27.96167,Cool roof,401310.0,1.0,2.491839226533104e-06,394086420.0,False
983,+102106+29097,26.13872897988406,91.72382955798244,27.96164,Cool roof,401310.0,1.0,2.491839226533104e-06,394487730.0,False
984,+102113+29111,26.15130539414915,91.73011776509404,27.960419,Cool roof,401310.0,1.0,2.491839226533104e-06,394889040.0,False
985,+102143+29143,26.180051482958792,91.75706722364536,27.959625,Cool roof,401310.0,1.0,2.491839226533104e-06,395290350.0,False
986,+102091+29122,26.161186861715613,91.71035482852692,27.95337,Cool roof,401310.0,1.0,2.491839226533104e-06,395691660.0,False
987,+102200+29145,26.18184811353464,91.80827119448864,27.952087,Cool roof,401310.0,1.0,2.491839226533104e-06,396092970.0,False
988,+102077+29104,26.14501718650797,91.69777841432668,27.951202,Cool roof,401310.0,1.0,2.491839226533104e-06,396494280.0,False
989,+102076+29098,26.139627295182105,91.69688009949722,27.951141,Cool roof,401310.0,1.0,2.491839226533104e-06,396895590.0,False
990,+102091+29121,26.16028854718016,91.71035482845508,27.949127,Cool roof,401310.0,1.0,2.491839226533104e-06,397296900.0,False
991,+102076+29110,26.15040707825121,91.6968800994601,27.948944,Cool roof,401310.0,1.0,2.491839226533104e-06,397698210.0,False
992,+102058+29085,26.127949196135777,91.68071042432854,27.947906,Cool roof,401310.0,1.0,2.491839226533104e-06,398099520.0,False
993,+102112+29110,26.15040707817968,91.72921944950878,27.946442,Cool roof,401310.0,1.0,2.491839226533104e-06,398500830.0,False
994,+102058+29088,26.130644141888787,91.68071042408263,27.945465,Cool roof,401310.0,1.0,2.491839226533104e-06,398902140.0,False
995,+102165+29155,26.19083126608276,91.7768301596254,27.937347,Cool roof,401310.0,1.0,2.491839226533104e-06,399303450.0,False
996,+102108+29107,26.147712132814306,91.7256261887539,27.935852,Cool roof,401310.0,1.0,2.491839226533104e-06,399704760.0,False
997,+102203+29152,26.188136320768507,91.81096614034888,27.93512,Cool roof,401310.0,1.0,2.491839226533104e-06,400106070.0,False
998,+102050+29094,26.13603403429838,91.6735239021138,27.93332,Cool roof,401310.0,1.0,2.491839226533104e-06,400507380.0,False
999,+102114+29114,26.1540003395511,91.7310160801824,27.932526,Cool roof,401310.0,1.0,2.491839226533104e-06,400908690.0,False
1000,+102060+29103,26.14411887190661,91.68250705480384,27.931915,Cool roof,401310.0,1.0,2.491839226533104e-06,401310000.0,False
1001,+102080+29118,26.157593601107315,91.70047336053152,27.931793,Cool roof,401310.0,1.0,2.491839226533104e-06,401711310.0,False
1002,+102111+29110,26.150407078010737,91.72832113434002,27.931152,Cool roof,401310.0,1.0,2.491839226533104e-06,402112620.0,False
1003,+102123+29135,26.17286496046679,91.73910091774414,27.929932,Cool roof,401310.0,1.0,2.491839226533104e-06,402513930.0,False
1004,+102060+29130,26.168373384123424,91.68250705477422,27.929626,Cool roof,401310.0,1.0,2.491839226533104e-06,402915240.0,False
1005,+102112+29111,26.151305394077305,91.7292194495454,27.929565,Cool roof,401310.0,1.0,2.491839226533104e-06,403316550.0,False
1006,+102062+29105,26.14591550175409,91.68430368549328,27.929016,Cool roof,401310.0,1.0,2.491839226533104e-06,403717860.0,False
1007,+102067+29085,26.12794919609925,91.68879526202552,27.928772,Cool roof,401310.0,1.0,2.491839226533104e-06,404119170.0,False
1008,+102167+29139,26.176458222184127,91.77862679029184,27.927948,Cool roof,401310.0,1.0,2.491839226533104e-06,404520480.0,False
1009,+102055+29123,26.162085177174458,91.67801547839898,27.927643,Cool roof,401310.0,1.0,2.491839226533104e-06,404921790.0,False
1010,+102202+29149,26.18544137439593,91.81006782557026,27.927216,Cool roof,401310.0,1.0,2.491839226533104e-06,405323100.0,False
1011,+102054+29099,26.140525610142927,91.67711716301598,27.92566,Cool roof,401310.0,1.0,2.491839226533104e-06,405724410.0,False
1012,+102054+29124,26.16298349269733,91.67711716294804,27.925262,Cool roof,401310.0,1.0,2.491839226533104e-06,406125720.0,False
1013,+102084+29117,26.15669528559584,91.70406662197882,27.924866,Cool roof,401310.0,1.0,2.491839226533104e-06,406527030.0,False
1014,+102201+29148,26.184543059582666,91.80916950997388,27.922943,Cool roof,401310.0,1.0,2.491839226533104e-06,406928340.0,False
1015,+102156+29125,26.16388180785648,91.76874532220354,27.922394,Cool roof,401310.0,1.0,2.491839226533104e-06,407329650.0,False
1016,+102104+29086,26.12884751164401,91.72203292729634,27.914581,Cool roof,401310.0,1.0,2.491839226533104e-06,407730960.0,False
1017,+102083+29100,26.14142392596564,91.7031683063656,27.913666,Cool roof,401310.0,1.0,2.491839226533104e-06,408132270.0,False
1018,+102184+29143,26.18005148263226,91.79389814996112,27.911926,Cool roof,401310.0,1.0,2.491839226533104e-06,408533580.0,False
1019,+102077+29103,26.14411887172231,91.69777841438844,27.905884,Cool roof,401310.0,1.0,2.491839226533104e-06,408934890.0,False
1020,+102055+29113,26.153102024569407,91.67801547853986,27.90561,Cool roof,401310.0,1.0,2.491839226533104e-06,409336200.0,False
1021,+102065+29122,26.161186861801543,91.68699863103076,27.904877,Cool roof,401310.0,1.0,2.491839226533104e-06,409737510.0,False
1022,+102084+29116,26.155796970049416,91.70406662200712,27.90326,Cool roof,401310.0,1.0,2.491839226533104e-06,410138820.0,False
1023,+102048+29106,26.14681381752662,91.67172727112928,27.902802,Cool roof,401310.0,1.0,2.491839226533104e-06,410540130.0,False
1024,+102042+29107,26.147712132927293,91.66633737974456,27.902222,Cool roof,401310.0,1.0,2.491839226533104e-06,410941440.0,False
1025,+102057+29122,26.161186861694617,91.67981210920776,27.901459,Cool roof,401310.0,1.0,2.491839226533104e-06,411342750.0,False
1026,+102045+29101,26.142322240890497,91.66903232590091,27.901276,Cool roof,401310.0,1.0,2.491839226533104e-06,411744060.0,False
1027,+102107+29107,26.14771213282185,91.72472787316812,27.899872,Cool roof,401310.0,1.0,2.491839226533104e-06,412145370.0,False
1028,+102103+29086,26.128847511770186,91.72113461230256,27.899597,Cool roof,401310.0,1.0,2.491839226533104e-06,412546680.0,False
1029,+102105+29085,26.127949196339475,91.7229312424875,27.89914,Cool roof,401310.0,1.0,2.491839226533104e-06,412947990.0,False
1030,+102055+29112,26.15220370867136,91.67801547844924,27.89859,Cool roof,401310.0,1.0,2.491839226533104e-06,413349300.0,False
1031,+102079+29109,26.149508763395968,91.69957504545498,27.893646,Cool roof,401310.0,1.0,2.491839226533104e-06,413750610.0,False
1032,+102064+29112,26.15220370870909,91.68610031602012,27.891693,Cool roof,401310.0,1.0,2.491839226533104e-06,414151920.0,False
1033,+102064+29111,26.151305394025187,91.68610031627684,27.885834,Cool roof,401310.0,1.0,2.491839226533104e-06,414553230.0,False
1034,+102052+29109,26.149508763358632,91.67532053303214,27.883698,Cool roof,401310.0,1.0,2.491839226533104e-06,414954540.0,False
1035,+102111+29107,26.147712132699752,91.72832113446444,27.88266,Cool roof,401310.0,1.0,2.491839226533104e-06,415355850.0,False
1036,+102136+29146,26.18274642869381,91.75077901632145,27.88263,Cool roof,401310.0,1.0,2.491839226533104e-06,415757160.0,False
1037,+102107+29095,26.13693234912308,91.72472787317996,27.880035,Cool roof,401310.0,1.0,2.491839226533104e-06,416158470.0,False
1038,+102105+29087,26.12974582688991,91.72293124255457,27.87741,Cool roof,401310.0,1.0,2.491839226533104e-06,416559780.0,False
1039,+102200+29150,26.18633968975765,91.80827119426536,27.875275,Cool roof,401310.0,1.0,2.491839226533104e-06,416961090.0,False
1040,+102044+29122,26.161186861584305,91.6681340103146,27.874176,Cool roof,401310.0,1.0,2.491839226533104e-06,417362400.0,False
1041,+102054+29109,26.149508763483503,91.67711716326043,27.873474,Cool roof,401310.0,1.0,2.491839226533104e-06,417763710.0,False
1042,+102056+29100,26.14142392588328,91.6789137932083,27.872559,Cool roof,401310.0,1.0,2.491839226533104e-06,418165020.0,False
1043,+102157+29138,26.175559906172783,91.76964363723742,27.87091,Cool roof,401310.0,1.0,2.491839226533104e-06,418566330.0,False
1044,+102110+29108,26.14861044774295,91.72742281901763,27.87082,Cool roof,401310.0,1.0,2.491839226533104e-06,418967640.0,False
1045,+102202+29151,26.18723800515872,91.81006782559884,27.870209,Cool roof,401310.0,1.0,2.491839226533104e-06,419368950.0,False
1046,+102078+29109,26.14950876343969,91.69867673030764,27.870056,Cool roof,401310.0,1.0,2.491839226533104e-06,419770260.0,False
1047,+102054+29121,26.16028854734906,91.67711716291358,27.869965,Cool roof,401310.0,1.0,2.491839226533104e-06,420171570.0,False
1048,+102074+29088,26.1306441419484,91.69508346876464,27.868286,Cool roof,401310.0,1.0,2.491839226533104e-06,420572880.0,False
1049,+102112+29107,26.14771213257015,91.72921944968924,27.867767,Cool roof,401310.0,1.0,2.491839226533104e-06,420974190.0,False
1050,+102049+29105,26.14591550174476,91.67262558698064,27.866882,Cool roof,401310.0,1.0,2.491839226533104e-06,421375500.0,False
1051,+102047+29095,26.1369323491793,91.67082895589468,27.864838,Cool roof,401310.0,1.0,2.491839226533104e-06,421776810.0,False
1052,+102054+29125,26.163881807719783,91.67711716310588,27.861725,Cool roof,401310.0,1.0,2.491839226533104e-06,422178120.0,False
1053,+102166+29140,26.1773565369272,91.77772847480432,27.861603,Cool roof,401310.0,1.0,2.491839226533104e-06,422579430.0,False
1054,+102200+29144,26.18094979783812,91.80827119437446,27.860382,Cool roof,401310.0,1.0,2.491839226533104e-06,422980740.0,False
1055,+102063+29112,26.15220370880273,91.68520200099326,27.86026,Cool roof,401310.0,1.0,2.491839226533104e-06,423382050.0,False
1056,+102060+29131,26.169271699801712,91.68250705483716,27.856537,Cool roof,401310.0,1.0,2.491839226533104e-06,423783360.0,False
1057,+102117+29123,26.16208517700799,91.73371102625744,27.856232,Cool roof,401310.0,1.0,2.491839226533104e-06,424184670.0,False
1058,+102115+29115,26.15489865473708,91.7319143955008,27.8555,Cool roof,401310.0,1.0,2.491839226533104e-06,424585980.0,False
1059,+102157+29125,26.16388180769454,91.76964363725328,27.854797,Cool roof,401310.0,1.0,2.491839226533104e-06,424987290.0,False
1060,+102048+29121,26.160288547322047,91.67172727123852,27.854523,Cool roof,401310.0,1.0,2.491839226533104e-06,425388600.0,False
1061,+102112+29106,26.14681381743297,91.72921944977092,27.851562,Cool roof,401310.0,1.0,2.491839226533104e-06,425789910.0,False
1062,+102110+29105,26.145915501692,91.72742281914738,27.851105,Cool roof,401310.0,1.0,2.491839226533104e-06,426191220.0,False
1063,+102202+29150,26.186339689735743,91.81006782570144,27.851044,Cool roof,401310.0,1.0,2.491839226533104e-06,426592530.0,False
1064,+102084+29079,26.122559304761456,91.7040666219072,27.849945,Cool roof,401310.0,1.0,2.491839226533104e-06,426993840.0,False
1065,+102084+29095,26.13693234900691,91.70406662194937,27.848297,Cool roof,401310.0,1.0,2.491839226533104e-06,427395150.0,False
1066,+102085+29128,26.16657675385556,91.70496493672113,27.845154,Cool roof,401310.0,1.0,2.491839226533104e-06,427796460.0,False
1067,+102087+29070,26.114474467177526,91.70676156727288,27.841034,Cool roof,401310.0,1.0,2.491839226533104e-06,428197770.0,False
1068,+102048+29129,26.167475068686464,91.67172727147484,27.837433,Cool roof,401310.0,1.0,2.491839226533104e-06,428599080.0,False
1069,+102193+29142,26.179153167911,91.80198298801128,27.837067,Cool roof,401310.0,1.0,2.491839226533104e-06,429000390.0,False
1070,+102105+29086,26.12884751180224,91.72293124253513,27.834747,Cool roof,401310.0,1.0,2.491839226533104e-06,429401700.0,False
1071,+102051+29105,26.1459155016746,91.67442221705058,27.83371,Cool roof,401310.0,1.0,2.491839226533104e-06,429803010.0,False
1072,+102057+29105,26.145915502000964,91.67981210923558,27.833649,Cool roof,401310.0,1.0,2.491839226533104e-06,430204320.0,False
1073,+102107+29099,26.14052561008173,91.72472787332336,27.831787,Cool roof,401310.0,1.0,2.491839226533104e-06,430605630.0,False
1074,+102171+29146,26.18274642845377,91.78222005135932,27.831268,Cool roof,401310.0,1.0,2.491839226533104e-06,431006940.0,False
1075,+102203+29149,26.18544137456105,91.81096614045892,27.830322,Cool roof,401310.0,1.0,2.491839226533104e-06,431408250.0,False
1076,+102082+29101,26.14232224085372,91.70226999141973,27.829803,Cool roof,401310.0,1.0,2.491839226533104e-06,431809560.0,False
1077,+102053+29101,26.142322240634584,91.67621884794954,27.827698,Cool roof,401310.0,1.0,2.491839226533104e-06,432210870.0,False
1078,+102143+29142,26.17915316796968,91.75706722354296,27.824371,Cool roof,401310.0,1.0,2.491839226533104e-06,432612180.0,False
1079,+102109+29102,26.143220555920056,91.72652450372802,27.82373,Cool roof,401310.0,1.0,2.491839226533104e-06,433013490.0,False
1080,+102101+29087,26.129745826964605,91.7193379814664,27.823273,Cool roof,401310.0,1.0,2.491839226533104e-06,433414800.0,False
1081,+102114+29111,26.15130539414561,91.73101608034196,27.82315,Cool roof,401310.0,1.0,2.491839226533104e-06,433816110.0,False
1082,+102115+29110,26.15040707823416,91.73191439540388,27.820251,Cool roof,401310.0,1.0,2.491839226533104e-06,434217420.0,False
1083,+102166+29141,26.17825485182752,91.777728474751,27.820068,Cool roof,401310.0,1.0,2.491839226533104e-06,434618730.0,False
1084,+102079+29111,26.15130539424605,91.69957504540989,27.819122,Cool roof,401310.0,1.0,2.491839226533104e-06,435020040.0,False
1085,+102125+29127,26.165678438230174,91.74089754866036,27.818634,Cool roof,401310.0,1.0,2.491839226533104e-06,435421350.0,False
1086,+102085+29116,26.155796970275823,91.7049649367284,27.818085,Cool roof,401310.0,1.0,2.491839226533104e-06,435822660.0,False
1087,+102056+29108,26.14861044774866,91.67891379360336,27.817413,Cool roof,401310.0,1.0,2.491839226533104e-06,436223970.0,False
1088,+102051+29100,26.141423925952907,91.67442221678446,27.815918,Cool roof,401310.0,1.0,2.491839226533104e-06,436625280.0,False
1089,+102102+29086,26.12884751181685,91.72023629655448,27.809906,Cool roof,401310.0,1.0,2.491839226533104e-06,437026590.0,False
1090,+102040+29120,26.159390231022048,91.66454074909144,27.808075,Cool roof,401310.0,1.0,2.491839226533104e-06,437427900.0,False
1091,+102074+29084,26.12705088093432,91.69508346901476,27.806152,Cool roof,401310.0,1.0,2.491839226533104e-06,437829210.0,False
1092,+102106+29095,26.13693234914648,91.72382955799972,27.805328,Cool roof,401310.0,1.0,2.491839226533104e-06,438230520.0,False
1093,+102066+29130,26.168373383955064,91.68789694667186,27.802734,Cool roof,401310.0,1.0,2.491839226533104e-06,438631830.0,False
1094,+102053+29102,26.143220556299475,91.67621884798793,27.801758,Cool roof,401310.0,1.0,2.491839226533104e-06,439033140.0,False
1095,+102105+29099,26.14052561023234,91.72293124260248,27.801483,Cool roof,401310.0,1.0,2.491839226533104e-06,439434450.0,False
1096,+102078+29108,26.148610447625973,91.6986767301848,27.801025,Cool roof,401310.0,1.0,2.491839226533104e-06,439835760.0,False
1097,+102076+29103,26.144118871810768,91.69688009950876,27.800629,Cool roof,401310.0,1.0,2.491839226533104e-06,440237070.0,False
1098,+102122+29135,26.17286496053345,91.73820260282668,27.798706,Cool roof,401310.0,1.0,2.491839226533104e-06,440638380.0,False
1099,+102056+29099,26.140525610056656,91.67891379337742,27.798676,Cool roof,401310.0,1.0,2.491839226533104e-06,441039690.0,False
1100,+102056+29131,26.169271699816967,91.67891379331108,27.796417,Cool roof,401310.0,1.0,2.491839226533104e-06,441441000.0,False
1101,+102054+29103,26.14411887166403,91.6771171633196,27.795685,Cool roof,401310.0,1.0,2.491839226533104e-06,441842310.0,False
1102,+102124+29127,26.165678438282665,91.739999233078,27.793182,Cool roof,401310.0,1.0,2.491839226533104e-06,442243620.0,False
1103,+102075+29111,26.15130539419153,91.69598178436244,27.792633,Cool roof,401310.0,1.0,2.491839226533104e-06,442644930.0,False
1104,+102201+29144,26.180949797807138,91.80916950990851,27.791626,Cool roof,401310.0,1.0,2.491839226533104e-06,443046240.0,False
1105,+102057+29121,26.160288547099885,91.67981210942938,27.790863,Cool roof,401310.0,1.0,2.491839226533104e-06,443447550.0,False
1106,+102085+29100,26.14142392589082,91.70496493688944,27.790283,Cool roof,401310.0,1.0,2.491839226533104e-06,443848860.0,False
1107,+102122+29143,26.180051483048064,91.73820260285063,27.789825,Cool roof,401310.0,1.0,2.491839226533104e-06,444250170.0,False
1108,+102056+29110,26.150407078127,91.67891379364757,27.788757,Cool roof,401310.0,1.0,2.491839226533104e-06,444651480.0,False
1109,+102086+29120,26.159390230877168,91.705863252499,27.78772,Cool roof,401310.0,1.0,2.491839226533104e-06,445052790.0,False
1110,+102057+29120,26.15939023077384,91.67981210938588,27.78357,Cool roof,401310.0,1.0,2.491839226533104e-06,445454100.0,False
1111,+102119+29124,26.162983492782512,91.73550765636618,27.782196,Cool roof,401310.0,1.0,2.491839226533104e-06,445855410.0,False
1112,+102107+29094,26.13603403413526,91.72472787335629,27.782135,Cool roof,401310.0,1.0,2.491839226533104e-06,446256720.0,False
1113,+102088+29075,26.118966043493646,91.70765988318904,27.781189,Cool roof,401310.0,1.0,2.491839226533104e-06,446658030.0,False
1114,+102055+29100,26.14142392590584,91.67801547879682,27.780182,Cool roof,401310.0,1.0,2.491839226533104e-06,447059340.0,False
1115,+102191+29146,26.1827464285902,91.80018635684952,27.779266,Cool roof,401310.0,1.0,2.491839226533104e-06,447460650.0,False
1116,+102143+29144,26.18094979807686,91.7570672235018,27.7789,Cool roof,401310.0,1.0,2.491839226533104e-06,447861960.0,False
1117,+102079+29110,26.150407078080924,91.6995750454496,27.778778,Cool roof,401310.0,1.0,2.491839226533104e-06,448263270.0,False
1118,+102099+29086,26.12884751202424,91.71754135078778,27.778412,Cool roof,401310.0,1.0,2.491839226533104e-06,448664580.0,False
1119,+102048+29117,26.15669528563345,91.67172727137572,27.776855,Cool roof,401310.0,1.0,2.491839226533104e-06,449065890.0,False
1120,+102084+29128,26.166576753948867,91.70406662173625,27.77539,Cool roof,401310.0,1.0,2.491839226533104e-06,449467200.0,False
1121,+102112+29108,26.14861044788011,91.72921944958068,27.775238,Cool roof,401310.0,1.0,2.491839226533104e-06,449868510.0,False
1122,+102123+29143,26.18005148300383,91.73910091774736,27.772614,Cool roof,401310.0,1.0,2.491839226533104e-06,450269820.0,False
1123,+102048+29120,26.15939023088678,91.67172727127796,27.770477,Cool roof,401310.0,1.0,2.491839226533104e-06,450671130.0,False
1124,+102075+29084,26.12705088099178,91.69598178402744,27.765533,Cool roof,401310.0,1.0,2.491839226533104e-06,451072440.0,False
1125,+102082+29113,26.15310202458804,91.7022699914733,27.765533,Cool roof,401310.0,1.0,2.491839226533104e-06,451473750.0,False
1126,+102057+29087,26.12974582699943,91.67981210905916,27.764832,Cool roof,401310.0,1.0,2.491839226533104e-06,451875060.0,False
1127,+102108+29101,26.14232224081891,91.72562618881784,27.764679,Cool roof,401310.0,1.0,2.491839226533104e-06,452276370.0,False
1128,+102174+29146,26.182746428684307,91.78491499708292,27.76419,Cool roof,401310.0,1.0,2.491839226533104e-06,452677680.0,False
1129,+102090+29071,26.115372782130432,91.70945651333182,27.76416,Cool roof,401310.0,1.0,2.491839226533104e-06,453078990.0,False
1130,+102115+29109,26.1495087635171,91.731914395396,27.762848,Cool roof,401310.0,1.0,2.491839226533104e-06,453480300.0,False
1131,+102063+29104,26.145017186461224,91.6852020010184,27.760162,Cool roof,401310.0,1.0,2.491839226533104e-06,453881610.0,False
1132,+102194+29145,26.18184811357141,91.80288130283986,27.75885,Cool roof,401310.0,1.0,2.491839226533104e-06,454282920.0,False
1133,+102202+29146,26.18274642861739,91.81006782558596,27.758362,Cool roof,401310.0,1.0,2.491839226533104e-06,454684230.0,False
1134,+102179+29148,26.184543059432805,91.7894065738132,27.75473,Cool roof,401310.0,1.0,2.491839226533104e-06,455085540.0,False
1135,+102198+29149,26.18544137450377,91.80647456368185,27.754456,Cool roof,401310.0,1.0,2.491839226533104e-06,455486850.0,False
1136,+102109+29100,26.141423926021943,91.7265245036984,27.754364,Cool roof,401310.0,1.0,2.491839226533104e-06,455888160.0,False
1137,+102084+29129,26.167475068455985,91.70406662176156,27.750977,Cool roof,401310.0,1.0,2.491839226533104e-06,456289470.0,False
1138,+102050+29108,26.148610447726504,91.67352390219816,27.749847,Cool roof,401310.0,1.0,2.491839226533104e-06,456690780.0,False
1139,+102115+29108,26.14861044769903,91.73191439513582,27.748688,Cool roof,401310.0,1.0,2.491839226533104e-06,457092090.0,False
1140,+102059+29104,26.145017186556224,91.68160873954577,27.748138,Cool roof,401310.0,1.0,2.491839226533104e-06,457493400.0,False
1141,+102106+29098,26.1396272950263,91.7238295578184,27.746979,Cool roof,401310.0,1.0,2.491839226533104e-06,457894710.0,False
1142,+102079+29096,26.137830664452544,91.69957504534784,27.743927,Cool roof,401310.0,1.0,2.491839226533104e-06,458296020.0,False
1143,+102052+29122,26.161186861659964,91.67532053265076,27.743011,Cool roof,401310.0,1.0,2.491839226533104e-06,458697330.0,False
1144,+102087+29128,26.16657675381621,91.70676156739148,27.74228,Cool roof,401310.0,1.0,2.491839226533104e-06,459098640.0,False
1145,+102054+29122,26.16118686149316,91.67711716296486,27.741638,Cool roof,401310.0,1.0,2.491839226533104e-06,459499950.0,False
1146,+102039+29120,26.15939023104921,91.6636424338816,27.741241,Cool roof,401310.0,1.0,2.491839226533104e-06,459901260.0,False
1147,+102113+29108,26.148610447835058,91.73011776495942,27.736786,Cool roof,401310.0,1.0,2.491839226533104e-06,460302570.0,False
1148,+102155+29125,26.16388180776355,91.76784700666,27.735443,Cool roof,401310.0,1.0,2.491839226533104e-06,460703880.0,False
1149,+102057+29100,26.14142392596572,91.67981210933915,27.734833,Cool roof,401310.0,1.0,2.491839226533104e-06,461105190.0,False
1150,+102106+29100,26.14142392593582,91.7238295583089,27.734497,Cool roof,401310.0,1.0,2.491839226533104e-06,461506500.0,False
1151,+102056+29111,26.15130539406376,91.6789137934981,27.733978,Cool roof,401310.0,1.0,2.491839226533104e-06,461907810.0,False
1152,+102191+29144,26.180949798075712,91.80018635711004,27.731415,Cool roof,401310.0,1.0,2.491839226533104e-06,462309120.0,False
1153,+102056+29107,26.147712132581745,91.6789137936352,27.729156,Cool roof,401310.0,1.0,2.491839226533104e-06,462710430.0,False
1154,+102156+29137,26.1746615911002,91.76874532247628,27.72882,Cool roof,401310.0,1.0,2.491839226533104e-06,463111740.0,False
1155,+102046+29104,26.145017186430227,91.66993064101038,27.72818,Cool roof,401310.0,1.0,2.491839226533104e-06,463513050.0,False
1156,+102099+29085,26.12794919623898,91.71754135082308,27.726776,Cool roof,401310.0,1.0,2.491839226533104e-06,463914360.0,False
1157,+102044+29096,26.13783066458776,91.66813401054442,27.725983,Cool roof,401310.0,1.0,2.491839226533104e-06,464315670.0,False
1158,+102120+29127,26.16567843849548,91.73640597195794,27.725525,Cool roof,401310.0,1.0,2.491839226533104e-06,464716980.0,False
1159,+102052+29116,26.15579697015909,91.67532053290688,27.724457,Cool roof,401310.0,1.0,2.491839226533104e-06,465118290.0,False
1160,+102105+29090,26.132440772533105,91.72293124221676,27.723663,Cool roof,401310.0,1.0,2.491839226533104e-06,465519600.0,False
1161,+102083+29101,26.14232224072318,91.7031683062855,27.722748,Cool roof,401310.0,1.0,2.491839226533104e-06,465920910.0,False
1162,+102158+29152,26.18813632083616,91.7705419532344,27.718262,Cool roof,401310.0,1.0,2.491839226533104e-06,466322220.0,False
1163,+102186+29143,26.180051482927173,91.79569478086148,27.717377,Cool roof,401310.0,1.0,2.491839226533104e-06,466723530.0,False
1164,+102065+29112,26.152203708540583,91.68699863116402,27.717194,Cool roof,401310.0,1.0,2.491839226533104e-06,467124840.0,False
1165,+102046+29109,26.14950876353744,91.66993064124378,27.712921,Cool roof,401310.0,1.0,2.491839226533104e-06,467526150.0,False
1166,+102090+29072,26.11627109766096,91.70945651350242,27.710052,Cool roof,401310.0,1.0,2.491839226533104e-06,467927460.0,False
1167,+102053+29104,26.14501718659024,91.67621884817056,27.709686,Cool roof,401310.0,1.0,2.491839226533104e-06,468328770.0,False
1168,+102144+29142,26.179153167934462,91.7579655393616,27.709381,Cool roof,401310.0,1.0,2.491839226533104e-06,468730080.0,False
1169,+102174+29150,26.18633968964276,91.78491499729355,27.707886,Cool roof,401310.0,1.0,2.491839226533104e-06,469131390.0,False
1170,+102134+29143,26.18005148301524,91.74898238606868,27.702667,Cool roof,401310.0,1.0,2.491839226533104e-06,469532700.0,False
1171,+102057+29099,26.14052560998857,91.6798121091522,27.701752,Cool roof,401310.0,1.0,2.491839226533104e-06,469934010.0,False
1172,+102044+29106,26.14681381749125,91.66813401045935,27.701385,Cool roof,401310.0,1.0,2.491839226533104e-06,470335320.0,False
1173,+102078+29107,26.14771213274881,91.6986767300278,27.700226,Cool roof,401310.0,1.0,2.491839226533104e-06,470736630.0,False
1174,+102192+29144,26.18094979794362,91.80108467254544,27.699127,Cool roof,401310.0,1.0,2.491839226533104e-06,471137940.0,False
1175,+102156+29124,26.16298349263292,91.7687453222376,27.694977,Cool roof,401310.0,1.0,2.491839226533104e-06,471539250.0,False
1176,+102112+29116,26.15579697011579,91.72921944954896,27.694305,Cool roof,401310.0,1.0,2.491839226533104e-06,471940560.0,False
1177,+102178+29147,26.183644743934227,91.788508258235,27.691559,Cool roof,401310.0,1.0,2.491839226533104e-06,472341870.0,False
1178,+102084+29115,26.15489865498855,91.70406662200224,27.690552,Cool roof,401310.0,1.0,2.491839226533104e-06,472743180.0,False
1179,+102056+29112,26.15220370881368,91.67891379330923,27.690033,Cool roof,401310.0,1.0,2.491839226533104e-06,473144490.0,False
1180,+102135+29143,26.18005148304504,91.749880701362,27.688599,Cool roof,401310.0,1.0,2.491839226533104e-06,473545800.0,False
1181,+102049+29117,26.1566952855894,91.67262558713634,27.68747,Cool roof,401310.0,1.0,2.491839226533104e-06,473947110.0,False
1182,+102100+29085,26.1279491962735,91.71843966653245,27.686646,Cool roof,401310.0,1.0,2.491839226533104e-06,474348420.0,False
1183,+102045+29122,26.161186861667822,91.66903232605752,27.686005,Cool roof,401310.0,1.0,2.491839226533104e-06,474749730.0,False
1184,+102198+29151,26.187238004952487,91.80647456394009,27.68399,Cool roof,401310.0,1.0,2.491839226533104e-06,475151040.0,False
1185,+102175+29148,26.184543059362,91.78581331290204,27.683746,Cool roof,401310.0,1.0,2.491839226533104e-06,475552350.0,False
1186,+102200+29151,26.187238005192377,91.80827119433314,27.681854,Cool roof,401310.0,1.0,2.491839226533104e-06,475953660.0,False
1187,+102100+29087,26.129745827057462,91.7184396662342,27.679932,Cool roof,401310.0,1.0,2.491839226533104e-06,476354970.0,False
1188,+102076+29096,26.13783066454545,91.69688009942904,27.679901,Cool roof,401310.0,1.0,2.491839226533104e-06,476756280.0,False
1189,+102115+29117,26.156695285314555,91.7319143951746,27.679108,Cool roof,401310.0,1.0,2.491839226533104e-06,477157590.0,False
1190,+102068+29110,26.15040707817905,91.68969357701204,27.6781,Cool roof,401310.0,1.0,2.491839226533104e-06,477558900.0,False
1191,+102067+29073,26.11716941290464,91.68879526199888,27.675842,Cool roof,401310.0,1.0,2.491839226533104e-06,477960210.0,False
1192,+102079+29108,26.14861044779168,91.69957504542646,27.673737,Cool roof,401310.0,1.0,2.491839226533104e-06,478361520.0,False
1193,+102045+29096,26.13783066463827,91.66903232578665,27.668976,Cool roof,401310.0,1.0,2.491839226533104e-06,478762830.0,False
1194,+102078+29115,26.15489865481765,91.6986767300942,27.668915,Cool roof,401310.0,1.0,2.491839226533104e-06,479164140.0,False
1195,+102047+29098,26.139627295101267,91.67082895608668,27.668793,Cool roof,401310.0,1.0,2.491839226533104e-06,479565450.0,False
1196,+102157+29137,26.17466159113588,91.76964363735868,27.666992,Cool roof,401310.0,1.0,2.491839226533104e-06,479966760.0,False
1197,+102054+29100,26.14142392585122,91.67711716281254,27.666016,Cool roof,401310.0,1.0,2.491839226533104e-06,480368070.0,False
1198,+102088+29074,26.118067728434365,91.707659883137,27.662628,Cool roof,401310.0,1.0,2.491839226533104e-06,480769380.0,False
1199,+102144+29144,26.180949798009262,91.75796553914742,27.659393,Cool roof,401310.0,1.0,2.491839226533104e-06,481170690.0,False
1200,+102054+29123,26.16208517712668,91.67711716297627,27.658844,Cool roof,401310.0,1.0,2.491839226533104e-06,481572000.0,False
1201,+102109+29101,26.142322240869422,91.72652450383968,27.657745,Cool roof,401310.0,1.0,2.491839226533104e-06,481973310.0,False
1202,+102204+29151,26.18723800503333,91.81186445565514,27.655945,Cool roof,401310.0,1.0,2.491839226533104e-06,482374620.0,False
1203,+102196+29146,26.18274642879855,91.80467793364772,27.65561,Cool roof,401310.0,1.0,2.491839226533104e-06,482775930.0,False
1204,+102069+29110,26.150407078133483,91.69059189264598,27.654022,Cool roof,401310.0,1.0,2.491839226533104e-06,483177240.0,False
1205,+102059+29085,26.12794919616769,91.68160873935744,27.653656,Cool roof,401310.0,1.0,2.491839226533104e-06,483578550.0,False
1206,+102068+29072,26.11627109742235,91.6896935769171,27.653564,Cool roof,401310.0,1.0,2.491839226533104e-06,483979860.0,False
1207,+102088+29126,26.16478012294809,91.70765988314494,27.650848,Cool roof,401310.0,1.0,2.491839226533104e-06,484381170.0,False
1208,+102046+29130,26.168373383809048,91.66993064104815,27.649689,Cool roof,401310.0,1.0,2.491839226533104e-06,484782480.0,False
1209,+102078+29105,26.14591550191298,91.69867673006216,27.649689,Cool roof,401310.0,1.0,2.491839226533104e-06,485183790.0,False
1210,+102106+29099,26.14052561019572,91.72382955807772,27.648193,Cool roof,401310.0,1.0,2.491839226533104e-06,485585100.0,False
1211,+102065+29133,26.171068329885824,91.68699863099532,27.647766,Cool roof,401310.0,1.0,2.491839226533104e-06,485986410.0,False
1212,+102201+29145,26.18184811367957,91.80916950993584,27.645844,Cool roof,401310.0,1.0,2.491839226533104e-06,486387720.0,False
1213,+102058+29105,26.14591550184926,91.68071042444848,27.644928,Cool roof,401310.0,1.0,2.491839226533104e-06,486789030.0,False
1214,+102115+29114,26.154000339590475,91.73191439539852,27.644684,Cool roof,401310.0,1.0,2.491839226533104e-06,487190340.0,False
1215,+102085+29076,26.11986435919621,91.70496493670842,27.642242,Cool roof,401310.0,1.0,2.491839226533104e-06,487591650.0,False
1216,+102167+29155,26.19083126618812,91.77862679033134,27.641418,Cool roof,401310.0,1.0,2.491839226533104e-06,487992960.0,False
1217,+102080+29111,26.15130539425361,91.7004733603835,27.641266,Cool roof,401310.0,1.0,2.491839226533104e-06,488394270.0,False
1218,+102047+29107,26.147712132599548,91.67082895601555,27.640564,Cool roof,401310.0,1.0,2.491839226533104e-06,488795580.0,False
1219,+102084+29074,26.1180677284692,91.7040666217538,27.639832,Cool roof,401310.0,1.0,2.491839226533104e-06,489196890.0,False
1220,+102149+29126,26.16478012294216,91.7624571149601,27.638977,Cool roof,401310.0,1.0,2.491839226533104e-06,489598200.0,False
1221,+102194+29144,26.18094979801681,91.80288130288552,27.638092,Cool roof,401310.0,1.0,2.491839226533104e-06,489999510.0,False
1222,+102034+29100,26.14142392604089,91.65915085748448,27.636902,Cool roof,401310.0,1.0,2.491839226533104e-06,490400820.0,False
1223,+102042+29121,26.16028854720193,91.66633737986665,27.636536,Cool roof,401310.0,1.0,2.491839226533104e-06,490802130.0,False
1224,+102118+29123,26.162085177000165,91.73460934144802,27.635986,Cool roof,401310.0,1.0,2.491839226533104e-06,491203440.0,False
1225,+102185+29144,26.180949797950632,91.7947964653439,27.634796,Cool roof,401310.0,1.0,2.491839226533104e-06,491604750.0,False
1226,+102078+29106,26.146813817498376,91.69867673006236,27.634308,Cool roof,401310.0,1.0,2.491839226533104e-06,492006060.0,False
1227,+102088+29125,26.16388180788105,91.70765988315505,27.632599,Cool roof,401310.0,1.0,2.491839226533104e-06,492407370.0,False
1228,+102114+29112,26.152203708812834,91.73101608016464,27.631592,Cool roof,401310.0,1.0,2.491839226533104e-06,492808680.0,False
1229,+102086+29074,26.11806772852466,91.70586325239772,27.6232,Cool roof,401310.0,1.0,2.491839226533104e-06,493209990.0,False
1230,+102088+29128,26.16657675387016,91.70765988302786,27.621246,Cool roof,401310.0,1.0,2.491839226533104e-06,493611300.0,False
1231,+102074+29112,26.152203708744057,91.69508346895452,27.621063,Cool roof,401310.0,1.0,2.491839226533104e-06,494012610.0,False
1232,+102173+29147,26.183644744095325,91.78401668199744,27.61911,Cool roof,401310.0,1.0,2.491839226533104e-06,494413920.0,False
1233,+102087+29125,26.163881807748645,91.70676156747436,27.617859,Cool roof,401310.0,1.0,2.491839226533104e-06,494815230.0,False
1234,+102053+29124,26.16298349279068,91.67621884820672,27.617462,Cool roof,401310.0,1.0,2.491839226533104e-06,495216540.0,False
1235,+102081+29098,26.13962729502877,91.70137167581184,27.617096,Cool roof,401310.0,1.0,2.491839226533104e-06,495617850.0,False
1236,+102120+29128,26.16657675366704,91.7364059719461,27.616974,Cool roof,401310.0,1.0,2.491839226533104e-06,496019160.0,False
1237,+102123+29119,26.158491916240195,91.7391009175307,27.616913,Cool roof,401310.0,1.0,2.491839226533104e-06,496420470.0,False
1238,+102094+29079,26.12255930502858,91.71304977443708,27.613922,Cool roof,401310.0,1.0,2.491839226533104e-06,496821780.0,False
1239,+102056+29109,26.149508763488424,91.6789137935321,27.613861,Cool roof,401310.0,1.0,2.491839226533104e-06,497223090.0,False
1240,+102114+29107,26.147712132629035,91.73101608055929,27.613403,Cool roof,401310.0,1.0,2.491839226533104e-06,497624400.0,False
1241,+102045+29129,26.167475068484123,91.6690323257809,27.613312,Cool roof,401310.0,1.0,2.491839226533104e-06,498025710.0,False
1242,+102038+29114,26.154000339441435,91.66274411878877,27.612518,Cool roof,401310.0,1.0,2.491839226533104e-06,498427020.0,False
1243,+102177+29151,26.187238005111936,91.78760994339208,27.611237,Cool roof,401310.0,1.0,2.491839226533104e-06,498828330.0,False
1244,+102109+29105,26.145915501625424,91.72652450367828,27.610779,Cool roof,401310.0,1.0,2.491839226533104e-06,499229640.0,False
1245,+102115+29107,26.147712132635338,91.73191439507538,27.609772,Cool roof,401310.0,1.0,2.491839226533104e-06,499630950.0,False
1246,+102093+29072,26.116271097574,91.71215145931518,27.60971,Cool roof,401310.0,1.0,2.491839226533104e-06,500032260.0,False
1247,+102084+29070,26.11447446708313,91.70406662207591,27.609192,Cool roof,401310.0,1.0,2.491839226533104e-06,500433570.0,False
1248,+102054+29097,26.138728980077268,91.67711716307784,27.608673,Cool roof,401310.0,1.0,2.491839226533104e-06,500834880.0,False
1249,+102191+29145,26.18184811347059,91.8001863568715,27.60553,Cool roof,401310.0,1.0,2.491839226533104e-06,501236190.0,False
1250,+102080+29097,26.138728979856737,91.70047336073416,27.602814,Cool roof,401310.0,1.0,2.491839226533104e-06,501637500.0,False
1251,+102157+29152,26.188136320713284,91.7696436373538,27.602295,Cool roof,401310.0,1.0,2.491839226533104e-06,502038810.0,False
1252,+102201+29150,26.18633968987197,91.80916950996168,27.599762,Cool roof,401310.0,1.0,2.491839226533104e-06,502440120.0,False
1253,+102054+29101,26.14232224073417,91.6771171630212,27.598083,Cool roof,401310.0,1.0,2.491839226533104e-06,502841430.0,False
1254,+102114+29104,26.1450171864816,91.73101608016158,27.59616,Cool roof,401310.0,1.0,2.491839226533104e-06,503242740.0,False
1255,+102174+29148,26.184543059263,91.7849149972154,27.594574,Cool roof,401310.0,1.0,2.491839226533104e-06,503644050.0,False
1256,+102089+29069,26.113576152036096,91.7085581982004,27.594482,Cool roof,401310.0,1.0,2.491839226533104e-06,504045360.0,False
1257,+102055+29103,26.144118871622904,91.67801547833992,27.59439,Cool roof,401310.0,1.0,2.491839226533104e-06,504446670.0,False
1258,+102039+29115,26.15489865496565,91.6636424336228,27.593292,Cool roof,401310.0,1.0,2.491839226533104e-06,504847980.0,False
1259,+102043+29106,26.146813817519984,91.66723569527356,27.59201,Cool roof,401310.0,1.0,2.491839226533104e-06,505249290.0,False
1260,+102158+29125,26.16388180764152,91.77054195323926,27.586578,Cool roof,401310.0,1.0,2.491839226533104e-06,505650600.0,False
1261,+102164+29154,26.18993295098867,91.77593184403308,27.586395,Cool roof,401310.0,1.0,2.491839226533104e-06,506051910.0,False
1262,+102066+29109,26.149508763531607,91.68789694640652,27.584198,Cool roof,401310.0,1.0,2.491839226533104e-06,506453220.0,False
1263,+102078+29110,26.15040707815241,91.69867673017004,27.582489,Cool roof,401310.0,1.0,2.491839226533104e-06,506854530.0,False
1264,+102157+29135,26.17286496048232,91.7696436370984,27.581451,Cool roof,401310.0,1.0,2.491839226533104e-06,507255840.0,False
1265,+102086+29077,26.120762673797987,91.7058632523881,27.579315,Cool roof,401310.0,1.0,2.491839226533104e-06,507657150.0,False
1266,+102078+29059,26.10459299851292,91.69867672991074,27.575012,Cool roof,401310.0,1.0,2.491839226533104e-06,508058460.0,False
1267,+102061+29103,26.144118871769816,91.6834053700424,27.572113,Cool roof,401310.0,1.0,2.491839226533104e-06,508459770.0,False
1268,+102110+29103,26.14411887202024,91.72742281902164,27.570312,Cool roof,401310.0,1.0,2.491839226533104e-06,508861080.0,False
1269,+102084+29127,26.16567843829375,91.70406662167768,27.568237,Cool roof,401310.0,1.0,2.491839226533104e-06,509262390.0,False
1270,+102074+29087,26.12974582703942,91.6950834688802,27.56717,Cool roof,401310.0,1.0,2.491839226533104e-06,509663700.0,False
1271,+102111+29105,26.145915501682456,91.72832113441144,27.56662,Cool roof,401310.0,1.0,2.491839226533104e-06,510065010.0,False
1272,+102088+29076,26.11986435911796,91.70765988320944,27.566528,Cool roof,401310.0,1.0,2.491839226533104e-06,510466320.0,False
1273,+102192+29145,26.181848113331025,91.80108467244663,27.564606,Cool roof,401310.0,1.0,2.491839226533104e-06,510867630.0,False
1274,+102052+29126,26.164780122925706,91.67532053272942,27.564178,Cool roof,401310.0,1.0,2.491839226533104e-06,511268940.0,False
1275,+102082+29112,26.15220370857516,91.70226999118287,27.55893,Cool roof,401310.0,1.0,2.491839226533104e-06,511670250.0,False
1276,+102087+29074,26.11806772842948,91.70676156730792,27.557953,Cool roof,401310.0,1.0,2.491839226533104e-06,512071560.0,False
1277,+102085+29077,26.120762673708324,91.7049649365478,27.55661,Cool roof,401310.0,1.0,2.491839226533104e-06,512472870.0,False
1278,+102119+29123,26.162085176918914,91.73550765641218,27.55362,Cool roof,401310.0,1.0,2.491839226533104e-06,512874180.0,False
1279,+102061+29105,26.145915501846726,91.68340536998336,27.552338,Cool roof,401310.0,1.0,2.491839226533104e-06,513275490.0,False
1280,+102033+29099,26.14052561031388,91.65825254219926,27.551208,Cool roof,401310.0,1.0,2.491839226533104e-06,513676800.0,False
1281,+102081+29095,26.13693234909526,91.70137167575034,27.551178,Cool roof,401310.0,1.0,2.491839226533104e-06,514078110.0,False
1282,+102052+29123,26.162085176994392,91.67532053284386,27.55069,Cool roof,401310.0,1.0,2.491839226533104e-06,514479420.0,False
1283,+102181+29145,26.18184811341243,91.79120320397128,27.550537,Cool roof,401310.0,1.0,2.491839226533104e-06,514880730.0,False
1284,+102112+29105,26.14591550177865,91.72921944959968,27.549591,Cool roof,401310.0,1.0,2.491839226533104e-06,515282040.0,False
1285,+102165+29156,26.191729581866834,91.77683015965414,27.549591,Cool roof,401310.0,1.0,2.491839226533104e-06,515683350.0,False
1286,+102086+29075,26.118966043453696,91.70586325242716,27.54599,Cool roof,401310.0,1.0,2.491839226533104e-06,516084660.0,False
1287,+102117+29122,26.16118686176789,91.73371102609588,27.545227,Cool roof,401310.0,1.0,2.491839226533104e-06,516485970.0,False
1288,+102156+29136,26.17376327598661,91.76874532249224,27.544708,Cool roof,401310.0,1.0,2.491839226533104e-06,516887280.0,False
1289,+102061+29104,26.145017186479382,91.68340536991887,27.54422,Cool roof,401310.0,1.0,2.491839226533104e-06,517288590.0,False
1290,+102118+29124,26.162983492702057,91.73460934149304,27.54364,Cool roof,401310.0,1.0,2.491839226533104e-06,517689900.0,False
1291,+102198+29148,26.184543059541827,91.8064745636535,27.542328,Cool roof,401310.0,1.0,2.491839226533104e-06,518091210.0,False
1292,+102154+29126,26.164780122971752,91.76694869142956,27.538544,Cool roof,401310.0,1.0,2.491839226533104e-06,518492520.0,False
1293,+102115+29116,26.15579697032948,91.7319143953508,27.538147,Cool roof,401310.0,1.0,2.491839226533104e-06,518893830.0,False
1294,+102113+29107,26.147712132546467,91.73011776493618,27.537628,Cool roof,401310.0,1.0,2.491839226533104e-06,519295140.0,False
1295,+102148+29126,26.16478012289973,91.7615588000326,27.53656,Cool roof,401310.0,1.0,2.491839226533104e-06,519696450.0,False
1296,+102127+29135,26.172864960399004,91.74269417910816,27.53592,Cool roof,401310.0,1.0,2.491839226533104e-06,520097760.0,False
1297,+102055+29098,26.13962729512383,91.67801547845193,27.53537,Cool roof,401310.0,1.0,2.491839226533104e-06,520499070.0,False
1298,+102184+29146,26.18274642877313,91.79389814992965,27.535065,Cool roof,401310.0,1.0,2.491839226533104e-06,520900380.0,False
1299,+102044+29103,26.14411887186853,91.6681340104058,27.534882,Cool roof,401310.0,1.0,2.491839226533104e-06,521301690.0,False
1300,+102100+29086,26.128847511853024,91.71843966639815,27.534088,Cool roof,401310.0,1.0,2.491839226533104e-06,521703000.0,False
1301,+102081+29111,26.15130539418612,91.70137167595313,27.533325,Cool roof,401310.0,1.0,2.491839226533104e-06,522104310.0,False
1302,+102133+29146,26.182746428401103,91.74808407063662,27.533112,Cool roof,401310.0,1.0,2.491839226533104e-06,522505620.0,False
1303,+102123+29127,26.16567843826264,91.7391009177471,27.531097,Cool roof,401310.0,1.0,2.491839226533104e-06,522906930.0,False
1304,+102124+29135,26.172864960511014,91.7399992330406,27.529144,Cool roof,401310.0,1.0,2.491839226533104e-06,523308240.0,False
1305,+102183+29146,26.18274642854829,91.79299983526086,27.528717,Cool roof,401310.0,1.0,2.491839226533104e-06,523709550.0,False
1306,+102111+29106,26.14681381735884,91.72832113445158,27.528107,Cool roof,401310.0,1.0,2.491839226533104e-06,524110860.0,False
1307,+102056+29103,26.144118871687315,91.67891379336878,27.52768,Cool roof,401310.0,1.0,2.491839226533104e-06,524512170.0,False
1308,+102108+29106,26.14681381740684,91.72562618868368,27.52707,Cool roof,401310.0,1.0,2.491839226533104e-06,524913480.0,False
1309,+102157+29136,26.173763276035995,91.76964363723708,27.525818,Cool roof,401310.0,1.0,2.491839226533104e-06,525314790.0,False
1310,+102125+29123,26.162085177261424,91.74089754868156,27.525421,Cool roof,401310.0,1.0,2.491839226533104e-06,525716100.0,False
1311,+102155+29127,26.165678438242065,91.76784700672016,27.522217,Cool roof,401310.0,1.0,2.491839226533104e-06,526117410.0,False
1312,+102065+29109,26.14950876350327,91.6869986311986,27.522125,Cool roof,401310.0,1.0,2.491839226533104e-06,526518720.0,False
1313,+102126+29144,26.18094979805601,91.7417958635182,27.520905,Cool roof,401310.0,1.0,2.491839226533104e-06,526920030.0,False
1314,+102047+29122,26.161186861433592,91.67082895599162,27.52063,Cool roof,401310.0,1.0,2.491839226533104e-06,527321340.0,False
1315,+102092+29122,26.161186861633123,91.71125314412672,27.517334,Cool roof,401310.0,1.0,2.491839226533104e-06,527722650.0,False
1316,+102115+29111,26.151305394066853,91.7319143953856,27.516602,Cool roof,401310.0,1.0,2.491839226533104e-06,528123960.0,False
1317,+102175+29151,26.18723800500168,91.78581331296982,27.51535,Cool roof,401310.0,1.0,2.491839226533104e-06,528525270.0,False
1318,+102194+29142,26.17915316783663,91.80288130294976,27.51352,Cool roof,401310.0,1.0,2.491839226533104e-06,528926580.0,False
1319,+102077+29113,26.15310202446116,91.6977784144686,27.512787,Cool roof,401310.0,1.0,2.491839226533104e-06,529327890.0,False
1320,+102125+29144,26.18094979796472,91.74089754837856,27.512573,Cool roof,401310.0,1.0,2.491839226533104e-06,529729200.0,False
1321,+102204+29152,26.18813632084776,91.81186445582752,27.51175,Cool roof,401310.0,1.0,2.491839226533104e-06,530130510.0,False
1322,+102157+29124,26.16298349266684,91.76964363737814,27.511505,Cool roof,401310.0,1.0,2.491839226533104e-06,530531820.0,False
1323,+102156+29126,26.16478012283841,91.76874532215236,27.510101,Cool roof,401310.0,1.0,2.491839226533104e-06,530933130.0,False
1324,+102090+29076,26.119864359326066,91.70945651341547,27.508759,Cool roof,401310.0,1.0,2.491839226533104e-06,531334440.0,False
1325,+102110+29099,26.140525610185257,91.7274228191192,27.50772,Cool roof,401310.0,1.0,2.491839226533104e-06,531735750.0,False
1326,+102055+29101,26.14232224075693,91.67801547868416,27.507599,Cool roof,401310.0,1.0,2.491839226533104e-06,532137060.0,False
1327,+102181+29144,26.18094979811252,91.79120320402404,27.507294,Cool roof,401310.0,1.0,2.491839226533104e-06,532538370.0,False
1328,+102158+29124,26.162983492627696,91.7705419532288,27.506866,Cool roof,401310.0,1.0,2.491839226533104e-06,532939680.0,False
1329,+102092+29073,26.117169413150982,91.71125314387646,27.506409,Cool roof,401310.0,1.0,2.491839226533104e-06,533340990.0,False
1330,+102060+29105,26.14591550186308,91.6825070547087,27.505249,Cool roof,401310.0,1.0,2.491839226533104e-06,533742300.0,False
1331,+102064+29110,26.15040707815395,91.6861003160443,27.504639,Cool roof,401310.0,1.0,2.491839226533104e-06,534143610.0,False
1332,+102114+29113,26.153102024414483,91.73101608018682,27.50357,Cool roof,401310.0,1.0,2.491839226533104e-06,534544920.0,False
1333,+102164+29155,26.190831266110543,91.77593184416136,27.501556,Cool roof,401310.0,1.0,2.491839226533104e-06,534946230.0,False
1334,+102111+29104,26.145017186721848,91.72832113434406,27.495514,Cool roof,401310.0,1.0,2.491839226533104e-06,535347540.0,False
1335,+102046+29122,26.16118686149625,91.66993064083132,27.494293,Cool roof,401310.0,1.0,2.491839226533104e-06,535748850.0,False
1336,+102160+29154,26.18993295109978,91.77233858293744,27.4935,Cool roof,401310.0,1.0,2.491839226533104e-06,536150160.0,False
1337,+102110+29102,26.1432205558715,91.72742281903058,27.491577,Cool roof,401310.0,1.0,2.491839226533104e-06,536551470.0,False
1338,+102088+29120,26.159390231112607,91.70765988317198,27.490997,Cool roof,401310.0,1.0,2.491839226533104e-06,536952780.0,False
1339,+102091+29073,26.11716941308381,91.71035482874956,27.48935,Cool roof,401310.0,1.0,2.491839226533104e-06,537354090.0,False
1340,+102113+29115,26.154898654626194,91.73011776505022,27.485962,Cool roof,401310.0,1.0,2.491839226533104e-06,537755400.0,False
1341,+102075+29092,26.134237403401965,91.69598178420772,27.485077,Cool roof,401310.0,1.0,2.491839226533104e-06,538156710.0,False
1342,+102182+29147,26.183644743944985,91.79210151931493,27.485077,Cool roof,401310.0,1.0,2.491839226533104e-06,538558020.0,False
1343,+102157+29153,26.18903463525765,91.769643637427,27.484528,Cool roof,401310.0,1.0,2.491839226533104e-06,538959330.0,False
1344,+102083+29128,26.16657675396999,91.70316830641994,27.48346,Cool roof,401310.0,1.0,2.491839226533104e-06,539360640.0,False
1345,+102118+29139,26.17645822227624,91.73460934134089,27.482086,Cool roof,401310.0,1.0,2.491839226533104e-06,539761950.0,False
1346,+102052+29124,26.16298349281112,91.6753205327707,27.476868,Cool roof,401310.0,1.0,2.491839226533104e-06,540163260.0,False
1347,+102101+29086,26.12884751178385,91.71933798150349,27.475555,Cool roof,401310.0,1.0,2.491839226533104e-06,540564570.0,False
1348,+102086+29076,26.119864358948096,91.70586325242402,27.475403,Cool roof,401310.0,1.0,2.491839226533104e-06,540965880.0,False
1349,+102185+29145,26.18184811357764,91.79479646539762,27.475128,Cool roof,401310.0,1.0,2.491839226533104e-06,541367190.0,False
1350,+102095+29086,26.128847511730555,91.71394808974898,27.47342,Cool roof,401310.0,1.0,2.491839226533104e-06,541768500.0,False
1351,+102083+29095,26.136932349053755,91.70316830626624,27.46817,Cool roof,401310.0,1.0,2.491839226533104e-06,542169810.0,False
1352,+102118+29122,26.161186861780703,91.7346093416034,27.467743,Cool roof,401310.0,1.0,2.491839226533104e-06,542571120.0,False
1353,+102182+29145,26.181848113421417,91.79210151940232,27.467499,Cool roof,401310.0,1.0,2.491839226533104e-06,542972430.0,False
1354,+102151+29132,26.17017001492388,91.76425374537048,27.467133,Cool roof,401310.0,1.0,2.491839226533104e-06,543373740.0,False
1355,+102063+29113,26.153102024451822,91.68520200124352,27.461334,Cool roof,401310.0,1.0,2.491839226533104e-06,543775050.0,False
1356,+102124+29134,26.17196664516885,91.73999923290458,27.460236,Cool roof,401310.0,1.0,2.491839226533104e-06,544176360.0,False
1357,+102159+29152,26.18813632070883,91.77144026769253,27.459381,Cool roof,401310.0,1.0,2.491839226533104e-06,544577670.0,False
1358,+102062+29104,26.145017186599546,91.6843036855236,27.45932,Cool roof,401310.0,1.0,2.491839226533104e-06,544978980.0,False
1359,+102047+29118,26.157593600745383,91.670828956154,27.457489,Cool roof,401310.0,1.0,2.491839226533104e-06,545380290.0,False
1360,+102193+29144,26.18094979810595,91.8019829876684,27.457397,Cool roof,401310.0,1.0,2.491839226533104e-06,545781600.0,False
1361,+102202+29148,26.18454305945836,91.81006782543189,27.45639,Cool roof,401310.0,1.0,2.491839226533104e-06,546182910.0,False
1362,+102067+29129,26.16747506857816,91.68879526197988,27.455841,Cool roof,401310.0,1.0,2.491839226533104e-06,546584220.0,False
1363,+102078+29103,26.144118871739057,91.69867673018396,27.453522,Cool roof,401310.0,1.0,2.491839226533104e-06,546985530.0,False
1364,+102088+29062,26.10728794563225,91.70765988316415,27.453003,Cool roof,401310.0,1.0,2.491839226533104e-06,547386840.0,False
1365,+102093+29069,26.11357615196417,91.71215145917787,27.452423,Cool roof,401310.0,1.0,2.491839226533104e-06,547788150.0,False
1366,+102109+29098,26.139627295065303,91.72652450401014,27.451263,Cool roof,401310.0,1.0,2.491839226533104e-06,548189460.0,False
1367,+102080+29102,26.143220556107828,91.70047336035763,27.450714,Cool roof,401310.0,1.0,2.491839226533104e-06,548590770.0,False
1368,+102069+29111,26.15130539403728,91.6905918924112,27.447235,Cool roof,401310.0,1.0,2.491839226533104e-06,548992080.0,False
1369,+102184+29145,26.18184811341304,91.79389814980068,27.44632,Cool roof,401310.0,1.0,2.491839226533104e-06,549393390.0,False
1370,+102142+29143,26.18005148294052,91.7561689078433,27.445953,Cool roof,401310.0,1.0,2.491839226533104e-06,549794700.0,False
1371,+102099+29084,26.127050881110463,91.7175413508289,27.445282,Cool roof,401310.0,1.0,2.491839226533104e-06,550196010.0,False
1372,+102061+29106,26.14681381738396,91.6834053702356,27.443695,Cool roof,401310.0,1.0,2.491839226533104e-06,550597320.0,False
1373,+102078+29104,26.14501718649713,91.69867673025308,27.443146,Cool roof,401310.0,1.0,2.491839226533104e-06,550998630.0,False
1374,+102173+29148,26.184543059277186,91.78401668191648,27.442444,Cool roof,401310.0,1.0,2.491839226533104e-06,551399940.0,False
1375,+102062+29103,26.144118871738407,91.68430368528996,27.44223,Cool roof,401310.0,1.0,2.491839226533104e-06,551801250.0,False
1376,+102177+29152,26.188136320775595,91.78760994336945,27.44162,Cool roof,401310.0,1.0,2.491839226533104e-06,552202560.0,False
1377,+102107+29100,26.14142392598109,91.72472787300693,27.439056,Cool roof,401310.0,1.0,2.491839226533104e-06,552603870.0,False
1378,+102081+29096,26.13783066448632,91.70137167557864,27.43753,Cool roof,401310.0,1.0,2.491839226533104e-06,553005180.0,False
1379,+102056+29101,26.14232224088471,91.67891379345151,27.434174,Cool roof,401310.0,1.0,2.491839226533104e-06,553406490.0,False
1380,+102047+29126,26.16478012299272,91.67082895607128,27.426788,Cool roof,401310.0,1.0,2.491839226533104e-06,553807800.0,False
1381,+102076+29114,26.15400033963349,91.69688009931002,27.426544,Cool roof,401310.0,1.0,2.491839226533104e-06,554209110.0,False
1382,+102157+29151,26.18723800499092,91.76964363726326,27.426178,Cool roof,401310.0,1.0,2.491839226533104e-06,554610420.0,False
1383,+102155+29124,26.162983492707923,91.76784700660367,27.425842,Cool roof,401310.0,1.0,2.491839226533104e-06,555011730.0,False
1384,+102075+29112,26.15220370873537,91.69598178443565,27.424408,Cool roof,401310.0,1.0,2.491839226533104e-06,555413040.0,False
1385,+102113+29106,26.14681381743117,91.73011776488612,27.42331,Cool roof,401310.0,1.0,2.491839226533104e-06,555814350.0,False
1386,+102093+29071,26.11537278230139,91.71215145899926,27.422302,Cool roof,401310.0,1.0,2.491839226533104e-06,556215660.0,False
1387,+102080+29110,26.15040707811605,91.7004733602908,27.421173,Cool roof,401310.0,1.0,2.491839226533104e-06,556616970.0,False
1388,+102054+29102,26.14322055636703,91.67711716319025,27.419342,Cool roof,401310.0,1.0,2.491839226533104e-06,557018280.0,False
1389,+102124+29143,26.180051482889912,91.73999923324858,27.417206,Cool roof,401310.0,1.0,2.491839226533104e-06,557419590.0,False
1390,+102058+29103,26.14411887195009,91.68071042438972,27.416595,Cool roof,401310.0,1.0,2.491839226533104e-06,557820900.0,False
1391,+102204+29150,26.186339689803503,91.81186445570152,27.411652,Cool roof,401310.0,1.0,2.491839226533104e-06,558222210.0,False
1392,+102155+29136,26.17376327604793,91.76784700634984,27.411469,Cool roof,401310.0,1.0,2.491839226533104e-06,558623520.0,False
1393,+102113+29105,26.145915501798203,91.73011776503532,27.410736,Cool roof,401310.0,1.0,2.491839226533104e-06,559024830.0,False
1394,+102182+29144,26.18094979813112,91.79210151931532,27.408356,Cool roof,401310.0,1.0,2.491839226533104e-06,559426140.0,False
1395,+102160+29155,26.19083126627341,91.77233858294996,27.407745,Cool roof,401310.0,1.0,2.491839226533104e-06,559827450.0,False
1396,+102109+29106,26.14681381752762,91.72652450368186,27.407257,Cool roof,401310.0,1.0,2.491839226533104e-06,560228760.0,False
1397,+102076+29125,26.16388180786216,91.69688009917728,27.406189,Cool roof,401310.0,1.0,2.491839226533104e-06,560630070.0,False
1398,+102080+29108,26.1486104478818,91.70047336045504,27.404877,Cool roof,401310.0,1.0,2.491839226533104e-06,561031380.0,False
1399,+102126+29140,26.177356536790366,91.7417958639491,27.404633,Cool roof,401310.0,1.0,2.491839226533104e-06,561432690.0,False
1400,+102158+29138,26.175559906123848,91.77054195296866,27.40445,Cool roof,401310.0,1.0,2.491839226533104e-06,561834000.0,False
1401,+102077+29110,26.15040707833068,91.69777841435705,27.40387,Cool roof,401310.0,1.0,2.491839226533104e-06,562235310.0,False
1402,+102158+29137,26.17466159110064,91.7705419529519,27.401031,Cool roof,401310.0,1.0,2.491839226533104e-06,562636620.0,False
1403,+102047+29127,26.165678438125568,91.6708289561008,27.400726,Cool roof,401310.0,1.0,2.491839226533104e-06,563037930.0,False
1404,+102057+29110,26.150407078257462,91.67981210928475,27.400574,Cool roof,401310.0,1.0,2.491839226533104e-06,563439240.0,False
1405,+102121+29143,26.180051483022616,91.7373042868476,27.399597,Cool roof,401310.0,1.0,2.491839226533104e-06,563840550.0,False
1406,+102053+29123,26.162085177005995,91.67621884814456,27.3992,Cool roof,401310.0,1.0,2.491839226533104e-06,564241860.0,False
1407,+102093+29070,26.114474467321543,91.71215145887815,27.399078,Cool roof,401310.0,1.0,2.491839226533104e-06,564643170.0,False
1408,+102127+29140,26.17735653688916,91.74269417878372,27.39798,Cool roof,401310.0,1.0,2.491839226533104e-06,565044480.0,False
1409,+102110+29100,26.14142392601736,91.7274228191923,27.396149,Cool roof,401310.0,1.0,2.491839226533104e-06,565445790.0,False
1410,+102168+29156,26.19172958188728,91.7795251053512,27.395874,Cool roof,401310.0,1.0,2.491839226533104e-06,565847100.0,False
1411,+102159+29153,26.1890346352258,91.77144026759666,27.395294,Cool roof,401310.0,1.0,2.491839226533104e-06,566248410.0,False
1412,+102155+29137,26.17466159099376,91.76784700642182,27.394989,Cool roof,401310.0,1.0,2.491839226533104e-06,566649720.0,False
1413,+102123+29120,26.15939023066372,91.739100917672,27.393402,Cool roof,401310.0,1.0,2.491839226533104e-06,567051030.0,False
1414,+102174+29149,26.18544137461576,91.78491499726104,27.39209,Cool roof,401310.0,1.0,2.491839226533104e-06,567452340.0,False
1415,+102098+29086,26.12884751211593,91.7166430358739,27.391205,Cool roof,401310.0,1.0,2.491839226533104e-06,567853650.0,False
1416,+102053+29121,26.160288547163805,91.6762188483516,27.387543,Cool roof,401310.0,1.0,2.491839226533104e-06,568254960.0,False
1417,+102057+29112,26.15220370869912,91.67981210943702,27.38742,Cool roof,401310.0,1.0,2.491839226533104e-06,568656270.0,False
1418,+102082+29111,26.151305394043234,91.70226999131054,27.387238,Cool roof,401310.0,1.0,2.491839226533104e-06,569057580.0,False
1419,+102110+29106,26.146813817390445,91.7274228190562,27.385742,Cool roof,401310.0,1.0,2.491839226533104e-06,569458890.0,False
1420,+102116+29108,26.14861044779024,91.7328127106122,27.385468,Cool roof,401310.0,1.0,2.491839226533104e-06,569860200.0,False
1421,+102113+29114,26.154000339619053,91.73011776498826,27.3815,Cool roof,401310.0,1.0,2.491839226533104e-06,570261510.0,False
1422,+102088+29065,26.109982890249054,91.7076598830263,27.380463,Cool roof,401310.0,1.0,2.491839226533104e-06,570662820.0,False
1423,+102166+29139,26.176458222152924,91.77772847484232,27.37793,Cool roof,401310.0,1.0,2.491839226533104e-06,571064130.0,False
1424,+102106+29131,26.169271699854296,91.7238295579964,27.377228,Cool roof,401310.0,1.0,2.491839226533104e-06,571465440.0,False
1425,+102119+29128,26.16657675392347,91.73550765660612,27.37503,Cool roof,401310.0,1.0,2.491839226533104e-06,571866750.0,False
1426,+102172+29147,26.18364474402969,91.78311836662448,27.374237,Cool roof,401310.0,1.0,2.491839226533104e-06,572268060.0,False
1427,+102201+29143,26.180051482971944,91.80916951009928,27.37387,Cool roof,401310.0,1.0,2.491839226533104e-06,572669370.0,False
1428,+102062+29112,26.15220370863916,91.68430368557205,27.37381,Cool roof,401310.0,1.0,2.491839226533104e-06,573070680.0,False
1429,+102108+29105,26.14591550166408,91.72562618858534,27.372711,Cool roof,401310.0,1.0,2.491839226533104e-06,573471990.0,False
1430,+102109+29107,26.147712132730817,91.72652450365794,27.371674,Cool roof,401310.0,1.0,2.491839226533104e-06,573873300.0,False
1431,+102176+29152,26.1881363208558,91.78671162759645,27.371399,Cool roof,401310.0,1.0,2.491839226533104e-06,574274610.0,False
1432,+102190+29144,26.180949797956,91.79928804171588,27.371399,Cool roof,401310.0,1.0,2.491839226533104e-06,574675920.0,False
1433,+102058+29106,26.14681381747956,91.68071042430634,27.371338,Cool roof,401310.0,1.0,2.491839226533104e-06,575077230.0,False
1434,+102156+29135,26.17286496041906,91.76874532249109,27.370453,Cool roof,401310.0,1.0,2.491839226533104e-06,575478540.0,False
1435,+102062+29107,26.14771213261369,91.68430368554408,27.369263,Cool roof,401310.0,1.0,2.491839226533104e-06,575879850.0,False
1436,+102175+29146,26.18274642862269,91.78581331316764,27.368866,Cool roof,401310.0,1.0,2.491839226533104e-06,576281160.0,False
1437,+102057+29101,26.142322240935485,91.67981210926126,27.367157,Cool roof,401310.0,1.0,2.491839226533104e-06,576682470.0,False
1438,+102044+29123,26.162085177183656,91.66813401032996,27.363342,Cool roof,401310.0,1.0,2.491839226533104e-06,577083780.0,False
1439,+102116+29110,26.15040707810119,91.73281271046658,27.36319,Cool roof,401310.0,1.0,2.491839226533104e-06,577485090.0,False
1440,+102193+29145,26.181848113304103,91.80198298793532,27.362366,Cool roof,401310.0,1.0,2.491839226533104e-06,577886400.0,False
1441,+102137+29145,26.18184811346106,91.75167733188503,27.360565,Cool roof,401310.0,1.0,2.491839226533104e-06,578287710.0,False
1442,+102080+29096,26.13783066450837,91.70047336061712,27.359467,Cool roof,401310.0,1.0,2.491839226533104e-06,578689020.0,False
1443,+102174+29147,26.183644744092177,91.78491499715597,27.359192,Cool roof,401310.0,1.0,2.491839226533104e-06,579090330.0,False
1444,+102071+29105,26.14591550185702,91.69238852248375,27.35852,Cool roof,401310.0,1.0,2.491839226533104e-06,579491640.0,False
1445,+102121+29127,26.16567843836895,91.73730428718716,27.358215,Cool roof,401310.0,1.0,2.491839226533104e-06,579892950.0,False
1446,+102161+29154,26.18993295099176,91.77323689875035,27.35785,Cool roof,401310.0,1.0,2.491839226533104e-06,580294260.0,False
1447,+102110+29107,26.14771213275325,91.72742281893773,27.3573,Cool roof,401310.0,1.0,2.491839226533104e-06,580695570.0,False
1448,+102081+29108,26.14861044789616,91.70137167562802,27.356903,Cool roof,401310.0,1.0,2.491839226533104e-06,581096880.0,False
1449,+102045+29127,26.16567843833096,91.66903232571396,27.355927,Cool roof,401310.0,1.0,2.491839226533104e-06,581498190.0,False
1450,+102059+29102,26.143220556098992,91.68160873982582,27.354645,Cool roof,401310.0,1.0,2.491839226533104e-06,581899500.0,False
1451,+102116+29122,26.161186861681653,91.73281271078898,27.354584,Cool roof,401310.0,1.0,2.491839226533104e-06,582300810.0,False
1452,+102125+29124,26.162983492640947,91.74089754854292,27.353607,Cool roof,401310.0,1.0,2.491839226533104e-06,582702120.0,False
1453,+102134+29142,26.179153167872617,91.74898238586448,27.351166,Cool roof,401310.0,1.0,2.491839226533104e-06,583103430.0,False
1454,+102119+29141,26.178254851988235,91.73550765665752,27.350128,Cool roof,401310.0,1.0,2.491839226533104e-06,583504740.0,False
1455,+102064+29108,26.14861044772512,91.6861003159185,27.348907,Cool roof,401310.0,1.0,2.491839226533104e-06,583906050.0,False
1456,+102202+29147,26.183644743974355,91.81006782573844,27.346222,Cool roof,401310.0,1.0,2.491839226533104e-06,584307360.0,False
1457,+102192+29146,26.18274642862493,91.80108467233846,27.343018,Cool roof,401310.0,1.0,2.491839226533104e-06,584708670.0,False
1458,+102096+29086,26.128847511696023,91.71484640518092,27.342377,Cool roof,401310.0,1.0,2.491839226533104e-06,585109980.0,False
1459,+102064+29104,26.14501718642844,91.68610031611952,27.340973,Cool roof,401310.0,1.0,2.491839226533104e-06,585511290.0,False
1460,+102103+29130,26.1683733839802,91.72113461211632,27.339142,Cool roof,401310.0,1.0,2.491839226533104e-06,585912600.0,False
1461,+102088+29061,26.106389629141724,91.70765988314568,27.338593,Cool roof,401310.0,1.0,2.491839226533104e-06,586313910.0,False
1462,+102142+29144,26.180949798256908,91.75616890778596,27.338287,Cool roof,401310.0,1.0,2.491839226533104e-06,586715220.0,False
1463,+102114+29105,26.145915501741467,91.73101608017008,27.337952,Cool roof,401310.0,1.0,2.491839226533104e-06,587116530.0,False
1464,+102064+29113,26.15310202450977,91.68610031572558,27.337341,Cool roof,401310.0,1.0,2.491839226533104e-06,587517840.0,False
1465,+102111+29118,26.15759360089028,91.72832113439304,27.33722,Cool roof,401310.0,1.0,2.491839226533104e-06,587919150.0,False
1466,+102081+29110,26.15040707825764,91.70137167595388,27.336395,Cool roof,401310.0,1.0,2.491839226533104e-06,588320460.0,False
1467,+102150+29132,26.170170014934907,91.76335543076743,27.335602,Cool roof,401310.0,1.0,2.491839226533104e-06,588721770.0,False
1468,+102059+29105,26.1459155018033,91.6816087395735,27.334839,Cool roof,401310.0,1.0,2.491839226533104e-06,589123080.0,False
1469,+102125+29145,26.181848113532347,91.74089754841008,27.334503,Cool roof,401310.0,1.0,2.491839226533104e-06,589524390.0,False
1470,+102058+29112,26.152203708691527,91.68071042421867,27.333405,Cool roof,401310.0,1.0,2.491839226533104e-06,589925700.0,False
1471,+102164+29156,26.191729581907065,91.77593184404812,27.333221,Cool roof,401310.0,1.0,2.491839226533104e-06,590327010.0,False
1472,+102157+29134,26.171966645146416,91.7696436371683,27.330353,Cool roof,401310.0,1.0,2.491839226533104e-06,590728320.0,False
1473,+102063+29108,26.1486104476974,91.68520200096911,27.328705,Cool roof,401310.0,1.0,2.491839226533104e-06,591129630.0,False
1474,+102163+29154,26.1899329509363,91.77503352977445,27.326965,Cool roof,401310.0,1.0,2.491839226533104e-06,591530940.0,False
1475,+102122+29137,26.174661591096324,91.73820260269936,27.325653,Cool roof,401310.0,1.0,2.491839226533104e-06,591932250.0,False
1476,+102190+29146,26.18274642866809,91.79928804185388,27.32486,Cool roof,401310.0,1.0,2.491839226533104e-06,592333560.0,False
1477,+102063+29109,26.14950876358376,91.68520200091884,27.32483,Cool roof,401310.0,1.0,2.491839226533104e-06,592734870.0,False
1478,+102066+29132,26.170170014852165,91.6878969468212,27.32431,Cool roof,401310.0,1.0,2.491839226533104e-06,593136180.0,False
1479,+102089+29120,26.159390230937824,91.70855819787135,27.323822,Cool roof,401310.0,1.0,2.491839226533104e-06,593537490.0,False
1480,+102063+29110,26.150407078004893,91.68520200105682,27.321533,Cool roof,401310.0,1.0,2.491839226533104e-06,593938800.0,False
1481,+102178+29145,26.181848113514704,91.78850825831206,27.321533,Cool roof,401310.0,1.0,2.491839226533104e-06,594340110.0,False
1482,+102133+29145,26.18184811362315,91.74808407063897,27.319794,Cool roof,401310.0,1.0,2.491839226533104e-06,594741420.0,False
1483,+102116+29115,26.15489865468044,91.73281271054954,27.314575,Cool roof,401310.0,1.0,2.491839226533104e-06,595142730.0,False
1484,+102158+29135,26.172864960474648,91.77054195331938,27.314362,Cool roof,401310.0,1.0,2.491839226533104e-06,595544040.0,False
1485,+102057+29108,26.148610447760426,91.67981210920142,27.314056,Cool roof,401310.0,1.0,2.491839226533104e-06,595945350.0,False
1486,+102158+29136,26.17376327601428,91.7705419531442,27.31369,Cool roof,401310.0,1.0,2.491839226533104e-06,596346660.0,False
1487,+102057+29106,26.146813817480734,91.67981210918802,27.31314,Cool roof,401310.0,1.0,2.491839226533104e-06,596747970.0,False
1488,+102149+29136,26.17376327620087,91.7624571154443,27.312561,Cool roof,401310.0,1.0,2.491839226533104e-06,597149280.0,False
1489,+102121+29136,26.173763276148502,91.73730428717886,27.31192,Cool roof,401310.0,1.0,2.491839226533104e-06,597550590.0,False
1490,+102116+29107,26.1477121325657,91.73281271064587,27.311005,Cool roof,401310.0,1.0,2.491839226533104e-06,597951900.0,False
1491,+102161+29155,26.190831266334,91.77323689867892,27.309875,Cool roof,401310.0,1.0,2.491839226533104e-06,598353210.0,False
1492,+102118+29138,26.175559906344283,91.73460934145588,27.305511,Cool roof,401310.0,1.0,2.491839226533104e-06,598754520.0,False
1493,+102170+29145,26.18184811364426,91.78132173637134,27.304169,Cool roof,401310.0,1.0,2.491839226533104e-06,599155830.0,False
1494,+102043+29123,26.162085177242865,91.66723569490895,27.300934,Cool roof,401310.0,1.0,2.491839226533104e-06,599557140.0,False
1495,+102064+29109,26.14950876358139,91.68610031600022,27.300934,Cool roof,401310.0,1.0,2.491839226533104e-06,599958450.0,False
1496,+102084+29075,26.11896604326938,91.70406662176018,27.300629,Cool roof,401310.0,1.0,2.491839226533104e-06,600359760.0,False
1497,+102094+29086,26.128847511867445,91.71304977468932,27.297882,Cool roof,401310.0,1.0,2.491839226533104e-06,600761070.0,False
1498,+102167+29143,26.18005148286455,91.7786267903782,27.297882,Cool roof,401310.0,1.0,2.491839226533104e-06,601162380.0,False
1499,+102126+29135,26.17286496038613,91.74179586338283,27.29599,Cool roof,401310.0,1.0,2.491839226533104e-06,601563690.0,False
1500,+102065+29106,26.14681381716203,91.68699863112306,27.295929,Cool roof,401310.0,1.0,2.491839226533104e-06,601965000.0,False
1501,+102159+29154,26.189932951140086,91.77144026771008,27.29483,Cool roof,401310.0,1.0,2.491839226533104e-06,602366310.0,False
1502,+102168+29155,26.190831266139483,91.779525105348,27.294037,Cool roof,401310.0,1.0,2.491839226533104e-06,602767620.0,False
1503,+102083+29109,26.1495087633747,91.70316830602545,27.29245,Cool roof,401310.0,1.0,2.491839226533104e-06,603168930.0,False
1504,+102071+29112,26.15220370886622,91.69238852297366,27.289154,Cool roof,401310.0,1.0,2.491839226533104e-06,603570240.0,False
1505,+102125+29143,26.18005148288845,91.74089754832286,27.289032,Cool roof,401310.0,1.0,2.491839226533104e-06,603971550.0,False
1506,+102123+29144,26.18094979793761,91.73910091774972,27.286469,Cool roof,401310.0,1.0,2.491839226533104e-06,604372860.0,False
1507,+102116+29121,26.16028854718199,91.73281271073634,27.283173,Cool roof,401310.0,1.0,2.491839226533104e-06,604774170.0,False
1508,+102124+29144,26.18094979798592,91.73999923316477,27.28183,Cool roof,401310.0,1.0,2.491839226533104e-06,605175480.0,False
1509,+102197+29147,26.183644743874805,91.80557624872029,27.281555,Cool roof,401310.0,1.0,2.491839226533104e-06,605576790.0,False
1510,+102092+29121,26.16028854730528,91.71125314414569,27.27884,Cool roof,401310.0,1.0,2.491839226533104e-06,605978100.0,False
1511,+102201+29151,26.187238005118875,91.8091695099446,27.278748,Cool roof,401310.0,1.0,2.491839226533104e-06,606379410.0,False
1512,+102088+29064,26.10908457532612,91.70765988287856,27.277802,Cool roof,401310.0,1.0,2.491839226533104e-06,606780720.0,False
1513,+102083+29112,26.15220370869421,91.70316830636575,27.277435,Cool roof,401310.0,1.0,2.491839226533104e-06,607182030.0,False
1514,+102167+29138,26.1755599063269,91.7786267904022,27.275482,Cool roof,401310.0,1.0,2.491839226533104e-06,607583340.0,False
1515,+102135+29142,26.1791531679202,91.74988070147012,27.274445,Cool roof,401310.0,1.0,2.491839226533104e-06,607984650.0,False
1516,+102190+29145,26.18184811354083,91.79928804201585,27.273895,Cool roof,401310.0,1.0,2.491839226533104e-06,608385960.0,False
1517,+102163+29143,26.18005148287917,91.77503352932928,27.273773,Cool roof,401310.0,1.0,2.491839226533104e-06,608787270.0,False
1518,+102150+29126,26.164780122911328,91.76335543047172,27.272186,Cool roof,401310.0,1.0,2.491839226533104e-06,609188580.0,False
1519,+102056+29113,26.153102024498207,91.67891379330686,27.270325,Cool roof,401310.0,1.0,2.491839226533104e-06,609589890.0,False
1520,+102204+29149,26.185441374475072,91.81186445574116,27.268646,Cool roof,401310.0,1.0,2.491839226533104e-06,609991200.0,False
1521,+102113+29104,26.14501718651697,91.73011776515814,27.266968,Cool roof,401310.0,1.0,2.491839226533104e-06,610392510.0,False
1522,+102065+29107,26.14771213278847,91.68699863118552,27.2641,Cool roof,401310.0,1.0,2.491839226533104e-06,610793820.0,False
1523,+102094+29078,26.12166098925172,91.71304977443904,27.263947,Cool roof,401310.0,1.0,2.491839226533104e-06,611195130.0,False
1524,+102116+29109,26.14950876358731,91.73281271055237,27.262726,Cool roof,401310.0,1.0,2.491839226533104e-06,611596440.0,False
1525,+102158+29151,26.187238005127305,91.77054195300296,27.262482,Cool roof,401310.0,1.0,2.491839226533104e-06,611997750.0,False
1526,+102122+29144,26.180949798001947,91.73820260271349,27.260437,Cool roof,401310.0,1.0,2.491839226533104e-06,612399060.0,False
1527,+102128+29135,26.17286496034095,91.74359249405676,27.260284,Cool roof,401310.0,1.0,2.491839226533104e-06,612800370.0,False
1528,+102114+29106,26.14681381753509,91.73101608037788,27.259064,Cool roof,401310.0,1.0,2.491839226533104e-06,613201680.0,False
1529,+102091+29107,26.147712132799285,91.71035482887277,27.25888,Cool roof,401310.0,1.0,2.491839226533104e-06,613602990.0,False
1530,+102056+29102,26.14322055608963,91.67891379342964,27.258636,Cool roof,401310.0,1.0,2.491839226533104e-06,614004300.0,False
1531,+102094+29125,26.163881807692825,91.71304977461772,27.256866,Cool roof,401310.0,1.0,2.491839226533104e-06,614405610.0,False
1532,+102135+29144,26.18094979793577,91.74988070145784,27.256348,Cool roof,401310.0,1.0,2.491839226533104e-06,614806920.0,False
1533,+102065+29113,26.15310202449304,91.68699863122863,27.25595,Cool roof,401310.0,1.0,2.491839226533104e-06,615208230.0,False
1534,+102103+29128,26.16657675365529,91.7211346121094,27.25354,Cool roof,401310.0,1.0,2.491839226533104e-06,615609540.0,False
1535,+102060+29106,26.146813817249235,91.68250705460332,27.252838,Cool roof,401310.0,1.0,2.491839226533104e-06,616010850.0,False
1536,+102077+29058,26.103694684138382,91.69777841454604,27.252655,Cool roof,401310.0,1.0,2.491839226533104e-06,616412160.0,False
1537,+102137+29146,26.18274642853197,91.75167733199096,27.252563,Cool roof,401310.0,1.0,2.491839226533104e-06,616813470.0,False
1538,+102203+29146,26.1827464287996,91.81096614050593,27.25064,Cool roof,401310.0,1.0,2.491839226533104e-06,617214780.0,False
1539,+102140+29140,26.17735653688142,91.75437227756343,27.24759,Cool roof,401310.0,1.0,2.491839226533104e-06,617616090.0,False
1540,+102125+29135,26.172864960484123,91.74089754858772,27.245941,Cool roof,401310.0,1.0,2.491839226533104e-06,618017400.0,False
1541,+102195+29146,26.182746428677167,91.80377961819585,27.243958,Cool roof,401310.0,1.0,2.491839226533104e-06,618418710.0,False
1542,+102115+29112,26.152203708712733,91.73191439534092,27.243195,Cool roof,401310.0,1.0,2.491839226533104e-06,618820020.0,False
1543,+102119+29122,26.161186861720267,91.73550765643267,27.2417,Cool roof,401310.0,1.0,2.491839226533104e-06,619221330.0,False
1544,+102157+29150,26.18633968985281,91.76964363738156,27.240814,Cool roof,401310.0,1.0,2.491839226533104e-06,619622640.0,False
1545,+102085+29075,26.118966043311328,91.70496493683645,27.23819,Cool roof,401310.0,1.0,2.491839226533104e-06,620023950.0,False
1546,+102165+29154,26.18993295097352,91.77683015980702,27.237823,Cool roof,401310.0,1.0,2.491839226533104e-06,620425260.0,False
1547,+102124+29121,26.16028854725432,91.73999923343762,27.237396,Cool roof,401310.0,1.0,2.491839226533104e-06,620826570.0,False
1548,+102119+29127,26.165678438367472,91.73550765675373,27.234406,Cool roof,401310.0,1.0,2.491839226533104e-06,621227880.0,False
1549,+102120+29142,26.179153167698964,91.73640597206536,27.232513,Cool roof,401310.0,1.0,2.491839226533104e-06,621629190.0,False
1550,+102126+29145,26.181848113604403,91.74179586368948,27.231995,Cool roof,401310.0,1.0,2.491839226533104e-06,622030500.0,False
1551,+102185+29146,26.18274642856491,91.79479646521447,27.230988,Cool roof,401310.0,1.0,2.491839226533104e-06,622431810.0,False
1552,+102092+29120,26.15939023088164,91.7112531439075,27.2305,Cool roof,401310.0,1.0,2.491839226533104e-06,622833120.0,False
1553,+102117+29121,26.160288547107232,91.73371102613427,27.230377,Cool roof,401310.0,1.0,2.491839226533104e-06,623234430.0,False
1554,+102144+29134,26.171966645130865,91.75796553919211,27.22934,Cool roof,401310.0,1.0,2.491839226533104e-06,623635740.0,False
1555,+102150+29133,26.17106832975244,91.76335543067624,27.228638,Cool roof,401310.0,1.0,2.491839226533104e-06,624037050.0,False
1556,+102047+29125,26.16388180761895,91.67082895600036,27.227325,Cool roof,401310.0,1.0,2.491839226533104e-06,624438360.0,False
1557,+102125+29141,26.17825485198985,91.74089754836484,27.226654,Cool roof,401310.0,1.0,2.491839226533104e-06,624839670.0,False
1558,+102071+29100,26.141423925936483,91.69238852269936,27.226532,Cool roof,401310.0,1.0,2.491839226533104e-06,625240980.0,False
1559,+102152+29132,26.1701700148412,91.76515206101014,27.225403,Cool roof,401310.0,1.0,2.491839226533104e-06,625642290.0,False
1560,+102154+29136,26.17376327603849,91.76694869174656,27.22519,Cool roof,401310.0,1.0,2.491839226533104e-06,626043600.0,False
1561,+102055+29102,26.14322055635776,91.67801547853183,27.2247,Cool roof,401310.0,1.0,2.491839226533104e-06,626444910.0,False
1562,+102065+29108,26.14861044785928,91.68699863121076,27.223969,Cool roof,401310.0,1.0,2.491839226533104e-06,626846220.0,False
1563,+102066+29133,26.17106832992176,91.68789694672722,27.22348,Cool roof,401310.0,1.0,2.491839226533104e-06,627247530.0,False
1564,+102057+29102,26.14322055592688,91.67981210914418,27.223083,Cool roof,401310.0,1.0,2.491839226533104e-06,627648840.0,False
1565,+102183+29145,26.181848113542863,91.79299983527186,27.223022,Cool roof,401310.0,1.0,2.491839226533104e-06,628050150.0,False
1566,+102040+29115,26.15489865492977,91.66454074929167,27.221283,Cool roof,401310.0,1.0,2.491839226533104e-06,628451460.0,False
1567,+102053+29132,26.17017001479192,91.6762188479408,27.220398,Cool roof,401310.0,1.0,2.491839226533104e-06,628852770.0,False
1568,+102149+29133,26.17106832988876,91.76245711511304,27.219696,Cool roof,401310.0,1.0,2.491839226533104e-06,629254080.0,False
1569,+102110+29101,26.142322240842766,91.72742281901223,27.219269,Cool roof,401310.0,1.0,2.491839226533104e-06,629655390.0,False
1570,+102066+29108,26.148610447735816,91.68789694651238,27.21814,Cool roof,401310.0,1.0,2.491839226533104e-06,630056700.0,False
1571,+102124+29126,26.1647801228227,91.739999233199,27.215729,Cool roof,401310.0,1.0,2.491839226533104e-06,630458010.0,False
1572,+102107+29131,26.169271699741525,91.7247278734424,27.215363,Cool roof,401310.0,1.0,2.491839226533104e-06,630859320.0,False
1573,+102058+29087,26.129745827048385,91.68071042420344,27.214813,Cool roof,401310.0,1.0,2.491839226533104e-06,631260630.0,False
1574,+102087+29076,26.11986435898264,91.70676156735747,27.214325,Cool roof,401310.0,1.0,2.491839226533104e-06,631661940.0,False
1575,+102143+29134,26.17196664521855,91.75706722335038,27.213715,Cool roof,401310.0,1.0,2.491839226533104e-06,632063250.0,False
1576,+102125+29126,26.16478012297176,91.74089754841948,27.213196,Cool roof,401310.0,1.0,2.491839226533104e-06,632464560.0,False
1577,+102058+29102,26.14322055605135,91.68071042418948,27.213043,Cool roof,401310.0,1.0,2.491839226533104e-06,632865870.0,False
1578,+102126+29143,26.18005148281716,91.74179586354911,27.206818,Cool roof,401310.0,1.0,2.491839226533104e-06,633267180.0,False
1579,+102057+29103,26.14411887185711,91.67981210921376,27.203644,Cool roof,401310.0,1.0,2.491839226533104e-06,633668490.0,False
1580,+102191+29147,26.183644743839924,91.80018635704388,27.202484,Cool roof,401310.0,1.0,2.491839226533104e-06,634069800.0,False
1581,+102140+29139,26.17645822227559,91.75437227736428,27.20163,Cool roof,401310.0,1.0,2.491839226533104e-06,634471110.0,False
1582,+102098+29085,26.1279491961246,91.71664303581043,27.19986,Cool roof,401310.0,1.0,2.491839226533104e-06,634872420.0,False
1583,+102063+29103,26.14411887199456,91.68520200110584,27.196808,Cool roof,401310.0,1.0,2.491839226533104e-06,635273730.0,False
1584,+102057+29107,26.14771213262502,91.67981210910126,27.19577,Cool roof,401310.0,1.0,2.491839226533104e-06,635675040.0,False
1585,+102062+29110,26.150407078144305,91.6843036854491,27.193024,Cool roof,401310.0,1.0,2.491839226533104e-06,636076350.0,False
1586,+102102+29130,26.16837338396488,91.72023629689409,27.192352,Cool roof,401310.0,1.0,2.491839226533104e-06,636477660.0,False
1587,+102120+29141,26.17825485219377,91.73640597197917,27.192108,Cool roof,401310.0,1.0,2.491839226533104e-06,636878970.0,False
1588,+102148+29136,26.17376327612965,91.7615587993753,27.190826,Cool roof,401310.0,1.0,2.491839226533104e-06,637280280.0,False
1589,+102062+29109,26.14950876351072,91.68430368566943,27.190277,Cool roof,401310.0,1.0,2.491839226533104e-06,637681590.0,False
1590,+102047+29123,26.162085177296248,91.67082895596064,27.188324,Cool roof,401310.0,1.0,2.491839226533104e-06,638082900.0,False
1591,+102106+29130,26.16837338377716,91.7238295581907,27.18814,Cool roof,401310.0,1.0,2.491839226533104e-06,638484210.0,False
1592,+102084+29114,26.15400033946327,91.7040666219643,27.18686,Cool roof,401310.0,1.0,2.491839226533104e-06,638885520.0,False
1593,+102117+29119,26.15849191616917,91.73371102613343,27.186432,Cool roof,401310.0,1.0,2.491839226533104e-06,639286830.0,False
1594,+102057+29109,26.14950876346869,91.67981210926278,27.186005,Cool roof,401310.0,1.0,2.491839226533104e-06,639688140.0,False
1595,+102126+29139,26.17645822229552,91.74179586388372,27.185974,Cool roof,401310.0,1.0,2.491839226533104e-06,640089450.0,False
1596,+102156+29152,26.188136320522343,91.76874532218308,27.18576,Cool roof,401310.0,1.0,2.491839226533104e-06,640490760.0,False
1597,+102162+29143,26.18005148298158,91.77413521371469,27.18164,Cool roof,401310.0,1.0,2.491839226533104e-06,640892070.0,False
1598,+102126+29141,26.17825485195749,91.74179586376437,27.180267,Cool roof,401310.0,1.0,2.491839226533104e-06,641293380.0,False
1599,+102166+29142,26.17915316785688,91.77772847468252,27.17868,Cool roof,401310.0,1.0,2.491839226533104e-06,641694690.0,False
1600,+102121+29137,26.17466159095045,91.73730428707763,27.178314,Cool roof,401310.0,1.0,2.491839226533104e-06,642096000.0,False
1601,+102150+29136,26.173763276201,91.76335543029002,27.176636,Cool roof,401310.0,1.0,2.491839226533104e-06,642497310.0,False
1602,+102150+29127,26.1656784384668,91.76335543049206,27.176514,Cool roof,401310.0,1.0,2.491839226533104e-06,642898620.0,False
1603,+102111+29117,26.156695285512843,91.7283211342275,27.175537,Cool roof,401310.0,1.0,2.491839226533104e-06,643299930.0,False
1604,+102087+29065,26.10998289019213,91.70676156717816,27.175385,Cool roof,401310.0,1.0,2.491839226533104e-06,643701240.0,False
1605,+102095+29125,26.163881807680013,91.71394808982733,27.175323,Cool roof,401310.0,1.0,2.491839226533104e-06,644102550.0,False
1606,+102180+29145,26.181848113697857,91.79030488923276,27.173126,Cool roof,401310.0,1.0,2.491839226533104e-06,644503860.0,False
1607,+102059+29106,26.146813817402457,91.68160873956292,27.167633,Cool roof,401310.0,1.0,2.491839226533104e-06,644905170.0,False
1608,+102058+29086,26.12884751177945,91.68071042428548,27.167511,Cool roof,401310.0,1.0,2.491839226533104e-06,645306480.0,False
1609,+102068+29132,26.17017001476992,91.68969357717522,27.16748,Cool roof,401310.0,1.0,2.491839226533104e-06,645707790.0,False
1610,+102149+29128,26.16657675389669,91.76245711516265,27.167267,Cool roof,401310.0,1.0,2.491839226533104e-06,646109100.0,False
1611,+102076+29116,26.15579697011289,91.69688009925088,27.166351,Cool roof,401310.0,1.0,2.491839226533104e-06,646510410.0,False
1612,+102154+29125,26.16388180777972,91.76694869152612,27.165497,Cool roof,401310.0,1.0,2.491839226533104e-06,646911720.0,False
1613,+102131+29140,26.177356536946814,91.74628744004669,27.16397,Cool roof,401310.0,1.0,2.491839226533104e-06,647313030.0,False
1614,+102159+29151,26.187238005377395,91.7714402677715,27.161774,Cool roof,401310.0,1.0,2.491839226533104e-06,647714340.0,False
1615,+102142+29142,26.17915316775308,91.75616890765409,27.158508,Cool roof,401310.0,1.0,2.491839226533104e-06,648115650.0,False
1616,+102086+29125,26.163881807725343,91.7058632522607,27.15805,Cool roof,401310.0,1.0,2.491839226533104e-06,648516960.0,False
1617,+102124+29122,26.1611868615912,91.7399992332127,27.157684,Cool roof,401310.0,1.0,2.491839226533104e-06,648918270.0,False
1618,+102196+29147,26.1836447438295,91.80467793341224,27.157013,Cool roof,401310.0,1.0,2.491839226533104e-06,649319580.0,False
1619,+102159+29135,26.17286496057768,91.77144026766584,27.155548,Cool roof,401310.0,1.0,2.491839226533104e-06,649720890.0,False
1620,+102091+29072,26.11627109783559,91.71035482871244,27.153107,Cool roof,401310.0,1.0,2.491839226533104e-06,650122200.0,False
1621,+102154+29127,26.165678438104543,91.76694869154112,27.153107,Cool roof,401310.0,1.0,2.491839226533104e-06,650523510.0,False
1622,+102092+29072,26.11627109774598,91.7112531439414,27.153046,Cool roof,401310.0,1.0,2.491839226533104e-06,650924820.0,False
1623,+102143+29141,26.178254851794613,91.75706722342036,27.151154,Cool roof,401310.0,1.0,2.491839226533104e-06,651326130.0,False
1624,+102116+29116,26.155796970251824,91.73281271053284,27.14975,Cool roof,401310.0,1.0,2.491839226533104e-06,651727440.0,False
1625,+102117+29118,26.157593601019588,91.73371102609444,27.149078,Cool roof,401310.0,1.0,2.491839226533104e-06,652128750.0,False
1626,+102155+29135,26.17286496046667,91.76784700648624,27.147125,Cool roof,401310.0,1.0,2.491839226533104e-06,652530060.0,False
1627,+102150+29135,26.172864960364656,91.7633554304374,27.147064,Cool roof,401310.0,1.0,2.491839226533104e-06,652931370.0,False
1628,+102162+29154,26.18993295099797,91.77413521374312,27.146301,Cool roof,401310.0,1.0,2.491839226533104e-06,653332680.0,False
1629,+102116+29117,26.15669528539774,91.7328127107159,27.14389,Cool roof,401310.0,1.0,2.491839226533104e-06,653733990.0,False
1630,+102124+29142,26.17915316792304,91.73999923308206,27.142303,Cool roof,401310.0,1.0,2.491839226533104e-06,654135300.0,False
1631,+102117+29139,26.17645822225295,91.73371102621984,27.141083,Cool roof,401310.0,1.0,2.491839226533104e-06,654536610.0,False
1632,+102076+29102,26.14322055608273,91.69688009921468,27.137726,Cool roof,401310.0,1.0,2.491839226533104e-06,654937920.0,False
1633,+102120+29137,26.174661590915623,91.73640597183348,27.134735,Cool roof,401310.0,1.0,2.491839226533104e-06,655339230.0,False
1634,+102149+29151,26.18723800489704,91.76245711522532,27.133942,Cool roof,401310.0,1.0,2.491839226533104e-06,655740540.0,False
1635,+102158+29134,26.17196664533424,91.7705419530258,27.133728,Cool roof,401310.0,1.0,2.491839226533104e-06,656141850.0,False
1636,+102111+29116,26.155796970077816,91.7283211344867,27.133575,Cool roof,401310.0,1.0,2.491839226533104e-06,656543160.0,False
1637,+102162+29155,26.19083126632705,91.77413521381366,27.128876,Cool roof,401310.0,1.0,2.491839226533104e-06,656944470.0,False
1638,+102079+29103,26.144118871861185,91.6995750454467,27.126495,Cool roof,401310.0,1.0,2.491839226533104e-06,657345780.0,False
1639,+102151+29131,26.169271699788546,91.76425374553229,27.125397,Cool roof,401310.0,1.0,2.491839226533104e-06,657747090.0,False
1640,+102063+29107,26.14771213274777,91.6852020009817,27.125,Cool roof,401310.0,1.0,2.491839226533104e-06,658148400.0,False
1641,+102111+29131,26.169271699482334,91.72832113429376,27.124176,Cool roof,401310.0,1.0,2.491839226533104e-06,658549710.0,False
1642,+102116+29111,26.15130539427673,91.73281271058028,27.123474,Cool roof,401310.0,1.0,2.491839226533104e-06,658951020.0,False
1643,+102109+29131,26.16927169984648,91.72652450382276,27.12265,Cool roof,401310.0,1.0,2.491839226533104e-06,659352330.0,False
1644,+102136+29143,26.180051483005336,91.75077901635906,27.122559,Cool roof,401310.0,1.0,2.491839226533104e-06,659753640.0,False
1645,+102119+29142,26.17915316787764,91.73550765660464,27.122192,Cool roof,401310.0,1.0,2.491839226533104e-06,660154950.0,False
1646,+102149+29135,26.17286496034924,91.7624571152776,27.11969,Cool roof,401310.0,1.0,2.491839226533104e-06,660556260.0,False
1647,+102200+29143,26.18005148317865,91.80827119447883,27.118927,Cool roof,401310.0,1.0,2.491839226533104e-06,660957570.0,False
1648,+102123+29137,26.17466159117162,91.73910091766724,27.118896,Cool roof,401310.0,1.0,2.491839226533104e-06,661358880.0,False
1649,+102122+29127,26.165678438170072,91.73820260256798,27.118744,Cool roof,401310.0,1.0,2.491839226533104e-06,661760190.0,False
1650,+102145+29143,26.18005148296827,91.75886385378293,27.116364,Cool roof,401310.0,1.0,2.491839226533104e-06,662161500.0,False
1651,+102165+29132,26.17017001507003,91.77683015990864,27.115845,Cool roof,401310.0,1.0,2.491839226533104e-06,662562810.0,False
1652,+102150+29139,26.1764582220812,91.76335543063976,27.114319,Cool roof,401310.0,1.0,2.491839226533104e-06,662964120.0,False
1653,+102154+29137,26.17466159099856,91.76694869168033,27.112213,Cool roof,401310.0,1.0,2.491839226533104e-06,663365430.0,False
1654,+102161+29153,26.18903463510416,91.77323689880556,27.1109,Cool roof,401310.0,1.0,2.491839226533104e-06,663766740.0,False
1655,+102177+29145,26.181848113592,91.78760994326052,27.110504,Cool roof,401310.0,1.0,2.491839226533104e-06,664168050.0,False
1656,+102113+29103,26.14411887189336,91.73011776502804,27.10971,Cool roof,401310.0,1.0,2.491839226533104e-06,664569360.0,False
1657,+102155+29138,26.175559906240924,91.76784700670196,27.109161,Cool roof,401310.0,1.0,2.491839226533104e-06,664970670.0,False
1658,+102157+29126,26.16478012302674,91.7696436373372,27.108978,Cool roof,401310.0,1.0,2.491839226533104e-06,665371980.0,False
1659,+102148+29128,26.16657675388505,91.7615587999636,27.107635,Cool roof,401310.0,1.0,2.491839226533104e-06,665773290.0,False
1660,+102164+29143,26.18005148288923,91.77593184407552,27.107086,Cool roof,401310.0,1.0,2.491839226533104e-06,666174600.0,False
1661,+102085+29078,26.12166098923591,91.70496493658024,27.10672,Cool roof,401310.0,1.0,2.491839226533104e-06,666575910.0,False
1662,+102117+29109,26.149508763399933,91.73371102615782,27.106476,Cool roof,401310.0,1.0,2.491839226533104e-06,666977220.0,False
1663,+102155+29132,26.17017001489161,91.76784700656476,27.106049,Cool roof,401310.0,1.0,2.491839226533104e-06,667378530.0,False
1664,+102177+29147,26.183644743850028,91.78760994312948,27.101349,Cool roof,401310.0,1.0,2.491839226533104e-06,667779840.0,False
1665,+102169+29149,26.18544137441786,91.78042342138204,27.100922,Cool roof,401310.0,1.0,2.491839226533104e-06,668181150.0,False
1666,+102159+29136,26.173763275921807,91.77144026785412,27.098663,Cool roof,401310.0,1.0,2.491839226533104e-06,668582460.0,False
1667,+102059+29112,26.15220370860889,91.68160873959056,27.09729,Cool roof,401310.0,1.0,2.491839226533104e-06,668983770.0,False
1668,+102164+29148,26.184543059399,91.77593184429044,27.097015,Cool roof,401310.0,1.0,2.491839226533104e-06,669385080.0,False
1669,+102138+29145,26.181848113611075,91.75257564711724,27.096954,Cool roof,401310.0,1.0,2.491839226533104e-06,669786390.0,False
1670,+102151+29137,26.1746615909524,91.76425374564062,27.096466,Cool roof,401310.0,1.0,2.491839226533104e-06,670187700.0,False
1671,+102149+29150,26.18633968982474,91.76245711534231,27.095947,Cool roof,401310.0,1.0,2.491839226533104e-06,670589010.0,False
1672,+102162+29153,26.18903463512336,91.77413521365636,27.093658,Cool roof,401310.0,1.0,2.491839226533104e-06,670990320.0,False
1673,+102164+29144,26.180949798068283,91.77593184414982,27.093567,Cool roof,401310.0,1.0,2.491839226533104e-06,671391630.0,False
1674,+102156+29151,26.18723800514981,91.76874532223384,27.093536,Cool roof,401310.0,1.0,2.491839226533104e-06,671792940.0,False
1675,+102121+29135,26.1728649603472,91.73730428702908,27.092072,Cool roof,401310.0,1.0,2.491839226533104e-06,672194250.0,False
1676,+102109+29132,26.17017001485233,91.72652450401092,27.090363,Cool roof,401310.0,1.0,2.491839226533104e-06,672595560.0,False
1677,+102121+29128,26.166576753702405,91.73730428708582,27.0896,Cool roof,401310.0,1.0,2.491839226533104e-06,672996870.0,False
1678,+102132+29140,26.17735653687651,91.74718575516656,27.089203,Cool roof,401310.0,1.0,2.491839226533104e-06,673398180.0,False
1679,+102125+29140,26.17735653680333,91.74089754823636,27.086517,Cool roof,401310.0,1.0,2.491839226533104e-06,673799490.0,False
1680,+102140+29138,26.17555990621075,91.75437227736997,27.086456,Cool roof,401310.0,1.0,2.491839226533104e-06,674200800.0,False
1681,+102125+29125,26.163881807654104,91.74089754838036,27.086212,Cool roof,401310.0,1.0,2.491839226533104e-06,674602110.0,False
1682,+102137+29140,26.17735653674626,91.75167733193696,27.085236,Cool roof,401310.0,1.0,2.491839226533104e-06,675003420.0,False
1683,+102157+29123,26.16208517709077,91.76964363725976,27.085083,Cool roof,401310.0,1.0,2.491839226533104e-06,675404730.0,False
1684,+102163+29144,26.1809497978889,91.77503352949022,27.084259,Cool roof,401310.0,1.0,2.491839226533104e-06,675806040.0,False
1685,+102176+29145,26.1818481135998,91.7867116275674,27.083496,Cool roof,401310.0,1.0,2.491839226533104e-06,676207350.0,False
1686,+102123+29129,26.16747506861107,91.73910091738556,27.083313,Cool roof,401310.0,1.0,2.491839226533104e-06,676608660.0,False
1687,+102062+29115,26.154898654779668,91.68430368535876,27.082367,Cool roof,401310.0,1.0,2.491839226533104e-06,677009970.0,False
1688,+102110+29131,26.169271699700225,91.72742281916092,27.082367,Cool roof,401310.0,1.0,2.491839226533104e-06,677411280.0,False
1689,+102154+29132,26.17017001482524,91.76694869160704,27.081818,Cool roof,401310.0,1.0,2.491839226533104e-06,677812590.0,False
1690,+102120+29124,26.16298349260773,91.73640597206742,27.081055,Cool roof,401310.0,1.0,2.491839226533104e-06,678213900.0,False
1691,+102165+29148,26.18454305945872,91.77683015966974,27.081024,Cool roof,401310.0,1.0,2.491839226533104e-06,678615210.0,False
1692,+102124+29136,26.173763276070577,91.73999923337794,27.079803,Cool roof,401310.0,1.0,2.491839226533104e-06,679016520.0,False
1693,+102047+29119,26.158491916153032,91.6708289560625,27.079712,Cool roof,401310.0,1.0,2.491839226533104e-06,679417830.0,False
1694,+102180+29148,26.184543059551068,91.79030488926084,27.079712,Cool roof,401310.0,1.0,2.491839226533104e-06,679819140.0,False
1695,+102156+29134,26.171966645251068,91.7687453224726,27.079376,Cool roof,401310.0,1.0,2.491839226533104e-06,680220450.0,False
1696,+102141+29140,26.177356536907418,91.75527059321476,27.077972,Cool roof,401310.0,1.0,2.491839226533104e-06,680621760.0,False
1697,+102068+29105,26.14591550196313,91.689693577168,27.077911,Cool roof,401310.0,1.0,2.491839226533104e-06,681023070.0,False
1698,+102115+29106,26.146813817562744,91.73191439521464,27.077057,Cool roof,401310.0,1.0,2.491839226533104e-06,681424380.0,False
1699,+102043+29105,26.145915501764,91.66723569512791,27.074432,Cool roof,401310.0,1.0,2.491839226533104e-06,681825690.0,False
1700,+102176+29147,26.183644743878457,91.78671162760844,27.07129,Cool roof,401310.0,1.0,2.491839226533104e-06,682227000.0,False
1701,+102124+29123,26.162085177235827,91.73999923318932,27.068787,Cool roof,401310.0,1.0,2.491839226533104e-06,682628310.0,False
1702,+102156+29123,26.16208517704297,91.76874532225452,27.068756,Cool roof,401310.0,1.0,2.491839226533104e-06,683029620.0,False
1703,+102107+29105,26.145915501808457,91.7247278734883,27.068634,Cool roof,401310.0,1.0,2.491839226533104e-06,683430930.0,False
1704,+102115+29105,26.145915501790466,91.73191439532732,27.065582,Cool roof,401310.0,1.0,2.491839226533104e-06,683832240.0,False
1705,+102122+29128,26.16657675384739,91.7382026026024,27.06546,Cool roof,401310.0,1.0,2.491839226533104e-06,684233550.0,False
1706,+102091+29071,26.11537278214845,91.71035482864411,27.0654,Cool roof,401310.0,1.0,2.491839226533104e-06,684634860.0,False
1707,+102163+29156,26.191729581879947,91.77503352950536,27.061676,Cool roof,401310.0,1.0,2.491839226533104e-06,685036170.0,False
1708,+102111+29100,26.14142392575373,91.72832113425524,27.060791,Cool roof,401310.0,1.0,2.491839226533104e-06,685437480.0,False
1709,+102103+29129,26.167475068778103,91.72113461201442,27.060394,Cool roof,401310.0,1.0,2.491839226533104e-06,685838790.0,False
1710,+102159+29137,26.17466159099465,91.77144026780005,27.059479,Cool roof,401310.0,1.0,2.491839226533104e-06,686240100.0,False
1711,+102111+29103,26.144118871872788,91.7283211342496,27.05893,Cool roof,401310.0,1.0,2.491839226533104e-06,686641410.0,False
1712,+102108+29131,26.16927169973892,91.7256261884086,27.057098,Cool roof,401310.0,1.0,2.491839226533104e-06,687042720.0,False
1713,+102124+29124,26.162983492634744,91.7399992333674,27.056427,Cool roof,401310.0,1.0,2.491839226533104e-06,687444030.0,False
1714,+102176+29146,26.18274642867372,91.7867116274814,27.05304,Cool roof,401310.0,1.0,2.491839226533104e-06,687845340.0,False
1715,+102131+29139,26.176458222181783,91.74628744019182,27.05252,Cool roof,401310.0,1.0,2.491839226533104e-06,688246650.0,False
1716,+102062+29113,26.153102024501024,91.68430368546376,27.052277,Cool roof,401310.0,1.0,2.491839226533104e-06,688647960.0,False
1717,+102159+29134,26.171966645268984,91.77144026791252,27.051239,Cool roof,401310.0,1.0,2.491839226533104e-06,689049270.0,False
1718,+102160+29134,26.17196664513228,91.7723385830596,27.049286,Cool roof,401310.0,1.0,2.491839226533104e-06,689450580.0,False
1719,+102170+29146,26.18274642842044,91.78132173634994,27.048492,Cool roof,401310.0,1.0,2.491839226533104e-06,689851890.0,False
1720,+102116+29118,26.157593601031536,91.73281271064732,27.047485,Cool roof,401310.0,1.0,2.491839226533104e-06,690253200.0,False
1721,+102159+29138,26.175559906186315,91.77144026772926,27.046783,Cool roof,401310.0,1.0,2.491839226533104e-06,690654510.0,False
1722,+102120+29123,26.16208517712858,91.73640597197812,27.046295,Cool roof,401310.0,1.0,2.491839226533104e-06,691055820.0,False
1723,+102163+29134,26.17196664520397,91.77503352943032,27.046112,Cool roof,401310.0,1.0,2.491839226533104e-06,691457130.0,False
1724,+102152+29131,26.1692716997208,91.76515206103508,27.045624,Cool roof,401310.0,1.0,2.491839226533104e-06,691858440.0,False
1725,+102086+29070,26.11447446716785,91.705863252406,27.045563,Cool roof,401310.0,1.0,2.491839226533104e-06,692259750.0,False
1726,+102117+29134,26.171966645227656,91.73371102609752,27.04544,Cool roof,401310.0,1.0,2.491839226533104e-06,692661060.0,False
1727,+102159+29133,26.17106832985768,91.77144026814253,27.045288,Cool roof,401310.0,1.0,2.491839226533104e-06,693062370.0,False
1728,+102115+29136,26.173763276029025,91.73191439540376,27.044098,Cool roof,401310.0,1.0,2.491839226533104e-06,693463680.0,False
1729,+102160+29153,26.18903463519901,91.77233858313416,27.04364,Cool roof,401310.0,1.0,2.491839226533104e-06,693864990.0,False
1730,+102109+29133,26.171068329889746,91.72652450394544,27.042633,Cool roof,401310.0,1.0,2.491839226533104e-06,694266300.0,False
1731,+102062+29108,26.148610447775773,91.6843036856258,27.042389,Cool roof,401310.0,1.0,2.491839226533104e-06,694667610.0,False
1732,+102093+29068,26.112677836259103,91.71215145922076,27.0419,Cool roof,401310.0,1.0,2.491839226533104e-06,695068920.0,False
1733,+102112+29134,26.17196664534259,91.72921944971148,27.04129,Cool roof,401310.0,1.0,2.491839226533104e-06,695470230.0,False
1734,+102067+29132,26.17017001466487,91.68879526187992,27.040985,Cool roof,401310.0,1.0,2.491839226533104e-06,695871540.0,False
1735,+102166+29138,26.17555990646557,91.7777284748654,27.038666,Cool roof,401310.0,1.0,2.491839226533104e-06,696272850.0,False
1736,+102079+29107,26.14771213276025,91.6995750453636,27.03775,Cool roof,401310.0,1.0,2.491839226533104e-06,696674160.0,False
1737,+102151+29135,26.172864960490944,91.76425374567836,27.037323,Cool roof,401310.0,1.0,2.491839226533104e-06,697075470.0,False
1738,+102160+29133,26.17106832991629,91.77233858292657,27.036835,Cool roof,401310.0,1.0,2.491839226533104e-06,697476780.0,False
1739,+102183+29147,26.183644743865973,91.79299983523872,27.036713,Cool roof,401310.0,1.0,2.491839226533104e-06,697878090.0,False
1740,+102115+29113,26.15310202447521,91.73191439526988,27.035187,Cool roof,401310.0,1.0,2.491839226533104e-06,698279400.0,False
1741,+102148+29134,26.171966645159472,91.76155879974996,27.031158,Cool roof,401310.0,1.0,2.491839226533104e-06,698680710.0,False
1742,+102165+29133,26.17106832986444,91.77683015983943,27.030731,Cool roof,401310.0,1.0,2.491839226533104e-06,699082020.0,False
1743,+102193+29146,26.182746428590185,91.80198298796692,27.030548,Cool roof,401310.0,1.0,2.491839226533104e-06,699483330.0,False
1744,+102164+29153,26.189034635503745,91.77593184411516,27.030304,Cool roof,401310.0,1.0,2.491839226533104e-06,699884640.0,False
1745,+102152+29137,26.174661590795907,91.76515206106448,27.030182,Cool roof,401310.0,1.0,2.491839226533104e-06,700285950.0,False
1746,+102147+29146,26.182746428386444,91.76066048502726,27.029236,Cool roof,401310.0,1.0,2.491839226533104e-06,700687260.0,False
1747,+102156+29150,26.18633968981608,91.76874532226728,27.02826,Cool roof,401310.0,1.0,2.491839226533104e-06,701088570.0,False
1748,+102161+29134,26.171966645288045,91.77323689879238,27.024506,Cool roof,401310.0,1.0,2.491839226533104e-06,701489880.0,False
1749,+102083+29110,26.150407078314952,91.70316830609688,27.024261,Cool roof,401310.0,1.0,2.491839226533104e-06,701891190.0,False
1750,+102124+29145,26.181848113573107,91.73999923305632,27.024231,Cool roof,401310.0,1.0,2.491839226533104e-06,702292500.0,False
1751,+102089+29078,26.121660989184583,91.70855819804622,27.023895,Cool roof,401310.0,1.0,2.491839226533104e-06,702693810.0,False
1752,+102123+29134,26.171966645287043,91.73910091797202,27.021515,Cool roof,401310.0,1.0,2.491839226533104e-06,703095120.0,False
1753,+102124+29125,26.16388180784928,91.7399992332954,27.020782,Cool roof,401310.0,1.0,2.491839226533104e-06,703496430.0,False
1754,+102152+29134,26.17196664532086,91.76515206113156,27.019196,Cool roof,401310.0,1.0,2.491839226533104e-06,703897740.0,False
1755,+102112+29104,26.14501718665773,91.72921944962728,27.019073,Cool roof,401310.0,1.0,2.491839226533104e-06,704299050.0,False
1756,+102116+29134,26.171966645029016,91.73281271051248,27.018585,Cool roof,401310.0,1.0,2.491839226533104e-06,704700360.0,False
1757,+102153+29126,26.164780122929265,91.76605037686952,27.017365,Cool roof,401310.0,1.0,2.491839226533104e-06,705101670.0,False
1758,+102141+29139,26.17645822231813,91.75527059332885,27.01529,Cool roof,401310.0,1.0,2.491839226533104e-06,705502980.0,False
1759,+102165+29147,26.18364474400117,91.7768301597437,27.01529,Cool roof,401310.0,1.0,2.491839226533104e-06,705904290.0,False
1760,+102093+29124,26.16298349263449,91.71215145910496,27.01477,Cool roof,401310.0,1.0,2.491839226533104e-06,706305600.0,False
1761,+102186+29145,26.18184811367273,91.79569478080728,27.014069,Cool roof,401310.0,1.0,2.491839226533104e-06,706706910.0,False
1762,+102163+29153,26.189034635438563,91.77503352954636,27.012054,Cool roof,401310.0,1.0,2.491839226533104e-06,707108220.0,False
1763,+102118+29112,26.15220370868987,91.73460934151902,27.009552,Cool roof,401310.0,1.0,2.491839226533104e-06,707509530.0,False
1764,+102092+29071,26.115372782083952,91.71125314420092,27.00766,Cool roof,401310.0,1.0,2.491839226533104e-06,707910840.0,False
1765,+102164+29147,26.183644743929,91.77593184405268,27.006836,Cool roof,401310.0,1.0,2.491839226533104e-06,708312150.0,False
1766,+102154+29124,26.16298349270968,91.76694869160468,27.006378,Cool roof,401310.0,1.0,2.491839226533104e-06,708713460.0,False
1767,+102117+29110,26.150407078256663,91.73371102620403,27.006317,Cool roof,401310.0,1.0,2.491839226533104e-06,709114770.0,False
1768,+102042+29104,26.145017186608445,91.6663373797016,27.006012,Cool roof,401310.0,1.0,2.491839226533104e-06,709516080.0,False
1769,+102103+29131,26.16927169958093,91.7211346121894,27.00534,Cool roof,401310.0,1.0,2.491839226533104e-06,709917390.0,False
1770,+102137+29141,26.17825485207561,91.7516773319246,27.00418,Cool roof,401310.0,1.0,2.491839226533104e-06,710318700.0,False
1771,+102125+29136,26.17376327620592,91.74089754838502,27.003815,Cool roof,401310.0,1.0,2.491839226533104e-06,710720010.0,False
1772,+102152+29135,26.172864960545954,91.76515206105196,27.001709,Cool roof,401310.0,1.0,2.491839226533104e-06,711121320.0,False
1773,+102171+29147,26.18364474389492,91.78222005146368,27.000702,Cool roof,401310.0,1.0,2.491839226533104e-06,711522630.0,False
1774,+102063+29114,26.154000339454043,91.68520200123024,27.000244,Cool roof,401310.0,1.0,2.491839226533104e-06,711923940.0,False
1775,+102165+29141,26.17825485193244,91.77683015986328,26.999786,Cool roof,401310.0,1.0,2.491839226533104e-06,712325250.0,False
1776,+102117+29138,26.17555990648232,91.73371102624732,26.999664,Cool roof,401310.0,1.0,2.491839226533104e-06,712726560.0,False
1777,+102065+29114,26.15400033961693,91.68699863125563,26.996002,Cool roof,401310.0,1.0,2.491839226533104e-06,713127870.0,False
1778,+102149+29132,26.170170014874124,91.76245711511564,26.995758,Cool roof,401310.0,1.0,2.491839226533104e-06,713529180.0,False
1779,+102115+29135,26.17286496046733,91.73191439517724,26.993774,Cool roof,401310.0,1.0,2.491839226533104e-06,713930490.0,False
1780,+102160+29135,26.17286496060942,91.77233858317594,26.993011,Cool roof,401310.0,1.0,2.491839226533104e-06,714331800.0,False
1781,+102151+29133,26.17106832972682,91.76425374541616,26.992157,Cool roof,401310.0,1.0,2.491839226533104e-06,714733110.0,False
1782,+102139+29140,26.17735653660341,91.75347396236738,26.989044,Cool roof,401310.0,1.0,2.491839226533104e-06,715134420.0,False
1783,+102145+29147,26.18364474400041,91.75886385397962,26.988312,Cool roof,401310.0,1.0,2.491839226533104e-06,715535730.0,False
1784,+102195+29142,26.1791531678742,91.80377961825432,26.986908,Cool roof,401310.0,1.0,2.491839226533104e-06,715937040.0,False
1785,+102163+29135,26.172864960460007,91.77503352973336,26.985138,Cool roof,401310.0,1.0,2.491839226533104e-06,716338350.0,False
1786,+102184+29147,26.18364474371801,91.79389815004726,26.985077,Cool roof,401310.0,1.0,2.491839226533104e-06,716739660.0,False
1787,+102094+29124,26.16298349271931,91.71304977446025,26.984558,Cool roof,401310.0,1.0,2.491839226533104e-06,717140970.0,False
1788,+102173+29151,26.18723800516373,91.78401668181776,26.983978,Cool roof,401310.0,1.0,2.491839226533104e-06,717542280.0,False
1789,+102091+29119,26.158491916129243,91.71035482866832,26.982697,Cool roof,401310.0,1.0,2.491839226533104e-06,717943590.0,False
1790,+102179+29156,26.19172958186304,91.78940657358116,26.981293,Cool roof,401310.0,1.0,2.491839226533104e-06,718344900.0,False
1791,+102150+29131,26.16927169978427,91.76335543061404,26.980011,Cool roof,401310.0,1.0,2.491839226533104e-06,718746210.0,False
1792,+102127+29139,26.176458222231723,91.74269417880564,26.979889,Cool roof,401310.0,1.0,2.491839226533104e-06,719147520.0,False
1793,+102082+29108,26.148610447834777,91.7022699914926,26.979034,Cool roof,401310.0,1.0,2.491839226533104e-06,719548830.0,False
1794,+102118+29140,26.177356536749382,91.73460934142612,26.977875,Cool roof,401310.0,1.0,2.491839226533104e-06,719950140.0,False
1795,+102128+29146,26.18274642859261,91.74359249395194,26.977814,Cool roof,401310.0,1.0,2.491839226533104e-06,720351450.0,False
1796,+102135+29147,26.18364474402312,91.7498807013871,26.976715,Cool roof,401310.0,1.0,2.491839226533104e-06,720752760.0,False
1797,+102194+29146,26.18274642848629,91.8028813030112,26.975891,Cool roof,401310.0,1.0,2.491839226533104e-06,721154070.0,False
1798,+102175+29147,26.183644744019897,91.78581331292833,26.97583,Cool roof,401310.0,1.0,2.491839226533104e-06,721555380.0,False
1799,+102141+29143,26.18005148303454,91.75527059297464,26.975433,Cool roof,401310.0,1.0,2.491839226533104e-06,721956690.0,False
1800,+102069+29133,26.1710683297838,91.69059189247766,26.975311,Cool roof,401310.0,1.0,2.491839226533104e-06,722358000.0,False
1801,+102147+29145,26.18184811366256,91.7606604851034,26.97519,Cool roof,401310.0,1.0,2.491839226533104e-06,722759310.0,False
1802,+102161+29133,26.17106832990344,91.77323689874795,26.974762,Cool roof,401310.0,1.0,2.491839226533104e-06,723160620.0,False
1803,+102159+29124,26.16298349269729,91.77144026765647,26.972748,Cool roof,401310.0,1.0,2.491839226533104e-06,723561930.0,False
1804,+102117+29112,26.152203708469408,91.73371102599292,26.972076,Cool roof,401310.0,1.0,2.491839226533104e-06,723963240.0,False
1805,+102165+29149,26.18544137455198,91.7768301598064,26.968292,Cool roof,401310.0,1.0,2.491839226533104e-06,724364550.0,False
1806,+102164+29138,26.175559906349065,91.77593184414762,26.967804,Cool roof,401310.0,1.0,2.491839226533104e-06,724765860.0,False
1807,+102076+29124,26.1629834924101,91.69688009919967,26.967285,Cool roof,401310.0,1.0,2.491839226533104e-06,725167170.0,False
1808,+102158+29150,26.18633968982113,91.77054195275464,26.967194,Cool roof,401310.0,1.0,2.491839226533104e-06,725568480.0,False
1809,+102127+29146,26.18274642849628,91.74269417883052,26.966827,Cool roof,401310.0,1.0,2.491839226533104e-06,725969790.0,False
1810,+102131+29141,26.17825485183701,91.7462874398787,26.966766,Cool roof,401310.0,1.0,2.491839226533104e-06,726371100.0,False
1811,+102145+29137,26.17466159095035,91.75886385391092,26.96582,Cool roof,401310.0,1.0,2.491839226533104e-06,726772410.0,False
1812,+102154+29147,26.18364474395929,91.76694869139584,26.96579,Cool roof,401310.0,1.0,2.491839226533104e-06,727173720.0,False
1813,+102150+29137,26.174661591037967,91.76335543034988,26.965729,Cool roof,401310.0,1.0,2.491839226533104e-06,727575030.0,False
1814,+102061+29110,26.15040707839051,91.68340537018388,26.964722,Cool roof,401310.0,1.0,2.491839226533104e-06,727976340.0,False
1815,+102123+29121,26.160288547297974,91.73910091778863,26.96466,Cool roof,401310.0,1.0,2.491839226533104e-06,728377650.0,False
1816,+102118+29121,26.16028854714085,91.73460934150734,26.963715,Cool roof,401310.0,1.0,2.491839226533104e-06,728778960.0,False
1817,+102118+29137,26.174661590997854,91.73460934154512,26.963135,Cool roof,401310.0,1.0,2.491839226533104e-06,729180270.0,False
1818,+102113+29131,26.16927169955901,91.73011776510772,26.96286,Cool roof,401310.0,1.0,2.491839226533104e-06,729581580.0,False
1819,+102190+29147,26.18364474374388,91.79928804168208,26.961456,Cool roof,401310.0,1.0,2.491839226533104e-06,729982890.0,False
1820,+102116+29136,26.173763276074293,91.73281271081554,26.961334,Cool roof,401310.0,1.0,2.491839226533104e-06,730384200.0,False
1821,+102067+29133,26.171068330068387,91.68879526192345,26.961273,Cool roof,401310.0,1.0,2.491839226533104e-06,730785510.0,False
1822,+102058+29108,26.148610447878635,91.68071042435716,26.960175,Cool roof,401310.0,1.0,2.491839226533104e-06,731186820.0,False
1823,+102117+29117,26.156695285406773,91.73371102602944,26.959198,Cool roof,401310.0,1.0,2.491839226533104e-06,731588130.0,False
1824,+102165+29140,26.177356536837888,91.77683015982932,26.958832,Cool roof,401310.0,1.0,2.491839226533104e-06,731989440.0,False
1825,+102168+29143,26.180051482959296,91.77952510551476,26.958527,Cool roof,401310.0,1.0,2.491839226533104e-06,732390750.0,False
1826,+102136+29142,26.17915316789794,91.75077901632788,26.957123,Cool roof,401310.0,1.0,2.491839226533104e-06,732792060.0,False
1827,+102112+29131,26.169271699556585,91.7292194495769,26.956665,Cool roof,401310.0,1.0,2.491839226533104e-06,733193370.0,False
1828,+102178+29152,26.188136320808923,91.78850825827509,26.956207,Cool roof,401310.0,1.0,2.491839226533104e-06,733594680.0,False
1829,+102075+29090,26.13244077259124,91.69598178397794,26.956024,Cool roof,401310.0,1.0,2.491839226533104e-06,733995990.0,False
1830,+102116+29114,26.15400033955534,91.73281271076574,26.955902,Cool roof,401310.0,1.0,2.491839226533104e-06,734397300.0,False
1831,+102044+29105,26.145915501769245,91.66813401063418,26.955841,Cool roof,401310.0,1.0,2.491839226533104e-06,734798610.0,False
1832,+102050+29100,26.14142392577176,91.67352390222116,26.955658,Cool roof,401310.0,1.0,2.491839226533104e-06,735199920.0,False
1833,+102118+29118,26.157593601115483,91.73460934151623,26.955658,Cool roof,401310.0,1.0,2.491839226533104e-06,735601230.0,False
1834,+102122+29119,26.158491916170387,91.7382026027544,26.955536,Cool roof,401310.0,1.0,2.491839226533104e-06,736002540.0,False
1835,+102110+29130,26.168373384076727,91.72742281926004,26.955048,Cool roof,401310.0,1.0,2.491839226533104e-06,736403850.0,False
1836,+102117+29111,26.15130539422937,91.7337110262245,26.954742,Cool roof,401310.0,1.0,2.491839226533104e-06,736805160.0,False
1837,+102154+29128,26.16657675377881,91.76694869163514,26.954681,Cool roof,401310.0,1.0,2.491839226533104e-06,737206470.0,False
1838,+102107+29132,26.17017001479256,91.72472787335658,26.954437,Cool roof,401310.0,1.0,2.491839226533104e-06,737607780.0,False
1839,+102076+29123,26.16208517732033,91.69688009918724,26.954132,Cool roof,401310.0,1.0,2.491839226533104e-06,738009090.0,False
1840,+102116+29112,26.152203708537748,91.73281271066828,26.952728,Cool roof,401310.0,1.0,2.491839226533104e-06,738410400.0,False
1841,+102138+29136,26.17376327606495,91.75257564688296,26.952057,Cool roof,401310.0,1.0,2.491839226533104e-06,738811710.0,False
1842,+102137+29142,26.179153167805804,91.7516773318907,26.951874,Cool roof,401310.0,1.0,2.491839226533104e-06,739213020.0,False
1843,+102150+29134,26.171966645291832,91.76335543056616,26.951447,Cool roof,401310.0,1.0,2.491839226533104e-06,739614330.0,False
1844,+102174+29151,26.18723800511665,91.78491499708672,26.950165,Cool roof,401310.0,1.0,2.491839226533104e-06,740015640.0,False
1845,+102149+29134,26.17196664526129,91.7624571150918,26.949188,Cool roof,401310.0,1.0,2.491839226533104e-06,740416950.0,False
1846,+102136+29144,26.18094979806008,91.75077901636828,26.948395,Cool roof,401310.0,1.0,2.491839226533104e-06,740818260.0,False
1847,+102151+29122,26.16118686179984,91.7642537454813,26.947937,Cool roof,401310.0,1.0,2.491839226533104e-06,741219570.0,False
1848,+102127+29141,26.17825485185493,91.74269417896376,26.947693,Cool roof,401310.0,1.0,2.491839226533104e-06,741620880.0,False
1849,+102155+29128,26.166576753720296,91.76784700672424,26.947632,Cool roof,401310.0,1.0,2.491839226533104e-06,742022190.0,False
1850,+102122+29134,26.17196664515216,91.7382026025141,26.947174,Cool roof,401310.0,1.0,2.491839226533104e-06,742423500.0,False
1851,+102134+29147,26.183644743882503,91.74898238621132,26.947052,Cool roof,401310.0,1.0,2.491839226533104e-06,742824810.0,False
1852,+102116+29120,26.159390230950684,91.73281271088342,26.946747,Cool roof,401310.0,1.0,2.491839226533104e-06,743226120.0,False
1853,+102121+29123,26.16208517726535,91.73730428734312,26.94571,Cool roof,401310.0,1.0,2.491839226533104e-06,743627430.0,False
1854,+102137+29139,26.17645822227133,91.75167733192782,26.945465,Cool roof,401310.0,1.0,2.491839226533104e-06,744028740.0,False
1855,+102162+29144,26.180949797821807,91.77413521350992,26.944489,Cool roof,401310.0,1.0,2.491839226533104e-06,744430050.0,False
1856,+102116+29133,26.1710683297858,91.73281271054752,26.943695,Cool roof,401310.0,1.0,2.491839226533104e-06,744831360.0,False
1857,+102155+29123,26.16208517710392,91.7678470067555,26.943665,Cool roof,401310.0,1.0,2.491839226533104e-06,745232670.0,False
1858,+102139+29145,26.181848113509982,91.75347396235316,26.94217,Cool roof,401310.0,1.0,2.491839226533104e-06,745633980.0,False
1859,+102122+29138,26.175559906361464,91.73820260271124,26.941986,Cool roof,401310.0,1.0,2.491839226533104e-06,746035290.0,False
1860,+102150+29129,26.167475068420448,91.76335543047762,26.941772,Cool roof,401310.0,1.0,2.491839226533104e-06,746436600.0,False
1861,+102138+29140,26.17735653661896,91.75257564692426,26.941315,Cool roof,401310.0,1.0,2.491839226533104e-06,746837910.0,False
1862,+102134+29144,26.18094979792376,91.74898238602478,26.940704,Cool roof,401310.0,1.0,2.491839226533104e-06,747239220.0,False
1863,+102150+29140,26.177356537073905,91.76335543064364,26.939514,Cool roof,401310.0,1.0,2.491839226533104e-06,747640530.0,False
1864,+102149+29152,26.18813632091821,91.76245711531536,26.939423,Cool roof,401310.0,1.0,2.491839226533104e-06,748041840.0,False
1865,+102154+29135,26.17286496044283,91.76694869156884,26.938416,Cool roof,401310.0,1.0,2.491839226533104e-06,748443150.0,False
1866,+102065+29105,26.14591550192872,91.68699863102296,26.937775,Cool roof,401310.0,1.0,2.491839226533104e-06,748844460.0,False
1867,+102124+29141,26.17825485195217,91.73999923311708,26.937042,Cool roof,401310.0,1.0,2.491839226533104e-06,749245770.0,False
1868,+102156+29132,26.17017001470418,91.76874532238338,26.936981,Cool roof,401310.0,1.0,2.491839226533104e-06,749647080.0,False
1869,+102172+29148,26.184543059404355,91.78311836662904,26.93686,Cool roof,401310.0,1.0,2.491839226533104e-06,750048390.0,False
1870,+102153+29137,26.174661590932605,91.76605037629272,26.936798,Cool roof,401310.0,1.0,2.491839226533104e-06,750449700.0,False
1871,+102155+29122,26.16118686161889,91.76784700666386,26.936676,Cool roof,401310.0,1.0,2.491839226533104e-06,750851010.0,False
1872,+102120+29136,26.17376327627538,91.73640597184654,26.936554,Cool roof,401310.0,1.0,2.491839226533104e-06,751252320.0,False
1873,+102166+29133,26.171068329857697,91.77772847497846,26.936066,Cool roof,401310.0,1.0,2.491839226533104e-06,751653630.0,False
1874,+102118+29136,26.17376327595291,91.73460934138272,26.93576,Cool roof,401310.0,1.0,2.491839226533104e-06,752054940.0,False
1875,+102117+29133,26.171068329641297,91.73371102599523,26.93573,Cool roof,401310.0,1.0,2.491839226533104e-06,752456250.0,False
1876,+102148+29135,26.17286496044469,91.76155879957209,26.93518,Cool roof,401310.0,1.0,2.491839226533104e-06,752857560.0,False
1877,+102155+29147,26.183644743812025,91.76784700662492,26.93515,Cool roof,401310.0,1.0,2.491839226533104e-06,753258870.0,False
1878,+102089+29062,26.107287945318863,91.70855819788896,26.934052,Cool roof,401310.0,1.0,2.491839226533104e-06,753660180.0,False
1879,+102142+29140,26.17735653686304,91.7561689076664,26.933746,Cool roof,401310.0,1.0,2.491839226533104e-06,754061490.0,False
1880,+102153+29123,26.162085177188068,91.76605037660798,26.933258,Cool roof,401310.0,1.0,2.491839226533104e-06,754462800.0,False
1881,+102111+29130,26.16837338406287,91.72832113448236,26.932678,Cool roof,401310.0,1.0,2.491839226533104e-06,754864110.0,False
1882,+102118+29128,26.16657675410772,91.73460934141563,26.932465,Cool roof,401310.0,1.0,2.491839226533104e-06,755265420.0,False
1883,+102120+29138,26.17555990622097,91.73640597202106,26.932343,Cool roof,401310.0,1.0,2.491839226533104e-06,755666730.0,False
1884,+102061+29108,26.14861044777857,91.68340536994732,26.93222,Cool roof,401310.0,1.0,2.491839226533104e-06,756068040.0,False
1885,+102107+29130,26.1683733838688,91.72472787327432,26.93155,Cool roof,401310.0,1.0,2.491839226533104e-06,756469350.0,False
1886,+102165+29138,26.17555990635171,91.7768301597156,26.929901,Cool roof,401310.0,1.0,2.491839226533104e-06,756870660.0,False
1887,+102123+29126,26.16478012296492,91.73910091777776,26.92807,Cool roof,401310.0,1.0,2.491839226533104e-06,757271970.0,False
1888,+102179+29155,26.190831266053543,91.78940657359682,26.927979,Cool roof,401310.0,1.0,2.491839226533104e-06,757673280.0,False
1889,+102062+29114,26.154000339533503,91.68430368531736,26.92746,Cool roof,401310.0,1.0,2.491839226533104e-06,758074590.0,False
1890,+102158+29133,26.17106832990977,91.77054195294149,26.927338,Cool roof,401310.0,1.0,2.491839226533104e-06,758475900.0,False
1891,+102118+29111,26.1513053939248,91.73460934139185,26.926178,Cool roof,401310.0,1.0,2.491839226533104e-06,758877210.0,False
1892,+102151+29129,26.16747506845441,91.76425374557442,26.926056,Cool roof,401310.0,1.0,2.491839226533104e-06,759278520.0,False
1893,+102164+29133,26.17106832998133,91.7759318442825,26.925201,Cool roof,401310.0,1.0,2.491839226533104e-06,759679830.0,False
1894,+102203+29148,26.184543059265085,91.81096614063225,26.924255,Cool roof,401310.0,1.0,2.491839226533104e-06,760081140.0,False
1895,+102150+29138,26.17555990617592,91.76335543061724,26.923798,Cool roof,401310.0,1.0,2.491839226533104e-06,760482450.0,False
1896,+102156+29127,26.165678438306887,91.76874532208365,26.923798,Cool roof,401310.0,1.0,2.491839226533104e-06,760883760.0,False
1897,+102093+29086,26.12884751192466,91.71215145889664,26.92276,Cool roof,401310.0,1.0,2.491839226533104e-06,761285070.0,False
1898,+102165+29136,26.173763276060185,91.77683015976596,26.922272,Cool roof,401310.0,1.0,2.491839226533104e-06,761686380.0,False
1899,+102061+29109,26.1495087633621,91.68340537008464,26.921722,Cool roof,401310.0,1.0,2.491839226533104e-06,762087690.0,False
1900,+102147+29132,26.170170014901604,91.76066048478503,26.921051,Cool roof,401310.0,1.0,2.491839226533104e-06,762489000.0,False
1901,+102125+29142,26.17915316794097,91.74089754846892,26.920929,Cool roof,401310.0,1.0,2.491839226533104e-06,762890310.0,False
1902,+102167+29137,26.174661591055017,91.77862679049788,26.920593,Cool roof,401310.0,1.0,2.491839226533104e-06,763291620.0,False
1903,+102164+29134,26.17196664514555,91.77593184406086,26.920288,Cool roof,401310.0,1.0,2.491839226533104e-06,763692930.0,False
1904,+102133+29143,26.18005148291593,91.7480840705764,26.919891,Cool roof,401310.0,1.0,2.491839226533104e-06,764094240.0,False
1905,+102153+29122,26.16118686149205,91.76605037656016,26.918976,Cool roof,401310.0,1.0,2.491839226533104e-06,764495550.0,False
1906,+102119+29140,26.17735653668148,91.73550765645916,26.918518,Cool roof,401310.0,1.0,2.491839226533104e-06,764896860.0,False
1907,+102088+29063,26.108186259835605,91.70765988292452,26.918243,Cool roof,401310.0,1.0,2.491839226533104e-06,765298170.0,False
1908,+102122+29120,26.15939023079601,91.73820260253557,26.916443,Cool roof,401310.0,1.0,2.491839226533104e-06,765699480.0,False
1909,+102173+29150,26.18633968967864,91.784016681714,26.915009,Cool roof,401310.0,1.0,2.491839226533104e-06,766100790.0,False
1910,+102146+29130,26.168373384107944,91.75976216931826,26.914124,Cool roof,401310.0,1.0,2.491839226533104e-06,766502100.0,False
1911,+102142+29141,26.178254851925573,91.75616890767036,26.912262,Cool roof,401310.0,1.0,2.491839226533104e-06,766903410.0,False
1912,+102141+29144,26.18094979818568,91.75527059300369,26.91156,Cool roof,401310.0,1.0,2.491839226533104e-06,767304720.0,False
1913,+102139+29138,26.17555990626271,91.75347396245118,26.91092,Cool roof,401310.0,1.0,2.491839226533104e-06,767706030.0,False
1914,+102149+29147,26.18364474384315,91.76245711512767,26.910553,Cool roof,401310.0,1.0,2.491839226533104e-06,768107340.0,False
1915,+102069+29132,26.17017001480349,91.69059189261138,26.910309,Cool roof,401310.0,1.0,2.491839226533104e-06,768508650.0,False
1916,+102150+29146,26.18274642850457,91.76335543050048,26.910126,Cool roof,401310.0,1.0,2.491839226533104e-06,768909960.0,False
1917,+102156+29153,26.189034635444656,91.76874532211475,26.908966,Cool roof,401310.0,1.0,2.491839226533104e-06,769311270.0,False
1918,+102140+29141,26.178254851977226,91.75437227774154,26.907623,Cool roof,401310.0,1.0,2.491839226533104e-06,769712580.0,False
1919,+102122+29118,26.15759360094076,91.7382026027225,26.90683,Cool roof,401310.0,1.0,2.491839226533104e-06,770113890.0,False
1920,+102116+29135,26.17286496071592,91.7328127106772,26.906494,Cool roof,401310.0,1.0,2.491839226533104e-06,770515200.0,False
1921,+102148+29133,26.171068329953613,91.76155879968285,26.906403,Cool roof,401310.0,1.0,2.491839226533104e-06,770916510.0,False
1922,+102160+29138,26.175559906178208,91.772338583201,26.906097,Cool roof,401310.0,1.0,2.491839226533104e-06,771317820.0,False
1923,+102162+29141,26.178254852008635,91.77413521362408,26.906067,Cool roof,401310.0,1.0,2.491839226533104e-06,771719130.0,False
1924,+102089+29118,26.15759360066312,91.7085581978808,26.904724,Cool roof,401310.0,1.0,2.491839226533104e-06,772120440.0,False
1925,+102116+29119,26.158491916020115,91.73281271077846,26.903778,Cool roof,401310.0,1.0,2.491839226533104e-06,772521750.0,False
1926,+102149+29137,26.1746615910528,91.76245711536616,26.901886,Cool roof,401310.0,1.0,2.491839226533104e-06,772923060.0,False
1927,+102160+29132,26.170170014876053,91.77233858300302,26.901733,Cool roof,401310.0,1.0,2.491839226533104e-06,773324370.0,False
1928,+102164+29146,26.18274642876836,91.77593184402532,26.90097,Cool roof,401310.0,1.0,2.491839226533104e-06,773725680.0,False
1929,+102162+29142,26.179153167906204,91.77413521367752,26.900635,Cool roof,401310.0,1.0,2.491839226533104e-06,774126990.0,False
1930,+102164+29139,26.17645822206116,91.7759318443,26.898468,Cool roof,401310.0,1.0,2.491839226533104e-06,774528300.0,False
1931,+102206+29149,26.18544137446087,91.8136610862136,26.898102,Cool roof,401310.0,1.0,2.491839226533104e-06,774929610.0,False
1932,+102153+29135,26.17286496034788,91.76605037645716,26.897797,Cool roof,401310.0,1.0,2.491839226533104e-06,775330920.0,False
1933,+102153+29147,26.1836447440376,91.76605037642436,26.897339,Cool roof,401310.0,1.0,2.491839226533104e-06,775732230.0,False
1934,+102057+29113,26.153102024533982,91.67981210934164,26.896027,Cool roof,401310.0,1.0,2.491839226533104e-06,776133540.0,False
1935,+102164+29132,26.170170014810708,91.77593184403648,26.895111,Cool roof,401310.0,1.0,2.491839226533104e-06,776534850.0,False
1936,+102145+29134,26.17196664497189,91.75886385393343,26.894012,Cool roof,401310.0,1.0,2.491839226533104e-06,776936160.0,False
1937,+102117+29120,26.15939023089691,91.73371102614672,26.893372,Cool roof,401310.0,1.0,2.491839226533104e-06,777337470.0,False
1938,+102148+29137,26.174661590996863,91.76155879961128,26.891907,Cool roof,401310.0,1.0,2.491839226533104e-06,777738780.0,False
1939,+102159+29139,26.17645822232744,91.77144026764137,26.890533,Cool roof,401310.0,1.0,2.491839226533104e-06,778140090.0,False
1940,+102140+29130,26.16837338402907,91.75437227756952,26.888885,Cool roof,401310.0,1.0,2.491839226533104e-06,778541400.0,False
1941,+102161+29135,26.17286496038809,91.77323689859465,26.888123,Cool roof,401310.0,1.0,2.491839226533104e-06,778942710.0,False
1942,+102177+29155,26.19083126611561,91.78760994322444,26.888031,Cool roof,401310.0,1.0,2.491839226533104e-06,779344020.0,False
1943,+102138+29141,26.178254852112847,91.7525756468248,26.887604,Cool roof,401310.0,1.0,2.491839226533104e-06,779745330.0,False
1944,+102155+29133,26.17106832981836,91.76784700648084,26.887482,Cool roof,401310.0,1.0,2.491839226533104e-06,780146640.0,False
1945,+102153+29136,26.17376327614028,91.76605037627098,26.886505,Cool roof,401310.0,1.0,2.491839226533104e-06,780547950.0,False
1946,+102121+29138,26.175559906417483,91.73730428717728,26.886017,Cool roof,401310.0,1.0,2.491839226533104e-06,780949260.0,False
1947,+102148+29150,26.18633968978625,91.76155879980732,26.88559,Cool roof,401310.0,1.0,2.491839226533104e-06,781350570.0,False
1948,+102163+29133,26.1710683300266,91.7750335293374,26.885406,Cool roof,401310.0,1.0,2.491839226533104e-06,781751880.0,False
1949,+102121+29134,26.1719666451276,91.73730428707997,26.884796,Cool roof,401310.0,1.0,2.491839226533104e-06,782153190.0,False
1950,+102166+29136,26.1737632760168,91.77772847486574,26.884674,Cool roof,401310.0,1.0,2.491839226533104e-06,782554500.0,False
1951,+102139+29139,26.176458222344444,91.75347396230686,26.882965,Cool roof,401310.0,1.0,2.491839226533104e-06,782955810.0,False
1952,+102165+29137,26.17466159105528,91.7768301596356,26.88269,Cool roof,401310.0,1.0,2.491839226533104e-06,783357120.0,False
1953,+102119+29136,26.17376327614952,91.73550765653944,26.88144,Cool roof,401310.0,1.0,2.491839226533104e-06,783758430.0,False
1954,+102183+29144,26.180949798080032,91.79299983527147,26.881378,Cool roof,401310.0,1.0,2.491839226533104e-06,784159740.0,False
1955,+102105+29130,26.168373383977325,91.72293124242596,26.881256,Cool roof,401310.0,1.0,2.491839226533104e-06,784561050.0,False
1956,+102156+29149,26.18544137438371,91.76874532228337,26.881134,Cool roof,401310.0,1.0,2.491839226533104e-06,784962360.0,False
1957,+102149+29146,26.18274642865547,91.76245711516891,26.88089,Cool roof,401310.0,1.0,2.491839226533104e-06,785363670.0,False
1958,+102154+29146,26.182746428663823,91.76694869141416,26.879791,Cool roof,401310.0,1.0,2.491839226533104e-06,785764980.0,False
1959,+102064+29114,26.154000339481907,91.68610031584538,26.879578,Cool roof,401310.0,1.0,2.491839226533104e-06,786166290.0,False
1960,+102151+29130,26.168373384013144,91.76425374567542,26.878296,Cool roof,401310.0,1.0,2.491839226533104e-06,786567600.0,False
1961,+102160+29137,26.17466159099989,91.7723385831338,26.877472,Cool roof,401310.0,1.0,2.491839226533104e-06,786968910.0,False
1962,+102120+29129,26.16747506860037,91.73640597213512,26.87564,Cool roof,401310.0,1.0,2.491839226533104e-06,787370220.0,False
1963,+102153+29146,26.18274642854576,91.76605037635672,26.87439,Cool roof,401310.0,1.0,2.491839226533104e-06,787771530.0,False
1964,+102128+29147,26.18364474395727,91.74359249390358,26.874237,Cool roof,401310.0,1.0,2.491839226533104e-06,788172840.0,False
1965,+102108+29130,26.16837338388861,91.72562618855532,26.873749,Cool roof,401310.0,1.0,2.491839226533104e-06,788574150.0,False
1966,+102053+29122,26.16118686170428,91.67621884826822,26.8721,Cool roof,401310.0,1.0,2.491839226533104e-06,788975460.0,False
1967,+102163+29142,26.17915316799873,91.77503352937872,26.871857,Cool roof,401310.0,1.0,2.491839226533104e-06,789376770.0,False
1968,+102111+29101,26.14232224092113,91.72832113420542,26.871643,Cool roof,401310.0,1.0,2.491839226533104e-06,789778080.0,False
1969,+102127+29145,26.181848113606964,91.7426941787692,26.870758,Cool roof,401310.0,1.0,2.491839226533104e-06,790179390.0,False
1970,+102178+29150,26.18633968972332,91.78850825825164,26.870514,Cool roof,401310.0,1.0,2.491839226533104e-06,790580700.0,False
1971,+102047+29124,26.1629834927312,91.67082895588824,26.86969,Cool roof,401310.0,1.0,2.491839226533104e-06,790982010.0,False
1972,+102158+29123,26.162085177247324,91.77054195320144,26.86908,Cool roof,401310.0,1.0,2.491839226533104e-06,791383320.0,False
1973,+102117+29135,26.172864960711426,91.73371102617384,26.86905,Cool roof,401310.0,1.0,2.491839226533104e-06,791784630.0,False
1974,+102151+29134,26.171966645250908,91.7642537454436,26.86905,Cool roof,401310.0,1.0,2.491839226533104e-06,792185940.0,False
1975,+102059+29107,26.147712132665973,91.68160873951376,26.867523,Cool roof,401310.0,1.0,2.491839226533104e-06,792587250.0,False
1976,+102145+29142,26.179153167829387,91.75886385362784,26.86679,Cool roof,401310.0,1.0,2.491839226533104e-06,792988560.0,False
1977,+102157+29133,26.171068330072195,91.76964363722108,26.864655,Cool roof,401310.0,1.0,2.491839226533104e-06,793389870.0,False
1978,+102176+29155,26.19083126622711,91.78671162747874,26.86435,Cool roof,401310.0,1.0,2.491839226533104e-06,793791180.0,False
1979,+102205+29149,26.185441374502275,91.81276277109303,26.862213,Cool roof,401310.0,1.0,2.491839226533104e-06,794192490.0,False
1980,+102162+29133,26.171068330000743,91.7741352137493,26.861908,Cool roof,401310.0,1.0,2.491839226533104e-06,794593800.0,False
1981,+102110+29132,26.17017001486582,91.72742281880797,26.860657,Cool roof,401310.0,1.0,2.491839226533104e-06,794995110.0,False
1982,+102160+29152,26.188136320695204,91.77233858308853,26.859528,Cool roof,401310.0,1.0,2.491839226533104e-06,795396420.0,False
1983,+102148+29152,26.18813632072819,91.76155879972416,26.859161,Cool roof,401310.0,1.0,2.491839226533104e-06,795797730.0,False
1984,+102167+29149,26.185441374440355,91.77862679062426,26.85904,Cool roof,401310.0,1.0,2.491839226533104e-06,796199040.0,False
1985,+102145+29130,26.16837338409289,91.75886385383788,26.858734,Cool roof,401310.0,1.0,2.491839226533104e-06,796600350.0,False
1986,+102178+29155,26.19083126611834,91.78850825855532,26.858307,Cool roof,401310.0,1.0,2.491839226533104e-06,797001660.0,False
1987,+102144+29147,26.18364474400357,91.7579655392408,26.85788,Cool roof,401310.0,1.0,2.491839226533104e-06,797402970.0,False
1988,+102156+29133,26.171068329981004,91.76874532243654,26.856842,Cool roof,401310.0,1.0,2.491839226533104e-06,797804280.0,False
1989,+102118+29119,26.15849191606243,91.73460934146377,26.856812,Cool roof,401310.0,1.0,2.491839226533104e-06,798205590.0,False
1990,+102077+29126,26.164780122884824,91.697778414581,26.856659,Cool roof,401310.0,1.0,2.491839226533104e-06,798606900.0,False
1991,+102187+29145,26.181848113698337,91.79659309593023,26.856506,Cool roof,401310.0,1.0,2.491839226533104e-06,799008210.0,False
1992,+102162+29134,26.17196664519076,91.77413521370488,26.856018,Cool roof,401310.0,1.0,2.491839226533104e-06,799409520.0,False
1993,+102155+29134,26.171966645284456,91.76784700660528,26.855408,Cool roof,401310.0,1.0,2.491839226533104e-06,799810830.0,False
1994,+102153+29132,26.170170014687063,91.76605037645524,26.854706,Cool roof,401310.0,1.0,2.491839226533104e-06,800212140.0,False
1995,+102077+29102,26.14322055620424,91.69777841464156,26.854462,Cool roof,401310.0,1.0,2.491839226533104e-06,800613450.0,False
1996,+102165+29135,26.17286496061128,91.77683015988096,26.852264,Cool roof,401310.0,1.0,2.491839226533104e-06,801014760.0,False
1997,+102151+29126,26.16478012298996,91.76425374561282,26.852203,Cool roof,401310.0,1.0,2.491839226533104e-06,801416070.0,False
1998,+102129+29146,26.182746428619804,91.7444908093744,26.851105,Cool roof,401310.0,1.0,2.491839226533104e-06,801817380.0,False
1999,+102149+29139,26.17645822212643,91.76245711492736,26.851044,Cool roof,401310.0,1.0,2.491839226533104e-06,802218690.0,False
2000,+102180+29156,26.19172958190286,91.7903048892557,26.84671,Cool roof,401310.0,1.0,2.491839226533104e-06,802620000.0,False
2001,+102164+29137,26.174661591040365,91.7759318442058,26.845184,Cool roof,401310.0,1.0,2.491839226533104e-06,803021310.0,False
2002,+102066+29107,26.14771213287676,91.68789694658126,26.84488,Cool roof,401310.0,1.0,2.491839226533104e-06,803422620.0,False
2003,+102104+29128,26.16657675382738,91.722032927433,26.844666,Cool roof,401310.0,1.0,2.491839226533104e-06,803823930.0,False
2004,+102121+29133,26.17106832998739,91.7373042873317,26.844543,Cool roof,401310.0,1.0,2.491839226533104e-06,804225240.0,False
2005,+102167+29136,26.17376327608429,91.77862679035272,26.844543,Cool roof,401310.0,1.0,2.491839226533104e-06,804626550.0,False
2006,+102154+29122,26.16118686159219,91.76694869148302,26.84433,Cool roof,401310.0,1.0,2.491839226533104e-06,805027860.0,False
2007,+102102+29131,26.16927169977091,91.72023629660416,26.844208,Cool roof,401310.0,1.0,2.491839226533104e-06,805429170.0,False
2008,+102162+29132,26.170170014804853,91.7741352137777,26.843658,Cool roof,401310.0,1.0,2.491839226533104e-06,805830480.0,False
2009,+102117+29136,26.173763276048984,91.73371102599847,26.84317,Cool roof,401310.0,1.0,2.491839226533104e-06,806231790.0,False
2010,+102111+29102,26.14322055592763,91.72832113435398,26.842865,Cool roof,401310.0,1.0,2.491839226533104e-06,806633100.0,False
2011,+102164+29142,26.17915316783947,91.7759318442114,26.84262,Cool roof,401310.0,1.0,2.491839226533104e-06,807034410.0,False
2012,+102115+29134,26.171966645123213,91.73191439515028,26.841644,Cool roof,401310.0,1.0,2.491839226533104e-06,807435720.0,False
2013,+102152+29133,26.17106832981153,91.765152060967,26.841034,Cool roof,401310.0,1.0,2.491839226533104e-06,807837030.0,False
2014,+102132+29141,26.178254851930514,91.7471857553634,26.84085,Cool roof,401310.0,1.0,2.491839226533104e-06,808238340.0,False
2015,+102108+29132,26.17017001476719,91.72562618845969,26.840698,Cool roof,401310.0,1.0,2.491839226533104e-06,808639650.0,False
2016,+102139+29136,26.17376327611771,91.75347396222467,26.84018,Cool roof,401310.0,1.0,2.491839226533104e-06,809040960.0,False
2017,+102155+29131,26.169271699813915,91.76784700663092,26.83957,Cool roof,401310.0,1.0,2.491839226533104e-06,809442270.0,False
2018,+102173+29149,26.18544137464079,91.78401668182212,26.838318,Cool roof,401310.0,1.0,2.491839226533104e-06,809843580.0,False
2019,+102049+29132,26.17017001493474,91.67262558723944,26.837982,Cool roof,401310.0,1.0,2.491839226533104e-06,810244890.0,False
2020,+102126+29136,26.17376327627051,91.74179586354404,26.837738,Cool roof,401310.0,1.0,2.491839226533104e-06,810646200.0,False
2021,+102150+29147,26.18364474385874,91.7633554303737,26.836761,Cool roof,401310.0,1.0,2.491839226533104e-06,811047510.0,False
2022,+102125+29146,26.182746428642385,91.74089754841722,26.836395,Cool roof,401310.0,1.0,2.491839226533104e-06,811448820.0,False
2023,+102163+29147,26.18364474396964,91.77503352965144,26.836182,Cool roof,401310.0,1.0,2.491839226533104e-06,811850130.0,False
2024,+102088+29066,26.110881206285235,91.70765988314189,26.835724,Cool roof,401310.0,1.0,2.491839226533104e-06,812251440.0,False
2025,+102164+29140,26.177356536860326,91.7759318444368,26.834747,Cool roof,401310.0,1.0,2.491839226533104e-06,812652750.0,False
2026,+102147+29133,26.17106832994701,91.76066048496013,26.834564,Cool roof,401310.0,1.0,2.491839226533104e-06,813054060.0,False
2027,+102148+29151,26.187238005055622,91.7615587997752,26.834015,Cool roof,401310.0,1.0,2.491839226533104e-06,813455370.0,False
2028,+102162+29135,26.172864960277625,91.77413521364468,26.833832,Cool roof,401310.0,1.0,2.491839226533104e-06,813856680.0,False
2029,+102120+29135,26.172864960271987,91.73640597206048,26.833344,Cool roof,401310.0,1.0,2.491839226533104e-06,814257990.0,False
2030,+102091+29110,26.1504070782572,91.7103548287399,26.832672,Cool roof,401310.0,1.0,2.491839226533104e-06,814659300.0,False
2031,+102170+29155,26.19083126620316,91.7813217359652,26.82962,Cool roof,401310.0,1.0,2.491839226533104e-06,815060610.0,False
2032,+102151+29136,26.173763276130188,91.76425374589464,26.828766,Cool roof,401310.0,1.0,2.491839226533104e-06,815461920.0,False
2033,+102076+29115,26.15489865483196,91.6968800994109,26.827545,Cool roof,401310.0,1.0,2.491839226533104e-06,815863230.0,False
2034,+102150+29130,26.168373383994293,91.7633554304422,26.826996,Cool roof,401310.0,1.0,2.491839226533104e-06,816264540.0,False
2035,+102192+29147,26.18364474404879,91.80108467244662,26.826202,Cool roof,401310.0,1.0,2.491839226533104e-06,816665850.0,False
2036,+102153+29148,26.184543059292743,91.76605037647384,26.825714,Cool roof,401310.0,1.0,2.491839226533104e-06,817067160.0,False
2037,+102145+29148,26.184543059377223,91.75886385380991,26.825592,Cool roof,401310.0,1.0,2.491839226533104e-06,817468470.0,False
2038,+102117+29116,26.15579697028185,91.73371102616402,26.825012,Cool roof,401310.0,1.0,2.491839226533104e-06,817869780.0,False
2039,+102175+29155,26.19083126627072,91.78581331279992,26.82431,Cool roof,401310.0,1.0,2.491839226533104e-06,818271090.0,False
2040,+102086+29078,26.12166098929924,91.70586325254544,26.820343,Cool roof,401310.0,1.0,2.491839226533104e-06,818672400.0,False
2041,+102102+29128,26.16657675377484,91.72023629648224,26.816925,Cool roof,401310.0,1.0,2.491839226533104e-06,819073710.0,False
2042,+102138+29142,26.1791531678258,91.75257564692978,26.816803,Cool roof,401310.0,1.0,2.491839226533104e-06,819475020.0,False
2043,+102104+29130,26.168373384105664,91.72203292726115,26.816315,Cool roof,401310.0,1.0,2.491839226533104e-06,819876330.0,False
2044,+102119+29133,26.17106833004817,91.73550765638832,26.814636,Cool roof,401310.0,1.0,2.491839226533104e-06,820277640.0,False
2045,+102142+29139,26.17645822229028,91.75616890764204,26.814545,Cool roof,401310.0,1.0,2.491839226533104e-06,820678950.0,False
2046,+102044+29118,26.157593600857293,91.6681340102854,26.814148,Cool roof,401310.0,1.0,2.491839226533104e-06,821080260.0,False
2047,+102117+29137,26.17466159075113,91.73371102602312,26.813263,Cool roof,401310.0,1.0,2.491839226533104e-06,821481570.0,False
2048,+102136+29140,26.17735653680352,91.75077901620026,26.813263,Cool roof,401310.0,1.0,2.491839226533104e-06,821882880.0,False
2049,+102169+29154,26.18993295096246,91.78042342104374,26.813019,Cool roof,401310.0,1.0,2.491839226533104e-06,822284190.0,False
2050,+102175+29154,26.1899329509132,91.78581331291863,26.81247,Cool roof,401310.0,1.0,2.491839226533104e-06,822685500.0,False
2051,+102122+29122,26.16118686164457,91.73820260224946,26.812164,Cool roof,401310.0,1.0,2.491839226533104e-06,823086810.0,False
2052,+102164+29145,26.18184811337391,91.77593184420834,26.810638,Cool roof,401310.0,1.0,2.491839226533104e-06,823488120.0,False
2053,+102058+29113,26.1531020244949,91.68071042425616,26.809723,Cool roof,401310.0,1.0,2.491839226533104e-06,823889430.0,False
2054,+102164+29131,26.1692716996713,91.77593184400128,26.809052,Cool roof,401310.0,1.0,2.491839226533104e-06,824290740.0,False
2055,+102121+29126,26.164780122849383,91.73730428726364,26.808746,Cool roof,401310.0,1.0,2.491839226533104e-06,824692050.0,False
2056,+102061+29112,26.15220370858254,91.68340537004174,26.808685,Cool roof,401310.0,1.0,2.491839226533104e-06,825093360.0,False
2057,+102126+29146,26.182746428512743,91.74179586361085,26.80722,Cool roof,401310.0,1.0,2.491839226533104e-06,825494670.0,False
2058,+102172+29151,26.18723800514239,91.7831183667858,26.806976,Cool roof,401310.0,1.0,2.491839226533104e-06,825895980.0,False
2059,+102180+29155,26.190831266103142,91.79030488912896,26.806976,Cool roof,401310.0,1.0,2.491839226533104e-06,826297290.0,False
2060,+102161+29141,26.178254852015044,91.77323689887383,26.806091,Cool roof,401310.0,1.0,2.491839226533104e-06,826698600.0,False
2061,+102166+29137,26.174661590999623,91.77772847487311,26.805725,Cool roof,401310.0,1.0,2.491839226533104e-06,827099910.0,False
2062,+102121+29122,26.16118686156112,91.73730428731932,26.805267,Cool roof,401310.0,1.0,2.491839226533104e-06,827501220.0,False
2063,+102155+29146,26.18274642871274,91.76784700672874,26.804718,Cool roof,401310.0,1.0,2.491839226533104e-06,827902530.0,False
2064,+102143+29135,26.17286496058293,91.75706722338872,26.803925,Cool roof,401310.0,1.0,2.491839226533104e-06,828303840.0,False
2065,+102141+29141,26.17825485198633,91.75527059308028,26.803741,Cool roof,401310.0,1.0,2.491839226533104e-06,828705150.0,False
2066,+102162+29131,26.169271699821984,91.77413521378988,26.803497,Cool roof,401310.0,1.0,2.491839226533104e-06,829106460.0,False
2067,+102163+29138,26.175559906275687,91.77503352964426,26.803497,Cool roof,401310.0,1.0,2.491839226533104e-06,829507770.0,False
2068,+102164+29135,26.17286496057128,91.77593184382346,26.802399,Cool roof,401310.0,1.0,2.491839226533104e-06,829909080.0,False
2069,+102144+29145,26.181848113420195,91.75796553934916,26.801727,Cool roof,401310.0,1.0,2.491839226533104e-06,830310390.0,False
2070,+102152+29122,26.16118686150067,91.76515206111787,26.79831,Cool roof,401310.0,1.0,2.491839226533104e-06,830711700.0,False
2071,+102163+29131,26.16927169987363,91.77503352955608,26.798248,Cool roof,401310.0,1.0,2.491839226533104e-06,831113010.0,False
2072,+102142+29134,26.17196664523461,91.75616890766432,26.797302,Cool roof,401310.0,1.0,2.491839226533104e-06,831514320.0,False
2073,+102164+29136,26.17376327603246,91.77593184402254,26.796265,Cool roof,401310.0,1.0,2.491839226533104e-06,831915630.0,False
2074,+102139+29141,26.178254852080048,91.7534739624068,26.795746,Cool roof,401310.0,1.0,2.491839226533104e-06,832316940.0,False
2075,+102149+29129,26.167475068496284,91.76245711500964,26.794952,Cool roof,401310.0,1.0,2.491839226533104e-06,832718250.0,False
2076,+102163+29146,26.18274642861458,91.77503352953832,26.794128,Cool roof,401310.0,1.0,2.491839226533104e-06,833119560.0,False
2077,+102162+29146,26.18274642839132,91.77413521350444,26.793793,Cool roof,401310.0,1.0,2.491839226533104e-06,833520870.0,False
2078,+102138+29139,26.17645822234308,91.7525756470024,26.79245,Cool roof,401310.0,1.0,2.491839226533104e-06,833922180.0,False
2079,+102141+29138,26.175559906270195,91.7552705931965,26.791962,Cool roof,401310.0,1.0,2.491839226533104e-06,834323490.0,False
2080,+102143+29145,26.181848113322182,91.75706722333784,26.791779,Cool roof,401310.0,1.0,2.491839226533104e-06,834724800.0,False
2081,+102154+29133,26.1710683299482,91.76694869161216,26.791626,Cool roof,401310.0,1.0,2.491839226533104e-06,835126110.0,False
2082,+102155+29148,26.184543059584225,91.76784700672904,26.790558,Cool roof,401310.0,1.0,2.491839226533104e-06,835527420.0,False
2083,+102123+29124,26.16298349255547,91.73910091753967,26.790375,Cool roof,401310.0,1.0,2.491839226533104e-06,835928730.0,False
2084,+102120+29139,26.176458222293803,91.736405971957,26.790253,Cool roof,401310.0,1.0,2.491839226533104e-06,836330040.0,False
2085,+102119+29135,26.172864960489623,91.73550765643948,26.78897,Cool roof,401310.0,1.0,2.491839226533104e-06,836731350.0,False
2086,+102166+29154,26.18993295089064,91.77772847493748,26.788788,Cool roof,401310.0,1.0,2.491839226533104e-06,837132660.0,False
2087,+102146+29147,26.183644743927942,91.75976216887588,26.787384,Cool roof,401310.0,1.0,2.491839226533104e-06,837533970.0,False
2088,+102117+29115,26.154898654731287,91.73371102604696,26.786835,Cool roof,401310.0,1.0,2.491839226533104e-06,837935280.0,False
2089,+102146+29146,26.18274642851205,91.75976216911178,26.786407,Cool roof,401310.0,1.0,2.491839226533104e-06,838336590.0,False
2090,+102164+29141,26.178254851967164,91.77593184433188,26.786194,Cool roof,401310.0,1.0,2.491839226533104e-06,838737900.0,False
2091,+102119+29125,26.163881807733407,91.7355076565208,26.786133,Cool roof,401310.0,1.0,2.491839226533104e-06,839139210.0,False
2092,+102198+29152,26.18813632080322,91.80647456371808,26.78482,Cool roof,401310.0,1.0,2.491839226533104e-06,839540520.0,False
2093,+102153+29125,26.16388180772282,91.7660503766496,26.784576,Cool roof,401310.0,1.0,2.491839226533104e-06,839941830.0,False
2094,+102165+29142,26.17915316779212,91.77683015988188,26.78299,Cool roof,401310.0,1.0,2.491839226533104e-06,840343140.0,False
2095,+102112+29133,26.171068329831648,91.72921944961844,26.782806,Cool roof,401310.0,1.0,2.491839226533104e-06,840744450.0,False
2096,+102120+29134,26.17196664521392,91.73640597202336,26.782623,Cool roof,401310.0,1.0,2.491839226533104e-06,841145760.0,False
2097,+102151+29127,26.16567843834868,91.76425374554344,26.781982,Cool roof,401310.0,1.0,2.491839226533104e-06,841547070.0,False
2098,+102084+29113,26.15310202451501,91.70406662166724,26.78006,Cool roof,401310.0,1.0,2.491839226533104e-06,841948380.0,False
2099,+102118+29133,26.171068329789467,91.73460934164464,26.779144,Cool roof,401310.0,1.0,2.491839226533104e-06,842349690.0,False
2100,+102144+29133,26.171068329862216,91.75796553922218,26.77887,Cool roof,401310.0,1.0,2.491839226533104e-06,842751000.0,False
2101,+102119+29134,26.17196664504697,91.7355076565395,26.776093,Cool roof,401310.0,1.0,2.491839226533104e-06,843152310.0,False
2102,+102145+29146,26.18274642856834,91.75886385390362,26.775726,Cool roof,401310.0,1.0,2.491839226533104e-06,843553620.0,False
2103,+102153+29124,26.162983492638368,91.76605037641188,26.775543,Cool roof,401310.0,1.0,2.491839226533104e-06,843954930.0,False
2104,+102163+29136,26.17376327611596,91.77503352956876,26.7753,Cool roof,401310.0,1.0,2.491839226533104e-06,844356240.0,False
2105,+102158+29146,26.18274642844446,91.77054195294616,26.775177,Cool roof,401310.0,1.0,2.491839226533104e-06,844757550.0,False
2106,+102125+29139,26.176458222289096,91.74089754830986,26.774933,Cool roof,401310.0,1.0,2.491839226533104e-06,845158860.0,False
2107,+102154+29123,26.162085177091623,91.76694869143978,26.773163,Cool roof,401310.0,1.0,2.491839226533104e-06,845560170.0,False
2108,+102157+29149,26.185441374434323,91.769643637257,26.773163,Cool roof,401310.0,1.0,2.491839226533104e-06,845961480.0,False
2109,+102147+29144,26.18094979793503,91.76066048493428,26.773132,Cool roof,401310.0,1.0,2.491839226533104e-06,846362790.0,False
2110,+102113+29128,26.166576753580024,91.73011776499816,26.772919,Cool roof,401310.0,1.0,2.491839226533104e-06,846764100.0,False
2111,+102141+29130,26.16837338385833,91.7552705931999,26.772888,Cool roof,401310.0,1.0,2.491839226533104e-06,847165410.0,False
2112,+102146+29132,26.170170014807702,91.75976216945352,26.772644,Cool roof,401310.0,1.0,2.491839226533104e-06,847566720.0,False
2113,+102124+29146,26.18274642852092,91.7399992331494,26.77182,Cool roof,401310.0,1.0,2.491839226533104e-06,847968030.0,False
2114,+102164+29149,26.18544137450472,91.77593184428666,26.770172,Cool roof,401310.0,1.0,2.491839226533104e-06,848369340.0,False
2115,+102124+29129,26.167475068591607,91.73999923344094,26.77005,Cool roof,401310.0,1.0,2.491839226533104e-06,848770650.0,False
2116,+102158+29126,26.16478012296021,91.77054195300693,26.768585,Cool roof,401310.0,1.0,2.491839226533104e-06,849171960.0,False
2117,+102123+29125,26.16388180778976,91.739100917784,26.767487,Cool roof,401310.0,1.0,2.491839226533104e-06,849573270.0,False
2118,+102119+29138,26.17555990613585,91.73550765643712,26.767426,Cool roof,401310.0,1.0,2.491839226533104e-06,849974580.0,False
2119,+102152+29136,26.173763276170785,91.76515206095436,26.766144,Cool roof,401310.0,1.0,2.491839226533104e-06,850375890.0,False
2120,+102149+29130,26.16837338390326,91.76245711506394,26.765167,Cool roof,401310.0,1.0,2.491839226533104e-06,850777200.0,False
2121,+102158+29132,26.17017001466069,91.7705419530662,26.765015,Cool roof,401310.0,1.0,2.491839226533104e-06,851178510.0,False
2122,+102154+29148,26.18454305938199,91.76694869136,26.763977,Cool roof,401310.0,1.0,2.491839226533104e-06,851579820.0,False
2123,+102163+29148,26.18454305945227,91.77503352929708,26.763336,Cool roof,401310.0,1.0,2.491839226533104e-06,851981130.0,False
2124,+102149+29131,26.16927169970837,91.76245711509934,26.76294,Cool roof,401310.0,1.0,2.491839226533104e-06,852382440.0,False
2125,+102122+29126,26.16478012303442,91.7382026025087,26.762543,Cool roof,401310.0,1.0,2.491839226533104e-06,852783750.0,False
2126,+102104+29129,26.167475068562908,91.72203292747444,26.76239,Cool roof,401310.0,1.0,2.491839226533104e-06,853185060.0,False
2127,+102160+29139,26.176458222305826,91.772338583252,26.761871,Cool roof,401310.0,1.0,2.491839226533104e-06,853586370.0,False
2128,+102150+29122,26.161186861661427,91.7633554304292,26.759125,Cool roof,401310.0,1.0,2.491839226533104e-06,853987680.0,False
2129,+102150+29151,26.187238004851974,91.76335543058222,26.758942,Cool roof,401310.0,1.0,2.491839226533104e-06,854388990.0,False
2130,+102132+29146,26.18274642846834,91.74718575510433,26.75885,Cool roof,401310.0,1.0,2.491839226533104e-06,854790300.0,False
2131,+102158+29147,26.18364474404747,91.77054195303651,26.758514,Cool roof,401310.0,1.0,2.491839226533104e-06,855191610.0,False
2132,+102160+29127,26.165678438205017,91.77233858291252,26.758087,Cool roof,401310.0,1.0,2.491839226533104e-06,855592920.0,False
2133,+102156+29148,26.18454305971768,91.76874532228187,26.75708,Cool roof,401310.0,1.0,2.491839226533104e-06,855994230.0,False
2134,+102129+29145,26.181848113404296,91.74449080948476,26.756622,Cool roof,401310.0,1.0,2.491839226533104e-06,856395540.0,False
2135,+102150+29152,26.18813632085803,91.76335543036149,26.755463,Cool roof,401310.0,1.0,2.491839226533104e-06,856796850.0,False
2136,+102156+29147,26.183644743777577,91.76874532226309,26.754547,Cool roof,401310.0,1.0,2.491839226533104e-06,857198160.0,False
2137,+102122+29121,26.16028854726802,91.73820260229188,26.754303,Cool roof,401310.0,1.0,2.491839226533104e-06,857599470.0,False
2138,+102180+29154,26.189932950978267,91.79030488921636,26.75174,Cool roof,401310.0,1.0,2.491839226533104e-06,858000780.0,False
2139,+102163+29137,26.17466159095453,91.77503352938837,26.751617,Cool roof,401310.0,1.0,2.491839226533104e-06,858402090.0,False
2140,+102186+29146,26.18274642846934,91.79569478098983,26.751312,Cool roof,401310.0,1.0,2.491839226533104e-06,858803400.0,False
2141,+102058+29101,26.1423222407274,91.68071042417613,26.75058,Cool roof,401310.0,1.0,2.491839226533104e-06,859204710.0,False
2142,+102099+29127,26.16567843842613,91.71754135101092,26.749725,Cool roof,401310.0,1.0,2.491839226533104e-06,859606020.0,False
2143,+102085+29130,26.16837338398781,91.70496493678588,26.749664,Cool roof,401310.0,1.0,2.491839226533104e-06,860007330.0,False
2144,+102165+29153,26.18903463531909,91.7768301599731,26.747345,Cool roof,401310.0,1.0,2.491839226533104e-06,860408640.0,False
2145,+102119+29137,26.174661590992024,91.7355076566139,26.747253,Cool roof,401310.0,1.0,2.491839226533104e-06,860809950.0,False
2146,+102147+29134,26.171966645168336,91.76066048489017,26.746155,Cool roof,401310.0,1.0,2.491839226533104e-06,861211260.0,False
2147,+102108+29133,26.171068330009003,91.7256261884828,26.745636,Cool roof,401310.0,1.0,2.491839226533104e-06,861612570.0,False
2148,+102149+29138,26.175559906205866,91.76245711504323,26.745544,Cool roof,401310.0,1.0,2.491839226533104e-06,862013880.0,False
2149,+102107+29133,26.1710683300568,91.7247278732426,26.745392,Cool roof,401310.0,1.0,2.491839226533104e-06,862415190.0,False
2150,+102150+29150,26.186339689794973,91.76335543055814,26.74469,Cool roof,401310.0,1.0,2.491839226533104e-06,862816500.0,False
2151,+102145+29144,26.18094979805396,91.75886385391824,26.743927,Cool roof,401310.0,1.0,2.491839226533104e-06,863217810.0,False
2152,+102111+29132,26.170170014989665,91.72832113452996,26.743683,Cool roof,401310.0,1.0,2.491839226533104e-06,863619120.0,False
2153,+102118+29120,26.159390230951363,91.73460934138558,26.741547,Cool roof,401310.0,1.0,2.491839226533104e-06,864020430.0,False
2154,+102092+29110,26.150407078115293,91.71125314409169,26.739563,Cool roof,401310.0,1.0,2.491839226533104e-06,864421740.0,False
2155,+102189+29145,26.18184811354159,91.79838972642108,26.739166,Cool roof,401310.0,1.0,2.491839226533104e-06,864823050.0,False
2156,+102120+29118,26.15759360072122,91.73640597205636,26.738434,Cool roof,401310.0,1.0,2.491839226533104e-06,865224360.0,False
2157,+102127+29143,26.18005148285814,91.742694178801,26.73819,Cool roof,401310.0,1.0,2.491839226533104e-06,865625670.0,False
2158,+102163+29132,26.17017001466171,91.77503352945465,26.737274,Cool roof,401310.0,1.0,2.491839226533104e-06,866026980.0,False
2159,+102155+29149,26.185441374446267,91.7678470068156,26.736328,Cool roof,401310.0,1.0,2.491839226533104e-06,866428290.0,False
2160,+102166+29135,26.17286496058,91.7777284748434,26.735687,Cool roof,401310.0,1.0,2.491839226533104e-06,866829600.0,False
2161,+102129+29135,26.17286496039376,91.74449080908138,26.734222,Cool roof,401310.0,1.0,2.491839226533104e-06,867230910.0,False
2162,+102160+29136,26.17376327594039,91.77233858305014,26.73407,Cool roof,401310.0,1.0,2.491839226533104e-06,867632220.0,False
2163,+102118+29117,26.156695285341662,91.73460934154296,26.733917,Cool roof,401310.0,1.0,2.491839226533104e-06,868033530.0,False
2164,+102113+29134,26.17196664509812,91.7301177649758,26.733856,Cool roof,401310.0,1.0,2.491839226533104e-06,868434840.0,False
2165,+102109+29130,26.168373383836595,91.72652450360712,26.733765,Cool roof,401310.0,1.0,2.491839226533104e-06,868836150.0,False
2166,+102185+29147,26.18364474386464,91.7947964650204,26.73288,Cool roof,401310.0,1.0,2.491839226533104e-06,869237460.0,False
2167,+102102+29129,26.16747506855732,91.72023629670292,26.732544,Cool roof,401310.0,1.0,2.491839226533104e-06,869638770.0,False
2168,+102165+29134,26.171966645015846,91.77683015975492,26.732086,Cool roof,401310.0,1.0,2.491839226533104e-06,870040080.0,False
2169,+102178+29153,26.189034635283555,91.78850825838104,26.731964,Cool roof,401310.0,1.0,2.491839226533104e-06,870441390.0,False
2170,+102197+29149,26.185441374359,91.80557624895609,26.730621,Cool roof,401310.0,1.0,2.491839226533104e-06,870842700.0,False
2171,+102149+29140,26.17735653695195,91.76245711501872,26.729462,Cool roof,401310.0,1.0,2.491839226533104e-06,871244010.0,False
2172,+102139+29135,26.17286496046886,91.75347396253166,26.72882,Cool roof,401310.0,1.0,2.491839226533104e-06,871645320.0,False
2173,+102146+29143,26.180051483141256,91.75976216924964,26.72873,Cool roof,401310.0,1.0,2.491839226533104e-06,872046630.0,False
2174,+102138+29146,26.18274642848311,91.75257564713696,26.728638,Cool roof,401310.0,1.0,2.491839226533104e-06,872447940.0,False
2175,+102133+29142,26.17915316775517,91.74808407051148,26.72586,Cool roof,401310.0,1.0,2.491839226533104e-06,872849250.0,False
2176,+102161+29142,26.179153167925776,91.77323689878816,26.725708,Cool roof,401310.0,1.0,2.491839226533104e-06,873250560.0,False
2177,+102146+29137,26.174661591036724,91.7597621692229,26.725555,Cool roof,401310.0,1.0,2.491839226533104e-06,873651870.0,False
2178,+102205+29152,26.188136320858764,91.81276277115032,26.72525,Cool roof,401310.0,1.0,2.491839226533104e-06,874053180.0,False
2179,+102137+29143,26.180051483077744,91.75167733183504,26.725037,Cool roof,401310.0,1.0,2.491839226533104e-06,874454490.0,False
2180,+102122+29123,26.162085177328706,91.73820260240792,26.72403,Cool roof,401310.0,1.0,2.491839226533104e-06,874855800.0,False
2181,+102163+29141,26.178254851932017,91.77503352941235,26.723663,Cool roof,401310.0,1.0,2.491839226533104e-06,875257110.0,False
2182,+102118+29134,26.17196664517288,91.73460934165828,26.72171,Cool roof,401310.0,1.0,2.491839226533104e-06,875658420.0,False
2183,+102173+29156,26.191729581846023,91.78401668168122,26.72171,Cool roof,401310.0,1.0,2.491839226533104e-06,876059730.0,False
2184,+102152+29124,26.16298349267598,91.76515206115164,26.72165,Cool roof,401310.0,1.0,2.491839226533104e-06,876461040.0,False
2185,+102123+29145,26.181848113544536,91.7391009179536,26.721405,Cool roof,401310.0,1.0,2.491839226533104e-06,876862350.0,False
2186,+102162+29136,26.17376327631052,91.77413521379418,26.720245,Cool roof,401310.0,1.0,2.491839226533104e-06,877263660.0,False
2187,+102119+29114,26.154000339546144,91.73550765658273,26.720001,Cool roof,401310.0,1.0,2.491839226533104e-06,877664970.0,False
2188,+102120+29133,26.17106833005341,91.73640597196078,26.719543,Cool roof,401310.0,1.0,2.491839226533104e-06,878066280.0,False
2189,+102152+29123,26.16208517721109,91.76515206103082,26.719513,Cool roof,401310.0,1.0,2.491839226533104e-06,878467590.0,False
2190,+102136+29139,26.17645822231099,91.75077901632974,26.718353,Cool roof,401310.0,1.0,2.491839226533104e-06,878868900.0,False
2191,+102145+29133,26.17106833008337,91.75886385382618,26.717316,Cool roof,401310.0,1.0,2.491839226533104e-06,879270210.0,False
2192,+102161+29143,26.180051483013955,91.77323689868648,26.715881,Cool roof,401310.0,1.0,2.491839226533104e-06,879671520.0,False
2193,+102156+29131,26.169271699822865,91.7687453225388,26.71521,Cool roof,401310.0,1.0,2.491839226533104e-06,880072830.0,False
2194,+102118+29113,26.153102024571552,91.73460934162048,26.710693,Cool roof,401310.0,1.0,2.491839226533104e-06,880474140.0,False
2195,+102125+29137,26.174661590928352,91.74089754838408,26.709808,Cool roof,401310.0,1.0,2.491839226533104e-06,880875450.0,False
2196,+102136+29141,26.17825485196816,91.75077901627496,26.708954,Cool roof,401310.0,1.0,2.491839226533104e-06,881276760.0,False
2197,+102151+29125,26.163881807572345,91.76425374543784,26.708466,Cool roof,401310.0,1.0,2.491839226533104e-06,881678070.0,False
2198,+102112+29132,26.17017001504221,91.72921944949812,26.707672,Cool roof,401310.0,1.0,2.491839226533104e-06,882079380.0,False
2199,+102145+29132,26.170170014824148,91.75886385369937,26.707367,Cool roof,401310.0,1.0,2.491839226533104e-06,882480690.0,False
2200,+102159+29150,26.18633968972101,91.77144026783355,26.707367,Cool roof,401310.0,1.0,2.491839226533104e-06,882882000.0,False
2201,+102118+29114,26.154000339442,91.73460934147012,26.70697,Cool roof,401310.0,1.0,2.491839226533104e-06,883283310.0,False
2202,+102147+29131,26.169271699705074,91.76066048459064,26.70694,Cool roof,401310.0,1.0,2.491839226533104e-06,883684620.0,False
2203,+102115+29133,26.17106832985883,91.73191439532286,26.706757,Cool roof,401310.0,1.0,2.491839226533104e-06,884085930.0,False
2204,+102063+29102,26.14322055606825,91.68520200092954,26.705048,Cool roof,401310.0,1.0,2.491839226533104e-06,884487240.0,False
2205,+102152+29126,26.164780122996056,91.7651520608866,26.70456,Cool roof,401310.0,1.0,2.491839226533104e-06,884888550.0,False
2206,+102140+29142,26.17915316783817,91.75437227744686,26.70398,Cool roof,401310.0,1.0,2.491839226533104e-06,885289860.0,False
2207,+102158+29144,26.18094979795072,91.77054195294062,26.703766,Cool roof,401310.0,1.0,2.491839226533104e-06,885691170.0,False
2208,+102150+29153,26.18903463532147,91.76335543012226,26.703522,Cool roof,401310.0,1.0,2.491839226533104e-06,886092480.0,False
2209,+102112+29102,26.14322055608913,91.72921944960176,26.703217,Cool roof,401310.0,1.0,2.491839226533104e-06,886493790.0,False
2210,+102157+29131,26.169271699759665,91.76964363727508,26.702911,Cool roof,401310.0,1.0,2.491839226533104e-06,886895100.0,False
2211,+102141+29142,26.179153167648582,91.75527059315084,26.702606,Cool roof,401310.0,1.0,2.491839226533104e-06,887296410.0,False
2212,+102060+29110,26.15040707819728,91.68250705470176,26.702057,Cool roof,401310.0,1.0,2.491839226533104e-06,887697720.0,False
2213,+102175+29158,26.19352621222496,91.78581331281632,26.701996,Cool roof,401310.0,1.0,2.491839226533104e-06,888099030.0,False
2214,+102130+29144,26.18094979809088,91.74538912484326,26.70169,Cool roof,401310.0,1.0,2.491839226533104e-06,888500340.0,False
2215,+102144+29137,26.174661590975383,91.75796553898203,26.700165,Cool roof,401310.0,1.0,2.491839226533104e-06,888901650.0,False
2216,+102170+29154,26.18993295097209,91.78132173611527,26.69748,Cool roof,401310.0,1.0,2.491839226533104e-06,889302960.0,False
2217,+102140+29137,26.1746615909136,91.75437227758091,26.697357,Cool roof,401310.0,1.0,2.491839226533104e-06,889704270.0,False
2218,+102154+29131,26.169271699733315,91.76694869135844,26.695831,Cool roof,401310.0,1.0,2.491839226533104e-06,890105580.0,False
2219,+102130+29143,26.180051482745508,91.74538912499344,26.695679,Cool roof,401310.0,1.0,2.491839226533104e-06,890506890.0,False
2220,+102086+29065,26.10998289023385,91.70586325270033,26.695557,Cool roof,401310.0,1.0,2.491839226533104e-06,890908200.0,False
2221,+102155+29150,26.186339689892684,91.76784700665888,26.695404,Cool roof,401310.0,1.0,2.491839226533104e-06,891309510.0,False
2222,+102125+29129,26.167475068499964,91.74089754839184,26.695312,Cool roof,401310.0,1.0,2.491839226533104e-06,891710820.0,False
2223,+102159+29132,26.17017001480428,91.7714402679042,26.695282,Cool roof,401310.0,1.0,2.491839226533104e-06,892112130.0,False
2224,+102166+29134,26.17196664499719,91.77772847503148,26.694794,Cool roof,401310.0,1.0,2.491839226533104e-06,892513440.0,False
2225,+102151+29146,26.18274642846632,91.764253745461,26.69461,Cool roof,401310.0,1.0,2.491839226533104e-06,892914750.0,False
2226,+102147+29126,26.1647801229666,91.76066048468346,26.694183,Cool roof,401310.0,1.0,2.491839226533104e-06,893316060.0,False
2227,+102196+29142,26.179153168023337,91.80467793360036,26.692078,Cool roof,401310.0,1.0,2.491839226533104e-06,893717370.0,False
2228,+102119+29129,26.167475068331303,91.7355076564328,26.689575,Cool roof,401310.0,1.0,2.491839226533104e-06,894118680.0,False
2229,+102159+29147,26.183644743988086,91.77144026769442,26.689545,Cool roof,401310.0,1.0,2.491839226533104e-06,894519990.0,False
2230,+102151+29124,26.162983492640524,91.76425374524486,26.687225,Cool roof,401310.0,1.0,2.491839226533104e-06,894921300.0,False
2231,+102159+29155,26.190831266145107,91.77144026780682,26.68686,Cool roof,401310.0,1.0,2.491839226533104e-06,895322610.0,False
2232,+102168+29154,26.189932951067053,91.77952510555608,26.684662,Cool roof,401310.0,1.0,2.491839226533104e-06,895723920.0,False
2233,+102161+29132,26.170170014876188,91.7732368986873,26.682892,Cool roof,401310.0,1.0,2.491839226533104e-06,896125230.0,False
2234,+102121+29118,26.15759360077705,91.73730428697486,26.68222,Cool roof,401310.0,1.0,2.491839226533104e-06,896526540.0,False
2235,+102187+29143,26.18005148278808,91.79659309593174,26.681885,Cool roof,401310.0,1.0,2.491839226533104e-06,896927850.0,False
2236,+102178+29154,26.189932950973898,91.78850825847452,26.681671,Cool roof,401310.0,1.0,2.491839226533104e-06,897329160.0,False
2237,+102129+29140,26.17735653687644,91.74449080946158,26.68161,Cool roof,401310.0,1.0,2.491839226533104e-06,897730470.0,False
2238,+102163+29145,26.18184811357125,91.7750335294094,26.681427,Cool roof,401310.0,1.0,2.491839226533104e-06,898131780.0,False
2239,+102152+29125,26.16388180759303,91.76515206102836,26.681366,Cool roof,401310.0,1.0,2.491839226533104e-06,898533090.0,False
2240,+102146+29131,26.169271699595697,91.75976216939554,26.681,Cool roof,401310.0,1.0,2.491839226533104e-06,898934400.0,False
2241,+102161+29138,26.17555990609936,91.7732368988075,26.680145,Cool roof,401310.0,1.0,2.491839226533104e-06,899335710.0,False
2242,+102161+29152,26.18813632079564,91.77323689884432,26.679657,Cool roof,401310.0,1.0,2.491839226533104e-06,899737020.0,False
2243,+102144+29135,26.172864960479227,91.75796553891615,26.676605,Cool roof,401310.0,1.0,2.491839226533104e-06,900138330.0,False
2244,+102119+29118,26.15759360095542,91.73550765648532,26.676422,Cool roof,401310.0,1.0,2.491839226533104e-06,900539640.0,False
2245,+102140+29143,26.18005148305887,91.75437227735748,26.67508,Cool roof,401310.0,1.0,2.491839226533104e-06,900940950.0,False
2246,+102162+29138,26.17555990613174,91.77413521359324,26.674713,Cool roof,401310.0,1.0,2.491839226533104e-06,901342260.0,False
2247,+102121+29139,26.176458222105925,91.73730428725209,26.67331,Cool roof,401310.0,1.0,2.491839226533104e-06,901743570.0,False
2248,+102174+29154,26.18993295106072,91.78491499706332,26.673187,Cool roof,401310.0,1.0,2.491839226533104e-06,902144880.0,False
2249,+102117+29113,26.15310202473557,91.73371102596153,26.673065,Cool roof,401310.0,1.0,2.491839226533104e-06,902546190.0,False
2250,+102145+29135,26.1728649604864,91.75886385402094,26.671875,Cool roof,401310.0,1.0,2.491839226533104e-06,902947500.0,False
2251,+102147+29151,26.187238005145964,91.76066048503311,26.671783,Cool roof,401310.0,1.0,2.491839226533104e-06,903348810.0,False
2252,+102140+29144,26.18094979804478,91.75437227747317,26.670624,Cool roof,401310.0,1.0,2.491839226533104e-06,903750120.0,False
2253,+102119+29139,26.17645822241129,91.735507656461,26.670502,Cool roof,401310.0,1.0,2.491839226533104e-06,904151430.0,False
2254,+102131+29146,26.182746428648567,91.74628744005123,26.667938,Cool roof,401310.0,1.0,2.491839226533104e-06,904552740.0,False
2255,+102116+29130,26.16837338400624,91.73281271072156,26.665527,Cool roof,401310.0,1.0,2.491839226533104e-06,904954050.0,False
2256,+102198+29158,26.19352621188243,91.80647456357056,26.665466,Cool roof,401310.0,1.0,2.491839226533104e-06,905355360.0,False
2257,+102084+29112,26.15220370873805,91.70406662178875,26.665009,Cool roof,401310.0,1.0,2.491839226533104e-06,905756670.0,False
2258,+102129+29147,26.18364474396545,91.74449080946668,26.664917,Cool roof,401310.0,1.0,2.491839226533104e-06,906157980.0,False
2259,+102161+29127,26.165678438270973,91.77323689881852,26.66446,Cool roof,401310.0,1.0,2.491839226533104e-06,906559290.0,False
2260,+102116+29113,26.15310202464273,91.73281271073007,26.664398,Cool roof,401310.0,1.0,2.491839226533104e-06,906960600.0,False
2261,+102127+29147,26.18364474406228,91.74269417886816,26.664337,Cool roof,401310.0,1.0,2.491839226533104e-06,907361910.0,False
2262,+102116+29129,26.167475068365107,91.73281271065215,26.661774,Cool roof,401310.0,1.0,2.491839226533104e-06,907763220.0,False
2263,+102122+29133,26.17106832984988,91.73820260240258,26.660675,Cool roof,401310.0,1.0,2.491839226533104e-06,908164530.0,False
2264,+102110+29117,26.156695285604435,91.72742281895589,26.660522,Cool roof,401310.0,1.0,2.491839226533104e-06,908565840.0,False
2265,+102160+29147,26.18364474385956,91.77233858306413,26.660004,Cool roof,401310.0,1.0,2.491839226533104e-06,908967150.0,False
2266,+102175+29159,26.19442452683902,91.78581331287052,26.659729,Cool roof,401310.0,1.0,2.491839226533104e-06,909368460.0,False
2267,+102119+29121,26.16028854728288,91.73550765642749,26.659668,Cool roof,401310.0,1.0,2.491839226533104e-06,909769770.0,False
2268,+102179+29154,26.189932951101003,91.78940657360025,26.65915,Cool roof,401310.0,1.0,2.491839226533104e-06,910171080.0,False
2269,+102153+29134,26.17196664531953,91.76605037662516,26.658783,Cool roof,401310.0,1.0,2.491839226533104e-06,910572390.0,False
2270,+102138+29135,26.172864960581173,91.75257564664992,26.658295,Cool roof,401310.0,1.0,2.491839226533104e-06,910973700.0,False
2271,+102151+29138,26.175559906257376,91.76425374536817,26.657928,Cool roof,401310.0,1.0,2.491839226533104e-06,911375010.0,False
2272,+102160+29141,26.17825485195141,91.77233858307795,26.657684,Cool roof,401310.0,1.0,2.491839226533104e-06,911776320.0,False
2273,+102077+29125,26.163881807884675,91.69777841472856,26.65747,Cool roof,401310.0,1.0,2.491839226533104e-06,912177630.0,False
2274,+102128+29145,26.181848113540205,91.74359249397656,26.657135,Cool roof,401310.0,1.0,2.491839226533104e-06,912578940.0,False
2275,+102146+29133,26.171068330050925,91.759762169266,26.656128,Cool roof,401310.0,1.0,2.491839226533104e-06,912980250.0,False
2276,+102154+29145,26.18184811331686,91.76694869141468,26.655884,Cool roof,401310.0,1.0,2.491839226533104e-06,913381560.0,False
2277,+102120+29122,26.16118686158641,91.7364059718635,26.65561,Cool roof,401310.0,1.0,2.491839226533104e-06,913782870.0,False
2278,+102168+29148,26.184543059406792,91.77952510559042,26.655365,Cool roof,401310.0,1.0,2.491839226533104e-06,914184180.0,False
2279,+102146+29134,26.17196664510575,91.75976216928464,26.654785,Cool roof,401310.0,1.0,2.491839226533104e-06,914585490.0,False
2280,+102176+29159,26.19442452693485,91.7867116274409,26.65384,Cool roof,401310.0,1.0,2.491839226533104e-06,914986800.0,False
2281,+102157+29132,26.170170014627267,91.76964363725652,26.653198,Cool roof,401310.0,1.0,2.491839226533104e-06,915388110.0,False
2282,+102128+29136,26.173763276186914,91.74359249404188,26.651703,Cool roof,401310.0,1.0,2.491839226533104e-06,915789420.0,False
2283,+102142+29124,26.162983492672527,91.75616890798472,26.651611,Cool roof,401310.0,1.0,2.491839226533104e-06,916190730.0,False
2284,+102154+29134,26.171966645246727,91.76694869137336,26.650604,Cool roof,401310.0,1.0,2.491839226533104e-06,916592040.0,False
2285,+102148+29129,26.16747506868192,91.76155879990056,26.649597,Cool roof,401310.0,1.0,2.491839226533104e-06,916993350.0,False
2286,+102158+29143,26.180051482875,91.77054195302505,26.648712,Cool roof,401310.0,1.0,2.491839226533104e-06,917394660.0,False
2287,+102157+29147,26.18364474385612,91.7696436374082,26.647858,Cool roof,401310.0,1.0,2.491839226533104e-06,917795970.0,False
2288,+102092+29119,26.15849191612289,91.71125314386394,26.64682,Cool roof,401310.0,1.0,2.491839226533104e-06,918197280.0,False
2289,+102178+29151,26.18723800515576,91.78850825815664,26.645538,Cool roof,401310.0,1.0,2.491839226533104e-06,918598590.0,False
2290,+102136+29135,26.172864960410312,91.75077901617829,26.644806,Cool roof,401310.0,1.0,2.491839226533104e-06,918999900.0,False
2291,+102147+29147,26.18364474396847,91.7606604851575,26.644684,Cool roof,401310.0,1.0,2.491839226533104e-06,919401210.0,False
2292,+102168+29149,26.18544137446341,91.779525105245,26.643707,Cool roof,401310.0,1.0,2.491839226533104e-06,919802520.0,False
2293,+102120+29140,26.177356536725508,91.73640597186764,26.642822,Cool roof,401310.0,1.0,2.491839226533104e-06,920203830.0,False
2294,+102159+29140,26.177356536827624,91.77144026753705,26.642578,Cool roof,401310.0,1.0,2.491839226533104e-06,920605140.0,False
2295,+102181+29156,26.191729581875148,91.79120320418868,26.64212,Cool roof,401310.0,1.0,2.491839226533104e-06,921006450.0,False
2296,+102177+29154,26.18993295096067,91.7876099432854,26.641296,Cool roof,401310.0,1.0,2.491839226533104e-06,921407760.0,False
2297,+102124+29137,26.17466159099437,91.73999923346496,26.640747,Cool roof,401310.0,1.0,2.491839226533104e-06,921809070.0,False
2298,+102163+29140,26.177356536812383,91.77503352920428,26.640015,Cool roof,401310.0,1.0,2.491839226533104e-06,922210380.0,False
2299,+102161+29131,26.169271699698527,91.7732368986104,26.638947,Cool roof,401310.0,1.0,2.491839226533104e-06,922611690.0,False
2300,+102163+29139,26.17645822218255,91.77503352943228,26.6362,Cool roof,401310.0,1.0,2.491839226533104e-06,923013000.0,False
2301,+102117+29114,26.154000339445176,91.73371102590436,26.635895,Cool roof,401310.0,1.0,2.491839226533104e-06,923414310.0,False
2302,+102162+29137,26.17466159097973,91.77413521370173,26.635498,Cool roof,401310.0,1.0,2.491839226533104e-06,923815620.0,False
2303,+102165+29146,26.1827464286712,91.77683015980207,26.634918,Cool roof,401310.0,1.0,2.491839226533104e-06,924216930.0,False
2304,+102126+29142,26.17915316788924,91.74179586355584,26.633759,Cool roof,401310.0,1.0,2.491839226533104e-06,924618240.0,False
2305,+102160+29151,26.18723800519552,91.77233858325232,26.633026,Cool roof,401310.0,1.0,2.491839226533104e-06,925019550.0,False
2306,+102111+29134,26.171966645333807,91.72832113446847,26.632172,Cool roof,401310.0,1.0,2.491839226533104e-06,925420860.0,False
2307,+102165+29139,26.176458222233308,91.77683015978025,26.631744,Cool roof,401310.0,1.0,2.491839226533104e-06,925822170.0,False
2308,+102139+29144,26.18094979801634,91.75347396239808,26.630768,Cool roof,401310.0,1.0,2.491839226533104e-06,926223480.0,False
2309,+102147+29150,26.18633968967917,91.76066048498018,26.628479,Cool roof,401310.0,1.0,2.491839226533104e-06,926624790.0,False
2310,+102112+29103,26.144118871830383,91.72921944985391,26.628326,Cool roof,401310.0,1.0,2.491839226533104e-06,927026100.0,False
2311,+102159+29148,26.18454305952301,91.7714402676826,26.628082,Cool roof,401310.0,1.0,2.491839226533104e-06,927427410.0,False
2312,+102069+29131,26.169271699672592,91.69059189270874,26.626923,Cool roof,401310.0,1.0,2.491839226533104e-06,927828720.0,False
2313,+102144+29146,26.18274642855566,91.75796553930496,26.626495,Cool roof,401310.0,1.0,2.491839226533104e-06,928230030.0,False
2314,+102065+29104,26.145017186683084,91.68699863088584,26.62497,Cool roof,401310.0,1.0,2.491839226533104e-06,928631340.0,False
2315,+102147+29136,26.17376327616947,91.76066048514436,26.623444,Cool roof,401310.0,1.0,2.491839226533104e-06,929032650.0,False
2316,+102093+29123,26.16208517726936,91.71215145905175,26.623383,Cool roof,401310.0,1.0,2.491839226533104e-06,929433960.0,False
2317,+102093+29120,26.15939023095824,91.71215145915716,26.62259,Cool roof,401310.0,1.0,2.491839226533104e-06,929835270.0,False
2318,+102129+29136,26.173763276220875,91.74449080920402,26.622223,Cool roof,401310.0,1.0,2.491839226533104e-06,930236580.0,False
2319,+102061+29113,26.1531020246572,91.68340537002646,26.6221,Cool roof,401310.0,1.0,2.491839226533104e-06,930637890.0,False
2320,+102190+29149,26.18544137451285,91.7992880419866,26.621918,Cool roof,401310.0,1.0,2.491839226533104e-06,931039200.0,False
2321,+102169+29155,26.190831266205088,91.78042342120338,26.621185,Cool roof,401310.0,1.0,2.491839226533104e-06,931440510.0,False
2322,+102160+29131,26.16927169968505,91.772338583063,26.620453,Cool roof,401310.0,1.0,2.491839226533104e-06,931841820.0,False
2323,+102156+29128,26.16657675377123,91.76874532222324,26.619324,Cool roof,401310.0,1.0,2.491839226533104e-06,932243130.0,False
2324,+102148+29130,26.16837338374024,91.7615587998182,26.61795,Cool roof,401310.0,1.0,2.491839226533104e-06,932644440.0,False
2325,+102113+29132,26.170170015023285,91.73011776516604,26.616333,Cool roof,401310.0,1.0,2.491839226533104e-06,933045750.0,False
2326,+102162+29147,26.18364474394148,91.77413521370352,26.615814,Cool roof,401310.0,1.0,2.491839226533104e-06,933447060.0,False
2327,+102150+29125,26.163881807660584,91.76335543065862,26.615387,Cool roof,401310.0,1.0,2.491839226533104e-06,933848370.0,False
2328,+102046+29118,26.157593600674755,91.66993064108064,26.614471,Cool roof,401310.0,1.0,2.491839226533104e-06,934249680.0,False
2329,+102146+29145,26.181848113590384,91.75976216910196,26.61203,Cool roof,401310.0,1.0,2.491839226533104e-06,934650990.0,False
2330,+102189+29147,26.18364474376063,91.79838972671136,26.611969,Cool roof,401310.0,1.0,2.491839226533104e-06,935052300.0,False
2331,+102158+29145,26.181848113699058,91.7705419530648,26.609955,Cool roof,401310.0,1.0,2.491839226533104e-06,935453610.0,False
2332,+102132+29145,26.181848113672423,91.74718575524663,26.608917,Cool roof,401310.0,1.0,2.491839226533104e-06,935854920.0,False
2333,+102043+29119,26.15849191610693,91.66723569513545,26.608429,Cool roof,401310.0,1.0,2.491839226533104e-06,936256230.0,False
2334,+102127+29144,26.18094979807795,91.74269417891006,26.608246,Cool roof,401310.0,1.0,2.491839226533104e-06,936657540.0,False
2335,+102118+29135,26.17286496063599,91.7346093414203,26.607635,Cool roof,401310.0,1.0,2.491839226533104e-06,937058850.0,False
2336,+102153+29133,26.17106833000659,91.76605037654922,26.607574,Cool roof,401310.0,1.0,2.491839226533104e-06,937460160.0,False
2337,+102123+29122,26.16118686165459,91.73910091788068,26.60727,Cool roof,401310.0,1.0,2.491839226533104e-06,937861470.0,False
2338,+102145+29149,26.185441374390106,91.7588638538464,26.605743,Cool roof,401310.0,1.0,2.491839226533104e-06,938262780.0,False
2339,+102205+29151,26.18723800504985,91.81276277128852,26.605682,Cool roof,401310.0,1.0,2.491839226533104e-06,938664090.0,False
2340,+102126+29137,26.174661590973543,91.7417958636813,26.604889,Cool roof,401310.0,1.0,2.491839226533104e-06,939065400.0,False
2341,+102138+29138,26.17555990624428,91.75257564683348,26.60379,Cool roof,401310.0,1.0,2.491839226533104e-06,939466710.0,False
2342,+102153+29145,26.18184811354832,91.766050376497,26.603699,Cool roof,401310.0,1.0,2.491839226533104e-06,939868020.0,False
2343,+102095+29085,26.127949196212025,91.71394808983992,26.603668,Cool roof,401310.0,1.0,2.491839226533104e-06,940269330.0,False
2344,+102145+29145,26.18184811344905,91.75886385380782,26.602081,Cool roof,401310.0,1.0,2.491839226533104e-06,940670640.0,False
2345,+102148+29146,26.18274642855544,91.76155879974375,26.601898,Cool roof,401310.0,1.0,2.491839226533104e-06,941071950.0,False
2346,+102130+29146,26.182746428759824,91.7453891251513,26.601746,Cool roof,401310.0,1.0,2.491839226533104e-06,941473260.0,False
2347,+102107+29129,26.16747506857688,91.72472787330403,26.60138,Cool roof,401310.0,1.0,2.491839226533104e-06,941874570.0,False
2348,+102162+29145,26.181848113699267,91.77413521351508,26.601318,Cool roof,401310.0,1.0,2.491839226533104e-06,942275880.0,False
2349,+102121+29120,26.15939023085436,91.73730428719722,26.599731,Cool roof,401310.0,1.0,2.491839226533104e-06,942677190.0,False
2350,+102117+29132,26.170170014959112,91.73371102609316,26.599396,Cool roof,401310.0,1.0,2.491839226533104e-06,943078500.0,False
2351,+102181+29155,26.190831266266983,91.79120320414636,26.598969,Cool roof,401310.0,1.0,2.491839226533104e-06,943479810.0,False
2352,+102106+29129,26.16747506864428,91.7238295581309,26.597748,Cool roof,401310.0,1.0,2.491839226533104e-06,943881120.0,False
2353,+102130+29142,26.17915316789353,91.7453891248946,26.597137,Cool roof,401310.0,1.0,2.491839226533104e-06,944282430.0,False
2354,+102161+29146,26.182746428462824,91.77323689896072,26.596832,Cool roof,401310.0,1.0,2.491839226533104e-06,944683740.0,False
2355,+102146+29135,26.17286496042211,91.75976216928352,26.595123,Cool roof,401310.0,1.0,2.491839226533104e-06,945085050.0,False
2356,+102159+29146,26.18274642839842,91.77144026791572,26.594055,Cool roof,401310.0,1.0,2.491839226533104e-06,945486360.0,False
2357,+102112+29130,26.168373383977016,91.7292194494027,26.593842,Cool roof,401310.0,1.0,2.491839226533104e-06,945887670.0,False
2358,+102179+29149,26.18544137436953,91.78940657365784,26.592194,Cool roof,401310.0,1.0,2.491839226533104e-06,946288980.0,False
2359,+102141+29155,26.19083126629022,91.75527059308811,26.592133,Cool roof,401310.0,1.0,2.491839226533104e-06,946690290.0,False
2360,+102158+29149,26.18544137441652,91.77054195294066,26.592133,Cool roof,401310.0,1.0,2.491839226533104e-06,947091600.0,False
2361,+102109+29134,26.171966645284712,91.72652450385202,26.591766,Cool roof,401310.0,1.0,2.491839226533104e-06,947492910.0,False
2362,+102147+29130,26.168373383869188,91.76066048482856,26.59143,Cool roof,401310.0,1.0,2.491839226533104e-06,947894220.0,False
2363,+102157+29130,26.168373384070367,91.76964363750264,26.590973,Cool roof,401310.0,1.0,2.491839226533104e-06,948295530.0,False
2364,+102120+29119,26.158491916173244,91.73640597204616,26.59085,Cool roof,401310.0,1.0,2.491839226533104e-06,948696840.0,False
2365,+102144+29132,26.170170014769123,91.75796553900612,26.590546,Cool roof,401310.0,1.0,2.491839226533104e-06,949098150.0,False
2366,+102153+29131,26.169271699763065,91.76605037656924,26.589752,Cool roof,401310.0,1.0,2.491839226533104e-06,949499460.0,False
2367,+102084+29059,26.10459299871525,91.7040666219889,26.589447,Cool roof,401310.0,1.0,2.491839226533104e-06,949900770.0,False
2368,+102120+29126,26.16478012277364,91.73640597194448,26.587738,Cool roof,401310.0,1.0,2.491839226533104e-06,950302080.0,False
2369,+102161+29150,26.186339689679222,91.77323689864694,26.587128,Cool roof,401310.0,1.0,2.491839226533104e-06,950703390.0,False
2370,+102097+29085,26.127949196112404,91.71574472026693,26.58664,Cool roof,401310.0,1.0,2.491839226533104e-06,951104700.0,False
2371,+102147+29127,26.165678438204186,91.76066048474875,26.585968,Cool roof,401310.0,1.0,2.491839226533104e-06,951506010.0,False
2372,+102135+29136,26.173763276027195,91.7498807014321,26.585358,Cool roof,401310.0,1.0,2.491839226533104e-06,951907320.0,False
2373,+102113+29130,26.168373384001328,91.73011776524872,26.584229,Cool roof,401310.0,1.0,2.491839226533104e-06,952308630.0,False
2374,+102193+29147,26.183644744006564,91.80198298776315,26.583588,Cool roof,401310.0,1.0,2.491839226533104e-06,952709940.0,False
2375,+102160+29142,26.17915316805728,91.77233858307936,26.581146,Cool roof,401310.0,1.0,2.491839226533104e-06,953111250.0,False
2376,+102154+29129,26.16747506866888,91.76694869171116,26.579865,Cool roof,401310.0,1.0,2.491839226533104e-06,953512560.0,False
2377,+102086+29130,26.168373383951288,91.7058632525589,26.578766,Cool roof,401310.0,1.0,2.491839226533104e-06,953913870.0,False
2378,+102161+29147,26.183644743844027,91.77323689879388,26.578644,Cool roof,401310.0,1.0,2.491839226533104e-06,954315180.0,False
2379,+102156+29146,26.18274642869251,91.76874532222712,26.578583,Cool roof,401310.0,1.0,2.491839226533104e-06,954716490.0,False
2380,+102139+29137,26.174661590948823,91.75347396234848,26.578064,Cool roof,401310.0,1.0,2.491839226533104e-06,955117800.0,False
2381,+102117+29140,26.17735653674689,91.73371102616665,26.576355,Cool roof,401310.0,1.0,2.491839226533104e-06,955519110.0,False
2382,+102153+29149,26.18544137436556,91.76605037650528,26.575897,Cool roof,401310.0,1.0,2.491839226533104e-06,955920420.0,False
2383,+102073+29103,26.144118871798284,91.69418515343452,26.575867,Cool roof,401310.0,1.0,2.491839226533104e-06,956321730.0,False
2384,+102162+29149,26.18544137438577,91.7741352136013,26.574738,Cool roof,401310.0,1.0,2.491839226533104e-06,956723040.0,False
2385,+102160+29146,26.18274642846519,91.77233858291947,26.574188,Cool roof,401310.0,1.0,2.491839226533104e-06,957124350.0,False
2386,+102140+29136,26.17376327609938,91.75437227777122,26.572845,Cool roof,401310.0,1.0,2.491839226533104e-06,957525660.0,False
2387,+102147+29135,26.172864960468868,91.76066048502705,26.572357,Cool roof,401310.0,1.0,2.491839226533104e-06,957926970.0,False
2388,+102081+29059,26.104592998812105,91.70137167573864,26.571136,Cool roof,401310.0,1.0,2.491839226533104e-06,958328280.0,False
2389,+102135+29137,26.174661591109828,91.74988070122969,26.570587,Cool roof,401310.0,1.0,2.491839226533104e-06,958729590.0,False
2390,+102152+29148,26.18454305931685,91.76515206106858,26.570587,Cool roof,401310.0,1.0,2.491839226533104e-06,959130900.0,False
2391,+102119+29113,26.153102024514503,91.7355076563739,26.570435,Cool roof,401310.0,1.0,2.491839226533104e-06,959532210.0,False
2392,+102095+29124,26.162983492731072,91.71394808998612,26.569061,Cool roof,401310.0,1.0,2.491839226533104e-06,959933520.0,False
2393,+102142+29145,26.18184811333682,91.75616890770816,26.565948,Cool roof,401310.0,1.0,2.491839226533104e-06,960334830.0,False
2394,+102122+29129,26.167475068558183,91.73820260283814,26.565704,Cool roof,401310.0,1.0,2.491839226533104e-06,960736140.0,False
2395,+102128+29141,26.17825485204628,91.74359249383936,26.56546,Cool roof,401310.0,1.0,2.491839226533104e-06,961137450.0,False
2396,+102139+29142,26.1791531679579,91.75347396242512,26.56488,Cool roof,401310.0,1.0,2.491839226533104e-06,961538760.0,False
2397,+102131+29147,26.18364474395721,91.7462874399718,26.564789,Cool roof,401310.0,1.0,2.491839226533104e-06,961940070.0,False
2398,+102147+29137,26.1746615908702,91.76066048501622,26.564697,Cool roof,401310.0,1.0,2.491839226533104e-06,962341380.0,False
2399,+102170+29148,26.18454305963447,91.78132173603844,26.563965,Cool roof,401310.0,1.0,2.491839226533104e-06,962742690.0,False
2400,+102146+29138,26.175559906236224,91.7597621689374,26.563202,Cool roof,401310.0,1.0,2.491839226533104e-06,963144000.0,False
2401,+102145+29131,26.16927169959631,91.75886385377852,26.563171,Cool roof,401310.0,1.0,2.491839226533104e-06,963545310.0,False
2402,+102144+29148,26.184543059578697,91.7579655391564,26.562012,Cool roof,401310.0,1.0,2.491839226533104e-06,963946620.0,False
2403,+102158+29148,26.18454305941414,91.7705419531098,26.561066,Cool roof,401310.0,1.0,2.491839226533104e-06,964347930.0,False
2404,+102137+29138,26.17555990615527,91.75167733189711,26.559906,Cool roof,401310.0,1.0,2.491839226533104e-06,964749240.0,False
2405,+102145+29136,26.173763276218143,91.75886385386274,26.559753,Cool roof,401310.0,1.0,2.491839226533104e-06,965150550.0,False
2406,+102119+29131,26.169271699705508,91.7355076566874,26.559357,Cool roof,401310.0,1.0,2.491839226533104e-06,965551860.0,False
2407,+102113+29119,26.158491916221383,91.7301177650298,26.559174,Cool roof,401310.0,1.0,2.491839226533104e-06,965953170.0,False
2408,+102144+29130,26.168373384005854,91.7579655389667,26.557037,Cool roof,401310.0,1.0,2.491839226533104e-06,966354480.0,False
2409,+102139+29126,26.164780123069185,91.75347396231192,26.556915,Cool roof,401310.0,1.0,2.491839226533104e-06,966755790.0,False
2410,+102173+29157,26.19262789689933,91.78401668170328,26.556702,Cool roof,401310.0,1.0,2.491839226533104e-06,967157100.0,False
2411,+102170+29149,26.185441374303707,91.78132173597406,26.556244,Cool roof,401310.0,1.0,2.491839226533104e-06,967558410.0,False
2412,+102121+29119,26.158491916208792,91.73730428709848,26.555939,Cool roof,401310.0,1.0,2.491839226533104e-06,967959720.0,False
2413,+102163+29149,26.18544137438865,91.77503352937885,26.555634,Cool roof,401310.0,1.0,2.491839226533104e-06,968361030.0,False
2414,+102161+29144,26.180949797867523,91.77323689879428,26.555603,Cool roof,401310.0,1.0,2.491839226533104e-06,968762340.0,False
2415,+102154+29149,26.185441374440217,91.76694869153206,26.553986,Cool roof,401310.0,1.0,2.491839226533104e-06,969163650.0,False
2416,+102119+29130,26.16837338409197,91.7355076566858,26.553375,Cool roof,401310.0,1.0,2.491839226533104e-06,969564960.0,False
2417,+102105+29129,26.1674750684577,91.72293124250264,26.553131,Cool roof,401310.0,1.0,2.491839226533104e-06,969966270.0,False
2418,+102162+29140,26.177356536694056,91.77413521378038,26.552765,Cool roof,401310.0,1.0,2.491839226533104e-06,970367580.0,False
2419,+102185+29155,26.190831266063444,91.7947964653311,26.552246,Cool roof,401310.0,1.0,2.491839226533104e-06,970768890.0,False
2420,+102142+29135,26.172864960433746,91.75616890779126,26.552216,Cool roof,401310.0,1.0,2.491839226533104e-06,971170200.0,False
2421,+102188+29147,26.18364474389021,91.79749141133011,26.551727,Cool roof,401310.0,1.0,2.491839226533104e-06,971571510.0,False
2422,+102145+29138,26.175559906347832,91.75886385416504,26.5513,Cool roof,401310.0,1.0,2.491839226533104e-06,971972820.0,False
2423,+102146+29148,26.18454305947123,91.75976216907232,26.551239,Cool roof,401310.0,1.0,2.491839226533104e-06,972374130.0,False
2424,+102161+29149,26.18544137467837,91.77323689886272,26.551147,Cool roof,401310.0,1.0,2.491839226533104e-06,972775440.0,False
2425,+102113+29133,26.17106832997266,91.73011776519728,26.550934,Cool roof,401310.0,1.0,2.491839226533104e-06,973176750.0,False
2426,+102155+29145,26.181848113380006,91.76784700658908,26.55072,Cool roof,401310.0,1.0,2.491839226533104e-06,973578060.0,False
2427,+102122+29139,26.1764582220298,91.73820260247238,26.549408,Cool roof,401310.0,1.0,2.491839226533104e-06,973979370.0,False
2428,+102172+29149,26.18544137459704,91.78311836661976,26.547577,Cool roof,401310.0,1.0,2.491839226533104e-06,974380680.0,False
2429,+102096+29085,26.127949196202223,91.71484640514498,26.546356,Cool roof,401310.0,1.0,2.491839226533104e-06,974781990.0,False
2430,+102121+29117,26.15669528561027,91.737304286826,26.544464,Cool roof,401310.0,1.0,2.491839226533104e-06,975183300.0,False
2431,+102191+29148,26.18454305958078,91.80018635722836,26.54422,Cool roof,401310.0,1.0,2.491839226533104e-06,975584610.0,False
2432,+102136+29147,26.18364474409476,91.75077901626514,26.542755,Cool roof,401310.0,1.0,2.491839226533104e-06,975985920.0,False
2433,+102132+29133,26.171068330006275,91.74718575541374,26.542725,Cool roof,401310.0,1.0,2.491839226533104e-06,976387230.0,False
2434,+102124+29140,26.17735653692805,91.73999923335364,26.542572,Cool roof,401310.0,1.0,2.491839226533104e-06,976788540.0,False
2435,+102147+29143,26.180051483062787,91.76066048474584,26.542542,Cool roof,401310.0,1.0,2.491839226533104e-06,977189850.0,False
2436,+102068+29129,26.16747506840836,91.68969357731604,26.542023,Cool roof,401310.0,1.0,2.491839226533104e-06,977591160.0,False
2437,+102119+29119,26.15849191606373,91.73550765634072,26.540253,Cool roof,401310.0,1.0,2.491839226533104e-06,977992470.0,False
2438,+102153+29127,26.165678438258453,91.76605037661965,26.540192,Cool roof,401310.0,1.0,2.491839226533104e-06,978393780.0,False
2439,+102118+29129,26.16747506835403,91.73460934133205,26.539825,Cool roof,401310.0,1.0,2.491839226533104e-06,978795090.0,False
2440,+102187+29146,26.18274642848658,91.79659309580089,26.539581,Cool roof,401310.0,1.0,2.491839226533104e-06,979196400.0,False
2441,+102146+29136,26.17376327613838,91.75976216926288,26.537018,Cool roof,401310.0,1.0,2.491839226533104e-06,979597710.0,False
2442,+102152+29146,26.18274642854052,91.76515206123231,26.533356,Cool roof,401310.0,1.0,2.491839226533104e-06,979999020.0,False
2443,+102169+29156,26.1917295817592,91.7804234211226,26.532196,Cool roof,401310.0,1.0,2.491839226533104e-06,980400330.0,False
2444,+102156+29154,26.1899329510363,91.76874532225484,26.531708,Cool roof,401310.0,1.0,2.491839226533104e-06,980801640.0,False
2445,+102116+29128,26.166576754077173,91.73281271055656,26.531097,Cool roof,401310.0,1.0,2.491839226533104e-06,981202950.0,False
2446,+102197+29148,26.184543059572245,91.80557624884244,26.528534,Cool roof,401310.0,1.0,2.491839226533104e-06,981604260.0,False
2447,+102171+29154,26.18993295091401,91.78222005134778,26.528229,Cool roof,401310.0,1.0,2.491839226533104e-06,982005570.0,False
2448,+102117+29128,26.16657675403763,91.73371102622446,26.527496,Cool roof,401310.0,1.0,2.491839226533104e-06,982406880.0,False
2449,+102176+29154,26.18993295087973,91.78671162745572,26.52658,Cool roof,401310.0,1.0,2.491839226533104e-06,982808190.0,False
2450,+102162+29150,26.186339689737725,91.77413521352638,26.526459,Cool roof,401310.0,1.0,2.491839226533104e-06,983209500.0,False
2451,+102153+29154,26.18993295105034,91.7660503763918,26.52475,Cool roof,401310.0,1.0,2.491839226533104e-06,983610810.0,False
2452,+102174+29158,26.193526212051463,91.7849149972958,26.524506,Cool roof,401310.0,1.0,2.491839226533104e-06,984012120.0,False
2453,+102161+29139,26.176458222395954,91.77323689877052,26.52243,Cool roof,401310.0,1.0,2.491839226533104e-06,984413430.0,False
2454,+102190+29148,26.18454305949255,91.7992880417264,26.522003,Cool roof,401310.0,1.0,2.491839226533104e-06,984814740.0,False
2455,+102193+29148,26.18454305936857,91.80198298777644,26.521912,Cool roof,401310.0,1.0,2.491839226533104e-06,985216050.0,False
2456,+102120+29117,26.15669528553432,91.73640597204164,26.52118,Cool roof,401310.0,1.0,2.491839226533104e-06,985617360.0,False
2457,+102116+29137,26.17466159079761,91.73281271070177,26.521057,Cool roof,401310.0,1.0,2.491839226533104e-06,986018670.0,False
2458,+102106+29132,26.170170014746294,91.72382955799964,26.520935,Cool roof,401310.0,1.0,2.491839226533104e-06,986419980.0,False
2459,+102151+29128,26.16657675388472,91.7642537454552,26.520752,Cool roof,401310.0,1.0,2.491839226533104e-06,986821290.0,False
2460,+102152+29130,26.16837338396,91.765152061042,26.518707,Cool roof,401310.0,1.0,2.491839226533104e-06,987222600.0,False
2461,+102161+29137,26.174661591116173,91.77323689882824,26.517975,Cool roof,401310.0,1.0,2.491839226533104e-06,987623910.0,False
2462,+102120+29130,26.16837338397662,91.73640597207294,26.51767,Cool roof,401310.0,1.0,2.491839226533104e-06,988025220.0,False
2463,+102153+29129,26.1674750686698,91.76605037629136,26.51715,Cool roof,401310.0,1.0,2.491839226533104e-06,988426530.0,False
2464,+102154+29144,26.18094979805837,91.76694869162291,26.516602,Cool roof,401310.0,1.0,2.491839226533104e-06,988827840.0,False
2465,+102104+29131,26.169271699501287,91.72203292724495,26.516174,Cool roof,401310.0,1.0,2.491839226533104e-06,989229150.0,False
2466,+102158+29129,26.16747506867191,91.77054195288645,26.515625,Cool roof,401310.0,1.0,2.491839226533104e-06,989630460.0,False
2467,+102147+29152,26.188136320834005,91.7606604848406,26.514832,Cool roof,401310.0,1.0,2.491839226533104e-06,990031770.0,False
2468,+102123+29138,26.17555990623486,91.73910091759164,26.514587,Cool roof,401310.0,1.0,2.491839226533104e-06,990433080.0,False
2469,+102160+29143,26.180051482794696,91.77233858329002,26.514069,Cool roof,401310.0,1.0,2.491839226533104e-06,990834390.0,False
2470,+102108+29129,26.167475068619268,91.72562618844836,26.511505,Cool roof,401310.0,1.0,2.491839226533104e-06,991235700.0,False
2471,+102155+29144,26.18094979795379,91.76784700643228,26.510773,Cool roof,401310.0,1.0,2.491839226533104e-06,991637010.0,False
2472,+102169+29143,26.18005148298454,91.780423421264,26.510162,Cool roof,401310.0,1.0,2.491839226533104e-06,992038320.0,False
2473,+102159+29144,26.18094979811385,91.7714402678562,26.509125,Cool roof,401310.0,1.0,2.491839226533104e-06,992439630.0,False
2474,+102152+29149,26.185441374404075,91.76515206095937,26.508362,Cool roof,401310.0,1.0,2.491839226533104e-06,992840940.0,False
2475,+102133+29141,26.178254852135968,91.74808407042416,26.507599,Cool roof,401310.0,1.0,2.491839226533104e-06,993242250.0,False
2476,+102120+29115,26.154898654800668,91.73640597193622,26.50708,Cool roof,401310.0,1.0,2.491839226533104e-06,993643560.0,False
2477,+102168+29147,26.18364474398588,91.77952510569524,26.505707,Cool roof,401310.0,1.0,2.491839226533104e-06,994044870.0,False
2478,+102189+29146,26.182746428676843,91.79838972657124,26.505585,Cool roof,401310.0,1.0,2.491839226533104e-06,994446180.0,False
2479,+102140+29131,26.16927169979647,91.75437227750466,26.503448,Cool roof,401310.0,1.0,2.491839226533104e-06,994847490.0,False
2480,+102101+29128,26.16657675382219,91.71933798155194,26.502014,Cool roof,401310.0,1.0,2.491839226533104e-06,995248800.0,False
2481,+102135+29135,26.172864960491115,91.74988070161255,26.502014,Cool roof,401310.0,1.0,2.491839226533104e-06,995650110.0,False
2482,+102118+29115,26.15489865488964,91.73460934152013,26.501862,Cool roof,401310.0,1.0,2.491839226533104e-06,996051420.0,False
2483,+102155+29129,26.167475068777765,91.76784700671077,26.501373,Cool roof,401310.0,1.0,2.491839226533104e-06,996452730.0,False
2484,+102140+29145,26.181848113339555,91.7543722773418,26.500946,Cool roof,401310.0,1.0,2.491839226533104e-06,996854040.0,False
2485,+102129+29139,26.176458222074587,91.74449080943216,26.500671,Cool roof,401310.0,1.0,2.491839226533104e-06,997255350.0,False
2486,+102152+29147,26.183644744046948,91.76515206115955,26.50055,Cool roof,401310.0,1.0,2.491839226533104e-06,997656660.0,False
2487,+102178+29156,26.191729581937985,91.78850825839744,26.498596,Cool roof,401310.0,1.0,2.491839226533104e-06,998057970.0,False
2488,+102137+29136,26.173763276123235,91.75167733199709,26.49826,Cool roof,401310.0,1.0,2.491839226533104e-06,998459280.0,False
2489,+102151+29153,26.18903463536024,91.7642537458427,26.498169,Cool roof,401310.0,1.0,2.491839226533104e-06,998860590.0,False
2490,+102159+29143,26.180051482687897,91.77144026780152,26.49649,Cool roof,401310.0,1.0,2.491839226533104e-06,999261900.0,False
2491,+102171+29148,26.18454305964487,91.7822200513278,26.494751,Cool roof,401310.0,1.0,2.491839226533104e-06,999663210.0,False
2492,+102155+29152,26.188136320627223,91.76784700674398,26.494476,Cool roof,401310.0,1.0,2.491839226533104e-06,1000064520.0,False
2493,+102144+29149,26.18544137424349,91.75796553905178,26.494293,Cool roof,401310.0,1.0,2.491839226533104e-06,1000465830.0,False
2494,+102141+29137,26.174661590807613,91.75527059304332,26.493835,Cool roof,401310.0,1.0,2.491839226533104e-06,1000867140.0,False
2495,+102161+29136,26.17376327607001,91.77323689860658,26.493713,Cool roof,401310.0,1.0,2.491839226533104e-06,1001268450.0,False
2496,+102157+29154,26.189932951199143,91.76964363725692,26.49289,Cool roof,401310.0,1.0,2.491839226533104e-06,1001669760.0,False
2497,+102112+29128,26.166576753694294,91.72921944965113,26.492126,Cool roof,401310.0,1.0,2.491839226533104e-06,1002071070.0,False
2498,+102161+29151,26.187238005126986,91.77323689864087,26.491302,Cool roof,401310.0,1.0,2.491839226533104e-06,1002472380.0,False
2499,+102126+29138,26.175559906159886,91.7417958637944,26.490631,Cool roof,401310.0,1.0,2.491839226533104e-06,1002873690.0,False
2500,+102193+29149,26.18544137454752,91.80198298778048,26.490082,Cool roof,401310.0,1.0,2.491839226533104e-06,1003275000.0,False
2501,+102142+29138,26.175559906259068,91.75616890782274,26.48999,Cool roof,401310.0,1.0,2.491839226533104e-06,1003676310.0,False
2502,+102111+29133,26.17106832980115,91.72832113451274,26.489777,Cool roof,401310.0,1.0,2.491839226533104e-06,1004077620.0,False
2503,+102197+29157,26.19262789691714,91.80557624866216,26.489532,Cool roof,401310.0,1.0,2.491839226533104e-06,1004478930.0,False
2504,+102146+29144,26.180949797847376,91.7597621690726,26.486053,Cool roof,401310.0,1.0,2.491839226533104e-06,1004880240.0,False
2505,+102153+29128,26.16657675376514,91.76605037635152,26.48529,Cool roof,401310.0,1.0,2.491839226533104e-06,1005281550.0,False
2506,+102119+29132,26.17017001486132,91.73550765643776,26.483978,Cool roof,401310.0,1.0,2.491839226533104e-06,1005682860.0,False
2507,+102172+29150,26.186339689646086,91.78311836682268,26.483795,Cool roof,401310.0,1.0,2.491839226533104e-06,1006084170.0,False
2508,+102200+29154,26.189932951200348,91.80827119449076,26.483551,Cool roof,401310.0,1.0,2.491839226533104e-06,1006485480.0,False
2509,+102173+29158,26.193526211992907,91.78401668171152,26.483398,Cool roof,401310.0,1.0,2.491839226533104e-06,1006886790.0,False
2510,+102176+29160,26.195322843214065,91.78671162762504,26.48294,Cool roof,401310.0,1.0,2.491839226533104e-06,1007288100.0,False
2511,+102148+29143,26.18005148291445,91.76155879994728,26.482819,Cool roof,401310.0,1.0,2.491839226533104e-06,1007689410.0,False
2512,+102167+29148,26.1845430595536,91.77862679043248,26.482819,Cool roof,401310.0,1.0,2.491839226533104e-06,1008090720.0,False
2513,+102130+29140,26.177356536946736,91.74538912507953,26.482697,Cool roof,401310.0,1.0,2.491839226533104e-06,1008492030.0,False
2514,+102175+29152,26.188136320867915,91.78581331289074,26.479889,Cool roof,401310.0,1.0,2.491839226533104e-06,1008893340.0,False
2515,+102181+29148,26.184543059600564,91.79120320396808,26.479889,Cool roof,401310.0,1.0,2.491839226533104e-06,1009294650.0,False
2516,+102084+29069,26.11357615203981,91.70406662190452,26.479828,Cool roof,401310.0,1.0,2.491839226533104e-06,1009695960.0,False
2517,+102156+29144,26.18094979796167,91.7687453221028,26.479034,Cool roof,401310.0,1.0,2.491839226533104e-06,1010097270.0,False
2518,+102137+29144,26.18094979793292,91.75167733175785,26.477142,Cool roof,401310.0,1.0,2.491839226533104e-06,1010498580.0,False
2519,+102116+29132,26.17017001490046,91.7328127105562,26.47702,Cool roof,401310.0,1.0,2.491839226533104e-06,1010899890.0,False
2520,+102122+29124,26.16298349258512,91.7382026025415,26.476532,Cool roof,401310.0,1.0,2.491839226533104e-06,1011301200.0,False
2521,+102121+29121,26.160288547346635,91.73730428727092,26.476227,Cool roof,401310.0,1.0,2.491839226533104e-06,1011702510.0,False
2522,+102157+29129,26.167475068597387,91.76964363748696,26.4758,Cool roof,401310.0,1.0,2.491839226533104e-06,1012103820.0,False
2523,+102138+29137,26.17466159091314,91.752575646869,26.475372,Cool roof,401310.0,1.0,2.491839226533104e-06,1012505130.0,False
2524,+102127+29136,26.17376327626417,91.74269417895508,26.475067,Cool roof,401310.0,1.0,2.491839226533104e-06,1012906440.0,False
2525,+102140+29135,26.172864960467773,91.75437227748836,26.475067,Cool roof,401310.0,1.0,2.491839226533104e-06,1013307750.0,False
2526,+102094+29123,26.16208517719709,91.71304977449785,26.473236,Cool roof,401310.0,1.0,2.491839226533104e-06,1013709060.0,False
2527,+102189+29161,26.196221157777103,91.79838972670603,26.471832,Cool roof,401310.0,1.0,2.491839226533104e-06,1014110370.0,False
2528,+102169+29146,26.182746428499904,91.78042342082324,26.471191,Cool roof,401310.0,1.0,2.491839226533104e-06,1014511680.0,False
2529,+102131+29142,26.17915316803857,91.74628743991376,26.470093,Cool roof,401310.0,1.0,2.491839226533104e-06,1014912990.0,False
2530,+102133+29144,26.18094979802421,91.7480840706189,26.469513,Cool roof,401310.0,1.0,2.491839226533104e-06,1015314300.0,False
2531,+102202+29159,26.194424527033583,91.81006782542327,26.469452,Cool roof,401310.0,1.0,2.491839226533104e-06,1015715610.0,False
2532,+102136+29132,26.17017001502483,91.7507790164011,26.4693,Cool roof,401310.0,1.0,2.491839226533104e-06,1016116920.0,False
2533,+102136+29134,26.171966645291413,91.750779016199,26.469086,Cool roof,401310.0,1.0,2.491839226533104e-06,1016518230.0,False
2534,+102129+29141,26.17825485216792,91.74449080946792,26.46872,Cool roof,401310.0,1.0,2.491839226533104e-06,1016919540.0,False
2535,+102149+29149,26.185441374472063,91.76245711521427,26.468475,Cool roof,401310.0,1.0,2.491839226533104e-06,1017320850.0,False
2536,+102121+29129,26.167475068615275,91.7373042869592,26.467865,Cool roof,401310.0,1.0,2.491839226533104e-06,1017722160.0,False
2537,+102138+29144,26.18094979791839,91.7525756470762,26.467438,Cool roof,401310.0,1.0,2.491839226533104e-06,1018123470.0,False
2538,+102130+29148,26.18454305954149,91.74538912514086,26.467285,Cool roof,401310.0,1.0,2.491839226533104e-06,1018524780.0,False
2539,+102155+29151,26.187238005058703,91.76784700671033,26.46634,Cool roof,401310.0,1.0,2.491839226533104e-06,1018926090.0,False
2540,+102119+29115,26.154898654791488,91.73550765654016,26.465668,Cool roof,401310.0,1.0,2.491839226533104e-06,1019327400.0,False
2541,+102156+29129,26.16747506863268,91.76874532211986,26.463806,Cool roof,401310.0,1.0,2.491839226533104e-06,1019728710.0,False
2542,+102130+29145,26.18184811338104,91.74538912489596,26.46347,Cool roof,401310.0,1.0,2.491839226533104e-06,1020130020.0,False
2543,+102197+29142,26.17915316792066,91.80557624888787,26.462616,Cool roof,401310.0,1.0,2.491839226533104e-06,1020531330.0,False
2544,+102115+29130,26.168373384015936,91.73191439500428,26.46109,Cool roof,401310.0,1.0,2.491839226533104e-06,1020932640.0,False
2545,+102142+29136,26.17376327603208,91.75616890789736,26.460785,Cool roof,401310.0,1.0,2.491839226533104e-06,1021333950.0,False
2546,+102138+29143,26.18005148308048,91.75257564701364,26.460724,Cool roof,401310.0,1.0,2.491839226533104e-06,1021735260.0,False
2547,+102144+29131,26.16927169970726,91.7579655389964,26.460724,Cool roof,401310.0,1.0,2.491839226533104e-06,1022136570.0,False
2548,+102127+29142,26.179153167767808,91.74269417889415,26.460419,Cool roof,401310.0,1.0,2.491839226533104e-06,1022537880.0,False
2549,+102166+29148,26.184543059449663,91.7777284748575,26.460144,Cool roof,401310.0,1.0,2.491839226533104e-06,1022939190.0,False
2550,+102148+29132,26.170170014923684,91.76155879982228,26.459808,Cool roof,401310.0,1.0,2.491839226533104e-06,1023340500.0,False
2551,+102149+29148,26.184543059521623,91.76245711506732,26.459564,Cool roof,401310.0,1.0,2.491839226533104e-06,1023741810.0,False
2552,+102139+29134,26.17196664521992,91.75347396236567,26.459015,Cool roof,401310.0,1.0,2.491839226533104e-06,1024143120.0,False
2553,+102148+29145,26.18184811348346,91.76155879968016,26.457397,Cool roof,401310.0,1.0,2.491839226533104e-06,1024544430.0,False
2554,+102160+29150,26.186339689734247,91.7723385833997,26.457367,Cool roof,401310.0,1.0,2.491839226533104e-06,1024945740.0,False
2555,+102192+29148,26.18454305941809,91.80108467231943,26.456451,Cool roof,401310.0,1.0,2.491839226533104e-06,1025347050.0,False
2556,+102087+29066,26.1108812062543,91.70676156717153,26.456085,Cool roof,401310.0,1.0,2.491839226533104e-06,1025748360.0,False
2557,+102167+29154,26.189932951103767,91.77862679022924,26.456024,Cool roof,401310.0,1.0,2.491839226533104e-06,1026149670.0,False
2558,+102159+29145,26.18184811366671,91.7714402678944,26.452942,Cool roof,401310.0,1.0,2.491839226533104e-06,1026550980.0,False
2559,+102157+29148,26.184543059600387,91.76964363734126,26.451752,Cool roof,401310.0,1.0,2.491839226533104e-06,1026952290.0,False
2560,+102204+29156,26.191729581893217,91.81186445577228,26.449219,Cool roof,401310.0,1.0,2.491839226533104e-06,1027353600.0,False
2561,+102058+29100,26.141423925970976,91.68071042434993,26.448395,Cool roof,401310.0,1.0,2.491839226533104e-06,1027754910.0,False
2562,+102161+29130,26.1683733838808,91.77323689851752,26.446594,Cool roof,401310.0,1.0,2.491839226533104e-06,1028156220.0,False
2563,+102121+29132,26.17017001484144,91.73730428710674,26.446503,Cool roof,401310.0,1.0,2.491839226533104e-06,1028557530.0,False
2564,+102110+29133,26.171068329881187,91.72742281887956,26.44519,Cool roof,401310.0,1.0,2.491839226533104e-06,1028958840.0,False
2565,+102181+29154,26.18993295096977,91.79120320386605,26.444244,Cool roof,401310.0,1.0,2.491839226533104e-06,1029360150.0,False
2566,+102157+29144,26.18094979790005,91.7696436375054,26.443817,Cool roof,401310.0,1.0,2.491839226533104e-06,1029761460.0,False
2567,+102136+29133,26.17106832970629,91.75077901619797,26.443726,Cool roof,401310.0,1.0,2.491839226533104e-06,1030162770.0,False
2568,+102152+29143,26.180051482898115,91.7651520608887,26.442657,Cool roof,401310.0,1.0,2.491839226533104e-06,1030564080.0,False
2569,+102141+29147,26.183644743963523,91.755270592741,26.442108,Cool roof,401310.0,1.0,2.491839226533104e-06,1030965390.0,False
2570,+102160+29130,26.168373383854338,91.77233858310632,26.441956,Cool roof,401310.0,1.0,2.491839226533104e-06,1031366700.0,False
2571,+102153+29138,26.175559906390205,91.7660503765226,26.441864,Cool roof,401310.0,1.0,2.491839226533104e-06,1031768010.0,False
2572,+102136+29136,26.173763276110588,91.75077901636196,26.440582,Cool roof,401310.0,1.0,2.491839226533104e-06,1032169320.0,False
2573,+102148+29144,26.18094979813516,91.76155879982316,26.440216,Cool roof,401310.0,1.0,2.491839226533104e-06,1032570630.0,False
2574,+102170+29147,26.183644744054902,91.78132173608834,26.43814,Cool roof,401310.0,1.0,2.491839226533104e-06,1032971940.0,False
2575,+102130+29141,26.17825485203757,91.7453891249986,26.436981,Cool roof,401310.0,1.0,2.491839226533104e-06,1033373250.0,False
2576,+102141+29145,26.181848113281784,91.75527059323828,26.436005,Cool roof,401310.0,1.0,2.491839226533104e-06,1033774560.0,False
2577,+102169+29153,26.18903463535624,91.78042342109536,26.43515,Cool roof,401310.0,1.0,2.491839226533104e-06,1034175870.0,False
2578,+102120+29132,26.170170014705207,91.7364059720986,26.434784,Cool roof,401310.0,1.0,2.491839226533104e-06,1034577180.0,False
2579,+102133+29133,26.17106832981096,91.74808407049858,26.433502,Cool roof,401310.0,1.0,2.491839226533104e-06,1034978490.0,False
2580,+102156+29145,26.18184811355562,91.76874532217386,26.43277,Cool roof,401310.0,1.0,2.491839226533104e-06,1035379800.0,False
2581,+102186+29147,26.18364474394229,91.79569478116169,26.431213,Cool roof,401310.0,1.0,2.491839226533104e-06,1035781110.0,False
2582,+102187+29147,26.183644743950826,91.79659309566102,26.430115,Cool roof,401310.0,1.0,2.491839226533104e-06,1036182420.0,False
2583,+102060+29113,26.15310202473852,91.68250705482365,26.429108,Cool roof,401310.0,1.0,2.491839226533104e-06,1036583730.0,False
2584,+102189+29150,26.18633968997636,91.79838972639288,26.428986,Cool roof,401310.0,1.0,2.491839226533104e-06,1036985040.0,False
2585,+102148+29149,26.185441374417927,91.76155879982036,26.428772,Cool roof,401310.0,1.0,2.491839226533104e-06,1037386350.0,False
2586,+102166+29147,26.18364474400439,91.77772847479082,26.42868,Cool roof,401310.0,1.0,2.491839226533104e-06,1037787660.0,False
2587,+102105+29131,26.16927169971361,91.72293124254644,26.428467,Cool roof,401310.0,1.0,2.491839226533104e-06,1038188970.0,False
2588,+102060+29112,26.152203708451225,91.68250705474632,26.424103,Cool roof,401310.0,1.0,2.491839226533104e-06,1038590280.0,False
2589,+102151+29150,26.18633968987873,91.76425374540274,26.422699,Cool roof,401310.0,1.0,2.491839226533104e-06,1038991590.0,False
2590,+102143+29137,26.174661591111644,91.75706722363094,26.422607,Cool roof,401310.0,1.0,2.491839226533104e-06,1039392900.0,False
2591,+102171+29149,26.18544137430272,91.78222005140384,26.422333,Cool roof,401310.0,1.0,2.491839226533104e-06,1039794210.0,False
2592,+102162+29152,26.188136320827823,91.7741352135538,26.42215,Cool roof,401310.0,1.0,2.491839226533104e-06,1040195520.0,False
2593,+102195+29147,26.18364474389701,91.80377961849824,26.421417,Cool roof,401310.0,1.0,2.491839226533104e-06,1040596830.0,False
2594,+102056+29098,26.139627295164967,91.67891379350714,26.420807,Cool roof,401310.0,1.0,2.491839226533104e-06,1040998140.0,False
2595,+102114+29128,26.166576753575388,91.73101608026992,26.41986,Cool roof,401310.0,1.0,2.491839226533104e-06,1041399450.0,False
2596,+102177+29153,26.189034635260366,91.78760994333366,26.417877,Cool roof,401310.0,1.0,2.491839226533104e-06,1041800760.0,False
2597,+102171+29155,26.19083126631564,91.7822200515654,26.416473,Cool roof,401310.0,1.0,2.491839226533104e-06,1042202070.0,False
2598,+102160+29148,26.18454305956328,91.77233858296634,26.416107,Cool roof,401310.0,1.0,2.491839226533104e-06,1042603380.0,False
2599,+102150+29141,26.1782548518282,91.76335543062886,26.416077,Cool roof,401310.0,1.0,2.491839226533104e-06,1043004690.0,False
2600,+102143+29147,26.18364474393777,91.75706722340097,26.415314,Cool roof,401310.0,1.0,2.491839226533104e-06,1043406000.0,False
2601,+102195+29156,26.19172958185944,91.80377961833864,26.415314,Cool roof,401310.0,1.0,2.491839226533104e-06,1043807310.0,False
2602,+102121+29140,26.17735653688145,91.73730428730178,26.41452,Cool roof,401310.0,1.0,2.491839226533104e-06,1044208620.0,False
2603,+102160+29140,26.177356536792825,91.77233858328628,26.413177,Cool roof,401310.0,1.0,2.491839226533104e-06,1044609930.0,False
2604,+102122+29130,26.1683733840762,91.73820260282312,26.413147,Cool roof,401310.0,1.0,2.491839226533104e-06,1045011240.0,False
2605,+102114+29133,26.17106832986039,91.73101608024884,26.412048,Cool roof,401310.0,1.0,2.491839226533104e-06,1045412550.0,False
2606,+102142+29137,26.174661590995,91.75616890775709,26.412018,Cool roof,401310.0,1.0,2.491839226533104e-06,1045813860.0,False
2607,+102196+29148,26.184543059533706,91.80467793339422,26.41101,Cool roof,401310.0,1.0,2.491839226533104e-06,1046215170.0,False
2608,+102204+29148,26.18454305936693,91.81186445554812,26.41037,Cool roof,401310.0,1.0,2.491839226533104e-06,1046616480.0,False
2609,+102160+29149,26.18544137453844,91.7723385830785,26.410248,Cool roof,401310.0,1.0,2.491839226533104e-06,1047017790.0,False
2610,+102123+29130,26.168373384108985,91.73910091750696,26.40982,Cool roof,401310.0,1.0,2.491839226533104e-06,1047419100.0,False
2611,+102129+29137,26.174661590866982,91.74449080930336,26.409454,Cool roof,401310.0,1.0,2.491839226533104e-06,1047820410.0,False
2612,+102139+29127,26.16567843825464,91.7534739624207,26.40915,Cool roof,401310.0,1.0,2.491839226533104e-06,1048221720.0,False
2613,+102161+29145,26.18184811357584,91.7732368988856,26.409088,Cool roof,401310.0,1.0,2.491839226533104e-06,1048623030.0,False
2614,+102140+29125,26.16388180762807,91.75437227780668,26.408783,Cool roof,401310.0,1.0,2.491839226533104e-06,1049024340.0,False
2615,+102087+29058,26.103694684082143,91.70676156744967,26.408722,Cool roof,401310.0,1.0,2.491839226533104e-06,1049425650.0,False
2616,+102137+29132,26.170170014925063,91.75167733171264,26.408356,Cool roof,401310.0,1.0,2.491839226533104e-06,1049826960.0,False
2617,+102163+29130,26.16837338389972,91.77503352941578,26.40799,Cool roof,401310.0,1.0,2.491839226533104e-06,1050228270.0,False
2618,+102129+29142,26.17915316786076,91.74449080945077,26.407745,Cool roof,401310.0,1.0,2.491839226533104e-06,1050629580.0,False
2619,+102152+29138,26.175559906268088,91.76515206115594,26.406158,Cool roof,401310.0,1.0,2.491839226533104e-06,1051030890.0,False
2620,+102169+29151,26.18723800503171,91.78042342115477,26.406128,Cool roof,401310.0,1.0,2.491839226533104e-06,1051432200.0,False
2621,+102120+29116,26.15579697028897,91.73640597200168,26.405792,Cool roof,401310.0,1.0,2.491839226533104e-06,1051833510.0,False
2622,+102160+29144,26.180949798025527,91.77233858325827,26.405243,Cool roof,401310.0,1.0,2.491839226533104e-06,1052234820.0,False
2623,+102122+29125,26.16388180765751,91.73820260242456,26.404327,Cool roof,401310.0,1.0,2.491839226533104e-06,1052636130.0,False
2624,+102130+29147,26.18364474390483,91.74538912515764,26.403656,Cool roof,401310.0,1.0,2.491839226533104e-06,1053037440.0,False
2625,+102121+29144,26.1809497979966,91.73730428702298,26.402283,Cool roof,401310.0,1.0,2.491839226533104e-06,1053438750.0,False
2626,+102143+29133,26.171068329751563,91.75706722329184,26.401703,Cool roof,401310.0,1.0,2.491839226533104e-06,1053840060.0,False
2627,+102168+29151,26.187238004918783,91.77952510541364,26.400848,Cool roof,401310.0,1.0,2.491839226533104e-06,1054241370.0,False
2628,+102150+29154,26.189932951000443,91.76335543031608,26.400604,Cool roof,401310.0,1.0,2.491839226533104e-06,1054642680.0,False
2629,+102194+29148,26.184543059431864,91.80288130287518,26.398407,Cool roof,401310.0,1.0,2.491839226533104e-06,1055043990.0,False
2630,+102149+29144,26.180949798083983,91.76245711519476,26.398285,Cool roof,401310.0,1.0,2.491839226533104e-06,1055445300.0,False
2631,+102125+29138,26.17555990613408,91.74089754835916,26.39804,Cool roof,401310.0,1.0,2.491839226533104e-06,1055846610.0,False
2632,+102172+29154,26.18993295096998,91.78311836659172,26.397797,Cool roof,401310.0,1.0,2.491839226533104e-06,1056247920.0,False
2633,+102195+29155,26.190831266186027,91.8037796183412,26.396881,Cool roof,401310.0,1.0,2.491839226533104e-06,1056649230.0,False
2634,+102162+29139,26.17645822241552,91.77413521369472,26.396515,Cool roof,401310.0,1.0,2.491839226533104e-06,1057050540.0,False
2635,+102160+29145,26.18184811356504,91.77233858298416,26.396301,Cool roof,401310.0,1.0,2.491839226533104e-06,1057451850.0,False
2636,+102152+29150,26.186339689894066,91.76515206083216,26.395782,Cool roof,401310.0,1.0,2.491839226533104e-06,1057853160.0,False
2637,+102158+29131,26.169271699806608,91.77054195294788,26.394379,Cool roof,401310.0,1.0,2.491839226533104e-06,1058254470.0,False
2638,+102160+29129,26.167475068785883,91.7723385831334,26.394287,Cool roof,401310.0,1.0,2.491839226533104e-06,1058655780.0,False
2639,+102149+29153,26.189034635396595,91.76245711538655,26.394196,Cool roof,401310.0,1.0,2.491839226533104e-06,1059057090.0,False
2640,+102152+29127,26.165678438339828,91.76515206095256,26.39383,Cool roof,401310.0,1.0,2.491839226533104e-06,1059458400.0,False
2641,+102143+29138,26.175559906177195,91.75706722360844,26.393097,Cool roof,401310.0,1.0,2.491839226533104e-06,1059859710.0,False
2642,+102153+29144,26.18094979809328,91.7660503766195,26.39273,Cool roof,401310.0,1.0,2.491839226533104e-06,1060261020.0,False
2643,+102140+29155,26.19083126615181,91.75437227758972,26.392242,Cool roof,401310.0,1.0,2.491839226533104e-06,1060662330.0,False
2644,+102159+29129,26.16747506867408,91.77144026799294,26.388763,Cool roof,401310.0,1.0,2.491839226533104e-06,1061063640.0,False
2645,+102157+29146,26.182746428602968,91.7696436374578,26.388184,Cool roof,401310.0,1.0,2.491839226533104e-06,1061464950.0,False
2646,+102135+29141,26.17825485197282,91.74988070155648,26.38504,Cool roof,401310.0,1.0,2.491839226533104e-06,1061866260.0,False
2647,+102173+29152,26.1881363206876,91.78401668190796,26.383575,Cool roof,401310.0,1.0,2.491839226533104e-06,1062267570.0,False
2648,+102087+29129,26.167475068607786,91.70676156737422,26.383179,Cool roof,401310.0,1.0,2.491839226533104e-06,1062668880.0,False
2649,+102151+29143,26.18005148296123,91.7642537457624,26.382538,Cool roof,401310.0,1.0,2.491839226533104e-06,1063070190.0,False
2650,+102197+29156,26.19172958189481,91.80557624861524,26.381042,Cool roof,401310.0,1.0,2.491839226533104e-06,1063471500.0,False
2651,+102114+29131,26.169271699489805,91.73101608033716,26.38089,Cool roof,401310.0,1.0,2.491839226533104e-06,1063872810.0,False
2652,+102118+29132,26.170170014945946,91.73460934137908,26.380829,Cool roof,401310.0,1.0,2.491839226533104e-06,1064274120.0,False
2653,+102140+29134,26.171966645235383,91.75437227763648,26.378387,Cool roof,401310.0,1.0,2.491839226533104e-06,1064675430.0,False
2654,+102179+29153,26.189034635239032,91.7894065735912,26.377686,Cool roof,401310.0,1.0,2.491839226533104e-06,1065076740.0,False
2655,+102134+29136,26.173763276054835,91.74898238597945,26.377502,Cool roof,401310.0,1.0,2.491839226533104e-06,1065478050.0,False
2656,+102117+29129,26.167475068486564,91.73371102623057,26.37735,Cool roof,401310.0,1.0,2.491839226533104e-06,1065879360.0,False
2657,+102162+29148,26.18454305961871,91.77413521388615,26.374542,Cool roof,401310.0,1.0,2.491839226533104e-06,1066280670.0,False
2658,+102143+29146,26.182746428655808,91.7570672233794,26.374084,Cool roof,401310.0,1.0,2.491839226533104e-06,1066681980.0,False
2659,+102176+29158,26.19352621214951,91.78671162746978,26.373718,Cool roof,401310.0,1.0,2.491839226533104e-06,1067083290.0,False
2660,+102152+29129,26.16747506859819,91.76515206103048,26.37326,Cool roof,401310.0,1.0,2.491839226533104e-06,1067484600.0,False
2661,+102173+29154,26.18993295095824,91.78401668204806,26.372711,Cool roof,401310.0,1.0,2.491839226533104e-06,1067885910.0,False
2662,+102136+29137,26.17466159099364,91.75077901652368,26.370758,Cool roof,401310.0,1.0,2.491839226533104e-06,1068287220.0,False
2663,+102114+29132,26.17017001511453,91.7310160803062,26.37027,Cool roof,401310.0,1.0,2.491839226533104e-06,1068688530.0,False
2664,+102161+29140,26.17735653668748,91.77323689871731,26.369904,Cool roof,401310.0,1.0,2.491839226533104e-06,1069089840.0,False
2665,+102171+29150,26.18633968972688,91.7822200514661,26.369843,Cool roof,401310.0,1.0,2.491839226533104e-06,1069491150.0,False
2666,+102114+29135,26.17286496032961,91.73101608050617,26.369781,Cool roof,401310.0,1.0,2.491839226533104e-06,1069892460.0,False
2667,+102116+29138,26.175559906367813,91.73281271056204,26.368439,Cool roof,401310.0,1.0,2.491839226533104e-06,1070293770.0,False
2668,+102135+29131,26.16927169965685,91.7498807014357,26.367157,Cool roof,401310.0,1.0,2.491839226533104e-06,1070695080.0,False
2669,+102121+29116,26.155796970021203,91.73730428710408,26.366638,Cool roof,401310.0,1.0,2.491839226533104e-06,1071096390.0,False
2670,+102112+29129,26.167475068613943,91.72921944942738,26.366394,Cool roof,401310.0,1.0,2.491839226533104e-06,1071497700.0,False
2671,+102072+29103,26.14411887194437,91.69328683841452,26.366302,Cool roof,401310.0,1.0,2.491839226533104e-06,1071899010.0,False
2672,+102093+29119,26.15849191604276,91.71215145920507,26.365631,Cool roof,401310.0,1.0,2.491839226533104e-06,1072300320.0,False
2673,+102115+29131,26.169271699712912,91.73191439536272,26.365265,Cool roof,401310.0,1.0,2.491839226533104e-06,1072701630.0,False
2674,+102142+29147,26.18364474398513,91.75616890794342,26.36496,Cool roof,401310.0,1.0,2.491839226533104e-06,1073102940.0,False
2675,+102118+29131,26.16927169976951,91.73460934131396,26.363861,Cool roof,401310.0,1.0,2.491839226533104e-06,1073504250.0,False
2676,+102141+29156,26.19172958187777,91.75527059309488,26.36203,Cool roof,401310.0,1.0,2.491839226533104e-06,1073905560.0,False
2677,+102167+29147,26.183644743938817,91.77862679045154,26.361298,Cool roof,401310.0,1.0,2.491839226533104e-06,1074306870.0,False
2678,+102149+29145,26.18184811341665,91.76245711519128,26.360504,Cool roof,401310.0,1.0,2.491839226533104e-06,1074708180.0,False
2679,+102148+29147,26.18364474394038,91.76155879978847,26.360321,Cool roof,401310.0,1.0,2.491839226533104e-06,1075109490.0,False
2680,+102180+29157,26.19262789688342,91.79030488936996,26.360016,Cool roof,401310.0,1.0,2.491839226533104e-06,1075510800.0,False
2681,+102135+29138,26.175559906129312,91.74988070123165,26.359924,Cool roof,401310.0,1.0,2.491839226533104e-06,1075912110.0,False
2682,+102141+29136,26.17376327619226,91.7552705928693,26.359161,Cool roof,401310.0,1.0,2.491839226533104e-06,1076313420.0,False
2683,+102160+29128,26.166576753796555,91.77233858291834,26.358368,Cool roof,401310.0,1.0,2.491839226533104e-06,1076714730.0,False
2684,+102164+29150,26.186339689830348,91.77593184404137,26.358185,Cool roof,401310.0,1.0,2.491839226533104e-06,1077116040.0,False
2685,+102142+29130,26.16837338397956,91.7561689076309,26.357208,Cool roof,401310.0,1.0,2.491839226533104e-06,1077517350.0,False
2686,+102184+29154,26.189932950901337,91.7938981501056,26.357208,Cool roof,401310.0,1.0,2.491839226533104e-06,1077918660.0,False
2687,+102169+29150,26.18633968986516,91.78042342116277,26.355804,Cool roof,401310.0,1.0,2.491839226533104e-06,1078319970.0,False
2688,+102121+29130,26.168373383971417,91.73730428703344,26.355255,Cool roof,401310.0,1.0,2.491839226533104e-06,1078721280.0,False
2689,+102151+29149,26.185441374555936,91.76425374544507,26.35498,Cool roof,401310.0,1.0,2.491839226533104e-06,1079122590.0,False
2690,+102115+29132,26.17017001495216,91.73191439546903,26.354218,Cool roof,401310.0,1.0,2.491839226533104e-06,1079523900.0,False
2691,+102147+29125,26.163881807670304,91.76066048482494,26.353851,Cool roof,401310.0,1.0,2.491839226533104e-06,1079925210.0,False
2692,+102110+29134,26.17196664525374,91.7274228189239,26.351654,Cool roof,401310.0,1.0,2.491839226533104e-06,1080326520.0,False
2693,+102174+29159,26.19442452704008,91.78491499720737,26.349976,Cool roof,401310.0,1.0,2.491839226533104e-06,1080727830.0,False
2694,+102140+29133,26.171068329900912,91.75437227776396,26.34967,Cool roof,401310.0,1.0,2.491839226533104e-06,1081129140.0,False
2695,+102087+29069,26.113576152030834,91.70676156740872,26.34845,Cool roof,401310.0,1.0,2.491839226533104e-06,1081530450.0,False
2696,+102123+29133,26.171068329823065,91.73910091794932,26.348175,Cool roof,401310.0,1.0,2.491839226533104e-06,1081931760.0,False
2697,+102128+29142,26.17915316775832,91.7435924941348,26.347412,Cool roof,401310.0,1.0,2.491839226533104e-06,1082333070.0,False
2698,+102149+29143,26.18005148287842,91.76245711517892,26.345795,Cool roof,401310.0,1.0,2.491839226533104e-06,1082734380.0,False
2699,+102159+29127,26.16567843843013,91.7714402680438,26.345612,Cool roof,401310.0,1.0,2.491839226533104e-06,1083135690.0,False
2700,+102119+29126,26.16478012280717,91.73550765664992,26.344055,Cool roof,401310.0,1.0,2.491839226533104e-06,1083537000.0,False
2701,+102202+29160,26.195322843282344,91.81006782548155,26.343658,Cool roof,401310.0,1.0,2.491839226533104e-06,1083938310.0,False
2702,+102153+29152,26.18813632063278,91.76605037649138,26.34317,Cool roof,401310.0,1.0,2.491839226533104e-06,1084339620.0,False
2703,+102142+29155,26.19083126636109,91.756168907838,26.342468,Cool roof,401310.0,1.0,2.491839226533104e-06,1084740930.0,False
2704,+102159+29141,26.17825485199989,91.77144026764194,26.341461,Cool roof,401310.0,1.0,2.491839226533104e-06,1085142240.0,False
2705,+102189+29149,26.185441374364032,91.79838972650931,26.341034,Cool roof,401310.0,1.0,2.491839226533104e-06,1085543550.0,False
2706,+102135+29134,26.17196664517279,91.74988070154488,26.340698,Cool roof,401310.0,1.0,2.491839226533104e-06,1085944860.0,False
2707,+102198+29142,26.17915316774796,91.80647456353914,26.340363,Cool roof,401310.0,1.0,2.491839226533104e-06,1086346170.0,False
2708,+102145+29150,26.18633968980539,91.75886385386288,26.34024,Cool roof,401310.0,1.0,2.491839226533104e-06,1086747480.0,False
2709,+102148+29131,26.16927169974264,91.76155879994263,26.34018,Cool roof,401310.0,1.0,2.491839226533104e-06,1087148790.0,False
2710,+102171+29151,26.1872380052344,91.78222005128836,26.338287,Cool roof,401310.0,1.0,2.491839226533104e-06,1087550100.0,False
2711,+102118+29116,26.15579697023739,91.7346093415444,26.336761,Cool roof,401310.0,1.0,2.491839226533104e-06,1087951410.0,False
2712,+102172+29158,26.193526211867,91.78311836681644,26.336517,Cool roof,401310.0,1.0,2.491839226533104e-06,1088352720.0,False
2713,+102151+29147,26.18364474398733,91.76425374569996,26.33609,Cool roof,401310.0,1.0,2.491839226533104e-06,1088754030.0,False
2714,+102160+29126,26.16478012297261,91.77233858311592,26.335785,Cool roof,401310.0,1.0,2.491839226533104e-06,1089155340.0,False
2715,+102120+29143,26.18005148310964,91.7364059721263,26.335388,Cool roof,401310.0,1.0,2.491839226533104e-06,1089556650.0,False
2716,+102142+29125,26.163881807744552,91.7561689078637,26.334747,Cool roof,401310.0,1.0,2.491839226533104e-06,1089957960.0,False
2717,+102042+29117,26.15669528561543,91.66633737984112,26.334503,Cool roof,401310.0,1.0,2.491839226533104e-06,1090359270.0,False
2718,+102140+29129,26.16747506847833,91.7543722778392,26.334442,Cool roof,401310.0,1.0,2.491839226533104e-06,1090760580.0,False
2719,+102122+29145,26.18184811344667,91.73820260255124,26.333435,Cool roof,401310.0,1.0,2.491839226533104e-06,1091161890.0,False
2720,+102194+29147,26.18364474389538,91.8028813029479,26.331512,Cool roof,401310.0,1.0,2.491839226533104e-06,1091563200.0,False
2721,+102071+29104,26.14501718660661,91.69238852268928,26.330841,Cool roof,401310.0,1.0,2.491839226533104e-06,1091964510.0,False
2722,+102133+29147,26.183644743855066,91.74808407061184,26.330841,Cool roof,401310.0,1.0,2.491839226533104e-06,1092365820.0,False
2723,+102156+29130,26.16837338393772,91.76874532222504,26.330505,Cool roof,401310.0,1.0,2.491839226533104e-06,1092767130.0,False
2724,+102144+29150,26.18633968985692,91.75796553915336,26.328552,Cool roof,401310.0,1.0,2.491839226533104e-06,1093168440.0,False
2725,+102137+29137,26.17466159098868,91.7516773318449,26.327606,Cool roof,401310.0,1.0,2.491839226533104e-06,1093569750.0,False
2726,+102142+29156,26.191729581750323,91.75616890776098,26.326782,Cool roof,401310.0,1.0,2.491839226533104e-06,1093971060.0,False
2727,+102132+29134,26.1719666451168,91.74718575509122,26.326324,Cool roof,401310.0,1.0,2.491839226533104e-06,1094372370.0,False
2728,+102105+29128,26.16657675392711,91.72293124255089,26.325043,Cool roof,401310.0,1.0,2.491839226533104e-06,1094773680.0,False
2729,+102059+29101,26.14232224080636,91.68160873968203,26.322601,Cool roof,401310.0,1.0,2.491839226533104e-06,1095174990.0,False
2730,+102202+29158,26.19352621191501,91.81006782558356,26.32248,Cool roof,401310.0,1.0,2.491839226533104e-06,1095576300.0,False
2731,+102172+29155,26.1908312663604,91.7831183664992,26.322327,Cool roof,401310.0,1.0,2.491839226533104e-06,1095977610.0,False
2732,+102129+29144,26.18094979809548,91.74449080957208,26.322052,Cool roof,401310.0,1.0,2.491839226533104e-06,1096378920.0,False
2733,+102117+29130,26.16837338392472,91.73371102621071,26.32135,Cool roof,401310.0,1.0,2.491839226533104e-06,1096780230.0,False
2734,+102141+29146,26.182746428648485,91.75527059300006,26.321106,Cool roof,401310.0,1.0,2.491839226533104e-06,1097181540.0,False
2735,+102142+29133,26.171068329933583,91.7561689079688,26.320892,Cool roof,401310.0,1.0,2.491839226533104e-06,1097582850.0,False
2736,+102096+29126,26.1647801230047,91.71484640512892,26.319855,Cool roof,401310.0,1.0,2.491839226533104e-06,1097984160.0,False
2737,+102172+29156,26.191729581698063,91.78311836661882,26.319122,Cool roof,401310.0,1.0,2.491839226533104e-06,1098385470.0,False
2738,+102141+29133,26.17106833004397,91.75527059290192,26.319061,Cool roof,401310.0,1.0,2.491839226533104e-06,1098786780.0,False
2739,+102149+29122,26.161186861449423,91.76245711523208,26.31894,Cool roof,401310.0,1.0,2.491839226533104e-06,1099188090.0,False
2740,+102097+29126,26.16478012282156,91.7157447204374,26.318695,Cool roof,401310.0,1.0,2.491839226533104e-06,1099589400.0,False
2741,+102120+29131,26.169271699751675,91.73640597198546,26.31842,Cool roof,401310.0,1.0,2.491839226533104e-06,1099990710.0,False
2742,+102146+29149,26.185441374468105,91.75976216924944,26.31839,Cool roof,401310.0,1.0,2.491839226533104e-06,1100392020.0,False
2743,+102138+29127,26.16567843841232,91.75257564695532,26.31784,Cool roof,401310.0,1.0,2.491839226533104e-06,1100793330.0,False
2744,+102140+29154,26.18993295085849,91.75437227747832,26.317596,Cool roof,401310.0,1.0,2.491839226533104e-06,1101194640.0,False
2745,+102165+29145,26.18184811328921,91.77683015984488,26.317596,Cool roof,401310.0,1.0,2.491839226533104e-06,1101595950.0,False
2746,+102188+29151,26.18723800510724,91.7974914114532,26.31717,Cool roof,401310.0,1.0,2.491839226533104e-06,1101997260.0,False
2747,+102139+29146,26.182746428546725,91.75347396228688,26.316437,Cool roof,401310.0,1.0,2.491839226533104e-06,1102398570.0,False
2748,+102173+29153,26.18903463539736,91.7840166819848,26.315216,Cool roof,401310.0,1.0,2.491839226533104e-06,1102799880.0,False
2749,+102152+29154,26.18993295098019,91.76515206081744,26.314728,Cool roof,401310.0,1.0,2.491839226533104e-06,1103201190.0,False
2750,+102159+29131,26.16927169978173,91.77144026787516,26.314117,Cool roof,401310.0,1.0,2.491839226533104e-06,1103602500.0,False
2751,+102137+29135,26.1728649604404,91.7516773321277,26.31363,Cool roof,401310.0,1.0,2.491839226533104e-06,1104003810.0,False
2752,+102150+29149,26.18544137463937,91.7633554305154,26.313263,Cool roof,401310.0,1.0,2.491839226533104e-06,1104405120.0,False
2753,+102168+29150,26.18633968992245,91.77952510533656,26.312408,Cool roof,401310.0,1.0,2.491839226533104e-06,1104806430.0,False
2754,+102168+29152,26.18813632086383,91.77952510524985,26.31186,Cool roof,401310.0,1.0,2.491839226533104e-06,1105207740.0,False
2755,+102120+29125,26.163881807902325,91.73640597190553,26.30954,Cool roof,401310.0,1.0,2.491839226533104e-06,1105609050.0,False
2756,+102116+29131,26.1692716998642,91.73281271053892,26.30838,Cool roof,401310.0,1.0,2.491839226533104e-06,1106010360.0,False
2757,+102159+29149,26.18544137432991,91.7714402678794,26.306976,Cool roof,401310.0,1.0,2.491839226533104e-06,1106411670.0,False
2758,+102140+29132,26.17017001474218,91.75437227764463,26.306732,Cool roof,401310.0,1.0,2.491839226533104e-06,1106812980.0,False
2759,+102119+29117,26.15669528538424,91.7355076566044,26.305542,Cool roof,401310.0,1.0,2.491839226533104e-06,1107214290.0,False
2760,+102147+29129,26.16747506879539,91.76066048504713,26.303375,Cool roof,401310.0,1.0,2.491839226533104e-06,1107615600.0,False
2761,+102157+29128,26.166576753749656,91.76964363745417,26.302643,Cool roof,401310.0,1.0,2.491839226533104e-06,1108016910.0,False
2762,+102128+29137,26.17466159085188,91.74359249400344,26.296844,Cool roof,401310.0,1.0,2.491839226533104e-06,1108418220.0,False
2763,+102159+29128,26.166576753671404,91.77144026791386,26.295807,Cool roof,401310.0,1.0,2.491839226533104e-06,1108819530.0,False
2764,+102143+29140,26.177356536930404,91.75706722350326,26.294525,Cool roof,401310.0,1.0,2.491839226533104e-06,1109220840.0,False
2765,+102194+29155,26.19083126624185,91.80288130301852,26.293457,Cool roof,401310.0,1.0,2.491839226533104e-06,1109622150.0,False
2766,+102080+29058,26.103694684227783,91.70047336061268,26.28888,Cool roof,401310.0,1.0,2.491839226533104e-06,1110023460.0,False
2767,+102131+29148,26.184543059393235,91.7462874398695,26.287872,Cool roof,401310.0,1.0,2.491839226533104e-06,1110424770.0,False
2768,+102150+29143,26.18005148295484,91.76335543031736,26.287537,Cool roof,401310.0,1.0,2.491839226533104e-06,1110826080.0,False
2769,+102130+29139,26.176458222163383,91.74538912491144,26.285553,Cool roof,401310.0,1.0,2.491839226533104e-06,1111227390.0,False
2770,+102159+29142,26.17915316793679,91.77144026772996,26.285309,Cool roof,401310.0,1.0,2.491839226533104e-06,1111628700.0,False
2771,+102114+29134,26.171966645146306,91.73101608039082,26.285187,Cool roof,401310.0,1.0,2.491839226533104e-06,1112030010.0,False
2772,+102124+29138,26.175559906219664,91.73999923330165,26.283783,Cool roof,401310.0,1.0,2.491839226533104e-06,1112431320.0,False
2773,+102144+29138,26.175559906206733,91.75796553887204,26.28363,Cool roof,401310.0,1.0,2.491839226533104e-06,1112832630.0,False
2774,+102169+29147,26.18364474414577,91.78042342087336,26.283417,Cool roof,401310.0,1.0,2.491839226533104e-06,1113233940.0,False
2775,+102185+29148,26.184543059655304,91.79479646526728,26.282928,Cool roof,401310.0,1.0,2.491839226533104e-06,1113635250.0,False
2776,+102134+29141,26.17825485208941,91.74898238586375,26.28244,Cool roof,401310.0,1.0,2.491839226533104e-06,1114036560.0,False
2777,+102143+29155,26.190831266182474,91.75706722352174,26.279968,Cool roof,401310.0,1.0,2.491839226533104e-06,1114437870.0,False
2778,+102136+29138,26.175559906177668,91.75077901643748,26.278534,Cool roof,401310.0,1.0,2.491839226533104e-06,1114839180.0,False
2779,+102151+29144,26.18094979813674,91.764253745605,26.27835,Cool roof,401310.0,1.0,2.491839226533104e-06,1115240490.0,False
2780,+102113+29135,26.172864960302768,91.7301177649536,26.27826,Cool roof,401310.0,1.0,2.491839226533104e-06,1115641800.0,False
2781,+102146+29129,26.16747506865488,91.75976216922164,26.275757,Cool roof,401310.0,1.0,2.491839226533104e-06,1116043110.0,False
2782,+102136+29131,26.169271699646327,91.75077901635656,26.275726,Cool roof,401310.0,1.0,2.491839226533104e-06,1116444420.0,False
2783,+102121+29125,26.163881807816367,91.73730428731528,26.275696,Cool roof,401310.0,1.0,2.491839226533104e-06,1116845730.0,False
2784,+102146+29150,26.186339689685425,91.75976216918085,26.275177,Cool roof,401310.0,1.0,2.491839226533104e-06,1117247040.0,False
2785,+102181+29157,26.192627896845742,91.7912032039932,26.274933,Cool roof,401310.0,1.0,2.491839226533104e-06,1117648350.0,False
2786,+102147+29128,26.166576753801063,91.76066048502068,26.274841,Cool roof,401310.0,1.0,2.491839226533104e-06,1118049660.0,False
2787,+102134+29135,26.172864960500974,91.74898238584557,26.27414,Cool roof,401310.0,1.0,2.491839226533104e-06,1118450970.0,False
2788,+102182+29154,26.18993295089355,91.79210151965954,26.273438,Cool roof,401310.0,1.0,2.491839226533104e-06,1118852280.0,False
2789,+102192+29149,26.185441374604693,91.80108467218288,26.272675,Cool roof,401310.0,1.0,2.491839226533104e-06,1119253590.0,False
2790,+102114+29136,26.17376327609464,91.7310160803692,26.272308,Cool roof,401310.0,1.0,2.491839226533104e-06,1119654900.0,False
2791,+102200+29160,26.19532284342469,91.80827119437132,26.266602,Cool roof,401310.0,1.0,2.491839226533104e-06,1120056210.0,False
2792,+102112+29127,26.16567843835409,91.72921944984762,26.266327,Cool roof,401310.0,1.0,2.491839226533104e-06,1120457520.0,False
2793,+102155+29130,26.16837338373308,91.76784700667952,26.263397,Cool roof,401310.0,1.0,2.491839226533104e-06,1120858830.0,False
2794,+102103+29127,26.165678438475904,91.7211346121751,26.260956,Cool roof,401310.0,1.0,2.491839226533104e-06,1121260140.0,False
2795,+102138+29134,26.171966645133,91.75257564684742,26.260529,Cool roof,401310.0,1.0,2.491839226533104e-06,1121661450.0,False
2796,+102088+29060,26.105491314392346,91.70765988286963,26.259125,Cool roof,401310.0,1.0,2.491839226533104e-06,1122062760.0,False
2797,+102135+29139,26.176458222280417,91.74988070143736,26.257965,Cool roof,401310.0,1.0,2.491839226533104e-06,1122464070.0,False
2798,+102139+29154,26.189932950999548,91.75347396235163,26.257477,Cool roof,401310.0,1.0,2.491839226533104e-06,1122865380.0,False
2799,+102143+29136,26.17376327598293,91.75706722340686,26.257324,Cool roof,401310.0,1.0,2.491839226533104e-06,1123266690.0,False
2800,+102172+29157,26.19262789694451,91.78311836672444,26.256012,Cool roof,401310.0,1.0,2.491839226533104e-06,1123668000.0,False
2801,+102161+29129,26.1674750686437,91.77323689863408,26.255249,Cool roof,401310.0,1.0,2.491839226533104e-06,1124069310.0,False
2802,+102130+29149,26.18544137426764,91.745389125101,26.253998,Cool roof,401310.0,1.0,2.491839226533104e-06,1124470620.0,False
2803,+102168+29146,26.182746428510065,91.7795251055594,26.253998,Cool roof,401310.0,1.0,2.491839226533104e-06,1124871930.0,False
2804,+102135+29132,26.170170015052804,91.74988070134336,26.252197,Cool roof,401310.0,1.0,2.491839226533104e-06,1125273240.0,False
2805,+102183+29154,26.189932950749448,91.7929998352137,26.252136,Cool roof,401310.0,1.0,2.491839226533104e-06,1125674550.0,False
2806,+102131+29143,26.18005148287205,91.74628744015216,26.251831,Cool roof,401310.0,1.0,2.491839226533104e-06,1126075860.0,False
2807,+102152+29144,26.18094979805887,91.76515206087105,26.251556,Cool roof,401310.0,1.0,2.491839226533104e-06,1126477170.0,False
2808,+102150+29148,26.184543059522085,91.76335543045398,26.251434,Cool roof,401310.0,1.0,2.491839226533104e-06,1126878480.0,False
2809,+102161+29148,26.18454305953458,91.77323689883676,26.251312,Cool roof,401310.0,1.0,2.491839226533104e-06,1127279790.0,False
2810,+102129+29148,26.18454305962096,91.7444908093095,26.251282,Cool roof,401310.0,1.0,2.491839226533104e-06,1127681100.0,False
2811,+102133+29135,26.172864960621705,91.74808407055806,26.25113,Cool roof,401310.0,1.0,2.491839226533104e-06,1128082410.0,False
2812,+102124+29139,26.17645822221246,91.73999923333984,26.248901,Cool roof,401310.0,1.0,2.491839226533104e-06,1128483720.0,False
2813,+102183+29155,26.19083126620957,91.79299983510008,26.246643,Cool roof,401310.0,1.0,2.491839226533104e-06,1128885030.0,False
2814,+102157+29145,26.18184811366209,91.76964363749003,26.24646,Cool roof,401310.0,1.0,2.491839226533104e-06,1129286340.0,False
2815,+102137+29131,26.169271699746137,91.75167733175712,26.244598,Cool roof,401310.0,1.0,2.491839226533104e-06,1129687650.0,False
2816,+102111+29127,26.1656784383743,91.72832113443242,26.244232,Cool roof,401310.0,1.0,2.491839226533104e-06,1130088960.0,False
2817,+102182+29148,26.18454305958127,91.7921015193667,26.243835,Cool roof,401310.0,1.0,2.491839226533104e-06,1130490270.0,False
2818,+102205+29148,26.1845430595816,91.81276277098574,26.243744,Cool roof,401310.0,1.0,2.491839226533104e-06,1130891580.0,False
2819,+102131+29145,26.181848113652368,91.7462874401078,26.241547,Cool roof,401310.0,1.0,2.491839226533104e-06,1131292890.0,False
2820,+102141+29134,26.17196664517956,91.7552705931377,26.241547,Cool roof,401310.0,1.0,2.491839226533104e-06,1131694200.0,False
2821,+102153+29150,26.186339689840963,91.76605037651872,26.240356,Cool roof,401310.0,1.0,2.491839226533104e-06,1132095510.0,False
2822,+102135+29148,26.18454305938658,91.7498807013946,26.239716,Cool roof,401310.0,1.0,2.491839226533104e-06,1132496820.0,False
2823,+102114+29130,26.16837338395364,91.73101608034128,26.237946,Cool roof,401310.0,1.0,2.491839226533104e-06,1132898130.0,False
2824,+102158+29130,26.16837338394903,91.77054195281264,26.237885,Cool roof,401310.0,1.0,2.491839226533104e-06,1133299440.0,False
2825,+102158+29128,26.16657675365571,91.77054195294336,26.237488,Cool roof,401310.0,1.0,2.491839226533104e-06,1133700750.0,False
2826,+102133+29132,26.170170015076124,91.74808407066138,26.236694,Cool roof,401310.0,1.0,2.491839226533104e-06,1134102060.0,False
2827,+102148+29148,26.18454305945237,91.76155879981408,26.2359,Cool roof,401310.0,1.0,2.491839226533104e-06,1134503370.0,False
2828,+102134+29132,26.170170015009123,91.74898238598878,26.235748,Cool roof,401310.0,1.0,2.491839226533104e-06,1134904680.0,False
2829,+102187+29148,26.184543059542275,91.79659309596236,26.232208,Cool roof,401310.0,1.0,2.491839226533104e-06,1135305990.0,False
2830,+102134+29131,26.16927169977754,91.74898238599206,26.230713,Cool roof,401310.0,1.0,2.491839226533104e-06,1135707300.0,False
2831,+102115+29128,26.166576753862376,91.7319143953376,26.230194,Cool roof,401310.0,1.0,2.491839226533104e-06,1136108610.0,False
2832,+102172+29161,26.196221157799776,91.7831183667828,26.225372,Cool roof,401310.0,1.0,2.491839226533104e-06,1136509920.0,False
2833,+102141+29131,26.16927169979082,91.75527059304576,26.220093,Cool roof,401310.0,1.0,2.491839226533104e-06,1136911230.0,False
2834,+102142+29146,26.182746428504664,91.75616890783613,26.218597,Cool roof,401310.0,1.0,2.491839226533104e-06,1137312540.0,False
2835,+102189+29151,26.187238005126524,91.79838972626638,26.21637,Cool roof,401310.0,1.0,2.491839226533104e-06,1137713850.0,False
2836,+102134+29133,26.17106832972616,91.7489823859631,26.216309,Cool roof,401310.0,1.0,2.491839226533104e-06,1138115160.0,False
2837,+102143+29131,26.16927169974639,91.75706722356573,26.215546,Cool roof,401310.0,1.0,2.491839226533104e-06,1138516470.0,False
2838,+102043+29117,26.15669528565208,91.6672356949956,26.214478,Cool roof,401310.0,1.0,2.491839226533104e-06,1138917780.0,False
2839,+102141+29132,26.170170014719982,91.7552705928712,26.212677,Cool roof,401310.0,1.0,2.491839226533104e-06,1139319090.0,False
2840,+102146+29151,26.187238005168048,91.7597621690927,26.211304,Cool roof,401310.0,1.0,2.491839226533104e-06,1139720400.0,False
2841,+102188+29150,26.186339689948884,91.79749141126868,26.21048,Cool roof,401310.0,1.0,2.491839226533104e-06,1140121710.0,False
2842,+102133+29134,26.171966645085305,91.74808407053952,26.21045,Cool roof,401310.0,1.0,2.491839226533104e-06,1140523020.0,False
2843,+102200+29161,26.196221157598384,91.80827119436243,26.210419,Cool roof,401310.0,1.0,2.491839226533104e-06,1140924330.0,False
2844,+102167+29151,26.18723800510134,91.77862679028522,26.209503,Cool roof,401310.0,1.0,2.491839226533104e-06,1141325640.0,False
2845,+102119+29116,26.155796970300266,91.73550765647208,26.208954,Cool roof,401310.0,1.0,2.491839226533104e-06,1141726950.0,False
2846,+102131+29144,26.180949797834828,91.74628744014151,26.207611,Cool roof,401310.0,1.0,2.491839226533104e-06,1142128260.0,False
2847,+102143+29124,26.1629834926378,91.75706722343718,26.206635,Cool roof,401310.0,1.0,2.491839226533104e-06,1142529570.0,False
2848,+102179+29157,26.19262789685373,91.7894065735532,26.206146,Cool roof,401310.0,1.0,2.491839226533104e-06,1142930880.0,False
2849,+102184+29148,26.184543059699344,91.79389814992776,26.205933,Cool roof,401310.0,1.0,2.491839226533104e-06,1143332190.0,False
2850,+102158+29127,26.165678438400928,91.77054195275768,26.205841,Cool roof,401310.0,1.0,2.491839226533104e-06,1143733500.0,False
2851,+102132+29142,26.1791531679318,91.74718575531185,26.205475,Cool roof,401310.0,1.0,2.491839226533104e-06,1144134810.0,False
2852,+102113+29127,26.16567843844334,91.73011776483273,26.204132,Cool roof,401310.0,1.0,2.491839226533104e-06,1144536120.0,False
2853,+102135+29133,26.171068329751872,91.7498807014552,26.200592,Cool roof,401310.0,1.0,2.491839226533104e-06,1144937430.0,False
2854,+102188+29146,26.182746428434506,91.7974914113302,26.198181,Cool roof,401310.0,1.0,2.491839226533104e-06,1145338740.0,False
2855,+102150+29144,26.18094979814511,91.76335543047227,26.196991,Cool roof,401310.0,1.0,2.491839226533104e-06,1145740050.0,False
2856,+102167+29150,26.186339689911307,91.77862679057516,26.195526,Cool roof,401310.0,1.0,2.491839226533104e-06,1146141360.0,False
2857,+102139+29150,26.186339689815423,91.75347396248856,26.194244,Cool roof,401310.0,1.0,2.491839226533104e-06,1146542670.0,False
2858,+102162+29151,26.187238005172148,91.77413521366118,26.193634,Cool roof,401310.0,1.0,2.491839226533104e-06,1146943980.0,False
2859,+102140+29146,26.182746428723146,91.75437227741553,26.193085,Cool roof,401310.0,1.0,2.491839226533104e-06,1147345290.0,False
2860,+102153+29151,26.18723800521705,91.76605037651416,26.19159,Cool roof,401310.0,1.0,2.491839226533104e-06,1147746600.0,False
2861,+102118+29130,26.168373383953355,91.73460934122288,26.19101,Cool roof,401310.0,1.0,2.491839226533104e-06,1148147910.0,False
2862,+102111+29129,26.16747506849593,91.72832113441775,26.188965,Cool roof,401310.0,1.0,2.491839226533104e-06,1148549220.0,False
2863,+102143+29156,26.1917295817373,91.75706722336076,26.188873,Cool roof,401310.0,1.0,2.491839226533104e-06,1148950530.0,False
2864,+102102+29127,26.16567843838997,91.72023629645824,26.187805,Cool roof,401310.0,1.0,2.491839226533104e-06,1149351840.0,False
2865,+102157+29127,26.16567843829918,91.76964363763015,26.187103,Cool roof,401310.0,1.0,2.491839226533104e-06,1149753150.0,False
2866,+102128+29148,26.18454305963148,91.74359249405786,26.186188,Cool roof,401310.0,1.0,2.491839226533104e-06,1150154460.0,False
2867,+102171+29158,26.193526211856028,91.78222005145584,26.185364,Cool roof,401310.0,1.0,2.491839226533104e-06,1150555770.0,False
2868,+102147+29139,26.176458222187183,91.76066048515402,26.182587,Cool roof,401310.0,1.0,2.491839226533104e-06,1150957080.0,False
2869,+102143+29139,26.176458222192224,91.75706722356574,26.181854,Cool roof,401310.0,1.0,2.491839226533104e-06,1151358390.0,False
2870,+102201+29159,26.19442452704105,91.80916950998942,26.181488,Cool roof,401310.0,1.0,2.491839226533104e-06,1151759700.0,False
2871,+102133+29140,26.177356536735992,91.74808407054036,26.179382,Cool roof,401310.0,1.0,2.491839226533104e-06,1152161010.0,False
2872,+102144+29151,26.18723800518943,91.757965539009,26.177582,Cool roof,401310.0,1.0,2.491839226533104e-06,1152562320.0,False
2873,+102065+29134,26.17196664516088,91.6869986309525,26.17752,Cool roof,401310.0,1.0,2.491839226533104e-06,1152963630.0,False
2874,+102202+29156,26.19172958189325,91.81006782543066,26.176666,Cool roof,401310.0,1.0,2.491839226533104e-06,1153364940.0,False
2875,+102147+29148,26.184543059496274,91.76066048504248,26.17575,Cool roof,401310.0,1.0,2.491839226533104e-06,1153766250.0,False
2876,+102188+29149,26.185441374328025,91.7974914110734,26.172089,Cool roof,401310.0,1.0,2.491839226533104e-06,1154167560.0,False
2877,+102154+29130,26.16837338400204,91.76694869154367,26.169952,Cool roof,401310.0,1.0,2.491839226533104e-06,1154568870.0,False
2878,+102137+29147,26.18364474409709,91.75167733184917,26.16977,Cool roof,401310.0,1.0,2.491839226533104e-06,1154970180.0,False
2879,+102110+29116,26.15579697014733,91.72742281889664,26.167389,Cool roof,401310.0,1.0,2.491839226533104e-06,1155371490.0,False
2880,+102144+29136,26.173763276227,91.75796553907227,26.166046,Cool roof,401310.0,1.0,2.491839226533104e-06,1155772800.0,False
2881,+102153+29130,26.16837338401684,91.76605037643928,26.164825,Cool roof,401310.0,1.0,2.491839226533104e-06,1156174110.0,False
2882,+102121+29131,26.169271699726018,91.73730428708262,26.164764,Cool roof,401310.0,1.0,2.491839226533104e-06,1156575420.0,False
2883,+102168+29153,26.1890346352668,91.77952510552328,26.16275,Cool roof,401310.0,1.0,2.491839226533104e-06,1156976730.0,False
2884,+102153+29143,26.18005148294748,91.76605037649784,26.161713,Cool roof,401310.0,1.0,2.491839226533104e-06,1157378040.0,False
2885,+102137+29133,26.17106832977124,91.75167733187251,26.161285,Cool roof,401310.0,1.0,2.491839226533104e-06,1157779350.0,False
2886,+102093+29121,26.16028854735679,91.71215145907796,26.161163,Cool roof,401310.0,1.0,2.491839226533104e-06,1158180660.0,False
2887,+102152+29151,26.18723800510296,91.76515206091248,26.156982,Cool roof,401310.0,1.0,2.491839226533104e-06,1158581970.0,False
2888,+102149+29154,26.189932950909085,91.76245711521288,26.155731,Cool roof,401310.0,1.0,2.491839226533104e-06,1158983280.0,False
2889,+102122+29132,26.17017001490585,91.7382026027183,26.15561,Cool roof,401310.0,1.0,2.491839226533104e-06,1159384590.0,False
2890,+102148+29124,26.16298349264174,91.76155879979926,26.155548,Cool roof,401310.0,1.0,2.491839226533104e-06,1159785900.0,False
2891,+102142+29157,26.1926278966843,91.75616890766354,26.155304,Cool roof,401310.0,1.0,2.491839226533104e-06,1160187210.0,False
2892,+102123+29139,26.17645822206525,91.73910091771737,26.15512,Cool roof,401310.0,1.0,2.491839226533104e-06,1160588520.0,False
2893,+102174+29155,26.19083126606485,91.78491499725452,26.15445,Cool roof,401310.0,1.0,2.491839226533104e-06,1160989830.0,False
2894,+102151+29139,26.17645822214771,91.76425374552932,26.153229,Cool roof,401310.0,1.0,2.491839226533104e-06,1161391140.0,False
2895,+102140+29147,26.18364474387296,91.75437227769432,26.15152,Cool roof,401310.0,1.0,2.491839226533104e-06,1161792450.0,False
2896,+102139+29151,26.187238005230995,91.75347396254236,26.149475,Cool roof,401310.0,1.0,2.491839226533104e-06,1162193760.0,False
2897,+102139+29133,26.17106832986838,91.75347396217862,26.149445,Cool roof,401310.0,1.0,2.491839226533104e-06,1162595070.0,False
2898,+102192+29155,26.19083126633233,91.80108467229452,26.145844,Cool roof,401310.0,1.0,2.491839226533104e-06,1162996380.0,False
2899,+102141+29135,26.172864960395405,91.75527059312668,26.143768,Cool roof,401310.0,1.0,2.491839226533104e-06,1163397690.0,False
2900,+102154+29150,26.18633968990104,91.76694869168594,26.143707,Cool roof,401310.0,1.0,2.491839226533104e-06,1163799000.0,False
2901,+102147+29149,26.18544137447732,91.76066048490792,26.14032,Cool roof,401310.0,1.0,2.491839226533104e-06,1164200310.0,False
2902,+102132+29143,26.18005148292892,91.74718575501149,26.140045,Cool roof,401310.0,1.0,2.491839226533104e-06,1164601620.0,False
2903,+102146+29127,26.16567843803217,91.75976216919526,26.138763,Cool roof,401310.0,1.0,2.491839226533104e-06,1165002930.0,False
2904,+102160+29125,26.163881807681147,91.7723385830772,26.13861,Cool roof,401310.0,1.0,2.491839226533104e-06,1165404240.0,False
2905,+102152+29145,26.181848113528485,91.76515206106087,26.13852,Cool roof,401310.0,1.0,2.491839226533104e-06,1165805550.0,False
2906,+102162+29130,26.168373383835263,91.774135213786,26.13733,Cool roof,401310.0,1.0,2.491839226533104e-06,1166206860.0,False
2907,+102144+29124,26.16298349252984,91.75796553904551,26.137177,Cool roof,401310.0,1.0,2.491839226533104e-06,1166608170.0,False
2908,+102161+29128,26.166576753849345,91.77323689896012,26.13559,Cool roof,401310.0,1.0,2.491839226533104e-06,1167009480.0,False
2909,+102199+29154,26.189932951042326,91.80737287975198,26.134918,Cool roof,401310.0,1.0,2.491839226533104e-06,1167410790.0,False
2910,+102201+29156,26.19172958188312,91.80916950997258,26.134705,Cool roof,401310.0,1.0,2.491839226533104e-06,1167812100.0,False
2911,+102145+29151,26.187238005121884,91.75886385385938,26.132904,Cool roof,401310.0,1.0,2.491839226533104e-06,1168213410.0,False
2912,+102118+29127,26.165678438166942,91.73460934124785,26.132843,Cool roof,401310.0,1.0,2.491839226533104e-06,1168614720.0,False
2913,+102090+29063,26.10818626016588,91.7094565133118,26.129272,Cool roof,401310.0,1.0,2.491839226533104e-06,1169016030.0,False
2914,+102183+29148,26.184543059674784,91.79299983520497,26.12793,Cool roof,401310.0,1.0,2.491839226533104e-06,1169417340.0,False
2915,+102151+29142,26.179153167915185,91.76425374567542,26.127838,Cool roof,401310.0,1.0,2.491839226533104e-06,1169818650.0,False
2916,+102150+29124,26.162983492532184,91.76335543082664,26.125183,Cool roof,401310.0,1.0,2.491839226533104e-06,1170219960.0,False
2917,+102139+29155,26.19083126612764,91.75347396209509,26.124512,Cool roof,401310.0,1.0,2.491839226533104e-06,1170621270.0,False
2918,+102148+29122,26.161186861528144,91.76155879971589,26.124237,Cool roof,401310.0,1.0,2.491839226533104e-06,1171022580.0,False
2919,+102146+29126,26.1647801231431,91.75976216926615,26.123383,Cool roof,401310.0,1.0,2.491839226533104e-06,1171423890.0,False
2920,+102173+29159,26.19442452699219,91.78401668193216,26.123169,Cool roof,401310.0,1.0,2.491839226533104e-06,1171825200.0,False
2921,+102137+29130,26.16837338392768,91.75167733178009,26.117798,Cool roof,401310.0,1.0,2.491839226533104e-06,1172226510.0,False
2922,+102186+29154,26.189932951001808,91.79569478093332,26.115051,Cool roof,401310.0,1.0,2.491839226533104e-06,1172627820.0,False
2923,+102179+29152,26.18813632095613,91.78940657356964,26.113983,Cool roof,401310.0,1.0,2.491839226533104e-06,1173029130.0,False
2924,+102148+29140,26.177356536941915,91.76155879975248,26.113739,Cool roof,401310.0,1.0,2.491839226533104e-06,1173430440.0,False
2925,+102152+29128,26.166576753861104,91.76515206100052,26.112854,Cool roof,401310.0,1.0,2.491839226533104e-06,1173831750.0,False
2926,+102154+29151,26.18723800508112,91.7669486915963,26.112091,Cool roof,401310.0,1.0,2.491839226533104e-06,1174233060.0,False
2927,+102150+29142,26.17915316789352,91.76335543036949,26.111877,Cool roof,401310.0,1.0,2.491839226533104e-06,1174634370.0,False
2928,+102123+29146,26.1827464285121,91.73910091790694,26.11145,Cool roof,401310.0,1.0,2.491839226533104e-06,1175035680.0,False
2929,+102119+29143,26.18005148294518,91.73550765652604,26.110565,Cool roof,401310.0,1.0,2.491839226533104e-06,1175436990.0,False
2930,+102151+29148,26.18454305945396,91.76425374569472,26.110443,Cool roof,401310.0,1.0,2.491839226533104e-06,1175838300.0,False
2931,+102188+29148,26.18454305965525,91.79749141109382,26.108307,Cool roof,401310.0,1.0,2.491839226533104e-06,1176239610.0,False
2932,+102117+29131,26.16927169976168,91.73371102616493,26.108215,Cool roof,401310.0,1.0,2.491839226533104e-06,1176640920.0,False
2933,+102099+29126,26.16478012278363,91.71754135091356,26.106659,Cool roof,401310.0,1.0,2.491839226533104e-06,1177042230.0,False
2934,+102149+29141,26.17825485190368,91.76245711509122,26.091644,Cool roof,401310.0,1.0,2.491839226533104e-06,1177443540.0,False
2935,+102135+29140,26.17735653679056,91.74988070162088,26.090424,Cool roof,401310.0,1.0,2.491839226533104e-06,1177844850.0,False
2936,+102132+29148,26.18454305935833,91.74718575497768,26.089233,Cool roof,401310.0,1.0,2.491839226533104e-06,1178246160.0,False
2937,+102173+29155,26.19083126615552,91.78401668187156,26.088165,Cool roof,401310.0,1.0,2.491839226533104e-06,1178647470.0,False
2938,+102066+29134,26.171966645166755,91.68789694682197,26.087128,Cool roof,401310.0,1.0,2.491839226533104e-06,1179048780.0,False
2939,+102184+29156,26.19172958211457,91.79389814992388,26.085114,Cool roof,401310.0,1.0,2.491839226533104e-06,1179450090.0,False
2940,+102189+29155,26.19083126605117,91.79838972656418,26.083038,Cool roof,401310.0,1.0,2.491839226533104e-06,1179851400.0,False
2941,+102189+29148,26.18454305951732,91.79838972661548,26.081146,Cool roof,401310.0,1.0,2.491839226533104e-06,1180252710.0,False
2942,+102136+29148,26.184543059440266,91.75077901641328,26.079987,Cool roof,401310.0,1.0,2.491839226533104e-06,1180654020.0,False
2943,+102126+29147,26.18364474409813,91.74179586350824,26.079803,Cool roof,401310.0,1.0,2.491839226533104e-06,1181055330.0,False
2944,+102185+29154,26.18993295098552,91.7947964651612,26.076813,Cool roof,401310.0,1.0,2.491839226533104e-06,1181456640.0,False
2945,+102186+29148,26.184543059542293,91.7956947808709,26.075714,Cool roof,401310.0,1.0,2.491839226533104e-06,1181857950.0,False
2946,+102188+29161,26.19622115784018,91.79749141137472,26.072998,Cool roof,401310.0,1.0,2.491839226533104e-06,1182259260.0,False
2947,+102146+29152,26.18813632087173,91.75976216921096,26.071564,Cool roof,401310.0,1.0,2.491839226533104e-06,1182660570.0,False
2948,+102154+29154,26.18993295105279,91.76694869167235,26.071259,Cool roof,401310.0,1.0,2.491839226533104e-06,1183061880.0,False
2949,+102141+29157,26.192627896646687,91.75527059308077,26.06961,Cool roof,401310.0,1.0,2.491839226533104e-06,1183463190.0,False
2950,+102174+29157,26.192627896786973,91.78491499737088,26.068909,Cool roof,401310.0,1.0,2.491839226533104e-06,1183864500.0,False
2951,+102134+29134,26.17196664516469,91.74898238591544,26.067535,Cool roof,401310.0,1.0,2.491839226533104e-06,1184265810.0,False
2952,+102150+29145,26.18184811346248,91.76335543060858,26.067047,Cool roof,401310.0,1.0,2.491839226533104e-06,1184667120.0,False
2953,+102110+29127,26.16567843832215,91.72742281916732,26.066803,Cool roof,401310.0,1.0,2.491839226533104e-06,1185068430.0,False
2954,+102134+29148,26.184543059628016,91.7489823860786,26.066132,Cool roof,401310.0,1.0,2.491839226533104e-06,1185469740.0,False
2955,+102120+29121,26.16028854735164,91.73640597194954,26.065521,Cool roof,401310.0,1.0,2.491839226533104e-06,1185871050.0,False
2956,+102196+29156,26.191729581910888,91.80467793339292,26.06491,Cool roof,401310.0,1.0,2.491839226533104e-06,1186272360.0,False
2957,+102138+29132,26.1701700149358,91.75257564695252,26.060577,Cool roof,401310.0,1.0,2.491839226533104e-06,1186673670.0,False
2958,+102169+29152,26.18813632078288,91.78042342135824,26.05954,Cool roof,401310.0,1.0,2.491839226533104e-06,1187074980.0,False
2959,+102205+29156,26.191729581882687,91.8127627707576,26.058441,Cool roof,401310.0,1.0,2.491839226533104e-06,1187476290.0,False
2960,+102064+29134,26.17196664526604,91.68610031599574,26.056091,Cool roof,401310.0,1.0,2.491839226533104e-06,1187877600.0,False
2961,+102132+29144,26.180949797873208,91.74718575514038,26.054962,Cool roof,401310.0,1.0,2.491839226533104e-06,1188278910.0,False
2962,+102189+29156,26.19172958177065,91.79838972661318,26.05362,Cool roof,401310.0,1.0,2.491839226533104e-06,1188680220.0,False
2963,+102096+29125,26.163881807594137,91.71484640518298,26.052643,Cool roof,401310.0,1.0,2.491839226533104e-06,1189081530.0,False
2964,+102088+29059,26.104592998616493,91.70765988301312,26.05127,Cool roof,401310.0,1.0,2.491839226533104e-06,1189482840.0,False
2965,+102138+29131,26.16927169977413,91.75257564685997,26.048126,Cool roof,401310.0,1.0,2.491839226533104e-06,1189884150.0,False
2966,+102106+29128,26.166576753772496,91.72382955804297,26.04715,Cool roof,401310.0,1.0,2.491839226533104e-06,1190285460.0,False
2967,+102190+29150,26.186339689753453,91.79928804201104,26.046936,Cool roof,401310.0,1.0,2.491839226533104e-06,1190686770.0,False
2968,+102129+29143,26.18005148273141,91.7444908094101,26.046173,Cool roof,401310.0,1.0,2.491839226533104e-06,1191088080.0,False
2969,+102175+29160,26.19532284331068,91.7858133126854,26.045013,Cool roof,401310.0,1.0,2.491839226533104e-06,1191489390.0,False
2970,+102208+29156,26.19172958181014,91.81545771698018,26.044586,Cool roof,401310.0,1.0,2.491839226533104e-06,1191890700.0,False
2971,+102122+29140,26.177356536967384,91.7382026024348,26.041595,Cool roof,401310.0,1.0,2.491839226533104e-06,1192292010.0,False
2972,+102143+29148,26.184543059529428,91.75706722362824,26.038788,Cool roof,401310.0,1.0,2.491839226533104e-06,1192693320.0,False
2973,+102142+29148,26.18454305941102,91.75616890780437,26.036346,Cool roof,401310.0,1.0,2.491839226533104e-06,1193094630.0,False
2974,+102128+29150,26.18633968974389,91.7435924940697,26.036285,Cool roof,401310.0,1.0,2.491839226533104e-06,1193495940.0,False
2975,+102191+29155,26.19083126636697,91.80018635734515,26.036224,Cool roof,401310.0,1.0,2.491839226533104e-06,1193897250.0,False
2976,+102154+29155,26.19083126630913,91.76694869173733,26.035156,Cool roof,401310.0,1.0,2.491839226533104e-06,1194298560.0,False
2977,+102151+29145,26.18184811343916,91.76425374542936,26.034332,Cool roof,401310.0,1.0,2.491839226533104e-06,1194699870.0,False
2978,+102179+29150,26.18633968989044,91.78940657371616,26.033325,Cool roof,401310.0,1.0,2.491839226533104e-06,1195101180.0,False
2979,+102195+29148,26.1845430594262,91.80377961856594,26.033295,Cool roof,401310.0,1.0,2.491839226533104e-06,1195502490.0,False
2980,+102122+29131,26.16927169962872,91.73820260278325,26.031189,Cool roof,401310.0,1.0,2.491839226533104e-06,1195903800.0,False
2981,+102170+29153,26.18903463519548,91.78132173625131,26.031128,Cool roof,401310.0,1.0,2.491839226533104e-06,1196305110.0,False
2982,+102140+29156,26.191729581938024,91.75437227768,26.02594,Cool roof,401310.0,1.0,2.491839226533104e-06,1196706420.0,False
2983,+102132+29135,26.172864960489186,91.74718575519812,26.024628,Cool roof,401310.0,1.0,2.491839226533104e-06,1197107730.0,False
2984,+102166+29150,26.186339689831563,91.7777284747191,26.021698,Cool roof,401310.0,1.0,2.491839226533104e-06,1197509040.0,False
2985,+102176+29153,26.18903463535123,91.7867116274198,26.021637,Cool roof,401310.0,1.0,2.491839226533104e-06,1197910350.0,False
2986,+102138+29133,26.17106832994653,91.7525756470236,26.021454,Cool roof,401310.0,1.0,2.491839226533104e-06,1198311660.0,False
2987,+102135+29130,26.168373383985497,91.74988070150626,26.02005,Cool roof,401310.0,1.0,2.491839226533104e-06,1198712970.0,False
2988,+102136+29130,26.168373383992584,91.75077901629024,26.019196,Cool roof,401310.0,1.0,2.491839226533104e-06,1199114280.0,False
2989,+102093+29122,26.16118686147737,91.71215145896754,26.018707,Cool roof,401310.0,1.0,2.491839226533104e-06,1199515590.0,False
2990,+102110+29129,26.167475068305915,91.72742281910594,26.016815,Cool roof,401310.0,1.0,2.491839226533104e-06,1199916900.0,False
2991,+102133+29136,26.17376327601139,91.74808407032825,26.014252,Cool roof,401310.0,1.0,2.491839226533104e-06,1200318210.0,False
2992,+102194+29156,26.191729581922203,91.80288130287376,26.013214,Cool roof,401310.0,1.0,2.491839226533104e-06,1200719520.0,False
2993,+102070+29132,26.17017001476576,91.6914902078336,26.012268,Cool roof,401310.0,1.0,2.491839226533104e-06,1201120830.0,False
2994,+102202+29157,26.19262789670214,91.81006782551071,26.01123,Cool roof,401310.0,1.0,2.491839226533104e-06,1201522140.0,False
2995,+102132+29147,26.18364474394061,91.74718575493934,26.01004,Cool roof,401310.0,1.0,2.491839226533104e-06,1201923450.0,False
2996,+102144+29155,26.19083126611828,91.7579655391348,26.008636,Cool roof,401310.0,1.0,2.491839226533104e-06,1202324760.0,False
2997,+102170+29150,26.186339689739256,91.78132173589523,26.005127,Cool roof,401310.0,1.0,2.491839226533104e-06,1202726070.0,False
2998,+102193+29155,26.19083126622998,91.80198298783596,26.003052,Cool roof,401310.0,1.0,2.491839226533104e-06,1203127380.0,False
2999,+102141+29154,26.18993295083184,91.75527059306071,26.00296,Cool roof,401310.0,1.0,2.491839226533104e-06,1203528690.0,False
3000,+102151+29141,26.17825485186465,91.76425374534384,26.001923,Cool roof,401310.0,1.0,2.491839226533104e-06,1203930000.0,False
3001,+102170+29151,26.18723800525815,91.7813217360281,26.001678,Cool roof,401310.0,1.0,2.491839226533104e-06,1204331310.0,False
3002,+102098+29126,26.164780122747864,91.7166430357151,25.99942,Cool roof,401310.0,1.0,2.491839226533104e-06,1204732620.0,False
3003,+102094+29120,26.15939023096123,91.71304977465044,25.996002,Cool roof,401310.0,1.0,2.491839226533104e-06,1205133930.0,False
3004,+102154+29143,26.180051483108763,91.76694869158769,25.995392,Cool roof,401310.0,1.0,2.491839226533104e-06,1205535240.0,False
3005,+102146+29125,26.163881807648973,91.75976216931728,25.994781,Cool roof,401310.0,1.0,2.491839226533104e-06,1205936550.0,False
3006,+102176+29156,26.19172958188525,91.78671162726286,25.99295,Cool roof,401310.0,1.0,2.491839226533104e-06,1206337860.0,False
3007,+102200+29155,26.19083126616513,91.80827119452782,25.99295,Cool roof,401310.0,1.0,2.491839226533104e-06,1206739170.0,False
3008,+102172+29152,26.188136320677287,91.78311836673493,25.984406,Cool roof,401310.0,1.0,2.491839226533104e-06,1207140480.0,False
3009,+102143+29132,26.17017001482427,91.757067223439,25.982971,Cool roof,401310.0,1.0,2.491839226533104e-06,1207541790.0,False
3010,+102180+29149,26.18544137429624,91.79030488947208,25.978577,Cool roof,401310.0,1.0,2.491839226533104e-06,1207943100.0,False
3011,+102132+29149,26.185441374411564,91.74718575521914,25.977661,Cool roof,401310.0,1.0,2.491839226533104e-06,1208344410.0,False
3012,+102134+29137,26.174661591155093,91.74898238609131,25.97583,Cool roof,401310.0,1.0,2.491839226533104e-06,1208745720.0,False
3013,+102143+29154,26.189932951120905,91.75706722366232,25.974274,Cool roof,401310.0,1.0,2.491839226533104e-06,1209147030.0,False
3014,+102147+29158,26.19352621185052,91.76066048485995,25.971375,Cool roof,401310.0,1.0,2.491839226533104e-06,1209548340.0,False
3015,+102139+29152,26.188136320685505,91.75347396257528,25.970917,Cool roof,401310.0,1.0,2.491839226533104e-06,1209949650.0,False
3016,+102104+29127,26.16567843830731,91.72203292736292,25.967804,Cool roof,401310.0,1.0,2.491839226533104e-06,1210350960.0,False
3017,+102187+29154,26.18993295113215,91.79659309574129,25.966766,Cool roof,401310.0,1.0,2.491839226533104e-06,1210752270.0,False
3018,+102137+29134,26.171966645338752,91.75167733201089,25.966705,Cool roof,401310.0,1.0,2.491839226533104e-06,1211153580.0,False
3019,+102131+29149,26.185441374283023,91.74628743974436,25.965485,Cool roof,401310.0,1.0,2.491839226533104e-06,1211554890.0,False
3020,+102185+29149,26.185441374353864,91.79479646527726,25.964874,Cool roof,401310.0,1.0,2.491839226533104e-06,1211956200.0,False
3021,+102141+29150,26.18633968978254,91.75527059297008,25.963287,Cool roof,401310.0,1.0,2.491839226533104e-06,1212357510.0,False
3022,+102199+29142,26.179153167687183,91.8073728794872,25.962372,Cool roof,401310.0,1.0,2.491839226533104e-06,1212758820.0,False
3023,+102205+29157,26.192627896674683,91.8127627708123,25.960297,Cool roof,401310.0,1.0,2.491839226533104e-06,1213160130.0,False
3024,+102167+29152,26.18813632069476,91.77862679043226,25.958954,Cool roof,401310.0,1.0,2.491839226533104e-06,1213561440.0,False
3025,+102203+29159,26.194424527140864,91.81096614082432,25.958344,Cool roof,401310.0,1.0,2.491839226533104e-06,1213962750.0,False
3026,+102143+29125,26.163881807693457,91.75706722345168,25.957611,Cool roof,401310.0,1.0,2.491839226533104e-06,1214364060.0,False
3027,+102109+29129,26.16747506858967,91.72652450381536,25.956818,Cool roof,401310.0,1.0,2.491839226533104e-06,1214765370.0,False
3028,+102157+29143,26.180051482992425,91.76964363750386,25.955841,Cool roof,401310.0,1.0,2.491839226533104e-06,1215166680.0,False
3029,+102129+29138,26.175559906359823,91.7444908093794,25.954987,Cool roof,401310.0,1.0,2.491839226533104e-06,1215567990.0,False
3030,+102141+29125,26.16388180772276,91.75527059298344,25.9534,Cool roof,401310.0,1.0,2.491839226533104e-06,1215969300.0,False
3031,+102147+29124,26.162983492677824,91.7606604847212,25.94815,Cool roof,401310.0,1.0,2.491839226533104e-06,1216370610.0,False
3032,+102180+29153,26.1890346353082,91.79030488929192,25.947998,Cool roof,401310.0,1.0,2.491839226533104e-06,1216771920.0,False
3033,+102174+29152,26.18813632081197,91.78491499709251,25.947968,Cool roof,401310.0,1.0,2.491839226533104e-06,1217173230.0,False
3034,+102111+29128,26.166576753918378,91.72832113432564,25.947021,Cool roof,401310.0,1.0,2.491839226533104e-06,1217574540.0,False
3035,+102196+29157,26.19262789675804,91.8046779335236,25.94461,Cool roof,401310.0,1.0,2.491839226533104e-06,1217975850.0,False
3036,+102142+29131,26.169271699713523,91.75616890783954,25.94397,Cool roof,401310.0,1.0,2.491839226533104e-06,1218377160.0,False
3037,+102146+29128,26.16657675382653,91.75976216910526,25.94101,Cool roof,401310.0,1.0,2.491839226533104e-06,1218778470.0,False
3038,+102174+29153,26.18903463532858,91.78491499708473,25.938934,Cool roof,401310.0,1.0,2.491839226533104e-06,1219179780.0,False
3039,+102139+29156,26.191729581931103,91.75347396204342,25.938782,Cool roof,401310.0,1.0,2.491839226533104e-06,1219581090.0,False
3040,+102107+29128,26.166576753909844,91.72472787330516,25.936646,Cool roof,401310.0,1.0,2.491839226533104e-06,1219982400.0,False
3041,+102187+29149,26.18544137440518,91.79659309602724,25.936432,Cool roof,401310.0,1.0,2.491839226533104e-06,1220383710.0,False
3042,+102089+29117,26.156695285488468,91.70855819795014,25.935883,Cool roof,401310.0,1.0,2.491839226533104e-06,1220785020.0,False
3043,+102199+29155,26.190831266377582,91.8073728796473,25.929474,Cool roof,401310.0,1.0,2.491839226533104e-06,1221186330.0,False
3044,+102185+29156,26.191729581816908,91.79479646526389,25.927887,Cool roof,401310.0,1.0,2.491839226533104e-06,1221587640.0,False
3045,+102124+29147,26.18364474378082,91.73999923321809,25.924896,Cool roof,401310.0,1.0,2.491839226533104e-06,1221988950.0,False
3046,+102153+29153,26.18903463523389,91.7660503764506,25.922516,Cool roof,401310.0,1.0,2.491839226533104e-06,1222390260.0,False
3047,+102144+29152,26.18813632074318,91.7579655390708,25.920227,Cool roof,401310.0,1.0,2.491839226533104e-06,1222791570.0,False
3048,+102131+29134,26.17196664525897,91.74628744012232,25.918732,Cool roof,401310.0,1.0,2.491839226533104e-06,1223192880.0,False
3049,+102138+29148,26.18454305934198,91.75257564711242,25.917816,Cool roof,401310.0,1.0,2.491839226533104e-06,1223594190.0,False
3050,+102190+29155,26.19083126615196,91.79928804153342,25.917786,Cool roof,401310.0,1.0,2.491839226533104e-06,1223995500.0,False
3051,+102155+29153,26.18903463538165,91.76784700676028,25.916382,Cool roof,401310.0,1.0,2.491839226533104e-06,1224396810.0,False
3052,+102141+29148,26.18454305940579,91.7552705929134,25.91153,Cool roof,401310.0,1.0,2.491839226533104e-06,1224798120.0,False
3053,+102103+29114,26.154000339643087,91.72113461220054,25.910004,Cool roof,401310.0,1.0,2.491839226533104e-06,1225199430.0,False
3054,+102194+29149,26.185441374603524,91.80288130301922,25.90921,Cool roof,401310.0,1.0,2.491839226533104e-06,1225600740.0,False
3055,+102146+29139,26.17645822220305,91.75976216885812,25.90799,Cool roof,401310.0,1.0,2.491839226533104e-06,1226002050.0,False
3056,+102188+29152,26.188136320668075,91.79749141117536,25.90744,Cool roof,401310.0,1.0,2.491839226533104e-06,1226403360.0,False
3057,+102115+29129,26.16747506853546,91.7319143952972,25.905853,Cool roof,401310.0,1.0,2.491839226533104e-06,1226804670.0,False
3058,+102148+29159,26.194424526981614,91.76155879995828,25.904816,Cool roof,401310.0,1.0,2.491839226533104e-06,1227205980.0,False
3059,+102144+29125,26.16388180775164,91.75796553896922,25.903564,Cool roof,401310.0,1.0,2.491839226533104e-06,1227607290.0,False
3060,+102178+29161,26.196221157720075,91.788508258324,25.902954,Cool roof,401310.0,1.0,2.491839226533104e-06,1228008600.0,False
3061,+102146+29158,26.193526211982515,91.75976216928166,25.902039,Cool roof,401310.0,1.0,2.491839226533104e-06,1228409910.0,False
3062,+102145+29129,26.167475068624,91.75886385387749,25.901337,Cool roof,401310.0,1.0,2.491839226533104e-06,1228811220.0,False
3063,+102140+29150,26.18633968974213,91.75437227750125,25.901215,Cool roof,401310.0,1.0,2.491839226533104e-06,1229212530.0,False
3064,+102139+29153,26.18903463532574,91.7534739625871,25.895752,Cool roof,401310.0,1.0,2.491839226533104e-06,1229613840.0,False
3065,+102129+29149,26.185441374365613,91.744490809129,25.894073,Cool roof,401310.0,1.0,2.491839226533104e-06,1230015150.0,False
3066,+102187+29161,26.196221157836607,91.79659309575533,25.893036,Cool roof,401310.0,1.0,2.491839226533104e-06,1230416460.0,False
3067,+102127+29148,26.184543059391235,91.7426941788818,25.891907,Cool roof,401310.0,1.0,2.491839226533104e-06,1230817770.0,False
3068,+102152+29153,26.18903463533092,91.765152060792,25.891571,Cool roof,401310.0,1.0,2.491839226533104e-06,1231219080.0,False
3069,+102172+29153,26.1890346353979,91.78311836667024,25.886566,Cool roof,401310.0,1.0,2.491839226533104e-06,1231620390.0,False
3070,+102143+29152,26.18813632075848,91.75706722343088,25.88382,Cool roof,401310.0,1.0,2.491839226533104e-06,1232021700.0,False
3071,+102196+29155,26.1908312662446,91.80467793325371,25.882538,Cool roof,401310.0,1.0,2.491839226533104e-06,1232423010.0,False
3072,+102181+29149,26.18544137433595,91.7912032038676,25.882233,Cool roof,401310.0,1.0,2.491839226533104e-06,1232824320.0,False
3073,+102153+29155,26.19083126632126,91.7660503763148,25.879425,Cool roof,401310.0,1.0,2.491839226533104e-06,1233225630.0,False
3074,+102145+29126,26.16478012306472,91.7588638538779,25.87918,Cool roof,401310.0,1.0,2.491839226533104e-06,1233626940.0,False
3075,+102196+29158,26.19352621200897,91.80467793364602,25.877594,Cool roof,401310.0,1.0,2.491839226533104e-06,1234028250.0,False
3076,+102128+29143,26.180051482829608,91.74359249418076,25.87741,Cool roof,401310.0,1.0,2.491839226533104e-06,1234429560.0,False
3077,+102187+29151,26.18723800501953,91.79659309589915,25.876648,Cool roof,401310.0,1.0,2.491839226533104e-06,1234830870.0,False
3078,+102149+29124,26.162983492532582,91.76245711513386,25.87613,Cool roof,401310.0,1.0,2.491839226533104e-06,1235232180.0,False
3079,+102149+29142,26.179153167984108,91.7624571151444,25.875519,Cool roof,401310.0,1.0,2.491839226533104e-06,1235633490.0,False
3080,+102070+29133,26.17106832971672,91.6914902078372,25.874847,Cool roof,401310.0,1.0,2.491839226533104e-06,1236034800.0,False
3081,+102143+29157,26.19262789683668,91.75706722363124,25.871857,Cool roof,401310.0,1.0,2.491839226533104e-06,1236436110.0,False
3082,+102190+29161,26.196221157829328,91.79928804162678,25.87149,Cool roof,401310.0,1.0,2.491839226533104e-06,1236837420.0,False
3083,+102134+29138,26.17555990619255,91.74898238595466,25.871185,Cool roof,401310.0,1.0,2.491839226533104e-06,1237238730.0,False
3084,+102194+29150,26.18633968981388,91.8028813031548,25.86966,Cool roof,401310.0,1.0,2.491839226533104e-06,1237640040.0,False
3085,+102138+29147,26.18364474403046,91.75257564713534,25.8656,Cool roof,401310.0,1.0,2.491839226533104e-06,1238041350.0,False
3086,+102170+29157,26.19262789665069,91.78132173629972,25.86203,Cool roof,401310.0,1.0,2.491839226533104e-06,1238442660.0,False
3087,+102091+29062,26.1072879453504,91.71035482864583,25.85788,Cool roof,401310.0,1.0,2.491839226533104e-06,1238843970.0,False
3088,+102139+29132,26.17017001487489,91.7534739624223,25.855316,Cool roof,401310.0,1.0,2.491839226533104e-06,1239245280.0,False
3089,+102125+29147,26.18364474388289,91.74089754862612,25.855255,Cool roof,401310.0,1.0,2.491839226533104e-06,1239646590.0,False
3090,+102151+29140,26.17735653694333,91.76425374544591,25.850616,Cool roof,401310.0,1.0,2.491839226533104e-06,1240047900.0,False
3091,+102144+29156,26.191729581838857,91.7579655393422,25.84848,Cool roof,401310.0,1.0,2.491839226533104e-06,1240449210.0,False
3092,+102152+29142,26.179153167866847,91.76515206111408,25.838837,Cool roof,401310.0,1.0,2.491839226533104e-06,1240850520.0,False
3093,+102117+29127,26.16567843807604,91.73371102619242,25.838287,Cool roof,401310.0,1.0,2.491839226533104e-06,1241251830.0,False
3094,+102152+29152,26.1881363207154,91.76515206097432,25.838165,Cool roof,401310.0,1.0,2.491839226533104e-06,1241653140.0,False
3095,+102155+29143,26.180051483018406,91.7678470067096,25.837555,Cool roof,401310.0,1.0,2.491839226533104e-06,1242054450.0,False
3096,+102143+29151,26.18723800518872,91.75706722351082,25.837402,Cool roof,401310.0,1.0,2.491839226533104e-06,1242455760.0,False
3097,+102147+29153,26.18903463534352,91.76066048462869,25.831635,Cool roof,401310.0,1.0,2.491839226533104e-06,1242857070.0,False
3098,+102179+29151,26.18723800494903,91.789406573762,25.827972,Cool roof,401310.0,1.0,2.491839226533104e-06,1243258380.0,False
3099,+102196+29149,26.1854413743274,91.80467793336766,25.8266,Cool roof,401310.0,1.0,2.491839226533104e-06,1243659690.0,False
3100,+102141+29149,26.18544137448411,91.7552705928392,25.825226,Cool roof,401310.0,1.0,2.491839226533104e-06,1244061000.0,False
3101,+102139+29149,26.185441374301075,91.75347396241344,25.82306,Cool roof,401310.0,1.0,2.491839226533104e-06,1244462310.0,False
3102,+102142+29154,26.189932950919257,91.75616890766884,25.819733,Cool roof,401310.0,1.0,2.491839226533104e-06,1244863620.0,False
3103,+102100+29127,26.165678438547346,91.71843966636456,25.818573,Cool roof,401310.0,1.0,2.491839226533104e-06,1245264930.0,False
3104,+102197+29155,26.19083126623547,91.80557624878575,25.818512,Cool roof,401310.0,1.0,2.491839226533104e-06,1245666240.0,False
3105,+102149+29123,26.162085177204684,91.7624571151924,25.816895,Cool roof,401310.0,1.0,2.491839226533104e-06,1246067550.0,False
3106,+102179+29161,26.19622115795884,91.78940657376948,25.815582,Cool roof,401310.0,1.0,2.491839226533104e-06,1246468860.0,False
3107,+102128+29149,26.185441374395143,91.74359249418865,25.81076,Cool roof,401310.0,1.0,2.491839226533104e-06,1246870170.0,False
3108,+102142+29132,26.170170014807944,91.75616890802736,25.810577,Cool roof,401310.0,1.0,2.491839226533104e-06,1247271480.0,False
3109,+102180+29150,26.18633968998915,91.79030488944534,25.807892,Cool roof,401310.0,1.0,2.491839226533104e-06,1247672790.0,False
3110,+102140+29148,26.1845430595139,91.75437227750012,25.80606,Cool roof,401310.0,1.0,2.491839226533104e-06,1248074100.0,False
3111,+102137+29148,26.184543059425515,91.75167733168558,25.8013,Cool roof,401310.0,1.0,2.491839226533104e-06,1248475410.0,False
3112,+102175+29153,26.18903463537385,91.78581331302424,25.80069,Cool roof,401310.0,1.0,2.491839226533104e-06,1248876720.0,False
3113,+102140+29149,26.185441374426983,91.75437227751102,25.799438,Cool roof,401310.0,1.0,2.491839226533104e-06,1249278030.0,False
3114,+102171+29153,26.18903463533055,91.78222005111613,25.79538,Cool roof,401310.0,1.0,2.491839226533104e-06,1249679340.0,False
3115,+102094+29113,26.15310202457134,91.71304977452468,25.794128,Cool roof,401310.0,1.0,2.491839226533104e-06,1250080650.0,False
3116,+102141+29151,26.18723800516432,91.75527059330628,25.790985,Cool roof,401310.0,1.0,2.491839226533104e-06,1250481960.0,False
3117,+102142+29158,26.19352621220437,91.7561689077714,25.78946,Cool roof,401310.0,1.0,2.491839226533104e-06,1250883270.0,False
3118,+102156+29143,26.18005148285837,91.76874532201442,25.786346,Cool roof,401310.0,1.0,2.491839226533104e-06,1251284580.0,False
3119,+102138+29155,26.19083126621788,91.7525756470311,25.786163,Cool roof,401310.0,1.0,2.491839226533104e-06,1251685890.0,False
3120,+102173+29161,26.19622115771049,91.78401668188074,25.785706,Cool roof,401310.0,1.0,2.491839226533104e-06,1252087200.0,False
3121,+102201+29155,26.19083126606708,91.80916950980117,25.78476,Cool roof,401310.0,1.0,2.491839226533104e-06,1252488510.0,False
3122,+102148+29123,26.162085177116715,91.761558799767,25.777313,Cool roof,401310.0,1.0,2.491839226533104e-06,1252889820.0,False
3123,+102155+29154,26.18993295098752,91.76784700675906,25.77713,Cool roof,401310.0,1.0,2.491839226533104e-06,1253291130.0,False
3124,+102145+29155,26.19083126616848,91.75886385387363,25.776245,Cool roof,401310.0,1.0,2.491839226533104e-06,1253692440.0,False
3125,+102143+29149,26.185441374392184,91.7570672236094,25.77591,Cool roof,401310.0,1.0,2.491839226533104e-06,1254093750.0,False
3126,+102143+29159,26.194424527022207,91.7570672234344,25.775818,Cool roof,401310.0,1.0,2.491839226533104e-06,1254495060.0,False
3127,+102140+29151,26.18723800514081,91.75437227724444,25.775146,Cool roof,401310.0,1.0,2.491839226533104e-06,1254896370.0,False
3128,+102139+29147,26.183644743895208,91.75347396219954,25.77237,Cool roof,401310.0,1.0,2.491839226533104e-06,1255297680.0,False
3129,+102182+29149,26.185441374306865,91.7921015194071,25.770477,Cool roof,401310.0,1.0,2.491839226533104e-06,1255698990.0,False
3130,+102128+29144,26.180949798030564,91.74359249397745,25.770355,Cool roof,401310.0,1.0,2.491839226533104e-06,1256100300.0,False
3131,+102094+29122,26.16118686161236,91.71304977450424,25.768494,Cool roof,401310.0,1.0,2.491839226533104e-06,1256501610.0,False
3132,+102089+29104,26.145017186607102,91.70855819819587,25.766327,Cool roof,401310.0,1.0,2.491839226533104e-06,1256902920.0,False
3133,+102186+29151,26.18723800504515,91.79569478083768,25.764801,Cool roof,401310.0,1.0,2.491839226533104e-06,1257304230.0,False
3134,+102133+29149,26.18544137447152,91.74808407094656,25.7612,Cool roof,401310.0,1.0,2.491839226533104e-06,1257705540.0,False
3135,+102154+29153,26.18903463525074,91.7669486915896,25.75534,Cool roof,401310.0,1.0,2.491839226533104e-06,1258106850.0,False
3136,+102138+29154,26.189932951072883,91.75257564697768,25.753937,Cool roof,401310.0,1.0,2.491839226533104e-06,1258508160.0,False
3137,+102189+29152,26.18813632067918,91.798389726582,25.753265,Cool roof,401310.0,1.0,2.491839226533104e-06,1258909470.0,False
3138,+102126+29148,26.18454305926434,91.74179586360763,25.752258,Cool roof,401310.0,1.0,2.491839226533104e-06,1259310780.0,False
3139,+102174+29156,26.19172958192664,91.78491499743237,25.751862,Cool roof,401310.0,1.0,2.491839226533104e-06,1259712090.0,False
3140,+102189+29157,26.19262789703415,91.79838972665212,25.75174,Cool roof,401310.0,1.0,2.491839226533104e-06,1260113400.0,False
3141,+102103+29126,26.1647801227464,91.721134612212,25.751373,Cool roof,401310.0,1.0,2.491839226533104e-06,1260514710.0,False
3142,+102127+29150,26.186339689723685,91.74269417883808,25.750824,Cool roof,401310.0,1.0,2.491839226533104e-06,1260916020.0,False
3143,+102138+29152,26.18813632072452,91.75257564703293,25.748718,Cool roof,401310.0,1.0,2.491839226533104e-06,1261317330.0,False
3144,+102145+29152,26.188136320841583,91.75886385383588,25.748291,Cool roof,401310.0,1.0,2.491839226533104e-06,1261718640.0,False
3145,+102102+29125,26.1638818079167,91.72023629654882,25.746643,Cool roof,401310.0,1.0,2.491839226533104e-06,1262119950.0,False
3146,+102201+29154,26.189932951108524,91.80916951007404,25.744354,Cool roof,401310.0,1.0,2.491839226533104e-06,1262521260.0,False
3147,+102139+29148,26.1845430595534,91.75347396231705,25.735992,Cool roof,401310.0,1.0,2.491839226533104e-06,1262922570.0,False
3148,+102187+29150,26.1863396898528,91.79659309585548,25.735321,Cool roof,401310.0,1.0,2.491839226533104e-06,1263323880.0,False
3149,+102138+29149,26.18544137447065,91.752575647068,25.733124,Cool roof,401310.0,1.0,2.491839226533104e-06,1263725190.0,False
3150,+102145+29127,26.16567843815161,91.7588638538978,25.732147,Cool roof,401310.0,1.0,2.491839226533104e-06,1264126500.0,False
3151,+102144+29160,26.19532284323492,91.75796553929244,25.729889,Cool roof,401310.0,1.0,2.491839226533104e-06,1264527810.0,False
3152,+102142+29159,26.194424527084504,91.7561689078586,25.728851,Cool roof,401310.0,1.0,2.491839226533104e-06,1264929120.0,False
3153,+102138+29153,26.189034635381827,91.75257564690295,25.725311,Cool roof,401310.0,1.0,2.491839226533104e-06,1265330430.0,False
3154,+102097+29125,26.163881807799537,91.71574472035569,25.723663,Cool roof,401310.0,1.0,2.491839226533104e-06,1265731740.0,False
3155,+102140+29157,26.19262789672384,91.75437227752349,25.722687,Cool roof,401310.0,1.0,2.491839226533104e-06,1266133050.0,False
3156,+102091+29118,26.15759360092322,91.71035482872728,25.721222,Cool roof,401310.0,1.0,2.491839226533104e-06,1266534360.0,False
3157,+102143+29153,26.189034635150414,91.75706722333076,25.720184,Cool roof,401310.0,1.0,2.491839226533104e-06,1266935670.0,False
3158,+102171+29157,26.192627896740216,91.78222005128048,25.717987,Cool roof,401310.0,1.0,2.491839226533104e-06,1267336980.0,False
3159,+102158+29142,26.179153167746616,91.7705419530928,25.707367,Cool roof,401310.0,1.0,2.491839226533104e-06,1267738290.0,False
3160,+102184+29160,26.195322843312617,91.79389814965252,25.705353,Cool roof,401310.0,1.0,2.491839226533104e-06,1268139600.0,False
3161,+102204+29155,26.190831266276565,91.81186445585278,25.702911,Cool roof,401310.0,1.0,2.491839226533104e-06,1268540910.0,False
3162,+102189+29162,26.19711947288592,91.79838972669404,25.702118,Cool roof,401310.0,1.0,2.491839226533104e-06,1268942220.0,False
3163,+102190+29162,26.19711947292996,91.79928804175832,25.700409,Cool roof,401310.0,1.0,2.491839226533104e-06,1269343530.0,False
3164,+102190+29156,26.19172958186308,91.79928804172437,25.69516,Cool roof,401310.0,1.0,2.491839226533104e-06,1269744840.0,False
3165,+102146+29155,26.190831266151143,91.7597621692214,25.692596,Cool roof,401310.0,1.0,2.491839226533104e-06,1270146150.0,False
3166,+102138+29156,26.191729581856816,91.75257564706295,25.68753,Cool roof,401310.0,1.0,2.491839226533104e-06,1270547460.0,False
3167,+102143+29150,26.186339689839844,91.75706722334436,25.67978,Cool roof,401310.0,1.0,2.491839226533104e-06,1270948770.0,False
3168,+102174+29160,26.19532284334064,91.78491499710556,25.678772,Cool roof,401310.0,1.0,2.491839226533104e-06,1271350080.0,False
3169,+102129+29150,26.18633968969533,91.74449080915092,25.678741,Cool roof,401310.0,1.0,2.491839226533104e-06,1271751390.0,False
3170,+102206+29156,26.19172958180464,91.81366108641518,25.678314,Cool roof,401310.0,1.0,2.491839226533104e-06,1272152700.0,False
3171,+102144+29154,26.18993295107305,91.7579655391334,25.674835,Cool roof,401310.0,1.0,2.491839226533104e-06,1272554010.0,False
3172,+102192+29156,26.191729581845856,91.80108467209178,25.674591,Cool roof,401310.0,1.0,2.491839226533104e-06,1272955320.0,False
3173,+102138+29150,26.186339689820294,91.75257564677626,25.6698,Cool roof,401310.0,1.0,2.491839226533104e-06,1273356630.0,False
3174,+102108+29128,26.166576753793027,91.72562618853964,25.664093,Cool roof,401310.0,1.0,2.491839226533104e-06,1273757940.0,False
3175,+102102+29126,26.164780122819327,91.7202362964052,25.662994,Cool roof,401310.0,1.0,2.491839226533104e-06,1274159250.0,False
3176,+102184+29161,26.19622115779081,91.7938981498388,25.662018,Cool roof,401310.0,1.0,2.491839226533104e-06,1274560560.0,False
3177,+102142+29149,26.18544137447245,91.75616890787056,25.660614,Cool roof,401310.0,1.0,2.491839226533104e-06,1274961870.0,False
3178,+102130+29135,26.172864960375296,91.74538912513752,25.659302,Cool roof,401310.0,1.0,2.491839226533104e-06,1275363180.0,False
3179,+102091+29063,26.10818626020533,91.71035482877156,25.659119,Cool roof,401310.0,1.0,2.491839226533104e-06,1275764490.0,False
3180,+102144+29159,26.194424527075025,91.75796553893947,25.657715,Cool roof,401310.0,1.0,2.491839226533104e-06,1276165800.0,False
3181,+102101+29125,26.163881807893247,91.7193379815744,25.652466,Cool roof,401310.0,1.0,2.491839226533104e-06,1276567110.0,False
3182,+102185+29150,26.186339689818745,91.79479646527612,25.652313,Cool roof,401310.0,1.0,2.491839226533104e-06,1276968420.0,False
3183,+102189+29160,26.19532284334233,91.79838972670774,25.644562,Cool roof,401310.0,1.0,2.491839226533104e-06,1277369730.0,False
3184,+102178+29159,26.194424527107603,91.7885082583004,25.643372,Cool roof,401310.0,1.0,2.491839226533104e-06,1277771040.0,False
3185,+102195+29154,26.18993295100585,91.80377961833524,25.643127,Cool roof,401310.0,1.0,2.491839226533104e-06,1278172350.0,False
3186,+102183+29149,26.18544137439132,91.79299983538556,25.642548,Cool roof,401310.0,1.0,2.491839226533104e-06,1278573660.0,False
3187,+102192+29164,26.19891610380513,91.8010846719355,25.641876,Cool roof,401310.0,1.0,2.491839226533104e-06,1278974970.0,False
3188,+102146+29123,26.162085177266853,91.75976216936044,25.639618,Cool roof,401310.0,1.0,2.491839226533104e-06,1279376280.0,False
3189,+102142+29152,26.18813632088783,91.7561689077205,25.638397,Cool roof,401310.0,1.0,2.491839226533104e-06,1279777590.0,False
3190,+102188+29153,26.18903463523287,91.7974914111134,25.638336,Cool roof,401310.0,1.0,2.491839226533104e-06,1280178900.0,False
3191,+102138+29151,26.187238005070807,91.75257564691536,25.62387,Cool roof,401310.0,1.0,2.491839226533104e-06,1280580210.0,False
3192,+102156+29163,26.19801778881486,91.7687453222816,25.622284,Cool roof,401310.0,1.0,2.491839226533104e-06,1280981520.0,False
3193,+102101+29130,26.168373384059727,91.7193379812395,25.617828,Cool roof,401310.0,1.0,2.491839226533104e-06,1281382830.0,False
3194,+102182+29153,26.189034635424644,91.79210151967736,25.616272,Cool roof,401310.0,1.0,2.491839226533104e-06,1281784140.0,False
3195,+102185+29151,26.187238005184472,91.79479646526376,25.615448,Cool roof,401310.0,1.0,2.491839226533104e-06,1282185450.0,False
3196,+102105+29127,26.16567843824818,91.72293124257054,25.613373,Cool roof,401310.0,1.0,2.491839226533104e-06,1282586760.0,False
3197,+102101+29127,26.165678438413845,91.71933798166437,25.596039,Cool roof,401310.0,1.0,2.491839226533104e-06,1282988070.0,False
3198,+102203+29157,26.19262789682099,91.81096614062692,25.593811,Cool roof,401310.0,1.0,2.491839226533104e-06,1283389380.0,False
3199,+102186+29150,26.18633968987008,91.79569478093464,25.581757,Cool roof,401310.0,1.0,2.491839226533104e-06,1283790690.0,False
3200,+102103+29125,26.163881807867607,91.72113461221986,25.581696,Cool roof,401310.0,1.0,2.491839226533104e-06,1284192000.0,False
3201,+102130+29150,26.18633968976029,91.74538912503807,25.579865,Cool roof,401310.0,1.0,2.491839226533104e-06,1284593310.0,False
3202,+102126+29149,26.18544137461265,91.74179586368284,25.578613,Cool roof,401310.0,1.0,2.491839226533104e-06,1284994620.0,False
3203,+102142+29151,26.187238005119752,91.75616890771556,25.577179,Cool roof,401310.0,1.0,2.491839226533104e-06,1285395930.0,False
3204,+102163+29129,26.16747506850626,91.77503352948564,25.57602,Cool roof,401310.0,1.0,2.491839226533104e-06,1285797240.0,False
3205,+102188+29154,26.1899329511946,91.79749141126716,25.575623,Cool roof,401310.0,1.0,2.491839226533104e-06,1286198550.0,False
3206,+102146+29153,26.189034635397256,91.75976216930924,25.56485,Cool roof,401310.0,1.0,2.491839226533104e-06,1286599860.0,False
3207,+102141+29152,26.18813632076716,91.75527059339586,25.555145,Cool roof,401310.0,1.0,2.491839226533104e-06,1287001170.0,False
3208,+102147+29123,26.16208517713749,91.76066048482404,25.554932,Cool roof,401310.0,1.0,2.491839226533104e-06,1287402480.0,False
3209,+102140+29152,26.188136320760368,91.75437227719247,25.554016,Cool roof,401310.0,1.0,2.491839226533104e-06,1287803790.0,False
3210,+102137+29149,26.18544137438983,91.75167733172664,25.550568,Cool roof,401310.0,1.0,2.491839226533104e-06,1288205100.0,False
3211,+102203+29155,26.19083126621386,91.810966140401,25.546753,Cool roof,401310.0,1.0,2.491839226533104e-06,1288606410.0,False
3212,+102132+29136,26.17376327607916,91.74718575550834,25.545746,Cool roof,401310.0,1.0,2.491839226533104e-06,1289007720.0,False
3213,+102131+29151,26.187238004950764,91.74628744010332,25.54544,Cool roof,401310.0,1.0,2.491839226533104e-06,1289409030.0,False
3214,+102202+29155,26.19083126608345,91.8100678255692,25.545197,Cool roof,401310.0,1.0,2.491839226533104e-06,1289810340.0,False
3215,+102134+29149,26.18544137446302,91.74898238592368,25.545135,Cool roof,401310.0,1.0,2.491839226533104e-06,1290211650.0,False
3216,+102135+29149,26.185441374385928,91.74988070115396,25.54425,Cool roof,401310.0,1.0,2.491839226533104e-06,1290612960.0,False
3217,+102146+29157,26.19262789670877,91.75976216928112,25.544037,Cool roof,401310.0,1.0,2.491839226533104e-06,1291014270.0,False
3218,+102101+29124,26.16298349254419,91.71933798159836,25.543121,Cool roof,401310.0,1.0,2.491839226533104e-06,1291415580.0,False
3219,+102127+29149,26.185441374538208,91.7426941788717,25.54242,Cool roof,401310.0,1.0,2.491839226533104e-06,1291816890.0,False
3220,+102198+29155,26.190831266340385,91.8064745639068,25.537323,Cool roof,401310.0,1.0,2.491839226533104e-06,1292218200.0,False
3221,+102144+29129,26.16747506870275,91.75796553891682,25.535187,Cool roof,401310.0,1.0,2.491839226533104e-06,1292619510.0,False
3222,+102131+29150,26.18633968993896,91.74628744004823,25.531006,Cool roof,401310.0,1.0,2.491839226533104e-06,1293020820.0,False
3223,+102143+29158,26.19352621215861,91.7570672236558,25.530151,Cool roof,401310.0,1.0,2.491839226533104e-06,1293422130.0,False
3224,+102136+29149,26.185441374240227,91.75077901653968,25.52832,Cool roof,401310.0,1.0,2.491839226533104e-06,1293823440.0,False
3225,+102140+29126,26.164780123037865,91.75437227762002,25.527771,Cool roof,401310.0,1.0,2.491839226533104e-06,1294224750.0,False
3226,+102185+29160,26.19532284334289,91.79479646556268,25.527435,Cool roof,401310.0,1.0,2.491839226533104e-06,1294626060.0,False
3227,+102196+29154,26.189932950889244,91.80467793333172,25.523438,Cool roof,401310.0,1.0,2.491839226533104e-06,1295027370.0,False
3228,+102186+29149,26.18544137441392,91.79569478079516,25.521515,Cool roof,401310.0,1.0,2.491839226533104e-06,1295428680.0,False
3229,+102192+29154,26.189932950947977,91.80108467248787,25.520172,Cool roof,401310.0,1.0,2.491839226533104e-06,1295829990.0,False
3230,+102097+29132,26.17017001493216,91.71574472029027,25.51886,Cool roof,401310.0,1.0,2.491839226533104e-06,1296231300.0,False
3231,+102141+29158,26.1935262121833,91.75527059304576,25.518341,Cool roof,401310.0,1.0,2.491839226533104e-06,1296632610.0,False
3232,+102190+29151,26.18723800507756,91.79928804179993,25.514313,Cool roof,401310.0,1.0,2.491839226533104e-06,1297033920.0,False
3233,+102191+29163,26.198017788769423,91.80018635725274,25.51419,Cool roof,401310.0,1.0,2.491839226533104e-06,1297435230.0,False
3234,+102189+29153,26.18903463523597,91.79838972666158,25.513702,Cool roof,401310.0,1.0,2.491839226533104e-06,1297836540.0,False
3235,+102192+29150,26.18633968964804,91.80108467226287,25.51236,Cool roof,401310.0,1.0,2.491839226533104e-06,1298237850.0,False
3236,+102183+29159,26.19442452718724,91.792999835208,25.508179,Cool roof,401310.0,1.0,2.491839226533104e-06,1298639160.0,False
3237,+102104+29114,26.154000339594944,91.72203292722035,25.5065,Cool roof,401310.0,1.0,2.491839226533104e-06,1299040470.0,False
3238,+102181+29150,26.18633968983747,91.79120320375532,25.506317,Cool roof,401310.0,1.0,2.491839226533104e-06,1299441780.0,False
3239,+102101+29126,26.16478012281936,91.71933798174707,25.506012,Cool roof,401310.0,1.0,2.491839226533104e-06,1299843090.0,False
3240,+102149+29159,26.194424527064022,91.76245711518952,25.503265,Cool roof,401310.0,1.0,2.491839226533104e-06,1300244400.0,False
3241,+102187+29152,26.18813632095262,91.79659309593256,25.503021,Cool roof,401310.0,1.0,2.491839226533104e-06,1300645710.0,False
3242,+102185+29163,26.19801778886685,91.7947964651624,25.502716,Cool roof,401310.0,1.0,2.491839226533104e-06,1301047020.0,False
3243,+102144+29153,26.18903463530036,91.75796553933816,25.500977,Cool roof,401310.0,1.0,2.491839226533104e-06,1301448330.0,False
3244,+102104+29126,26.164780122782933,91.72203292748998,25.500275,Cool roof,401310.0,1.0,2.491839226533104e-06,1301849640.0,False
3245,+102142+29150,26.186339689936293,91.75616890791616,25.499054,Cool roof,401310.0,1.0,2.491839226533104e-06,1302250950.0,False
3246,+102145+29160,26.19532284338668,91.7588638536144,25.498627,Cool roof,401310.0,1.0,2.491839226533104e-06,1302652260.0,False
3247,+102190+29163,26.198017788799675,91.79928804187982,25.497253,Cool roof,401310.0,1.0,2.491839226533104e-06,1303053570.0,False
3248,+102162+29128,26.166576753829787,91.77413521350503,25.496246,Cool roof,401310.0,1.0,2.491839226533104e-06,1303454880.0,False
3249,+102175+29157,26.192627896607444,91.78581331274874,25.488922,Cool roof,401310.0,1.0,2.491839226533104e-06,1303856190.0,False
3250,+102179+29158,26.19352621188417,91.789406573513,25.488434,Cool roof,401310.0,1.0,2.491839226533104e-06,1304257500.0,False
3251,+102139+29157,26.19262789673364,91.75347396219638,25.487518,Cool roof,401310.0,1.0,2.491839226533104e-06,1304658810.0,False
3252,+102111+29126,26.16478012282625,91.728321134286,25.487305,Cool roof,401310.0,1.0,2.491839226533104e-06,1305060120.0,False
3253,+102186+29160,26.19532284330653,91.79569478083332,25.485168,Cool roof,401310.0,1.0,2.491839226533104e-06,1305461430.0,False
3254,+102183+29153,26.18903463547173,91.79299983531638,25.484558,Cool roof,401310.0,1.0,2.491839226533104e-06,1305862740.0,False
3255,+102144+29157,26.19262789673993,91.75796553907767,25.478546,Cool roof,401310.0,1.0,2.491839226533104e-06,1306264050.0,False
3256,+102187+29160,26.19532284320335,91.79659309581724,25.470856,Cool roof,401310.0,1.0,2.491839226533104e-06,1306665360.0,False
3257,+102181+29153,26.1890346353093,91.79120320379964,25.46994,Cool roof,401310.0,1.0,2.491839226533104e-06,1307066670.0,False
3258,+102188+29160,26.19532284321528,91.79749141129356,25.469177,Cool roof,401310.0,1.0,2.491839226533104e-06,1307467980.0,False
3259,+102132+29150,26.18633969004918,91.74718575521176,25.469147,Cool roof,401310.0,1.0,2.491839226533104e-06,1307869290.0,False
3260,+102130+29151,26.187238005154505,91.74538912495186,25.464996,Cool roof,401310.0,1.0,2.491839226533104e-06,1308270600.0,False
3261,+102148+29158,26.19352621183329,91.76155879991796,25.464691,Cool roof,401310.0,1.0,2.491839226533104e-06,1308671910.0,False
3262,+102134+29150,26.18633968951867,91.74898238597254,25.461853,Cool roof,401310.0,1.0,2.491839226533104e-06,1309073220.0,False
3263,+102190+29157,26.19262789693681,91.79928804167932,25.457947,Cool roof,401310.0,1.0,2.491839226533104e-06,1309474530.0,False
3264,+102114+29127,26.165678438460223,91.73101608042012,25.457245,Cool roof,401310.0,1.0,2.491839226533104e-06,1309875840.0,False
3265,+102114+29129,26.16747506881561,91.7310160803188,25.455414,Cool roof,401310.0,1.0,2.491839226533104e-06,1310277150.0,False
3266,+102177+29158,26.193526212007065,91.78760994319062,25.442657,Cool roof,401310.0,1.0,2.491839226533104e-06,1310678460.0,False
3267,+102137+29155,26.19083126624076,91.75167733174486,25.43039,Cool roof,401310.0,1.0,2.491839226533104e-06,1311079770.0,False
3268,+102184+29163,26.198017788681675,91.79389814995216,25.41986,Cool roof,401310.0,1.0,2.491839226533104e-06,1311481080.0,False
3269,+102145+29154,26.18993295095732,91.75886385395646,25.41919,Cool roof,401310.0,1.0,2.491839226533104e-06,1311882390.0,False
3270,+102096+29132,26.17017001471645,91.71484640529332,25.415314,Cool roof,401310.0,1.0,2.491839226533104e-06,1312283700.0,False
3271,+102162+29129,26.167475068611164,91.77413521376636,25.412567,Cool roof,401310.0,1.0,2.491839226533104e-06,1312685010.0,False
3272,+102198+29157,26.192627896826767,91.8064745638412,25.410004,Cool roof,401310.0,1.0,2.491839226533104e-06,1313086320.0,False
3273,+102209+29156,26.191729582075297,91.81635603214214,25.406555,Cool roof,401310.0,1.0,2.491839226533104e-06,1313487630.0,False
3274,+102189+29154,26.18993295118916,91.79838972650492,25.405853,Cool roof,401310.0,1.0,2.491839226533104e-06,1313888940.0,False
3275,+102175+29156,26.19172958193971,91.785813312894,25.402313,Cool roof,401310.0,1.0,2.491839226533104e-06,1314290250.0,False
3276,+102123+29147,26.18364474379192,91.73910091783542,25.402191,Cool roof,401310.0,1.0,2.491839226533104e-06,1314691560.0,False
3277,+102193+29154,26.18993295103504,91.8019829876616,25.400848,Cool roof,401310.0,1.0,2.491839226533104e-06,1315092870.0,False
3278,+102184+29159,26.194424527111664,91.79389814968084,25.400726,Cool roof,401310.0,1.0,2.491839226533104e-06,1315494180.0,False
3279,+102109+29127,26.16567843837945,91.7265245034712,25.399536,Cool roof,401310.0,1.0,2.491839226533104e-06,1315895490.0,False
3280,+102147+29140,26.177356537043824,91.7606604849681,25.397675,Cool roof,401310.0,1.0,2.491839226533104e-06,1316296800.0,False
3281,+102180+29151,26.187238004855818,91.79030488940631,25.390778,Cool roof,401310.0,1.0,2.491839226533104e-06,1316698110.0,False
3282,+102146+29154,26.18993295095582,91.759762169162,25.390045,Cool roof,401310.0,1.0,2.491839226533104e-06,1317099420.0,False
3283,+102125+29148,26.184543059432755,91.74089754858484,25.387787,Cool roof,401310.0,1.0,2.491839226533104e-06,1317500730.0,False
3284,+102136+29154,26.18993295101606,91.7507790163918,25.375153,Cool roof,401310.0,1.0,2.491839226533104e-06,1317902040.0,False
3285,+102183+29161,26.19622115770295,91.79299983530602,25.374725,Cool roof,401310.0,1.0,2.491839226533104e-06,1318303350.0,False
3286,+102145+29156,26.191729581873048,91.75886385377108,25.370758,Cool roof,401310.0,1.0,2.491839226533104e-06,1318704660.0,False
3287,+102209+29157,26.192627896483664,91.81635603231352,25.369904,Cool roof,401310.0,1.0,2.491839226533104e-06,1319105970.0,False
3288,+102132+29151,26.18723800486089,91.74718575518196,25.36734,Cool roof,401310.0,1.0,2.491839226533104e-06,1319507280.0,False
3289,+102126+29150,26.18633968963521,91.74179586373388,25.360443,Cool roof,401310.0,1.0,2.491839226533104e-06,1319908590.0,False
3290,+102145+29157,26.192627896576,91.7588638538745,25.359985,Cool roof,401310.0,1.0,2.491839226533104e-06,1320309900.0,False
3291,+102129+29151,26.187238005108046,91.74449080937552,25.359283,Cool roof,401310.0,1.0,2.491839226533104e-06,1320711210.0,False
3292,+102144+29139,26.17645822220556,91.75796553896798,25.355682,Cool roof,401310.0,1.0,2.491839226533104e-06,1321112520.0,False
3293,+102190+29152,26.18813632080417,91.79928804157872,25.355316,Cool roof,401310.0,1.0,2.491839226533104e-06,1321513830.0,False
3294,+102128+29151,26.187238004993343,91.74359249392724,25.354218,Cool roof,401310.0,1.0,2.491839226533104e-06,1321915140.0,False
3295,+102187+29153,26.18903463516188,91.79659309572932,25.34793,Cool roof,401310.0,1.0,2.491839226533104e-06,1322316450.0,False
3296,+102151+29162,26.19711947313724,91.76425374571056,25.343231,Cool roof,401310.0,1.0,2.491839226533104e-06,1322717760.0,False
3297,+102185+29159,26.19442452715084,91.7947964654481,25.338745,Cool roof,401310.0,1.0,2.491839226533104e-06,1323119070.0,False
3298,+102179+29159,26.19442452718472,91.78940657368628,25.334137,Cool roof,401310.0,1.0,2.491839226533104e-06,1323520380.0,False
3299,+102142+29153,26.189034635114187,91.75616890770496,25.330627,Cool roof,401310.0,1.0,2.491839226533104e-06,1323921690.0,False
3300,+102188+29162,26.19711947295736,91.79749141121964,25.329987,Cool roof,401310.0,1.0,2.491839226533104e-06,1324323000.0,False
3301,+102194+29154,26.1899329510544,91.8028813031541,25.32724,Cool roof,401310.0,1.0,2.491839226533104e-06,1324724310.0,False
3302,+102187+29162,26.197119472962505,91.79659309590843,25.323578,Cool roof,401310.0,1.0,2.491839226533104e-06,1325125620.0,False
3303,+102195+29158,26.193526211971395,91.8037796183067,25.316711,Cool roof,401310.0,1.0,2.491839226533104e-06,1325526930.0,False
3304,+102186+29152,26.18813632080501,91.79569478095574,25.315582,Cool roof,401310.0,1.0,2.491839226533104e-06,1325928240.0,False
3305,+102186+29153,26.18903463538689,91.79569478106286,25.315216,Cool roof,401310.0,1.0,2.491839226533104e-06,1326329550.0,False
3306,+102185+29161,26.19622115781201,91.79479646544031,25.315094,Cool roof,401310.0,1.0,2.491839226533104e-06,1326730860.0,False
3307,+102180+29160,26.195322843069803,91.79030488918772,25.313446,Cool roof,401310.0,1.0,2.491839226533104e-06,1327132170.0,False
3308,+102149+29155,26.19083126623959,91.76245711502013,25.30542,Cool roof,401310.0,1.0,2.491839226533104e-06,1327533480.0,False
3309,+102191+29154,26.189932950793025,91.8001863570024,25.303741,Cool roof,401310.0,1.0,2.491839226533104e-06,1327934790.0,False
3310,+102190+29160,26.195322843402547,91.7992880414854,25.301605,Cool roof,401310.0,1.0,2.491839226533104e-06,1328336100.0,False
3311,+102152+29139,26.17645822214383,91.76515206100323,25.294312,Cool roof,401310.0,1.0,2.491839226533104e-06,1328737410.0,False
3312,+102194+29158,26.19352621204893,91.8028813030089,25.291779,Cool roof,401310.0,1.0,2.491839226533104e-06,1329138720.0,False
3313,+102147+29155,26.19083126624822,91.76066048459884,25.286102,Cool roof,401310.0,1.0,2.491839226533104e-06,1329540030.0,False
3314,+102151+29158,26.1935262121077,91.76425374552784,25.284576,Cool roof,401310.0,1.0,2.491839226533104e-06,1329941340.0,False
3315,+102133+29137,26.174661590947814,91.74808407052764,25.283783,Cool roof,401310.0,1.0,2.491839226533104e-06,1330342650.0,False
3316,+102097+29124,26.162983492535886,91.71574472024342,25.272186,Cool roof,401310.0,1.0,2.491839226533104e-06,1330743960.0,False
3317,+102146+29156,26.19172958183972,91.75976216926104,25.269836,Cool roof,401310.0,1.0,2.491839226533104e-06,1331145270.0,False
3318,+102150+29159,26.194424527079622,91.76335543055248,25.268463,Cool roof,401310.0,1.0,2.491839226533104e-06,1331546580.0,False
3319,+102135+29151,26.18723800509068,91.7498807015112,25.249115,Cool roof,401310.0,1.0,2.491839226533104e-06,1331947890.0,False
3320,+102106+29127,26.165678438298848,91.72382955815236,25.244232,Cool roof,401310.0,1.0,2.491839226533104e-06,1332349200.0,False
3321,+102190+29158,26.193526212050635,91.79928804162444,25.243225,Cool roof,401310.0,1.0,2.491839226533104e-06,1332750510.0,False
3322,+102100+29125,26.163881807797075,91.71843966632042,25.243195,Cool roof,401310.0,1.0,2.491839226533104e-06,1333151820.0,False
3323,+102180+29161,26.19622115794922,91.79030488925358,25.238739,Cool roof,401310.0,1.0,2.491839226533104e-06,1333553130.0,False
3324,+102190+29153,26.189034635352773,91.7992880417994,25.228973,Cool roof,401310.0,1.0,2.491839226533104e-06,1333954440.0,False
3325,+102148+29154,26.189932950931787,91.76155880001603,25.22879,Cool roof,401310.0,1.0,2.491839226533104e-06,1334355750.0,False
3326,+102137+29154,26.189932951078333,91.75167733183343,25.220398,Cool roof,401310.0,1.0,2.491839226533104e-06,1334757060.0,False
3327,+102151+29159,26.19442452684627,91.7642537455448,25.213959,Cool roof,401310.0,1.0,2.491839226533104e-06,1335158370.0,False
3328,+102176+29157,26.192627896724428,91.78671162748576,25.213776,Cool roof,401310.0,1.0,2.491839226533104e-06,1335559680.0,False
3329,+102194+29151,26.187238005107385,91.80288130305524,25.207794,Cool roof,401310.0,1.0,2.491839226533104e-06,1335960990.0,False
3330,+102107+29127,26.16567843827681,91.72472787305264,25.204681,Cool roof,401310.0,1.0,2.491839226533104e-06,1336362300.0,False
3331,+102205+29155,26.190831266089617,91.81276277092232,25.204498,Cool roof,401310.0,1.0,2.491839226533104e-06,1336763610.0,False
3332,+102192+29165,26.19981441915424,91.8010846720993,25.198547,Cool roof,401310.0,1.0,2.491839226533104e-06,1337164920.0,False
3333,+102204+29154,26.18993295097085,91.8118644557004,25.196411,Cool roof,401310.0,1.0,2.491839226533104e-06,1337566230.0,False
3334,+102185+29157,26.192627896750853,91.79479646518574,25.190765,Cool roof,401310.0,1.0,2.491839226533104e-06,1337967540.0,False
3335,+102191+29169,26.20340768082741,91.8001863572832,25.19046,Cool roof,401310.0,1.0,2.491839226533104e-06,1338368850.0,False
3336,+102192+29163,26.19801778867288,91.80108467198828,25.178894,Cool roof,401310.0,1.0,2.491839226533104e-06,1338770160.0,False
3337,+102120+29144,26.18094979792176,91.7364059719358,25.17752,Cool roof,401310.0,1.0,2.491839226533104e-06,1339171470.0,False
3338,+102194+29153,26.18903463513962,91.80288130305478,25.174469,Cool roof,401310.0,1.0,2.491839226533104e-06,1339572780.0,False
3339,+102155+29162,26.19711947318,91.76784700656448,25.17334,Cool roof,401310.0,1.0,2.491839226533104e-06,1339974090.0,False
3340,+102098+29120,26.159390230782734,91.7166430359921,25.169952,Cool roof,401310.0,1.0,2.491839226533104e-06,1340375400.0,False
3341,+102156+29164,26.19891610379117,91.7687453222476,25.16806,Cool roof,401310.0,1.0,2.491839226533104e-06,1340776710.0,False
3342,+102121+29145,26.18184811346176,91.7373042871731,25.15866,Cool roof,401310.0,1.0,2.491839226533104e-06,1341178020.0,False
3343,+102140+29158,26.19352621209522,91.75437227757202,25.156769,Cool roof,401310.0,1.0,2.491839226533104e-06,1341579330.0,False
3344,+102186+29159,26.194424527123186,91.79569478102738,25.153656,Cool roof,401310.0,1.0,2.491839226533104e-06,1341980640.0,False
3345,+102179+29160,26.195322843069647,91.7894065738471,25.148499,Cool roof,401310.0,1.0,2.491839226533104e-06,1342381950.0,False
3346,+102145+29159,26.194424527061027,91.75886385379629,25.142242,Cool roof,401310.0,1.0,2.491839226533104e-06,1342783260.0,False
3347,+102135+29154,26.1899329510682,91.74988070142956,25.14151,Cool roof,401310.0,1.0,2.491839226533104e-06,1343184570.0,False
3348,+102130+29152,26.18813632076962,91.7453891250683,25.141052,Cool roof,401310.0,1.0,2.491839226533104e-06,1343585880.0,False
3349,+102108+29127,26.165678438364225,91.72562618882866,25.130554,Cool roof,401310.0,1.0,2.491839226533104e-06,1343987190.0,False
3350,+102127+29151,26.187238004992675,91.74269417900643,25.128082,Cool roof,401310.0,1.0,2.491839226533104e-06,1344388500.0,False
3351,+102193+29164,26.198916103816764,91.80198298808486,25.126068,Cool roof,401310.0,1.0,2.491839226533104e-06,1344789810.0,False
3352,+102147+29157,26.192627896774383,91.76066048494296,25.122955,Cool roof,401310.0,1.0,2.491839226533104e-06,1345191120.0,False
3353,+102184+29153,26.18903463545076,91.79389814984036,25.104828,Cool roof,401310.0,1.0,2.491839226533104e-06,1345592430.0,False
3354,+102151+29160,26.195322843443137,91.76425374531712,25.103516,Cool roof,401310.0,1.0,2.491839226533104e-06,1345993740.0,False
3355,+102150+29155,26.190831266133884,91.76335543049105,25.096527,Cool roof,401310.0,1.0,2.491839226533104e-06,1346395050.0,False
3356,+102180+29152,26.18813632085332,91.79030488935526,25.090118,Cool roof,401310.0,1.0,2.491839226533104e-06,1346796360.0,False
3357,+102149+29160,26.19532284332725,91.76245711512784,25.077637,Cool roof,401310.0,1.0,2.491839226533104e-06,1347197670.0,False
3358,+102100+29123,26.162085177230725,91.7184396663834,25.074463,Cool roof,401310.0,1.0,2.491839226533104e-06,1347598980.0,False
3359,+102193+29165,26.199814419158404,91.80198298794068,25.069427,Cool roof,401310.0,1.0,2.491839226533104e-06,1348000290.0,False
3360,+102122+29146,26.182746428616102,91.73820260259032,25.065094,Cool roof,401310.0,1.0,2.491839226533104e-06,1348401600.0,False
3361,+102102+29124,26.162983492409307,91.72023629666316,25.050812,Cool roof,401310.0,1.0,2.491839226533104e-06,1348802910.0,False
3362,+102104+29125,26.16388180792761,91.72203292736228,25.048065,Cool roof,401310.0,1.0,2.491839226533104e-06,1349204220.0,False
3363,+102152+29141,26.178254852013204,91.76515206132122,25.042725,Cool roof,401310.0,1.0,2.491839226533104e-06,1349605530.0,False
3364,+102141+29159,26.194424526898203,91.75527059321612,25.039154,Cool roof,401310.0,1.0,2.491839226533104e-06,1350006840.0,False
3365,+102186+29162,26.197119472901186,91.7956947808641,25.03006,Cool roof,401310.0,1.0,2.491839226533104e-06,1350408150.0,False
3366,+102184+29157,26.1926278965116,91.79389814992948,25.028107,Cool roof,401310.0,1.0,2.491839226533104e-06,1350809460.0,False
3367,+102131+29152,26.18813632091112,91.74628743990957,25.02414,Cool roof,401310.0,1.0,2.491839226533104e-06,1351210770.0,False
3368,+102209+29155,26.19083126612003,91.81635603196472,25.024078,Cool roof,401310.0,1.0,2.491839226533104e-06,1351612080.0,False
3369,+102098+29119,26.15849191617256,91.71664303604604,25.02353,Cool roof,401310.0,1.0,2.491839226533104e-06,1352013390.0,False
3370,+102143+29160,26.19532284319845,91.75706722319232,25.012024,Cool roof,401310.0,1.0,2.491839226533104e-06,1352414700.0,False
3371,+102126+29151,26.18723800510555,91.74179586353522,25.00351,Cool roof,401310.0,1.0,2.491839226533104e-06,1352816010.0,False
3372,+102185+29153,26.189034635543827,91.79479646520632,25.002106,Cool roof,401310.0,1.0,2.491839226533104e-06,1353217320.0,False
3373,+102137+29156,26.191729581715,91.75167733186072,24.991486,Cool roof,401310.0,1.0,2.491839226533104e-06,1353618630.0,False
3374,+102125+29149,26.185441374436373,91.74089754851944,24.984894,Cool roof,401310.0,1.0,2.491839226533104e-06,1354019940.0,False
3375,+102193+29152,26.1881363209514,91.8019829879628,24.976044,Cool roof,401310.0,1.0,2.491839226533104e-06,1354421250.0,False
3376,+102112+29126,26.16478012300992,91.72921944979116,24.966888,Cool roof,401310.0,1.0,2.491839226533104e-06,1354822560.0,False
3377,+102136+29155,26.19083126619609,91.7507790166132,24.942444,Cool roof,401310.0,1.0,2.491839226533104e-06,1355223870.0,False
3378,+102146+29140,26.177356536893367,91.75976216921114,24.938995,Cool roof,401310.0,1.0,2.491839226533104e-06,1355625180.0,False
3379,+102186+29163,26.198017788803806,91.7956947808632,24.918304,Cool roof,401310.0,1.0,2.491839226533104e-06,1356026490.0,False
3380,+102185+29162,26.19711947295515,91.79479646530685,24.915192,Cool roof,401310.0,1.0,2.491839226533104e-06,1356427800.0,False
3381,+102149+29158,26.193526211931,91.76245711500611,24.912842,Cool roof,401310.0,1.0,2.491839226533104e-06,1356829110.0,False
3382,+102098+29125,26.163881807932217,91.71664303572356,24.908112,Cool roof,401310.0,1.0,2.491839226533104e-06,1357230420.0,False
3383,+102105+29126,26.164780122929088,91.72293124233548,24.900177,Cool roof,401310.0,1.0,2.491839226533104e-06,1357631730.0,False
3384,+102153+29161,26.19622115759101,91.76605037637722,24.894043,Cool roof,401310.0,1.0,2.491839226533104e-06,1358033040.0,False
3385,+102147+29156,26.19172958192096,91.76066048478069,24.880463,Cool roof,401310.0,1.0,2.491839226533104e-06,1358434350.0,False
3386,+102182+29152,26.188136320624714,91.79210151945784,24.861542,Cool roof,401310.0,1.0,2.491839226533104e-06,1358835660.0,False
3387,+102191+29162,26.197119473089643,91.80018635721346,24.855316,Cool roof,401310.0,1.0,2.491839226533104e-06,1359236970.0,False
3388,+102174+29161,26.19622115755438,91.78491499721592,24.841217,Cool roof,401310.0,1.0,2.491839226533104e-06,1359638280.0,False
3389,+102105+29114,26.15400033947196,91.72293124248588,24.838593,Cool roof,401310.0,1.0,2.491839226533104e-06,1360039590.0,False
3390,+102098+29123,26.16208517708761,91.71664303565026,24.828522,Cool roof,401310.0,1.0,2.491839226533104e-06,1360440900.0,False
3391,+102155+29164,26.19891610370167,91.76784700690428,24.824066,Cool roof,401310.0,1.0,2.491839226533104e-06,1360842210.0,False
3392,+102184+29158,26.19352621204054,91.79389814992372,24.79538,Cool roof,401310.0,1.0,2.491839226533104e-06,1361243520.0,False
3393,+102156+29162,26.197119473115848,91.76874532229822,24.784515,Cool roof,401310.0,1.0,2.491839226533104e-06,1361644830.0,False
3394,+102150+29158,26.19352621196188,91.76335543067816,24.780304,Cool roof,401310.0,1.0,2.491839226533104e-06,1362046140.0,False
3395,+102152+29159,26.19442452691015,91.76515206112178,24.77771,Cool roof,401310.0,1.0,2.491839226533104e-06,1362447450.0,False
3396,+102097+29123,26.16208517708819,91.71574472032692,24.776123,Cool roof,401310.0,1.0,2.491839226533104e-06,1362848760.0,False
3397,+102117+29126,26.164780123020247,91.73371102613464,24.772858,Cool roof,401310.0,1.0,2.491839226533104e-06,1363250070.0,False
3398,+102139+29158,26.19352621194015,91.75347396232829,24.733582,Cool roof,401310.0,1.0,2.491839226533104e-06,1363651380.0,False
3399,+102185+29158,26.19352621190685,91.7947964653226,24.733398,Cool roof,401310.0,1.0,2.491839226533104e-06,1364052690.0,False
3400,+102154+29161,26.1962211576742,91.7669486915262,24.723816,Cool roof,401310.0,1.0,2.491839226533104e-06,1364454000.0,False
3401,+102145+29161,26.196221157625672,91.75886385363852,24.723602,Cool roof,401310.0,1.0,2.491839226533104e-06,1364855310.0,False
3402,+102194+29165,26.199814418914706,91.80288130297164,24.702148,Cool roof,401310.0,1.0,2.491839226533104e-06,1365256620.0,False
3403,+102180+29163,26.198017788733573,91.79030488934904,24.70111,Cool roof,401310.0,1.0,2.491839226533104e-06,1365657930.0,False
3404,+102154+29156,26.19172958187693,91.76694869155855,24.700592,Cool roof,401310.0,1.0,2.491839226533104e-06,1366059240.0,False
3405,+102138+29157,26.192627896676253,91.75257564707351,24.696228,Cool roof,401310.0,1.0,2.491839226533104e-06,1366460550.0,False
3406,+102146+29162,26.19711947331954,91.75976216931276,24.63913,Cool roof,401310.0,1.0,2.491839226533104e-06,1366861860.0,False
3407,+102192+29168,26.202509364655512,91.80108467208152,24.629425,Cool roof,401310.0,1.0,2.491839226533104e-06,1367263170.0,False
3408,+102151+29157,26.192627896728848,91.7642537454922,24.61264,Cool roof,401310.0,1.0,2.491839226533104e-06,1367664480.0,False
3409,+102150+29157,26.192627896750203,91.7633554305592,24.610779,Cool roof,401310.0,1.0,2.491839226533104e-06,1368065790.0,False
3410,+102150+29161,26.196221157670585,91.76335543069662,24.610779,Cool roof,401310.0,1.0,2.491839226533104e-06,1368467100.0,False
3411,+102103+29124,26.16298349238336,91.72113461219868,24.511383,Cool roof,401310.0,1.0,2.491839226533104e-06,1368868410.0,False
3412,+102207+29155,26.19083126642228,91.81455940189448,24.50766,Cool roof,401310.0,1.0,2.491839226533104e-06,1369269720.0,False
3413,+102184+29167,26.20161104940544,91.79389815004323,24.506561,Cool roof,401310.0,1.0,2.491839226533104e-06,1369671030.0,False
3414,+102150+29162,26.197119473233464,91.76335543051452,24.473328,Cool roof,401310.0,1.0,2.491839226533104e-06,1370072340.0,False
3415,+102148+29163,26.19801778867976,91.76155879970226,24.449097,Cool roof,401310.0,1.0,2.491839226533104e-06,1370473650.0,False
3416,+102146+29161,26.196221157694783,91.75976216916511,24.386139,Cool roof,401310.0,1.0,2.491839226533104e-06,1370874960.0,False
3417,+102142+29160,26.19532284327746,91.7561689079252,24.33664,Cool roof,401310.0,1.0,2.491839226533104e-06,1371276270.0,False
3418,+102148+29162,26.197119473227232,91.76155879996458,24.332611,Cool roof,401310.0,1.0,2.491839226533104e-06,1371677580.0,False
3419,+102124+29149,26.18544137437343,91.73999923328223,24.331024,Cool roof,401310.0,1.0,2.491839226533104e-06,1372078890.0,False
3420,+102101+29123,26.162085177192573,91.71933798159289,24.329437,Cool roof,401310.0,1.0,2.491839226533104e-06,1372480200.0,False
3421,+102125+29150,26.186339689842576,91.7408975484298,24.322418,Cool roof,401310.0,1.0,2.491839226533104e-06,1372881510.0,False
3422,+102148+29157,26.19262789677279,91.76155879985834,24.319855,Cool roof,401310.0,1.0,2.491839226533104e-06,1373282820.0,False
3423,+102150+29156,26.191729581942507,91.76335543042158,24.30722,Cool roof,401310.0,1.0,2.491839226533104e-06,1373684130.0,False
3424,+102135+29155,26.19083126608389,91.74988070128276,24.288788,Cool roof,401310.0,1.0,2.491839226533104e-06,1374085440.0,False
3425,+102147+29162,26.197119473306536,91.7606604847864,24.281097,Cool roof,401310.0,1.0,2.491839226533104e-06,1374486750.0,False
3426,+102149+29157,26.1926278967042,91.7624571150296,24.246307,Cool roof,401310.0,1.0,2.491839226533104e-06,1374888060.0,False
3427,+102106+29126,26.164780123002533,91.72382955823336,24.110992,Cool roof,401310.0,1.0,2.491839226533104e-06,1375289370.0,False
3428,+102149+29162,26.19711947326358,91.76245711517336,24.06842,Cool roof,401310.0,1.0,2.491839226533104e-06,1375690680.0,False
3429,+102155+29161,26.19622115787268,91.76784700670709,24.044281,Cool roof,401310.0,1.0,2.491839226533104e-06,1376091990.0,False
3430,+102157+29162,26.197119473167515,91.7696436375378,24.041168,Cool roof,401310.0,1.0,2.491839226533104e-06,1376493300.0,False
3431,+102113+29126,26.16478012293888,91.7301177648666,24.013153,Cool roof,401310.0,1.0,2.491839226533104e-06,1376894610.0,False
3432,+102130+29153,26.189034635388328,91.7453891249359,23.980988,Cool roof,401310.0,1.0,2.491839226533104e-06,1377295920.0,False
3433,+102151+29156,26.19172958193626,91.76425374566408,23.918427,Cool roof,401310.0,1.0,2.491839226533104e-06,1377697230.0,False
3434,+102158+29163,26.198017788641533,91.77054195308044,23.861237,Cool roof,401310.0,1.0,2.491839226533104e-06,1378098540.0,False
3435,+102147+29161,26.1962211576976,91.76066048494673,23.844513,Cool roof,401310.0,1.0,2.491839226533104e-06,1378499850.0,False
3436,+102135+29156,26.19172958177512,91.7498807013402,22.556488,Cool roof,401310.0,1.0,2.491839226533104e-06,1378901160.0,False
3437,+102034+29092,26.13423740326119,91.65915085723287,30.443085,Tree cover,334425.0,0.8,2.39216565747178e-06,1379235585.0,False
3438,+102046+29078,26.12166098941679,91.66993064092352,30.342438,Tree cover,334425.0,0.8,2.39216565747178e-06,1379570010.0,False
3439,+102031+29093,26.13513571881376,91.65645591185124,30.330841,Tree cover,334425.0,0.8,2.39216565747178e-06,1379904435.0,False
3440,+102046+29077,26.12076267363228,91.66993064102952,30.188995,Tree cover,334425.0,0.8,2.39216565747178e-06,1380238860.0,False
3441,+102036+29083,26.126152565637284,91.66094748779616,30.143951,Tree cover,334425.0,0.8,2.39216565747178e-06,1380573285.0,False
3442,+102046+29076,26.11986435904631,91.66993064109413,30.1073,Tree cover,334425.0,0.8,2.39216565747178e-06,1380907710.0,False
3443,+102037+29083,26.1261525656741,91.66184580307252,30.054718,Tree cover,334425.0,0.8,2.39216565747178e-06,1381242135.0,False
3444,+102027+29094,26.136034034275053,91.65286265070026,30.028687,Tree cover,334425.0,0.8,2.39216565747178e-06,1381576560.0,False
3445,+102067+29065,26.10998289046869,91.6887952621259,30.00827,Tree cover,334425.0,0.8,2.39216565747178e-06,1381910985.0,False
3446,+102034+29091,26.13333908819424,91.6591508572005,29.966766,Tree cover,334425.0,0.8,2.39216565747178e-06,1382245410.0,False
3447,+102029+29094,26.13603403417689,91.65465928138272,29.931,Tree cover,334425.0,0.8,2.39216565747178e-06,1382579835.0,False
3448,+102038+29083,26.12615256563103,91.66274411893532,29.910187,Tree cover,334425.0,0.8,2.39216565747178e-06,1382914260.0,False
3449,+102057+29074,26.118067728645308,91.67981210918586,29.796295,Tree cover,334425.0,0.8,2.39216565747178e-06,1383248685.0,False
3450,+102035+29092,26.13423740332117,91.66004917306552,29.77597,Tree cover,334425.0,0.8,2.39216565747178e-06,1383583110.0,False
3451,+102035+29083,26.126152565520247,91.6600491732014,29.746643,Tree cover,334425.0,0.8,2.39216565747178e-06,1383917535.0,False
3452,+102071+29067,26.11177952120477,91.69238852286205,29.72818,Tree cover,334425.0,0.8,2.39216565747178e-06,1384251960.0,False
3453,+102041+29083,26.1261525657489,91.66543906450644,29.725555,Tree cover,334425.0,0.8,2.39216565747178e-06,1384586385.0,False
3454,+102035+29098,26.13962729496502,91.66004917310842,29.709625,Tree cover,334425.0,0.8,2.39216565747178e-06,1384920810.0,False
3455,+102042+29087,26.12974582692459,91.66633737970996,29.682129,Tree cover,334425.0,0.8,2.39216565747178e-06,1385255235.0,False
3456,+102041+29087,26.129745827060965,91.66543906436704,29.666412,Tree cover,334425.0,0.8,2.39216565747178e-06,1385589660.0,False
3457,+102037+29084,26.12705088101008,91.66184580315996,29.648193,Tree cover,334425.0,0.8,2.39216565747178e-06,1385924085.0,False
3458,+102036+29098,26.13962729491697,91.6609474878182,29.647888,Tree cover,334425.0,0.8,2.39216565747178e-06,1386258510.0,False
3459,+102035+29084,26.12705088110843,91.66004917326164,29.626495,Tree cover,334425.0,0.8,2.39216565747178e-06,1386592935.0,False
3460,+102035+29093,26.135135718654105,91.66004917318251,29.613495,Tree cover,334425.0,0.8,2.39216565747178e-06,1386927360.0,False
3461,+102038+29082,26.12525425099048,91.6627441189039,29.61264,Tree cover,334425.0,0.8,2.39216565747178e-06,1387261785.0,False
3462,+102046+29079,26.12255930495254,91.66993064100193,29.561005,Tree cover,334425.0,0.8,2.39216565747178e-06,1387596210.0,False
3463,+102041+29084,26.127050881128284,91.66543906442234,29.558197,Tree cover,334425.0,0.8,2.39216565747178e-06,1387930635.0,False
3464,+102042+29083,26.1261525657494,91.66633737979332,29.547546,Tree cover,334425.0,0.8,2.39216565747178e-06,1388265060.0,False
3465,+102041+29082,26.125254250848,91.66543906454764,29.53891,Tree cover,334425.0,0.8,2.39216565747178e-06,1388599485.0,False
3466,+102079+29064,26.10908457521157,91.69957504532098,29.519379,Tree cover,334425.0,0.8,2.39216565747178e-06,1388933910.0,False
3467,+102042+29082,26.12525425088285,91.6663373797083,29.508392,Tree cover,334425.0,0.8,2.39216565747178e-06,1389268335.0,False
3468,+102050+29085,26.127949196283527,91.67352390203682,29.504242,Tree cover,334425.0,0.8,2.39216565747178e-06,1389602760.0,False
3469,+102040+29087,26.129745827118004,91.66454074927807,29.457123,Tree cover,334425.0,0.8,2.39216565747178e-06,1389937185.0,False
3470,+102033+29095,26.136932349096288,91.65825254242928,29.454254,Tree cover,334425.0,0.8,2.39216565747178e-06,1390271610.0,False
3471,+102067+29069,26.11357615198613,91.68879526201756,29.444672,Tree cover,334425.0,0.8,2.39216565747178e-06,1390606035.0,False
3472,+102043+29089,26.13154245779884,91.6672356951954,29.438568,Tree cover,334425.0,0.8,2.39216565747178e-06,1390940460.0,False
3473,+102047+29102,26.143220556102605,91.67082895584052,29.399872,Tree cover,334425.0,0.8,2.39216565747178e-06,1391274885.0,False
3474,+102050+29083,26.126152565599025,91.67352390200016,29.396027,Tree cover,334425.0,0.8,2.39216565747178e-06,1391609310.0,False
3475,+102068+29065,26.10998289037333,91.68969357730758,29.38678,Tree cover,334425.0,0.8,2.39216565747178e-06,1391943735.0,False
3476,+102047+29084,26.12705088118304,91.67082895592934,29.356415,Tree cover,334425.0,0.8,2.39216565747178e-06,1392278160.0,False
3477,+102049+29078,26.12166098920072,91.67262558721212,29.355103,Tree cover,334425.0,0.8,2.39216565747178e-06,1392612585.0,False
3478,+102073+29072,26.11627109759248,91.69418515351336,29.33664,Tree cover,334425.0,0.8,2.39216565747178e-06,1392947010.0,False
3479,+102046+29083,26.12615256549604,91.66993064112675,29.324188,Tree cover,334425.0,0.8,2.39216565747178e-06,1393281435.0,False
3480,+102041+29088,26.13064414173065,91.66543906433874,29.319,Tree cover,334425.0,0.8,2.39216565747178e-06,1393615860.0,False
3481,+102078+29064,26.109084575286545,91.6986767302471,29.305511,Tree cover,334425.0,0.8,2.39216565747178e-06,1393950285.0,False
3482,+102069+29068,26.11267783639499,91.6905918926637,29.304688,Tree cover,334425.0,0.8,2.39216565747178e-06,1394284710.0,False
3483,+102029+29092,26.134237403239425,91.65465928138164,29.294037,Tree cover,334425.0,0.8,2.39216565747178e-06,1394619135.0,False
3484,+102033+29096,26.137830664359672,91.65825254260784,29.293121,Tree cover,334425.0,0.8,2.39216565747178e-06,1394953560.0,False
3485,+102077+29064,26.109084575277897,91.69777841441396,29.286835,Tree cover,334425.0,0.8,2.39216565747178e-06,1395287985.0,False
3486,+102050+29086,26.12884751200094,91.67352390210728,29.27063,Tree cover,334425.0,0.8,2.39216565747178e-06,1395622410.0,False
3487,+102048+29088,26.130644141785208,91.67172727140544,29.25943,Tree cover,334425.0,0.8,2.39216565747178e-06,1395956835.0,False
3488,+102071+29073,26.117169413088973,91.69238852251738,29.25418,Tree cover,334425.0,0.8,2.39216565747178e-06,1396291260.0,False
3489,+102036+29097,26.138728979747707,91.66094748779108,29.249176,Tree cover,334425.0,0.8,2.39216565747178e-06,1396625685.0,False
3490,+102072+29072,26.116271097577,91.69328683837576,29.244354,Tree cover,334425.0,0.8,2.39216565747178e-06,1396960110.0,False
3491,+102027+29092,26.13423740319093,91.6528626507625,29.24228,Tree cover,334425.0,0.8,2.39216565747178e-06,1397294535.0,False
3492,+102066+29064,26.10908457530918,91.6878969465608,29.230133,Tree cover,334425.0,0.8,2.39216565747178e-06,1397628960.0,False
3493,+102038+29084,26.127050881114013,91.66274411892338,29.207031,Tree cover,334425.0,0.8,2.39216565747178e-06,1397963385.0,False
3494,+102081+29083,26.12615256568756,91.70137167563068,29.207,Tree cover,334425.0,0.8,2.39216565747178e-06,1398297810.0,False
3495,+102065+29069,26.11357615216476,91.68699863128656,29.204285,Tree cover,334425.0,0.8,2.39216565747178e-06,1398632235.0,False
3496,+102040+29088,26.13064414182187,91.66454074912242,29.192902,Tree cover,334425.0,0.8,2.39216565747178e-06,1398966660.0,False
3497,+102033+29094,26.136034034317323,91.65825254243228,29.190887,Tree cover,334425.0,0.8,2.39216565747178e-06,1399301085.0,False
3498,+102043+29078,26.12166098926747,91.66723569491543,29.185516,Tree cover,334425.0,0.8,2.39216565747178e-06,1399635510.0,False
3499,+102054+29077,26.120762673578348,91.67711716309104,29.164825,Tree cover,334425.0,0.8,2.39216565747178e-06,1399969935.0,False
3500,+102032+29101,26.142322240977663,91.65735422687726,29.159943,Tree cover,334425.0,0.8,2.39216565747178e-06,1400304360.0,False
3501,+102036+29099,26.14052561029543,91.66094748802738,29.149384,Tree cover,334425.0,0.8,2.39216565747178e-06,1400638785.0,False
3502,+102037+29099,26.140525610316647,91.66184580332276,29.114655,Tree cover,334425.0,0.8,2.39216565747178e-06,1400973210.0,False
3503,+102047+29088,26.130644141885064,91.67082895596008,29.112335,Tree cover,334425.0,0.8,2.39216565747178e-06,1401307635.0,False
3504,+102067+29068,26.112677836481424,91.68879526187392,29.111664,Tree cover,334425.0,0.8,2.39216565747178e-06,1401642060.0,False
3505,+102070+29068,26.112677836409333,91.69149020768911,29.107086,Tree cover,334425.0,0.8,2.39216565747178e-06,1401976485.0,False
3506,+102035+29091,26.133339088107764,91.6600491731308,29.10431,Tree cover,334425.0,0.8,2.39216565747178e-06,1402310910.0,False
3507,+102066+29069,26.113576152116806,91.68789694658123,29.09262,Tree cover,334425.0,0.8,2.39216565747178e-06,1402645335.0,False
3508,+102047+29086,26.12884751179428,91.67082895580124,29.086395,Tree cover,334425.0,0.8,2.39216565747178e-06,1402979760.0,False
3509,+102070+29061,26.106389629213567,91.69149020782936,29.085632,Tree cover,334425.0,0.8,2.39216565747178e-06,1403314185.0,False
3510,+102070+29066,26.110881206281213,91.69149020768394,29.076843,Tree cover,334425.0,0.8,2.39216565747178e-06,1403648610.0,False
3511,+102046+29088,26.13064414208765,91.66993064097242,29.046844,Tree cover,334425.0,0.8,2.39216565747178e-06,1403983035.0,False
3512,+102033+29101,26.14232224105425,91.65825254238295,29.032928,Tree cover,334425.0,0.8,2.39216565747178e-06,1404317460.0,False
3513,+102057+29075,26.118966043318643,91.679812109219,29.031525,Tree cover,334425.0,0.8,2.39216565747178e-06,1404651885.0,False
3514,+102071+29070,26.114474467315308,91.69238852273816,29.024506,Tree cover,334425.0,0.8,2.39216565747178e-06,1404986310.0,False
3515,+102068+29069,26.11357615195481,91.68969357701354,29.015472,Tree cover,334425.0,0.8,2.39216565747178e-06,1405320735.0,False
3516,+102039+29082,26.125254250902067,91.6636424339671,28.985596,Tree cover,334425.0,0.8,2.39216565747178e-06,1405655160.0,False
3517,+102050+29082,26.12525425081744,91.67352390203376,28.979187,Tree cover,334425.0,0.8,2.39216565747178e-06,1405989585.0,False
3518,+102036+29085,26.12794919617949,91.6609474878998,28.963013,Tree cover,334425.0,0.8,2.39216565747178e-06,1406324010.0,False
3519,+102071+29061,26.10638962916607,91.69238852281843,28.962524,Tree cover,334425.0,0.8,2.39216565747178e-06,1406658435.0,False
3520,+102048+29087,26.12974582698726,91.6717272714452,28.947876,Tree cover,334425.0,0.8,2.39216565747178e-06,1406992860.0,False
3521,+102071+29066,26.11088120645294,91.6923885228314,28.940002,Tree cover,334425.0,0.8,2.39216565747178e-06,1407327285.0,False
3522,+102073+29071,26.11537278233037,91.6941851536404,28.921326,Tree cover,334425.0,0.8,2.39216565747178e-06,1407661710.0,False
3523,+102031+29094,26.13603403431235,91.65645591208651,28.90329,Tree cover,334425.0,0.8,2.39216565747178e-06,1407996135.0,False
3524,+102057+29076,26.11986435928561,91.6798121092132,28.903046,Tree cover,334425.0,0.8,2.39216565747178e-06,1408330560.0,False
3525,+102032+29095,26.13693234898676,91.65735422657342,28.888824,Tree cover,334425.0,0.8,2.39216565747178e-06,1408664985.0,False
3526,+102075+29060,26.105491314308512,91.69598178404078,28.871857,Tree cover,334425.0,0.8,2.39216565747178e-06,1408999410.0,False
3527,+102039+29083,26.1261525656898,91.66364243389889,28.86789,Tree cover,334425.0,0.8,2.39216565747178e-06,1409333835.0,False
3528,+102030+29097,26.138728979934992,91.65555759589142,28.863525,Tree cover,334425.0,0.8,2.39216565747178e-06,1409668260.0,False
3529,+102076+29069,26.113576152004025,91.69688009910396,28.861725,Tree cover,334425.0,0.8,2.39216565747178e-06,1410002685.0,False
3530,+102043+29090,26.132440772543085,91.66723569511196,28.855743,Tree cover,334425.0,0.8,2.39216565747178e-06,1410337110.0,False
3531,+102030+29094,26.13603403419273,91.65555759606734,28.850739,Tree cover,334425.0,0.8,2.39216565747178e-06,1410671535.0,False
3532,+102036+29095,26.13693234895761,91.66094748783205,28.842072,Tree cover,334425.0,0.8,2.39216565747178e-06,1411005960.0,False
3533,+102051+29083,26.126152565606443,91.6744222170923,28.838593,Tree cover,334425.0,0.8,2.39216565747178e-06,1411340385.0,False
3534,+102040+29096,26.13783066470062,91.6645407492724,28.832825,Tree cover,334425.0,0.8,2.39216565747178e-06,1411674810.0,False
3535,+102054+29075,26.118966043555645,91.6771171629876,28.825958,Tree cover,334425.0,0.8,2.39216565747178e-06,1412009235.0,False
3536,+102039+29088,26.130644141833937,91.66364243404205,28.820587,Tree cover,334425.0,0.8,2.39216565747178e-06,1412343660.0,False
3537,+102047+29087,26.12974582687213,91.67082895590134,28.80069,Tree cover,334425.0,0.8,2.39216565747178e-06,1412678085.0,False
3538,+102034+29098,26.139627294935853,91.65915085717816,28.799896,Tree cover,334425.0,0.8,2.39216565747178e-06,1413012510.0,False
3539,+102037+29097,26.13872897983939,91.66184580327848,28.79007,Tree cover,334425.0,0.8,2.39216565747178e-06,1413346935.0,False
3540,+102032+29100,26.14142392571099,91.65735422682503,28.78714,Tree cover,334425.0,0.8,2.39216565747178e-06,1413681360.0,False
3541,+102040+29082,26.125254250915155,91.66454074896356,28.78244,Tree cover,334425.0,0.8,2.39216565747178e-06,1414015785.0,False
3542,+102046+29087,26.129745826677333,91.66993064104082,28.773407,Tree cover,334425.0,0.8,2.39216565747178e-06,1414350210.0,False
3543,+102079+29115,26.154898654971586,91.69957504513434,28.773407,Tree cover,334425.0,0.8,2.39216565747178e-06,1414684635.0,False
3544,+102065+29072,26.116271097536064,91.68699863098117,28.763489,Tree cover,334425.0,0.8,2.39216565747178e-06,1415019060.0,False
3545,+102079+29116,26.155796970168893,91.69957504537516,28.75467,Tree cover,334425.0,0.8,2.39216565747178e-06,1415353485.0,False
3546,+102061+29068,26.112677836208928,91.68340536997114,28.752533,Tree cover,334425.0,0.8,2.39216565747178e-06,1415687910.0,False
3547,+102047+29076,26.119864359061285,91.67082895614796,28.746735,Tree cover,334425.0,0.8,2.39216565747178e-06,1416022335.0,False
3548,+102052+29083,26.12615256553381,91.67532053284602,28.741455,Tree cover,334425.0,0.8,2.39216565747178e-06,1416356760.0,False
3549,+102074+29061,26.1063896292472,91.69508346899796,28.740814,Tree cover,334425.0,0.8,2.39216565747178e-06,1416691185.0,False
3550,+102072+29071,26.1153727822864,91.69328683817496,28.733185,Tree cover,334425.0,0.8,2.39216565747178e-06,1417025610.0,False
3551,+102031+29097,26.13872897994604,91.65645591184618,28.732697,Tree cover,334425.0,0.8,2.39216565747178e-06,1417360035.0,False
3552,+102051+29082,26.12525425085744,91.67442221699989,28.732208,Tree cover,334425.0,0.8,2.39216565747178e-06,1417694460.0,False
3553,+102028+29092,26.1342374032544,91.65376096550668,28.712006,Tree cover,334425.0,0.8,2.39216565747178e-06,1418028885.0,False
3554,+102075+29064,26.10908457537376,91.69598178427132,28.707428,Tree cover,334425.0,0.8,2.39216565747178e-06,1418363310.0,False
3555,+102074+29064,26.109084575478605,91.69508346903557,28.706268,Tree cover,334425.0,0.8,2.39216565747178e-06,1418697735.0,False
3556,+102070+29073,26.11716941312021,91.69149020786148,28.706238,Tree cover,334425.0,0.8,2.39216565747178e-06,1419032160.0,False
3557,+102045+29077,26.120762673569462,91.66903232555906,28.677002,Tree cover,334425.0,0.8,2.39216565747178e-06,1419366585.0,False
3558,+102072+29065,26.109982890250407,91.69328683847988,28.673584,Tree cover,334425.0,0.8,2.39216565747178e-06,1419701010.0,False
3559,+102067+29070,26.114474467143506,91.68879526189862,28.673492,Tree cover,334425.0,0.8,2.39216565747178e-06,1420035435.0,False
3560,+102029+29097,26.13872898002842,91.6546592812702,28.665161,Tree cover,334425.0,0.8,2.39216565747178e-06,1420369860.0,False
3561,+102033+29092,26.134237403122583,91.65825254253151,28.660797,Tree cover,334425.0,0.8,2.39216565747178e-06,1420704285.0,False
3562,+102074+29062,26.10728794538884,91.69508346912106,28.652863,Tree cover,334425.0,0.8,2.39216565747178e-06,1421038710.0,False
3563,+102075+29067,26.111779521308986,91.69598178413348,28.629059,Tree cover,334425.0,0.8,2.39216565747178e-06,1421373135.0,False
3564,+102031+29092,26.13423740315585,91.65645591157104,28.628235,Tree cover,334425.0,0.8,2.39216565747178e-06,1421707560.0,False
3565,+102075+29063,26.10818626007785,91.69598178432268,28.615662,Tree cover,334425.0,0.8,2.39216565747178e-06,1422041985.0,False
3566,+102065+29064,26.10908457539,91.68699863120226,28.610138,Tree cover,334425.0,0.8,2.39216565747178e-06,1422376410.0,False
3567,+102029+29096,26.137830664507927,91.65465928142817,28.609589,Tree cover,334425.0,0.8,2.39216565747178e-06,1422710835.0,False
3568,+102081+29065,26.10998289028309,91.70137167583572,28.608673,Tree cover,334425.0,0.8,2.39216565747178e-06,1423045260.0,False
3569,+102053+29076,26.11986435926249,91.67621884824165,28.60736,Tree cover,334425.0,0.8,2.39216565747178e-06,1423379685.0,False
3570,+102066+29062,26.10728794548283,91.68789694633917,28.604675,Tree cover,334425.0,0.8,2.39216565747178e-06,1423714110.0,False
3571,+102037+29085,26.127949196328217,91.66184580320382,28.600128,Tree cover,334425.0,0.8,2.39216565747178e-06,1424048535.0,False
3572,+102075+29065,26.10998289028383,91.69598178418497,28.591919,Tree cover,334425.0,0.8,2.39216565747178e-06,1424382960.0,False
3573,+102079+29063,26.108186260026784,91.69957504533592,28.590607,Tree cover,334425.0,0.8,2.39216565747178e-06,1424717385.0,False
3574,+102076+29068,26.11267783639456,91.6968800992068,28.582733,Tree cover,334425.0,0.8,2.39216565747178e-06,1425051810.0,False
3575,+102067+29076,26.11986435901525,91.68879526199365,28.580536,Tree cover,334425.0,0.8,2.39216565747178e-06,1425386235.0,False
3576,+102080+29063,26.108186260077872,91.70047336030122,28.580261,Tree cover,334425.0,0.8,2.39216565747178e-06,1425720660.0,False
3577,+102046+29085,26.127949196262843,91.66993064128005,28.565826,Tree cover,334425.0,0.8,2.39216565747178e-06,1426055085.0,False
3578,+102070+29072,26.116271097664296,91.69149020771852,28.563812,Tree cover,334425.0,0.8,2.39216565747178e-06,1426389510.0,False
3579,+102058+29075,26.1189660433798,91.68071042420728,28.553864,Tree cover,334425.0,0.8,2.39216565747178e-06,1426723935.0,False
3580,+102039+29087,26.129745827095537,91.6636424338735,28.550629,Tree cover,334425.0,0.8,2.39216565747178e-06,1427058360.0,False
3581,+102070+29070,26.11447446744156,91.69149020777591,28.545258,Tree cover,334425.0,0.8,2.39216565747178e-06,1427392785.0,False
3582,+102040+29090,26.132440772713988,91.66454074913425,28.544586,Tree cover,334425.0,0.8,2.39216565747178e-06,1427727210.0,False
3583,+102040+29086,26.12884751180323,91.66454074916513,28.542511,Tree cover,334425.0,0.8,2.39216565747178e-06,1428061635.0,False
3584,+102046+29113,26.15310202457632,91.66993064090867,28.540924,Tree cover,334425.0,0.8,2.39216565747178e-06,1428396060.0,False
3585,+102057+29077,26.120762673515184,91.6798121091684,28.532806,Tree cover,334425.0,0.8,2.39216565747178e-06,1428730485.0,False
3586,+102065+29075,26.11896604334402,91.68699863101855,28.53247,Tree cover,334425.0,0.8,2.39216565747178e-06,1429064910.0,False
3587,+102035+29085,26.127949196133105,91.66004917305176,28.52945,Tree cover,334425.0,0.8,2.39216565747178e-06,1429399335.0,False
3588,+102029+29095,26.13693234910037,91.6546592813151,28.526917,Tree cover,334425.0,0.8,2.39216565747178e-06,1429733760.0,False
3589,+102046+29084,26.127050881070254,91.669930641224,28.512695,Tree cover,334425.0,0.8,2.39216565747178e-06,1430068185.0,False
3590,+102080+29065,26.10998289037044,91.70047336048204,28.48642,Tree cover,334425.0,0.8,2.39216565747178e-06,1430402610.0,False
3591,+102056+29076,26.1198643593564,91.67891379365848,28.470673,Tree cover,334425.0,0.8,2.39216565747178e-06,1430737035.0,False
3592,+102066+29071,26.11537278229571,91.68789694673715,28.46994,Tree cover,334425.0,0.8,2.39216565747178e-06,1431071460.0,False
3593,+102045+29087,26.12974582676713,91.66903232588976,28.461884,Tree cover,334425.0,0.8,2.39216565747178e-06,1431405885.0,False
3594,+102037+29098,26.139627294973582,91.66184580343536,28.458038,Tree cover,334425.0,0.8,2.39216565747178e-06,1431740310.0,False
3595,+102069+29065,26.10998289037663,91.69059189240504,28.455017,Tree cover,334425.0,0.8,2.39216565747178e-06,1432074735.0,False
3596,+102068+29070,26.11447446708247,91.68969357701792,28.447235,Tree cover,334425.0,0.8,2.39216565747178e-06,1432409160.0,False
3597,+102031+29096,26.13783066431645,91.65645591197116,28.438995,Tree cover,334425.0,0.8,2.39216565747178e-06,1432743585.0,False
3598,+102034+29090,26.13244077256456,91.6591508573497,28.43637,Tree cover,334425.0,0.8,2.39216565747178e-06,1433078010.0,False
3599,+102039+29094,26.136034034277053,91.66364243415042,28.432465,Tree cover,334425.0,0.8,2.39216565747178e-06,1433412435.0,False
3600,+102059+29075,26.118966043359453,91.68160873978542,28.417114,Tree cover,334425.0,0.8,2.39216565747178e-06,1433746860.0,False
3601,+102041+29091,26.133339088302936,91.66543906445024,28.4122,Tree cover,334425.0,0.8,2.39216565747178e-06,1434081285.0,False
3602,+102075+29059,26.104592998545524,91.69598178395196,28.402985,Tree cover,334425.0,0.8,2.39216565747178e-06,1434415710.0,False
3603,+102052+29078,26.12166098934786,91.67532053293128,28.388641,Tree cover,334425.0,0.8,2.39216565747178e-06,1434750135.0,False
3604,+102074+29060,26.105491314300128,91.69508346884008,28.38797,Tree cover,334425.0,0.8,2.39216565747178e-06,1435084560.0,False
3605,+102040+29083,26.126152565668352,91.66454074902136,28.385345,Tree cover,334425.0,0.8,2.39216565747178e-06,1435418985.0,False
3606,+102039+29095,26.13693234902696,91.66364243379198,28.38498,Tree cover,334425.0,0.8,2.39216565747178e-06,1435753410.0,False
3607,+102046+29101,26.1423222406953,91.66993064104992,28.382843,Tree cover,334425.0,0.8,2.39216565747178e-06,1436087835.0,False
3608,+102070+29071,26.115372782133097,91.69149020753946,28.382599,Tree cover,334425.0,0.8,2.39216565747178e-06,1436422260.0,False
3609,+102038+29094,26.13603403423652,91.66274411868596,28.371826,Tree cover,334425.0,0.8,2.39216565747178e-06,1436756685.0,False
3610,+102075+29066,26.11088120612557,91.69598178428964,28.371246,Tree cover,334425.0,0.8,2.39216565747178e-06,1437091110.0,False
3611,+102058+29076,26.11986435913336,91.68071042410008,28.361938,Tree cover,334425.0,0.8,2.39216565747178e-06,1437425535.0,False
3612,+102056+29075,26.11896604317568,91.67891379356313,28.346832,Tree cover,334425.0,0.8,2.39216565747178e-06,1437759960.0,False
3613,+102054+29076,26.119864359253885,91.67711716305924,28.342438,Tree cover,334425.0,0.8,2.39216565747178e-06,1438094385.0,False
3614,+102078+29065,26.10998289029484,91.6986767303018,28.321991,Tree cover,334425.0,0.8,2.39216565747178e-06,1438428810.0,False
3615,+102074+29058,26.103694684197755,91.69508346909588,28.307709,Tree cover,334425.0,0.8,2.39216565747178e-06,1438763235.0,False
3616,+102066+29070,26.114474467122005,91.6878969465648,28.306122,Tree cover,334425.0,0.8,2.39216565747178e-06,1439097660.0,False
3617,+102079+29065,26.109982890374354,91.6995750452719,28.302032,Tree cover,334425.0,0.8,2.39216565747178e-06,1439432085.0,False
3618,+102042+29089,26.131542457718616,91.66633737986592,28.278687,Tree cover,334425.0,0.8,2.39216565747178e-06,1439766510.0,False
3619,+102066+29063,26.108186259934502,91.6878969465814,28.267975,Tree cover,334425.0,0.8,2.39216565747178e-06,1440100935.0,False
3620,+102055+29075,26.11896604331537,91.67801547849712,28.259674,Tree cover,334425.0,0.8,2.39216565747178e-06,1440435360.0,False
3621,+102070+29065,26.10998289029649,91.69149020774012,28.254517,Tree cover,334425.0,0.8,2.39216565747178e-06,1440769785.0,False
3622,+102039+29084,26.12705088095585,91.66364243378752,28.253723,Tree cover,334425.0,0.8,2.39216565747178e-06,1441104210.0,False
3623,+102036+29086,26.12884751200805,91.66094748799922,28.242584,Tree cover,334425.0,0.8,2.39216565747178e-06,1441438635.0,False
3624,+102064+29073,26.117169413043264,91.68610031607903,28.239716,Tree cover,334425.0,0.8,2.39216565747178e-06,1441773060.0,False
3625,+102043+29098,26.13962729496018,91.66723569518643,28.237091,Tree cover,334425.0,0.8,2.39216565747178e-06,1442107485.0,False
3626,+102038+29099,26.14052561026084,91.66274411875293,28.235138,Tree cover,334425.0,0.8,2.39216565747178e-06,1442441910.0,False
3627,+102047+29101,26.142322240787337,91.67082895590734,28.233429,Tree cover,334425.0,0.8,2.39216565747178e-06,1442776335.0,False
3628,+102069+29072,26.11627109740226,91.69059189265054,28.229645,Tree cover,334425.0,0.8,2.39216565747178e-06,1443110760.0,False
3629,+102042+29084,26.12705088109443,91.66633737983608,28.227844,Tree cover,334425.0,0.8,2.39216565747178e-06,1443445185.0,False
3630,+102076+29065,26.109982890249498,91.69688009908162,28.225098,Tree cover,334425.0,0.8,2.39216565747178e-06,1443779610.0,False
3631,+102040+29084,26.12705088108208,91.66454074926273,28.211395,Tree cover,334425.0,0.8,2.39216565747178e-06,1444114035.0,False
3632,+102038+29088,26.130644141948896,91.66274411889532,28.207733,Tree cover,334425.0,0.8,2.39216565747178e-06,1444448460.0,False
3633,+102067+29071,26.11537278246972,91.68879526196874,28.184662,Tree cover,334425.0,0.8,2.39216565747178e-06,1444782885.0,False
3634,+102039+29081,26.12435593509542,91.66364243376628,28.181976,Tree cover,334425.0,0.8,2.39216565747178e-06,1445117310.0,False
3635,+102077+29065,26.10998289013189,91.69777841457204,28.178986,Tree cover,334425.0,0.8,2.39216565747178e-06,1445451735.0,False
3636,+102078+29088,26.13064414179461,91.69867672998618,28.172028,Tree cover,334425.0,0.8,2.39216565747178e-06,1445786160.0,False
3637,+102045+29082,26.125254250868785,91.66903232579324,28.157562,Tree cover,334425.0,0.8,2.39216565747178e-06,1446120585.0,False
3638,+102059+29074,26.118067728566544,91.6816087397292,28.150146,Tree cover,334425.0,0.8,2.39216565747178e-06,1446455010.0,False
3639,+102032+29091,26.133339088131137,91.6573542268346,28.145721,Tree cover,334425.0,0.8,2.39216565747178e-06,1446789435.0,False
3640,+102045+29079,26.122559304956653,91.66903232573227,28.144745,Tree cover,334425.0,0.8,2.39216565747178e-06,1447123860.0,False
3641,+102045+29080,26.12345761987512,91.66903232564374,28.137848,Tree cover,334425.0,0.8,2.39216565747178e-06,1447458285.0,False
3642,+102059+29077,26.12076267379515,91.68160873978267,28.127167,Tree cover,334425.0,0.8,2.39216565747178e-06,1447792710.0,False
3643,+102069+29071,26.115372782388413,91.6905918928213,28.124603,Tree cover,334425.0,0.8,2.39216565747178e-06,1448127135.0,False
3644,+102041+29086,26.12884751196276,91.66543906435284,28.105316,Tree cover,334425.0,0.8,2.39216565747178e-06,1448461560.0,False
3645,+102032+29090,26.132440772794176,91.65735422678848,28.09375,Tree cover,334425.0,0.8,2.39216565747178e-06,1448795985.0,False
3646,+102064+29063,26.108186259952188,91.686100315892,28.083344,Tree cover,334425.0,0.8,2.39216565747178e-06,1449130410.0,False
3647,+102085+29062,26.107287945339795,91.70496493686962,28.06723,Tree cover,334425.0,0.8,2.39216565747178e-06,1449464835.0,False
3648,+102045+29084,26.127050881059656,91.6690323255504,28.038422,Tree cover,334425.0,0.8,2.39216565747178e-06,1449799260.0,False
3649,+102081+29064,26.10908457535721,91.70137167586594,28.023285,Tree cover,334425.0,0.8,2.39216565747178e-06,1450133685.0,False
3650,+102039+29089,26.13154245754972,91.66364243394176,28.004913,Tree cover,334425.0,0.8,2.39216565747178e-06,1450468110.0,False
3651,+102080+29062,26.107287945479506,91.7004733603861,28.00055,Tree cover,334425.0,0.8,2.39216565747178e-06,1450802535.0,False
3652,+102032+29093,26.13513571889141,91.65735422656724,27.997284,Tree cover,334425.0,0.8,2.39216565747178e-06,1451136960.0,False
3653,+102058+29077,26.12076267369573,91.68071042418,27.987915,Tree cover,334425.0,0.8,2.39216565747178e-06,1451471385.0,False
3654,+102077+29068,26.11267783619328,91.697778414614,27.985504,Tree cover,334425.0,0.8,2.39216565747178e-06,1451805810.0,False
3655,+102055+29076,26.11986435934587,91.67801547824156,27.981903,Tree cover,334425.0,0.8,2.39216565747178e-06,1452140235.0,False
3656,+102049+29077,26.120762673697783,91.67262558716824,27.980377,Tree cover,334425.0,0.8,2.39216565747178e-06,1452474660.0,False
3657,+102068+29060,26.105491314299773,91.68969357713632,27.978699,Tree cover,334425.0,0.8,2.39216565747178e-06,1452809085.0,False
3658,+102066+29072,26.116271097580125,91.68789694687256,27.970978,Tree cover,334425.0,0.8,2.39216565747178e-06,1453143510.0,False
3659,+102040+29089,26.13154245750295,91.66454074914972,27.960297,Tree cover,334425.0,0.8,2.39216565747178e-06,1453477935.0,False
3660,+102045+29085,26.127949196103653,91.669032325705,27.957336,Tree cover,334425.0,0.8,2.39216565747178e-06,1453812360.0,False
3661,+102032+29085,26.127949196243343,91.65735422679325,27.951813,Tree cover,334425.0,0.8,2.39216565747178e-06,1454146785.0,False
3662,+102066+29074,26.1180677285368,91.68789694658074,27.950623,Tree cover,334425.0,0.8,2.39216565747178e-06,1454481210.0,False
3663,+102076+29067,26.1117795212184,91.69688009927484,27.939575,Tree cover,334425.0,0.8,2.39216565747178e-06,1454815635.0,False
3664,+102063+29127,26.1656784382655,91.6852020010059,27.92984,Tree cover,334425.0,0.8,2.39216565747178e-06,1455150060.0,False
3665,+102070+29069,26.11357615182609,91.69149020775048,27.929108,Tree cover,334425.0,0.8,2.39216565747178e-06,1455484485.0,False
3666,+102064+29064,26.109084575205127,91.68610031585324,27.926666,Tree cover,334425.0,0.8,2.39216565747178e-06,1455818910.0,False
3667,+102076+29066,26.11088120624517,91.69688009908272,27.916992,Tree cover,334425.0,0.8,2.39216565747178e-06,1456153335.0,False
3668,+102052+29074,26.118067728230653,91.67532053259409,27.916107,Tree cover,334425.0,0.8,2.39216565747178e-06,1456487760.0,False
3669,+102069+29070,26.1144744673032,91.69059189272988,27.909882,Tree cover,334425.0,0.8,2.39216565747178e-06,1456822185.0,False
3670,+102079+29062,26.10728794558341,91.69957504531658,27.889252,Tree cover,334425.0,0.8,2.39216565747178e-06,1457156610.0,False
3671,+102052+29072,26.116271097496547,91.6753205327495,27.87912,Tree cover,334425.0,0.8,2.39216565747178e-06,1457491035.0,False
3672,+102067+29074,26.11806772843953,91.6887952619587,27.86615,Tree cover,334425.0,0.8,2.39216565747178e-06,1457825460.0,False
3673,+102045+29083,26.12615256563404,91.66903232580567,27.85083,Tree cover,334425.0,0.8,2.39216565747178e-06,1458159885.0,False
3674,+102085+29063,26.10818625998599,91.70496493671624,27.839691,Tree cover,334425.0,0.8,2.39216565747178e-06,1458494310.0,False
3675,+102067+29072,26.11627109754233,91.6887952620023,27.829987,Tree cover,334425.0,0.8,2.39216565747178e-06,1458828735.0,False
3676,+102068+29071,26.11537278256136,91.68969357698576,27.81961,Tree cover,334425.0,0.8,2.39216565747178e-06,1459163160.0,False
3677,+102052+29077,26.120762673578355,91.6753205329637,27.818817,Tree cover,334425.0,0.8,2.39216565747178e-06,1459497585.0,False
3678,+102046+29112,26.15220370874801,91.66993064111118,27.789703,Tree cover,334425.0,0.8,2.39216565747178e-06,1459832010.0,False
3679,+102041+29081,26.12435593511057,91.66543906454652,27.783905,Tree cover,334425.0,0.8,2.39216565747178e-06,1460166435.0,False
3680,+102086+29063,26.10818625989815,91.7058632524096,27.776276,Tree cover,334425.0,0.8,2.39216565747178e-06,1460500860.0,False
3681,+102047+29104,26.145017186422404,91.6708289558082,27.770447,Tree cover,334425.0,0.8,2.39216565747178e-06,1460835285.0,False
3682,+102040+29091,26.13333908831552,91.66454074907628,27.768066,Tree cover,334425.0,0.8,2.39216565747178e-06,1461169710.0,False
3683,+102045+29081,26.12435593526733,91.6690323257394,27.764374,Tree cover,334425.0,0.8,2.39216565747178e-06,1461504135.0,False
3684,+102043+29083,26.12615256566985,91.6672356952634,27.76175,Tree cover,334425.0,0.8,2.39216565747178e-06,1461838560.0,False
3685,+102041+29092,26.1342374031255,91.66543906447754,27.730438,Tree cover,334425.0,0.8,2.39216565747178e-06,1462172985.0,False
3686,+102079+29060,26.10549131459164,91.69957504540152,27.72882,Tree cover,334425.0,0.8,2.39216565747178e-06,1462507410.0,False
3687,+102042+29099,26.14052561017481,91.66633737946007,27.719116,Tree cover,334425.0,0.8,2.39216565747178e-06,1462841835.0,False
3688,+102086+29061,26.10638962910012,91.70586325221396,27.711212,Tree cover,334425.0,0.8,2.39216565747178e-06,1463176260.0,False
3689,+102065+29073,26.117169413139745,91.68699863095556,27.708527,Tree cover,334425.0,0.8,2.39216565747178e-06,1463510685.0,False
3690,+102036+29092,26.13423740312084,91.66094748790444,27.70456,Tree cover,334425.0,0.8,2.39216565747178e-06,1463845110.0,False
3691,+102079+29061,26.10638962903512,91.6995750452631,27.7034,Tree cover,334425.0,0.8,2.39216565747178e-06,1464179535.0,False
3692,+102040+29081,26.124355935143363,91.66454074908866,27.700409,Tree cover,334425.0,0.8,2.39216565747178e-06,1464513960.0,False
3693,+102036+29094,26.136034034284755,91.66094748789972,27.68219,Tree cover,334425.0,0.8,2.39216565747178e-06,1464848385.0,False
3694,+102035+29086,26.12884751199676,91.66004917302386,27.651825,Tree cover,334425.0,0.8,2.39216565747178e-06,1465182810.0,False
3695,+102066+29073,26.117169412972324,91.68789694674516,27.648346,Tree cover,334425.0,0.8,2.39216565747178e-06,1465517235.0,False
3696,+102044+29085,26.127949196046988,91.66813401051682,27.636932,Tree cover,334425.0,0.8,2.39216565747178e-06,1465851660.0,False
3697,+102034+29084,26.127050881128824,91.65915085709383,27.601776,Tree cover,334425.0,0.8,2.39216565747178e-06,1466186085.0,False
3698,+102078+29131,26.169271699928743,91.6986767301551,27.599945,Tree cover,334425.0,0.8,2.39216565747178e-06,1466520510.0,False
3699,+102039+29117,26.15669528542578,91.66364243376538,27.599518,Tree cover,334425.0,0.8,2.39216565747178e-06,1466854935.0,False
3700,+102035+29090,26.13244077269556,91.66004917292632,27.577484,Tree cover,334425.0,0.8,2.39216565747178e-06,1467189360.0,False
3701,+102038+29097,26.138728979853354,91.66274411890105,27.566864,Tree cover,334425.0,0.8,2.39216565747178e-06,1467523785.0,False
3702,+102042+29098,26.13962729518628,91.66633737960105,27.554718,Tree cover,334425.0,0.8,2.39216565747178e-06,1467858210.0,False
3703,+102030+29096,26.137830664451133,91.65555759591986,27.549408,Tree cover,334425.0,0.8,2.39216565747178e-06,1468192635.0,False
3704,+102042+29086,26.128847512042608,91.66633737979429,27.542755,Tree cover,334425.0,0.8,2.39216565747178e-06,1468527060.0,False
3705,+102043+29079,26.122559304904485,91.66723569506932,27.523682,Tree cover,334425.0,0.8,2.39216565747178e-06,1468861485.0,False
3706,+102082+29062,26.10728794556652,91.7022699912796,27.511963,Tree cover,334425.0,0.8,2.39216565747178e-06,1469195910.0,False
3707,+102041+29090,26.132440772736096,91.66543906438044,27.510956,Tree cover,334425.0,0.8,2.39216565747178e-06,1469530335.0,False
3708,+102044+29084,26.12705088096918,91.66813401048888,27.510773,Tree cover,334425.0,0.8,2.39216565747178e-06,1469864760.0,False
3709,+102196+29143,26.18005148276161,91.80467793339916,27.497345,Tree cover,334425.0,0.8,2.39216565747178e-06,1470199185.0,False
3710,+102030+29087,26.12974582696147,91.6555575961838,27.474213,Tree cover,334425.0,0.8,2.39216565747178e-06,1470533610.0,False
3711,+102027+29089,26.13154245740617,91.65286265073948,27.47403,Tree cover,334425.0,0.8,2.39216565747178e-06,1470868035.0,False
3712,+102052+29076,26.11986435918962,91.67532053273,27.473297,Tree cover,334425.0,0.8,2.39216565747178e-06,1471202460.0,False
3713,+102027+29091,26.13333908823513,91.6528626507252,27.47055,Tree cover,334425.0,0.8,2.39216565747178e-06,1471536885.0,False
3714,+102060+29074,26.11806772867744,91.68250705474097,27.464874,Tree cover,334425.0,0.8,2.39216565747178e-06,1471871310.0,False
3715,+102038+29093,26.13513571880416,91.66274411867838,27.453796,Tree cover,334425.0,0.8,2.39216565747178e-06,1472205735.0,False
3716,+102040+29097,26.13872897983049,91.66454074918326,27.450531,Tree cover,334425.0,0.8,2.39216565747178e-06,1472540160.0,False
3717,+102038+29098,26.13962729495266,91.66274411873552,27.440704,Tree cover,334425.0,0.8,2.39216565747178e-06,1472874585.0,False
3718,+102042+29081,26.12435593517928,91.66633737958098,27.435455,Tree cover,334425.0,0.8,2.39216565747178e-06,1473209010.0,False
3719,+102038+29089,26.13154245769939,91.6627441186673,27.433563,Tree cover,334425.0,0.8,2.39216565747178e-06,1473543435.0,False
3720,+102080+29061,26.10638962914088,91.7004733604373,27.429169,Tree cover,334425.0,0.8,2.39216565747178e-06,1473877860.0,False
3721,+102043+29082,26.125254251019022,91.66723569527818,27.417084,Tree cover,334425.0,0.8,2.39216565747178e-06,1474212285.0,False
3722,+102050+29104,26.14501718648587,91.67352390208306,27.413269,Tree cover,334425.0,0.8,2.39216565747178e-06,1474546710.0,False
3723,+102041+29089,26.13154245755909,91.66543906426791,27.411072,Tree cover,334425.0,0.8,2.39216565747178e-06,1474881135.0,False
3724,+102083+29070,26.114474467190327,91.70316830593428,27.400238,Tree cover,334425.0,0.8,2.39216565747178e-06,1475215560.0,False
3725,+102082+29065,26.10998289011247,91.70226999142974,27.39859,Tree cover,334425.0,0.8,2.39216565747178e-06,1475549985.0,False
3726,+102039+29099,26.140525610127664,91.66364243396092,27.395111,Tree cover,334425.0,0.8,2.39216565747178e-06,1475884410.0,False
3727,+102052+29075,26.11896604342728,91.67532053245624,27.35904,Tree cover,334425.0,0.8,2.39216565747178e-06,1476218835.0,False
3728,+102028+29091,26.133339088153225,91.65376096556685,27.353485,Tree cover,334425.0,0.8,2.39216565747178e-06,1476553260.0,False
3729,+102031+29095,26.136932348981336,91.6564559120512,27.348785,Tree cover,334425.0,0.8,2.39216565747178e-06,1476887685.0,False
3730,+102045+29086,26.12884751198712,91.66903232604406,27.345459,Tree cover,334425.0,0.8,2.39216565747178e-06,1477222110.0,False
3731,+102082+29064,26.10908457557748,91.70226999133796,27.329865,Tree cover,334425.0,0.8,2.39216565747178e-06,1477556535.0,False
3732,+102051+29078,26.121660989258498,91.67442221690372,27.321747,Tree cover,334425.0,0.8,2.39216565747178e-06,1477890960.0,False
3733,+102035+29087,26.129745826939835,91.66004917317822,27.319122,Tree cover,334425.0,0.8,2.39216565747178e-06,1478225385.0,False
3734,+102040+29085,26.127949196296253,91.66454074923529,27.301239,Tree cover,334425.0,0.8,2.39216565747178e-06,1478559810.0,False
3735,+102048+29076,26.119864359176866,91.67172727120816,27.293488,Tree cover,334425.0,0.8,2.39216565747178e-06,1478894235.0,False
3736,+102081+29063,26.108186260045,91.7013716758627,27.293365,Tree cover,334425.0,0.8,2.39216565747178e-06,1479228660.0,False
3737,+102084+29063,26.10818626017195,91.70406662198954,27.290619,Tree cover,334425.0,0.8,2.39216565747178e-06,1479563085.0,False
3738,+102087+29064,26.10908457542546,91.70676156737848,27.285248,Tree cover,334425.0,0.8,2.39216565747178e-06,1479897510.0,False
3739,+102044+29083,26.12615256569197,91.66813401019324,27.281982,Tree cover,334425.0,0.8,2.39216565747178e-06,1480231935.0,False
3740,+102081+29066,26.11088120632321,91.70137167577182,27.267273,Tree cover,334425.0,0.8,2.39216565747178e-06,1480566360.0,False
3741,+102085+29064,26.109084575373107,91.70496493653006,27.257385,Tree cover,334425.0,0.8,2.39216565747178e-06,1480900785.0,False
3742,+102087+29063,26.108186259908774,91.70676156754648,27.256836,Tree cover,334425.0,0.8,2.39216565747178e-06,1481235210.0,False
3743,+102036+29087,26.129745826915883,91.66094748782916,27.23413,Tree cover,334425.0,0.8,2.39216565747178e-06,1481569635.0,False
3744,+102041+29122,26.161186861804552,91.6654390644621,27.229431,Tree cover,334425.0,0.8,2.39216565747178e-06,1481904060.0,False
3745,+102032+29094,26.13603403435388,91.65735422647988,27.222076,Tree cover,334425.0,0.8,2.39216565747178e-06,1482238485.0,False
3746,+102086+29064,26.10908457544117,91.70586325257123,27.21399,Tree cover,334425.0,0.8,2.39216565747178e-06,1482572910.0,False
3747,+102195+29143,26.180051482982968,91.80377961836588,27.206757,Tree cover,334425.0,0.8,2.39216565747178e-06,1482907335.0,False
3748,+102084+29064,26.109084575403514,91.7040666219074,27.194672,Tree cover,334425.0,0.8,2.39216565747178e-06,1483241760.0,False
3749,+102039+29086,26.128847511746223,91.66364243388789,27.190826,Tree cover,334425.0,0.8,2.39216565747178e-06,1483576185.0,False
3750,+102067+29115,26.15489865494005,91.68879526181526,27.190704,Tree cover,334425.0,0.8,2.39216565747178e-06,1483910610.0,False
3751,+102085+29061,26.10638962913525,91.7049649367644,27.183533,Tree cover,334425.0,0.8,2.39216565747178e-06,1484245035.0,False
3752,+102080+29060,26.10549131436064,91.70047336045415,27.182953,Tree cover,334425.0,0.8,2.39216565747178e-06,1484579460.0,False
3753,+102083+29066,26.11088120620841,91.70316830644585,27.17569,Tree cover,334425.0,0.8,2.39216565747178e-06,1484913885.0,False
3754,+102082+29070,26.114474467032743,91.70226999161385,27.166656,Tree cover,334425.0,0.8,2.39216565747178e-06,1485248310.0,False
3755,+102122+29142,26.17915316785956,91.7382026027368,27.166656,Tree cover,334425.0,0.8,2.39216565747178e-06,1485582735.0,False
3756,+102091+29068,26.11267783631951,91.71035482870234,27.157562,Tree cover,334425.0,0.8,2.39216565747178e-06,1485917160.0,False
3757,+102041+29099,26.14052561017567,91.66543906460632,27.143524,Tree cover,334425.0,0.8,2.39216565747178e-06,1486251585.0,False
3758,+102084+29062,26.107287945317307,91.7040666220389,27.141205,Tree cover,334425.0,0.8,2.39216565747178e-06,1486586010.0,False
3759,+102194+29143,26.18005148295288,91.80288130292224,27.129333,Tree cover,334425.0,0.8,2.39216565747178e-06,1486920435.0,False
3760,+102092+29069,26.11357615187859,91.71125314394855,27.110199,Tree cover,334425.0,0.8,2.39216565747178e-06,1487254860.0,False
3761,+102082+29063,26.108186259928328,91.7022699912127,27.107819,Tree cover,334425.0,0.8,2.39216565747178e-06,1487589285.0,False
3762,+102083+29064,26.109084575532226,91.70316830627664,27.071838,Tree cover,334425.0,0.8,2.39216565747178e-06,1487923710.0,False
3763,+102093+29066,26.11088120628283,91.7121514589874,27.061188,Tree cover,334425.0,0.8,2.39216565747178e-06,1488258135.0,False
3764,+102103+29132,26.1701700149061,91.72113461223344,27.054535,Tree cover,334425.0,0.8,2.39216565747178e-06,1488592560.0,False
3765,+102083+29062,26.10728794539294,91.70316830620033,27.049103,Tree cover,334425.0,0.8,2.39216565747178e-06,1488926985.0,False
3766,+102092+29065,26.10998289037021,91.7112531441988,27.042389,Tree cover,334425.0,0.8,2.39216565747178e-06,1489261410.0,False
3767,+102081+29062,26.107287945473868,91.70137167582558,27.03659,Tree cover,334425.0,0.8,2.39216565747178e-06,1489595835.0,False
3768,+102044+29086,26.12884751196377,91.66813401027706,26.969147,Tree cover,334425.0,0.8,2.39216565747178e-06,1489930260.0,False
3769,+102045+29105,26.145915501880392,91.66903232569366,26.93814,Tree cover,334425.0,0.8,2.39216565747178e-06,1490264685.0,False
3770,+102030+29095,26.136932349079725,91.655557596129,26.898834,Tree cover,334425.0,0.8,2.39216565747178e-06,1490599110.0,False
3771,+102043+29085,26.12794919609251,91.66723569488217,26.88211,Tree cover,334425.0,0.8,2.39216565747178e-06,1490933535.0,False
3772,+102093+29065,26.109982890374127,91.71215145916284,26.8797,Tree cover,334425.0,0.8,2.39216565747178e-06,1491267960.0,False
3773,+102083+29065,26.109982890222405,91.70316830626508,26.877014,Tree cover,334425.0,0.8,2.39216565747178e-06,1491602385.0,False
3774,+102044+29079,26.12255930506207,91.6681340103984,26.855865,Tree cover,334425.0,0.8,2.39216565747178e-06,1491936810.0,False
3775,+102084+29065,26.109982890248904,91.70406662179222,26.851532,Tree cover,334425.0,0.8,2.39216565747178e-06,1492271235.0,False
3776,+102083+29063,26.10818626009204,91.703168306255,26.849792,Tree cover,334425.0,0.8,2.39216565747178e-06,1492605660.0,False
3777,+102039+29116,26.15579697013545,91.6636424337157,26.837677,Tree cover,334425.0,0.8,2.39216565747178e-06,1492940085.0,False
3778,+102092+29066,26.11088120648628,91.71125314412674,26.818817,Tree cover,334425.0,0.8,2.39216565747178e-06,1493274510.0,False
3779,+102027+29090,26.13244077271643,91.6528626508682,26.796265,Tree cover,334425.0,0.8,2.39216565747178e-06,1493608935.0,False
3780,+102041+29079,26.122559304892867,91.6654390646424,26.741547,Tree cover,334425.0,0.8,2.39216565747178e-06,1493943360.0,False
3781,+102094+29066,26.11088120617822,91.7130497743174,26.73111,Tree cover,334425.0,0.8,2.39216565747178e-06,1494277785.0,False
3782,+102083+29068,26.11267783652052,91.70316830625652,26.71466,Tree cover,334425.0,0.8,2.39216565747178e-06,1494612210.0,False
3783,+102050+29078,26.12166098908802,91.67352390198876,26.708954,Tree cover,334425.0,0.8,2.39216565747178e-06,1494946635.0,False
3784,+102083+29061,26.106389629134828,91.70316830633824,26.688812,Tree cover,334425.0,0.8,2.39216565747178e-06,1495281060.0,False
3785,+102028+29090,26.132440772671195,91.6537609655816,26.68039,Tree cover,334425.0,0.8,2.39216565747178e-06,1495615485.0,False
3786,+102084+29061,26.10638962908607,91.70406662205524,26.669525,Tree cover,334425.0,0.8,2.39216565747178e-06,1495949910.0,False
3787,+102083+29067,26.111779521171776,91.7031683063678,26.650818,Tree cover,334425.0,0.8,2.39216565747178e-06,1496284335.0,False
3788,+102081+29061,26.106389629162308,91.7013716757548,26.650696,Tree cover,334425.0,0.8,2.39216565747178e-06,1496618760.0,False
3789,+102044+29082,26.125254250892905,91.66813401030748,26.630157,Tree cover,334425.0,0.8,2.39216565747178e-06,1496953185.0,False
3790,+102085+29065,26.10998289019214,91.70496493653712,26.610687,Tree cover,334425.0,0.8,2.39216565747178e-06,1497287610.0,False
3791,+102037+29088,26.13064414198452,91.6618458030748,26.575592,Tree cover,334425.0,0.8,2.39216565747178e-06,1497622035.0,False
3792,+102092+29068,26.11267783633084,91.71125314388853,26.550446,Tree cover,334425.0,0.8,2.39216565747178e-06,1497956460.0,False
3793,+102084+29066,26.11088120620821,91.70406662164405,26.548798,Tree cover,334425.0,0.8,2.39216565747178e-06,1498290885.0,False
3794,+102094+29065,26.109982890294432,91.71304977437056,26.542328,Tree cover,334425.0,0.8,2.39216565747178e-06,1498625310.0,False
3795,+102030+29091,26.133339088117463,91.6555575962905,26.484467,Tree cover,334425.0,0.8,2.39216565747178e-06,1498959735.0,False
3796,+102082+29061,26.1063896290996,91.70226999131329,26.458221,Tree cover,334425.0,0.8,2.39216565747178e-06,1499294160.0,False
3797,+102081+29058,26.10369468414904,91.70137167579264,26.40274,Tree cover,334425.0,0.8,2.39216565747178e-06,1499628585.0,False
3798,+102033+29089,26.13154245762627,91.65825254246047,26.391388,Tree cover,334425.0,0.8,2.39216565747178e-06,1499963010.0,False
3799,+102049+29074,26.11806772842084,91.67262558701812,26.369568,Tree cover,334425.0,0.8,2.39216565747178e-06,1500297435.0,False
3800,+102093+29067,26.11177952116974,91.7121514590068,26.354034,Tree cover,334425.0,0.8,2.39216565747178e-06,1500631860.0,False
3801,+102094+29063,26.108186260185096,91.71304977461033,26.236053,Tree cover,334425.0,0.8,2.39216565747178e-06,1500966285.0,False
3802,+102033+29085,26.12794919616488,91.65825254249826,26.209137,Tree cover,334425.0,0.8,2.39216565747178e-06,1501300710.0,False
3803,+102082+29068,26.11267783649124,91.70226999150506,26.14624,Tree cover,334425.0,0.8,2.39216565747178e-06,1501635135.0,False
3804,+102039+29098,26.13962729503623,91.66364243403984,26.118896,Tree cover,334425.0,0.8,2.39216565747178e-06,1501969560.0,False
3805,+102084+29067,26.11177952114504,91.70406662168868,26.093292,Tree cover,334425.0,0.8,2.39216565747178e-06,1502303985.0,False
3806,+102048+29075,26.11896604346593,91.67172727120766,26.078278,Tree cover,334425.0,0.8,2.39216565747178e-06,1502638410.0,False
3807,+102081+29060,26.10549131422741,91.70137167587656,26.077545,Tree cover,334425.0,0.8,2.39216565747178e-06,1502972835.0,False
3808,+102093+29063,26.108186260033023,91.71215145896916,26.072205,Tree cover,334425.0,0.8,2.39216565747178e-06,1503307260.0,False
3809,+102041+29098,26.13962729515313,91.6654390644253,26.069,Tree cover,334425.0,0.8,2.39216565747178e-06,1503641685.0,False
3810,+102085+29066,26.11088120630684,91.7049649367372,26.036957,Tree cover,334425.0,0.8,2.39216565747178e-06,1503976110.0,False
3811,+102193+29150,26.18633968976517,91.80198298777498,25.994781,Tree cover,334425.0,0.8,2.39216565747178e-06,1504310535.0,False
3812,+102086+29066,26.1108812063222,91.705863252571,25.963043,Tree cover,334425.0,0.8,2.39216565747178e-06,1504644960.0,False
3813,+102049+29076,26.11986435902892,91.6726255870836,25.94928,Tree cover,334425.0,0.8,2.39216565747178e-06,1504979385.0,False
3814,+102044+29081,26.124355935257817,91.66813401037942,25.933868,Tree cover,334425.0,0.8,2.39216565747178e-06,1505313810.0,False
3815,+102043+29081,26.12435593516772,91.6672356952509,25.92279,Tree cover,334425.0,0.8,2.39216565747178e-06,1505648235.0,False
3816,+102051+29073,26.117169413254203,91.67442221706222,25.916443,Tree cover,334425.0,0.8,2.39216565747178e-06,1505982660.0,False
3817,+102041+29080,26.123457619947,91.66543906450288,25.891144,Tree cover,334425.0,0.8,2.39216565747178e-06,1506317085.0,False
3818,+102085+29067,26.111779521217137,91.70496493690428,25.848785,Tree cover,334425.0,0.8,2.39216565747178e-06,1506651510.0,False
3819,+102028+29089,26.131542457579823,91.653760965551,25.828094,Tree cover,334425.0,0.8,2.39216565747178e-06,1506985935.0,False
3820,+102042+29080,26.12345761986797,91.6663373796374,25.783295,Tree cover,334425.0,0.8,2.39216565747178e-06,1507320360.0,False
3821,+102051+29076,26.119864359035294,91.67442221695268,25.779602,Tree cover,334425.0,0.8,2.39216565747178e-06,1507654785.0,False
3822,+102043+29080,26.12345761989025,91.66723569518116,25.77472,Tree cover,334425.0,0.8,2.39216565747178e-06,1507989210.0,False
3823,+102133+29138,26.17555990636717,91.74808407070483,25.722626,Tree cover,334425.0,0.8,2.39216565747178e-06,1508323635.0,False
3824,+102092+29067,26.111779521034137,91.71125314402325,25.720062,Tree cover,334425.0,0.8,2.39216565747178e-06,1508658060.0,False
3825,+102032+29089,26.1315424574836,91.65735422669768,25.700775,Tree cover,334425.0,0.8,2.39216565747178e-06,1508992485.0,False
3826,+102049+29075,26.11896604353313,91.67262558718424,25.598938,Tree cover,334425.0,0.8,2.39216565747178e-06,1509326910.0,False
3827,+102029+29091,26.13333908817457,91.6546592813136,25.556305,Tree cover,334425.0,0.8,2.39216565747178e-06,1509661335.0,False
3828,+102030+29088,26.130644142019182,91.65555759610857,25.554413,Tree cover,334425.0,0.8,2.39216565747178e-06,1509995760.0,False
3829,+102051+29074,26.11806772837565,91.67442221706588,25.512573,Tree cover,334425.0,0.8,2.39216565747178e-06,1510330185.0,False
3830,+102051+29075,26.11896604342278,91.67442221702942,25.42575,Tree cover,334425.0,0.8,2.39216565747178e-06,1510664610.0,False
3831,+102140+29127,26.1656784382066,91.75437227741274,25.383423,Tree cover,334425.0,0.8,2.39216565747178e-06,1510999035.0,False
3832,+102134+29153,26.189034635109543,91.7489823859848,25.348572,Tree cover,334425.0,0.8,2.39216565747178e-06,1511333460.0,False
3833,+102131+29136,26.173763276076016,91.74628744003778,25.343414,Tree cover,334425.0,0.8,2.39216565747178e-06,1511667885.0,False
3834,+102132+29137,26.174661590851752,91.74718575534406,25.288849,Tree cover,334425.0,0.8,2.39216565747178e-06,1512002310.0,False
3835,+102034+29087,26.12974582688444,91.65915085730752,25.25473,Tree cover,334425.0,0.8,2.39216565747178e-06,1512336735.0,False
3836,+102031+29087,26.12974582697028,91.65645591175766,25.24881,Tree cover,334425.0,0.8,2.39216565747178e-06,1512671160.0,False
3837,+102131+29135,26.17286496028573,91.74628744009148,25.212341,Tree cover,334425.0,0.8,2.39216565747178e-06,1513005585.0,False
3838,+102141+29153,26.18903463537395,91.75527059323862,25.028778,Tree cover,334425.0,0.8,2.39216565747178e-06,1513340010.0,False
3839,+102050+29077,26.12076267380006,91.6735239020456,25.02829,Tree cover,334425.0,0.8,2.39216565747178e-06,1513674435.0,False
3840,+102034+29086,26.128847511905946,91.65915085728048,24.830261,Tree cover,334425.0,0.8,2.39216565747178e-06,1514008860.0,False
3841,+102141+29127,26.16567843826784,91.75527059331266,24.81543,Tree cover,334425.0,0.8,2.39216565747178e-06,1514343285.0,False
3842,+102050+29075,26.1189660435187,91.67352390203769,24.814972,Tree cover,334425.0,0.8,2.39216565747178e-06,1514677710.0,False
3843,+102035+29088,26.130644142000524,91.66004917306287,24.73645,Tree cover,334425.0,0.8,2.39216565747178e-06,1515012135.0,False
3844,+102029+29090,26.132440772547323,91.65465928142602,24.67044,Tree cover,334425.0,0.8,2.39216565747178e-06,1515346560.0,False
3845,+102031+29090,26.13244077279053,91.65645591177994,24.644287,Tree cover,334425.0,0.8,2.39216565747178e-06,1515680985.0,False
3846,+102050+29074,26.11806772843916,91.67352390219898,24.573334,Tree cover,334425.0,0.8,2.39216565747178e-06,1516015410.0,False
3847,+102031+29088,26.13064414199185,91.65645591180994,24.509521,Tree cover,334425.0,0.8,2.39216565747178e-06,1516349835.0,False
3848,+102033+29086,26.12884751191766,91.65825254244226,24.453064,Tree cover,334425.0,0.8,2.39216565747178e-06,1516684260.0,False
3849,+102036+29088,26.130644141941165,91.66094748784116,24.357056,Tree cover,334425.0,0.8,2.39216565747178e-06,1517018685.0,False
3850,+102141+29126,26.16478012293384,91.75527059315849,24.35147,Tree cover,334425.0,0.8,2.39216565747178e-06,1517353110.0,False
3851,+102028+29088,26.130644142018244,91.6537609654748,24.327362,Tree cover,334425.0,0.8,2.39216565747178e-06,1517687535.0,False
3852,+102034+29088,26.13064414198056,91.65915085751634,24.27832,Tree cover,334425.0,0.8,2.39216565747178e-06,1518021960.0,False
3853,+102050+29076,26.119864358981715,91.67352390206187,24.275421,Tree cover,334425.0,0.8,2.39216565747178e-06,1518356385.0,False
3854,+102032+29087,26.1297458270818,91.65735422683466,24.245026,Tree cover,334425.0,0.8,2.39216565747178e-06,1518690810.0,False
3855,+102032+29088,26.1306441418852,91.6573542267884,24.00412,Tree cover,334425.0,0.8,2.39216565747178e-06,1519025235.0,False
3856,+102033+29088,26.13064414188144,91.6582525421974,23.984406,Tree cover,334425.0,0.8,2.39216565747178e-06,1519359660.0,False
3857,+102033+29087,26.12974582693177,91.65825254234196,23.864319,Tree cover,334425.0,0.8,2.39216565747178e-06,1519694085.0,False
3858,+102069+29063,26.10818626000785,91.69059189242728,33.722748,Green park,1025570.0,2.0,1.9501350468519945e-06,1520719655.0,False
3859,+102070+29063,26.10818625998612,91.69149020751811,33.39276,Green park,1025570.0,2.0,1.9501350468519945e-06,1521745225.0,False
3860,+102069+29062,26.107287945462595,91.69059189249715,32.77591,Green park,1025570.0,2.0,1.9501350468519945e-06,1522770795.0,False
3861,+102070+29062,26.10728794528797,91.6914902076918,31.709015,Green park,1025570.0,2.0,1.9501350468519945e-06,1523796365.0,False
3862,+102047+29078,26.121660989365022,91.67082895622757,31.553192,Green park,1025570.0,2.0,1.9501350468519945e-06,1524821935.0,False
3863,+102054+29073,26.117169413216097,91.67711716317748,31.520538,Green park,1025570.0,2.0,1.9501350468519945e-06,1525847505.0,False
3864,+102068+29063,26.108186260127727,91.68969357734886,31.484528,Green park,1025570.0,2.0,1.9501350468519945e-06,1526873075.0,False
3865,+102048+29078,26.121660989414373,91.67172727108608,31.424835,Green park,1025570.0,2.0,1.9501350468519945e-06,1527898645.0,False
3866,+102034+29094,26.136034034202524,91.65915085716507,31.297882,Green park,1025570.0,2.0,1.9501350468519945e-06,1528924215.0,False
3867,+102064+29070,26.11447446719552,91.68610031596413,31.08017,Green park,1025570.0,2.0,1.9501350468519945e-06,1529949785.0,False
3868,+102068+29062,26.107287945371343,91.68969357731449,31.074615,Green park,1025570.0,2.0,1.9501350468519945e-06,1530975355.0,False
3869,+102070+29064,26.10908457542551,91.69149020775995,31.046234,Green park,1025570.0,2.0,1.9501350468519945e-06,1532000925.0,False
3870,+102048+29079,26.122559305066112,91.67172727118974,30.98703,Green park,1025570.0,2.0,1.9501350468519945e-06,1533026495.0,False
3871,+102056+29074,26.11806772865308,91.67891379342858,30.983093,Green park,1025570.0,2.0,1.9501350468519945e-06,1534052065.0,False
3872,+102074+29074,26.11806772838088,91.69508346920556,30.96811,Green park,1025570.0,2.0,1.9501350468519945e-06,1535077635.0,False
3873,+102047+29079,26.122559305049712,91.67082895620544,30.910553,Green park,1025570.0,2.0,1.9501350468519945e-06,1536103205.0,False
3874,+102047+29077,26.12076267361397,91.67082895620844,30.902802,Green park,1025570.0,2.0,1.9501350468519945e-06,1537128775.0,False
3875,+102054+29072,26.116271097635803,91.67711716321278,30.87735,Green park,1025570.0,2.0,1.9501350468519945e-06,1538154345.0,False
3876,+102034+29093,26.13513571862938,91.65915085722102,30.810394,Green park,1025570.0,2.0,1.9501350468519945e-06,1539179915.0,False
3877,+102063+29069,26.11357615219492,91.6852020010597,30.746277,Green park,1025570.0,2.0,1.9501350468519945e-06,1540205485.0,False
3878,+102076+29061,26.10638962912338,91.69688009940631,30.735199,Green park,1025570.0,2.0,1.9501350468519945e-06,1541231055.0,False
3879,+102047+29082,26.125254251125515,91.67082895611834,30.733704,Green park,1025570.0,2.0,1.9501350468519945e-06,1542256625.0,False
3880,+102103+29134,26.171966645430626,91.72113461200804,30.70987,Green park,1025570.0,2.0,1.9501350468519945e-06,1543282195.0,False
3881,+102045+29091,26.13333908837628,91.669032325533,30.706573,Green park,1025570.0,2.0,1.9501350468519945e-06,1544307765.0,False
3882,+102029+29093,26.1351357187879,91.65465928163064,30.644623,Green park,1025570.0,2.0,1.9501350468519945e-06,1545333335.0,False
3883,+102071+29063,26.108186260062663,91.69238852297634,30.605194,Green park,1025570.0,2.0,1.9501350468519945e-06,1546358905.0,False
3884,+102030+29093,26.135135718657995,91.65555759596094,30.603973,Green park,1025570.0,2.0,1.9501350468519945e-06,1547384475.0,False
3885,+102065+29067,26.11177952110536,91.6869986310031,30.518646,Green park,1025570.0,2.0,1.9501350468519945e-06,1548410045.0,False
3886,+102046+29091,26.13333908815246,91.66993064119536,30.508575,Green park,1025570.0,2.0,1.9501350468519945e-06,1549435615.0,False
3887,+102102+29134,26.17196664532726,91.72023629646336,30.498383,Green park,1025570.0,2.0,1.9501350468519945e-06,1550461185.0,False
3888,+102043+29093,26.135135718761816,91.66723569528638,30.497162,Green park,1025570.0,2.0,1.9501350468519945e-06,1551486755.0,False
3889,+102035+29094,26.13603403419166,91.66004917325569,30.478973,Green park,1025570.0,2.0,1.9501350468519945e-06,1552512325.0,False
3890,+102108+29110,26.15040707814309,91.72562618857192,30.471466,Green park,1025570.0,2.0,1.9501350468519945e-06,1553537895.0,False
3891,+102045+29090,26.132440772398947,91.66903232562797,30.450165,Green park,1025570.0,2.0,1.9501350468519945e-06,1554563465.0,False
3892,+102046+29090,26.13244077257268,91.66993064116252,30.4487,Green park,1025570.0,2.0,1.9501350468519945e-06,1555589035.0,False
3893,+102074+29073,26.11716941323116,91.69508346905349,30.447723,Green park,1025570.0,2.0,1.9501350468519945e-06,1556614605.0,False
3894,+102064+29069,26.11357615213016,91.6861003157758,30.442108,Green park,1025570.0,2.0,1.9501350468519945e-06,1557640175.0,False
3895,+102104+29134,26.17196664528108,91.72203292747554,30.44159,Green park,1025570.0,2.0,1.9501350468519945e-06,1558665745.0,False
3896,+102075+29071,26.11537278235348,91.69598178406196,30.373474,Green park,1025570.0,2.0,1.9501350468519945e-06,1559691315.0,False
3897,+102048+29082,26.12525425086037,91.6717272712541,30.368134,Green park,1025570.0,2.0,1.9501350468519945e-06,1560716885.0,False
3898,+102048+29077,26.12076267351437,91.6717272711675,30.362701,Green park,1025570.0,2.0,1.9501350468519945e-06,1561742455.0,False
3899,+102046+29089,26.13154245756528,91.66993064086242,30.346893,Green park,1025570.0,2.0,1.9501350468519945e-06,1562768025.0,False
3900,+102102+29133,26.17106832995364,91.720236296389,30.341278,Green park,1025570.0,2.0,1.9501350468519945e-06,1563793595.0,False
3901,+102048+29083,26.12615256552576,91.67172727119367,30.340942,Green park,1025570.0,2.0,1.9501350468519945e-06,1564819165.0,False
3902,+102054+29074,26.118067728241208,91.67711716310237,30.335785,Green park,1025570.0,2.0,1.9501350468519945e-06,1565844735.0,False
3903,+102077+29061,26.10638962893533,91.69777841463558,30.317505,Green park,1025570.0,2.0,1.9501350468519945e-06,1566870305.0,False
3904,+102034+29095,26.136932349310133,91.65915085729095,30.314789,Green park,1025570.0,2.0,1.9501350468519945e-06,1567895875.0,False
3905,+102035+29095,26.136932349263844,91.6600491730589,30.309906,Green park,1025570.0,2.0,1.9501350468519945e-06,1568921445.0,False
3906,+102068+29064,26.10908457526137,91.68969357734647,30.288025,Green park,1025570.0,2.0,1.9501350468519945e-06,1569947015.0,False
3907,+102073+29069,26.11357615219609,91.6941851535624,30.287506,Green park,1025570.0,2.0,1.9501350468519945e-06,1570972585.0,False
3908,+102028+29094,26.136034034447057,91.65376096547546,30.281067,Green park,1025570.0,2.0,1.9501350468519945e-06,1571998155.0,False
3909,+102046+29082,26.12525425112838,91.66993064098834,30.279205,Green park,1025570.0,2.0,1.9501350468519945e-06,1573023725.0,False
3910,+102047+29083,26.126152565459897,91.67082895593153,30.276825,Green park,1025570.0,2.0,1.9501350468519945e-06,1574049295.0,False
3911,+102047+29081,26.12435593522654,91.670828956264,30.267426,Green park,1025570.0,2.0,1.9501350468519945e-06,1575074865.0,False
3912,+102066+29065,26.10998289029852,91.68789694650349,30.263794,Green park,1025570.0,2.0,1.9501350468519945e-06,1576100435.0,False
3913,+102065+29066,26.110881206359327,91.68699863103129,30.259369,Green park,1025570.0,2.0,1.9501350468519945e-06,1577126005.0,False
3914,+102028+29093,26.135135718657484,91.65376096540092,30.246307,Green park,1025570.0,2.0,1.9501350468519945e-06,1578151575.0,False
3915,+102072+29061,26.10638962921651,91.6932868382714,30.238495,Green park,1025570.0,2.0,1.9501350468519945e-06,1579177145.0,False
3916,+102049+29083,26.126152565511383,91.67262558704527,30.228241,Green park,1025570.0,2.0,1.9501350468519945e-06,1580202715.0,False
3917,+102027+29093,26.13513571881288,91.6528626507542,30.224426,Green park,1025570.0,2.0,1.9501350468519945e-06,1581228285.0,False
3918,+102067+29066,26.11088120617704,91.68879526215382,30.205475,Green park,1025570.0,2.0,1.9501350468519945e-06,1582253855.0,False
3919,+102066+29066,26.110881206218853,91.68789694663474,30.20224,Green park,1025570.0,2.0,1.9501350468519945e-06,1583279425.0,False
3920,+102049+29084,26.12705088116832,91.67262558684452,30.187592,Green park,1025570.0,2.0,1.9501350468519945e-06,1584304995.0,False
3921,+102053+29073,26.117169413310634,91.67621884805592,30.164307,Green park,1025570.0,2.0,1.9501350468519945e-06,1585330565.0,False
3922,+102030+29092,26.134237403327887,91.65555759626132,30.153229,Green park,1025570.0,2.0,1.9501350468519945e-06,1586356135.0,False
3923,+102047+29080,26.123457619719527,91.6708289561424,30.149963,Green park,1025570.0,2.0,1.9501350468519945e-06,1587381705.0,False
3924,+102044+29090,26.1324407725105,91.66813401025462,30.135162,Green park,1025570.0,2.0,1.9501350468519945e-06,1588407275.0,False
3925,+102069+29064,26.10908457529404,91.69059189232152,30.13382,Green park,1025570.0,2.0,1.9501350468519945e-06,1589432845.0,False
3926,+102049+29085,26.127949196261564,91.67262558682866,30.131012,Green park,1025570.0,2.0,1.9501350468519945e-06,1590458415.0,False
3927,+102033+29091,26.13333908820191,91.65825254240148,30.124725,Green park,1025570.0,2.0,1.9501350468519945e-06,1591483985.0,False
3928,+102050+29080,26.12345761979093,91.67352390197938,30.120422,Green park,1025570.0,2.0,1.9501350468519945e-06,1592509555.0,False
3929,+102076+29062,26.107287945573088,91.69688009932092,30.10257,Green park,1025570.0,2.0,1.9501350468519945e-06,1593535125.0,False
3930,+102042+29088,26.13064414174197,91.66633737958313,30.098358,Green park,1025570.0,2.0,1.9501350468519945e-06,1594560695.0,False
3931,+102077+29062,26.107287945539,91.69777841444552,30.095428,Green park,1025570.0,2.0,1.9501350468519945e-06,1595586265.0,False
3932,+102036+29084,26.127050881008167,91.66094748775676,30.092255,Green park,1025570.0,2.0,1.9501350468519945e-06,1596611835.0,False
3933,+102065+29065,26.109982890227005,91.68699863124807,30.078644,Green park,1025570.0,2.0,1.9501350468519945e-06,1597637405.0,False
3934,+102072+29067,26.11177952108216,91.69328683814445,30.074646,Green park,1025570.0,2.0,1.9501350468519945e-06,1598662975.0,False
3935,+102045+29089,26.13154245754028,91.6690323256815,30.06784,Green park,1025570.0,2.0,1.9501350468519945e-06,1599688545.0,False
3936,+102027+29095,26.13693234890759,91.6528626508262,30.01648,Green park,1025570.0,2.0,1.9501350468519945e-06,1600714115.0,False
3937,+102073+29073,26.117169413144445,91.69418515335084,29.988739,Green park,1025570.0,2.0,1.9501350468519945e-06,1601739685.0,False
3938,+102069+29067,26.11177952120025,91.69059189246312,29.98819,Green park,1025570.0,2.0,1.9501350468519945e-06,1602765255.0,False
3939,+102072+29074,26.118067728364487,91.69328683844438,29.984344,Green park,1025570.0,2.0,1.9501350468519945e-06,1603790825.0,False
3940,+102048+29084,26.127050881215613,91.67172727131798,29.98117,Green park,1025570.0,2.0,1.9501350468519945e-06,1604816395.0,False
3941,+102043+29088,26.13064414185636,91.66723569523674,29.964142,Green park,1025570.0,2.0,1.9501350468519945e-06,1605841965.0,False
3942,+102049+29079,26.12255930518365,91.67262558698924,29.959503,Green park,1025570.0,2.0,1.9501350468519945e-06,1606867535.0,False
3943,+102051+29079,26.12255930517593,91.67442221693167,29.94217,Green park,1025570.0,2.0,1.9501350468519945e-06,1607893105.0,False
3944,+102028+29095,26.13693234886089,91.653760965505,29.93988,Green park,1025570.0,2.0,1.9501350468519945e-06,1608918675.0,False
3945,+102048+29080,26.12345761970265,91.6717272712522,29.907562,Green park,1025570.0,2.0,1.9501350468519945e-06,1609944245.0,False
3946,+102047+29089,26.131542457693325,91.67082895597764,29.900787,Green park,1025570.0,2.0,1.9501350468519945e-06,1610969815.0,False
3947,+102077+29063,26.108186260037733,91.69777841422128,29.897736,Green park,1025570.0,2.0,1.9501350468519945e-06,1611995385.0,False
3948,+102101+29134,26.171966645152605,91.71933798161577,29.881744,Green park,1025570.0,2.0,1.9501350468519945e-06,1613020955.0,False
3949,+102075+29061,26.106389629409364,91.6959817840944,29.85846,Green park,1025570.0,2.0,1.9501350468519945e-06,1614046525.0,False
3950,+102050+29087,26.12974582697968,91.67352390213723,29.8497,Green park,1025570.0,2.0,1.9501350468519945e-06,1615072095.0,False
3951,+102073+29061,26.106389629182804,91.6941851534147,29.841919,Green park,1025570.0,2.0,1.9501350468519945e-06,1616097665.0,False
3952,+102074+29072,26.11627109734371,91.69508346909195,29.835602,Green park,1025570.0,2.0,1.9501350468519945e-06,1617123235.0,False
3953,+102062+29069,26.113576152177124,91.68430368572396,29.833649,Green park,1025570.0,2.0,1.9501350468519945e-06,1618148805.0,False
3954,+102070+29067,26.111779521244127,91.69149020781752,29.82129,Green park,1025570.0,2.0,1.9501350468519945e-06,1619174375.0,False
3955,+102044+29089,26.13154245761802,91.66813401043594,29.794159,Green park,1025570.0,2.0,1.9501350468519945e-06,1620199945.0,False
3956,+102057+29081,26.124355935109257,91.67981210905052,29.787384,Green park,1025570.0,2.0,1.9501350468519945e-06,1621225515.0,False
3957,+102049+29080,26.12345761978709,91.67262558717728,29.786621,Green park,1025570.0,2.0,1.9501350468519945e-06,1622251085.0,False
3958,+102050+29079,26.122559305220253,91.67352390211724,29.77481,Green park,1025570.0,2.0,1.9501350468519945e-06,1623276655.0,False
3959,+102044+29091,26.13333908833943,91.6681340102569,29.768799,Green park,1025570.0,2.0,1.9501350468519945e-06,1624302225.0,False
3960,+102076+29060,26.105491314414827,91.69688009968276,29.766449,Green park,1025570.0,2.0,1.9501350468519945e-06,1625327795.0,False
3961,+102076+29072,26.11627109750996,91.69688009971532,29.763184,Green park,1025570.0,2.0,1.9501350468519945e-06,1626353365.0,False
3962,+102067+29064,26.109084575145083,91.68879526206102,29.762177,Green park,1025570.0,2.0,1.9501350468519945e-06,1627378935.0,False
3963,+102057+29082,26.125254250867023,91.6798121090367,29.757233,Green park,1025570.0,2.0,1.9501350468519945e-06,1628404505.0,False
3964,+102069+29061,26.10638962917691,91.69059189253066,29.751678,Green park,1025570.0,2.0,1.9501350468519945e-06,1629430075.0,False
3965,+102068+29066,26.110881206234385,91.68969357723252,29.747925,Green park,1025570.0,2.0,1.9501350468519945e-06,1630455645.0,False
3966,+102068+29067,26.11177952107347,91.68969357734656,29.742188,Green park,1025570.0,2.0,1.9501350468519945e-06,1631481215.0,False
3967,+102049+29087,26.12974582702305,91.6726255871266,29.738983,Green park,1025570.0,2.0,1.9501350468519945e-06,1632506785.0,False
3968,+102072+29073,26.1171694131578,91.69328683854091,29.734924,Green park,1025570.0,2.0,1.9501350468519945e-06,1633532355.0,False
3969,+102049+29082,26.125254250879102,91.67262558697948,29.731476,Green park,1025570.0,2.0,1.9501350468519945e-06,1634557925.0,False
3970,+102074+29071,26.115372782474065,91.69508346909524,29.706696,Green park,1025570.0,2.0,1.9501350468519945e-06,1635583495.0,False
3971,+102050+29084,26.127050881040976,91.67352390215169,29.703827,Green park,1025570.0,2.0,1.9501350468519945e-06,1636609065.0,False
3972,+102037+29082,26.12525425099865,91.66184580316752,29.695923,Green park,1025570.0,2.0,1.9501350468519945e-06,1637634635.0,False
3973,+102072+29068,26.11267783637173,91.69328683803624,29.68808,Green park,1025570.0,2.0,1.9501350468519945e-06,1638660205.0,False
3974,+102044+29088,26.130644142073457,91.66813401034952,29.6763,Green park,1025570.0,2.0,1.9501350468519945e-06,1639685775.0,False
3975,+102076+29071,26.11537278233261,91.69688009947102,29.666473,Green park,1025570.0,2.0,1.9501350468519945e-06,1640711345.0,False
3976,+102049+29086,26.128847511829683,91.67262558699788,29.65329,Green park,1025570.0,2.0,1.9501350468519945e-06,1641736915.0,False
3977,+102048+29085,26.127949196159747,91.67172727140148,29.653046,Green park,1025570.0,2.0,1.9501350468519945e-06,1642762485.0,False
3978,+102072+29066,26.11088120635951,91.693286838443,29.630768,Green park,1025570.0,2.0,1.9501350468519945e-06,1643788055.0,False
3979,+102078+29062,26.10728794542112,91.69867673026069,29.618317,Green park,1025570.0,2.0,1.9501350468519945e-06,1644813625.0,False
3980,+102043+29092,26.134237403160057,91.66723569527038,29.595306,Green park,1025570.0,2.0,1.9501350468519945e-06,1645839195.0,False
3981,+102071+29062,26.10728794521162,91.69238852280242,29.576996,Green park,1025570.0,2.0,1.9501350468519945e-06,1646864765.0,False
3982,+102067+29063,26.108186260163965,91.68879526195938,29.575775,Green park,1025570.0,2.0,1.9501350468519945e-06,1647890335.0,False
3983,+102049+29088,26.13064414178823,91.67262558721454,29.573608,Green park,1025570.0,2.0,1.9501350468519945e-06,1648915905.0,False
3984,+102067+29067,26.11177952122792,91.68879526191934,29.565033,Green park,1025570.0,2.0,1.9501350468519945e-06,1649941475.0,False
3985,+102105+29134,26.17196664524239,91.72293124251074,29.56424,Green park,1025570.0,2.0,1.9501350468519945e-06,1650967045.0,False
3986,+102028+29096,26.13783066466918,91.65376096548898,29.562592,Green park,1025570.0,2.0,1.9501350468519945e-06,1651992615.0,False
3987,+102073+29065,26.10998289028429,91.69418515343312,29.534454,Green park,1025570.0,2.0,1.9501350468519945e-06,1653018185.0,False
3988,+102078+29063,26.10818626007416,91.69867673038388,29.533539,Green park,1025570.0,2.0,1.9501350468519945e-06,1654043755.0,False
3989,+102046+29080,26.12345761983769,91.66993064103896,29.533295,Green park,1025570.0,2.0,1.9501350468519945e-06,1655069325.0,False
3990,+102045+29088,26.13064414221108,91.66903232569362,29.521881,Green park,1025570.0,2.0,1.9501350468519945e-06,1656094895.0,False
3991,+102056+29079,26.12255930501604,91.67891379370852,29.508667,Green park,1025570.0,2.0,1.9501350468519945e-06,1657120465.0,False
3992,+102051+29085,26.1279491962258,91.67442221693078,29.506683,Green park,1025570.0,2.0,1.9501350468519945e-06,1658146035.0,False
3993,+102068+29061,26.10638962923819,91.68969357724376,29.505646,Green park,1025570.0,2.0,1.9501350468519945e-06,1659171605.0,False
3994,+102032+29096,26.137830664285907,91.65735422662227,29.49527,Green park,1025570.0,2.0,1.9501350468519945e-06,1660197175.0,False
3995,+102072+29060,26.10549131439437,91.6932868381304,29.493347,Green park,1025570.0,2.0,1.9501350468519945e-06,1661222745.0,False
3996,+102044+29093,26.135135718809646,91.66813401013653,29.487793,Green park,1025570.0,2.0,1.9501350468519945e-06,1662248315.0,False
3997,+102033+29090,26.132440772718844,91.65825254245324,29.485046,Green park,1025570.0,2.0,1.9501350468519945e-06,1663273885.0,False
3998,+102050+29081,26.12435593519915,91.67352390202684,29.47934,Green park,1025570.0,2.0,1.9501350468519945e-06,1664299455.0,False
3999,+102049+29081,26.124355935228063,91.67262558709876,29.442291,Green park,1025570.0,2.0,1.9501350468519945e-06,1665325025.0,False
4000,+102065+29062,26.107287945503657,91.68699863122418,29.440643,Green park,1025570.0,2.0,1.9501350468519945e-06,1666350595.0,False
4001,+102065+29068,26.11267783641867,91.68699863116332,29.436218,Green park,1025570.0,2.0,1.9501350468519945e-06,1667376165.0,False
4002,+102046+29081,26.12435593519612,91.66993064080847,29.425323,Green park,1025570.0,2.0,1.9501350468519945e-06,1668401735.0,False
4003,+102103+29133,26.1710683297167,91.72113461224824,29.418365,Green park,1025570.0,2.0,1.9501350468519945e-06,1669427305.0,False
4004,+102072+29069,26.113576152094787,91.69328683834424,29.412994,Green park,1025570.0,2.0,1.9501350468519945e-06,1670452875.0,False
4005,+102045+29092,26.13423740306287,91.66903232562186,29.409515,Green park,1025570.0,2.0,1.9501350468519945e-06,1671478445.0,False
4006,+102051+29084,26.127050881015823,91.67442221691876,29.405365,Green park,1025570.0,2.0,1.9501350468519945e-06,1672504015.0,False
4007,+102069+29066,26.110881206208475,91.69059189245203,29.401611,Green park,1025570.0,2.0,1.9501350468519945e-06,1673529585.0,False
4008,+102056+29081,26.124355935155688,91.67891379354624,29.390076,Green park,1025570.0,2.0,1.9501350468519945e-06,1674555155.0,False
4009,+102053+29074,26.118067728185896,91.6762188480824,29.388397,Green park,1025570.0,2.0,1.9501350468519945e-06,1675580725.0,False
4010,+102036+29096,26.13783066466052,91.66094748772052,29.385529,Green park,1025570.0,2.0,1.9501350468519945e-06,1676606295.0,False
4011,+102073+29059,26.10459299875162,91.69418515353136,29.381683,Green park,1025570.0,2.0,1.9501350468519945e-06,1677631865.0,False
4012,+102080+29064,26.10908457523508,91.70047336040868,29.381317,Green park,1025570.0,2.0,1.9501350468519945e-06,1678657435.0,False
4013,+102073+29060,26.105491314389496,91.69418515360356,29.361145,Green park,1025570.0,2.0,1.9501350468519945e-06,1679683005.0,False
4014,+102047+29085,26.12794919616012,91.67082895588578,29.356537,Green park,1025570.0,2.0,1.9501350468519945e-06,1680708575.0,False
4015,+102071+29072,26.11627109766174,91.69238852270226,29.355316,Green park,1025570.0,2.0,1.9501350468519945e-06,1681734145.0,False
4016,+102048+29081,26.124355935358626,91.67172727127354,29.352875,Green park,1025570.0,2.0,1.9501350468519945e-06,1682759715.0,False
4017,+102076+29063,26.10818626009961,91.69688009942612,29.312225,Green park,1025570.0,2.0,1.9501350468519945e-06,1683785285.0,False
4018,+102074+29065,26.109982890234743,91.69508346905278,29.311127,Green park,1025570.0,2.0,1.9501350468519945e-06,1684810855.0,False
4019,+102068+29077,26.12076267376433,91.68969357692892,29.300873,Green park,1025570.0,2.0,1.9501350468519945e-06,1685836425.0,False
4020,+102051+29086,26.12884751209252,91.67442221690229,29.300323,Green park,1025570.0,2.0,1.9501350468519945e-06,1686861995.0,False
4021,+102054+29082,26.1252542512236,91.67711716310772,29.296844,Green park,1025570.0,2.0,1.9501350468519945e-06,1687887565.0,False
4022,+102062+29072,26.11627109782047,91.68430368566126,29.265411,Green park,1025570.0,2.0,1.9501350468519945e-06,1688913135.0,False
4023,+102041+29096,26.137830664515946,91.66543906438726,29.260162,Green park,1025570.0,2.0,1.9501350468519945e-06,1689938705.0,False
4024,+102076+29070,26.114474467265968,91.69688009919196,29.238983,Green park,1025570.0,2.0,1.9501350468519945e-06,1690964275.0,False
4025,+102044+29092,26.134237403059824,91.66813401021754,29.237946,Green park,1025570.0,2.0,1.9501350468519945e-06,1691989845.0,False
4026,+102073+29070,26.114474466996903,91.6941851535062,29.226837,Green park,1025570.0,2.0,1.9501350468519945e-06,1693015415.0,False
4027,+102076+29064,26.10908457518564,91.69688009927116,29.215637,Green park,1025570.0,2.0,1.9501350468519945e-06,1694040985.0,False
4028,+102071+29068,26.112677836340776,91.69238852285656,29.196198,Green park,1025570.0,2.0,1.9501350468519945e-06,1695066555.0,False
4029,+102054+29078,26.121660989283416,91.67711716285734,29.19522,Green park,1025570.0,2.0,1.9501350468519945e-06,1696092125.0,False
4030,+102063+29068,26.11267783638847,91.68520200118267,29.178986,Green park,1025570.0,2.0,1.9501350468519945e-06,1697117695.0,False
4031,+102038+29081,26.12435593496722,91.66274411905536,29.173492,Green park,1025570.0,2.0,1.9501350468519945e-06,1698143265.0,False
4032,+102051+29080,26.1234576197142,91.67442221691935,29.160492,Green park,1025570.0,2.0,1.9501350468519945e-06,1699168835.0,False
4033,+102041+29097,26.13872897979383,91.66543906420176,29.156342,Green park,1025570.0,2.0,1.9501350468519945e-06,1700194405.0,False
4034,+102072+29059,26.104592998728,91.69328683817932,29.151886,Green park,1025570.0,2.0,1.9501350468519945e-06,1701219975.0,False
4035,+102075+29068,26.112677836331045,91.69598178416793,29.138763,Green park,1025570.0,2.0,1.9501350468519945e-06,1702245545.0,False
4036,+102062+29068,26.112677836340065,91.68430368551884,29.128418,Green park,1025570.0,2.0,1.9501350468519945e-06,1703271115.0,False
4037,+102072+29070,26.114474467106334,91.69328683839036,29.123627,Green park,1025570.0,2.0,1.9501350468519945e-06,1704296685.0,False
4038,+102053+29082,26.125254251060515,91.67621884798852,29.118134,Green park,1025570.0,2.0,1.9501350468519945e-06,1705322255.0,False
4039,+102034+29096,26.1378306643557,91.65915085737277,29.09903,Green park,1025570.0,2.0,1.9501350468519945e-06,1706347825.0,False
4040,+102052+29082,26.12525425099909,91.6753205328528,29.092072,Green park,1025570.0,2.0,1.9501350468519945e-06,1707373395.0,False
4041,+102069+29116,26.155796969928577,91.6905918924984,29.070831,Green park,1025570.0,2.0,1.9501350468519945e-06,1708398965.0,False
4042,+102053+29077,26.120762673619,91.67621884814874,29.063751,Green park,1025570.0,2.0,1.9501350468519945e-06,1709424535.0,False
4043,+102055+29077,26.12076267363848,91.67801547839844,29.062897,Green park,1025570.0,2.0,1.9501350468519945e-06,1710450105.0,False
4044,+102075+29062,26.10728794534096,91.69598178411304,29.062897,Green park,1025570.0,2.0,1.9501350468519945e-06,1711475675.0,False
4045,+102043+29091,26.13333908822412,91.6672356952123,29.044647,Green park,1025570.0,2.0,1.9501350468519945e-06,1712501245.0,False
4046,+102060+29069,26.113576151893536,91.68250705461732,29.043,Green park,1025570.0,2.0,1.9501350468519945e-06,1713526815.0,False
4047,+102052+29084,26.12705088109268,91.6753205330248,29.041595,Green park,1025570.0,2.0,1.9501350468519945e-06,1714552385.0,False
4048,+102100+29134,26.171966645270626,91.71843966648797,29.033295,Green park,1025570.0,2.0,1.9501350468519945e-06,1715577955.0,False
4049,+102067+29062,26.10728794537803,91.688795262047,29.028473,Green park,1025570.0,2.0,1.9501350468519945e-06,1716603525.0,False
4050,+102053+29072,26.11627109751624,91.6762188479896,29.01297,Green park,1025570.0,2.0,1.9501350468519945e-06,1717629095.0,False
4051,+102046+29086,26.12884751193045,91.66993064106822,29.012482,Green park,1025570.0,2.0,1.9501350468519945e-06,1718654665.0,False
4052,+102056+29077,26.120762673617467,91.67891379348858,29.01059,Green park,1025570.0,2.0,1.9501350468519945e-06,1719680235.0,False
4053,+102071+29071,26.11537278215989,91.69238852285127,29.002716,Green park,1025570.0,2.0,1.9501350468519945e-06,1720705805.0,False
4054,+102073+29062,26.107287945353104,91.6941851534158,28.98175,Green park,1025570.0,2.0,1.9501350468519945e-06,1721731375.0,False
4055,+102033+29093,26.1351357187086,91.65825254261708,28.953583,Green park,1025570.0,2.0,1.9501350468519945e-06,1722756945.0,False
4056,+102072+29062,26.10728794523339,91.69328683837696,28.937622,Green park,1025570.0,2.0,1.9501350468519945e-06,1723782515.0,False
4057,+102067+29061,26.106389629215325,91.68879526209764,28.930206,Green park,1025570.0,2.0,1.9501350468519945e-06,1724808085.0,False
4058,+102073+29064,26.109084575499672,91.69418515353792,28.923584,Green park,1025570.0,2.0,1.9501350468519945e-06,1725833655.0,False
4059,+102048+29098,26.13962729521595,91.6717272712375,28.880768,Green park,1025570.0,2.0,1.9501350468519945e-06,1726859225.0,False
4060,+102070+29060,26.105491314515643,91.69149020770524,28.874847,Green park,1025570.0,2.0,1.9501350468519945e-06,1727884795.0,False
4061,+102072+29064,26.10908457543712,91.69328683825547,28.839813,Green park,1025570.0,2.0,1.9501350468519945e-06,1728910365.0,False
4062,+102071+29069,26.11357615191076,91.6923885228152,28.78128,Green park,1025570.0,2.0,1.9501350468519945e-06,1729935935.0,False
4063,+102068+29116,26.15579696996917,91.68969357719624,28.761139,Green park,1025570.0,2.0,1.9501350468519945e-06,1730961505.0,False
4064,+102073+29063,26.10818625996472,91.69418515360728,28.755768,Green park,1025570.0,2.0,1.9501350468519945e-06,1731987075.0,False
4065,+102042+29091,26.1333390882119,91.66633737962664,28.746368,Green park,1025570.0,2.0,1.9501350468519945e-06,1733012645.0,False
4066,+102072+29063,26.108186260055582,91.69328683822124,28.71701,Green park,1025570.0,2.0,1.9501350468519945e-06,1734038215.0,False
4067,+102069+29060,26.10549131444996,91.69059189252788,28.617584,Green park,1025570.0,2.0,1.9501350468519945e-06,1735063785.0,False
4068,+102074+29059,26.10459299869074,91.6950834690986,28.576782,Green park,1025570.0,2.0,1.9501350468519945e-06,1736089355.0,False
4069,+102049+29098,26.13962729507121,91.67262558720348,28.567719,Green park,1025570.0,2.0,1.9501350468519945e-06,1737114925.0,False
4070,+102047+29097,26.13872897994469,91.67082895598853,28.52066,Green park,1025570.0,2.0,1.9501350468519945e-06,1738140495.0,False
4071,+102102+29132,26.170170014755584,91.72023629651112,28.519073,Green park,1025570.0,2.0,1.9501350468519945e-06,1739166065.0,False
4072,+102086+29062,26.10728794546073,91.70586325221517,28.444061,Green park,1025570.0,2.0,1.9501350468519945e-06,1740191635.0,False
4073,+102069+29069,26.11357615184077,91.69059189260194,28.4216,Green park,1025570.0,2.0,1.9501350468519945e-06,1741217205.0,False
4074,+102066+29075,26.11896604348057,91.68789694660516,28.41446,Green park,1025570.0,2.0,1.9501350468519945e-06,1742242775.0,False
4075,+102043+29099,26.140525610278456,91.66723569517548,28.370209,Green park,1025570.0,2.0,1.9501350468519945e-06,1743268345.0,False
4076,+102078+29060,26.10549131455656,91.69867672991111,28.248383,Green park,1025570.0,2.0,1.9501350468519945e-06,1744293915.0,False
4077,+102071+29065,26.10998289013309,91.69238852276492,28.237274,Green park,1025570.0,2.0,1.9501350468519945e-06,1745319485.0,False
4078,+102054+29120,26.159390230927325,91.67711716282244,28.212555,Green park,1025570.0,2.0,1.9501350468519945e-06,1746345055.0,False
4079,+102067+29116,26.155796970117457,91.68879526180858,28.210968,Green park,1025570.0,2.0,1.9501350468519945e-06,1747370625.0,False
4080,+102144+29143,26.180051482907384,91.75796553915164,28.09616,Green park,1025570.0,2.0,1.9501350468519945e-06,1748396195.0,False
4081,+102078+29061,26.10638962902713,91.69867673010296,28.083923,Green park,1025570.0,2.0,1.9501350468519945e-06,1749421765.0,False
4082,+102044+29099,26.14052561012289,91.66813401034938,27.957977,Green park,1025570.0,2.0,1.9501350468519945e-06,1750447335.0,False
4083,+102104+29087,26.12974582711908,91.72203292718888,27.925964,Green park,1025570.0,2.0,1.9501350468519945e-06,1751472905.0,False
4084,+102066+29116,26.15579697019124,91.68789694665834,27.877136,Green park,1025570.0,2.0,1.9501350468519945e-06,1752498475.0,False
4085,+102050+29117,26.15669528565336,91.67352390199996,27.813965,Green park,1025570.0,2.0,1.9501350468519945e-06,1753524045.0,False
4086,+102048+29099,26.14052561018472,91.67172727119816,27.809784,Green park,1025570.0,2.0,1.9501350468519945e-06,1754549615.0,False
4087,+102044+29078,26.12166098927697,91.668134010345,27.462006,Green park,1025570.0,2.0,1.9501350468519945e-06,1755575185.0,False
4088,+102107+29134,26.17196664513297,91.72472787332622,27.425812,Green park,1025570.0,2.0,1.9501350468519945e-06,1756600755.0,False
4089,+102123+29142,26.17915316783524,91.73910091794627,27.19986,Green park,1025570.0,2.0,1.9501350468519945e-06,1757626325.0,False
4090,+102057+29114,26.15400033954012,91.67981210920703,26.793304,Green park,1025570.0,2.0,1.9501350468519945e-06,1758651895.0,False
4091,+102151+29123,26.16208517716088,91.76425374525934,26.74643,Green park,1025570.0,2.0,1.9501350468519945e-06,1759677465.0,False
4092,+102044+29080,26.12345761983196,91.66813401040972,26.271637,Green park,1025570.0,2.0,1.9501350468519945e-06,1760703035.0,False
4093,+102042+29079,26.12255930484803,91.66633737965157,26.119537,Green park,1025570.0,2.0,1.9501350468519945e-06,1761728605.0,False
4094,+102031+29091,26.13333908816378,91.65645591169783,25.582306,Green park,1025570.0,2.0,1.9501350468519945e-06,1762754175.0,False
4095,+102035+29089,26.131542457492124,91.6600491729037,24.137115,Green park,1025570.0,2.0,1.9501350468519945e-06,1763779745.0,False
4096,+102036+29089,26.131542457397515,91.66094748780932,23.933807,Green park,1025570.0,2.0,1.9501350468519945e-06,1764805315.0,False
