grid_id,lat,lon,land_cover,priority,LST,NDVI,recommended_action,cost_estimate,cooling_c,cooling_per_rupee
+102027+29089,26.13154245740617,91.65286265073948,cropland,Medium,27.47403,0.49802586,Tree cover,334425.0,0.8,2.39216565747178e-06
+102027+29090,26.13244077271643,91.6528626508682,cropland,Medium,26.796265,0.33253047,Tree cover,334425.0,0.8,2.39216565747178e-06
+102027+29091,26.13333908823513,91.6528626507252,cropland,Medium,27.47055,0.46069086,Tree cover,334425.0,0.8,2.39216565747178e-06
+102027+29092,26.13423740319093,91.6528626507625,cropland,Medium,29.24228,0.4828389,Tree cover,334425.0,0.8,2.39216565747178e-06
+102027+29093,26.13513571881288,91.6528626507542,cropland,High,30.224426,0.44204783,Green park,1025570.0,2.0,1.9501350468519945e-06
+102027+29094,26.136034034275053,91.65286265070026,cropland,Medium,30.028687,0.4951673,Tree cover,334425.0,0.8,2.39216565747178e-06
+102027+29095,26.13693234890759,91.6528626508262,cropland,High,30.01648,0.43472072,Green park,1025570.0,2.0,1.9501350468519945e-06
+102027+29096,26.13783066475272,91.65286265068065,built_up,High,29.317474,0.39323094,Cool roof,401310.0,1.0,2.491839226533104e-06
+102027+29097,26.138728979618048,91.65286265071556,built_up,Medium,27.98941,0.35525778,Cool roof,401310.0,1.0,2.491839226533104e-06
+102028+29088,26.130644142018244,91.6537609654748,grassland,Medium,24.327362,0.16474713,Tree cover,334425.0,0.8,2.39216565747178e-06
+102028+29089,26.131542457579823,91.653760965551,grassland,Medium,25.828094,0.37100658,Tree cover,334425.0,0.8,2.39216565747178e-06
+102028+29090,26.132440772671195,91.6537609655816,grassland,Medium,26.68039,0.41020402,Tree cover,334425.0,0.8,2.39216565747178e-06
+102028+29091,26.133339088153225,91.65376096556685,cropland,Medium,27.353485,0.45269245,Tree cover,334425.0,0.8,2.39216565747178e-06
+102028+29092,26.1342374032544,91.65376096550668,cropland,Medium,28.712006,0.42608654,Tree cover,334425.0,0.8,2.39216565747178e-06
+102028+29093,26.135135718657484,91.65376096540092,cropland,High,30.246307,0.46810117,Green park,1025570.0,2.0,1.9501350468519945e-06
+102028+29094,26.136034034447057,91.65376096547546,cropland,High,30.281067,0.43434533,Green park,1025570.0,2.0,1.9501350468519945e-06
+102028+29095,26.13693234886089,91.653760965505,cropland,High,29.93988,0.40913406,Green park,1025570.0,2.0,1.9501350468519945e-06
+102028+29096,26.13783066466918,91.65376096548898,cropland,High,29.562592,0.40894789,Green park,1025570.0,2.0,1.9501350468519945e-06
+102028+29097,26.138728979862098,91.65376096565322,built_up,Medium,28.399567,0.3701334,Cool roof,401310.0,1.0,2.491839226533104e-06
+102029+29090,26.132440772547323,91.65465928142602,grassland,Medium,24.67044,0.24746011,Tree cover,334425.0,0.8,2.39216565747178e-06
+102029+29091,26.13333908817457,91.6546592813136,grassland,Medium,25.556305,0.28848952,Tree cover,334425.0,0.8,2.39216565747178e-06
+102029+29092,26.134237403239425,91.65465928138164,cropland,Medium,29.294037,0.4468541,Tree cover,334425.0,0.8,2.39216565747178e-06
+102029+29093,26.1351357187879,91.65465928163064,cropland,High,30.644623,0.4737339,Green park,1025570.0,2.0,1.9501350468519945e-06
+102029+29094,26.13603403417689,91.65465928138272,cropland,Medium,29.931,0.48598605,Tree cover,334425.0,0.8,2.39216565747178e-06
+102029+29095,26.13693234910037,91.6546592813151,cropland,Medium,28.526917,0.4352047,Tree cover,334425.0,0.8,2.39216565747178e-06
+102029+29096,26.137830664507927,91.65465928142817,cropland,Medium,28.609589,0.49329886,Tree cover,334425.0,0.8,2.39216565747178e-06
+102029+29097,26.13872898002842,91.6546592812702,cropland,Medium,28.665161,0.48305967,Tree cover,334425.0,0.8,2.39216565747178e-06
+102030+29087,26.12974582696147,91.6555575961838,cropland,Medium,27.474213,0.49755597,Tree cover,334425.0,0.8,2.39216565747178e-06
+102030+29088,26.130644142019182,91.65555759610857,cropland,Medium,25.554413,0.43935096,Tree cover,334425.0,0.8,2.39216565747178e-06
+102030+29091,26.133339088117463,91.6555575962905,cropland,Medium,26.484467,0.42097217,Tree cover,334425.0,0.8,2.39216565747178e-06
+102030+29092,26.134237403327887,91.65555759626132,cropland,High,30.153229,0.44576073,Green park,1025570.0,2.0,1.9501350468519945e-06
+102030+29093,26.135135718657995,91.65555759596094,cropland,High,30.603973,0.48619252,Green park,1025570.0,2.0,1.9501350468519945e-06
+102030+29094,26.13603403419273,91.65555759606734,cropland,Medium,28.850739,0.47993398,Tree cover,334425.0,0.8,2.39216565747178e-06
+102030+29095,26.136932349079725,91.655557596129,cropland,Medium,26.898834,0.44315758,Tree cover,334425.0,0.8,2.39216565747178e-06
+102030+29096,26.137830664451133,91.65555759591986,cropland,Medium,27.549408,0.50388086,Tree cover,334425.0,0.8,2.39216565747178e-06
+102030+29097,26.138728979934992,91.65555759589142,cropland,Medium,28.863525,0.40742648,Tree cover,334425.0,0.8,2.39216565747178e-06
+102031+29087,26.12974582697028,91.65645591175766,grassland,Medium,25.24881,0.21879134,Tree cover,334425.0,0.8,2.39216565747178e-06
+102031+29088,26.13064414199185,91.65645591180994,grassland,Medium,24.509521,0.27248436,Tree cover,334425.0,0.8,2.39216565747178e-06
+102031+29090,26.13244077279053,91.65645591177994,grassland,Medium,24.644287,0.2664976,Tree cover,334425.0,0.8,2.39216565747178e-06
+102031+29091,26.13333908816378,91.65645591169783,grassland,High,25.582306,0.13170214,Green park,1025570.0,2.0,1.9501350468519945e-06
+102031+29092,26.13423740315585,91.65645591157104,cropland,Medium,28.628235,0.43837854,Tree cover,334425.0,0.8,2.39216565747178e-06
+102031+29093,26.13513571881376,91.65645591185124,cropland,Medium,30.330841,0.49379718,Tree cover,334425.0,0.8,2.39216565747178e-06
+102031+29094,26.13603403431235,91.65645591208651,cropland,Medium,28.90329,0.44720495,Tree cover,334425.0,0.8,2.39216565747178e-06
+102031+29095,26.136932348981336,91.6564559120512,cropland,Medium,27.348785,0.3510921,Tree cover,334425.0,0.8,2.39216565747178e-06
+102031+29096,26.13783066431645,91.65645591197116,cropland,Medium,28.438995,0.40200382,Tree cover,334425.0,0.8,2.39216565747178e-06
+102031+29097,26.13872897994604,91.65645591184618,cropland,Medium,28.732697,0.42049277,Tree cover,334425.0,0.8,2.39216565747178e-06
+102031+29098,26.139627295111428,91.65645591190236,built_up,Medium,28.434967,0.43944582,Cool roof,401310.0,1.0,2.491839226533104e-06
+102032+29085,26.127949196243343,91.65735422679325,cropland,Medium,27.951813,0.5068537,Tree cover,334425.0,0.8,2.39216565747178e-06
+102032+29087,26.1297458270818,91.65735422683466,grassland,Medium,24.245026,0.267239,Tree cover,334425.0,0.8,2.39216565747178e-06
+102032+29088,26.1306441418852,91.6573542267884,grassland,Medium,24.00412,0.07256315,Tree cover,334425.0,0.8,2.39216565747178e-06
+102032+29089,26.1315424574836,91.65735422669768,grassland,Medium,25.700775,0.32974875,Tree cover,334425.0,0.8,2.39216565747178e-06
+102032+29090,26.132440772794176,91.65735422678848,cropland,Medium,28.09375,0.47153997,Tree cover,334425.0,0.8,2.39216565747178e-06
+102032+29091,26.133339088131137,91.6573542268346,cropland,Medium,28.145721,0.3676889,Tree cover,334425.0,0.8,2.39216565747178e-06
+102032+29093,26.13513571889141,91.65735422656724,cropland,Medium,27.997284,0.33590856,Tree cover,334425.0,0.8,2.39216565747178e-06
+102032+29094,26.13603403435388,91.65735422647988,cropland,Medium,27.222076,0.27719173,Tree cover,334425.0,0.8,2.39216565747178e-06
+102032+29095,26.13693234898676,91.65735422657342,cropland,Medium,28.888824,0.45777178,Tree cover,334425.0,0.8,2.39216565747178e-06
+102032+29096,26.137830664285907,91.65735422662227,cropland,High,29.49527,0.4244012,Green park,1025570.0,2.0,1.9501350468519945e-06
+102032+29098,26.13962729500898,91.65735422681318,built_up,Medium,28.168488,0.3799443,Cool roof,401310.0,1.0,2.491839226533104e-06
+102032+29099,26.14052561034761,91.65735422672851,built_up,Medium,28.01773,0.33998793,Cool roof,401310.0,1.0,2.491839226533104e-06
+102032+29100,26.14142392571099,91.65735422682503,cropland,Medium,28.78714,0.487251,Tree cover,334425.0,0.8,2.39216565747178e-06
+102032+29101,26.142322240977663,91.65735422687726,cropland,Medium,29.159943,0.47165015,Tree cover,334425.0,0.8,2.39216565747178e-06
+102033+29085,26.12794919616488,91.65825254249826,grassland,Medium,26.209137,0.35262084,Tree cover,334425.0,0.8,2.39216565747178e-06
+102033+29086,26.12884751191766,91.65825254244226,grassland,Medium,24.453064,0.09379722,Tree cover,334425.0,0.8,2.39216565747178e-06
+102033+29087,26.12974582693177,91.65825254234196,grassland,Medium,23.864319,0.033923894,Tree cover,334425.0,0.8,2.39216565747178e-06
+102033+29088,26.13064414188144,91.6582525421974,grassland,Medium,23.984406,0.05176385,Tree cover,334425.0,0.8,2.39216565747178e-06
+102033+29089,26.13154245762627,91.65825254246047,grassland,Medium,26.391388,0.38111106,Tree cover,334425.0,0.8,2.39216565747178e-06
+102033+29090,26.132440772718844,91.65825254245324,cropland,High,29.485046,0.4070184,Green park,1025570.0,2.0,1.9501350468519945e-06
+102033+29091,26.13333908820191,91.65825254240148,cropland,High,30.124725,0.4019195,Green park,1025570.0,2.0,1.9501350468519945e-06
+102033+29092,26.134237403122583,91.65825254253151,cropland,Medium,28.660797,0.39602083,Tree cover,334425.0,0.8,2.39216565747178e-06
+102033+29093,26.1351357187086,91.65825254261708,cropland,High,28.953583,0.3755732,Green park,1025570.0,2.0,1.9501350468519945e-06
+102033+29094,26.136034034317323,91.65825254243228,cropland,Medium,29.190887,0.41229877,Tree cover,334425.0,0.8,2.39216565747178e-06
+102033+29095,26.136932349096288,91.65825254242928,cropland,Medium,29.454254,0.46318054,Tree cover,334425.0,0.8,2.39216565747178e-06
+102033+29096,26.137830664359672,91.65825254260784,cropland,Medium,29.293121,0.43786687,Tree cover,334425.0,0.8,2.39216565747178e-06
+102033+29099,26.14052561031388,91.65825254219926,built_up,Medium,27.551208,0.3858363,Cool roof,401310.0,1.0,2.491839226533104e-06
+102033+29101,26.14232224105425,91.65825254238295,grassland,Medium,29.032928,0.47712982,Tree cover,334425.0,0.8,2.39216565747178e-06
+102034+29084,26.127050881128824,91.65915085709383,cropland,Medium,27.601776,0.3921502,Tree cover,334425.0,0.8,2.39216565747178e-06
+102034+29086,26.128847511905946,91.65915085728048,grassland,Medium,24.830261,0.19494359,Tree cover,334425.0,0.8,2.39216565747178e-06
+102034+29087,26.12974582688444,91.65915085730752,grassland,Medium,25.25473,0.38413385,Tree cover,334425.0,0.8,2.39216565747178e-06
+102034+29088,26.13064414198056,91.65915085751634,grassland,Medium,24.27832,0.33685127,Tree cover,334425.0,0.8,2.39216565747178e-06
+102034+29090,26.13244077256456,91.6591508573497,cropland,Medium,28.43637,0.41319174,Tree cover,334425.0,0.8,2.39216565747178e-06
+102034+29091,26.13333908819424,91.6591508572005,cropland,Medium,29.966766,0.46628547,Tree cover,334425.0,0.8,2.39216565747178e-06
+102034+29092,26.13423740326119,91.65915085723287,cropland,Medium,30.443085,0.53856474,Tree cover,334425.0,0.8,2.39216565747178e-06
+102034+29093,26.13513571862938,91.65915085722102,cropland,High,30.810394,0.44266275,Green park,1025570.0,2.0,1.9501350468519945e-06
+102034+29094,26.136034034202524,91.65915085716507,cropland,High,31.297882,0.4314095,Green park,1025570.0,2.0,1.9501350468519945e-06
+102034+29095,26.136932349310133,91.65915085729095,cropland,High,30.314789,0.43373108,Green park,1025570.0,2.0,1.9501350468519945e-06
+102034+29096,26.1378306643557,91.65915085737277,cropland,High,29.09903,0.37831876,Green park,1025570.0,2.0,1.9501350468519945e-06
+102034+29098,26.139627294935853,91.65915085717816,cropland,Medium,28.799896,0.41244996,Tree cover,334425.0,0.8,2.39216565747178e-06
+102034+29100,26.14142392604089,91.65915085748448,built_up,Medium,27.636902,0.37349564,Cool roof,401310.0,1.0,2.491839226533104e-06
+102034+29101,26.14232224087196,91.65915085734558,built_up,Medium,28.38034,0.36559576,Cool roof,401310.0,1.0,2.491839226533104e-06
+102034+29102,26.143220556088377,91.6591508571628,built_up,High,28.806122,0.3520629,Cool roof,401310.0,1.0,2.491839226533104e-06
+102035+29083,26.126152565520247,91.6600491732014,cropland,Medium,29.746643,0.48382252,Tree cover,334425.0,0.8,2.39216565747178e-06
+102035+29084,26.12705088110843,91.66004917326164,cropland,Medium,29.626495,0.4630309,Tree cover,334425.0,0.8,2.39216565747178e-06
+102035+29085,26.127949196133105,91.66004917305176,cropland,Medium,28.52945,0.48806083,Tree cover,334425.0,0.8,2.39216565747178e-06
+102035+29086,26.12884751199676,91.66004917302386,cropland,Medium,27.651825,0.49842924,Tree cover,334425.0,0.8,2.39216565747178e-06
+102035+29087,26.129745826939835,91.66004917317822,cropland,Medium,27.319122,0.51628536,Tree cover,334425.0,0.8,2.39216565747178e-06
+102035+29088,26.130644142000524,91.66004917306287,grassland,Medium,24.73645,0.30921006,Tree cover,334425.0,0.8,2.39216565747178e-06
+102035+29089,26.131542457492124,91.6600491729037,grassland,High,24.137115,0.03690283,Green park,1025570.0,2.0,1.9501350468519945e-06
+102035+29090,26.13244077269556,91.66004917292632,cropland,Medium,27.577484,0.4467536,Tree cover,334425.0,0.8,2.39216565747178e-06
+102035+29091,26.133339088107764,91.6600491731308,cropland,Medium,29.10431,0.45744136,Tree cover,334425.0,0.8,2.39216565747178e-06
+102035+29092,26.13423740332117,91.66004917306552,cropland,Medium,29.77597,0.4952822,Tree cover,334425.0,0.8,2.39216565747178e-06
+102035+29093,26.135135718654105,91.66004917318251,cropland,Medium,29.613495,0.56266046,Tree cover,334425.0,0.8,2.39216565747178e-06
+102035+29094,26.13603403419166,91.66004917325569,cropland,High,30.478973,0.44330937,Green park,1025570.0,2.0,1.9501350468519945e-06
+102035+29095,26.136932349263844,91.6600491730589,cropland,High,30.309906,0.46351138,Green park,1025570.0,2.0,1.9501350468519945e-06
+102035+29096,26.13783066445604,91.66004917304416,built_up,Medium,29.309784,0.43232566,Cool roof,401310.0,1.0,2.491839226533104e-06
+102035+29097,26.13872897976068,91.66004917321123,built_up,High,29.20813,0.38483316,Cool roof,401310.0,1.0,2.491839226533104e-06
+102035+29098,26.13962729496502,91.66004917310842,grassland,Medium,29.709625,0.47176668,Tree cover,334425.0,0.8,2.39216565747178e-06
+102035+29101,26.142322240612835,91.66004917298882,built_up,Medium,28.014923,0.33438373,Cool roof,401310.0,1.0,2.491839226533104e-06
+102035+29102,26.14322055615772,91.66004917293608,built_up,Medium,28.625824,0.38559258,Cool roof,401310.0,1.0,2.491839226533104e-06
+102036+29083,26.126152565637284,91.66094748779616,cropland,Medium,30.143951,0.48187223,Tree cover,334425.0,0.8,2.39216565747178e-06
+102036+29084,26.127050881008167,91.66094748775676,cropland,High,30.092255,0.44716716,Green park,1025570.0,2.0,1.9501350468519945e-06
+102036+29085,26.12794919617949,91.6609474878998,cropland,Medium,28.963013,0.4677947,Tree cover,334425.0,0.8,2.39216565747178e-06
+102036+29086,26.12884751200805,91.66094748799922,cropland,Medium,28.242584,0.5185495,Tree cover,334425.0,0.8,2.39216565747178e-06
+102036+29087,26.129745826915883,91.66094748782916,cropland,Medium,27.23413,0.5114025,Tree cover,334425.0,0.8,2.39216565747178e-06
+102036+29088,26.130644141941165,91.66094748784116,grassland,Medium,24.357056,0.097703144,Tree cover,334425.0,0.8,2.39216565747178e-06
+102036+29089,26.131542457397515,91.66094748780932,grassland,High,23.933807,0.027125219,Green park,1025570.0,2.0,1.9501350468519945e-06
+102036+29092,26.13423740312084,91.66094748790444,cropland,Medium,27.70456,0.43906552,Tree cover,334425.0,0.8,2.39216565747178e-06
+102036+29094,26.136034034284755,91.66094748789972,cropland,Medium,27.68219,0.37810346,Tree cover,334425.0,0.8,2.39216565747178e-06
+102036+29095,26.13693234895761,91.66094748783205,cropland,Medium,28.842072,0.43522808,Tree cover,334425.0,0.8,2.39216565747178e-06
+102036+29096,26.13783066466052,91.66094748772052,cropland,High,29.385529,0.39117932,Green park,1025570.0,2.0,1.9501350468519945e-06
+102036+29097,26.138728979747707,91.66094748779108,cropland,Medium,29.249176,0.41552094,Tree cover,334425.0,0.8,2.39216565747178e-06
+102036+29098,26.13962729491697,91.6609474878182,cropland,Medium,29.647888,0.48232335,Tree cover,334425.0,0.8,2.39216565747178e-06
+102036+29099,26.14052561029543,91.66094748802738,grassland,Medium,29.149384,0.4898629,Tree cover,334425.0,0.8,2.39216565747178e-06
+102037+29082,26.12525425099865,91.66184580316752,cropland,High,29.695923,0.43156058,Green park,1025570.0,2.0,1.9501350468519945e-06
+102037+29083,26.1261525656741,91.66184580307252,cropland,Medium,30.054718,0.5109336,Tree cover,334425.0,0.8,2.39216565747178e-06
+102037+29084,26.12705088101008,91.66184580315996,cropland,Medium,29.648193,0.4524783,Tree cover,334425.0,0.8,2.39216565747178e-06
+102037+29085,26.127949196328217,91.66184580320382,cropland,Medium,28.600128,0.50436914,Tree cover,334425.0,0.8,2.39216565747178e-06
+102037+29088,26.13064414198452,91.6618458030748,cropland,Medium,26.575592,0.4402756,Tree cover,334425.0,0.8,2.39216565747178e-06
+102037+29096,26.13783066460506,91.66184580330408,built_up,High,28.699127,0.36820158,Cool roof,401310.0,1.0,2.491839226533104e-06
+102037+29097,26.13872897983939,91.66184580327848,cropland,Medium,28.79007,0.5046936,Tree cover,334425.0,0.8,2.39216565747178e-06
+102037+29098,26.139627294973582,91.66184580343536,cropland,Medium,28.458038,0.4729245,Tree cover,334425.0,0.8,2.39216565747178e-06
+102037+29099,26.140525610316647,91.66184580332276,cropland,Medium,29.114655,0.48266512,Tree cover,334425.0,0.8,2.39216565747178e-06
+102038+29081,26.12435593496722,91.66274411905536,cropland,High,29.173492,0.4000169,Green park,1025570.0,2.0,1.9501350468519945e-06
+102038+29082,26.12525425099048,91.6627441189039,cropland,Medium,29.61264,0.47360477,Tree cover,334425.0,0.8,2.39216565747178e-06
+102038+29083,26.12615256563103,91.66274411893532,cropland,Medium,29.910187,0.46266752,Tree cover,334425.0,0.8,2.39216565747178e-06
+102038+29084,26.127050881114013,91.66274411892338,cropland,Medium,29.207031,0.47989178,Tree cover,334425.0,0.8,2.39216565747178e-06
+102038+29088,26.130644141948896,91.66274411889532,cropland,Medium,28.207733,0.51887286,Tree cover,334425.0,0.8,2.39216565747178e-06
+102038+29089,26.13154245769939,91.6627441186673,cropland,Medium,27.433563,0.4871317,Tree cover,334425.0,0.8,2.39216565747178e-06
+102038+29093,26.13513571880416,91.66274411867838,cropland,Medium,27.453796,0.48746118,Tree cover,334425.0,0.8,2.39216565747178e-06
+102038+29094,26.13603403423652,91.66274411868596,cropland,Medium,28.371826,0.4921855,Tree cover,334425.0,0.8,2.39216565747178e-06
+102038+29097,26.138728979853354,91.66274411890105,cropland,Medium,27.566864,0.5042531,Tree cover,334425.0,0.8,2.39216565747178e-06
+102038+29098,26.13962729495266,91.66274411873552,cropland,Medium,27.440704,0.4437582,Tree cover,334425.0,0.8,2.39216565747178e-06
+102038+29099,26.14052561026084,91.66274411875293,cropland,Medium,28.235138,0.505778,Tree cover,334425.0,0.8,2.39216565747178e-06
+102038+29114,26.154000339441435,91.66274411878877,built_up,Medium,27.612518,0.41120744,Cool roof,401310.0,1.0,2.491839226533104e-06
+102039+29081,26.12435593509542,91.66364243376628,cropland,Medium,28.181976,0.46795645,Tree cover,334425.0,0.8,2.39216565747178e-06
+102039+29082,26.125254250902067,91.6636424339671,cropland,Medium,28.985596,0.51671624,Tree cover,334425.0,0.8,2.39216565747178e-06
+102039+29083,26.1261525656898,91.66364243389889,cropland,Medium,28.86789,0.49344483,Tree cover,334425.0,0.8,2.39216565747178e-06
+102039+29084,26.12705088095585,91.66364243378752,cropland,Medium,28.253723,0.4343475,Tree cover,334425.0,0.8,2.39216565747178e-06
+102039+29086,26.128847511746223,91.66364243388789,cropland,Medium,27.190826,0.4567517,Tree cover,334425.0,0.8,2.39216565747178e-06
+102039+29087,26.129745827095537,91.6636424338735,cropland,Medium,28.550629,0.5152155,Tree cover,334425.0,0.8,2.39216565747178e-06
+102039+29088,26.130644141833937,91.66364243404205,cropland,Medium,28.820587,0.5062474,Tree cover,334425.0,0.8,2.39216565747178e-06
+102039+29089,26.13154245754972,91.66364243394176,cropland,Medium,28.004913,0.53355783,Tree cover,334425.0,0.8,2.39216565747178e-06
+102039+29094,26.136034034277053,91.66364243415042,cropland,Medium,28.432465,0.45861316,Tree cover,334425.0,0.8,2.39216565747178e-06
+102039+29095,26.13693234902696,91.66364243379198,cropland,Medium,28.38498,0.46486884,Tree cover,334425.0,0.8,2.39216565747178e-06
+102039+29098,26.13962729503623,91.66364243403984,cropland,Medium,26.118896,0.3676138,Tree cover,334425.0,0.8,2.39216565747178e-06
+102039+29099,26.140525610127664,91.66364243396092,cropland,Medium,27.395111,0.4933764,Tree cover,334425.0,0.8,2.39216565747178e-06
+102039+29115,26.15489865496565,91.6636424336228,built_up,Medium,27.593292,0.32289982,Cool roof,401310.0,1.0,2.491839226533104e-06
+102039+29116,26.15579697013545,91.6636424337157,cropland,Medium,26.837677,0.29851732,Tree cover,334425.0,0.8,2.39216565747178e-06
+102039+29117,26.15669528542578,91.66364243376538,grassland,Medium,27.599518,0.39200884,Tree cover,334425.0,0.8,2.39216565747178e-06
+102039+29120,26.15939023104921,91.6636424338816,built_up,High,27.741241,0.24487749,Cool roof,401310.0,1.0,2.491839226533104e-06
+102040+29081,26.124355935143363,91.66454074908866,cropland,Medium,27.700409,0.3994524,Tree cover,334425.0,0.8,2.39216565747178e-06
+102040+29082,26.125254250915155,91.66454074896356,cropland,Medium,28.78244,0.5306173,Tree cover,334425.0,0.8,2.39216565747178e-06
+102040+29083,26.126152565668352,91.66454074902136,cropland,Medium,28.385345,0.45262596,Tree cover,334425.0,0.8,2.39216565747178e-06
+102040+29084,26.12705088108208,91.66454074926273,cropland,Medium,28.211395,0.49839666,Tree cover,334425.0,0.8,2.39216565747178e-06
+102040+29085,26.127949196296253,91.66454074923529,cropland,Medium,27.301239,0.4224405,Tree cover,334425.0,0.8,2.39216565747178e-06
+102040+29086,26.12884751180323,91.66454074916513,cropland,Medium,28.542511,0.46771455,Tree cover,334425.0,0.8,2.39216565747178e-06
+102040+29087,26.129745827118004,91.66454074927807,cropland,Medium,29.457123,0.49755928,Tree cover,334425.0,0.8,2.39216565747178e-06
+102040+29088,26.13064414182187,91.66454074912242,cropland,Medium,29.192902,0.49225748,Tree cover,334425.0,0.8,2.39216565747178e-06
+102040+29089,26.13154245750295,91.66454074914972,cropland,Medium,27.960297,0.46005082,Tree cover,334425.0,0.8,2.39216565747178e-06
+102040+29090,26.132440772713988,91.66454074913425,cropland,Medium,28.544586,0.49311185,Tree cover,334425.0,0.8,2.39216565747178e-06
+102040+29091,26.13333908831552,91.66454074907628,cropland,Medium,27.768066,0.51432127,Tree cover,334425.0,0.8,2.39216565747178e-06
+102040+29095,26.136932348954875,91.66454074909292,built_up,Medium,28.122894,0.39730757,Cool roof,401310.0,1.0,2.491839226533104e-06
+102040+29096,26.13783066470062,91.6645407492724,cropland,Medium,28.832825,0.3917379,Tree cover,334425.0,0.8,2.39216565747178e-06
+102040+29097,26.13872897983049,91.66454074918326,cropland,Medium,27.450531,0.39484572,Tree cover,334425.0,0.8,2.39216565747178e-06
+102040+29115,26.15489865492977,91.66454074929167,built_up,Medium,27.221283,0.42193767,Cool roof,401310.0,1.0,2.491839226533104e-06
+102040+29120,26.159390231022048,91.66454074909144,built_up,High,27.808075,0.2402545,Cool roof,401310.0,1.0,2.491839226533104e-06
+102041+29079,26.122559304892867,91.6654390646424,cropland,Medium,26.741547,0.3539049,Tree cover,334425.0,0.8,2.39216565747178e-06
+102041+29080,26.123457619947,91.66543906450288,cropland,Medium,25.891144,0.2742438,Tree cover,334425.0,0.8,2.39216565747178e-06
+102041+29081,26.12435593511057,91.66543906454652,cropland,Medium,27.783905,0.4426301,Tree cover,334425.0,0.8,2.39216565747178e-06
+102041+29082,26.125254250848,91.66543906454764,cropland,Medium,29.53891,0.48732483,Tree cover,334425.0,0.8,2.39216565747178e-06
+102041+29083,26.1261525657489,91.66543906450644,cropland,Medium,29.725555,0.46229735,Tree cover,334425.0,0.8,2.39216565747178e-06
+102041+29084,26.127050881128284,91.66543906442234,cropland,Medium,29.558197,0.49377322,Tree cover,334425.0,0.8,2.39216565747178e-06
+102041+29086,26.12884751196276,91.66543906435284,cropland,Medium,28.105316,0.43460563,Tree cover,334425.0,0.8,2.39216565747178e-06
+102041+29087,26.129745827060965,91.66543906436704,cropland,Medium,29.666412,0.48056084,Tree cover,334425.0,0.8,2.39216565747178e-06
+102041+29088,26.13064414173065,91.66543906433874,cropland,Medium,29.319,0.5268824,Tree cover,334425.0,0.8,2.39216565747178e-06
+102041+29089,26.13154245755909,91.66543906426791,cropland,Medium,27.411072,0.5280368,Tree cover,334425.0,0.8,2.39216565747178e-06
+102041+29090,26.132440772736096,91.66543906438044,cropland,Medium,27.510956,0.48173392,Tree cover,334425.0,0.8,2.39216565747178e-06
+102041+29091,26.133339088302936,91.66543906445024,cropland,Medium,28.4122,0.51216775,Tree cover,334425.0,0.8,2.39216565747178e-06
+102041+29092,26.1342374031255,91.66543906447754,cropland,Medium,27.730438,0.40606448,Tree cover,334425.0,0.8,2.39216565747178e-06
+102041+29096,26.137830664515946,91.66543906438726,cropland,High,29.260162,0.38373432,Green park,1025570.0,2.0,1.9501350468519945e-06
+102041+29097,26.13872897979383,91.66543906420176,cropland,High,29.156342,0.39752316,Green park,1025570.0,2.0,1.9501350468519945e-06
+102041+29098,26.13962729515313,91.6654390644253,cropland,Medium,26.069,0.25648868,Tree cover,334425.0,0.8,2.39216565747178e-06
+102041+29099,26.14052561017567,91.66543906460632,grassland,Medium,27.143524,0.43264806,Tree cover,334425.0,0.8,2.39216565747178e-06
+102041+29122,26.161186861804552,91.6654390644621,grassland,Medium,27.229431,0.42418858,Tree cover,334425.0,0.8,2.39216565747178e-06
+102042+29079,26.12255930484803,91.66633737965157,cropland,High,26.119537,0.11071433,Green park,1025570.0,2.0,1.9501350468519945e-06
+102042+29080,26.12345761986797,91.6663373796374,cropland,Medium,25.783295,0.26778576,Tree cover,334425.0,0.8,2.39216565747178e-06
+102042+29081,26.12435593517928,91.66633737958098,cropland,Medium,27.435455,0.3705226,Tree cover,334425.0,0.8,2.39216565747178e-06
+102042+29082,26.12525425088285,91.6663373797083,cropland,Medium,29.508392,0.4398542,Tree cover,334425.0,0.8,2.39216565747178e-06
+102042+29083,26.1261525657494,91.66633737979332,cropland,Medium,29.547546,0.4608773,Tree cover,334425.0,0.8,2.39216565747178e-06
+102042+29084,26.12705088109443,91.66633737983608,cropland,Medium,28.227844,0.5352225,Tree cover,334425.0,0.8,2.39216565747178e-06
+102042+29086,26.128847512042608,91.66633737979429,cropland,Medium,27.542755,0.4667255,Tree cover,334425.0,0.8,2.39216565747178e-06
+102042+29087,26.12974582692459,91.66633737970996,cropland,Medium,29.682129,0.47665936,Tree cover,334425.0,0.8,2.39216565747178e-06
+102042+29088,26.13064414174197,91.66633737958313,cropland,High,30.098358,0.4511141,Green park,1025570.0,2.0,1.9501350468519945e-06
+102042+29089,26.131542457718616,91.66633737986592,cropland,Medium,28.278687,0.58596647,Tree cover,334425.0,0.8,2.39216565747178e-06
+102042+29091,26.1333390882119,91.66633737962664,cropland,High,28.746368,0.3715512,Green park,1025570.0,2.0,1.9501350468519945e-06
+102042+29098,26.13962729518628,91.66633737960105,cropland,Medium,27.554718,0.38453442,Tree cover,334425.0,0.8,2.39216565747178e-06
+102042+29099,26.14052561017481,91.66633737946007,cropland,Medium,27.719116,0.38498873,Tree cover,334425.0,0.8,2.39216565747178e-06
+102042+29104,26.145017186608445,91.6663373797016,built_up,Medium,27.006012,0.3653401,Cool roof,401310.0,1.0,2.491839226533104e-06
+102042+29107,26.147712132927293,91.66633737974456,built_up,Medium,27.902222,0.36291566,Cool roof,401310.0,1.0,2.491839226533104e-06
+102042+29117,26.15669528561543,91.66633737984112,built_up,Medium,26.334503,0.3661786,Cool roof,401310.0,1.0,2.491839226533104e-06
+102042+29121,26.16028854720193,91.66633737986665,built_up,High,27.636536,0.27790236,Cool roof,401310.0,1.0,2.491839226533104e-06
+102043+29078,26.12166098926747,91.66723569491543,cropland,Medium,29.185516,0.4867649,Tree cover,334425.0,0.8,2.39216565747178e-06
+102043+29079,26.122559304904485,91.66723569506932,cropland,Medium,27.523682,0.3520625,Tree cover,334425.0,0.8,2.39216565747178e-06
+102043+29080,26.12345761989025,91.66723569518116,cropland,Medium,25.77472,0.17230844,Tree cover,334425.0,0.8,2.39216565747178e-06
+102043+29081,26.12435593516772,91.6672356952509,cropland,Medium,25.92279,0.22333032,Tree cover,334425.0,0.8,2.39216565747178e-06
+102043+29082,26.125254251019022,91.66723569527818,cropland,Medium,27.417084,0.3695162,Tree cover,334425.0,0.8,2.39216565747178e-06
+102043+29083,26.12615256566985,91.6672356952634,cropland,Medium,27.76175,0.51553196,Tree cover,334425.0,0.8,2.39216565747178e-06
+102043+29085,26.12794919609251,91.66723569488217,cropland,Medium,26.88211,0.48867643,Tree cover,334425.0,0.8,2.39216565747178e-06
+102043+29088,26.13064414185636,91.66723569523674,cropland,High,29.964142,0.45734036,Green park,1025570.0,2.0,1.9501350468519945e-06
+102043+29089,26.13154245779884,91.6672356951954,cropland,Medium,29.438568,0.42861214,Tree cover,334425.0,0.8,2.39216565747178e-06
+102043+29090,26.132440772543085,91.66723569511196,cropland,Medium,28.855743,0.39042443,Tree cover,334425.0,0.8,2.39216565747178e-06
+102043+29091,26.13333908822412,91.6672356952123,cropland,High,29.044647,0.3948849,Green park,1025570.0,2.0,1.9501350468519945e-06
+102043+29092,26.134237403160057,91.66723569527038,cropland,High,29.595306,0.35862967,Green park,1025570.0,2.0,1.9501350468519945e-06
+102043+29093,26.135135718761816,91.66723569528638,cropland,High,30.497162,0.37762153,Green park,1025570.0,2.0,1.9501350468519945e-06
+102043+29098,26.13962729496018,91.66723569518643,cropland,Medium,28.237091,0.42501867,Tree cover,334425.0,0.8,2.39216565747178e-06
+102043+29099,26.140525610278456,91.66723569517548,cropland,High,28.370209,0.33648792,Green park,1025570.0,2.0,1.9501350468519945e-06
+102043+29105,26.145915501764,91.66723569512791,built_up,Medium,27.074432,0.36165735,Cool roof,401310.0,1.0,2.491839226533104e-06
+102043+29106,26.146813817519984,91.66723569527356,built_up,Medium,27.59201,0.39199293,Cool roof,401310.0,1.0,2.491839226533104e-06
+102043+29117,26.15669528565208,91.6672356949956,built_up,Medium,26.214478,0.36988327,Cool roof,401310.0,1.0,2.491839226533104e-06
+102043+29119,26.15849191610693,91.66723569513545,built_up,Medium,26.608429,0.38684767,Cool roof,401310.0,1.0,2.491839226533104e-06
+102043+29123,26.162085177242865,91.66723569490895,built_up,High,27.300934,0.27150512,Cool roof,401310.0,1.0,2.491839226533104e-06
+102044+29078,26.12166098927697,91.668134010345,cropland,High,27.462006,0.25578916,Green park,1025570.0,2.0,1.9501350468519945e-06
+102044+29079,26.12255930506207,91.6681340103984,cropland,Medium,26.855865,0.27447793,Tree cover,334425.0,0.8,2.39216565747178e-06
+102044+29080,26.12345761983196,91.66813401040972,cropland,High,26.271637,0.18604916,Green park,1025570.0,2.0,1.9501350468519945e-06
+102044+29081,26.124355935257817,91.66813401037942,cropland,Medium,25.933868,0.24822849,Tree cover,334425.0,0.8,2.39216565747178e-06
+102044+29082,26.125254250892905,91.66813401030748,cropland,Medium,26.630157,0.4051186,Tree cover,334425.0,0.8,2.39216565747178e-06
+102044+29083,26.12615256569197,91.66813401019324,cropland,Medium,27.281982,0.47226244,Tree cover,334425.0,0.8,2.39216565747178e-06
+102044+29084,26.12705088096918,91.66813401048888,cropland,Medium,27.510773,0.40466687,Tree cover,334425.0,0.8,2.39216565747178e-06
+102044+29085,26.127949196046988,91.66813401051682,cropland,Medium,27.636932,0.49810204,Tree cover,334425.0,0.8,2.39216565747178e-06
+102044+29086,26.12884751196377,91.66813401027706,cropland,Medium,26.969147,0.48163137,Tree cover,334425.0,0.8,2.39216565747178e-06
+102044+29088,26.130644142073457,91.66813401034952,cropland,High,29.6763,0.41185394,Green park,1025570.0,2.0,1.9501350468519945e-06
+102044+29089,26.13154245761802,91.66813401043594,cropland,High,29.794159,0.38091156,Green park,1025570.0,2.0,1.9501350468519945e-06
+102044+29090,26.1324407725105,91.66813401025462,cropland,High,30.135162,0.38679665,Green park,1025570.0,2.0,1.9501350468519945e-06
+102044+29091,26.13333908833943,91.6681340102569,cropland,High,29.768799,0.34422457,Green park,1025570.0,2.0,1.9501350468519945e-06
+102044+29092,26.134237403059824,91.66813401021754,cropland,High,29.237946,0.36553875,Green park,1025570.0,2.0,1.9501350468519945e-06
+102044+29093,26.135135718809646,91.66813401013653,cropland,High,29.487793,0.42507488,Green park,1025570.0,2.0,1.9501350468519945e-06
+102044+29096,26.13783066458776,91.66813401054442,built_up,Medium,27.725983,0.33781284,Cool roof,401310.0,1.0,2.491839226533104e-06
+102044+29099,26.14052561012289,91.66813401034938,bare_sparse,High,27.957977,0.2937911,Green park,1025570.0,2.0,1.9501350468519945e-06
+102044+29103,26.14411887186853,91.6681340104058,built_up,Medium,27.534882,0.39879352,Cool roof,401310.0,1.0,2.491839226533104e-06
+102044+29105,26.145915501769245,91.66813401063418,built_up,Medium,26.955841,0.47471553,Cool roof,401310.0,1.0,2.491839226533104e-06
+102044+29106,26.14681381749125,91.66813401045935,built_up,High,27.701385,0.29785633,Cool roof,401310.0,1.0,2.491839226533104e-06
+102044+29118,26.157593600857293,91.6681340102854,built_up,Medium,26.814148,0.39158028,Cool roof,401310.0,1.0,2.491839226533104e-06
+102044+29122,26.161186861584305,91.6681340103146,built_up,High,27.874176,0.27797148,Cool roof,401310.0,1.0,2.491839226533104e-06
+102044+29123,26.162085177183656,91.66813401032996,built_up,High,27.363342,0.27205393,Cool roof,401310.0,1.0,2.491839226533104e-06
+102045+29077,26.120762673569462,91.66903232555906,cropland,Medium,28.677002,0.44085777,Tree cover,334425.0,0.8,2.39216565747178e-06
+102045+29079,26.122559304956653,91.66903232573227,cropland,Medium,28.144745,0.38978058,Tree cover,334425.0,0.8,2.39216565747178e-06
+102045+29080,26.12345761987512,91.66903232564374,cropland,Medium,28.137848,0.39791673,Tree cover,334425.0,0.8,2.39216565747178e-06
+102045+29081,26.12435593526733,91.6690323257394,cropland,Medium,27.764374,0.36989582,Tree cover,334425.0,0.8,2.39216565747178e-06
+102045+29082,26.125254250868785,91.66903232579324,cropland,Medium,28.157562,0.42105234,Tree cover,334425.0,0.8,2.39216565747178e-06
+102045+29083,26.12615256563404,91.66903232580567,cropland,Medium,27.85083,0.39465332,Tree cover,334425.0,0.8,2.39216565747178e-06
+102045+29084,26.127050881059656,91.6690323255504,cropland,Medium,28.038422,0.4528127,Tree cover,334425.0,0.8,2.39216565747178e-06
+102045+29085,26.127949196103653,91.669032325705,cropland,Medium,27.957336,0.4868799,Tree cover,334425.0,0.8,2.39216565747178e-06
+102045+29086,26.12884751198712,91.66903232604406,cropland,Medium,27.345459,0.48634884,Tree cover,334425.0,0.8,2.39216565747178e-06
+102045+29087,26.12974582676713,91.66903232588976,cropland,Medium,28.461884,0.39623213,Tree cover,334425.0,0.8,2.39216565747178e-06
+102045+29088,26.13064414221108,91.66903232569362,cropland,High,29.521881,0.4207547,Green park,1025570.0,2.0,1.9501350468519945e-06
+102045+29089,26.13154245754028,91.6690323256815,cropland,High,30.06784,0.46530083,Green park,1025570.0,2.0,1.9501350468519945e-06
+102045+29090,26.132440772398947,91.66903232562797,cropland,High,30.450165,0.4182951,Green park,1025570.0,2.0,1.9501350468519945e-06
+102045+29091,26.13333908837628,91.669032325533,cropland,High,30.706573,0.3969815,Green park,1025570.0,2.0,1.9501350468519945e-06
+102045+29092,26.13423740306287,91.66903232562186,cropland,High,29.409515,0.38261592,Green park,1025570.0,2.0,1.9501350468519945e-06
+102045+29095,26.13693234906301,91.66903232586432,built_up,Medium,28.091705,0.34749183,Cool roof,401310.0,1.0,2.491839226533104e-06
+102045+29096,26.13783066463827,91.66903232578665,built_up,Medium,27.668976,0.32889926,Cool roof,401310.0,1.0,2.491839226533104e-06
+102045+29101,26.142322240890497,91.66903232590091,built_up,Medium,27.901276,0.4979115,Cool roof,401310.0,1.0,2.491839226533104e-06
+102045+29105,26.145915501880392,91.66903232569366,cropland,Medium,26.93814,0.48297867,Tree cover,334425.0,0.8,2.39216565747178e-06
+102045+29122,26.161186861667822,91.66903232605752,built_up,High,27.686005,0.23915328,Cool roof,401310.0,1.0,2.491839226533104e-06
+102045+29127,26.16567843833096,91.66903232571396,built_up,High,27.355927,0.27712107,Cool roof,401310.0,1.0,2.491839226533104e-06
+102045+29129,26.167475068484123,91.6690323257809,built_up,High,27.613312,0.25040588,Cool roof,401310.0,1.0,2.491839226533104e-06
+102046+29076,26.11986435904631,91.66993064109413,cropland,Medium,30.1073,0.48027337,Tree cover,334425.0,0.8,2.39216565747178e-06
+102046+29077,26.12076267363228,91.66993064102952,cropland,Medium,30.188995,0.5789648,Tree cover,334425.0,0.8,2.39216565747178e-06
+102046+29078,26.12166098941679,91.66993064092352,cropland,Medium,30.342438,0.5578985,Tree cover,334425.0,0.8,2.39216565747178e-06
+102046+29079,26.12255930495254,91.66993064100193,cropland,Medium,29.561005,0.5737453,Tree cover,334425.0,0.8,2.39216565747178e-06
+102046+29080,26.12345761983769,91.66993064103896,cropland,High,29.533295,0.41911602,Green park,1025570.0,2.0,1.9501350468519945e-06
+102046+29081,26.12435593519612,91.66993064080847,cropland,High,29.425323,0.39227068,Green park,1025570.0,2.0,1.9501350468519945e-06
+102046+29082,26.12525425112838,91.66993064098834,cropland,High,30.279205,0.41341195,Green park,1025570.0,2.0,1.9501350468519945e-06
+102046+29083,26.12615256549604,91.66993064112675,cropland,Medium,29.324188,0.42135635,Tree cover,334425.0,0.8,2.39216565747178e-06
+102046+29084,26.127050881070254,91.669930641224,cropland,Medium,28.512695,0.5737586,Tree cover,334425.0,0.8,2.39216565747178e-06
+102046+29085,26.127949196262843,91.66993064128005,cropland,Medium,28.565826,0.50040406,Tree cover,334425.0,0.8,2.39216565747178e-06
+102046+29086,26.12884751193045,91.66993064106822,cropland,High,29.012482,0.36101636,Green park,1025570.0,2.0,1.9501350468519945e-06
+102046+29087,26.129745826677333,91.66993064104082,cropland,Medium,28.773407,0.5140182,Tree cover,334425.0,0.8,2.39216565747178e-06
+102046+29088,26.13064414208765,91.66993064097242,cropland,Medium,29.046844,0.49985984,Tree cover,334425.0,0.8,2.39216565747178e-06
+102046+29089,26.13154245756528,91.66993064086242,cropland,High,30.346893,0.43865535,Green park,1025570.0,2.0,1.9501350468519945e-06
+102046+29090,26.13244077257268,91.66993064116252,cropland,High,30.4487,0.49398646,Green park,1025570.0,2.0,1.9501350468519945e-06
+102046+29091,26.13333908815246,91.66993064119536,grassland,High,30.508575,0.4077726,Green park,1025570.0,2.0,1.9501350468519945e-06
+102046+29092,26.13423740335139,91.66993064118677,built_up,High,29.257172,0.38132718,Cool roof,401310.0,1.0,2.491839226533104e-06
+102046+29095,26.13693234906909,91.6699306411378,built_up,Medium,28.098206,0.3455044,Cool roof,401310.0,1.0,2.491839226533104e-06
+102046+29101,26.1423222406953,91.66993064104992,cropland,Medium,28.382843,0.48242342,Tree cover,334425.0,0.8,2.39216565747178e-06
+102046+29102,26.143220556225888,91.66993064107795,built_up,High,28.746246,0.37750003,Cool roof,401310.0,1.0,2.491839226533104e-06
+102046+29103,26.14411887178484,91.66993064106478,built_up,Medium,28.283813,0.46129984,Cool roof,401310.0,1.0,2.491839226533104e-06
+102046+29104,26.145017186430227,91.66993064101038,built_up,Medium,27.72818,0.44894686,Cool roof,401310.0,1.0,2.491839226533104e-06
+102046+29109,26.14950876353744,91.66993064124378,built_up,High,27.712921,0.26307413,Cool roof,401310.0,1.0,2.491839226533104e-06
+102046+29112,26.15220370874801,91.66993064111118,cropland,Medium,27.789703,0.5211626,Tree cover,334425.0,0.8,2.39216565747178e-06
+102046+29113,26.15310202457632,91.66993064090867,cropland,Medium,28.540924,0.4117396,Tree cover,334425.0,0.8,2.39216565747178e-06
+102046+29118,26.157593600674755,91.66993064108064,built_up,Medium,26.614471,0.2505122,Cool roof,401310.0,1.0,2.491839226533104e-06
+102046+29122,26.16118686149625,91.66993064083132,built_up,Medium,27.494293,0.3326435,Cool roof,401310.0,1.0,2.491839226533104e-06
+102046+29127,26.165678438173448,91.66993064093973,built_up,High,28.003662,0.22923203,Cool roof,401310.0,1.0,2.491839226533104e-06
+102046+29128,26.166576753881586,91.66993064079143,built_up,High,28.421967,0.23318937,Cool roof,401310.0,1.0,2.491839226533104e-06
+102046+29129,26.167475068623524,91.66993064082764,built_up,High,27.973969,0.22416814,Cool roof,401310.0,1.0,2.491839226533104e-06
+102046+29130,26.168373383809048,91.66993064104815,built_up,High,27.649689,0.22701365,Cool roof,401310.0,1.0,2.491839226533104e-06
+102047+29076,26.119864359061285,91.67082895614796,cropland,Medium,28.746735,0.39830944,Tree cover,334425.0,0.8,2.39216565747178e-06
+102047+29077,26.12076267361397,91.67082895620844,cropland,High,30.902802,0.41324332,Green park,1025570.0,2.0,1.9501350468519945e-06
+102047+29078,26.121660989365022,91.67082895622757,cropland,High,31.553192,0.46656546,Green park,1025570.0,2.0,1.9501350468519945e-06
+102047+29079,26.122559305049712,91.67082895620544,cropland,High,30.910553,0.4922601,Green park,1025570.0,2.0,1.9501350468519945e-06
+102047+29080,26.123457619719527,91.6708289561424,cropland,High,30.149963,0.42044273,Green park,1025570.0,2.0,1.9501350468519945e-06
+102047+29081,26.12435593522654,91.670828956264,cropland,High,30.267426,0.4214835,Green park,1025570.0,2.0,1.9501350468519945e-06
+102047+29082,26.125254251125515,91.67082895611834,cropland,High,30.733704,0.40616235,Green park,1025570.0,2.0,1.9501350468519945e-06
+102047+29083,26.126152565459897,91.67082895593153,cropland,High,30.276825,0.39433688,Green park,1025570.0,2.0,1.9501350468519945e-06
+102047+29084,26.12705088118304,91.67082895592934,cropland,Medium,29.356415,0.43987218,Tree cover,334425.0,0.8,2.39216565747178e-06
+102047+29085,26.12794919616012,91.67082895588578,cropland,High,29.356537,0.38170367,Green park,1025570.0,2.0,1.9501350468519945e-06
+102047+29086,26.12884751179428,91.67082895580124,cropland,Medium,29.086395,0.49044877,Tree cover,334425.0,0.8,2.39216565747178e-06
+102047+29087,26.12974582687213,91.67082895590134,cropland,Medium,28.80069,0.54262394,Tree cover,334425.0,0.8,2.39216565747178e-06
+102047+29088,26.130644141885064,91.67082895596008,cropland,Medium,29.112335,0.45585907,Tree cover,334425.0,0.8,2.39216565747178e-06
+102047+29089,26.131542457693325,91.67082895597764,cropland,High,29.900787,0.4533168,Green park,1025570.0,2.0,1.9501350468519945e-06
+102047+29093,26.135135718846964,91.67082895586135,built_up,High,28.65686,0.3002955,Cool roof,401310.0,1.0,2.491839226533104e-06
+102047+29094,26.136034034155045,91.67082895589864,built_up,High,28.372345,0.3015448,Cool roof,401310.0,1.0,2.491839226533104e-06
+102047+29095,26.1369323491793,91.67082895589468,built_up,Medium,27.864838,0.4132875,Cool roof,401310.0,1.0,2.491839226533104e-06
+102047+29097,26.13872897994469,91.67082895598853,bare_sparse,High,28.52066,0.24127115,Green park,1025570.0,2.0,1.9501350468519945e-06
+102047+29098,26.139627295101267,91.67082895608668,built_up,High,27.668793,0.2109385,Cool roof,401310.0,1.0,2.491839226533104e-06
+102047+29101,26.142322240787337,91.67082895590734,cropland,Medium,28.233429,0.5159237,Tree cover,334425.0,0.8,2.39216565747178e-06
+102047+29102,26.143220556102605,91.67082895584052,cropland,Medium,29.399872,0.445312,Tree cover,334425.0,0.8,2.39216565747178e-06
+102047+29104,26.145017186422404,91.6708289558082,cropland,Medium,27.770447,0.5307571,Tree cover,334425.0,0.8,2.39216565747178e-06
+102047+29107,26.147712132599548,91.67082895601555,built_up,Medium,27.640564,0.3479215,Cool roof,401310.0,1.0,2.491839226533104e-06
+102047+29109,26.14950876354473,91.67082895602204,built_up,High,28.44046,0.24032502,Cool roof,401310.0,1.0,2.491839226533104e-06
+102047+29118,26.157593600745383,91.670828956154,built_up,Medium,27.457489,0.31618053,Cool roof,401310.0,1.0,2.491839226533104e-06
+102047+29119,26.158491916153032,91.6708289560625,built_up,Medium,27.079712,0.33286542,Cool roof,401310.0,1.0,2.491839226533104e-06
+102047+29122,26.161186861433592,91.67082895599162,built_up,Medium,27.52063,0.33116958,Cool roof,401310.0,1.0,2.491839226533104e-06
+102047+29123,26.162085177296248,91.67082895596064,built_up,Medium,27.188324,0.3538841,Cool roof,401310.0,1.0,2.491839226533104e-06
+102047+29124,26.1629834927312,91.67082895588824,built_up,Medium,26.86969,0.3937755,Cool roof,401310.0,1.0,2.491839226533104e-06
+102047+29125,26.16388180761895,91.67082895600036,built_up,Medium,27.227325,0.30214766,Cool roof,401310.0,1.0,2.491839226533104e-06
+102047+29126,26.16478012299272,91.67082895607128,built_up,High,27.426788,0.21460125,Cool roof,401310.0,1.0,2.491839226533104e-06
+102047+29127,26.165678438125568,91.6708289561008,built_up,High,27.400726,0.22206508,Cool roof,401310.0,1.0,2.491839226533104e-06
+102048+29075,26.11896604346593,91.67172727120766,cropland,Medium,26.078278,0.3033303,Tree cover,334425.0,0.8,2.39216565747178e-06
+102048+29076,26.119864359176866,91.67172727120816,cropland,Medium,27.293488,0.36469057,Tree cover,334425.0,0.8,2.39216565747178e-06
+102048+29077,26.12076267351437,91.6717272711675,cropland,High,30.362701,0.48680103,Green park,1025570.0,2.0,1.9501350468519945e-06
+102048+29078,26.121660989414373,91.67172727108608,cropland,High,31.424835,0.47504693,Green park,1025570.0,2.0,1.9501350468519945e-06
+102048+29079,26.122559305066112,91.67172727118974,cropland,High,30.98703,0.4709223,Green park,1025570.0,2.0,1.9501350468519945e-06
+102048+29080,26.12345761970265,91.6717272712522,cropland,High,29.907562,0.4502408,Green park,1025570.0,2.0,1.9501350468519945e-06
+102048+29081,26.124355935358626,91.67172727127354,cropland,High,29.352875,0.4121636,Green park,1025570.0,2.0,1.9501350468519945e-06
+102048+29082,26.12525425086037,91.6717272712541,cropland,High,30.368134,0.4314734,Green park,1025570.0,2.0,1.9501350468519945e-06
+102048+29083,26.12615256552576,91.67172727119367,cropland,High,30.340942,0.34722698,Green park,1025570.0,2.0,1.9501350468519945e-06
+102048+29084,26.127050881215613,91.67172727131798,cropland,High,29.98117,0.3698259,Green park,1025570.0,2.0,1.9501350468519945e-06
+102048+29085,26.127949196159747,91.67172727140148,cropland,High,29.653046,0.41146135,Green park,1025570.0,2.0,1.9501350468519945e-06
+102048+29087,26.12974582698726,91.6717272714452,cropland,Medium,28.947876,0.47392437,Tree cover,334425.0,0.8,2.39216565747178e-06
+102048+29088,26.130644141785208,91.67172727140544,cropland,Medium,29.25943,0.4239232,Tree cover,334425.0,0.8,2.39216565747178e-06
+102048+29089,26.13154245774241,91.67172727132488,built_up,Medium,28.82898,0.4406083,Cool roof,401310.0,1.0,2.491839226533104e-06
+102048+29091,26.13333908819647,91.67172727126628,built_up,High,28.141327,0.33180416,Cool roof,401310.0,1.0,2.491839226533104e-06
+102048+29092,26.13423740314729,91.6717272712887,built_up,High,28.679169,0.2789865,Cool roof,401310.0,1.0,2.491839226533104e-06
+102048+29093,26.13513571894548,91.6717272714958,built_up,High,28.46347,0.2928492,Cool roof,401310.0,1.0,2.491839226533104e-06
+102048+29097,26.138728979910606,91.67172727123568,built_up,High,29.148773,0.20754142,Cool roof,401310.0,1.0,2.491839226533104e-06
+102048+29098,26.13962729521595,91.6717272712375,cropland,High,28.880768,0.2231046,Green park,1025570.0,2.0,1.9501350468519945e-06
+102048+29099,26.14052561018472,91.67172727119816,cropland,High,27.809784,0.28195232,Green park,1025570.0,2.0,1.9501350468519945e-06
+102048+29106,26.14681381752662,91.67172727112928,built_up,Medium,27.902802,0.39523423,Cool roof,401310.0,1.0,2.491839226533104e-06
+102048+29107,26.147712132597803,91.67172727121331,built_up,High,28.177704,0.31346938,Cool roof,401310.0,1.0,2.491839226533104e-06
+102048+29108,26.148610448023632,91.67172727148248,built_up,High,28.440277,0.30786678,Cool roof,401310.0,1.0,2.491839226533104e-06
+102048+29109,26.149508763294584,91.67172727125867,built_up,High,29.062744,0.2255021,Cool roof,401310.0,1.0,2.491839226533104e-06
+102048+29110,26.15040707819226,91.6717272712192,built_up,High,28.780823,0.28494468,Cool roof,401310.0,1.0,2.491839226533104e-06
+102048+29117,26.15669528563345,91.67172727137572,built_up,Medium,27.776855,0.3933044,Cool roof,401310.0,1.0,2.491839226533104e-06
+102048+29118,26.15759360092438,91.67172727123372,built_up,High,28.227692,0.2838565,Cool roof,401310.0,1.0,2.491839226533104e-06
+102048+29120,26.15939023088678,91.67172727127796,built_up,Medium,27.770477,0.3397188,Cool roof,401310.0,1.0,2.491839226533104e-06
+102048+29121,26.160288547322047,91.67172727123852,built_up,High,27.854523,0.25879228,Cool roof,401310.0,1.0,2.491839226533104e-06
+102048+29129,26.167475068686464,91.67172727147484,built_up,High,27.837433,0.2403368,Cool roof,401310.0,1.0,2.491839226533104e-06
+102048+29130,26.168373383805125,91.671727271517,built_up,High,28.689484,0.19765812,Cool roof,401310.0,1.0,2.491839226533104e-06
+102049+29074,26.11806772842084,91.67262558701812,cropland,Medium,26.369568,0.39193773,Tree cover,334425.0,0.8,2.39216565747178e-06
+102049+29075,26.11896604353313,91.67262558718424,cropland,Medium,25.598938,0.31187892,Tree cover,334425.0,0.8,2.39216565747178e-06
+102049+29076,26.11986435902892,91.6726255870836,cropland,Medium,25.94928,0.31294963,Tree cover,334425.0,0.8,2.39216565747178e-06
+102049+29077,26.120762673697783,91.67262558716824,cropland,Medium,27.980377,0.45607147,Tree cover,334425.0,0.8,2.39216565747178e-06
+102049+29078,26.12166098920072,91.67262558721212,cropland,Medium,29.355103,0.48318303,Tree cover,334425.0,0.8,2.39216565747178e-06
+102049+29079,26.12255930518365,91.67262558698924,cropland,High,29.959503,0.40800124,Green park,1025570.0,2.0,1.9501350468519945e-06
+102049+29080,26.12345761978709,91.67262558717728,cropland,High,29.786621,0.386667,Green park,1025570.0,2.0,1.9501350468519945e-06
+102049+29081,26.124355935228063,91.67262558709876,cropland,High,29.442291,0.36956608,Green park,1025570.0,2.0,1.9501350468519945e-06
+102049+29082,26.125254250879102,91.67262558697948,cropland,High,29.731476,0.3500973,Green park,1025570.0,2.0,1.9501350468519945e-06
+102049+29083,26.126152565511383,91.67262558704527,cropland,High,30.228241,0.40157798,Green park,1025570.0,2.0,1.9501350468519945e-06
+102049+29084,26.12705088116832,91.67262558684452,cropland,High,30.187592,0.40944532,Green park,1025570.0,2.0,1.9501350468519945e-06
+102049+29085,26.127949196261564,91.67262558682866,cropland,High,30.131012,0.412448,Green park,1025570.0,2.0,1.9501350468519945e-06
+102049+29086,26.128847511829683,91.67262558699788,cropland,High,29.65329,0.35250506,Green park,1025570.0,2.0,1.9501350468519945e-06
+102049+29087,26.12974582702305,91.6726255871266,cropland,High,29.738983,0.43027,Green park,1025570.0,2.0,1.9501350468519945e-06
+102049+29088,26.13064414178823,91.67262558721454,cropland,High,29.573608,0.42581865,Green park,1025570.0,2.0,1.9501350468519945e-06
+102049+29089,26.13154245771233,91.67262558726156,built_up,High,28.87619,0.26750723,Cool roof,401310.0,1.0,2.491839226533104e-06
+102049+29090,26.13244077262024,91.67262558704196,built_up,High,28.995392,0.26766115,Cool roof,401310.0,1.0,2.491839226533104e-06
+102049+29091,26.13333908810053,91.67262558700746,built_up,High,29.589691,0.27853015,Cool roof,401310.0,1.0,2.491839226533104e-06
+102049+29092,26.13423740338235,91.67262558715768,built_up,High,29.442291,0.24720517,Cool roof,401310.0,1.0,2.491839226533104e-06
+102049+29093,26.13513571878353,91.67262558704128,built_up,High,29.300934,0.24757755,Cool roof,401310.0,1.0,2.491839226533104e-06
+102049+29094,26.13603403420728,91.6726255871104,built_up,High,28.65915,0.32814345,Cool roof,401310.0,1.0,2.491839226533104e-06
+102049+29097,26.138728979980847,91.67262558729774,built_up,High,28.321564,0.31872985,Cool roof,401310.0,1.0,2.491839226533104e-06
+102049+29098,26.13962729507121,91.67262558720348,cropland,High,28.567719,0.33214694,Green park,1025570.0,2.0,1.9501350468519945e-06
+102049+29105,26.14591550174476,91.67262558698064,built_up,High,27.866882,0.2948341,Cool roof,401310.0,1.0,2.491839226533104e-06
+102049+29106,26.146813817481863,91.67262558723738,built_up,High,28.163422,0.29019794,Cool roof,401310.0,1.0,2.491839226533104e-06
+102049+29107,26.147712132701983,91.67262558722707,built_up,High,28.43866,0.28957105,Cool roof,401310.0,1.0,2.491839226533104e-06
+102049+29108,26.14861044791304,91.67262558694992,built_up,High,28.14743,0.30639288,Cool roof,401310.0,1.0,2.491839226533104e-06
+102049+29109,26.149508763332744,91.67262558708384,built_up,High,28.681793,0.27812403,Cool roof,401310.0,1.0,2.491839226533104e-06
+102049+29110,26.150407078197496,91.67262558717717,built_up,High,29.167938,0.23838109,Cool roof,401310.0,1.0,2.491839226533104e-06
+102049+29117,26.1566952855894,91.67262558713634,built_up,Medium,27.68747,0.32666847,Cool roof,401310.0,1.0,2.491839226533104e-06
+102049+29118,26.15759360084756,91.67262558712832,built_up,High,28.433075,0.32100815,Cool roof,401310.0,1.0,2.491839226533104e-06
+102049+29119,26.158491916006675,91.67262558707954,built_up,High,28.703522,0.19140856,Cool roof,401310.0,1.0,2.491839226533104e-06
+102049+29120,26.159390230925787,91.6726255872157,built_up,High,29.018402,0.18772796,Cool roof,401310.0,1.0,2.491839226533104e-06
+102049+29121,26.16028854732797,91.67262558731092,built_up,High,28.062347,0.31251094,Cool roof,401310.0,1.0,2.491839226533104e-06
+102049+29131,26.16927169972592,91.67262558714258,built_up,High,28.15738,0.27344912,Cool roof,401310.0,1.0,2.491839226533104e-06
+102049+29132,26.17017001493474,91.67262558723944,built_up,High,26.837982,0.20566325,Cool roof,401310.0,1.0,2.491839226533104e-06
+102050+29074,26.11806772843916,91.67352390219898,cropland,Medium,24.573334,0.22150446,Tree cover,334425.0,0.8,2.39216565747178e-06
+102050+29075,26.1189660435187,91.67352390203769,cropland,Medium,24.814972,0.18623863,Tree cover,334425.0,0.8,2.39216565747178e-06
+102050+29076,26.119864358981715,91.67352390206187,cropland,Medium,24.275421,0.15342906,Tree cover,334425.0,0.8,2.39216565747178e-06
+102050+29077,26.12076267380006,91.6735239020456,cropland,Medium,25.02829,0.21850052,Tree cover,334425.0,0.8,2.39216565747178e-06
+102050+29078,26.12166098908802,91.67352390198876,cropland,Medium,26.708954,0.3074631,Tree cover,334425.0,0.8,2.39216565747178e-06
+102050+29079,26.122559305220253,91.67352390211724,cropland,High,29.77481,0.3997189,Green park,1025570.0,2.0,1.9501350468519945e-06
+102050+29080,26.12345761979093,91.67352390197938,cropland,High,30.120422,0.42396516,Green park,1025570.0,2.0,1.9501350468519945e-06
+102050+29081,26.12435593519915,91.67352390202684,cropland,High,29.47934,0.40006325,Green park,1025570.0,2.0,1.9501350468519945e-06
+102050+29082,26.12525425081744,91.67352390203376,cropland,Medium,28.979187,0.4667739,Tree cover,334425.0,0.8,2.39216565747178e-06
+102050+29083,26.126152565599025,91.67352390200016,grassland,Medium,29.396027,0.4369625,Tree cover,334425.0,0.8,2.39216565747178e-06
+102050+29084,26.127050881040976,91.67352390215169,cropland,High,29.703827,0.37584612,Green park,1025570.0,2.0,1.9501350468519945e-06
+102050+29085,26.127949196283527,91.67352390203682,cropland,Medium,29.504242,0.45194596,Tree cover,334425.0,0.8,2.39216565747178e-06
+102050+29086,26.12884751200094,91.67352390210728,cropland,Medium,29.27063,0.45281944,Tree cover,334425.0,0.8,2.39216565747178e-06
+102050+29087,26.12974582697968,91.67352390213723,cropland,High,29.8497,0.40327007,Green park,1025570.0,2.0,1.9501350468519945e-06
+102050+29088,26.130644141893985,91.67352390212668,built_up,High,30.043488,0.2745941,Cool roof,401310.0,1.0,2.491839226533104e-06
+102050+29089,26.13154245760312,91.67352390207536,built_up,High,29.356049,0.2466019,Cool roof,401310.0,1.0,2.491839226533104e-06
+102050+29090,26.13244077247828,91.67352390198332,built_up,High,29.37262,0.17619978,Cool roof,401310.0,1.0,2.491839226533104e-06
+102050+29091,26.1333390882899,91.67352390207664,built_up,High,29.683197,0.18211938,Cool roof,401310.0,1.0,2.491839226533104e-06
+102050+29092,26.134237403174872,91.67352390190396,built_up,High,29.054688,0.20710962,Cool roof,401310.0,1.0,2.491839226533104e-06
+102050+29093,26.13513571890722,91.6735239019164,built_up,High,28.108734,0.1980552,Cool roof,401310.0,1.0,2.491839226533104e-06
+102050+29094,26.13603403429838,91.6735239021138,built_up,High,27.93332,0.18846534,Cool roof,401310.0,1.0,2.491839226533104e-06
+102050+29095,26.136932348859776,91.673523902045,built_up,High,28.220245,0.2522486,Cool roof,401310.0,1.0,2.491839226533104e-06
+102050+29096,26.13783066445104,91.67352390193564,built_up,Medium,28.066498,0.39396107,Cool roof,401310.0,1.0,2.491839226533104e-06
+102050+29098,26.13962729503116,91.67352390182086,built_up,High,28.61911,0.36464578,Cool roof,401310.0,1.0,2.491839226533104e-06
+102050+29100,26.14142392577176,91.67352390222116,built_up,Medium,26.955658,0.2819153,Cool roof,401310.0,1.0,2.491839226533104e-06
+102050+29104,26.14501718648587,91.67352390208306,cropland,Medium,27.413269,0.48897913,Tree cover,334425.0,0.8,2.39216565747178e-06
+102050+29106,26.146813817543023,91.6735239019958,built_up,High,28.003906,0.29720867,Cool roof,401310.0,1.0,2.491839226533104e-06
+102050+29108,26.148610447726504,91.67352390219816,built_up,Medium,27.749847,0.31839597,Cool roof,401310.0,1.0,2.491839226533104e-06
+102050+29110,26.150407078127493,91.67352390201192,built_up,High,28.85553,0.21650124,Cool roof,401310.0,1.0,2.491839226533104e-06
+102050+29111,26.15130539407547,91.67352390219672,built_up,High,28.387054,0.34470573,Cool roof,401310.0,1.0,2.491839226533104e-06
+102050+29117,26.15669528565336,91.67352390199996,grassland,High,27.813965,0.2954609,Green park,1025570.0,2.0,1.9501350468519945e-06
+102050+29118,26.15759360069677,91.67352390190024,built_up,High,28.793549,0.19076402,Cool roof,401310.0,1.0,2.491839226533104e-06
+102050+29119,26.158491916186826,91.67352390198543,built_up,High,29.029877,0.1367055,Cool roof,401310.0,1.0,2.491839226533104e-06
+102050+29120,26.15939023089119,91.67352390202991,built_up,High,28.955658,0.29318124,Cool roof,401310.0,1.0,2.491839226533104e-06
+102050+29129,26.16747506846155,91.67352390195713,built_up,Medium,28.27951,0.38583484,Cool roof,401310.0,1.0,2.491839226533104e-06
+102050+29130,26.16837338406034,91.67352390204684,built_up,High,28.66269,0.24867752,Cool roof,401310.0,1.0,2.491839226533104e-06
+102051+29073,26.117169413254203,91.67442221706222,cropland,Medium,25.916443,0.3228958,Tree cover,334425.0,0.8,2.39216565747178e-06
+102051+29074,26.11806772837565,91.67442221706588,cropland,Medium,25.512573,0.30430403,Tree cover,334425.0,0.8,2.39216565747178e-06
+102051+29075,26.11896604342278,91.67442221702942,cropland,Medium,25.42575,0.21091649,Tree cover,334425.0,0.8,2.39216565747178e-06
+102051+29076,26.119864359035294,91.67442221695268,cropland,Medium,25.779602,0.37745073,Tree cover,334425.0,0.8,2.39216565747178e-06
+102051+29078,26.121660989258498,91.67442221690372,cropland,Medium,27.321747,0.3662094,Tree cover,334425.0,0.8,2.39216565747178e-06
+102051+29079,26.12255930517593,91.67442221693167,cropland,High,29.94217,0.37524247,Green park,1025570.0,2.0,1.9501350468519945e-06
+102051+29080,26.1234576197142,91.67442221691935,cropland,High,29.160492,0.39598295,Green park,1025570.0,2.0,1.9501350468519945e-06
+102051+29082,26.12525425085744,91.67442221699989,cropland,Medium,28.732208,0.39033332,Tree cover,334425.0,0.8,2.39216565747178e-06
+102051+29083,26.126152565606443,91.6744222170923,cropland,Medium,28.838593,0.42876256,Tree cover,334425.0,0.8,2.39216565747178e-06
+102051+29084,26.127050881015823,91.67442221691876,grassland,High,29.405365,0.37862778,Green park,1025570.0,2.0,1.9501350468519945e-06
+102051+29085,26.1279491962258,91.67442221693078,cropland,High,29.506683,0.40392447,Green park,1025570.0,2.0,1.9501350468519945e-06
+102051+29086,26.12884751209252,91.67442221690229,cropland,High,29.300323,0.41086343,Green park,1025570.0,2.0,1.9501350468519945e-06
+102051+29087,26.129745826856794,91.67442221683348,built_up,High,29.739594,0.27123964,Cool roof,401310.0,1.0,2.491839226533104e-06
+102051+29088,26.130644141920403,91.67442221672438,built_up,High,29.809937,0.17599554,Cool roof,401310.0,1.0,2.491839226533104e-06
+102051+29090,26.13244077262143,91.67442221706284,built_up,High,28.930267,0.2719601,Cool roof,401310.0,1.0,2.491839226533104e-06
+102051+29091,26.133339088218605,91.67442221705868,built_up,High,28.636261,0.3616305,Cool roof,401310.0,1.0,2.491839226533104e-06
+102051+29095,26.13693234883988,91.67442221686365,built_up,High,28.660797,0.16438138,Cool roof,401310.0,1.0,2.491839226533104e-06
+102051+29096,26.13783066458077,91.67442221710928,built_up,High,28.84909,0.18834473,Cool roof,401310.0,1.0,2.491839226533104e-06
+102051+29097,26.138728979888164,91.6744222173146,built_up,High,28.817047,0.27808464,Cool roof,401310.0,1.0,2.491839226533104e-06
+102051+29098,26.13962729509541,91.67442221725337,built_up,High,29.293732,0.2472655,Cool roof,401310.0,1.0,2.491839226533104e-06
+102051+29099,26.140525610147467,91.67442221692612,built_up,High,28.960724,0.26606256,Cool roof,401310.0,1.0,2.491839226533104e-06
+102051+29100,26.141423925952907,91.67442221678446,built_up,Medium,27.815918,0.31591704,Cool roof,401310.0,1.0,2.491839226533104e-06
+102051+29105,26.1459155016746,91.67442221705058,built_up,High,27.83371,0.30102432,Cool roof,401310.0,1.0,2.491839226533104e-06
+102051+29108,26.148610447646256,91.67442221690642,built_up,High,28.16858,0.3260418,Cool roof,401310.0,1.0,2.491839226533104e-06
+102051+29109,26.14950876336485,91.67442221685272,built_up,High,29.261871,0.366895,Cool roof,401310.0,1.0,2.491839226533104e-06
+102051+29110,26.150407078345964,91.67442221698458,built_up,High,28.594757,0.26734683,Cool roof,401310.0,1.0,2.491839226533104e-06
+102051+29111,26.15130539407952,91.67442221707591,built_up,Medium,28.288849,0.36830258,Cool roof,401310.0,1.0,2.491839226533104e-06
+102051+29112,26.15220370862593,91.67442221712676,built_up,High,28.485931,0.24806969,Cool roof,401310.0,1.0,2.491839226533104e-06
+102051+29117,26.156695285643345,91.67442221700112,built_up,High,28.28299,0.27926207,Cool roof,401310.0,1.0,2.491839226533104e-06
+102051+29118,26.157593600654018,91.67442221703536,built_up,High,29.020935,0.21675998,Cool roof,401310.0,1.0,2.491839226533104e-06
+102051+29119,26.158491916293343,91.67442221702927,built_up,High,29.269989,0.22752208,Cool roof,401310.0,1.0,2.491839226533104e-06
+102051+29121,26.160288547301835,91.67442221712128,built_up,High,28.559906,0.19100124,Cool roof,401310.0,1.0,2.491839226533104e-06
+102051+29122,26.16118686154273,91.67442221721936,built_up,High,28.62027,0.16362435,Cool roof,401310.0,1.0,2.491839226533104e-06
+102051+29123,26.162085177091388,91.6744222170514,built_up,High,28.472961,0.16669074,Cool roof,401310.0,1.0,2.491839226533104e-06
+102051+29124,26.162983492759,91.67442221706888,built_up,High,28.182465,0.18257822,Cool roof,401310.0,1.0,2.491839226533104e-06
+102052+29072,26.116271097496547,91.6753205327495,cropland,Medium,27.87912,0.3662933,Tree cover,334425.0,0.8,2.39216565747178e-06
+102052+29074,26.118067728230653,91.67532053259409,cropland,Medium,27.916107,0.49125734,Tree cover,334425.0,0.8,2.39216565747178e-06
+102052+29075,26.11896604342728,91.67532053245624,cropland,Medium,27.35904,0.46994594,Tree cover,334425.0,0.8,2.39216565747178e-06
+102052+29076,26.11986435918962,91.67532053273,cropland,Medium,27.473297,0.42581797,Tree cover,334425.0,0.8,2.39216565747178e-06
+102052+29077,26.120762673578355,91.6753205329637,cropland,Medium,27.818817,0.41718847,Tree cover,334425.0,0.8,2.39216565747178e-06
+102052+29078,26.12166098934786,91.67532053293128,cropland,Medium,28.388641,0.40808627,Tree cover,334425.0,0.8,2.39216565747178e-06
+102052+29082,26.12525425099909,91.6753205328528,grassland,High,29.092072,0.34429377,Green park,1025570.0,2.0,1.9501350468519945e-06
+102052+29083,26.12615256553381,91.67532053284602,cropland,Medium,28.741455,0.39441675,Tree cover,334425.0,0.8,2.39216565747178e-06
+102052+29084,26.12705088109268,91.6753205330248,cropland,High,29.041595,0.39098653,Green park,1025570.0,2.0,1.9501350468519945e-06
+102052+29086,26.12884751210475,91.67532053281036,built_up,High,29.864655,0.22504006,Cool roof,401310.0,1.0,2.491839226533104e-06
+102052+29087,26.129745826836288,91.6753205328689,built_up,High,29.556488,0.22322552,Cool roof,401310.0,1.0,2.491839226533104e-06
+102052+29088,26.130644141867663,91.67532053288711,built_up,High,28.91452,0.2644773,Cool roof,401310.0,1.0,2.491839226533104e-06
+102052+29089,26.131542457693712,91.67532053286529,built_up,High,28.603363,0.309831,Cool roof,401310.0,1.0,2.491839226533104e-06
+102052+29097,26.138728979907444,91.6753205323751,built_up,High,28.38681,0.26446486,Cool roof,401310.0,1.0,2.491839226533104e-06
+102052+29098,26.13962729508214,91.67532053244382,built_up,High,29.087189,0.17195897,Cool roof,401310.0,1.0,2.491839226533104e-06
+102052+29099,26.14052561010196,91.6753205326981,built_up,High,29.137299,0.19111273,Cool roof,401310.0,1.0,2.491839226533104e-06
+102052+29100,26.1414239260567,91.6753205329121,built_up,High,28.805206,0.27494767,Cool roof,401310.0,1.0,2.491839226533104e-06
+102052+29108,26.14861044785461,91.67532053272755,built_up,High,27.965973,0.3074528,Cool roof,401310.0,1.0,2.491839226533104e-06
+102052+29109,26.149508763358632,91.67532053303214,built_up,Medium,27.883698,0.32988912,Cool roof,401310.0,1.0,2.491839226533104e-06
+102052+29110,26.15040707830719,91.67532053284444,built_up,High,28.422913,0.2819056,Cool roof,401310.0,1.0,2.491839226533104e-06
+102052+29112,26.15220370870422,91.67532053257425,built_up,High,28.599945,0.2289602,Cool roof,401310.0,1.0,2.491839226533104e-06
+102052+29113,26.15310202451685,91.67532053249172,built_up,High,28.474945,0.3423561,Cool roof,401310.0,1.0,2.491839226533104e-06
+102052+29116,26.15579697015909,91.67532053290688,built_up,High,27.724457,0.2876115,Cool roof,401310.0,1.0,2.491839226533104e-06
+102052+29117,26.156695285559177,91.6753205326634,built_up,High,28.642792,0.27760053,Cool roof,401310.0,1.0,2.491839226533104e-06
+102052+29118,26.157593600719306,91.67532053260572,built_up,High,28.892426,0.3345908,Cool roof,401310.0,1.0,2.491839226533104e-06
+102052+29119,26.158491916326405,91.67532053273383,built_up,High,29.300995,0.20000294,Cool roof,401310.0,1.0,2.491839226533104e-06
+102052+29120,26.159390230783305,91.6753205328219,built_up,High,28.53592,0.15387768,Cool roof,401310.0,1.0,2.491839226533104e-06
+102052+29121,26.16028854726945,91.67532053264354,built_up,High,28.300201,0.13466366,Cool roof,401310.0,1.0,2.491839226533104e-06
+102052+29122,26.161186861659964,91.67532053265076,built_up,High,27.743011,0.154039,Cool roof,401310.0,1.0,2.491839226533104e-06
+102052+29123,26.162085176994392,91.67532053284386,built_up,High,27.55069,0.23028338,Cool roof,401310.0,1.0,2.491839226533104e-06
+102052+29124,26.16298349281112,91.6753205327707,built_up,High,27.476868,0.23169462,Cool roof,401310.0,1.0,2.491839226533104e-06
+102052+29126,26.164780122925706,91.67532053272942,built_up,Medium,27.564178,0.4059525,Cool roof,401310.0,1.0,2.491839226533104e-06
+102052+29127,26.165678438258325,91.67532053253557,built_up,High,28.148468,0.32825646,Cool roof,401310.0,1.0,2.491839226533104e-06
+102053+29072,26.11627109751624,91.6762188479896,cropland,High,29.01297,0.3474347,Green park,1025570.0,2.0,1.9501350468519945e-06
+102053+29073,26.117169413310634,91.67621884805592,cropland,High,30.164307,0.37549308,Green park,1025570.0,2.0,1.9501350468519945e-06
+102053+29074,26.118067728185896,91.6762188480824,cropland,High,29.388397,0.3970619,Green park,1025570.0,2.0,1.9501350468519945e-06
+102053+29076,26.11986435926249,91.67621884824165,cropland,Medium,28.60736,0.4584848,Tree cover,334425.0,0.8,2.39216565747178e-06
+102053+29077,26.120762673619,91.67621884814874,cropland,High,29.063751,0.3489566,Green park,1025570.0,2.0,1.9501350468519945e-06
+102053+29078,26.12166098935611,91.67621884824185,built_up,High,29.164886,0.32016414,Cool roof,401310.0,1.0,2.491839226533104e-06
+102053+29082,26.125254251060515,91.67621884798852,cropland,High,29.118134,0.34984052,Green park,1025570.0,2.0,1.9501350468519945e-06
+102053+29084,26.12705088108949,91.67621884796166,built_up,High,29.17508,0.30956754,Cool roof,401310.0,1.0,2.491839226533104e-06
+102053+29085,26.127949196052967,91.67621884800138,built_up,High,29.973114,0.25122845,Cool roof,401310.0,1.0,2.491839226533104e-06
+102053+29086,26.12884751203728,91.676218848001,built_up,High,29.850067,0.22595684,Cool roof,401310.0,1.0,2.491839226533104e-06
+102053+29087,26.12974582691833,91.67621884796058,built_up,High,28.657867,0.3020946,Cool roof,401310.0,1.0,2.491839226533104e-06
+102053+29097,26.13872898003121,91.6762188482994,built_up,Medium,28.04123,0.39678457,Cool roof,401310.0,1.0,2.491839226533104e-06
+102053+29098,26.139627294991488,91.6762188482718,built_up,High,28.199738,0.30325806,Cool roof,401310.0,1.0,2.491839226533104e-06
+102053+29099,26.14052561034316,91.67621884820431,built_up,High,28.160217,0.22659488,Cool roof,401310.0,1.0,2.491839226533104e-06
+102053+29101,26.142322240634584,91.67621884794954,built_up,High,27.827698,0.2326772,Cool roof,401310.0,1.0,2.491839226533104e-06
+102053+29102,26.143220556299475,91.67621884798793,built_up,High,27.801758,0.18528062,Cool roof,401310.0,1.0,2.491839226533104e-06
+102053+29104,26.14501718659024,91.67621884817056,built_up,Medium,27.709686,0.3606159,Cool roof,401310.0,1.0,2.491839226533104e-06
+102053+29112,26.152203708707468,91.6762188482073,built_up,High,28.84732,0.24427631,Cool roof,401310.0,1.0,2.491839226533104e-06
+102053+29113,26.15310202448789,91.67621884825788,built_up,High,28.848572,0.2715426,Cool roof,401310.0,1.0,2.491839226533104e-06
+102053+29115,26.15489865496834,91.67621884801292,built_up,High,28.687286,0.21916656,Cool roof,401310.0,1.0,2.491839226533104e-06
+102053+29116,26.155796970215167,91.67621884794367,built_up,High,28.820679,0.21063352,Cool roof,401310.0,1.0,2.491839226533104e-06
+102053+29118,26.157593600892632,91.6762188481366,built_up,High,29.03012,0.3395844,Cool roof,401310.0,1.0,2.491839226533104e-06
+102053+29119,26.15849191628552,91.67621884817284,built_up,High,28.646362,0.14163879,Cool roof,401310.0,1.0,2.491839226533104e-06
+102053+29120,26.159390230892207,91.6762188481692,built_up,High,28.01181,0.117513195,Cool roof,401310.0,1.0,2.491839226533104e-06
+102053+29121,26.160288547163805,91.6762188483516,built_up,High,27.387543,0.13697174,Cool roof,401310.0,1.0,2.491839226533104e-06
+102053+29122,26.16118686170428,91.67621884826822,built_up,High,26.8721,0.11050136,Cool roof,401310.0,1.0,2.491839226533104e-06
+102053+29123,26.162085177005995,91.67621884814456,built_up,High,27.3992,0.1861697,Cool roof,401310.0,1.0,2.491839226533104e-06
+102053+29124,26.16298349279068,91.67621884820672,built_up,High,27.617462,0.27786773,Cool roof,401310.0,1.0,2.491839226533104e-06
+102053+29126,26.164780122840497,91.67621884798533,built_up,Medium,27.965668,0.4615581,Cool roof,401310.0,1.0,2.491839226533104e-06
+102053+29127,26.165678438322747,91.67621884815335,built_up,Medium,28.46112,0.3676626,Cool roof,401310.0,1.0,2.491839226533104e-06
+102053+29132,26.17017001479192,91.6762188479408,built_up,High,27.220398,0.1795052,Cool roof,401310.0,1.0,2.491839226533104e-06
+102054+29072,26.116271097635803,91.67711716321278,cropland,High,30.87735,0.36755845,Green park,1025570.0,2.0,1.9501350468519945e-06
+102054+29073,26.117169413216097,91.67711716317748,cropland,High,31.520538,0.3535056,Green park,1025570.0,2.0,1.9501350468519945e-06
+102054+29074,26.118067728241208,91.67711716310237,cropland,High,30.335785,0.37311435,Green park,1025570.0,2.0,1.9501350468519945e-06
+102054+29075,26.118966043555645,91.6771171629876,cropland,Medium,28.825958,0.42898414,Tree cover,334425.0,0.8,2.39216565747178e-06
+102054+29076,26.119864359253885,91.67711716305924,cropland,Medium,28.342438,0.5150617,Tree cover,334425.0,0.8,2.39216565747178e-06
+102054+29077,26.120762673578348,91.67711716309104,grassland,Medium,29.164825,0.40844414,Tree cover,334425.0,0.8,2.39216565747178e-06
+102054+29078,26.121660989283416,91.67711716285734,grassland,High,29.19522,0.32108825,Green park,1025570.0,2.0,1.9501350468519945e-06
+102054+29082,26.1252542512236,91.67711716310772,grassland,High,29.296844,0.28749374,Green park,1025570.0,2.0,1.9501350468519945e-06
+102054+29084,26.127050881006603,91.67711716310748,built_up,High,29.890656,0.3027196,Cool roof,401310.0,1.0,2.491839226533104e-06
+102054+29085,26.127949196119925,91.677117163048,built_up,High,30.333954,0.18885075,Cool roof,401310.0,1.0,2.491839226533104e-06
+102054+29086,26.128847512072035,91.67711716317451,built_up,High,29.594696,0.29791367,Cool roof,401310.0,1.0,2.491839226533104e-06
+102054+29097,26.138728980077268,91.67711716307784,built_up,High,27.608673,0.24670774,Cool roof,401310.0,1.0,2.491839226533104e-06
+102054+29098,26.139627295005333,91.67711716317976,built_up,High,27.979889,0.31430444,Cool roof,401310.0,1.0,2.491839226533104e-06
+102054+29099,26.140525610142927,91.67711716301598,built_up,High,27.92566,0.2456793,Cool roof,401310.0,1.0,2.491839226533104e-06
+102054+29100,26.14142392585122,91.67711716281254,built_up,High,27.666016,0.25462306,Cool roof,401310.0,1.0,2.491839226533104e-06
+102054+29101,26.14232224073417,91.6771171630212,built_up,High,27.598083,0.21915774,Cool roof,401310.0,1.0,2.491839226533104e-06
+102054+29102,26.14322055636703,91.67711716319025,built_up,High,27.419342,0.16731301,Cool roof,401310.0,1.0,2.491839226533104e-06
+102054+29103,26.14411887166403,91.6771171633196,built_up,High,27.795685,0.17053466,Cool roof,401310.0,1.0,2.491839226533104e-06
+102054+29104,26.14501718659355,91.67711716318328,built_up,High,28.396454,0.22814241,Cool roof,401310.0,1.0,2.491839226533104e-06
+102054+29105,26.14591550181679,91.67711716323294,built_up,High,28.799347,0.16889565,Cool roof,401310.0,1.0,2.491839226533104e-06
+102054+29106,26.146813817391926,91.67711716324295,built_up,High,28.725037,0.25497833,Cool roof,401310.0,1.0,2.491839226533104e-06
+102054+29109,26.149508763483503,91.67711716326043,built_up,Medium,27.873474,0.35400727,Cool roof,401310.0,1.0,2.491839226533104e-06
+102054+29110,26.15040707818579,91.67711716311128,built_up,High,28.319855,0.2971835,Cool roof,401310.0,1.0,2.491839226533104e-06
+102054+29111,26.15130539418641,91.67711716314832,built_up,High,28.542877,0.21570988,Cool roof,401310.0,1.0,2.491839226533104e-06
+102054+29112,26.152203708635845,91.67711716314597,built_up,High,28.765411,0.17846741,Cool roof,401310.0,1.0,2.491839226533104e-06
+102054+29113,26.15310202456608,91.67711716310352,built_up,High,28.683502,0.211853,Cool roof,401310.0,1.0,2.491839226533104e-06
+102054+29114,26.154000339485584,91.67711716324712,built_up,High,28.294006,0.20620802,Cool roof,401310.0,1.0,2.491839226533104e-06
+102054+29116,26.15579697019709,91.67711716318928,built_up,High,28.906036,0.31075257,Cool roof,401310.0,1.0,2.491839226533104e-06
+102054+29117,26.15669528553259,91.67711716321374,built_up,High,29.542816,0.25419226,Cool roof,401310.0,1.0,2.491839226533104e-06
+102054+29118,26.157593600810145,91.67711716319852,built_up,High,29.310211,0.29214036,Cool roof,401310.0,1.0,2.491839226533104e-06
+102054+29119,26.158491916170824,91.67711716291755,built_up,High,28.644379,0.22176382,Cool roof,401310.0,1.0,2.491839226533104e-06
+102054+29120,26.159390230927325,91.67711716282244,grassland,High,28.212555,0.25555775,Green park,1025570.0,2.0,1.9501350468519945e-06
+102054+29121,26.16028854734906,91.67711716291358,built_up,High,27.869965,0.17542629,Cool roof,401310.0,1.0,2.491839226533104e-06
+102054+29122,26.16118686149316,91.67711716296486,built_up,High,27.741638,0.20381752,Cool roof,401310.0,1.0,2.491839226533104e-06
+102054+29123,26.16208517712668,91.67711716297627,built_up,High,27.658844,0.21168682,Cool roof,401310.0,1.0,2.491839226533104e-06
+102054+29124,26.16298349269733,91.67711716294804,built_up,High,27.925262,0.22959809,Cool roof,401310.0,1.0,2.491839226533104e-06
+102054+29125,26.163881807719783,91.67711716310588,built_up,Medium,27.861725,0.33740297,Cool roof,401310.0,1.0,2.491839226533104e-06
+102054+29127,26.165678438314803,91.67711716307603,built_up,High,28.535492,0.34345067,Cool roof,401310.0,1.0,2.491839226533104e-06
+102054+29128,26.16657675376053,91.6771171631143,built_up,High,28.512207,0.31027997,Cool roof,401310.0,1.0,2.491839226533104e-06
+102055+29073,26.11716941303972,91.67801547843771,built_up,High,33.02829,0.26837757,Cool roof,401310.0,1.0,2.491839226533104e-06
+102055+29074,26.118067728396937,91.67801547848724,built_up,High,31.157135,0.3617958,Cool roof,401310.0,1.0,2.491839226533104e-06
+102055+29075,26.11896604331537,91.67801547849712,cropland,Medium,28.259674,0.5290839,Tree cover,334425.0,0.8,2.39216565747178e-06
+102055+29076,26.11986435934587,91.67801547824156,cropland,Medium,27.981903,0.5113009,Tree cover,334425.0,0.8,2.39216565747178e-06
+102055+29077,26.12076267363848,91.67801547839844,cropland,High,29.062897,0.30410737,Green park,1025570.0,2.0,1.9501350468519945e-06
+102055+29078,26.12166098912978,91.67801547851612,built_up,High,29.439362,0.23957178,Cool roof,401310.0,1.0,2.491839226533104e-06
+102055+29083,26.126152565562982,91.67801547851182,built_up,High,30.229614,0.374878,Cool roof,401310.0,1.0,2.491839226533104e-06
+102055+29084,26.127050881025724,91.67801547861843,built_up,High,30.034882,0.2632551,Cool roof,401310.0,1.0,2.491839226533104e-06
+102055+29085,26.12794919610701,91.67801547868564,built_up,High,29.77304,0.25275844,Cool roof,401310.0,1.0,2.491839226533104e-06
+102055+29086,26.128847512027264,91.67801547848757,built_up,High,28.733765,0.37359658,Cool roof,401310.0,1.0,2.491839226533104e-06
+102055+29098,26.13962729512383,91.67801547845193,built_up,High,27.53537,0.27184585,Cool roof,401310.0,1.0,2.491839226533104e-06
+102055+29099,26.140525610047373,91.67801547864418,built_up,High,28.002075,0.2594588,Cool roof,401310.0,1.0,2.491839226533104e-06
+102055+29100,26.14142392590584,91.67801547879682,built_up,High,27.780182,0.25837928,Cool roof,401310.0,1.0,2.491839226533104e-06
+102055+29101,26.14232224075693,91.67801547868416,built_up,Medium,27.507599,0.355086,Cool roof,401310.0,1.0,2.491839226533104e-06
+102055+29102,26.14322055635776,91.67801547853183,built_up,High,27.2247,0.23329502,Cool roof,401310.0,1.0,2.491839226533104e-06
+102055+29103,26.144118871622904,91.67801547833992,built_up,High,27.59439,0.26393628,Cool roof,401310.0,1.0,2.491839226533104e-06
+102055+29104,26.145017186520555,91.67801547833466,built_up,High,28.251007,0.30490154,Cool roof,401310.0,1.0,2.491839226533104e-06
+102055+29105,26.14591550189379,91.67801547828996,built_up,High,28.570892,0.19333325,Cool roof,401310.0,1.0,2.491839226533104e-06
+102055+29106,26.146813817436744,91.6780154784311,built_up,High,28.409912,0.21292262,Cool roof,401310.0,1.0,2.491839226533104e-06
+102055+29107,26.14771213264439,91.67801547853284,built_up,High,28.35257,0.18885094,Cool roof,401310.0,1.0,2.491839226533104e-06
+102055+29108,26.14861044784332,91.67801547836945,built_up,High,28.476776,0.16136774,Cool roof,401310.0,1.0,2.491839226533104e-06
+102055+29109,26.14950876343274,91.67801547839233,built_up,High,28.121277,0.20224091,Cool roof,401310.0,1.0,2.491839226533104e-06
+102055+29110,26.150407078103008,91.67801547837576,built_up,High,28.295715,0.20293038,Cool roof,401310.0,1.0,2.491839226533104e-06
+102055+29111,26.15130539425361,91.67801547831937,built_up,High,28.157196,0.23907918,Cool roof,401310.0,1.0,2.491839226533104e-06
+102055+29112,26.15220370867136,91.67801547844924,built_up,High,27.89859,0.23299254,Cool roof,401310.0,1.0,2.491839226533104e-06
+102055+29113,26.153102024569407,91.67801547853986,built_up,High,27.90561,0.3089383,Cool roof,401310.0,1.0,2.491839226533104e-06
+102055+29116,26.155796970104674,91.6780154785742,built_up,High,28.83075,0.29468998,Cool roof,401310.0,1.0,2.491839226533104e-06
+102055+29117,26.15669528559016,91.67801547850652,built_up,High,30.084076,0.20832281,Cool roof,401310.0,1.0,2.491839226533104e-06
+102055+29118,26.157593600653858,91.6780154783992,built_up,High,29.782257,0.1486295,Cool roof,401310.0,1.0,2.491839226533104e-06
+102055+29119,26.158491916164355,91.67801547847812,built_up,High,28.87143,0.20044696,Cool roof,401310.0,1.0,2.491839226533104e-06
+102055+29120,26.159390230889,91.67801547851764,built_up,High,28.919342,0.24345313,Cool roof,401310.0,1.0,2.491839226533104e-06
+102055+29121,26.16028854746088,91.67801547851774,built_up,High,28.911316,0.17471361,Cool roof,401310.0,1.0,2.491839226533104e-06
+102055+29122,26.161186861390792,91.67801547847816,built_up,High,28.401428,0.22108753,Cool roof,401310.0,1.0,2.491839226533104e-06
+102055+29123,26.162085177174458,91.67801547839898,built_up,High,27.927643,0.2031836,Cool roof,401310.0,1.0,2.491839226533104e-06
+102055+29124,26.16298349271308,91.67801547850608,built_up,High,28.290497,0.21161582,Cool roof,401310.0,1.0,2.491839226533104e-06
+102055+29125,26.163881807885502,91.67801547857351,built_up,High,28.708282,0.24506308,Cool roof,401310.0,1.0,2.491839226533104e-06
+102055+29127,26.165678438234657,91.67801547858971,built_up,High,28.82547,0.3238335,Cool roof,401310.0,1.0,2.491839226533104e-06
+102055+29128,26.1665767538302,91.67801547853846,built_up,High,28.744202,0.37516847,Cool roof,401310.0,1.0,2.491839226533104e-06
+102055+29129,26.16747506864204,91.67801547844756,built_up,Medium,28.732391,0.39380485,Cool roof,401310.0,1.0,2.491839226533104e-06
+102056+29074,26.11806772865308,91.67891379342858,cropland,High,30.983093,0.3410251,Green park,1025570.0,2.0,1.9501350468519945e-06
+102056+29075,26.11896604317568,91.67891379356313,cropland,Medium,28.346832,0.52611995,Tree cover,334425.0,0.8,2.39216565747178e-06
+102056+29076,26.1198643593564,91.67891379365848,cropland,Medium,28.470673,0.46806172,Tree cover,334425.0,0.8,2.39216565747178e-06
+102056+29077,26.120762673617467,91.67891379348858,cropland,High,29.01059,0.35104242,Green park,1025570.0,2.0,1.9501350468519945e-06
+102056+29078,26.12166098925899,91.67891379350512,built_up,High,29.71048,0.25924686,Cool roof,401310.0,1.0,2.491839226533104e-06
+102056+29079,26.12255930501604,91.67891379370852,cropland,High,29.508667,0.38508454,Green park,1025570.0,2.0,1.9501350468519945e-06
+102056+29081,26.124355935155688,91.67891379354624,cropland,High,29.390076,0.27242497,Green park,1025570.0,2.0,1.9501350468519945e-06
+102056+29082,26.1252542509448,91.67891379340598,built_up,High,29.881073,0.20406552,Cool roof,401310.0,1.0,2.491839226533104e-06
+102056+29083,26.12615256553375,91.67891379322651,built_up,High,30.051697,0.24474415,Cool roof,401310.0,1.0,2.491839226533104e-06
+102056+29084,26.127050881146864,91.67891379323392,built_up,High,29.813324,0.19906028,Cool roof,401310.0,1.0,2.491839226533104e-06
+102056+29085,26.12794919619646,91.678913793428,built_up,High,28.866241,0.2937371,Cool roof,401310.0,1.0,2.491839226533104e-06
+102056+29098,26.139627295164967,91.67891379350714,built_up,Medium,26.420807,0.35452932,Cool roof,401310.0,1.0,2.491839226533104e-06
+102056+29099,26.140525610056656,91.67891379337742,built_up,Medium,27.798676,0.35105896,Cool roof,401310.0,1.0,2.491839226533104e-06
+102056+29100,26.14142392588328,91.6789137932083,built_up,Medium,27.872559,0.32476106,Cool roof,401310.0,1.0,2.491839226533104e-06
+102056+29101,26.14232224088471,91.67891379345151,built_up,Medium,27.434174,0.41034552,Cool roof,401310.0,1.0,2.491839226533104e-06
+102056+29102,26.14322055608963,91.67891379342964,built_up,Medium,27.258636,0.31821448,Cool roof,401310.0,1.0,2.491839226533104e-06
+102056+29103,26.144118871687315,91.67891379336878,built_up,Medium,27.52768,0.2939823,Cool roof,401310.0,1.0,2.491839226533104e-06
+102056+29104,26.14501718655312,91.6789137934944,built_up,High,28.022797,0.26373374,Cool roof,401310.0,1.0,2.491839226533104e-06
+102056+29105,26.14591550189451,91.6789137935804,built_up,High,28.13266,0.25002322,Cool roof,401310.0,1.0,2.491839226533104e-06
+102056+29107,26.147712132581745,91.6789137936352,built_up,High,27.729156,0.26628998,Cool roof,401310.0,1.0,2.491839226533104e-06
+102056+29108,26.14861044774866,91.67891379360336,built_up,High,27.817413,0.20886883,Cool roof,401310.0,1.0,2.491839226533104e-06
+102056+29109,26.149508763488424,91.6789137935321,built_up,High,27.613861,0.2743317,Cool roof,401310.0,1.0,2.491839226533104e-06
+102056+29110,26.150407078127,91.67891379364757,built_up,Medium,27.788757,0.3292912,Cool roof,401310.0,1.0,2.491839226533104e-06
+102056+29111,26.15130539406376,91.6789137934981,built_up,Medium,27.733978,0.31931463,Cool roof,401310.0,1.0,2.491839226533104e-06
+102056+29112,26.15220370881368,91.67891379330923,built_up,High,27.690033,0.28034884,Cool roof,401310.0,1.0,2.491839226533104e-06
+102056+29113,26.153102024498207,91.67891379330686,built_up,High,27.270325,0.20929678,Cool roof,401310.0,1.0,2.491839226533104e-06
+102056+29116,26.15579697030196,91.67891379328933,built_up,High,29.534943,0.3149072,Cool roof,401310.0,1.0,2.491839226533104e-06
+102056+29117,26.15669528539158,91.6789137933554,built_up,High,29.998932,0.21085288,Cool roof,401310.0,1.0,2.491839226533104e-06
+102056+29118,26.157593600787607,91.67891379338226,built_up,High,29.702057,0.15624508,Cool roof,401310.0,1.0,2.491839226533104e-06
+102056+29119,26.158491916266268,91.67891379359584,built_up,High,28.81073,0.23555437,Cool roof,401310.0,1.0,2.491839226533104e-06
+102056+29120,26.159390230777223,91.67891379354408,built_up,High,28.669067,0.32580116,Cool roof,401310.0,1.0,2.491839226533104e-06
+102056+29121,26.16028854731709,91.67891379322676,built_up,High,28.597778,0.23956436,Cool roof,401310.0,1.0,2.491839226533104e-06
+102056+29122,26.16118686157933,91.67891379332188,built_up,High,28.1734,0.23319267,Cool roof,401310.0,1.0,2.491839226533104e-06
+102056+29123,26.16208517714915,91.6789137936037,built_up,High,27.967499,0.17832169,Cool roof,401310.0,1.0,2.491839226533104e-06
+102056+29124,26.16298349265594,91.67891379339426,built_up,High,28.557648,0.18215287,Cool roof,401310.0,1.0,2.491839226533104e-06
+102056+29125,26.16388180779652,91.6789137931454,built_up,High,29.501068,0.2000679,Cool roof,401310.0,1.0,2.491839226533104e-06
+102056+29126,26.164780123059792,91.6789137933092,built_up,High,29.32138,0.27682576,Cool roof,401310.0,1.0,2.491839226533104e-06
+102056+29127,26.16567843808216,91.67891379343357,built_up,High,28.873047,0.29078916,Cool roof,401310.0,1.0,2.491839226533104e-06
+102056+29128,26.16657675401,91.6789137935187,built_up,High,28.749878,0.3430208,Cool roof,401310.0,1.0,2.491839226533104e-06
+102056+29131,26.169271699816967,91.67891379331108,built_up,Medium,27.796417,0.36343092,Cool roof,401310.0,1.0,2.491839226533104e-06
+102056+29132,26.170170014799496,91.67891379346467,built_up,High,28.258362,0.23678018,Cool roof,401310.0,1.0,2.491839226533104e-06
+102057+29071,26.115372782305908,91.67981210953045,built_up,High,31.025726,0.20270896,Cool roof,401310.0,1.0,2.491839226533104e-06
+102057+29074,26.118067728645308,91.67981210918586,cropland,Medium,29.796295,0.46343252,Tree cover,334425.0,0.8,2.39216565747178e-06
+102057+29075,26.118966043318643,91.679812109219,cropland,Medium,29.031525,0.4381031,Tree cover,334425.0,0.8,2.39216565747178e-06
+102057+29076,26.11986435928561,91.6798121092132,cropland,Medium,28.903046,0.40599966,Tree cover,334425.0,0.8,2.39216565747178e-06
+102057+29077,26.120762673515184,91.6798121091684,cropland,Medium,28.532806,0.38406467,Tree cover,334425.0,0.8,2.39216565747178e-06
+102057+29079,26.12255930485072,91.67981210918754,built_up,High,29.09076,0.27419695,Cool roof,401310.0,1.0,2.491839226533104e-06
+102057+29080,26.123457619925507,91.6798121090256,built_up,High,29.454803,0.24465954,Cool roof,401310.0,1.0,2.491839226533104e-06
+102057+29081,26.124355935109257,91.67981210905052,grassland,High,29.787384,0.37146473,Green park,1025570.0,2.0,1.9501350468519945e-06
+102057+29082,26.125254250867023,91.6798121090367,grassland,High,29.757233,0.35777667,Green park,1025570.0,2.0,1.9501350468519945e-06
+102057+29083,26.126152565606365,91.67981210920976,built_up,High,29.47937,0.2408351,Cool roof,401310.0,1.0,2.491839226533104e-06
+102057+29084,26.12705088118797,91.6798121093434,built_up,High,29.089996,0.2903975,Cool roof,401310.0,1.0,2.491839226533104e-06
+102057+29087,26.12974582699943,91.67981210905916,built_up,Medium,27.764832,0.40455046,Cool roof,401310.0,1.0,2.491839226533104e-06
+102057+29088,26.130644141871,91.67981210926276,built_up,Medium,28.170837,0.3782212,Cool roof,401310.0,1.0,2.491839226533104e-06
+102057+29099,26.14052560998857,91.6798121091522,built_up,High,27.701752,0.27695045,Cool roof,401310.0,1.0,2.491839226533104e-06
+102057+29100,26.14142392596572,91.67981210933915,built_up,High,27.734833,0.23889916,Cool roof,401310.0,1.0,2.491839226533104e-06
+102057+29101,26.142322240935485,91.67981210926126,built_up,High,27.367157,0.24096198,Cool roof,401310.0,1.0,2.491839226533104e-06
+102057+29102,26.14322055592688,91.67981210914418,built_up,High,27.223083,0.25534105,Cool roof,401310.0,1.0,2.491839226533104e-06
+102057+29103,26.14411887185711,91.67981210921376,built_up,Medium,27.203644,0.34258235,Cool roof,401310.0,1.0,2.491839226533104e-06
+102057+29105,26.145915502000964,91.67981210923558,built_up,High,27.833649,0.2448653,Cool roof,401310.0,1.0,2.491839226533104e-06
+102057+29106,26.146813817480734,91.67981210918802,built_up,Medium,27.31314,0.31706157,Cool roof,401310.0,1.0,2.491839226533104e-06
+102057+29107,26.14771213262502,91.67981210910126,built_up,Medium,27.19577,0.3332587,Cool roof,401310.0,1.0,2.491839226533104e-06
+102057+29108,26.148610447760426,91.67981210920142,built_up,High,27.314056,0.2310528,Cool roof,401310.0,1.0,2.491839226533104e-06
+102057+29109,26.14950876346869,91.67981210926278,built_up,High,27.186005,0.16723472,Cool roof,401310.0,1.0,2.491839226533104e-06
+102057+29110,26.150407078257462,91.67981210928475,built_up,Medium,27.400574,0.33502197,Cool roof,401310.0,1.0,2.491839226533104e-06
+102057+29112,26.15220370869912,91.67981210943702,built_up,High,27.38742,0.25966486,Cool roof,401310.0,1.0,2.491839226533104e-06
+102057+29113,26.153102024533982,91.67981210934164,built_up,High,26.896027,0.23278306,Cool roof,401310.0,1.0,2.491839226533104e-06
+102057+29114,26.15400033954012,91.67981210920703,grassland,High,26.793304,0.13904776,Green park,1025570.0,2.0,1.9501350468519945e-06
+102057+29117,26.156695285482865,91.67981210924684,built_up,High,30.040558,0.20717792,Cool roof,401310.0,1.0,2.491839226533104e-06
+102057+29118,26.157593600847395,91.67981210940748,built_up,High,29.553345,0.1903091,Cool roof,401310.0,1.0,2.491839226533104e-06
+102057+29119,26.15849191629455,91.67981210930324,built_up,High,28.615448,0.2966931,Cool roof,401310.0,1.0,2.491839226533104e-06
+102057+29120,26.15939023077384,91.67981210938588,built_up,High,27.78357,0.30463812,Cool roof,401310.0,1.0,2.491839226533104e-06
+102057+29121,26.160288547099885,91.67981210942938,built_up,High,27.790863,0.30379534,Cool roof,401310.0,1.0,2.491839226533104e-06
+102057+29122,26.161186861694617,91.67981210920776,built_up,Medium,27.901459,0.34884077,Cool roof,401310.0,1.0,2.491839226533104e-06
+102057+29123,26.162085177232942,91.67981210917304,built_up,High,28.244781,0.2508107,Cool roof,401310.0,1.0,2.491839226533104e-06
+102057+29124,26.162983492525893,91.67981210932504,built_up,High,29.11612,0.16133459,Cool roof,401310.0,1.0,2.491839226533104e-06
+102057+29125,26.16388180781697,91.67981210943786,built_up,High,30.051422,0.19056335,Cool roof,401310.0,1.0,2.491839226533104e-06
+102057+29126,26.16478012304859,91.67981210928556,built_up,High,29.56778,0.26841363,Cool roof,401310.0,1.0,2.491839226533104e-06
+102057+29127,26.16567843822128,91.67981210931998,built_up,High,28.820892,0.36052126,Cool roof,401310.0,1.0,2.491839226533104e-06
+102057+29128,26.16657675393563,91.6798121093152,built_up,High,28.85794,0.35188344,Cool roof,401310.0,1.0,2.491839226533104e-06
+102057+29131,26.16927169982959,91.67981210929248,built_up,Medium,27.969818,0.32340944,Cool roof,401310.0,1.0,2.491839226533104e-06
+102057+29132,26.170170014780457,91.67981210913088,built_up,High,28.42627,0.19093356,Cool roof,401310.0,1.0,2.491839226533104e-06
+102058+29070,26.11447446725633,91.68071042416068,built_up,High,31.703033,0.20217808,Cool roof,401310.0,1.0,2.491839226533104e-06
+102058+29071,26.11537278231032,91.68071042424724,built_up,High,31.040619,0.23864171,Cool roof,401310.0,1.0,2.491839226533104e-06
+102058+29075,26.1189660433798,91.68071042420728,cropland,Medium,28.553864,0.39920807,Tree cover,334425.0,0.8,2.39216565747178e-06
+102058+29076,26.11986435913336,91.68071042410008,cropland,Medium,28.361938,0.4387503,Tree cover,334425.0,0.8,2.39216565747178e-06
+102058+29077,26.12076267369573,91.68071042418,cropland,Medium,27.987915,0.42719838,Tree cover,334425.0,0.8,2.39216565747178e-06
+102058+29080,26.12345762001205,91.6807104244138,built_up,High,30.27826,0.23361257,Cool roof,401310.0,1.0,2.491839226533104e-06
+102058+29081,26.12435593498225,91.68071042433868,built_up,High,30.811493,0.19529445,Cool roof,401310.0,1.0,2.491839226533104e-06
+102058+29082,26.125254250891068,91.68071042422478,built_up,High,30.188202,0.2684683,Cool roof,401310.0,1.0,2.491839226533104e-06
+102058+29083,26.126152565780973,91.68071042429818,built_up,High,29.120667,0.28982624,Cool roof,401310.0,1.0,2.491839226533104e-06
+102058+29084,26.127050881149017,91.68071042433284,built_up,High,28.731049,0.33902618,Cool roof,401310.0,1.0,2.491839226533104e-06
+102058+29085,26.127949196135777,91.68071042432854,built_up,Medium,27.947906,0.3397335,Cool roof,401310.0,1.0,2.491839226533104e-06
+102058+29086,26.12884751177945,91.68071042428548,built_up,Medium,27.167511,0.37905508,Cool roof,401310.0,1.0,2.491839226533104e-06
+102058+29087,26.129745827048385,91.68071042420344,built_up,Medium,27.214813,0.38864446,Cool roof,401310.0,1.0,2.491839226533104e-06
+102058+29088,26.130644141888787,91.68071042408263,built_up,Medium,27.945465,0.38956684,Cool roof,401310.0,1.0,2.491839226533104e-06
+102058+29100,26.141423925970976,91.68071042434993,built_up,Medium,26.448395,0.29453266,Cool roof,401310.0,1.0,2.491839226533104e-06
+102058+29101,26.1423222407274,91.68071042417613,built_up,Medium,26.75058,0.35132694,Cool roof,401310.0,1.0,2.491839226533104e-06
+102058+29102,26.14322055605135,91.68071042418948,built_up,Medium,27.213043,0.30737796,Cool roof,401310.0,1.0,2.491839226533104e-06
+102058+29103,26.14411887195009,91.68071042438972,built_up,Medium,27.416595,0.32976407,Cool roof,401310.0,1.0,2.491839226533104e-06
+102058+29105,26.14591550184926,91.68071042444848,built_up,High,27.644928,0.22373441,Cool roof,401310.0,1.0,2.491839226533104e-06
+102058+29106,26.14681381747956,91.68071042430634,built_up,High,27.371338,0.2771007,Cool roof,401310.0,1.0,2.491839226533104e-06
+102058+29108,26.148610447878635,91.68071042435716,built_up,Medium,26.960175,0.3721566,Cool roof,401310.0,1.0,2.491839226533104e-06
+102058+29112,26.152203708691527,91.68071042421867,built_up,High,27.333405,0.19618256,Cool roof,401310.0,1.0,2.491839226533104e-06
+102058+29113,26.1531020244949,91.68071042425616,built_up,Medium,26.809723,0.2838394,Cool roof,401310.0,1.0,2.491839226533104e-06
+102058+29117,26.156695285682183,91.68071042424326,built_up,High,30.002106,0.22155842,Cool roof,401310.0,1.0,2.491839226533104e-06
+102058+29118,26.15759360083321,91.68071042431238,built_up,High,29.450989,0.23561707,Cool roof,401310.0,1.0,2.491839226533104e-06
+102058+29119,26.15849191606687,91.68071042411644,built_up,High,29.019623,0.18191265,Cool roof,401310.0,1.0,2.491839226533104e-06
+102058+29120,26.159390231060858,91.68071042410742,built_up,High,28.470184,0.23833299,Cool roof,401310.0,1.0,2.491839226533104e-06
+102058+29121,26.1602885469914,91.68071042428554,built_up,Medium,28.3125,0.41443804,Cool roof,401310.0,1.0,2.491839226533104e-06
+102058+29122,26.161186861736816,91.6807104244249,built_up,High,28.420807,0.24793328,Cool roof,401310.0,1.0,2.491839226533104e-06
+102058+29123,26.162085177243647,91.68071042452527,built_up,High,29.200806,0.21791917,Cool roof,401310.0,1.0,2.491839226533104e-06
+102058+29124,26.16298349250512,91.68071042436078,built_up,High,29.937653,0.2067401,Cool roof,401310.0,1.0,2.491839226533104e-06
+102058+29125,26.16388180776472,91.68071042415728,built_up,High,30.043182,0.19157372,Cool roof,401310.0,1.0,2.491839226533104e-06
+102058+29126,26.164780122964835,91.68071042414076,built_up,High,29.56839,0.2553849,Cool roof,401310.0,1.0,2.491839226533104e-06
+102058+29127,26.1656784382882,91.68071042408543,built_up,High,29.064697,0.29586437,Cool roof,401310.0,1.0,2.491839226533104e-06
+102058+29128,26.16657675378891,91.68071042399114,built_up,High,28.915863,0.37042144,Cool roof,401310.0,1.0,2.491839226533104e-06
+102058+29129,26.167475068687747,91.6807104240836,built_up,Medium,28.346527,0.35539094,Cool roof,401310.0,1.0,2.491839226533104e-06
+102058+29131,26.1692716997704,91.68071042415195,built_up,High,28.052185,0.30678517,Cool roof,401310.0,1.0,2.491839226533104e-06
+102058+29132,26.170170014871942,91.68071042435363,built_up,High,28.382141,0.2621904,Cool roof,401310.0,1.0,2.491839226533104e-06
+102059+29070,26.1144744673916,91.68160873957044,built_up,High,30.529663,0.2983696,Cool roof,401310.0,1.0,2.491839226533104e-06
+102059+29072,26.11627109754781,91.68160873950116,built_up,High,29.912323,0.3597433,Cool roof,401310.0,1.0,2.491839226533104e-06
+102059+29073,26.11716941297088,91.68160873963444,built_up,High,28.823517,0.37783378,Cool roof,401310.0,1.0,2.491839226533104e-06
+102059+29074,26.118067728566544,91.6816087397292,cropland,Medium,28.150146,0.44262543,Tree cover,334425.0,0.8,2.39216565747178e-06
+102059+29075,26.118966043359453,91.68160873978542,cropland,Medium,28.417114,0.3759359,Tree cover,334425.0,0.8,2.39216565747178e-06
+102059+29077,26.12076267379515,91.68160873978267,cropland,Medium,28.127167,0.34938017,Tree cover,334425.0,0.8,2.39216565747178e-06
+102059+29081,26.12435593495705,91.6816087395398,built_up,High,31.145844,0.25360748,Cool roof,401310.0,1.0,2.491839226533104e-06
+102059+29082,26.125254251016447,91.68160873977796,built_up,High,30.879944,0.16090204,Cool roof,401310.0,1.0,2.491839226533104e-06
+102059+29083,26.12615256569331,91.68160873975133,built_up,High,29.096039,0.26946515,Cool roof,401310.0,1.0,2.491839226533104e-06
+102059+29084,26.12705088103037,91.68160873946071,built_up,Medium,28.38623,0.39746654,Cool roof,401310.0,1.0,2.491839226533104e-06
+102059+29085,26.12794919616769,91.68160873935744,built_up,Medium,27.653656,0.3186821,Cool roof,401310.0,1.0,2.491839226533104e-06
+102059+29101,26.14232224080636,91.68160873968203,built_up,Medium,26.322601,0.35880733,Cool roof,401310.0,1.0,2.491839226533104e-06
+102059+29102,26.143220556098992,91.68160873982582,built_up,High,27.354645,0.24268207,Cool roof,401310.0,1.0,2.491839226533104e-06
+102059+29103,26.14411887196659,91.68160873970515,built_up,High,28.060455,0.23020914,Cool roof,401310.0,1.0,2.491839226533104e-06
+102059+29104,26.145017186556224,91.68160873954577,built_up,High,27.748138,0.24608524,Cool roof,401310.0,1.0,2.491839226533104e-06
+102059+29105,26.1459155018033,91.6816087395735,built_up,High,27.334839,0.24171366,Cool roof,401310.0,1.0,2.491839226533104e-06
+102059+29106,26.146813817402457,91.68160873956292,built_up,High,27.167633,0.23162481,Cool roof,401310.0,1.0,2.491839226533104e-06
+102059+29107,26.147712132665973,91.68160873951376,built_up,Medium,26.867523,0.28545332,Cool roof,401310.0,1.0,2.491839226533104e-06
+102059+29112,26.15220370860889,91.68160873959056,built_up,Medium,27.09729,0.30938548,Cool roof,401310.0,1.0,2.491839226533104e-06
+102059+29117,26.156695285625503,91.68160873960468,built_up,High,30.120605,0.2604382,Cool roof,401310.0,1.0,2.491839226533104e-06
+102059+29118,26.157593600927232,91.68160873958188,built_up,High,29.427032,0.2617664,Cool roof,401310.0,1.0,2.491839226533104e-06
+102059+29119,26.15849191594741,91.68160873974624,built_up,High,29.442322,0.18247926,Cool roof,401310.0,1.0,2.491839226533104e-06
+102059+29123,26.16208517718128,91.6816087395646,built_up,High,29.494293,0.19305672,Cool roof,401310.0,1.0,2.491839226533104e-06
+102059+29124,26.162983492411435,91.6816087395354,built_up,High,29.744781,0.23686469,Cool roof,401310.0,1.0,2.491839226533104e-06
+102059+29125,26.16388180782189,91.68160873969356,built_up,High,29.112396,0.31702095,Cool roof,401310.0,1.0,2.491839226533104e-06
+102059+29126,26.1647801229907,91.6816087398132,built_up,Medium,28.89618,0.40350556,Cool roof,401310.0,1.0,2.491839226533104e-06
+102059+29127,26.1656784382826,91.68160873989368,built_up,High,29.101837,0.29925725,Cool roof,401310.0,1.0,2.491839226533104e-06
+102059+29128,26.16657675375216,91.68160873993538,built_up,High,29.334045,0.33122513,Cool roof,401310.0,1.0,2.491839226533104e-06
+102059+29129,26.167475068619687,91.6816087397128,built_up,High,28.83554,0.27598718,Cool roof,401310.0,1.0,2.491839226533104e-06
+102059+29130,26.16837338393064,91.68160873967722,built_up,High,28.328674,0.34023473,Cool roof,401310.0,1.0,2.491839226533104e-06
+102059+29131,26.16927169982172,91.6816087398288,built_up,High,28.169739,0.296648,Cool roof,401310.0,1.0,2.491839226533104e-06
+102059+29132,26.170170014892108,91.6816087397159,built_up,Medium,28.28012,0.3456634,Cool roof,401310.0,1.0,2.491839226533104e-06
+102060+29069,26.113576151893536,91.68250705461732,cropland,High,29.043,0.39356485,Green park,1025570.0,2.0,1.9501350468519945e-06
+102060+29072,26.116271097720823,91.68250705471615,built_up,High,30.212372,0.24861029,Cool roof,401310.0,1.0,2.491839226533104e-06
+102060+29073,26.11716941293085,91.68250705474784,built_up,High,29.146637,0.37447697,Cool roof,401310.0,1.0,2.491839226533104e-06
+102060+29074,26.11806772867744,91.68250705474097,cropland,Medium,27.464874,0.5773804,Tree cover,334425.0,0.8,2.39216565747178e-06
+102060+29076,26.11986435913081,91.68250705461232,built_up,Medium,28.572021,0.37126622,Cool roof,401310.0,1.0,2.491839226533104e-06
+102060+29081,26.124355935033343,91.68250705474982,built_up,High,30.443329,0.19008401,Cool roof,401310.0,1.0,2.491839226533104e-06
+102060+29082,26.1252542510616,91.6825070546623,built_up,High,30.629852,0.22203201,Cool roof,401310.0,1.0,2.491839226533104e-06
+102060+29083,26.12615256570748,91.68250705476252,built_up,High,29.599518,0.3030552,Cool roof,401310.0,1.0,2.491839226533104e-06
+102060+29103,26.14411887190661,91.68250705480384,built_up,High,27.931915,0.22704454,Cool roof,401310.0,1.0,2.491839226533104e-06
+102060+29105,26.14591550186308,91.6825070547087,built_up,High,27.505249,0.2663956,Cool roof,401310.0,1.0,2.491839226533104e-06
+102060+29106,26.146813817249235,91.68250705460332,built_up,Medium,27.252838,0.29928398,Cool roof,401310.0,1.0,2.491839226533104e-06
+102060+29110,26.15040707819728,91.68250705470176,built_up,Medium,26.702057,0.2598948,Cool roof,401310.0,1.0,2.491839226533104e-06
+102060+29112,26.152203708451225,91.68250705474632,built_up,Medium,26.424103,0.21382612,Cool roof,401310.0,1.0,2.491839226533104e-06
+102060+29113,26.15310202473852,91.68250705482365,built_up,Medium,26.429108,0.36930916,Cool roof,401310.0,1.0,2.491839226533104e-06
+102060+29117,26.15669528549467,91.68250705474952,built_up,High,30.595673,0.20380901,Cool roof,401310.0,1.0,2.491839226533104e-06
+102060+29118,26.15759360094712,91.68250705463458,built_up,High,29.801086,0.21294601,Cool roof,401310.0,1.0,2.491839226533104e-06
+102060+29119,26.15849191611849,91.68250705470726,built_up,High,29.241669,0.19890004,Cool roof,401310.0,1.0,2.491839226533104e-06
+102060+29120,26.15939023086803,91.6825070547416,built_up,High,29.150543,0.30461013,Cool roof,401310.0,1.0,2.491839226533104e-06
+102060+29123,26.16208517722784,91.6825070546132,built_up,High,28.642883,0.25340897,Cool roof,401310.0,1.0,2.491839226533104e-06
+102060+29124,26.162983492427028,91.68250705471957,built_up,High,28.812042,0.2924528,Cool roof,401310.0,1.0,2.491839226533104e-06
+102060+29125,26.16388180798834,91.68250705478734,built_up,Medium,28.417755,0.36866072,Cool roof,401310.0,1.0,2.491839226533104e-06
+102060+29126,26.16478012294403,91.6825070548164,built_up,High,28.493683,0.349028,Cool roof,401310.0,1.0,2.491839226533104e-06
+102060+29127,26.16567843820462,91.6825070545812,built_up,High,29.070099,0.29962552,Cool roof,401310.0,1.0,2.491839226533104e-06
+102060+29128,26.16657675382537,91.6825070545336,built_up,High,29.225494,0.309529,Cool roof,401310.0,1.0,2.491839226533104e-06
+102060+29129,26.16747506847961,91.68250705467318,built_up,High,28.882416,0.29842693,Cool roof,401310.0,1.0,2.491839226533104e-06
+102060+29130,26.168373384123424,91.68250705477422,built_up,Medium,27.929626,0.334507,Cool roof,401310.0,1.0,2.491839226533104e-06
+102060+29131,26.169271699801712,91.68250705483716,built_up,Medium,27.856537,0.35316613,Cool roof,401310.0,1.0,2.491839226533104e-06
+102060+29132,26.17017001465865,91.6825070546354,built_up,Medium,27.990692,0.32705635,Cool roof,401310.0,1.0,2.491839226533104e-06
+102061+29068,26.112677836208928,91.68340536997114,cropland,Medium,28.752533,0.43125018,Tree cover,334425.0,0.8,2.39216565747178e-06
+102061+29072,26.11627109781183,91.683405370071,built_up,High,29.917877,0.33830625,Cool roof,401310.0,1.0,2.491839226533104e-06
+102061+29073,26.117169412990883,91.68340537022668,built_up,High,30.065216,0.23718978,Cool roof,401310.0,1.0,2.491839226533104e-06
+102061+29075,26.118966043255742,91.68340536997228,built_up,High,28.478851,0.35920173,Cool roof,401310.0,1.0,2.491839226533104e-06
+102061+29076,26.119864359280687,91.6834053702395,built_up,High,28.908722,0.37350425,Cool roof,401310.0,1.0,2.491839226533104e-06
+102061+29078,26.1216609892357,91.68340536998176,built_up,Medium,28.13144,0.37546653,Cool roof,401310.0,1.0,2.491839226533104e-06
+102061+29080,26.1234576199694,91.68340537002376,built_up,High,29.718658,0.27622616,Cool roof,401310.0,1.0,2.491839226533104e-06
+102061+29081,26.124355935028888,91.68340537010054,built_up,High,30.290619,0.19063182,Cool roof,401310.0,1.0,2.491839226533104e-06
+102061+29082,26.12525425102651,91.683405370139,built_up,High,29.902802,0.30605015,Cool roof,401310.0,1.0,2.491839226533104e-06
+102061+29083,26.1261525656416,91.68340536991354,built_up,High,29.131073,0.32005838,Cool roof,401310.0,1.0,2.491839226533104e-06
+102061+29103,26.144118871769816,91.6834053700424,built_up,High,27.572113,0.22450677,Cool roof,401310.0,1.0,2.491839226533104e-06
+102061+29104,26.145017186479382,91.68340536991887,built_up,High,27.54422,0.2801922,Cool roof,401310.0,1.0,2.491839226533104e-06
+102061+29105,26.145915501846726,91.68340536998336,built_up,High,27.552338,0.2754377,Cool roof,401310.0,1.0,2.491839226533104e-06
+102061+29106,26.14681381738396,91.6834053702356,built_up,High,27.443695,0.2847701,Cool roof,401310.0,1.0,2.491839226533104e-06
+102061+29108,26.14861044777857,91.68340536994732,built_up,Medium,26.93222,0.3014757,Cool roof,401310.0,1.0,2.491839226533104e-06
+102061+29109,26.1495087633621,91.68340537008464,built_up,High,26.921722,0.20898761,Cool roof,401310.0,1.0,2.491839226533104e-06
+102061+29110,26.15040707839051,91.68340537018388,built_up,High,26.964722,0.18504359,Cool roof,401310.0,1.0,2.491839226533104e-06
+102061+29112,26.15220370858254,91.68340537004174,built_up,Medium,26.808685,0.2679573,Cool roof,401310.0,1.0,2.491839226533104e-06
+102061+29113,26.1531020246572,91.68340537002646,built_up,Medium,26.6221,0.3291178,Cool roof,401310.0,1.0,2.491839226533104e-06
+102061+29117,26.15669528547172,91.68340537025992,built_up,High,30.38379,0.22480026,Cool roof,401310.0,1.0,2.491839226533104e-06
+102061+29118,26.15759360089302,91.6834053702792,built_up,High,29.893585,0.32261753,Cool roof,401310.0,1.0,2.491839226533104e-06
+102061+29119,26.158491916033785,91.68340537003428,built_up,High,29.093658,0.1578674,Cool roof,401310.0,1.0,2.491839226533104e-06
+102061+29120,26.1593902309342,91.68340536997692,built_up,High,28.8797,0.23910937,Cool roof,401310.0,1.0,2.491839226533104e-06
+102061+29121,26.16028854713586,91.68340537010738,built_up,High,28.811523,0.21528192,Cool roof,401310.0,1.0,2.491839226533104e-06
+102061+29122,26.16118686178771,91.68340537019974,built_up,High,28.374084,0.26496542,Cool roof,401310.0,1.0,2.491839226533104e-06
+102061+29123,26.16208517720132,91.68340537025378,built_up,High,28.142303,0.18017678,Cool roof,401310.0,1.0,2.491839226533104e-06
+102061+29124,26.16298349255171,91.6834053702693,built_up,High,28.639954,0.25972643,Cool roof,401310.0,1.0,2.491839226533104e-06
+102061+29125,26.16388180789991,91.68340537024652,built_up,High,28.31491,0.32744983,Cool roof,401310.0,1.0,2.491839226533104e-06
+102061+29126,26.16478012282481,91.68340536995969,built_up,Medium,28.169159,0.37088192,Cool roof,401310.0,1.0,2.491839226533104e-06
+102061+29127,26.165678438236604,91.6834053700866,built_up,High,28.663666,0.37132278,Cool roof,401310.0,1.0,2.491839226533104e-06
+102061+29128,26.166576753826423,91.68340537017522,built_up,High,29.220581,0.26183516,Cool roof,401310.0,1.0,2.491839226533104e-06
+102061+29129,26.16747506844954,91.68340536999958,built_up,High,29.053009,0.29229826,Cool roof,401310.0,1.0,2.491839226533104e-06
+102061+29131,26.1692716997099,91.683405369985,built_up,Medium,27.973969,0.33367702,Cool roof,401310.0,1.0,2.491839226533104e-06
+102062+29066,26.11088120628137,91.68430368544624,built_up,High,28.623749,0.36752006,Cool roof,401310.0,1.0,2.491839226533104e-06
+102062+29068,26.112677836340065,91.68430368551884,cropland,High,29.128418,0.3150449,Green park,1025570.0,2.0,1.9501350468519945e-06
+102062+29069,26.113576152177124,91.68430368572396,cropland,High,29.833649,0.30046847,Green park,1025570.0,2.0,1.9501350468519945e-06
+102062+29070,26.114474467303022,91.68430368566538,built_up,High,30.851837,0.19013114,Cool roof,401310.0,1.0,2.491839226533104e-06
+102062+29071,26.11537278205122,91.68430368556932,built_up,High,30.229828,0.2602346,Cool roof,401310.0,1.0,2.491839226533104e-06
+102062+29072,26.11627109782047,91.68430368566126,cropland,High,29.265411,0.34889656,Green park,1025570.0,2.0,1.9501350468519945e-06
+102062+29073,26.11716941296892,91.68430368548908,built_up,High,29.298004,0.31179398,Cool roof,401310.0,1.0,2.491839226533104e-06
+102062+29074,26.11806772847235,91.68430368550484,built_up,High,28.770355,0.32254055,Cool roof,401310.0,1.0,2.491839226533104e-06
+102062+29075,26.118966043354767,91.684303685709,built_up,High,29.394989,0.24635395,Cool roof,401310.0,1.0,2.491839226533104e-06
+102062+29076,26.11986435916686,91.6843036854234,built_up,High,30.648712,0.26046348,Cool roof,401310.0,1.0,2.491839226533104e-06
+102062+29077,26.12076267378773,91.68430368532574,built_up,High,30.978882,0.24167986,Cool roof,401310.0,1.0,2.491839226533104e-06
+102062+29078,26.121660989242866,91.68430368564212,built_up,High,29.664185,0.2509358,Cool roof,401310.0,1.0,2.491839226533104e-06
+102062+29079,26.12255930481352,91.68430368569456,built_up,High,29.10318,0.2782733,Cool roof,401310.0,1.0,2.491839226533104e-06
+102062+29080,26.12345761991516,91.6843036854831,built_up,High,30.253021,0.20244141,Cool roof,401310.0,1.0,2.491839226533104e-06
+102062+29081,26.124355935126253,91.68430368545982,built_up,High,30.480438,0.24122283,Cool roof,401310.0,1.0,2.491839226533104e-06
+102062+29083,26.12615256549533,91.68430368575132,built_up,Medium,28.762146,0.40782607,Cool roof,401310.0,1.0,2.491839226533104e-06
+102062+29085,26.127949196149224,91.68430368566486,built_up,Medium,29.073212,0.40853405,Cool roof,401310.0,1.0,2.491839226533104e-06
+102062+29103,26.144118871738407,91.68430368528996,built_up,High,27.44223,0.25441918,Cool roof,401310.0,1.0,2.491839226533104e-06
+102062+29104,26.145017186599546,91.6843036855236,built_up,Medium,27.45932,0.34617174,Cool roof,401310.0,1.0,2.491839226533104e-06
+102062+29105,26.14591550175409,91.68430368549328,built_up,Medium,27.929016,0.38790402,Cool roof,401310.0,1.0,2.491839226533104e-06
+102062+29106,26.146813817624576,91.68430368542468,built_up,Medium,28.005157,0.37398636,Cool roof,401310.0,1.0,2.491839226533104e-06
+102062+29107,26.14771213261369,91.68430368554408,built_up,Medium,27.369263,0.31154606,Cool roof,401310.0,1.0,2.491839226533104e-06
+102062+29108,26.148610447775773,91.6843036856258,built_up,High,27.042389,0.2238532,Cool roof,401310.0,1.0,2.491839226533104e-06
+102062+29109,26.14950876351072,91.68430368566943,built_up,High,27.190277,0.217699,Cool roof,401310.0,1.0,2.491839226533104e-06
+102062+29110,26.150407078144305,91.6843036854491,built_up,High,27.193024,0.2158115,Cool roof,401310.0,1.0,2.491839226533104e-06
+102062+29112,26.15220370863916,91.68430368557205,built_up,High,27.37381,0.22366388,Cool roof,401310.0,1.0,2.491839226533104e-06
+102062+29113,26.153102024501024,91.68430368546376,built_up,Medium,27.052277,0.2638419,Cool roof,401310.0,1.0,2.491839226533104e-06
+102062+29114,26.154000339533503,91.68430368531736,built_up,Medium,26.92746,0.29547897,Cool roof,401310.0,1.0,2.491839226533104e-06
+102062+29115,26.154898654779668,91.68430368535876,built_up,Medium,27.082367,0.30560672,Cool roof,401310.0,1.0,2.491839226533104e-06
+102062+29117,26.15669528555661,91.68430368532754,built_up,High,29.656342,0.20554,Cool roof,401310.0,1.0,2.491839226533104e-06
+102062+29118,26.157593600947305,91.684303685481,built_up,High,29.19046,0.3026946,Cool roof,401310.0,1.0,2.491839226533104e-06
+102062+29119,26.15849191587495,91.68430368559618,built_up,High,29.066925,0.17358589,Cool roof,401310.0,1.0,2.491839226533104e-06
+102062+29120,26.1593902311091,91.68430368567348,built_up,High,28.700348,0.1864011,Cool roof,401310.0,1.0,2.491839226533104e-06
+102062+29121,26.160288547097807,91.68430368571288,built_up,High,28.20877,0.19382966,Cool roof,401310.0,1.0,2.491839226533104e-06
+102062+29122,26.161186861718885,91.68430368548786,built_up,High,28.25418,0.17635562,Cool roof,401310.0,1.0,2.491839226533104e-06
+102062+29123,26.16208517728388,91.68430368545089,built_up,High,28.316254,0.19163164,Cool roof,401310.0,1.0,2.491839226533104e-06
+102062+29124,26.162983492603505,91.68430368560212,built_up,High,28.7305,0.2526248,Cool roof,401310.0,1.0,2.491839226533104e-06
+102062+29127,26.16567843837824,91.68430368560102,built_up,Medium,28.503601,0.38553977,Cool roof,401310.0,1.0,2.491839226533104e-06
+102062+29128,26.166576753755105,91.68430368559967,built_up,High,29.114777,0.31844395,Cool roof,401310.0,1.0,2.491839226533104e-06
+102062+29129,26.16747506852978,91.68430368578642,built_up,High,29.31955,0.30030107,Cool roof,401310.0,1.0,2.491839226533104e-06
+102062+29130,26.16837338411169,91.68430368570912,built_up,High,29.174042,0.27944154,Cool roof,401310.0,1.0,2.491839226533104e-06
+102062+29131,26.16927169972842,91.68430368559372,built_up,High,29.386444,0.21467574,Cool roof,401310.0,1.0,2.491839226533104e-06
+102062+29132,26.170170014887606,91.68430368566617,built_up,High,29.284637,0.24992432,Cool roof,401310.0,1.0,2.491839226533104e-06
+102062+29133,26.17106832971422,91.68430368547476,built_up,High,28.550385,0.25363895,Cool roof,401310.0,1.0,2.491839226533104e-06
+102063+29065,26.10998289019782,91.68520200087475,built_up,Medium,28.059021,0.34575516,Cool roof,401310.0,1.0,2.491839226533104e-06
+102063+29067,26.111779521196887,91.68520200104244,built_up,High,29.330292,0.28326195,Cool roof,401310.0,1.0,2.491839226533104e-06
+102063+29068,26.11267783638847,91.68520200118267,cropland,High,29.178986,0.381114,Green park,1025570.0,2.0,1.9501350468519945e-06
+102063+29069,26.11357615219492,91.6852020010597,cropland,High,30.746277,0.20085046,Green park,1025570.0,2.0,1.9501350468519945e-06
+102063+29070,26.11447446710848,91.68520200089904,built_up,High,31.46579,0.18340226,Cool roof,401310.0,1.0,2.491839226533104e-06
+102063+29071,26.11537278219037,91.68520200092637,built_up,High,30.531158,0.2790803,Cool roof,401310.0,1.0,2.491839226533104e-06
+102063+29075,26.118966043372144,91.68520200065956,built_up,High,29.406433,0.39315242,Cool roof,401310.0,1.0,2.491839226533104e-06
+102063+29076,26.119864359153624,91.6852020009503,built_up,High,30.56363,0.27149966,Cool roof,401310.0,1.0,2.491839226533104e-06
+102063+29077,26.120762673744395,91.68520200097775,built_up,High,30.579865,0.22057614,Cool roof,401310.0,1.0,2.491839226533104e-06
+102063+29078,26.1216609893508,91.68520200074153,built_up,High,29.791107,0.20686384,Cool roof,401310.0,1.0,2.491839226533104e-06
+102063+29079,26.122559304891023,91.68520200091908,built_up,High,29.750458,0.22536874,Cool roof,401310.0,1.0,2.491839226533104e-06
+102063+29080,26.12345761978015,91.68520200105924,built_up,High,30.563507,0.15916783,Cool roof,401310.0,1.0,2.491839226533104e-06
+102063+29081,26.12435593514304,91.68520200093587,built_up,High,30.232422,0.26296228,Cool roof,401310.0,1.0,2.491839226533104e-06
+102063+29083,26.126152565633127,91.68520200080228,built_up,High,28.658173,0.3541751,Cool roof,401310.0,1.0,2.491839226533104e-06
+102063+29084,26.12705088102925,91.68520200079182,built_up,High,29.068756,0.3400245,Cool roof,401310.0,1.0,2.491839226533104e-06
+102063+29102,26.14322055606825,91.68520200092954,built_up,Medium,26.705048,0.35023913,Cool roof,401310.0,1.0,2.491839226533104e-06
+102063+29103,26.14411887199456,91.68520200110584,built_up,Medium,27.196808,0.3135007,Cool roof,401310.0,1.0,2.491839226533104e-06
+102063+29104,26.145017186461224,91.6852020010184,built_up,High,27.760162,0.29542282,Cool roof,401310.0,1.0,2.491839226533104e-06
+102063+29107,26.14771213274777,91.6852020009817,built_up,Medium,27.125,0.27755198,Cool roof,401310.0,1.0,2.491839226533104e-06
+102063+29108,26.1486104476974,91.68520200096911,built_up,High,27.328705,0.2748249,Cool roof,401310.0,1.0,2.491839226533104e-06
+102063+29109,26.14950876358376,91.68520200091884,built_up,High,27.32483,0.22595347,Cool roof,401310.0,1.0,2.491839226533104e-06
+102063+29110,26.150407078004893,91.68520200105682,built_up,High,27.321533,0.20623113,Cool roof,401310.0,1.0,2.491839226533104e-06
+102063+29112,26.15220370880273,91.68520200099326,built_up,High,27.86026,0.21738774,Cool roof,401310.0,1.0,2.491839226533104e-06
+102063+29113,26.153102024451822,91.68520200124352,built_up,High,27.461334,0.17436586,Cool roof,401310.0,1.0,2.491839226533104e-06
+102063+29114,26.154000339454043,91.68520200123024,built_up,High,27.000244,0.19265573,Cool roof,401310.0,1.0,2.491839226533104e-06
+102063+29117,26.156695285567352,91.68520200096376,built_up,High,29.035248,0.24368684,Cool roof,401310.0,1.0,2.491839226533104e-06
+102063+29118,26.15759360092745,91.685202000799,built_up,High,28.555206,0.24431306,Cool roof,401310.0,1.0,2.491839226533104e-06
+102063+29119,26.158491916006664,91.68520200082268,built_up,High,29.102661,0.17855835,Cool roof,401310.0,1.0,2.491839226533104e-06
+102063+29120,26.159390231028382,91.6852020008087,built_up,High,28.860199,0.19247276,Cool roof,401310.0,1.0,2.491839226533104e-06
+102063+29121,26.16028854716832,91.68520200075662,built_up,High,28.116974,0.170337,Cool roof,401310.0,1.0,2.491839226533104e-06
+102063+29122,26.161186861576805,91.68520200089282,built_up,High,28.5354,0.21980403,Cool roof,401310.0,1.0,2.491839226533104e-06
+102063+29123,26.16208517729337,91.68520200076522,built_up,High,28.868256,0.22473654,Cool roof,401310.0,1.0,2.491839226533104e-06
+102063+29124,26.16298349258239,91.68520200059956,built_up,High,28.724457,0.2857128,Cool roof,401310.0,1.0,2.491839226533104e-06
+102063+29125,26.163881807869387,91.68520200084804,built_up,Medium,28.155731,0.3889793,Cool roof,401310.0,1.0,2.491839226533104e-06
+102063+29127,26.1656784382655,91.6852020010059,grassland,Medium,27.92984,0.43303853,Tree cover,334425.0,0.8,2.39216565747178e-06
+102063+29128,26.166576753793603,91.68520200091508,built_up,High,29.074554,0.31155807,Cool roof,401310.0,1.0,2.491839226533104e-06
+102063+29129,26.167475068537843,91.68520200078616,built_up,High,29.422882,0.27500096,Cool roof,401310.0,1.0,2.491839226533104e-06
+102063+29130,26.16837338408915,91.68520200084548,built_up,High,30.088287,0.2889564,Cool roof,401310.0,1.0,2.491839226533104e-06
+102063+29131,26.169271699675456,91.68520200086716,built_up,High,30.358948,0.17574587,Cool roof,401310.0,1.0,2.491839226533104e-06
+102063+29132,26.17017001498587,91.68520200085096,built_up,High,29.607025,0.2521299,Cool roof,401310.0,1.0,2.491839226533104e-06
+102063+29133,26.171068329600068,91.68520200102265,built_up,High,28.66269,0.29608998,Cool roof,401310.0,1.0,2.491839226533104e-06
+102064+29063,26.108186259952188,91.686100315892,cropland,Medium,28.083344,0.3362305,Tree cover,334425.0,0.8,2.39216565747178e-06
+102064+29064,26.109084575205127,91.68610031585324,cropland,Medium,27.926666,0.45146513,Tree cover,334425.0,0.8,2.39216565747178e-06
+102064+29067,26.111779521192663,91.68610031596418,built_up,High,30.008514,0.24855769,Cool roof,401310.0,1.0,2.491839226533104e-06
+102064+29069,26.11357615213016,91.6861003157758,bare_sparse,High,30.442108,0.31940344,Green park,1025570.0,2.0,1.9501350468519945e-06
+102064+29070,26.11447446719552,91.68610031596413,bare_sparse,High,31.08017,0.17343321,Green park,1025570.0,2.0,1.9501350468519945e-06
+102064+29071,26.115372782246983,91.686100316115,built_up,High,31.17929,0.22298235,Cool roof,401310.0,1.0,2.491839226533104e-06
+102064+29073,26.117169413043264,91.68610031607903,cropland,Medium,28.239716,0.36245203,Tree cover,334425.0,0.8,2.39216565747178e-06
+102064+29077,26.1207626736196,91.68610031600927,built_up,High,29.707855,0.32633522,Cool roof,401310.0,1.0,2.491839226533104e-06
+102064+29078,26.12166098937764,91.68610031612398,built_up,High,29.955994,0.29706225,Cool roof,401310.0,1.0,2.491839226533104e-06
+102064+29079,26.122559304887755,91.68610031597564,built_up,High,30.151276,0.18089572,Cool roof,401310.0,1.0,2.491839226533104e-06
+102064+29080,26.12345761992868,91.6861003160157,built_up,High,30.545135,0.20044778,Cool roof,401310.0,1.0,2.491839226533104e-06
+102064+29081,26.12435593507908,91.68610031624397,built_up,High,29.782257,0.25968352,Cool roof,401310.0,1.0,2.491839226533104e-06
+102064+29082,26.12525425098521,91.68610031620877,built_up,High,28.899323,0.3598558,Cool roof,401310.0,1.0,2.491839226533104e-06
+102064+29083,26.126152565690862,91.68610031613612,built_up,High,28.652039,0.32895097,Cool roof,401310.0,1.0,2.491839226533104e-06
+102064+29084,26.12705088105672,91.68610031625232,built_up,High,28.876434,0.33531746,Cool roof,401310.0,1.0,2.491839226533104e-06
+102064+29104,26.14501718642844,91.68610031611952,built_up,High,27.340973,0.2528418,Cool roof,401310.0,1.0,2.491839226533104e-06
+102064+29108,26.14861044772512,91.6861003159185,built_up,Medium,27.348907,0.29402104,Cool roof,401310.0,1.0,2.491839226533104e-06
+102064+29109,26.14950876358139,91.68610031600022,built_up,High,27.300934,0.21290398,Cool roof,401310.0,1.0,2.491839226533104e-06
+102064+29110,26.15040707815395,91.6861003160443,built_up,Medium,27.504639,0.34141153,Cool roof,401310.0,1.0,2.491839226533104e-06
+102064+29111,26.151305394025187,91.68610031627684,built_up,High,27.885834,0.28279385,Cool roof,401310.0,1.0,2.491839226533104e-06
+102064+29112,26.15220370870909,91.68610031602012,built_up,High,27.891693,0.24154513,Cool roof,401310.0,1.0,2.491839226533104e-06
+102064+29113,26.15310202450977,91.68610031572558,built_up,High,27.337341,0.21062645,Cool roof,401310.0,1.0,2.491839226533104e-06
+102064+29114,26.154000339481907,91.68610031584538,built_up,High,26.879578,0.2024279,Cool roof,401310.0,1.0,2.491839226533104e-06
+102064+29117,26.15669528550396,91.68610031597952,built_up,High,29.040955,0.2301656,Cool roof,401310.0,1.0,2.491839226533104e-06
+102064+29118,26.15759360083363,91.68610031594916,built_up,High,28.395782,0.23470245,Cool roof,401310.0,1.0,2.491839226533104e-06
+102064+29119,26.15849191624677,91.68610031610704,built_up,High,28.967712,0.24875748,Cool roof,401310.0,1.0,2.491839226533104e-06
+102064+29120,26.15939023087372,91.68610031622708,built_up,High,28.623596,0.19424653,Cool roof,401310.0,1.0,2.491839226533104e-06
+102064+29121,26.16028854716558,91.68610031608377,built_up,High,27.97293,0.19058108,Cool roof,401310.0,1.0,2.491839226533104e-06
+102064+29122,26.16118686172581,91.6861003161291,built_up,High,28.192566,0.32910305,Cool roof,401310.0,1.0,2.491839226533104e-06
+102064+29123,26.16208517704761,91.6861003161366,built_up,High,28.677338,0.33308598,Cool roof,401310.0,1.0,2.491839226533104e-06
+102064+29124,26.16298349267037,91.68610031610643,built_up,High,28.491302,0.31855863,Cool roof,401310.0,1.0,2.491839226533104e-06
+102064+29127,26.165678438262223,91.6861003160164,built_up,High,28.514435,0.3259528,Cool roof,401310.0,1.0,2.491839226533104e-06
+102064+29128,26.166576753760246,91.68610031606178,built_up,High,29.03067,0.2721365,Cool roof,401310.0,1.0,2.491839226533104e-06
+102064+29129,26.16747506847373,91.68610031606968,built_up,High,29.02008,0.33467537,Cool roof,401310.0,1.0,2.491839226533104e-06
+102064+29130,26.16837338417695,91.68610031603976,built_up,High,29.440277,0.3285118,Cool roof,401310.0,1.0,2.491839226533104e-06
+102064+29131,26.16927169955068,91.68610031597215,built_up,High,29.963165,0.2562076,Cool roof,401310.0,1.0,2.491839226533104e-06
+102064+29132,26.17017001501283,91.68610031586692,built_up,High,29.192932,0.23832086,Cool roof,401310.0,1.0,2.491839226533104e-06
+102064+29133,26.17106832977842,91.68610031595016,built_up,Medium,28.062225,0.36806098,Cool roof,401310.0,1.0,2.491839226533104e-06
+102064+29134,26.17196664526604,91.68610031599574,built_up,Medium,26.056091,0.24822028,Cool roof,401310.0,1.0,2.491839226533104e-06
+102065+29062,26.107287945503657,91.68699863122418,grassland,High,29.440643,0.37489045,Green park,1025570.0,2.0,1.9501350468519945e-06
+102065+29064,26.10908457539,91.68699863120226,cropland,Medium,28.610138,0.43134037,Tree cover,334425.0,0.8,2.39216565747178e-06
+102065+29065,26.109982890227005,91.68699863124807,cropland,High,30.078644,0.4295381,Green park,1025570.0,2.0,1.9501350468519945e-06
+102065+29066,26.110881206359327,91.68699863103129,cropland,High,30.259369,0.38830993,Green park,1025570.0,2.0,1.9501350468519945e-06
+102065+29067,26.11177952110536,91.6869986310031,cropland,High,30.518646,0.2584907,Green park,1025570.0,2.0,1.9501350468519945e-06
+102065+29068,26.11267783641867,91.68699863116332,cropland,High,29.436218,0.377192,Green park,1025570.0,2.0,1.9501350468519945e-06
+102065+29069,26.11357615216476,91.68699863128656,cropland,Medium,29.204285,0.4383046,Tree cover,334425.0,0.8,2.39216565747178e-06
+102065+29072,26.116271097536064,91.68699863098117,cropland,Medium,28.763489,0.4386768,Tree cover,334425.0,0.8,2.39216565747178e-06
+102065+29073,26.117169413139745,91.68699863095556,cropland,Medium,27.708527,0.45745412,Tree cover,334425.0,0.8,2.39216565747178e-06
+102065+29075,26.11896604334402,91.68699863101855,cropland,Medium,28.53247,0.40136698,Tree cover,334425.0,0.8,2.39216565747178e-06
+102065+29076,26.119864359065147,91.68699863110696,built_up,High,29.608856,0.2623685,Cool roof,401310.0,1.0,2.491839226533104e-06
+102065+29077,26.12076267377763,91.68699863115836,built_up,High,30.609161,0.24021903,Cool roof,401310.0,1.0,2.491839226533104e-06
+102065+29078,26.121660989323523,91.68699863117256,built_up,High,30.776337,0.24056692,Cool roof,401310.0,1.0,2.491839226533104e-06
+102065+29079,26.12255930480373,91.68699863114956,built_up,High,30.354553,0.18875596,Cool roof,401310.0,1.0,2.491839226533104e-06
+102065+29080,26.123457619996465,91.68699863108934,built_up,High,29.87268,0.267227,Cool roof,401310.0,1.0,2.491839226533104e-06
+102065+29082,26.12525425099265,91.68699863108267,built_up,High,28.95816,0.38738176,Cool roof,401310.0,1.0,2.491839226533104e-06
+102065+29084,26.127050881004,91.6869986309272,built_up,Medium,28.418823,0.4231578,Cool roof,401310.0,1.0,2.491839226533104e-06
+102065+29085,26.1279491961402,91.68699863090632,built_up,High,28.842377,0.34449944,Cool roof,401310.0,1.0,2.491839226533104e-06
+102065+29086,26.12884751193349,91.68699863130018,built_up,Medium,28.944305,0.40339935,Cool roof,401310.0,1.0,2.491839226533104e-06
+102065+29104,26.145017186683084,91.68699863088584,built_up,Medium,26.62497,0.30321324,Cool roof,401310.0,1.0,2.491839226533104e-06
+102065+29105,26.14591550192872,91.68699863102296,built_up,Medium,26.937775,0.3016598,Cool roof,401310.0,1.0,2.491839226533104e-06
+102065+29106,26.14681381716203,91.68699863112306,built_up,Medium,27.295929,0.29530552,Cool roof,401310.0,1.0,2.491839226533104e-06
+102065+29107,26.14771213278847,91.68699863118552,built_up,Medium,27.2641,0.30109385,Cool roof,401310.0,1.0,2.491839226533104e-06
+102065+29108,26.14861044785928,91.68699863121076,built_up,Medium,27.223969,0.40927657,Cool roof,401310.0,1.0,2.491839226533104e-06
+102065+29109,26.14950876350327,91.6869986311986,built_up,Medium,27.522125,0.3375655,Cool roof,401310.0,1.0,2.491839226533104e-06
+102065+29110,26.15040707822761,91.68699863114898,built_up,High,28.070099,0.32241905,Cool roof,401310.0,1.0,2.491839226533104e-06
+102065+29111,26.15130539406893,91.68699863106217,built_up,Medium,28.317322,0.35764456,Cool roof,401310.0,1.0,2.491839226533104e-06
+102065+29112,26.152203708540583,91.68699863116402,built_up,Medium,27.717194,0.38805804,Cool roof,401310.0,1.0,2.491839226533104e-06
+102065+29113,26.15310202449304,91.68699863122863,built_up,Medium,27.25595,0.29169697,Cool roof,401310.0,1.0,2.491839226533104e-06
+102065+29114,26.15400033961693,91.68699863125563,built_up,High,26.996002,0.22438692,Cool roof,401310.0,1.0,2.491839226533104e-06
+102065+29117,26.15669528554841,91.6869986313384,built_up,High,28.973297,0.1850486,Cool roof,401310.0,1.0,2.491839226533104e-06
+102065+29118,26.157593600848177,91.68699863144202,built_up,High,28.135864,0.24457006,Cool roof,401310.0,1.0,2.491839226533104e-06
+102065+29119,26.158491916230908,91.68699863128248,built_up,High,28.66922,0.2783877,Cool roof,401310.0,1.0,2.491839226533104e-06
+102065+29120,26.15939023082761,91.68699863108554,built_up,High,28.529083,0.21699777,Cool roof,401310.0,1.0,2.491839226533104e-06
+102065+29121,26.16028854708923,91.68699863107686,built_up,High,28.049225,0.21154486,Cool roof,401310.0,1.0,2.491839226533104e-06
+102065+29122,26.161186861801543,91.68699863103076,built_up,High,27.904877,0.2864197,Cool roof,401310.0,1.0,2.491839226533104e-06
+102065+29123,26.162085177092944,91.68699863117357,built_up,Medium,28.2883,0.36626515,Cool roof,401310.0,1.0,2.491839226533104e-06
+102065+29124,26.162983492685644,91.68699863127893,built_up,Medium,28.223969,0.41721836,Cool roof,401310.0,1.0,2.491839226533104e-06
+102065+29127,26.165678438368754,91.6869986309184,built_up,High,29.049591,0.22888505,Cool roof,401310.0,1.0,2.491839226533104e-06
+102065+29128,26.166576753836527,91.68699863109995,built_up,High,28.931122,0.22895405,Cool roof,401310.0,1.0,2.491839226533104e-06
+102065+29129,26.167475068519945,91.68699863124412,built_up,High,28.538055,0.32614025,Cool roof,401310.0,1.0,2.491839226533104e-06
+102065+29130,26.168373384010923,91.68699863112528,built_up,High,28.562164,0.2678308,Cool roof,401310.0,1.0,2.491839226533104e-06
+102065+29131,26.16927169953624,91.68699863096886,built_up,High,28.895294,0.2752943,Cool roof,401310.0,1.0,2.491839226533104e-06
+102065+29132,26.17017001496815,91.68699863100068,built_up,High,28.213074,0.31159654,Cool roof,401310.0,1.0,2.491839226533104e-06
+102065+29133,26.171068329885824,91.68699863099532,built_up,Medium,27.647766,0.34380454,Cool roof,401310.0,1.0,2.491839226533104e-06
+102065+29134,26.17196664516088,91.6869986309525,built_up,Medium,26.17752,0.2607474,Cool roof,401310.0,1.0,2.491839226533104e-06
+102066+29062,26.10728794548283,91.68789694633917,cropland,Medium,28.604675,0.41891727,Tree cover,334425.0,0.8,2.39216565747178e-06
+102066+29063,26.108186259934502,91.6878969465814,cropland,Medium,28.267975,0.5130124,Tree cover,334425.0,0.8,2.39216565747178e-06
+102066+29064,26.10908457530918,91.6878969465608,cropland,Medium,29.230133,0.45219165,Tree cover,334425.0,0.8,2.39216565747178e-06
+102066+29065,26.10998289029852,91.68789694650349,cropland,High,30.263794,0.4569854,Green park,1025570.0,2.0,1.9501350468519945e-06
+102066+29066,26.110881206218853,91.68789694663474,cropland,High,30.20224,0.42835048,Green park,1025570.0,2.0,1.9501350468519945e-06
+102066+29067,26.11177952129913,91.68789694672904,built_up,High,30.004425,0.3206109,Cool roof,401310.0,1.0,2.491839226533104e-06
+102066+29068,26.11267783640045,91.68789694678657,built_up,High,29.153107,0.36820132,Cool roof,401310.0,1.0,2.491839226533104e-06
+102066+29069,26.113576152116806,91.68789694658123,cropland,Medium,29.09262,0.41527468,Tree cover,334425.0,0.8,2.39216565747178e-06
+102066+29070,26.114474467122005,91.6878969465648,cropland,Medium,28.306122,0.40379226,Tree cover,334425.0,0.8,2.39216565747178e-06
+102066+29071,26.11537278229571,91.68789694673715,cropland,Medium,28.46994,0.385397,Tree cover,334425.0,0.8,2.39216565747178e-06
+102066+29072,26.116271097580125,91.68789694687256,cropland,Medium,27.970978,0.40343294,Tree cover,334425.0,0.8,2.39216565747178e-06
+102066+29073,26.117169412972324,91.68789694674516,cropland,Medium,27.648346,0.40971425,Tree cover,334425.0,0.8,2.39216565747178e-06
+102066+29074,26.1180677285368,91.68789694658074,cropland,Medium,27.950623,0.38720798,Tree cover,334425.0,0.8,2.39216565747178e-06
+102066+29075,26.11896604348057,91.68789694660516,cropland,High,28.41446,0.33871675,Green park,1025570.0,2.0,1.9501350468519945e-06
+102066+29076,26.119864358989894,91.68789694659284,built_up,High,29.454071,0.27795494,Cool roof,401310.0,1.0,2.491839226533104e-06
+102066+29077,26.120762673854376,91.68789694654328,built_up,High,30.783691,0.21967971,Cool roof,401310.0,1.0,2.491839226533104e-06
+102066+29078,26.121660989188307,91.68789694645656,built_up,High,30.852966,0.22452708,Cool roof,401310.0,1.0,2.491839226533104e-06
+102066+29079,26.12255930500272,91.68789694655868,built_up,High,30.813507,0.24081975,Cool roof,401310.0,1.0,2.491839226533104e-06
+102066+29080,26.12345761980143,91.6878969466238,built_up,High,29.633911,0.28002346,Cool roof,401310.0,1.0,2.491839226533104e-06
+102066+29081,26.12435593525577,91.68789694665212,built_up,High,29.127716,0.35707715,Cool roof,401310.0,1.0,2.491839226533104e-06
+102066+29083,26.12615256556553,91.687896946372,built_up,High,28.93045,0.3499784,Cool roof,401310.0,1.0,2.491839226533104e-06
+102066+29084,26.12705088105328,91.687896946515,built_up,Medium,28.244415,0.39700252,Cool roof,401310.0,1.0,2.491839226533104e-06
+102066+29085,26.127949196159747,91.68789694662128,built_up,Medium,28.400665,0.36755222,Cool roof,401310.0,1.0,2.491839226533104e-06
+102066+29107,26.14771213287676,91.68789694658126,built_up,Medium,26.84488,0.3539121,Cool roof,401310.0,1.0,2.491839226533104e-06
+102066+29108,26.148610447735816,91.68789694651238,built_up,Medium,27.21814,0.37366852,Cool roof,401310.0,1.0,2.491839226533104e-06
+102066+29109,26.149508763531607,91.68789694640652,built_up,Medium,27.584198,0.35876763,Cool roof,401310.0,1.0,2.491839226533104e-06
+102066+29111,26.15130539403713,91.68789694653516,built_up,High,29.3237,0.21257436,Cool roof,401310.0,1.0,2.491839226533104e-06
+102066+29116,26.15579697019124,91.68789694665834,cropland,High,27.877136,0.20047824,Green park,1025570.0,2.0,1.9501350468519945e-06
+102066+29117,26.156695285518715,91.68789694648136,built_up,High,28.804596,0.1722571,Cool roof,401310.0,1.0,2.491839226533104e-06
+102066+29118,26.15759360078876,91.68789694626712,built_up,High,28.10022,0.20795584,Cool roof,401310.0,1.0,2.491839226533104e-06
+102066+29119,26.15849191614125,91.6878969462416,built_up,High,28.598297,0.2276961,Cool roof,401310.0,1.0,2.491839226533104e-06
+102066+29120,26.159390230890068,91.68789694640478,built_up,High,28.739166,0.26620317,Cool roof,401310.0,1.0,2.491839226533104e-06
+102066+29121,26.16028854712145,91.68789694653096,built_up,High,28.72995,0.24833654,Cool roof,401310.0,1.0,2.491839226533104e-06
+102066+29122,26.161186861803863,91.68789694661994,built_up,High,28.411224,0.21650082,Cool roof,401310.0,1.0,2.491839226533104e-06
+102066+29123,26.162085177247366,91.6878969466717,built_up,High,28.717804,0.31052956,Cool roof,401310.0,1.0,2.491839226533104e-06
+102066+29124,26.16298349262801,91.68789694668648,built_up,High,28.794617,0.29691127,Cool roof,401310.0,1.0,2.491839226533104e-06
+102066+29127,26.16567843840308,91.68789694650752,built_up,High,28.913086,0.2911721,Cool roof,401310.0,1.0,2.491839226533104e-06
+102066+29128,26.16657675384063,91.68789694637366,built_up,High,28.756012,0.2649167,Cool roof,401310.0,1.0,2.491839226533104e-06
+102066+29130,26.168373383955064,91.68789694667186,built_up,High,27.802734,0.30688366,Cool roof,401310.0,1.0,2.491839226533104e-06
+102066+29132,26.170170014852165,91.6878969468212,built_up,Medium,27.32431,0.40832514,Cool roof,401310.0,1.0,2.491839226533104e-06
+102066+29133,26.17106832992176,91.68789694672722,built_up,Medium,27.22348,0.3091011,Cool roof,401310.0,1.0,2.491839226533104e-06
+102066+29134,26.171966645166755,91.68789694682197,built_up,Medium,26.087128,0.2786457,Cool roof,401310.0,1.0,2.491839226533104e-06
+102067+29061,26.106389629215325,91.68879526209764,cropland,High,28.930206,0.32543653,Green park,1025570.0,2.0,1.9501350468519945e-06
+102067+29062,26.10728794537803,91.688795262047,cropland,High,29.028473,0.36633858,Green park,1025570.0,2.0,1.9501350468519945e-06
+102067+29063,26.108186260163965,91.68879526195938,cropland,High,29.575775,0.38399896,Green park,1025570.0,2.0,1.9501350468519945e-06
+102067+29064,26.109084575145083,91.68879526206102,cropland,High,29.762177,0.44838023,Green park,1025570.0,2.0,1.9501350468519945e-06
+102067+29065,26.10998289046869,91.6887952621259,cropland,Medium,30.00827,0.5083569,Tree cover,334425.0,0.8,2.39216565747178e-06
+102067+29066,26.11088120617704,91.68879526215382,cropland,High,30.205475,0.41187745,Green park,1025570.0,2.0,1.9501350468519945e-06
+102067+29067,26.11177952122792,91.68879526191934,cropland,High,29.565033,0.3765542,Green park,1025570.0,2.0,1.9501350468519945e-06
+102067+29068,26.112677836481424,91.68879526187392,cropland,Medium,29.111664,0.45306867,Tree cover,334425.0,0.8,2.39216565747178e-06
+102067+29069,26.11357615198613,91.68879526201756,cropland,Medium,29.444672,0.46443507,Tree cover,334425.0,0.8,2.39216565747178e-06
+102067+29070,26.114474467143506,91.68879526189862,cropland,Medium,28.673492,0.4210506,Tree cover,334425.0,0.8,2.39216565747178e-06
+102067+29071,26.11537278246972,91.68879526196874,cropland,Medium,28.184662,0.44911474,Tree cover,334425.0,0.8,2.39216565747178e-06
+102067+29072,26.11627109754233,91.6887952620023,cropland,Medium,27.829987,0.41388896,Tree cover,334425.0,0.8,2.39216565747178e-06
+102067+29073,26.11716941290464,91.68879526199888,built_up,Medium,27.675842,0.39975843,Cool roof,401310.0,1.0,2.491839226533104e-06
+102067+29074,26.11806772843953,91.6887952619587,cropland,Medium,27.86615,0.46176693,Tree cover,334425.0,0.8,2.39216565747178e-06
+102067+29075,26.11896604353549,91.68879526188176,built_up,Medium,28.166412,0.40651,Cool roof,401310.0,1.0,2.491839226533104e-06
+102067+29076,26.11986435901525,91.68879526199365,cropland,Medium,28.580536,0.37747255,Tree cover,334425.0,0.8,2.39216565747178e-06
+102067+29077,26.12076267385,91.68879526206922,built_up,High,29.681854,0.31475762,Cool roof,401310.0,1.0,2.491839226533104e-06
+102067+29078,26.12166098915404,91.68879526210802,built_up,High,30.719055,0.18380868,Cool roof,401310.0,1.0,2.491839226533104e-06
+102067+29079,26.12255930512077,91.68879526210983,built_up,High,31.339172,0.22037405,Cool roof,401310.0,1.0,2.491839226533104e-06
+102067+29080,26.1234576197077,91.68879526207488,built_up,High,30.328583,0.31578174,Cool roof,401310.0,1.0,2.491839226533104e-06
+102067+29081,26.124355935314544,91.68879526200315,built_up,High,29.772583,0.35661206,Cool roof,401310.0,1.0,2.491839226533104e-06
+102067+29082,26.12525425076684,91.68879526189448,built_up,High,29.382416,0.37942964,Cool roof,401310.0,1.0,2.491839226533104e-06
+102067+29083,26.1261525655645,91.68879526197485,built_up,High,29.494965,0.32476738,Cool roof,401310.0,1.0,2.491839226533104e-06
+102067+29084,26.12705088120491,91.68879526201866,built_up,Medium,28.538055,0.4118036,Cool roof,401310.0,1.0,2.491839226533104e-06
+102067+29085,26.12794919609925,91.68879526202552,built_up,Medium,27.928772,0.47772387,Cool roof,401310.0,1.0,2.491839226533104e-06
+102067+29086,26.12884751201464,91.68879526199558,built_up,Medium,28.019257,0.43585387,Cool roof,401310.0,1.0,2.491839226533104e-06
+102067+29087,26.12974582682756,91.68879526192887,built_up,Medium,27.98526,0.43424162,Cool roof,401310.0,1.0,2.491839226533104e-06
+102067+29110,26.15040707814924,91.68879526197114,built_up,Medium,28.089386,0.33441126,Cool roof,401310.0,1.0,2.491839226533104e-06
+102067+29111,26.151305394112285,91.68879526192327,built_up,High,28.695831,0.30404416,Cool roof,401310.0,1.0,2.491839226533104e-06
+102067+29115,26.15489865494005,91.68879526181526,cropland,Medium,27.190704,0.45710394,Tree cover,334425.0,0.8,2.39216565747178e-06
+102067+29116,26.155796970117457,91.68879526180858,grassland,High,28.210968,0.2599613,Green park,1025570.0,2.0,1.9501350468519945e-06
+102067+29117,26.15669528559705,91.68879526199125,built_up,High,29.066986,0.16001688,Cool roof,401310.0,1.0,2.491839226533104e-06
+102067+29118,26.1575936006552,91.68879526213692,built_up,High,28.905731,0.1750194,Cool roof,401310.0,1.0,2.491839226533104e-06
+102067+29119,26.15849191615997,91.68879526201992,built_up,High,28.813568,0.15436094,Cool roof,401310.0,1.0,2.491839226533104e-06
+102067+29120,26.159390231060737,91.68879526209184,built_up,High,28.926239,0.1809766,Cool roof,401310.0,1.0,2.491839226533104e-06
+102067+29121,26.16028854708057,91.68879526212676,built_up,High,29.337982,0.18543908,Cool roof,401310.0,1.0,2.491839226533104e-06
+102067+29122,26.161186861732933,91.68879526189896,built_up,High,29.264252,0.2676504,Cool roof,401310.0,1.0,2.491839226533104e-06
+102067+29123,26.162085177328542,91.68879526185992,built_up,High,29.19934,0.24141312,Cool roof,401310.0,1.0,2.491839226533104e-06
+102067+29124,26.16298349249746,91.68879526178388,built_up,High,29.236755,0.2853119,Cool roof,401310.0,1.0,2.491839226533104e-06
+102067+29125,26.163881807663675,91.68879526167106,built_up,High,29.089203,0.34233424,Cool roof,401310.0,1.0,2.491839226533104e-06
+102067+29126,26.16478012295291,91.6887952619733,built_up,High,29.068634,0.30268312,Cool roof,401310.0,1.0,2.491839226533104e-06
+102067+29127,26.165678438364875,91.68879526223854,built_up,High,29.024567,0.26093823,Cool roof,401310.0,1.0,2.491839226533104e-06
+102067+29128,26.166576753772706,91.68879526224067,built_up,High,28.80658,0.26274922,Cool roof,401310.0,1.0,2.491839226533104e-06
+102067+29129,26.16747506857816,91.68879526197988,built_up,High,27.455841,0.24855165,Cool roof,401310.0,1.0,2.491839226533104e-06
+102067+29132,26.17017001466487,91.68879526187992,built_up,Medium,27.040985,0.42183295,Cool roof,401310.0,1.0,2.491839226533104e-06
+102067+29133,26.171068330068387,91.68879526192345,built_up,Medium,26.961273,0.39339098,Cool roof,401310.0,1.0,2.491839226533104e-06
+102068+29060,26.105491314299773,91.68969357713632,cropland,Medium,27.978699,0.49181458,Tree cover,334425.0,0.8,2.39216565747178e-06
+102068+29061,26.10638962923819,91.68969357724376,cropland,High,29.505646,0.32206398,Green park,1025570.0,2.0,1.9501350468519945e-06
+102068+29062,26.107287945371343,91.68969357731449,cropland,High,31.074615,0.3283585,Green park,1025570.0,2.0,1.9501350468519945e-06
+102068+29063,26.108186260127727,91.68969357734886,cropland,High,31.484528,0.26742375,Green park,1025570.0,2.0,1.9501350468519945e-06
+102068+29064,26.10908457526137,91.68969357734647,cropland,High,30.288025,0.36560455,Green park,1025570.0,2.0,1.9501350468519945e-06
+102068+29065,26.10998289037333,91.68969357730758,cropland,Medium,29.38678,0.46213555,Tree cover,334425.0,0.8,2.39216565747178e-06
+102068+29066,26.110881206234385,91.68969357723252,cropland,High,29.747925,0.36513364,Green park,1025570.0,2.0,1.9501350468519945e-06
+102068+29067,26.11177952107347,91.68969357734656,cropland,High,29.742188,0.35815188,Green park,1025570.0,2.0,1.9501350468519945e-06
+102068+29069,26.11357615195481,91.68969357701354,cropland,Medium,29.015472,0.50909364,Tree cover,334425.0,0.8,2.39216565747178e-06
+102068+29070,26.11447446708247,91.68969357701792,cropland,Medium,28.447235,0.51675063,Tree cover,334425.0,0.8,2.39216565747178e-06
+102068+29071,26.11537278256136,91.68969357698576,cropland,Medium,27.81961,0.5117471,Tree cover,334425.0,0.8,2.39216565747178e-06
+102068+29072,26.11627109742235,91.6896935769171,built_up,Medium,27.653564,0.37361187,Cool roof,401310.0,1.0,2.491839226533104e-06
+102068+29074,26.11806772844253,91.68969357734754,built_up,Medium,28.006561,0.3279471,Cool roof,401310.0,1.0,2.491839226533104e-06
+102068+29075,26.11896604332686,91.68969357716942,built_up,Medium,28.199371,0.46575764,Cool roof,401310.0,1.0,2.491839226533104e-06
+102068+29077,26.12076267376433,91.68969357692892,cropland,High,29.300873,0.37356907,Green park,1025570.0,2.0,1.9501350468519945e-06
+102068+29078,26.121660989221045,91.689693576867,built_up,High,31.06247,0.18563263,Cool roof,401310.0,1.0,2.491839226533104e-06
+102068+29079,26.122559305157896,91.68969357699436,built_up,High,32.031494,0.18363358,Cool roof,401310.0,1.0,2.491839226533104e-06
+102068+29080,26.12345761971544,91.68969357708497,built_up,High,31.677094,0.18877941,Cool roof,401310.0,1.0,2.491839226533104e-06
+102068+29081,26.124355935292563,91.689693577139,built_up,High,30.882874,0.24236123,Cool roof,401310.0,1.0,2.491839226533104e-06
+102068+29082,26.125254250715148,91.68969357715632,built_up,High,30.182892,0.37216473,Cool roof,401310.0,1.0,2.491839226533104e-06
+102068+29083,26.12615256566564,91.68969357713728,built_up,High,30.258087,0.28453168,Cool roof,401310.0,1.0,2.491839226533104e-06
+102068+29084,26.12705088109412,91.68969357708148,built_up,High,29.575073,0.37909204,Cool roof,401310.0,1.0,2.491839226533104e-06
+102068+29085,26.12794919614113,91.68969357698914,built_up,High,28.837128,0.37819707,Cool roof,401310.0,1.0,2.491839226533104e-06
+102068+29105,26.14591550196313,91.689693577168,built_up,Medium,27.077911,0.47586298,Cool roof,401310.0,1.0,2.491839226533104e-06
+102068+29110,26.15040707817905,91.68969357701204,built_up,Medium,27.6781,0.40145317,Cool roof,401310.0,1.0,2.491839226533104e-06
+102068+29116,26.15579696996917,91.68969357719624,grassland,High,28.761139,0.27027303,Green park,1025570.0,2.0,1.9501350468519945e-06
+102068+29117,26.156695285783243,91.68969357706064,built_up,High,29.579254,0.15605302,Cool roof,401310.0,1.0,2.491839226533104e-06
+102068+29118,26.157593600629674,91.6896935771144,built_up,High,29.428864,0.21538617,Cool roof,401310.0,1.0,2.491839226533104e-06
+102068+29119,26.158491916104914,91.68969357713138,built_up,High,28.953613,0.18890546,Cool roof,401310.0,1.0,2.491839226533104e-06
+102068+29120,26.159390231157968,91.6896935771118,built_up,High,29.400421,0.2009097,Cool roof,401310.0,1.0,2.491839226533104e-06
+102068+29121,26.16028854714825,91.6896935772816,built_up,High,29.711395,0.2693504,Cool roof,401310.0,1.0,2.491839226533104e-06
+102068+29122,26.161186861588742,91.6896935774144,built_up,High,29.407928,0.28247696,Cool roof,401310.0,1.0,2.491839226533104e-06
+102068+29123,26.162085177336813,91.68969357728474,built_up,Medium,28.607513,0.40494865,Cool roof,401310.0,1.0,2.491839226533104e-06
+102068+29124,26.162983492475853,91.68969357734422,built_up,High,28.82666,0.36546353,Cool roof,401310.0,1.0,2.491839226533104e-06
+102068+29125,26.16388180761252,91.68969357736673,built_up,High,29.193817,0.29108453,Cool roof,401310.0,1.0,2.491839226533104e-06
+102068+29126,26.16478012305421,91.68969357712676,built_up,High,29.402618,0.312921,Cool roof,401310.0,1.0,2.491839226533104e-06
+102068+29127,26.165678438436306,91.68969357707591,built_up,High,29.532013,0.24374764,Cool roof,401310.0,1.0,2.491839226533104e-06
+102068+29128,26.166576753814432,91.68969357721426,built_up,High,28.70456,0.3346227,Cool roof,401310.0,1.0,2.491839226533104e-06
+102068+29129,26.16747506840836,91.68969357731604,built_up,Medium,26.542023,0.3436278,Cool roof,401310.0,1.0,2.491839226533104e-06
+102068+29132,26.17017001476992,91.68969357717522,built_up,Medium,27.16748,0.27781424,Cool roof,401310.0,1.0,2.491839226533104e-06
+102069+29060,26.10549131444996,91.69059189252788,bare_sparse,High,28.617584,0.3676737,Green park,1025570.0,2.0,1.9501350468519945e-06
+102069+29061,26.10638962917691,91.69059189253066,cropland,High,29.751678,0.32031655,Green park,1025570.0,2.0,1.9501350468519945e-06
+102069+29062,26.107287945462595,91.69059189249715,cropland,High,32.77591,0.23126027,Green park,1025570.0,2.0,1.9501350468519945e-06
+102069+29063,26.10818626000785,91.69059189242728,cropland,High,33.722748,0.19990052,Green park,1025570.0,2.0,1.9501350468519945e-06
+102069+29064,26.10908457529404,91.69059189232152,cropland,High,30.13382,0.27665403,Green park,1025570.0,2.0,1.9501350468519945e-06
+102069+29065,26.10998289037663,91.69059189240504,cropland,Medium,28.455017,0.36500537,Tree cover,334425.0,0.8,2.39216565747178e-06
+102069+29066,26.110881206208475,91.69059189245203,cropland,High,29.401611,0.3805974,Green park,1025570.0,2.0,1.9501350468519945e-06
+102069+29067,26.11177952120025,91.69059189246312,cropland,High,29.98819,0.40091196,Green park,1025570.0,2.0,1.9501350468519945e-06
+102069+29068,26.11267783639499,91.6905918926637,cropland,Medium,29.304688,0.4922909,Tree cover,334425.0,0.8,2.39216565747178e-06
+102069+29069,26.11357615184077,91.69059189260194,cropland,High,28.4216,0.35456786,Green park,1025570.0,2.0,1.9501350468519945e-06
+102069+29070,26.1144744673032,91.69059189272988,cropland,Medium,27.909882,0.37526035,Tree cover,334425.0,0.8,2.39216565747178e-06
+102069+29071,26.115372782388413,91.6905918928213,cropland,Medium,28.124603,0.44643098,Tree cover,334425.0,0.8,2.39216565747178e-06
+102069+29072,26.11627109740226,91.69059189265054,cropland,Medium,28.229645,0.39502203,Tree cover,334425.0,0.8,2.39216565747178e-06
+102069+29075,26.118966043036583,91.69059189259828,built_up,High,28.657837,0.37013447,Cool roof,401310.0,1.0,2.491839226533104e-06
+102069+29076,26.11986435936757,91.6905918927339,built_up,High,28.991241,0.26089418,Cool roof,401310.0,1.0,2.491839226533104e-06
+102069+29077,26.12076267359721,91.6905918928334,built_up,High,30.073029,0.22259824,Cool roof,401310.0,1.0,2.491839226533104e-06
+102069+29078,26.121660989206937,91.69059189267054,built_up,High,32.358856,0.16571333,Cool roof,401310.0,1.0,2.491839226533104e-06
+102069+29079,26.122559305114088,91.69059189247136,built_up,High,33.69919,0.16224165,Cool roof,401310.0,1.0,2.491839226533104e-06
+102069+29080,26.12345761982448,91.69059189246168,built_up,High,33.35428,0.2197479,Cool roof,401310.0,1.0,2.491839226533104e-06
+102069+29081,26.12435593519001,91.69059189241564,built_up,High,32.066742,0.21130942,Cool roof,401310.0,1.0,2.491839226533104e-06
+102069+29082,26.1252542509475,91.69059189255938,built_up,High,31.532684,0.18160786,Cool roof,401310.0,1.0,2.491839226533104e-06
+102069+29083,26.126152565504345,91.69059189266656,built_up,High,31.097595,0.22866814,Cool roof,401310.0,1.0,2.491839226533104e-06
+102069+29084,26.12705088108533,91.69059189251136,built_up,High,30.18161,0.3504896,Cool roof,401310.0,1.0,2.491839226533104e-06
+102069+29085,26.127949196285368,91.69059189277176,built_up,Medium,29.682007,0.4585773,Cool roof,401310.0,1.0,2.491839226533104e-06
+102069+29110,26.150407078133483,91.69059189264598,built_up,Medium,27.654022,0.3925149,Cool roof,401310.0,1.0,2.491839226533104e-06
+102069+29111,26.15130539403728,91.6905918924112,built_up,Medium,27.447235,0.39382654,Cool roof,401310.0,1.0,2.491839226533104e-06
+102069+29116,26.155796969928577,91.6905918924984,grassland,High,29.070831,0.22127295,Green park,1025570.0,2.0,1.9501350468519945e-06
+102069+29117,26.156695285713287,91.69059189249678,built_up,High,29.531036,0.1533469,Cool roof,401310.0,1.0,2.491839226533104e-06
+102069+29118,26.15759360071236,91.6905918924588,built_up,High,29.0914,0.2297591,Cool roof,401310.0,1.0,2.491839226533104e-06
+102069+29119,26.158491916157896,91.6905918926102,built_up,High,28.685455,0.18364759,Cool roof,401310.0,1.0,2.491839226533104e-06
+102069+29120,26.15939023099958,91.69059189249896,built_up,High,29.781769,0.29736042,Cool roof,401310.0,1.0,2.491839226533104e-06
+102069+29121,26.16028854732434,91.69059189235114,built_up,High,30.073883,0.32436574,Cool roof,401310.0,1.0,2.491839226533104e-06
+102069+29122,26.161186861553464,91.69059189239312,built_up,High,29.229462,0.29490554,Cool roof,401310.0,1.0,2.491839226533104e-06
+102069+29123,26.162085177272004,91.69059189239852,built_up,Medium,28.227203,0.35360613,Cool roof,401310.0,1.0,2.491839226533104e-06
+102069+29124,26.16298349256351,91.69059189236742,built_up,Medium,28.121887,0.37934667,Cool roof,401310.0,1.0,2.491839226533104e-06
+102069+29125,26.16388180767065,91.69059189252587,built_up,High,28.867706,0.26422223,Cool roof,401310.0,1.0,2.491839226533104e-06
+102069+29126,26.16478012290081,91.6905918926476,built_up,High,29.674774,0.2807635,Cool roof,401310.0,1.0,2.491839226533104e-06
+102069+29127,26.165678438435545,91.69059189250704,built_up,High,29.531403,0.26320842,Cool roof,401310.0,1.0,2.491839226533104e-06
+102069+29128,26.16657675378396,91.69059189232992,built_up,Medium,28.77298,0.4030008,Cool roof,401310.0,1.0,2.491839226533104e-06
+102069+29131,26.169271699672592,91.69059189270874,built_up,Medium,26.626923,0.3227047,Cool roof,401310.0,1.0,2.491839226533104e-06
+102069+29132,26.17017001480349,91.69059189261138,built_up,High,26.910309,0.23265272,Cool roof,401310.0,1.0,2.491839226533104e-06
+102069+29133,26.1710683297838,91.69059189247766,built_up,Medium,26.975311,0.36379158,Cool roof,401310.0,1.0,2.491839226533104e-06
+102070+29060,26.105491314515643,91.69149020770524,bare_sparse,High,28.874847,0.23967953,Green park,1025570.0,2.0,1.9501350468519945e-06
+102070+29061,26.106389629213567,91.69149020782936,cropland,Medium,29.085632,0.4219264,Tree cover,334425.0,0.8,2.39216565747178e-06
+102070+29062,26.10728794528797,91.6914902076918,cropland,High,31.709015,0.25217012,Green park,1025570.0,2.0,1.9501350468519945e-06
+102070+29063,26.10818625998612,91.69149020751811,cropland,High,33.39276,0.20379332,Green park,1025570.0,2.0,1.9501350468519945e-06
+102070+29064,26.10908457542551,91.69149020775995,cropland,High,31.046234,0.24362087,Green park,1025570.0,2.0,1.9501350468519945e-06
+102070+29065,26.10998289029649,91.69149020774012,cropland,Medium,28.254517,0.387492,Tree cover,334425.0,0.8,2.39216565747178e-06
+102070+29066,26.110881206281213,91.69149020768394,grassland,Medium,29.076843,0.5269339,Tree cover,334425.0,0.8,2.39216565747178e-06
+102070+29067,26.111779521244127,91.69149020781752,grassland,High,29.82129,0.44318566,Green park,1025570.0,2.0,1.9501350468519945e-06
+102070+29068,26.112677836409333,91.69149020768911,cropland,Medium,29.107086,0.4305486,Tree cover,334425.0,0.8,2.39216565747178e-06
+102070+29069,26.11357615182609,91.69149020775048,cropland,Medium,27.929108,0.42850223,Tree cover,334425.0,0.8,2.39216565747178e-06
+102070+29070,26.11447446744156,91.69149020777591,cropland,Medium,28.545258,0.3997686,Tree cover,334425.0,0.8,2.39216565747178e-06
+102070+29071,26.115372782133097,91.69149020753946,cropland,Medium,28.382599,0.40941888,Tree cover,334425.0,0.8,2.39216565747178e-06
+102070+29072,26.116271097664296,91.69149020771852,cropland,Medium,28.563812,0.464904,Tree cover,334425.0,0.8,2.39216565747178e-06
+102070+29073,26.11716941312021,91.69149020786148,cropland,Medium,28.706238,0.46960905,Tree cover,334425.0,0.8,2.39216565747178e-06
+102070+29074,26.11806772838509,91.6914902075165,built_up,Medium,28.648956,0.3777821,Cool roof,401310.0,1.0,2.491839226533104e-06
+102070+29075,26.11896604321086,91.69149020758726,built_up,High,29.195892,0.31414118,Cool roof,401310.0,1.0,2.491839226533104e-06
+102070+29076,26.11986435933058,91.69149020762192,built_up,High,30.13379,0.25750428,Cool roof,401310.0,1.0,2.491839226533104e-06
+102070+29077,26.120762673713084,91.69149020762028,built_up,High,30.81662,0.17255142,Cool roof,401310.0,1.0,2.491839226533104e-06
+102070+29078,26.12166098911139,91.69149020780836,built_up,High,32.2305,0.24597923,Cool roof,401310.0,1.0,2.491839226533104e-06
+102070+29079,26.122559304989505,91.6914902077345,built_up,High,33.742523,0.19976272,Cool roof,401310.0,1.0,2.491839226533104e-06
+102070+29080,26.123457620034824,91.69149020785058,built_up,High,34.339508,0.19732125,Cool roof,401310.0,1.0,2.491839226533104e-06
+102070+29081,26.12435593500705,91.69149020793056,built_up,High,33.099518,0.3205758,Cool roof,401310.0,1.0,2.491839226533104e-06
+102070+29083,26.126152565444883,91.69149020775596,built_up,High,30.752472,0.23470497,Cool roof,401310.0,1.0,2.491839226533104e-06
+102070+29084,26.127050881178725,91.69149020795324,built_up,High,30.10849,0.38109994,Cool roof,401310.0,1.0,2.491839226533104e-06
+102070+29085,26.12794919634957,91.69149020788838,built_up,High,30.03955,0.39756116,Cool roof,401310.0,1.0,2.491839226533104e-06
+102070+29117,26.156695285569345,91.691490207719,built_up,High,29.790497,0.16875477,Cool roof,401310.0,1.0,2.491839226533104e-06
+102070+29118,26.157593600902903,91.6914902078148,built_up,High,29.47934,0.26834175,Cool roof,401310.0,1.0,2.491839226533104e-06
+102070+29119,26.15849191613725,91.69149020787432,built_up,High,29.030762,0.20701453,Cool roof,401310.0,1.0,2.491839226533104e-06
+102070+29120,26.159390230949587,91.69149020789789,built_up,High,29.91507,0.22511367,Cool roof,401310.0,1.0,2.491839226533104e-06
+102070+29121,26.160288547244992,91.69149020788517,built_up,High,30.22873,0.29119346,Cool roof,401310.0,1.0,2.491839226533104e-06
+102070+29122,26.16118686162693,91.69149020783588,built_up,High,29.567322,0.29175377,Cool roof,401310.0,1.0,2.491839226533104e-06
+102070+29123,26.16208517713396,91.69149020775026,built_up,High,28.72992,0.3288524,Cool roof,401310.0,1.0,2.491839226533104e-06
+102070+29124,26.16298349257844,91.69149020762856,built_up,Medium,28.26767,0.34587577,Cool roof,401310.0,1.0,2.491839226533104e-06
+102070+29126,26.16478012285686,91.69149020772797,built_up,High,29.348114,0.27044922,Cool roof,401310.0,1.0,2.491839226533104e-06
+102070+29127,26.165678438362413,91.69149020772318,built_up,High,29.22348,0.29479975,Cool roof,401310.0,1.0,2.491839226533104e-06
+102070+29128,26.16657675386364,91.69149020790842,built_up,High,28.517426,0.34319815,Cool roof,401310.0,1.0,2.491839226533104e-06
+102070+29132,26.17017001476576,91.6914902078336,built_up,Medium,26.012268,0.33537674,Cool roof,401310.0,1.0,2.491839226533104e-06
+102070+29133,26.17106832971672,91.6914902078372,built_up,Medium,25.874847,0.29549125,Cool roof,401310.0,1.0,2.491839226533104e-06
+102071+29061,26.10638962916607,91.69238852281843,cropland,Medium,28.962524,0.4509004,Tree cover,334425.0,0.8,2.39216565747178e-06
+102071+29062,26.10728794521162,91.69238852280242,cropland,High,29.576996,0.31199297,Green park,1025570.0,2.0,1.9501350468519945e-06
+102071+29063,26.108186260062663,91.69238852297634,cropland,High,30.605194,0.21657883,Green park,1025570.0,2.0,1.9501350468519945e-06
+102071+29065,26.10998289013309,91.69238852276492,cropland,High,28.237274,0.33184224,Green park,1025570.0,2.0,1.9501350468519945e-06
+102071+29066,26.11088120645294,91.6923885228314,grassland,Medium,28.940002,0.57914853,Tree cover,334425.0,0.8,2.39216565747178e-06
+102071+29067,26.11177952120477,91.69238852286205,cropland,Medium,29.72818,0.47475046,Tree cover,334425.0,0.8,2.39216565747178e-06
+102071+29068,26.112677836340776,91.69238852285656,cropland,High,29.196198,0.25936577,Green park,1025570.0,2.0,1.9501350468519945e-06
+102071+29069,26.11357615191076,91.6923885228152,cropland,High,28.78128,0.3676087,Green park,1025570.0,2.0,1.9501350468519945e-06
+102071+29070,26.114474467315308,91.69238852273816,cropland,Medium,29.024506,0.4137177,Tree cover,334425.0,0.8,2.39216565747178e-06
+102071+29071,26.11537278215989,91.69238852285127,cropland,High,29.002716,0.38939294,Green park,1025570.0,2.0,1.9501350468519945e-06
+102071+29072,26.11627109766174,91.69238852270226,cropland,High,29.355316,0.40438205,Green park,1025570.0,2.0,1.9501350468519945e-06
+102071+29073,26.117169413088973,91.69238852251738,cropland,Medium,29.25418,0.46650374,Tree cover,334425.0,0.8,2.39216565747178e-06
+102071+29075,26.11896604348572,91.69238852294389,built_up,High,30.006195,0.35787418,Cool roof,401310.0,1.0,2.491839226533104e-06
+102071+29077,26.12076267392973,91.692388522775,built_up,High,30.921478,0.18116444,Cool roof,401310.0,1.0,2.491839226533104e-06
+102071+29078,26.121660989116787,91.69238852286234,built_up,High,31.89975,0.22354963,Cool roof,401310.0,1.0,2.491839226533104e-06
+102071+29079,26.122559304966227,91.69238852291404,built_up,High,32.899506,0.14074737,Cool roof,401310.0,1.0,2.491839226533104e-06
+102071+29080,26.12345761998219,91.69238852270378,built_up,High,34.327515,0.15240957,Cool roof,401310.0,1.0,2.491839226533104e-06
+102071+29081,26.124355935107623,91.69238852268327,built_up,High,32.392334,0.26150298,Cool roof,401310.0,1.0,2.491839226533104e-06
+102071+29082,26.12525425098879,91.69238852285294,built_up,High,29.847687,0.3998033,Cool roof,401310.0,1.0,2.491839226533104e-06
+102071+29083,26.126152565487423,91.69238852276088,built_up,Medium,28.562378,0.41790652,Cool roof,401310.0,1.0,2.491839226533104e-06
+102071+29085,26.12794919615169,91.69238852246929,built_up,High,29.19339,0.37149006,Cool roof,401310.0,1.0,2.491839226533104e-06
+102071+29087,26.12974582682727,91.69238852271128,built_up,Medium,28.694916,0.40613636,Cool roof,401310.0,1.0,2.491839226533104e-06
+102071+29100,26.141423925936483,91.69238852269936,built_up,Medium,27.226532,0.384027,Cool roof,401310.0,1.0,2.491839226533104e-06
+102071+29104,26.14501718660661,91.69238852268928,built_up,Medium,26.330841,0.39060965,Cool roof,401310.0,1.0,2.491839226533104e-06
+102071+29105,26.14591550185702,91.69238852248375,built_up,Medium,27.35852,0.3590969,Cool roof,401310.0,1.0,2.491839226533104e-06
+102071+29112,26.15220370886622,91.69238852297366,built_up,Medium,27.289154,0.41853106,Cool roof,401310.0,1.0,2.491839226533104e-06
+102071+29117,26.156695285533097,91.69238852285632,built_up,High,29.271637,0.16607876,Cool roof,401310.0,1.0,2.491839226533104e-06
+102071+29118,26.157593601019485,91.6923885228602,built_up,High,29.514679,0.20907183,Cool roof,401310.0,1.0,2.491839226533104e-06
+102071+29119,26.158491916042816,91.6923885228282,built_up,High,29.272583,0.25760576,Cool roof,401310.0,1.0,2.491839226533104e-06
+102071+29120,26.15939023100815,91.6923885227601,built_up,High,30.17862,0.20298982,Cool roof,401310.0,1.0,2.491839226533104e-06
+102071+29121,26.16028854709237,91.6923885226561,built_up,High,30.378387,0.25853506,Cool roof,401310.0,1.0,2.491839226533104e-06
+102071+29122,26.161186861808968,91.6923885227419,built_up,High,29.654022,0.30207998,Cool roof,401310.0,1.0,2.491839226533104e-06
+102071+29123,26.162085177104984,91.69238852301751,built_up,High,28.730194,0.35942557,Cool roof,401310.0,1.0,2.491839226533104e-06
+102071+29124,26.162983492520294,91.69238852303113,built_up,High,28.78775,0.30108237,Cool roof,401310.0,1.0,2.491839226533104e-06
+102071+29125,26.16388180775073,91.69238852278268,built_up,High,29.04248,0.30957463,Cool roof,401310.0,1.0,2.491839226533104e-06
+102071+29126,26.164780122922537,91.69238852272426,built_up,High,29.070007,0.27284074,Cool roof,401310.0,1.0,2.491839226533104e-06
+102071+29127,26.16567843839874,91.69238852285568,built_up,High,28.933563,0.32975686,Cool roof,401310.0,1.0,2.491839226533104e-06
+102071+29128,26.166576753871134,91.69238852272484,built_up,Medium,28.139923,0.4039418,Cool roof,401310.0,1.0,2.491839226533104e-06
+102072+29058,26.103694684177853,91.69328683841842,built_up,High,29.013275,0.25779983,Cool roof,401310.0,1.0,2.491839226533104e-06
+102072+29059,26.104592998728,91.69328683817932,cropland,High,29.151886,0.30259284,Green park,1025570.0,2.0,1.9501350468519945e-06
+102072+29060,26.10549131439437,91.6932868381304,bare_sparse,High,29.493347,0.31599978,Green park,1025570.0,2.0,1.9501350468519945e-06
+102072+29061,26.10638962921651,91.6932868382714,bare_sparse,High,30.238495,0.19951971,Green park,1025570.0,2.0,1.9501350468519945e-06
+102072+29062,26.10728794523339,91.69328683837696,cropland,High,28.937622,0.34855622,Green park,1025570.0,2.0,1.9501350468519945e-06
+102072+29063,26.108186260055582,91.69328683822124,cropland,High,28.71701,0.23738222,Green park,1025570.0,2.0,1.9501350468519945e-06
+102072+29064,26.10908457543712,91.69328683825547,cropland,High,28.839813,0.37084556,Green park,1025570.0,2.0,1.9501350468519945e-06
+102072+29065,26.109982890250407,91.69328683847988,cropland,Medium,28.673584,0.4730771,Tree cover,334425.0,0.8,2.39216565747178e-06
+102072+29066,26.11088120635951,91.693286838443,cropland,High,29.630768,0.34435523,Green park,1025570.0,2.0,1.9501350468519945e-06
+102072+29067,26.11177952108216,91.69328683814445,cropland,High,30.074646,0.35977226,Green park,1025570.0,2.0,1.9501350468519945e-06
+102072+29068,26.11267783637173,91.69328683803624,cropland,High,29.68808,0.25380406,Green park,1025570.0,2.0,1.9501350468519945e-06
+102072+29069,26.113576152094787,91.69328683834424,cropland,High,29.412994,0.2805445,Green park,1025570.0,2.0,1.9501350468519945e-06
+102072+29070,26.114474467106334,91.69328683839036,cropland,High,29.123627,0.30532885,Green park,1025570.0,2.0,1.9501350468519945e-06
+102072+29071,26.1153727822864,91.69328683817496,cropland,Medium,28.733185,0.42889994,Tree cover,334425.0,0.8,2.39216565747178e-06
+102072+29072,26.116271097577,91.69328683837576,cropland,Medium,29.244354,0.48661247,Tree cover,334425.0,0.8,2.39216565747178e-06
+102072+29073,26.1171694131578,91.69328683854091,cropland,High,29.734924,0.37185726,Green park,1025570.0,2.0,1.9501350468519945e-06
+102072+29074,26.118067728364487,91.69328683844438,cropland,High,29.984344,0.3793149,Green park,1025570.0,2.0,1.9501350468519945e-06
+102072+29075,26.118966043496687,91.69328683831216,built_up,High,30.505615,0.242712,Cool roof,401310.0,1.0,2.491839226533104e-06
+102072+29076,26.119864359012364,91.69328683837033,built_up,High,30.806,0.18803307,Cool roof,401310.0,1.0,2.491839226533104e-06
+102072+29077,26.12076267388303,91.69328683839282,built_up,High,30.957642,0.2267977,Cool roof,401310.0,1.0,2.491839226533104e-06
+102072+29078,26.121660989223475,91.69328683837988,built_up,High,31.947937,0.30941296,Cool roof,401310.0,1.0,2.491839226533104e-06
+102072+29079,26.12255930486185,91.69328683833106,built_up,High,32.483246,0.22681552,Cool roof,401310.0,1.0,2.491839226533104e-06
+102072+29080,26.123457619848804,91.69328683824637,built_up,High,33.259247,0.18997413,Cool roof,401310.0,1.0,2.491839226533104e-06
+102072+29081,26.12435593530968,91.69328683835204,built_up,High,31.630646,0.21719356,Cool roof,401310.0,1.0,2.491839226533104e-06
+102072+29082,26.125254250979783,91.69328683842188,built_up,High,29.251495,0.28557444,Cool roof,401310.0,1.0,2.491839226533104e-06
+102072+29083,26.126152565449747,91.69328683845605,built_up,High,28.237915,0.26992023,Cool roof,401310.0,1.0,2.491839226533104e-06
+102072+29084,26.127050881125744,91.69328683845453,built_up,Medium,28.405975,0.36327064,Cool roof,401310.0,1.0,2.491839226533104e-06
+102072+29085,26.127949196056186,91.69328683841734,built_up,High,28.892822,0.30127165,Cool roof,401310.0,1.0,2.491839226533104e-06
+102072+29103,26.14411887194437,91.69328683841452,built_up,Medium,26.366302,0.45074007,Cool roof,401310.0,1.0,2.491839226533104e-06
+102072+29117,26.1566952856047,91.69328683845816,built_up,High,28.818634,0.19922428,Cool roof,401310.0,1.0,2.491839226533104e-06
+102072+29118,26.15759360088025,91.69328683837034,built_up,High,29.456207,0.2671019,Cool roof,401310.0,1.0,2.491839226533104e-06
+102072+29119,26.1584919160566,91.69328683824664,built_up,High,29.15567,0.22083259,Cool roof,401310.0,1.0,2.491839226533104e-06
+102072+29120,26.159390230992933,91.69328683831296,built_up,High,29.300629,0.27828872,Cool roof,401310.0,1.0,2.491839226533104e-06
+102072+29121,26.160288547230152,91.69328683856912,built_up,High,29.739288,0.29765716,Cool roof,401310.0,1.0,2.491839226533104e-06
+102072+29122,26.161186861735924,91.69328683856368,built_up,High,29.96701,0.22022747,Cool roof,401310.0,1.0,2.491839226533104e-06
+102072+29123,26.16208517718511,91.69328683829684,built_up,High,29.361847,0.32012683,Cool roof,401310.0,1.0,2.491839226533104e-06
+102072+29124,26.16298349257109,91.69328683844576,built_up,High,29.376404,0.30061156,Cool roof,401310.0,1.0,2.491839226533104e-06
+102072+29125,26.16388180759104,91.69328683855898,built_up,High,29.736053,0.24238162,Cool roof,401310.0,1.0,2.491839226533104e-06
+102072+29126,26.164780122915506,91.69328683841042,built_up,High,29.058075,0.34538448,Cool roof,401310.0,1.0,2.491839226533104e-06
+102073+29058,26.10369468404805,91.69418515342396,built_up,High,28.819122,0.28432062,Cool roof,401310.0,1.0,2.491839226533104e-06
+102073+29059,26.10459299875162,91.69418515353136,cropland,High,29.381683,0.20595232,Green park,1025570.0,2.0,1.9501350468519945e-06
+102073+29060,26.105491314389496,91.69418515360356,cropland,High,29.361145,0.40989676,Green park,1025570.0,2.0,1.9501350468519945e-06
+102073+29061,26.106389629182804,91.6941851534147,cropland,High,29.841919,0.30280915,Green park,1025570.0,2.0,1.9501350468519945e-06
+102073+29062,26.107287945353104,91.6941851534158,grassland,High,28.98175,0.39063522,Green park,1025570.0,2.0,1.9501350468519945e-06
+102073+29063,26.10818625996472,91.69418515360728,cropland,High,28.755768,0.32269832,Green park,1025570.0,2.0,1.9501350468519945e-06
+102073+29064,26.109084575499672,91.69418515353792,cropland,High,28.923584,0.2943805,Green park,1025570.0,2.0,1.9501350468519945e-06
+102073+29065,26.10998289028429,91.69418515343312,cropland,High,29.534454,0.32788703,Green park,1025570.0,2.0,1.9501350468519945e-06
+102073+29066,26.11088120618265,91.69418515329266,built_up,High,31.042084,0.18528223,Cool roof,401310.0,1.0,2.491839226533104e-06
+102073+29067,26.111779521058715,91.6941851533428,built_up,High,31.081085,0.2087433,Cool roof,401310.0,1.0,2.491839226533104e-06
+102073+29068,26.11267783650188,91.69418515358332,built_up,High,30.757538,0.24042614,Cool roof,401310.0,1.0,2.491839226533104e-06
+102073+29069,26.11357615219609,91.6941851535624,cropland,High,30.287506,0.25813445,Green park,1025570.0,2.0,1.9501350468519945e-06
+102073+29070,26.114474466996903,91.6941851535062,cropland,High,29.226837,0.34951758,Green park,1025570.0,2.0,1.9501350468519945e-06
+102073+29071,26.11537278233037,91.6941851536404,cropland,Medium,28.921326,0.39717773,Tree cover,334425.0,0.8,2.39216565747178e-06
+102073+29072,26.11627109759248,91.69418515351336,cropland,Medium,29.33664,0.46084857,Tree cover,334425.0,0.8,2.39216565747178e-06
+102073+29073,26.117169413144445,91.69418515335084,cropland,High,29.988739,0.4362923,Green park,1025570.0,2.0,1.9501350468519945e-06
+102073+29075,26.118966043426184,91.69418515337138,built_up,High,30.482819,0.25254044,Cool roof,401310.0,1.0,2.491839226533104e-06
+102073+29076,26.119864359277155,91.6941851535542,built_up,High,30.942596,0.1862692,Cool roof,401310.0,1.0,2.491839226533104e-06
+102073+29077,26.120762673572965,91.69418515347556,built_up,High,31.450134,0.19587097,Cool roof,401310.0,1.0,2.491839226533104e-06
+102073+29078,26.12166098943112,91.69418515336146,built_up,High,31.598724,0.28959927,Cool roof,401310.0,1.0,2.491839226533104e-06
+102073+29079,26.122559304858594,91.6941851536638,built_up,High,31.261566,0.35092348,Cool roof,401310.0,1.0,2.491839226533104e-06
+102073+29080,26.123457619817064,91.69418515370508,built_up,High,31.0,0.29257652,Cool roof,401310.0,1.0,2.491839226533104e-06
+102073+29081,26.12435593524893,91.69418515348464,built_up,High,29.754913,0.34518373,Cool roof,401310.0,1.0,2.491839226533104e-06
+102073+29082,26.125254251072604,91.69418515345464,built_up,Medium,28.6279,0.38986832,Cool roof,401310.0,1.0,2.491839226533104e-06
+102073+29084,26.127050880979013,91.6941851535143,built_up,Medium,28.107025,0.45018575,Cool roof,401310.0,1.0,2.491839226533104e-06
+102073+29085,26.127949196245066,91.6941851536038,built_up,High,28.47818,0.31041625,Cool roof,401310.0,1.0,2.491839226533104e-06
+102073+29086,26.12884751180343,91.69418515365764,built_up,High,28.10672,0.27430427,Cool roof,401310.0,1.0,2.491839226533104e-06
+102073+29087,26.12974582716957,91.69418515345016,built_up,Medium,28.133698,0.4057769,Cool roof,401310.0,1.0,2.491839226533104e-06
+102073+29088,26.13064414192499,91.69418515343332,built_up,High,28.564606,0.3001262,Cool roof,401310.0,1.0,2.491839226533104e-06
+102073+29089,26.131542457475227,91.6941851533808,built_up,Medium,28.810822,0.38998476,Cool roof,401310.0,1.0,2.491839226533104e-06
+102073+29103,26.144118871798284,91.69418515343452,built_up,Medium,26.575867,0.38225093,Cool roof,401310.0,1.0,2.491839226533104e-06
+102073+29110,26.150407078289128,91.69418515355994,built_up,Medium,28.22165,0.36914816,Cool roof,401310.0,1.0,2.491839226533104e-06
+102073+29117,26.156695285602503,91.69418515329758,built_up,High,28.389648,0.25074282,Cool roof,401310.0,1.0,2.491839226533104e-06
+102073+29118,26.15759360084889,91.69418515334372,built_up,High,29.149261,0.28896776,Cool roof,401310.0,1.0,2.491839226533104e-06
+102073+29119,26.15849191617859,91.69418515357994,built_up,High,28.934906,0.24544811,Cool roof,401310.0,1.0,2.491839226533104e-06
+102073+29120,26.15939023090427,91.69418515355498,built_up,High,29.258728,0.26504347,Cool roof,401310.0,1.0,2.491839226533104e-06
+102073+29121,26.16028854729451,91.69418515326868,built_up,High,29.507477,0.31054795,Cool roof,401310.0,1.0,2.491839226533104e-06
+102073+29122,26.161186861589623,91.69418515317238,built_up,High,29.760284,0.24356417,Cool roof,401310.0,1.0,2.491839226533104e-06
+102073+29123,26.162085177191987,91.69418515326612,built_up,High,29.781647,0.22442971,Cool roof,401310.0,1.0,2.491839226533104e-06
+102073+29124,26.162983492731144,91.69418515332444,built_up,High,29.832,0.2384682,Cool roof,401310.0,1.0,2.491839226533104e-06
+102073+29125,26.16388180754044,91.69418515334708,built_up,High,29.695007,0.23845589,Cool roof,401310.0,1.0,2.491839226533104e-06
+102074+29058,26.103694684197755,91.69508346909588,cropland,Medium,28.307709,0.34800932,Tree cover,334425.0,0.8,2.39216565747178e-06
+102074+29059,26.10459299869074,91.6950834690986,cropland,High,28.576782,0.30133954,Green park,1025570.0,2.0,1.9501350468519945e-06
+102074+29060,26.105491314300128,91.69508346884008,cropland,Medium,28.38797,0.40827906,Tree cover,334425.0,0.8,2.39216565747178e-06
+102074+29061,26.1063896292472,91.69508346899796,cropland,Medium,28.740814,0.3794762,Tree cover,334425.0,0.8,2.39216565747178e-06
+102074+29062,26.10728794538884,91.69508346912106,grassland,Medium,28.652863,0.3950588,Tree cover,334425.0,0.8,2.39216565747178e-06
+102074+29064,26.109084575478605,91.69508346903557,cropland,Medium,28.706268,0.43287128,Tree cover,334425.0,0.8,2.39216565747178e-06
+102074+29065,26.109982890234743,91.69508346905278,cropland,High,29.311127,0.31342193,Green park,1025570.0,2.0,1.9501350468519945e-06
+102074+29067,26.11177952131652,91.69508346920782,built_up,High,30.175323,0.25289634,Cool roof,401310.0,1.0,2.491839226533104e-06
+102074+29068,26.11267783636688,91.69508346911958,built_up,High,30.544281,0.26377627,Cool roof,401310.0,1.0,2.491839226533104e-06
+102074+29069,26.1135761520326,91.69508346877032,built_up,High,30.393097,0.21205738,Cool roof,401310.0,1.0,2.491839226533104e-06
+102074+29070,26.11447446716925,91.69508346883748,built_up,High,29.786835,0.26625696,Cool roof,401310.0,1.0,2.491839226533104e-06
+102074+29071,26.115372782474065,91.69508346909524,cropland,High,29.706696,0.31554982,Green park,1025570.0,2.0,1.9501350468519945e-06
+102074+29072,26.11627109734371,91.69508346909195,cropland,High,29.835602,0.317228,Green park,1025570.0,2.0,1.9501350468519945e-06
+102074+29073,26.11716941323116,91.69508346905349,cropland,High,30.447723,0.4001191,Green park,1025570.0,2.0,1.9501350468519945e-06
+102074+29074,26.11806772838088,91.69508346920556,cropland,High,30.96811,0.32793856,Green park,1025570.0,2.0,1.9501350468519945e-06
+102074+29075,26.118966043274035,91.69508346909664,built_up,High,30.975677,0.27347842,Cool roof,401310.0,1.0,2.491839226533104e-06
+102074+29076,26.11986435946048,91.69508346895246,built_up,High,31.47049,0.18693656,Cool roof,401310.0,1.0,2.491839226533104e-06
+102074+29077,26.120762673363853,91.69508346899912,built_up,High,32.23471,0.23331846,Cool roof,401310.0,1.0,2.491839226533104e-06
+102074+29078,26.121660989557306,91.69508346901036,built_up,High,31.078949,0.24308583,Cool roof,401310.0,1.0,2.491839226533104e-06
+102074+29079,26.12255930495664,91.69508346898616,built_up,High,30.287079,0.3226296,Cool roof,401310.0,1.0,2.491839226533104e-06
+102074+29084,26.12705088093432,91.69508346901476,built_up,Medium,27.806152,0.40662876,Cool roof,401310.0,1.0,2.491839226533104e-06
+102074+29085,26.127949196353928,91.69508346900486,built_up,High,28.302643,0.28804603,Cool roof,401310.0,1.0,2.491839226533104e-06
+102074+29086,26.12884751170192,91.69508346896014,built_up,Medium,28.00705,0.3339468,Cool roof,401310.0,1.0,2.491839226533104e-06
+102074+29087,26.12974582703942,91.6950834688802,built_up,Medium,27.56717,0.44220734,Cool roof,401310.0,1.0,2.491839226533104e-06
+102074+29088,26.1306441419484,91.69508346876464,built_up,Medium,27.868286,0.3373219,Cool roof,401310.0,1.0,2.491839226533104e-06
+102074+29089,26.13154245765204,91.69508346906554,built_up,Medium,28.044159,0.35145018,Cool roof,401310.0,1.0,2.491839226533104e-06
+102074+29090,26.13244077252188,91.69508346933122,built_up,High,28.19577,0.27563372,Cool roof,401310.0,1.0,2.491839226533104e-06
+102074+29091,26.133339088145974,91.69508346910976,built_up,High,28.413727,0.32208905,Cool roof,401310.0,1.0,2.491839226533104e-06
+102074+29109,26.149508763405247,91.69508346902693,built_up,Medium,28.47403,0.3735444,Cool roof,401310.0,1.0,2.491839226533104e-06
+102074+29110,26.15040707823043,91.69508346881229,built_up,High,28.674316,0.33946872,Cool roof,401310.0,1.0,2.491839226533104e-06
+102074+29112,26.152203708744057,91.69508346895452,built_up,Medium,27.621063,0.3712524,Cool roof,401310.0,1.0,2.491839226533104e-06
+102074+29117,26.156695285525817,91.69508346925588,built_up,High,28.660065,0.24512184,Cool roof,401310.0,1.0,2.491839226533104e-06
+102074+29118,26.157593600925743,91.69508346920992,built_up,High,29.029053,0.25043294,Cool roof,401310.0,1.0,2.491839226533104e-06
+102074+29119,26.15849191622679,91.69508346912896,built_up,High,29.056305,0.21822569,Cool roof,401310.0,1.0,2.491839226533104e-06
+102074+29120,26.159390230741995,91.6950834690123,built_up,High,29.052765,0.23696864,Cool roof,401310.0,1.0,2.491839226533104e-06
+102074+29121,26.16028854728559,91.69508346908611,built_up,High,29.324982,0.26214403,Cool roof,401310.0,1.0,2.491839226533104e-06
+102074+29122,26.161186861551897,91.69508346912453,built_up,High,29.187744,0.16600698,Cool roof,401310.0,1.0,2.491839226533104e-06
+102074+29123,26.16208517730778,91.69508346912768,built_up,High,29.189667,0.18770677,Cool roof,401310.0,1.0,2.491839226533104e-06
+102074+29124,26.162983492636467,91.6950834690956,built_up,High,29.234528,0.2715535,Cool roof,401310.0,1.0,2.491839226533104e-06
+102074+29125,26.16388180759896,91.69508346902806,built_up,High,29.087128,0.25209633,Cool roof,401310.0,1.0,2.491839226533104e-06
+102074+29126,26.164780123048125,91.69508346892488,built_up,Medium,28.550018,0.39531222,Cool roof,401310.0,1.0,2.491839226533104e-06
+102074+29127,26.165678438256045,91.69508346878628,built_up,Medium,28.268341,0.48352623,Cool roof,401310.0,1.0,2.491839226533104e-06
+102075+29058,26.10369468426259,91.69598178405435,built_up,High,28.29367,0.28723025,Cool roof,401310.0,1.0,2.491839226533104e-06
+102075+29059,26.104592998545524,91.69598178395196,cropland,Medium,28.402985,0.4095287,Tree cover,334425.0,0.8,2.39216565747178e-06
+102075+29060,26.105491314308512,91.69598178404078,cropland,Medium,28.871857,0.42617485,Tree cover,334425.0,0.8,2.39216565747178e-06
+102075+29061,26.106389629409364,91.6959817840944,bare_sparse,High,29.85846,0.30764264,Green park,1025570.0,2.0,1.9501350468519945e-06
+102075+29062,26.10728794534096,91.69598178411304,bare_sparse,High,29.062897,0.33443853,Green park,1025570.0,2.0,1.9501350468519945e-06
+102075+29063,26.10818626007785,91.69598178432268,cropland,Medium,28.615662,0.49071208,Tree cover,334425.0,0.8,2.39216565747178e-06
+102075+29064,26.10908457537376,91.69598178427132,cropland,Medium,28.707428,0.48599327,Tree cover,334425.0,0.8,2.39216565747178e-06
+102075+29065,26.10998289028383,91.69598178418497,cropland,Medium,28.591919,0.55427086,Tree cover,334425.0,0.8,2.39216565747178e-06
+102075+29066,26.11088120612557,91.69598178428964,cropland,Medium,28.371246,0.5218522,Tree cover,334425.0,0.8,2.39216565747178e-06
+102075+29067,26.111779521308986,91.69598178413348,cropland,Medium,28.629059,0.38393015,Tree cover,334425.0,0.8,2.39216565747178e-06
+102075+29068,26.112677836331045,91.69598178416793,cropland,High,29.138763,0.37492758,Green park,1025570.0,2.0,1.9501350468519945e-06
+102075+29069,26.11357615196864,91.69598178439342,built_up,High,29.66269,0.31295696,Cool roof,401310.0,1.0,2.491839226533104e-06
+102075+29070,26.11447446725888,91.6959817843581,built_up,High,30.02597,0.25617024,Cool roof,401310.0,1.0,2.491839226533104e-06
+102075+29071,26.11537278235348,91.69598178406196,cropland,High,30.373474,0.27229068,Green park,1025570.0,2.0,1.9501350468519945e-06
+102075+29072,26.11627109737689,91.69598178395682,built_up,High,30.618073,0.23919326,Cool roof,401310.0,1.0,2.491839226533104e-06
+102075+29073,26.11716941323604,91.69598178404252,built_up,High,31.145813,0.19648087,Cool roof,401310.0,1.0,2.491839226533104e-06
+102075+29074,26.118067728539344,91.69598178409304,built_up,High,31.347015,0.21432044,Cool roof,401310.0,1.0,2.491839226533104e-06
+102075+29075,26.118966043222137,91.69598178433417,built_up,High,30.679352,0.26856518,Cool roof,401310.0,1.0,2.491839226533104e-06
+102075+29076,26.11986435938044,91.69598178431468,built_up,High,31.527985,0.2330074,Cool roof,401310.0,1.0,2.491839226533104e-06
+102075+29077,26.12076267343757,91.69598178426016,built_up,High,31.9758,0.26059726,Cool roof,401310.0,1.0,2.491839226533104e-06
+102075+29078,26.12166098942048,91.69598178417068,built_up,High,30.392792,0.3550301,Cool roof,401310.0,1.0,2.491839226533104e-06
+102075+29084,26.12705088099178,91.69598178402744,built_up,Medium,27.765533,0.3277042,Cool roof,401310.0,1.0,2.491839226533104e-06
+102075+29090,26.13244077259124,91.69598178397794,built_up,Medium,26.956024,0.41875395,Cool roof,401310.0,1.0,2.491839226533104e-06
+102075+29092,26.134237403401965,91.69598178420772,built_up,Medium,27.485077,0.4037487,Cool roof,401310.0,1.0,2.491839226533104e-06
+102075+29109,26.14950876348181,91.69598178411096,built_up,Medium,28.71582,0.39885792,Cool roof,401310.0,1.0,2.491839226533104e-06
+102075+29110,26.15040707809633,91.6959817842542,built_up,High,28.863983,0.25408813,Cool roof,401310.0,1.0,2.491839226533104e-06
+102075+29111,26.15130539419153,91.69598178436244,built_up,Medium,27.792633,0.3966604,Cool roof,401310.0,1.0,2.491839226533104e-06
+102075+29112,26.15220370873537,91.69598178443565,built_up,Medium,27.424408,0.401265,Cool roof,401310.0,1.0,2.491839226533104e-06
+102075+29117,26.15669528555682,91.69598178427412,built_up,High,28.837555,0.3319089,Cool roof,401310.0,1.0,2.491839226533104e-06
+102075+29118,26.157593600746782,91.69598178413642,built_up,High,29.277618,0.26117417,Cool roof,401310.0,1.0,2.491839226533104e-06
+102075+29119,26.15849191620121,91.69598178396352,built_up,High,29.105804,0.21144848,Cool roof,401310.0,1.0,2.491839226533104e-06
+102075+29120,26.159390230869768,91.695981784207,built_up,High,29.084564,0.20582859,Cool roof,401310.0,1.0,2.491839226533104e-06
+102075+29121,26.160288547203244,91.69598178418958,built_up,High,28.687103,0.24018744,Cool roof,401310.0,1.0,2.491839226533104e-06
+102075+29122,26.161186861623086,91.69598178413732,built_up,High,28.027191,0.22352791,Cool roof,401310.0,1.0,2.491839226533104e-06
+102075+29123,26.16208517735068,91.6959817842758,built_up,High,28.359863,0.25202143,Cool roof,401310.0,1.0,2.491839226533104e-06
+102075+29124,26.162983492468733,91.6959817841529,built_up,High,28.34256,0.25042242,Cool roof,401310.0,1.0,2.491839226533104e-06
+102075+29125,26.16388180776692,91.69598178422068,built_up,High,28.135345,0.22598822,Cool roof,401310.0,1.0,2.491839226533104e-06
+102075+29126,26.164780122823466,91.69598178425348,built_up,Medium,28.01242,0.33581895,Cool roof,401310.0,1.0,2.491839226533104e-06
+102076+29058,26.103694684060653,91.69688009945472,built_up,High,28.2164,0.24062295,Cool roof,401310.0,1.0,2.491839226533104e-06
+102076+29059,26.1045929986798,91.69688009947322,built_up,High,29.084778,0.2090006,Cool roof,401310.0,1.0,2.491839226533104e-06
+102076+29060,26.105491314414827,91.69688009968276,grassland,High,29.766449,0.27914044,Green park,1025570.0,2.0,1.9501350468519945e-06
+102076+29061,26.10638962912338,91.69688009940631,bare_sparse,High,30.735199,0.19794786,Green park,1025570.0,2.0,1.9501350468519945e-06
+102076+29062,26.107287945573088,91.69688009932092,bare_sparse,High,30.10257,0.18114986,Green park,1025570.0,2.0,1.9501350468519945e-06
+102076+29063,26.10818626009961,91.69688009942612,grassland,High,29.312225,0.3369555,Green park,1025570.0,2.0,1.9501350468519945e-06
+102076+29064,26.10908457518564,91.69688009927116,grassland,High,29.215637,0.39836556,Green park,1025570.0,2.0,1.9501350468519945e-06
+102076+29065,26.109982890249498,91.69688009908162,cropland,Medium,28.225098,0.496606,Tree cover,334425.0,0.8,2.39216565747178e-06
+102076+29066,26.11088120624517,91.69688009908272,cropland,Medium,27.916992,0.45877767,Tree cover,334425.0,0.8,2.39216565747178e-06
+102076+29067,26.1117795212184,91.69688009927484,cropland,Medium,27.939575,0.49750528,Tree cover,334425.0,0.8,2.39216565747178e-06
+102076+29068,26.11267783639456,91.6968800992068,cropland,Medium,28.582733,0.41773403,Tree cover,334425.0,0.8,2.39216565747178e-06
+102076+29069,26.113576152004025,91.69688009910396,cropland,Medium,28.861725,0.48579234,Tree cover,334425.0,0.8,2.39216565747178e-06
+102076+29070,26.114474467265968,91.69688009919196,cropland,High,29.238983,0.35613948,Green park,1025570.0,2.0,1.9501350468519945e-06
+102076+29071,26.11537278233261,91.69688009947102,cropland,High,29.666473,0.26974356,Green park,1025570.0,2.0,1.9501350468519945e-06
+102076+29072,26.11627109750996,91.69688009971532,cropland,High,29.763184,0.40901008,Green park,1025570.0,2.0,1.9501350468519945e-06
+102076+29073,26.117169413158745,91.69688009969876,built_up,High,30.350372,0.30419666,Cool roof,401310.0,1.0,2.491839226533104e-06
+102076+29074,26.11806772843409,91.69688009942185,built_up,High,30.730072,0.23566541,Cool roof,401310.0,1.0,2.491839226533104e-06
+102076+29075,26.118966043270643,91.69688009911034,built_up,High,30.625702,0.2054435,Cool roof,401310.0,1.0,2.491839226533104e-06
+102076+29076,26.119864359401003,91.6968800992155,built_up,High,31.335052,0.25734678,Cool roof,401310.0,1.0,2.491839226533104e-06
+102076+29077,26.12076267342984,91.6968800992859,built_up,High,30.863922,0.33031592,Cool roof,401310.0,1.0,2.491839226533104e-06
+102076+29078,26.121660989384782,91.69688009932152,built_up,High,29.859283,0.28692168,Cool roof,401310.0,1.0,2.491839226533104e-06
+102076+29079,26.122559304909583,91.69688009932234,built_up,High,30.257751,0.42606497,Cool roof,401310.0,1.0,2.491839226533104e-06
+102076+29080,26.123457619783128,91.6968800992884,built_up,High,29.533478,0.3838562,Cool roof,401310.0,1.0,2.491839226533104e-06
+102076+29096,26.13783066454545,91.69688009942904,built_up,Medium,27.679901,0.3291858,Cool roof,401310.0,1.0,2.491839226533104e-06
+102076+29097,26.138728979823,91.69688009925486,built_up,Medium,28.231506,0.38021275,Cool roof,401310.0,1.0,2.491839226533104e-06
+102076+29098,26.139627295182105,91.69688009949722,built_up,Medium,27.951141,0.3284555,Cool roof,401310.0,1.0,2.491839226533104e-06
+102076+29102,26.14322055608273,91.69688009921468,built_up,Medium,27.137726,0.3427068,Cool roof,401310.0,1.0,2.491839226533104e-06
+102076+29103,26.144118871810768,91.69688009950876,built_up,High,27.800629,0.30556858,Cool roof,401310.0,1.0,2.491839226533104e-06
+102076+29109,26.14950876348262,91.69688009941014,built_up,High,28.037262,0.31984475,Cool roof,401310.0,1.0,2.491839226533104e-06
+102076+29110,26.15040707825121,91.6968800994601,built_up,Medium,27.948944,0.36010957,Cool roof,401310.0,1.0,2.491839226533104e-06
+102076+29114,26.15400033963349,91.69688009931002,built_up,Medium,27.426544,0.43160197,Cool roof,401310.0,1.0,2.491839226533104e-06
+102076+29115,26.15489865483196,91.6968800994109,built_up,Medium,26.827545,0.45816767,Cool roof,401310.0,1.0,2.491839226533104e-06
+102076+29116,26.15579697011289,91.69688009925088,built_up,Medium,27.166351,0.40262425,Cool roof,401310.0,1.0,2.491839226533104e-06
+102076+29117,26.15669528551401,91.69688009905629,built_up,High,28.828278,0.30297282,Cool roof,401310.0,1.0,2.491839226533104e-06
+102076+29118,26.15759360085769,91.6968800992785,built_up,High,29.801544,0.23499516,Cool roof,401310.0,1.0,2.491839226533104e-06
+102076+29119,26.15849191610182,91.6968800994657,built_up,High,29.321259,0.20200354,Cool roof,401310.0,1.0,2.491839226533104e-06
+102076+29120,26.159390230924107,91.69688009916632,built_up,High,29.300018,0.24388306,Cool roof,401310.0,1.0,2.491839226533104e-06
+102076+29123,26.16208517732033,91.69688009918724,built_up,Medium,26.954132,0.33755392,Cool roof,401310.0,1.0,2.491839226533104e-06
+102076+29124,26.1629834924101,91.69688009919967,built_up,Medium,26.967285,0.3309104,Cool roof,401310.0,1.0,2.491839226533104e-06
+102076+29125,26.16388180786216,91.69688009917728,built_up,Medium,27.406189,0.32656598,Cool roof,401310.0,1.0,2.491839226533104e-06
+102077+29058,26.103694684138382,91.69777841454604,built_up,Medium,27.252655,0.29379264,Cool roof,401310.0,1.0,2.491839226533104e-06
+102077+29059,26.10459299872957,91.69777841468564,built_up,High,28.830566,0.18945834,Cool roof,401310.0,1.0,2.491839226533104e-06
+102077+29060,26.10549131443681,91.6977784145651,built_up,High,29.826324,0.21610919,Cool roof,401310.0,1.0,2.491839226533104e-06
+102077+29061,26.10638962893533,91.69777841463558,bare_sparse,High,30.317505,0.3951291,Green park,1025570.0,2.0,1.9501350468519945e-06
+102077+29062,26.107287945539,91.69777841444552,bare_sparse,High,30.095428,0.28567287,Green park,1025570.0,2.0,1.9501350468519945e-06
+102077+29063,26.108186260037733,91.69777841422128,bare_sparse,High,29.897736,0.3519633,Green park,1025570.0,2.0,1.9501350468519945e-06
+102077+29064,26.109084575277897,91.69777841441396,bare_sparse,Medium,29.286835,0.4632218,Tree cover,334425.0,0.8,2.39216565747178e-06
+102077+29065,26.10998289013189,91.69777841457204,cropland,Medium,28.178986,0.495007,Tree cover,334425.0,0.8,2.39216565747178e-06
+102077+29068,26.11267783619328,91.697778414614,cropland,Medium,27.985504,0.46801248,Tree cover,334425.0,0.8,2.39216565747178e-06
+102077+29073,26.117169413181507,91.69777841436904,built_up,High,29.904144,0.278735,Cool roof,401310.0,1.0,2.491839226533104e-06
+102077+29074,26.11806772824718,91.69777841444235,built_up,High,30.611084,0.23931983,Cool roof,401310.0,1.0,2.491839226533104e-06
+102077+29075,26.11896604341958,91.69777841470678,built_up,High,31.420319,0.21152814,Cool roof,401310.0,1.0,2.491839226533104e-06
+102077+29076,26.119864359340085,91.69777841471078,built_up,High,32.513336,0.22017299,Cool roof,401310.0,1.0,2.491839226533104e-06
+102077+29077,26.120762673522865,91.69777841468024,built_up,High,31.385101,0.22022516,Cool roof,401310.0,1.0,2.491839226533104e-06
+102077+29078,26.121660989267976,91.69777841461512,built_up,High,30.119965,0.330475,Cool roof,401310.0,1.0,2.491839226533104e-06
+102077+29079,26.12255930494672,91.69777841451544,built_up,High,29.886627,0.39563072,Cool roof,401310.0,1.0,2.491839226533104e-06
+102077+29080,26.123457619792312,91.69777841460684,built_up,High,29.119232,0.38143235,Cool roof,401310.0,1.0,2.491839226533104e-06
+102077+29102,26.14322055620424,91.69777841464156,built_up,Medium,26.854462,0.31210494,Cool roof,401310.0,1.0,2.491839226533104e-06
+102077+29103,26.14411887172231,91.69777841438844,built_up,High,27.905884,0.2916394,Cool roof,401310.0,1.0,2.491839226533104e-06
+102077+29104,26.14501718650797,91.69777841432668,built_up,High,27.951202,0.31283605,Cool roof,401310.0,1.0,2.491839226533104e-06
+102077+29105,26.14591550195176,91.697778414456,built_up,Medium,28.135712,0.37152386,Cool roof,401310.0,1.0,2.491839226533104e-06
+102077+29106,26.146813817383244,91.69777841455056,built_up,High,28.46756,0.35179147,Cool roof,401310.0,1.0,2.491839226533104e-06
+102077+29110,26.15040707833068,91.69777841435705,built_up,Medium,27.40387,0.37781236,Cool roof,401310.0,1.0,2.491839226533104e-06
+102077+29113,26.15310202446116,91.6977784144686,built_up,Medium,27.512787,0.3908695,Cool roof,401310.0,1.0,2.491839226533104e-06
+102077+29118,26.15759360089447,91.69777841456316,built_up,High,29.23111,0.37105584,Cool roof,401310.0,1.0,2.491839226533104e-06
+102077+29119,26.158491916110822,91.69777841443276,built_up,High,28.709747,0.34305626,Cool roof,401310.0,1.0,2.491839226533104e-06
+102077+29120,26.159390230905,91.6977784147196,built_up,High,29.187347,0.24795495,Cool roof,401310.0,1.0,2.491839226533104e-06
+102077+29125,26.163881807884675,91.69777841472856,built_up,Medium,26.65747,0.2497838,Cool roof,401310.0,1.0,2.491839226533104e-06
+102077+29126,26.164780122884824,91.697778414581,built_up,Medium,26.856659,0.33747393,Cool roof,401310.0,1.0,2.491839226533104e-06
+102078+29059,26.10459299851292,91.69867672991074,built_up,High,27.575012,0.20819311,Cool roof,401310.0,1.0,2.491839226533104e-06
+102078+29060,26.10549131455656,91.69867672991111,bare_sparse,High,28.248383,0.25459835,Green park,1025570.0,2.0,1.9501350468519945e-06
+102078+29061,26.10638962902713,91.69867673010296,grassland,High,28.083923,0.3103148,Green park,1025570.0,2.0,1.9501350468519945e-06
+102078+29062,26.10728794542112,91.69867673026069,bare_sparse,High,29.618317,0.40847644,Green park,1025570.0,2.0,1.9501350468519945e-06
+102078+29063,26.10818626007416,91.69867673038388,grassland,High,29.533539,0.39489648,Green park,1025570.0,2.0,1.9501350468519945e-06
+102078+29064,26.109084575286545,91.6986767302471,grassland,Medium,29.305511,0.43060791,Tree cover,334425.0,0.8,2.39216565747178e-06
+102078+29065,26.10998289029484,91.6986767303018,cropland,Medium,28.321991,0.44210547,Tree cover,334425.0,0.8,2.39216565747178e-06
+102078+29073,26.117169413122447,91.69867673018118,built_up,High,30.614899,0.23133035,Cool roof,401310.0,1.0,2.491839226533104e-06
+102078+29074,26.11806772834224,91.69867673015248,built_up,High,31.07846,0.21149974,Cool roof,401310.0,1.0,2.491839226533104e-06
+102078+29075,26.118966043487035,91.69867673008966,built_up,High,32.112823,0.20979455,Cool roof,401310.0,1.0,2.491839226533104e-06
+102078+29076,26.119864359197702,91.69867672999273,built_up,High,33.70053,0.19547547,Cool roof,401310.0,1.0,2.491839226533104e-06
+102078+29077,26.12076267371668,91.69867673008706,built_up,High,32.11252,0.2806771,Cool roof,401310.0,1.0,2.491839226533104e-06
+102078+29078,26.12166098907005,91.69867673014706,built_up,High,30.524841,0.32023013,Cool roof,401310.0,1.0,2.491839226533104e-06
+102078+29079,26.122559305084973,91.69867673017272,built_up,High,29.304047,0.30811462,Cool roof,401310.0,1.0,2.491839226533104e-06
+102078+29088,26.13064414179461,91.69867672998618,grassland,Medium,28.172028,0.48713937,Tree cover,334425.0,0.8,2.39216565747178e-06
+102078+29103,26.144118871739057,91.69867673018396,built_up,Medium,27.453522,0.3850965,Cool roof,401310.0,1.0,2.491839226533104e-06
+102078+29104,26.14501718649713,91.69867673025308,built_up,Medium,27.443146,0.4349883,Cool roof,401310.0,1.0,2.491839226533104e-06
+102078+29105,26.14591550191298,91.69867673006216,built_up,Medium,27.649689,0.37348473,Cool roof,401310.0,1.0,2.491839226533104e-06
+102078+29106,26.146813817498376,91.69867673006236,built_up,Medium,27.634308,0.41100293,Cool roof,401310.0,1.0,2.491839226533104e-06
+102078+29107,26.14771213274881,91.6986767300278,built_up,Medium,27.700226,0.35959017,Cool roof,401310.0,1.0,2.491839226533104e-06
+102078+29108,26.148610447625973,91.6986767301848,built_up,Medium,27.801025,0.39213228,Cool roof,401310.0,1.0,2.491839226533104e-06
+102078+29109,26.14950876343969,91.69867673030764,built_up,Medium,27.870056,0.4102489,Cool roof,401310.0,1.0,2.491839226533104e-06
+102078+29110,26.15040707815241,91.69867673017004,built_up,Medium,27.582489,0.4224244,Cool roof,401310.0,1.0,2.491839226533104e-06
+102078+29115,26.15489865481765,91.6986767300942,built_up,High,27.668915,0.2983758,Cool roof,401310.0,1.0,2.491839226533104e-06
+102078+29116,26.15579697004254,91.69867673020129,built_up,High,28.539185,0.31449446,Cool roof,401310.0,1.0,2.491839226533104e-06
+102078+29117,26.156695285569967,91.69867673004828,built_up,High,29.489227,0.3016365,Cool roof,401310.0,1.0,2.491839226533104e-06
+102078+29118,26.157593600857265,91.69867673008666,built_up,High,28.977203,0.334218,Cool roof,401310.0,1.0,2.491839226533104e-06
+102078+29120,26.159390230994283,91.6986767298336,built_up,High,29.142975,0.20064911,Cool roof,401310.0,1.0,2.491839226533104e-06
+102078+29131,26.169271699928743,91.6986767301551,grassland,Medium,27.599945,0.4732254,Tree cover,334425.0,0.8,2.39216565747178e-06
+102079+29060,26.10549131459164,91.69957504540152,cropland,Medium,27.72882,0.49125785,Tree cover,334425.0,0.8,2.39216565747178e-06
+102079+29061,26.10638962903512,91.6995750452631,cropland,Medium,27.7034,0.48554775,Tree cover,334425.0,0.8,2.39216565747178e-06
+102079+29062,26.10728794558341,91.69957504531658,cropland,Medium,27.889252,0.39840528,Tree cover,334425.0,0.8,2.39216565747178e-06
+102079+29063,26.108186260026784,91.69957504533592,grassland,Medium,28.590607,0.39978373,Tree cover,334425.0,0.8,2.39216565747178e-06
+102079+29064,26.10908457521157,91.69957504532098,grassland,Medium,29.519379,0.439864,Tree cover,334425.0,0.8,2.39216565747178e-06
+102079+29065,26.109982890374354,91.6995750452719,cropland,Medium,28.302032,0.4235727,Tree cover,334425.0,0.8,2.39216565747178e-06
+102079+29074,26.1180677285377,91.69957504532972,built_up,High,31.39392,0.1879559,Cool roof,401310.0,1.0,2.491839226533104e-06
+102079+29075,26.11896604329077,91.69957504539155,built_up,High,32.190247,0.20367758,Cool roof,401310.0,1.0,2.491839226533104e-06
+102079+29076,26.11986435915575,91.699575045193,built_up,High,33.887146,0.18556753,Cool roof,401310.0,1.0,2.491839226533104e-06
+102079+29077,26.12076267382935,91.69957504518642,built_up,High,32.85486,0.23588549,Cool roof,401310.0,1.0,2.491839226533104e-06
+102079+29078,26.12166098915497,91.69957504537152,built_up,High,30.682526,0.3817301,Cool roof,401310.0,1.0,2.491839226533104e-06
+102079+29079,26.12255930496041,91.69957504529668,built_up,Medium,28.824188,0.42200464,Cool roof,401310.0,1.0,2.491839226533104e-06
+102079+29080,26.123457619750475,91.69957504518771,built_up,Medium,28.29013,0.43832967,Cool roof,401310.0,1.0,2.491839226533104e-06
+102079+29096,26.137830664452544,91.69957504534784,built_up,Medium,27.743927,0.40497515,Cool roof,401310.0,1.0,2.491839226533104e-06
+102079+29103,26.144118871861185,91.6995750454467,built_up,Medium,27.126495,0.38825935,Cool roof,401310.0,1.0,2.491839226533104e-06
+102079+29107,26.14771213276025,91.6995750453636,built_up,Medium,27.03775,0.36538756,Cool roof,401310.0,1.0,2.491839226533104e-06
+102079+29108,26.14861044779168,91.69957504542646,built_up,Medium,27.673737,0.41604394,Cool roof,401310.0,1.0,2.491839226533104e-06
+102079+29109,26.149508763395968,91.69957504545498,built_up,Medium,27.893646,0.42056733,Cool roof,401310.0,1.0,2.491839226533104e-06
+102079+29110,26.150407078080924,91.6995750454496,built_up,Medium,27.778778,0.3977006,Cool roof,401310.0,1.0,2.491839226533104e-06
+102079+29111,26.15130539424605,91.69957504540989,built_up,Medium,27.819122,0.35258722,Cool roof,401310.0,1.0,2.491839226533104e-06
+102079+29112,26.15220370849597,91.6995750453358,built_up,High,28.01355,0.29826185,Cool roof,401310.0,1.0,2.491839226533104e-06
+102079+29114,26.15400033949272,91.6995750450851,built_up,High,28.751465,0.240143,Cool roof,401310.0,1.0,2.491839226533104e-06
+102079+29115,26.154898654971586,91.69957504513434,grassland,Medium,28.773407,0.40528125,Tree cover,334425.0,0.8,2.39216565747178e-06
+102079+29116,26.155796970168893,91.69957504537516,grassland,Medium,28.75467,0.43334258,Tree cover,334425.0,0.8,2.39216565747178e-06
+102079+29117,26.15669528530471,91.69957504535572,built_up,High,28.640533,0.3098047,Cool roof,401310.0,1.0,2.491839226533104e-06
+102079+29120,26.15939023100978,91.6995750455441,built_up,High,29.108429,0.21432899,Cool roof,401310.0,1.0,2.491839226533104e-06
+102079+29121,26.16028854723118,91.69957504561344,built_up,High,29.740204,0.36305207,Cool roof,401310.0,1.0,2.491839226533104e-06
+102079+29122,26.161186861721447,91.69957504542272,built_up,Medium,29.33493,0.45627296,Cool roof,401310.0,1.0,2.491839226533104e-06
+102080+29058,26.103694684227783,91.70047336061268,built_up,Medium,26.28888,0.3082518,Cool roof,401310.0,1.0,2.491839226533104e-06
+102080+29060,26.10549131436064,91.70047336045415,cropland,Medium,27.182953,0.35396838,Tree cover,334425.0,0.8,2.39216565747178e-06
+102080+29061,26.10638962914088,91.7004733604373,cropland,Medium,27.429169,0.42822835,Tree cover,334425.0,0.8,2.39216565747178e-06
+102080+29062,26.107287945479506,91.7004733603861,cropland,Medium,28.00055,0.32846534,Tree cover,334425.0,0.8,2.39216565747178e-06
+102080+29063,26.108186260077872,91.70047336030122,grassland,Medium,28.580261,0.39910823,Tree cover,334425.0,0.8,2.39216565747178e-06
+102080+29064,26.10908457523508,91.70047336040868,bare_sparse,High,29.381317,0.35369286,Green park,1025570.0,2.0,1.9501350468519945e-06
+102080+29065,26.10998289037044,91.70047336048204,cropland,Medium,28.48642,0.4276878,Tree cover,334425.0,0.8,2.39216565747178e-06
+102080+29072,26.116271097584377,91.70047336049818,built_up,Medium,28.969147,0.4215887,Cool roof,401310.0,1.0,2.491839226533104e-06
+102080+29073,26.117169413122262,91.70047336052625,built_up,High,30.184967,0.30456394,Cool roof,401310.0,1.0,2.491839226533104e-06
+102080+29074,26.11806772846928,91.70047336052036,built_up,High,30.9292,0.19335857,Cool roof,401310.0,1.0,2.491839226533104e-06
+102080+29075,26.118966043377,91.7004733604806,built_up,High,32.2381,0.18724088,Cool roof,401310.0,1.0,2.491839226533104e-06
+102080+29076,26.11986435903233,91.70047336063298,built_up,High,34.119446,0.16953333,Cool roof,401310.0,1.0,2.491839226533104e-06
+102080+29077,26.120762673860742,91.70047336052544,built_up,High,33.3685,0.21923333,Cool roof,401310.0,1.0,2.491839226533104e-06
+102080+29096,26.13783066450837,91.70047336061712,built_up,Medium,27.359467,0.36373216,Cool roof,401310.0,1.0,2.491839226533104e-06
+102080+29097,26.138728979856737,91.70047336073416,built_up,Medium,27.602814,0.42837188,Cool roof,401310.0,1.0,2.491839226533104e-06
+102080+29102,26.143220556107828,91.70047336035763,built_up,Medium,27.450714,0.39938718,Cool roof,401310.0,1.0,2.491839226533104e-06
+102080+29108,26.1486104478818,91.70047336045504,built_up,Medium,27.404877,0.43542415,Cool roof,401310.0,1.0,2.491839226533104e-06
+102080+29109,26.14950876327649,91.70047336039008,built_up,Medium,27.965881,0.4113462,Cool roof,401310.0,1.0,2.491839226533104e-06
+102080+29110,26.15040707811605,91.7004733602908,built_up,Medium,27.421173,0.4452902,Cool roof,401310.0,1.0,2.491839226533104e-06
+102080+29111,26.15130539425361,91.7004733603835,built_up,Medium,27.641266,0.39428523,Cool roof,401310.0,1.0,2.491839226533104e-06
+102080+29112,26.15220370847612,91.7004733604423,built_up,High,28.137665,0.32629853,Cool roof,401310.0,1.0,2.491839226533104e-06
+102080+29113,26.153102024543628,91.70047336046696,built_up,High,28.357513,0.33462292,Cool roof,401310.0,1.0,2.491839226533104e-06
+102080+29114,26.15400033959973,91.70047336068346,built_up,High,29.043121,0.27408704,Cool roof,401310.0,1.0,2.491839226533104e-06
+102080+29115,26.15489865486935,91.70047336064012,built_up,High,28.81717,0.32850456,Cool roof,401310.0,1.0,2.491839226533104e-06
+102080+29116,26.15579697022073,91.70047336033676,built_up,High,28.43686,0.34985542,Cool roof,401310.0,1.0,2.491839226533104e-06
+102080+29117,26.15669528532933,91.7004733604511,built_up,Medium,28.098053,0.34840903,Cool roof,401310.0,1.0,2.491839226533104e-06
+102080+29118,26.157593601107315,91.70047336053152,built_up,Medium,27.931793,0.38226542,Cool roof,401310.0,1.0,2.491839226533104e-06
+102080+29120,26.15939023095168,91.70047336058984,built_up,High,28.623505,0.23764384,Cool roof,401310.0,1.0,2.491839226533104e-06
+102080+29121,26.16028854714567,91.70047336034222,built_up,High,29.430817,0.21617255,Cool roof,401310.0,1.0,2.491839226533104e-06
+102080+29122,26.16118686160819,91.70047336028615,built_up,High,29.799652,0.4294534,Cool roof,401310.0,1.0,2.491839226533104e-06
+102081+29058,26.10369468414904,91.70137167579264,grassland,Medium,26.40274,0.34584707,Tree cover,334425.0,0.8,2.39216565747178e-06
+102081+29059,26.104592998812105,91.70137167573864,built_up,Medium,26.571136,0.32210922,Cool roof,401310.0,1.0,2.491839226533104e-06
+102081+29060,26.10549131422741,91.70137167587656,cropland,Medium,26.077545,0.4107572,Tree cover,334425.0,0.8,2.39216565747178e-06
+102081+29061,26.106389629162308,91.7013716757548,cropland,Medium,26.650696,0.47468302,Tree cover,334425.0,0.8,2.39216565747178e-06
+102081+29062,26.107287945473868,91.70137167582558,cropland,Medium,27.03659,0.46103874,Tree cover,334425.0,0.8,2.39216565747178e-06
+102081+29063,26.108186260045,91.7013716758627,cropland,Medium,27.293365,0.44015652,Tree cover,334425.0,0.8,2.39216565747178e-06
+102081+29064,26.10908457535721,91.70137167586594,grassland,Medium,28.023285,0.43498138,Tree cover,334425.0,0.8,2.39216565747178e-06
+102081+29065,26.10998289028309,91.70137167583572,cropland,Medium,28.608673,0.4101049,Tree cover,334425.0,0.8,2.39216565747178e-06
+102081+29066,26.11088120632321,91.70137167577182,cropland,Medium,27.267273,0.5106412,Tree cover,334425.0,0.8,2.39216565747178e-06
+102081+29074,26.118067728318856,91.70137167585516,built_up,High,30.400848,0.21151118,Cool roof,401310.0,1.0,2.491839226533104e-06
+102081+29075,26.11896604338158,91.70137167571404,built_up,High,32.249115,0.18791184,Cool roof,401310.0,1.0,2.491839226533104e-06
+102081+29076,26.119864359191727,91.70137167576505,built_up,High,33.124237,0.14659847,Cool roof,401310.0,1.0,2.491839226533104e-06
+102081+29077,26.12076267362861,91.70137167578235,built_up,High,31.895782,0.2826942,Cool roof,401310.0,1.0,2.491839226533104e-06
+102081+29078,26.121660989263702,91.70137167576604,built_up,High,30.334991,0.4150258,Cool roof,401310.0,1.0,2.491839226533104e-06
+102081+29083,26.12615256568756,91.70137167563068,cropland,Medium,29.207,0.46579853,Tree cover,334425.0,0.8,2.39216565747178e-06
+102081+29095,26.13693234909526,91.70137167575034,built_up,Medium,27.551178,0.4027661,Cool roof,401310.0,1.0,2.491839226533104e-06
+102081+29096,26.13783066448632,91.70137167557864,built_up,Medium,27.43753,0.40889478,Cool roof,401310.0,1.0,2.491839226533104e-06
+102081+29098,26.13962729502877,91.70137167581184,built_up,Medium,27.617096,0.37719432,Cool roof,401310.0,1.0,2.491839226533104e-06
+102081+29108,26.14861044789616,91.70137167562802,built_up,Medium,27.356903,0.32519582,Cool roof,401310.0,1.0,2.491839226533104e-06
+102081+29109,26.14950876326363,91.70137167569484,built_up,Medium,28.056244,0.40373123,Cool roof,401310.0,1.0,2.491839226533104e-06
+102081+29110,26.15040707825764,91.70137167595388,built_up,Medium,27.336395,0.44431293,Cool roof,401310.0,1.0,2.491839226533104e-06
+102081+29111,26.15130539418612,91.70137167595313,built_up,Medium,27.533325,0.40401766,Cool roof,401310.0,1.0,2.491839226533104e-06
+102081+29112,26.152203708563075,91.70137167591848,built_up,Medium,28.048737,0.39701948,Cool roof,401310.0,1.0,2.491839226533104e-06
+102081+29113,26.153102024421337,91.70137167584993,built_up,Medium,28.10086,0.37598982,Cool roof,401310.0,1.0,2.491839226533104e-06
+102081+29114,26.154000339814058,91.7013716757477,built_up,Medium,28.11139,0.3490238,Cool roof,401310.0,1.0,2.491839226533104e-06
+102081+29115,26.154898654692428,91.70137167583748,built_up,Medium,28.336884,0.39062816,Cool roof,401310.0,1.0,2.491839226533104e-06
+102081+29120,26.159390231001947,91.70137167555367,built_up,High,28.768433,0.2609779,Cool roof,401310.0,1.0,2.491839226533104e-06
+102081+29121,26.160288547168708,91.70137167589232,built_up,High,30.069672,0.19619182,Cool roof,401310.0,1.0,2.491839226533104e-06
+102081+29122,26.161186861603667,91.70137167597136,built_up,High,30.527283,0.3152808,Cool roof,401310.0,1.0,2.491839226533104e-06
+102082+29061,26.1063896290996,91.70226999131329,cropland,Medium,26.458221,0.47431862,Tree cover,334425.0,0.8,2.39216565747178e-06
+102082+29062,26.10728794556652,91.7022699912796,cropland,Medium,27.511963,0.4885368,Tree cover,334425.0,0.8,2.39216565747178e-06
+102082+29063,26.108186259928328,91.7022699912127,cropland,Medium,27.107819,0.46905473,Tree cover,334425.0,0.8,2.39216565747178e-06
+102082+29064,26.10908457557748,91.70226999133796,grassland,Medium,27.329865,0.46910864,Tree cover,334425.0,0.8,2.39216565747178e-06
+102082+29065,26.10998289011247,91.70226999142974,cropland,Medium,27.39859,0.5254924,Tree cover,334425.0,0.8,2.39216565747178e-06
+102082+29068,26.11267783649124,91.70226999150506,cropland,Medium,26.14624,0.45871985,Tree cover,334425.0,0.8,2.39216565747178e-06
+102082+29070,26.114474467032743,91.70226999161385,cropland,Medium,27.166656,0.39362898,Tree cover,334425.0,0.8,2.39216565747178e-06
+102082+29074,26.118067728268667,91.70226999120432,built_up,High,28.548798,0.2085889,Cool roof,401310.0,1.0,2.491839226533104e-06
+102082+29075,26.118966043304336,91.7022699911874,built_up,High,29.072601,0.29004893,Cool roof,401310.0,1.0,2.491839226533104e-06
+102082+29076,26.11986435926967,91.70226999113726,built_up,High,29.224548,0.19763915,Cool roof,401310.0,1.0,2.491839226533104e-06
+102082+29077,26.120762673679483,91.70226999127968,built_up,High,29.168915,0.1800592,Cool roof,401310.0,1.0,2.491839226533104e-06
+102082+29101,26.14232224085372,91.70226999141973,built_up,Medium,27.829803,0.38091907,Cool roof,401310.0,1.0,2.491839226533104e-06
+102082+29108,26.148610447834777,91.7022699914926,built_up,Medium,26.979034,0.33380723,Cool roof,401310.0,1.0,2.491839226533104e-06
+102082+29109,26.14950876335704,91.70226999146551,built_up,Medium,28.08841,0.41849157,Cool roof,401310.0,1.0,2.491839226533104e-06
+102082+29111,26.151305394043234,91.70226999131054,built_up,Medium,27.387238,0.40365747,Cool roof,401310.0,1.0,2.491839226533104e-06
+102082+29112,26.15220370857516,91.70226999118287,built_up,Medium,27.55893,0.36857593,Cool roof,401310.0,1.0,2.491839226533104e-06
+102082+29113,26.15310202458804,91.7022699914733,built_up,Medium,27.765533,0.42088082,Cool roof,401310.0,1.0,2.491839226533104e-06
+102082+29118,26.15759360087932,91.70226999151744,built_up,Medium,28.401215,0.40693662,Cool roof,401310.0,1.0,2.491839226533104e-06
+102082+29119,26.158491915958137,91.70226999160626,built_up,High,28.566864,0.2725405,Cool roof,401310.0,1.0,2.491839226533104e-06
+102082+29120,26.159390231160625,91.7022699914355,built_up,High,28.401001,0.2855896,Cool roof,401310.0,1.0,2.491839226533104e-06
+102082+29121,26.16028854730017,91.70226999145696,built_up,High,29.583862,0.19197606,Cool roof,401310.0,1.0,2.491839226533104e-06
+102082+29122,26.16118686152607,91.70226999144477,built_up,High,29.931244,0.3181585,Cool roof,401310.0,1.0,2.491839226533104e-06
+102082+29123,26.162085177241565,91.70226999139908,built_up,High,29.584442,0.41352633,Cool roof,401310.0,1.0,2.491839226533104e-06
+102083+29061,26.106389629134828,91.70316830633824,cropland,Medium,26.688812,0.4429005,Tree cover,334425.0,0.8,2.39216565747178e-06
+102083+29062,26.10728794539294,91.70316830620033,cropland,Medium,27.049103,0.39923766,Tree cover,334425.0,0.8,2.39216565747178e-06
+102083+29063,26.10818626009204,91.703168306255,cropland,Medium,26.849792,0.39465046,Tree cover,334425.0,0.8,2.39216565747178e-06
+102083+29064,26.109084575532226,91.70316830627664,cropland,Medium,27.071838,0.48962313,Tree cover,334425.0,0.8,2.39216565747178e-06
+102083+29065,26.109982890222405,91.70316830626508,cropland,Medium,26.877014,0.5040065,Tree cover,334425.0,0.8,2.39216565747178e-06
+102083+29066,26.11088120620841,91.70316830644585,cropland,Medium,27.17569,0.4891767,Tree cover,334425.0,0.8,2.39216565747178e-06
+102083+29067,26.111779521171776,91.7031683063678,cropland,Medium,26.650818,0.4644744,Tree cover,334425.0,0.8,2.39216565747178e-06
+102083+29068,26.11267783652052,91.70316830625652,cropland,Medium,26.71466,0.423841,Tree cover,334425.0,0.8,2.39216565747178e-06
+102083+29070,26.114474467190327,91.70316830593428,cropland,Medium,27.400238,0.35395586,Tree cover,334425.0,0.8,2.39216565747178e-06
+102083+29073,26.11716941323564,91.70316830633078,built_up,High,28.141632,0.20586568,Cool roof,401310.0,1.0,2.491839226533104e-06
+102083+29074,26.11806772831873,91.70316830647197,built_up,High,28.554504,0.24307416,Cool roof,401310.0,1.0,2.491839226533104e-06
+102083+29075,26.11896604332768,91.70316830657993,built_up,High,28.468475,0.259797,Cool roof,401310.0,1.0,2.491839226533104e-06
+102083+29076,26.11986435908389,91.7031683064286,built_up,High,28.638214,0.2814292,Cool roof,401310.0,1.0,2.491839226533104e-06
+102083+29077,26.120762673831138,91.70316830624384,built_up,High,28.627228,0.29109666,Cool roof,401310.0,1.0,2.491839226533104e-06
+102083+29095,26.136932349053755,91.70316830626624,built_up,Medium,27.46817,0.45626318,Cool roof,401310.0,1.0,2.491839226533104e-06
+102083+29100,26.14142392596564,91.7031683063656,built_up,High,27.913666,0.31648886,Cool roof,401310.0,1.0,2.491839226533104e-06
+102083+29101,26.14232224072318,91.7031683062855,built_up,Medium,27.722748,0.3930721,Cool roof,401310.0,1.0,2.491839226533104e-06
+102083+29109,26.1495087633747,91.70316830602545,built_up,Medium,27.29245,0.38284442,Cool roof,401310.0,1.0,2.491839226533104e-06
+102083+29110,26.150407078314952,91.70316830609688,built_up,Medium,27.024261,0.40749583,Cool roof,401310.0,1.0,2.491839226533104e-06
+102083+29112,26.15220370869421,91.70316830636575,built_up,Medium,27.277435,0.40241632,Cool roof,401310.0,1.0,2.491839226533104e-06
+102083+29116,26.15579696993085,91.703168306277,built_up,Medium,28.199005,0.3542364,Cool roof,401310.0,1.0,2.491839226533104e-06
+102083+29117,26.156695285685807,91.7031683063408,built_up,Medium,28.165314,0.36113265,Cool roof,401310.0,1.0,2.491839226533104e-06
+102083+29118,26.15759360083646,91.70316830614549,built_up,Medium,28.350037,0.3661385,Cool roof,401310.0,1.0,2.491839226533104e-06
+102083+29119,26.15849191607008,91.7031683061424,built_up,High,28.74533,0.26337123,Cool roof,401310.0,1.0,2.491839226533104e-06
+102083+29120,26.15939023106384,91.70316830633196,built_up,High,28.04007,0.32605594,Cool roof,401310.0,1.0,2.491839226533104e-06
+102083+29128,26.16657675396999,91.70316830641994,built_up,Medium,27.48346,0.38922718,Cool roof,401310.0,1.0,2.491839226533104e-06
+102084+29059,26.10459299871525,91.7040666219889,built_up,Medium,26.589447,0.27536058,Cool roof,401310.0,1.0,2.491839226533104e-06
+102084+29061,26.10638962908607,91.70406662205524,cropland,Medium,26.669525,0.48973176,Tree cover,334425.0,0.8,2.39216565747178e-06
+102084+29062,26.107287945317307,91.7040666220389,cropland,Medium,27.141205,0.4475967,Tree cover,334425.0,0.8,2.39216565747178e-06
+102084+29063,26.10818626017195,91.70406662198954,cropland,Medium,27.290619,0.4361727,Tree cover,334425.0,0.8,2.39216565747178e-06
+102084+29064,26.109084575403514,91.7040666219074,cropland,Medium,27.194672,0.45836988,Tree cover,334425.0,0.8,2.39216565747178e-06
+102084+29065,26.109982890248904,91.70406662179222,cropland,Medium,26.851532,0.45588747,Tree cover,334425.0,0.8,2.39216565747178e-06
+102084+29066,26.11088120620821,91.70406662164405,cropland,Medium,26.548798,0.40224698,Tree cover,334425.0,0.8,2.39216565747178e-06
+102084+29067,26.11177952114504,91.70406662168868,cropland,Medium,26.093292,0.4704835,Tree cover,334425.0,0.8,2.39216565747178e-06
+102084+29069,26.11357615203981,91.70406662190452,built_up,Medium,26.479828,0.37004018,Cool roof,401310.0,1.0,2.491839226533104e-06
+102084+29070,26.11447446708313,91.70406662207591,built_up,Medium,27.609192,0.33185092,Cool roof,401310.0,1.0,2.491839226533104e-06
+102084+29073,26.11716941323057,91.70406662171466,built_up,High,28.011932,0.20558427,Cool roof,401310.0,1.0,2.491839226533104e-06
+102084+29074,26.1180677284692,91.7040666217538,built_up,Medium,27.639832,0.35718057,Cool roof,401310.0,1.0,2.491839226533104e-06
+102084+29075,26.11896604326938,91.70406662176018,built_up,Medium,27.300629,0.36052293,Cool roof,401310.0,1.0,2.491839226533104e-06
+102084+29076,26.11986435918078,91.70406662195936,built_up,High,28.283997,0.31339726,Cool roof,401310.0,1.0,2.491839226533104e-06
+102084+29077,26.120762673719256,91.70406662212557,built_up,Medium,28.361359,0.35859916,Cool roof,401310.0,1.0,2.491839226533104e-06
+102084+29078,26.12166098927354,91.70406662203288,built_up,Medium,27.988617,0.35822797,Cool roof,401310.0,1.0,2.491839226533104e-06
+102084+29079,26.122559304761456,91.7040666219072,built_up,Medium,27.849945,0.36971876,Cool roof,401310.0,1.0,2.491839226533104e-06
+102084+29095,26.13693234900691,91.70406662194937,built_up,Medium,27.848297,0.4033461,Cool roof,401310.0,1.0,2.491839226533104e-06
+102084+29112,26.15220370873805,91.70406662178875,built_up,Medium,26.665009,0.36457962,Cool roof,401310.0,1.0,2.491839226533104e-06
+102084+29113,26.15310202451501,91.70406662166724,built_up,Medium,26.78006,0.3717126,Cool roof,401310.0,1.0,2.491839226533104e-06
+102084+29114,26.15400033946327,91.7040666219643,built_up,Medium,27.18686,0.4022432,Cool roof,401310.0,1.0,2.491839226533104e-06
+102084+29115,26.15489865498855,91.70406662200224,built_up,Medium,27.690552,0.41134286,Cool roof,401310.0,1.0,2.491839226533104e-06
+102084+29116,26.155796970049416,91.70406662200712,built_up,Medium,27.90326,0.37489924,Cool roof,401310.0,1.0,2.491839226533104e-06
+102084+29117,26.15669528559584,91.70406662197882,built_up,Medium,27.924866,0.40428278,Cool roof,401310.0,1.0,2.491839226533104e-06
+102084+29119,26.158491916290213,91.70406662204836,built_up,Medium,28.049316,0.34814093,Cool roof,401310.0,1.0,2.491839226533104e-06
+102084+29120,26.159390230893287,91.70406662192036,built_up,Medium,28.17984,0.4260707,Cool roof,401310.0,1.0,2.491839226533104e-06
+102084+29121,26.16028854716092,91.7040666219852,built_up,High,28.480255,0.33352226,Cool roof,401310.0,1.0,2.491839226533104e-06
+102084+29127,26.16567843829375,91.70406662167768,built_up,Medium,27.568237,0.4022277,Cool roof,401310.0,1.0,2.491839226533104e-06
+102084+29128,26.166576753948867,91.70406662173625,built_up,Medium,27.77539,0.344081,Cool roof,401310.0,1.0,2.491839226533104e-06
+102084+29129,26.167475068455985,91.70406662176156,built_up,Medium,27.750977,0.3564567,Cool roof,401310.0,1.0,2.491839226533104e-06
+102085+29061,26.10638962913525,91.7049649367644,cropland,Medium,27.183533,0.40362492,Tree cover,334425.0,0.8,2.39216565747178e-06
+102085+29062,26.107287945339795,91.70496493686962,cropland,Medium,28.06723,0.4252892,Tree cover,334425.0,0.8,2.39216565747178e-06
+102085+29063,26.10818625998599,91.70496493671624,cropland,Medium,27.839691,0.41226637,Tree cover,334425.0,0.8,2.39216565747178e-06
+102085+29064,26.109084575373107,91.70496493653006,cropland,Medium,27.257385,0.4480788,Tree cover,334425.0,0.8,2.39216565747178e-06
+102085+29065,26.10998289019214,91.70496493653712,cropland,Medium,26.610687,0.35700315,Tree cover,334425.0,0.8,2.39216565747178e-06
+102085+29066,26.11088120630684,91.7049649367372,cropland,Medium,26.036957,0.4322876,Tree cover,334425.0,0.8,2.39216565747178e-06
+102085+29067,26.111779521217137,91.70496493690428,cropland,Medium,25.848785,0.44896373,Tree cover,334425.0,0.8,2.39216565747178e-06
+102085+29071,26.115372782261456,91.70496493679396,built_up,High,28.37851,0.28201082,Cool roof,401310.0,1.0,2.491839226533104e-06
+102085+29072,26.1162710975578,91.7049649367971,built_up,High,28.57785,0.19150425,Cool roof,401310.0,1.0,2.491839226533104e-06
+102085+29073,26.117169413143504,91.70496493676764,built_up,High,28.033905,0.2132388,Cool roof,401310.0,1.0,2.491839226533104e-06
+102085+29075,26.118966043311328,91.70496493683645,built_up,Medium,27.23819,0.38760513,Cool roof,401310.0,1.0,2.491839226533104e-06
+102085+29076,26.11986435919621,91.70496493670842,built_up,High,27.642242,0.29835936,Cool roof,401310.0,1.0,2.491839226533104e-06
+102085+29077,26.120762673708324,91.7049649365478,built_up,Medium,27.55661,0.37359846,Cool roof,401310.0,1.0,2.491839226533104e-06
+102085+29078,26.12166098923591,91.70496493658024,built_up,Medium,27.10672,0.39843306,Cool roof,401310.0,1.0,2.491839226533104e-06
+102085+29100,26.14142392589082,91.70496493688944,built_up,Medium,27.790283,0.41551247,Cool roof,401310.0,1.0,2.491839226533104e-06
+102085+29116,26.155796970275823,91.7049649367284,built_up,Medium,27.818085,0.41833284,Cool roof,401310.0,1.0,2.491839226533104e-06
+102085+29120,26.159390230830944,91.70496493650064,built_up,Medium,28.119171,0.39173773,Cool roof,401310.0,1.0,2.491839226533104e-06
+102085+29121,26.16028854725407,91.70496493647404,built_up,High,29.184967,0.3144306,Cool roof,401310.0,1.0,2.491839226533104e-06
+102085+29128,26.16657675385556,91.70496493672113,built_up,Medium,27.845154,0.38757402,Cool roof,401310.0,1.0,2.491839226533104e-06
+102085+29129,26.167475068517984,91.70496493665694,built_up,High,28.38742,0.25285256,Cool roof,401310.0,1.0,2.491839226533104e-06
+102085+29130,26.16837338398781,91.70496493678588,built_up,Medium,26.749664,0.3310578,Cool roof,401310.0,1.0,2.491839226533104e-06
+102086+29061,26.10638962910012,91.70586325221396,cropland,Medium,27.711212,0.3450239,Tree cover,334425.0,0.8,2.39216565747178e-06
+102086+29062,26.10728794546073,91.70586325221517,cropland,High,28.444061,0.32440874,Green park,1025570.0,2.0,1.9501350468519945e-06
+102086+29063,26.10818625989815,91.7058632524096,cropland,Medium,27.776276,0.43950018,Tree cover,334425.0,0.8,2.39216565747178e-06
+102086+29064,26.10908457544117,91.70586325257123,cropland,Medium,27.21399,0.49507356,Tree cover,334425.0,0.8,2.39216565747178e-06
+102086+29065,26.10998289023385,91.70586325270033,built_up,Medium,26.695557,0.34065858,Cool roof,401310.0,1.0,2.491839226533104e-06
+102086+29066,26.1108812063222,91.705863252571,cropland,Medium,25.963043,0.43657902,Tree cover,334425.0,0.8,2.39216565747178e-06
+102086+29070,26.11447446716785,91.705863252406,built_up,Medium,27.045563,0.34241685,Cool roof,401310.0,1.0,2.491839226533104e-06
+102086+29071,26.11537278232732,91.7058632525659,built_up,High,28.54953,0.26096484,Cool roof,401310.0,1.0,2.491839226533104e-06
+102086+29072,26.116271097597146,91.70586325269323,built_up,High,28.690826,0.17436966,Cool roof,401310.0,1.0,2.491839226533104e-06
+102086+29073,26.11716941297444,91.70586325256178,built_up,High,28.02478,0.26297784,Cool roof,401310.0,1.0,2.491839226533104e-06
+102086+29074,26.11806772852466,91.70586325239772,built_up,Medium,27.6232,0.30237222,Cool roof,401310.0,1.0,2.491839226533104e-06
+102086+29075,26.118966043453696,91.70586325242716,built_up,Medium,27.54599,0.31757548,Cool roof,401310.0,1.0,2.491839226533104e-06
+102086+29076,26.119864358948096,91.70586325242402,built_up,High,27.475403,0.27288204,Cool roof,401310.0,1.0,2.491839226533104e-06
+102086+29077,26.120762673797987,91.7058632523881,built_up,Medium,27.579315,0.349038,Cool roof,401310.0,1.0,2.491839226533104e-06
+102086+29078,26.12166098929924,91.70586325254544,built_up,Medium,26.820343,0.43197462,Cool roof,401310.0,1.0,2.491839226533104e-06
+102086+29120,26.159390230877168,91.705863252499,built_up,Medium,27.78772,0.41188595,Cool roof,401310.0,1.0,2.491839226533104e-06
+102086+29121,26.160288547273616,91.70586325260726,built_up,High,29.065521,0.25556514,Cool roof,401310.0,1.0,2.491839226533104e-06
+102086+29122,26.16118686175676,91.70586325268272,built_up,High,29.615906,0.41546723,Cool roof,401310.0,1.0,2.491839226533104e-06
+102086+29124,26.162983492546527,91.70586325228342,built_up,Medium,28.09845,0.46644154,Cool roof,401310.0,1.0,2.491839226533104e-06
+102086+29125,26.163881807725343,91.7058632522607,built_up,Medium,27.15805,0.3538307,Cool roof,401310.0,1.0,2.491839226533104e-06
+102086+29127,26.165678438269627,91.7058632523426,built_up,High,28.039154,0.3239018,Cool roof,401310.0,1.0,2.491839226533104e-06
+102086+29128,26.166576753689903,91.70586325244764,built_up,High,28.043976,0.32677066,Cool roof,401310.0,1.0,2.491839226533104e-06
+102086+29129,26.16747506868996,91.70586325251966,built_up,High,27.966125,0.20562191,Cool roof,401310.0,1.0,2.491839226533104e-06
+102086+29130,26.168373383951288,91.7058632525589,built_up,Medium,26.578766,0.34212893,Cool roof,401310.0,1.0,2.491839226533104e-06
+102087+29058,26.103694684082143,91.70676156744967,built_up,Medium,26.408722,0.33599997,Cool roof,401310.0,1.0,2.491839226533104e-06
+102087+29061,26.10638962898083,91.70676156733394,built_up,High,28.069366,0.28806445,Cool roof,401310.0,1.0,2.491839226533104e-06
+102087+29063,26.108186259908774,91.70676156754648,cropland,Medium,27.256836,0.4630222,Tree cover,334425.0,0.8,2.39216565747178e-06
+102087+29064,26.10908457542546,91.70676156737848,cropland,Medium,27.285248,0.38728616,Tree cover,334425.0,0.8,2.39216565747178e-06
+102087+29065,26.10998289019213,91.70676156717816,built_up,Medium,27.175385,0.3312986,Cool roof,401310.0,1.0,2.491839226533104e-06
+102087+29066,26.1108812062543,91.70676156717153,built_up,Medium,26.456085,0.35898978,Cool roof,401310.0,1.0,2.491839226533104e-06
+102087+29069,26.113576152030834,91.70676156740872,built_up,Medium,26.34845,0.40106335,Cool roof,401310.0,1.0,2.491839226533104e-06
+102087+29070,26.114474467177526,91.70676156727288,built_up,Medium,27.841034,0.3528121,Cool roof,401310.0,1.0,2.491839226533104e-06
+102087+29071,26.11537278249272,91.70676156733012,built_up,High,29.068054,0.20749488,Cool roof,401310.0,1.0,2.491839226533104e-06
+102087+29072,26.116271097554304,91.7067615673548,built_up,High,28.884003,0.18553808,Cool roof,401310.0,1.0,2.491839226533104e-06
+102087+29073,26.11716941290543,91.70676156734751,built_up,High,28.596466,0.20683531,Cool roof,401310.0,1.0,2.491839226533104e-06
+102087+29074,26.11806772842948,91.70676156730792,built_up,Medium,27.557953,0.33363932,Cool roof,401310.0,1.0,2.491839226533104e-06
+102087+29076,26.11986435898264,91.70676156735747,built_up,Medium,27.214325,0.38711217,Cool roof,401310.0,1.0,2.491839226533104e-06
+102087+29121,26.160288547219725,91.70676156750623,built_up,High,28.498932,0.21506047,Cool roof,401310.0,1.0,2.491839226533104e-06
+102087+29125,26.163881807748645,91.70676156747436,built_up,High,27.617859,0.2914265,Cool roof,401310.0,1.0,2.491839226533104e-06
+102087+29126,26.164780123023828,91.70676156755484,built_up,High,28.128998,0.25011036,Cool roof,401310.0,1.0,2.491839226533104e-06
+102087+29127,26.165678438240096,91.70676156737638,built_up,High,28.395294,0.35263914,Cool roof,401310.0,1.0,2.491839226533104e-06
+102087+29128,26.16657675381621,91.70676156739148,built_up,High,27.74228,0.2171699,Cool roof,401310.0,1.0,2.491839226533104e-06
+102087+29129,26.167475068607786,91.70676156737422,built_up,Medium,26.383179,0.37330377,Cool roof,401310.0,1.0,2.491839226533104e-06
+102088+29059,26.104592998616493,91.70765988301312,built_up,Medium,26.05127,0.3510893,Cool roof,401310.0,1.0,2.491839226533104e-06
+102088+29060,26.105491314392346,91.70765988286963,built_up,Medium,26.259125,0.31142202,Cool roof,401310.0,1.0,2.491839226533104e-06
+102088+29061,26.106389629141724,91.70765988314568,built_up,High,27.338593,0.2571661,Cool roof,401310.0,1.0,2.491839226533104e-06
+102088+29062,26.10728794563225,91.70765988316415,built_up,Medium,27.453003,0.29758528,Cool roof,401310.0,1.0,2.491839226533104e-06
+102088+29063,26.108186259835605,91.70765988292452,built_up,Medium,26.918243,0.35024372,Cool roof,401310.0,1.0,2.491839226533104e-06
+102088+29064,26.10908457532612,91.70765988287856,built_up,Medium,27.277802,0.2917559,Cool roof,401310.0,1.0,2.491839226533104e-06
+102088+29065,26.109982890249054,91.7076598830263,built_up,High,27.380463,0.26877636,Cool roof,401310.0,1.0,2.491839226533104e-06
+102088+29066,26.110881206285235,91.70765988314189,built_up,Medium,26.835724,0.33258483,Cool roof,401310.0,1.0,2.491839226533104e-06
+102088+29070,26.11447446728673,91.70765988305764,built_up,High,28.428436,0.2965873,Cool roof,401310.0,1.0,2.491839226533104e-06
+102088+29071,26.115372782393514,91.7076598830128,built_up,High,28.956696,0.22420955,Cool roof,401310.0,1.0,2.491839226533104e-06
+102088+29072,26.11627109761135,91.70765988293584,built_up,High,28.796661,0.20302173,Cool roof,401310.0,1.0,2.491839226533104e-06
+102088+29073,26.117169412936647,91.7076598830526,built_up,High,28.548279,0.26790553,Cool roof,401310.0,1.0,2.491839226533104e-06
+102088+29074,26.118067728434365,91.707659883137,built_up,Medium,27.662628,0.35776803,Cool roof,401310.0,1.0,2.491839226533104e-06
+102088+29075,26.118966043493646,91.70765988318904,built_up,Medium,27.781189,0.32798856,Cool roof,401310.0,1.0,2.491839226533104e-06
+102088+29076,26.11986435911796,91.70765988320944,built_up,Medium,27.566528,0.31188765,Cool roof,401310.0,1.0,2.491839226533104e-06
+102088+29120,26.159390231112607,91.70765988317198,built_up,Medium,27.490997,0.41816077,Cool roof,401310.0,1.0,2.491839226533104e-06
+102088+29121,26.16028854709257,91.70765988309772,built_up,High,28.523895,0.23234719,Cool roof,401310.0,1.0,2.491839226533104e-06
+102088+29125,26.16388180788105,91.70765988315505,built_up,Medium,27.632599,0.36631188,Cool roof,401310.0,1.0,2.491839226533104e-06
+102088+29126,26.16478012294809,91.70765988314494,built_up,Medium,27.650848,0.36019397,Cool roof,401310.0,1.0,2.491839226533104e-06
+102088+29127,26.16567843813804,91.70765988310268,built_up,High,28.298584,0.30929703,Cool roof,401310.0,1.0,2.491839226533104e-06
+102088+29128,26.16657675387016,91.70765988302786,built_up,Medium,27.621246,0.37404278,Cool roof,401310.0,1.0,2.491839226533104e-06
+102089+29062,26.107287945318863,91.70855819788896,built_up,Medium,26.934052,0.34525862,Cool roof,401310.0,1.0,2.491839226533104e-06
+102089+29069,26.113576152036096,91.7085581982004,built_up,High,27.594482,0.27227715,Cool roof,401310.0,1.0,2.491839226533104e-06
+102089+29070,26.11447446731321,91.7085581980852,built_up,High,28.472076,0.2294456,Cool roof,401310.0,1.0,2.491839226533104e-06
+102089+29071,26.11537278221212,91.7085581979379,built_up,High,28.484772,0.16401537,Cool roof,401310.0,1.0,2.491839226533104e-06
+102089+29072,26.11627109758621,91.7085581977587,built_up,High,28.324493,0.19252974,Cool roof,401310.0,1.0,2.491839226533104e-06
+102089+29073,26.117169413067764,91.7085581977734,built_up,High,28.543121,0.23095638,Cool roof,401310.0,1.0,2.491839226533104e-06
+102089+29074,26.118067728539675,91.70855819798224,built_up,High,28.548859,0.22541618,Cool roof,401310.0,1.0,2.491839226533104e-06
+102089+29075,26.118966043390905,91.70855819793334,built_up,Medium,28.043488,0.33136916,Cool roof,401310.0,1.0,2.491839226533104e-06
+102089+29078,26.121660989184583,91.70855819804622,built_up,Medium,27.023895,0.359302,Cool roof,401310.0,1.0,2.491839226533104e-06
+102089+29104,26.145017186607102,91.70855819819587,built_up,Medium,25.766327,0.33769953,Cool roof,401310.0,1.0,2.491839226533104e-06
+102089+29117,26.156695285488468,91.70855819795014,built_up,Medium,25.935883,0.41146028,Cool roof,401310.0,1.0,2.491839226533104e-06
+102089+29118,26.15759360066312,91.7085581978808,built_up,Medium,26.904724,0.44222793,Cool roof,401310.0,1.0,2.491839226533104e-06
+102089+29120,26.159390230937824,91.70855819787135,built_up,Medium,27.323822,0.44458136,Cool roof,401310.0,1.0,2.491839226533104e-06
+102089+29121,26.160288547256147,91.70855819793177,built_up,High,28.322174,0.33411738,Cool roof,401310.0,1.0,2.491839226533104e-06
+102089+29122,26.161186861660845,91.70855819796,built_up,Medium,29.11966,0.4068118,Cool roof,401310.0,1.0,2.491839226533104e-06
+102089+29127,26.16567843832777,91.70855819807107,built_up,Medium,28.337555,0.35271323,Cool roof,401310.0,1.0,2.491839226533104e-06
+102090+29063,26.10818626016588,91.7094565133118,built_up,Medium,26.129272,0.35615978,Cool roof,401310.0,1.0,2.491839226533104e-06
+102090+29070,26.114474467257,91.70945651335556,built_up,Medium,28.002441,0.33508837,Cool roof,401310.0,1.0,2.491839226533104e-06
+102090+29071,26.115372782130432,91.70945651333182,built_up,High,27.76416,0.24731728,Cool roof,401310.0,1.0,2.491839226533104e-06
+102090+29072,26.11627109766096,91.70945651350242,built_up,High,27.710052,0.29842225,Cool roof,401310.0,1.0,2.491839226533104e-06
+102090+29073,26.117169413116702,91.70945651364111,built_up,Medium,28.059357,0.35596427,Cool roof,401310.0,1.0,2.491839226533104e-06
+102090+29074,26.11806772856332,91.70945651352233,built_up,High,28.619324,0.22780131,Cool roof,401310.0,1.0,2.491839226533104e-06
+102090+29075,26.11896604320651,91.70945651337183,built_up,High,28.085205,0.31609315,Cool roof,401310.0,1.0,2.491839226533104e-06
+102090+29076,26.119864359326066,91.70945651341547,built_up,Medium,27.508759,0.39235303,Cool roof,401310.0,1.0,2.491839226533104e-06
+102090+29121,26.16028854734596,91.70945651345984,built_up,High,28.291107,0.272631,Cool roof,401310.0,1.0,2.491839226533104e-06
+102090+29122,26.161186861542863,91.7094565133966,built_up,Medium,28.612396,0.40001372,Cool roof,401310.0,1.0,2.491839226533104e-06
+102090+29127,26.165678438445138,91.7094565132817,built_up,Medium,28.395844,0.39187416,Cool roof,401310.0,1.0,2.491839226533104e-06
+102091+29062,26.1072879453504,91.71035482864583,built_up,Medium,25.85788,0.45046583,Cool roof,401310.0,1.0,2.491839226533104e-06
+102091+29063,26.10818626020533,91.71035482877156,built_up,Medium,25.659119,0.44283748,Cool roof,401310.0,1.0,2.491839226533104e-06
+102091+29068,26.11267783631951,91.71035482870234,cropland,Medium,27.157562,0.4085529,Tree cover,334425.0,0.8,2.39216565747178e-06
+102091+29071,26.11537278214845,91.71035482864411,built_up,Medium,27.0654,0.28227004,Cool roof,401310.0,1.0,2.491839226533104e-06
+102091+29072,26.11627109783559,91.71035482871244,built_up,Medium,27.153107,0.36323196,Cool roof,401310.0,1.0,2.491839226533104e-06
+102091+29073,26.11716941308381,91.71035482874956,built_up,Medium,27.48935,0.34105045,Cool roof,401310.0,1.0,2.491839226533104e-06
+102091+29074,26.11806772832273,91.71035482852916,built_up,High,28.36493,0.23945221,Cool roof,401310.0,1.0,2.491839226533104e-06
+102091+29075,26.118966043304766,91.7103548285031,built_up,High,28.312408,0.27851763,Cool roof,401310.0,1.0,2.491839226533104e-06
+102091+29076,26.119864359398694,91.7103548286714,built_up,High,27.979858,0.27057675,Cool roof,401310.0,1.0,2.491839226533104e-06
+102091+29077,26.120762673572827,91.71035482858244,built_up,High,28.180328,0.2981652,Cool roof,401310.0,1.0,2.491839226533104e-06
+102091+29107,26.147712132799285,91.71035482887277,built_up,Medium,27.25888,0.37802538,Cool roof,401310.0,1.0,2.491839226533104e-06
+102091+29110,26.1504070782572,91.7103548287399,built_up,Medium,26.832672,0.3325334,Cool roof,401310.0,1.0,2.491839226533104e-06
+102091+29118,26.15759360092322,91.71035482872728,built_up,Medium,25.721222,0.31877723,Cool roof,401310.0,1.0,2.491839226533104e-06
+102091+29119,26.158491916129243,91.71035482866832,built_up,Medium,26.982697,0.39912495,Cool roof,401310.0,1.0,2.491839226533104e-06
+102091+29121,26.16028854718016,91.71035482845508,built_up,High,27.949127,0.2601748,Cool roof,401310.0,1.0,2.491839226533104e-06
+102091+29122,26.161186861715613,91.71035482852692,built_up,Medium,27.95337,0.33959043,Cool roof,401310.0,1.0,2.491839226533104e-06
+102092+29065,26.10998289037021,91.7112531441988,cropland,Medium,27.042389,0.48558235,Tree cover,334425.0,0.8,2.39216565747178e-06
+102092+29066,26.11088120648628,91.71125314412674,cropland,Medium,26.818817,0.44913045,Tree cover,334425.0,0.8,2.39216565747178e-06
+102092+29067,26.111779521034137,91.71125314402325,cropland,Medium,25.720062,0.27426678,Tree cover,334425.0,0.8,2.39216565747178e-06
+102092+29068,26.11267783633084,91.71125314388853,cropland,Medium,26.550446,0.39520127,Tree cover,334425.0,0.8,2.39216565747178e-06
+102092+29069,26.11357615187859,91.71125314394855,cropland,Medium,27.110199,0.31896728,Tree cover,334425.0,0.8,2.39216565747178e-06
+102092+29071,26.115372782083952,91.71125314420092,built_up,Medium,27.00766,0.33113834,Cool roof,401310.0,1.0,2.491839226533104e-06
+102092+29072,26.11627109774598,91.7112531439414,built_up,High,27.153046,0.26181424,Cool roof,401310.0,1.0,2.491839226533104e-06
+102092+29073,26.117169413150982,91.71125314387646,built_up,High,27.506409,0.24836561,Cool roof,401310.0,1.0,2.491839226533104e-06
+102092+29074,26.11806772836445,91.71125314423192,built_up,High,28.323761,0.2442784,Cool roof,401310.0,1.0,2.491839226533104e-06
+102092+29075,26.118966043321368,91.71125314433034,built_up,High,28.718231,0.27870235,Cool roof,401310.0,1.0,2.491839226533104e-06
+102092+29077,26.120762673720936,91.71125314398132,built_up,Medium,27.96762,0.35791528,Cool roof,401310.0,1.0,2.491839226533104e-06
+102092+29110,26.150407078115293,91.71125314409169,built_up,Medium,26.739563,0.28765395,Cool roof,401310.0,1.0,2.491839226533104e-06
+102092+29119,26.15849191612289,91.71125314386394,built_up,Medium,26.64682,0.28775266,Cool roof,401310.0,1.0,2.491839226533104e-06
+102092+29120,26.15939023088164,91.7112531439075,built_up,Medium,27.2305,0.33994353,Cool roof,401310.0,1.0,2.491839226533104e-06
+102092+29121,26.16028854730528,91.71125314414569,built_up,Medium,27.27884,0.3449835,Cool roof,401310.0,1.0,2.491839226533104e-06
+102092+29122,26.161186861633123,91.71125314412672,built_up,Medium,27.517334,0.33997288,Cool roof,401310.0,1.0,2.491839226533104e-06
+102093+29063,26.108186260033023,91.71215145896916,cropland,Medium,26.072205,0.40861025,Tree cover,334425.0,0.8,2.39216565747178e-06
+102093+29065,26.109982890374127,91.71215145916284,cropland,Medium,26.8797,0.4712248,Tree cover,334425.0,0.8,2.39216565747178e-06
+102093+29066,26.11088120628283,91.7121514589874,cropland,Medium,27.061188,0.39436886,Tree cover,334425.0,0.8,2.39216565747178e-06
+102093+29067,26.11177952116974,91.7121514590068,cropland,Medium,26.354034,0.31165457,Tree cover,334425.0,0.8,2.39216565747178e-06
+102093+29068,26.112677836259103,91.71215145922076,built_up,Medium,27.0419,0.29135543,Cool roof,401310.0,1.0,2.491839226533104e-06
+102093+29069,26.11357615196417,91.71215145917787,built_up,High,27.452423,0.24820699,Cool roof,401310.0,1.0,2.491839226533104e-06
+102093+29070,26.114474467321543,91.71215145887815,built_up,High,27.399078,0.2717428,Cool roof,401310.0,1.0,2.491839226533104e-06
+102093+29071,26.11537278230139,91.71215145899926,built_up,High,27.422302,0.23135039,Cool roof,401310.0,1.0,2.491839226533104e-06
+102093+29072,26.116271097574,91.71215145931518,built_up,High,27.60971,0.2263564,Cool roof,401310.0,1.0,2.491839226533104e-06
+102093+29073,26.117169413135976,91.7121514591482,built_up,High,28.292206,0.33954915,Cool roof,401310.0,1.0,2.491839226533104e-06
+102093+29074,26.118067728506578,91.7121514589504,built_up,High,28.351227,0.28977123,Cool roof,401310.0,1.0,2.491839226533104e-06
+102093+29075,26.118966043256,91.7121514589472,built_up,High,28.3154,0.3123203,Cool roof,401310.0,1.0,2.491839226533104e-06
+102093+29086,26.12884751192466,91.71215145889664,built_up,Medium,26.92276,0.35870406,Cool roof,401310.0,1.0,2.491839226533104e-06
+102093+29119,26.15849191604276,91.71215145920507,built_up,Medium,26.365631,0.26796004,Cool roof,401310.0,1.0,2.491839226533104e-06
+102093+29120,26.15939023095824,91.71215145915716,built_up,Medium,26.62259,0.3475951,Cool roof,401310.0,1.0,2.491839226533104e-06
+102093+29121,26.16028854735679,91.71215145907796,built_up,Medium,26.161163,0.35493776,Cool roof,401310.0,1.0,2.491839226533104e-06
+102093+29122,26.16118686147737,91.71215145896754,built_up,Medium,26.018707,0.28319278,Cool roof,401310.0,1.0,2.491839226533104e-06
+102093+29123,26.16208517726936,91.71215145905175,built_up,Medium,26.623383,0.35117745,Cool roof,401310.0,1.0,2.491839226533104e-06
+102093+29124,26.16298349263449,91.71215145910496,built_up,High,27.01477,0.23845418,Cool roof,401310.0,1.0,2.491839226533104e-06
+102093+29125,26.16388180763292,91.71215145912714,built_up,Medium,28.050873,0.37572786,Cool roof,401310.0,1.0,2.491839226533104e-06
+102094+29063,26.108186260185096,91.71304977461033,cropland,Medium,26.236053,0.42057586,Tree cover,334425.0,0.8,2.39216565747178e-06
+102094+29065,26.109982890294432,91.71304977437056,cropland,Medium,26.542328,0.5105182,Tree cover,334425.0,0.8,2.39216565747178e-06
+102094+29066,26.11088120617822,91.7130497743174,cropland,Medium,26.73111,0.42229712,Tree cover,334425.0,0.8,2.39216565747178e-06
+102094+29070,26.114474467117063,91.7130497747004,built_up,High,28.248322,0.258222,Cool roof,401310.0,1.0,2.491839226533104e-06
+102094+29071,26.115372782436463,91.7130497744932,built_up,High,28.00589,0.22598793,Cool roof,401310.0,1.0,2.491839226533104e-06
+102094+29072,26.116271097501745,91.7130497742552,built_up,High,27.964142,0.23855303,Cool roof,401310.0,1.0,2.491839226533104e-06
+102094+29073,26.11716941322104,91.71304977443806,built_up,High,28.534668,0.25829583,Cool roof,401310.0,1.0,2.491839226533104e-06
+102094+29074,26.11806772838465,91.7130497745901,built_up,High,28.157867,0.33135003,Cool roof,401310.0,1.0,2.491839226533104e-06
+102094+29078,26.12166098925172,91.71304977443904,built_up,Medium,27.263947,0.39316037,Cool roof,401310.0,1.0,2.491839226533104e-06
+102094+29079,26.12255930502858,91.71304977443708,built_up,Medium,27.613922,0.4165399,Cool roof,401310.0,1.0,2.491839226533104e-06
+102094+29086,26.128847511867445,91.71304977468932,built_up,Medium,27.297882,0.36309606,Cool roof,401310.0,1.0,2.491839226533104e-06
+102094+29113,26.15310202457134,91.71304977452468,built_up,Medium,25.794128,0.3990472,Cool roof,401310.0,1.0,2.491839226533104e-06
+102094+29120,26.15939023096123,91.71304977465044,built_up,Medium,25.996002,0.39341483,Cool roof,401310.0,1.0,2.491839226533104e-06
+102094+29122,26.16118686161236,91.71304977450424,built_up,Medium,25.768494,0.29847562,Cool roof,401310.0,1.0,2.491839226533104e-06
+102094+29123,26.16208517719709,91.71304977449785,built_up,Medium,26.473236,0.2336146,Cool roof,401310.0,1.0,2.491839226533104e-06
+102094+29124,26.16298349271931,91.71304977446025,built_up,Medium,26.984558,0.31623232,Cool roof,401310.0,1.0,2.491839226533104e-06
+102094+29125,26.163881807692825,91.71304977461772,built_up,Medium,27.256866,0.2907949,Cool roof,401310.0,1.0,2.491839226533104e-06
+102095+29070,26.114474467194363,91.71394808978988,built_up,High,29.246033,0.1869763,Cool roof,401310.0,1.0,2.491839226533104e-06
+102095+29071,26.115372782306768,91.71394808993207,built_up,High,28.69394,0.1886465,Cool roof,401310.0,1.0,2.491839226533104e-06
+102095+29072,26.11627109752954,91.71394809004369,built_up,High,28.029205,0.23971047,Cool roof,401310.0,1.0,2.491839226533104e-06
+102095+29073,26.117169413224083,91.7139480898991,built_up,High,28.162445,0.3286905,Cool roof,401310.0,1.0,2.491839226533104e-06
+102095+29085,26.127949196212025,91.71394808983992,built_up,Medium,26.603668,0.35432985,Cool roof,401310.0,1.0,2.491839226533104e-06
+102095+29086,26.128847511730555,91.71394808974898,built_up,Medium,27.47342,0.40951487,Cool roof,401310.0,1.0,2.491839226533104e-06
+102095+29124,26.162983492731072,91.71394808998612,built_up,Medium,26.569061,0.2615267,Cool roof,401310.0,1.0,2.491839226533104e-06
+102095+29125,26.163881807680013,91.71394808982733,built_up,Medium,27.175323,0.2999989,Cool roof,401310.0,1.0,2.491839226533104e-06
+102096+29085,26.127949196202223,91.71484640514498,built_up,Medium,26.546356,0.37184775,Cool roof,401310.0,1.0,2.491839226533104e-06
+102096+29086,26.128847511696023,91.71484640518092,built_up,Medium,27.342377,0.45295423,Cool roof,401310.0,1.0,2.491839226533104e-06
+102096+29125,26.163881807594137,91.71484640518298,built_up,Medium,26.052643,0.19714946,Cool roof,401310.0,1.0,2.491839226533104e-06
+102096+29126,26.1647801230047,91.71484640512892,built_up,Medium,26.319855,0.29890355,Cool roof,401310.0,1.0,2.491839226533104e-06
+102096+29132,26.17017001471645,91.71484640529332,built_up,Medium,25.415314,0.27925575,Cool roof,401310.0,1.0,2.491839226533104e-06
+102097+29078,26.121660989192225,91.71574472031614,built_up,High,28.302155,0.33805564,Cool roof,401310.0,1.0,2.491839226533104e-06
+102097+29079,26.12255930489521,91.71574472023848,built_up,High,29.291168,0.36648524,Cool roof,401310.0,1.0,2.491839226533104e-06
+102097+29085,26.127949196112404,91.71574472026693,built_up,Medium,26.58664,0.3560783,Cool roof,401310.0,1.0,2.491839226533104e-06
+102097+29123,26.16208517708819,91.71574472032692,built_up,Medium,24.776123,0.2675861,Cool roof,401310.0,1.0,2.491839226533104e-06
+102097+29124,26.162983492535886,91.71574472024342,built_up,Medium,25.272186,0.3320105,Cool roof,401310.0,1.0,2.491839226533104e-06
+102097+29125,26.163881807799537,91.71574472035569,built_up,Medium,25.723663,0.2068965,Cool roof,401310.0,1.0,2.491839226533104e-06
+102097+29126,26.16478012282156,91.7157447204374,built_up,Medium,26.318695,0.2228028,Cool roof,401310.0,1.0,2.491839226533104e-06
+102097+29132,26.17017001493216,91.71574472029027,built_up,Medium,25.51886,0.25430265,Cool roof,401310.0,1.0,2.491839226533104e-06
+102098+29078,26.121660989374227,91.71664303588123,built_up,High,28.916656,0.3091681,Cool roof,401310.0,1.0,2.491839226533104e-06
+102098+29079,26.12255930468872,91.71664303592851,built_up,High,29.315643,0.3413524,Cool roof,401310.0,1.0,2.491839226533104e-06
+102098+29085,26.1279491961246,91.71664303581043,built_up,Medium,27.19986,0.33647272,Cool roof,401310.0,1.0,2.491839226533104e-06
+102098+29086,26.12884751211593,91.7166430358739,built_up,Medium,27.391205,0.42011082,Cool roof,401310.0,1.0,2.491839226533104e-06
+102098+29119,26.15849191617256,91.71664303604604,built_up,Medium,25.02353,0.40158334,Cool roof,401310.0,1.0,2.491839226533104e-06
+102098+29120,26.159390230782734,91.7166430359921,built_up,Medium,25.169952,0.3788081,Cool roof,401310.0,1.0,2.491839226533104e-06
+102098+29123,26.16208517708761,91.71664303565026,built_up,Medium,24.828522,0.34848645,Cool roof,401310.0,1.0,2.491839226533104e-06
+102098+29125,26.163881807932217,91.71664303572356,built_up,Medium,24.908112,0.2598887,Cool roof,401310.0,1.0,2.491839226533104e-06
+102098+29126,26.164780122747864,91.7166430357151,built_up,Medium,25.99942,0.24651346,Cool roof,401310.0,1.0,2.491839226533104e-06
+102099+29079,26.122559304765584,91.71754135086287,built_up,High,28.970978,0.35933086,Cool roof,401310.0,1.0,2.491839226533104e-06
+102099+29080,26.12345761995113,91.71754135078037,built_up,High,29.22519,0.40861407,Cool roof,401310.0,1.0,2.491839226533104e-06
+102099+29084,26.127050881110463,91.7175413508289,built_up,Medium,27.445282,0.3948316,Cool roof,401310.0,1.0,2.491839226533104e-06
+102099+29085,26.12794919623898,91.71754135082308,built_up,Medium,27.726776,0.33623213,Cool roof,401310.0,1.0,2.491839226533104e-06
+102099+29086,26.12884751202424,91.71754135078778,built_up,Medium,27.778412,0.37114933,Cool roof,401310.0,1.0,2.491839226533104e-06
+102099+29126,26.16478012278363,91.71754135091356,built_up,Medium,26.106659,0.27510756,Cool roof,401310.0,1.0,2.491839226533104e-06
+102099+29127,26.16567843842613,91.71754135101092,built_up,Medium,26.749725,0.33938447,Cool roof,401310.0,1.0,2.491839226533104e-06
+102100+29080,26.12345761992304,91.71843966653611,built_up,High,29.279694,0.3590832,Cool roof,401310.0,1.0,2.491839226533104e-06
+102100+29084,26.1270508809868,91.71843966663722,built_up,Medium,28.253387,0.35912848,Cool roof,401310.0,1.0,2.491839226533104e-06
+102100+29085,26.1279491962735,91.71843966653245,built_up,Medium,27.686646,0.32691622,Cool roof,401310.0,1.0,2.491839226533104e-06
+102100+29086,26.128847511853024,91.71843966639815,built_up,High,27.534088,0.285472,Cool roof,401310.0,1.0,2.491839226533104e-06
+102100+29087,26.129745827057462,91.7184396662342,built_up,Medium,27.679932,0.34508145,Cool roof,401310.0,1.0,2.491839226533104e-06
+102100+29088,26.1306441420156,91.7184396662664,built_up,Medium,27.972809,0.34906518,Cool roof,401310.0,1.0,2.491839226533104e-06
+102100+29089,26.131542457404283,91.71843966626912,built_up,Medium,28.217987,0.34286335,Cool roof,401310.0,1.0,2.491839226533104e-06
+102100+29123,26.162085177230725,91.7184396663834,built_up,Medium,25.074463,0.40315342,Cool roof,401310.0,1.0,2.491839226533104e-06
+102100+29125,26.163881807797075,91.71843966632042,built_up,Medium,25.243195,0.28172618,Cool roof,401310.0,1.0,2.491839226533104e-06
+102100+29127,26.165678438547346,91.71843966636456,built_up,Medium,25.818573,0.3314354,Cool roof,401310.0,1.0,2.491839226533104e-06
+102100+29134,26.171966645270626,91.71843966648797,grassland,High,29.033295,0.23850651,Green park,1025570.0,2.0,1.9501350468519945e-06
+102101+29080,26.12345761999608,91.71933798133534,built_up,High,29.79837,0.19300029,Cool roof,401310.0,1.0,2.491839226533104e-06
+102101+29081,26.1243559352434,91.71933798124844,built_up,High,29.57431,0.27668,Cool roof,401310.0,1.0,2.491839226533104e-06
+102101+29083,26.126152565684738,91.71933798143868,built_up,High,29.575653,0.24562569,Cool roof,401310.0,1.0,2.491839226533104e-06
+102101+29084,26.12705088096513,91.7193379814896,built_up,High,29.305573,0.27096692,Cool roof,401310.0,1.0,2.491839226533104e-06
+102101+29085,26.12794919622816,91.71933798151127,built_up,High,28.087067,0.28791603,Cool roof,401310.0,1.0,2.491839226533104e-06
+102101+29086,26.12884751178385,91.71933798150349,built_up,Medium,27.475555,0.3335655,Cool roof,401310.0,1.0,2.491839226533104e-06
+102101+29087,26.129745826964605,91.7193379814664,built_up,Medium,27.823273,0.3150594,Cool roof,401310.0,1.0,2.491839226533104e-06
+102101+29088,26.1306441420811,91.71933798140029,built_up,High,28.41922,0.28450197,Cool roof,401310.0,1.0,2.491839226533104e-06
+102101+29089,26.13154245744596,91.71933798153054,built_up,High,28.413055,0.29818755,Cool roof,401310.0,1.0,2.491839226533104e-06
+102101+29123,26.162085177192573,91.71933798159289,built_up,Medium,24.329437,0.34441373,Cool roof,401310.0,1.0,2.491839226533104e-06
+102101+29124,26.16298349254419,91.71933798159836,built_up,Medium,25.543121,0.2802186,Cool roof,401310.0,1.0,2.491839226533104e-06
+102101+29125,26.163881807893247,91.7193379815744,built_up,Medium,25.652466,0.22703989,Cool roof,401310.0,1.0,2.491839226533104e-06
+102101+29126,26.16478012281936,91.71933798174707,built_up,Medium,25.506012,0.307296,Cool roof,401310.0,1.0,2.491839226533104e-06
+102101+29127,26.165678438413845,91.71933798166437,built_up,Medium,25.596039,0.28381974,Cool roof,401310.0,1.0,2.491839226533104e-06
+102101+29128,26.16657675382219,91.71933798155194,built_up,Medium,26.502014,0.29329824,Cool roof,401310.0,1.0,2.491839226533104e-06
+102101+29130,26.168373384059727,91.7193379812395,built_up,Medium,25.617828,0.32457456,Cool roof,401310.0,1.0,2.491839226533104e-06
+102101+29134,26.171966645152605,91.71933798161577,cropland,High,29.881744,0.222174,Green park,1025570.0,2.0,1.9501350468519945e-06
+102102+29080,26.12345761998836,91.72023629675846,built_up,High,29.115631,0.2920256,Cool roof,401310.0,1.0,2.491839226533104e-06
+102102+29081,26.124355935212176,91.7202362967971,built_up,High,29.504364,0.30612263,Cool roof,401310.0,1.0,2.491839226533104e-06
+102102+29082,26.125254250827627,91.72023629658064,built_up,High,30.219025,0.16641396,Cool roof,401310.0,1.0,2.491839226533104e-06
+102102+29083,26.12615256578858,91.7202362965612,built_up,High,30.184937,0.22321166,Cool roof,401310.0,1.0,2.491839226533104e-06
+102102+29084,26.127050881045303,91.72023629673856,built_up,High,29.680359,0.26051006,Cool roof,401310.0,1.0,2.491839226533104e-06
+102102+29085,26.12794919610296,91.72023629666104,built_up,High,28.627228,0.21054995,Cool roof,401310.0,1.0,2.491839226533104e-06
+102102+29086,26.12884751181685,91.72023629655448,built_up,High,27.809906,0.29030508,Cool roof,401310.0,1.0,2.491839226533104e-06
+102102+29087,26.12974582697429,91.72023629664452,built_up,High,28.157135,0.28322402,Cool roof,401310.0,1.0,2.491839226533104e-06
+102102+29088,26.13064414206729,91.72023629670552,built_up,High,28.592194,0.31526783,Cool roof,401310.0,1.0,2.491839226533104e-06
+102102+29124,26.162983492409307,91.72023629666316,built_up,Medium,25.050812,0.24137501,Cool roof,401310.0,1.0,2.491839226533104e-06
+102102+29125,26.1638818079167,91.72023629654882,built_up,Medium,25.746643,0.21514153,Cool roof,401310.0,1.0,2.491839226533104e-06
+102102+29126,26.164780122819327,91.7202362964052,built_up,Medium,25.662994,0.2889589,Cool roof,401310.0,1.0,2.491839226533104e-06
+102102+29127,26.16567843838997,91.72023629645824,built_up,Medium,26.187805,0.2612741,Cool roof,401310.0,1.0,2.491839226533104e-06
+102102+29128,26.16657675377484,91.72023629648224,built_up,Medium,26.816925,0.24243644,Cool roof,401310.0,1.0,2.491839226533104e-06
+102102+29129,26.16747506855732,91.72023629670292,built_up,Medium,26.732544,0.27552122,Cool roof,401310.0,1.0,2.491839226533104e-06
+102102+29130,26.16837338396488,91.72023629689409,built_up,Medium,27.192352,0.31113103,Cool roof,401310.0,1.0,2.491839226533104e-06
+102102+29131,26.16927169977091,91.72023629660416,built_up,Medium,26.844208,0.39695942,Cool roof,401310.0,1.0,2.491839226533104e-06
+102102+29132,26.170170014755584,91.72023629651112,cropland,High,28.519073,0.25812972,Green park,1025570.0,2.0,1.9501350468519945e-06
+102102+29133,26.17106832995364,91.720236296389,cropland,High,30.341278,0.119973145,Green park,1025570.0,2.0,1.9501350468519945e-06
+102102+29134,26.17196664532726,91.72023629646336,grassland,High,30.498383,0.19893518,Green park,1025570.0,2.0,1.9501350468519945e-06
+102103+29081,26.124355935100223,91.72113461213922,built_up,High,29.184723,0.27628323,Cool roof,401310.0,1.0,2.491839226533104e-06
+102103+29082,26.12525425087441,91.7211346122748,built_up,High,29.574005,0.1985671,Cool roof,401310.0,1.0,2.491839226533104e-06
+102103+29083,26.12615256563016,91.72113461215577,built_up,High,29.271759,0.28143805,Cool roof,401310.0,1.0,2.491839226533104e-06
+102103+29084,26.12705088122749,91.72113461200787,built_up,High,28.822723,0.30321953,Cool roof,401310.0,1.0,2.491839226533104e-06
+102103+29085,26.127949196079783,91.72113461228264,built_up,High,28.489197,0.23830116,Cool roof,401310.0,1.0,2.491839226533104e-06
+102103+29086,26.128847511770186,91.72113461230256,built_up,High,27.899597,0.26671904,Cool roof,401310.0,1.0,2.491839226533104e-06
+102103+29087,26.12974582708652,91.72113461229388,built_up,High,28.116821,0.28493637,Cool roof,401310.0,1.0,2.491839226533104e-06
+102103+29088,26.13064414197399,91.72113461225636,built_up,High,28.453033,0.26623532,Cool roof,401310.0,1.0,2.491839226533104e-06
+102103+29089,26.13154245765594,91.7211346121898,built_up,High,28.422913,0.24181312,Cool roof,401310.0,1.0,2.491839226533104e-06
+102103+29090,26.132440772504097,91.72113461209442,built_up,High,28.682098,0.32450798,Cool roof,401310.0,1.0,2.491839226533104e-06
+102103+29093,26.135135718851004,91.72113461208686,built_up,Medium,28.066864,0.38233972,Cool roof,401310.0,1.0,2.491839226533104e-06
+102103+29096,26.13783066449349,91.72113461204496,built_up,High,28.687378,0.32942447,Cool roof,401310.0,1.0,2.491839226533104e-06
+102103+29114,26.154000339643087,91.72113461220054,built_up,Medium,25.910004,0.3507748,Cool roof,401310.0,1.0,2.491839226533104e-06
+102103+29124,26.16298349238336,91.72113461219868,built_up,Medium,24.511383,0.22791071,Cool roof,401310.0,1.0,2.491839226533104e-06
+102103+29125,26.163881807867607,91.72113461221986,built_up,Medium,25.581696,0.32569408,Cool roof,401310.0,1.0,2.491839226533104e-06
+102103+29126,26.1647801227464,91.721134612212,built_up,Medium,25.751373,0.25667545,Cool roof,401310.0,1.0,2.491839226533104e-06
+102103+29127,26.165678438475904,91.7211346121751,built_up,Medium,26.260956,0.23372564,Cool roof,401310.0,1.0,2.491839226533104e-06
+102103+29128,26.16657675365529,91.7211346121094,built_up,High,27.25354,0.23410203,Cool roof,401310.0,1.0,2.491839226533104e-06
+102103+29129,26.167475068778103,91.72113461201442,built_up,Medium,27.060394,0.27066916,Cool roof,401310.0,1.0,2.491839226533104e-06
+102103+29130,26.1683733839802,91.72113461211632,built_up,High,27.339142,0.19953045,Cool roof,401310.0,1.0,2.491839226533104e-06
+102103+29131,26.16927169958093,91.7211346121894,built_up,Medium,27.00534,0.27174577,Cool roof,401310.0,1.0,2.491839226533104e-06
+102103+29132,26.1701700149061,91.72113461223344,cropland,Medium,27.054535,0.44908264,Tree cover,334425.0,0.8,2.39216565747178e-06
+102103+29133,26.1710683297167,91.72113461224824,grassland,High,29.418365,0.13195398,Green park,1025570.0,2.0,1.9501350468519945e-06
+102103+29134,26.171966645430626,91.72113461200804,grassland,High,30.70987,0.14753634,Green park,1025570.0,2.0,1.9501350468519945e-06
+102104+29082,26.12525425102301,91.72203292744014,built_up,High,28.931793,0.20691755,Cool roof,401310.0,1.0,2.491839226533104e-06
+102104+29083,26.126152565391177,91.72203292744707,built_up,High,28.747833,0.26722634,Cool roof,401310.0,1.0,2.491839226533104e-06
+102104+29084,26.1270508811476,91.72203292719938,built_up,High,28.616852,0.2444929,Cool roof,401310.0,1.0,2.491839226533104e-06
+102104+29085,26.12794919634068,91.72203292714912,built_up,High,28.136871,0.24708529,Cool roof,401310.0,1.0,2.491839226533104e-06
+102104+29086,26.12884751164401,91.72203292729634,built_up,High,27.914581,0.25263998,Cool roof,401310.0,1.0,2.491839226533104e-06
+102104+29087,26.12974582711908,91.72203292718888,cropland,High,27.925964,0.3168749,Green park,1025570.0,2.0,1.9501350468519945e-06
+102104+29088,26.13064414180118,91.72203292705242,built_up,High,28.139374,0.27164057,Cool roof,401310.0,1.0,2.491839226533104e-06
+102104+29090,26.13244077246706,91.72203292737169,built_up,High,28.508514,0.24393554,Cool roof,401310.0,1.0,2.491839226533104e-06
+102104+29091,26.1333390882282,91.72203292760112,built_up,High,28.41922,0.33667764,Cool roof,401310.0,1.0,2.491839226533104e-06
+102104+29092,26.134237403062688,91.7220329275761,built_up,Medium,28.195465,0.36642691,Cool roof,401310.0,1.0,2.491839226533104e-06
+102104+29093,26.135135718926417,91.72203292752248,built_up,High,28.400543,0.3081698,Cool roof,401310.0,1.0,2.491839226533104e-06
+102104+29094,26.136034034266263,91.72203292744028,built_up,High,28.528107,0.3523716,Cool roof,401310.0,1.0,2.491839226533104e-06
+102104+29096,26.137830664499475,91.72203292741528,built_up,High,29.811005,0.20631349,Cool roof,401310.0,1.0,2.491839226533104e-06
+102104+29097,26.1387289799698,91.7220329274727,built_up,High,29.244598,0.27953538,Cool roof,401310.0,1.0,2.491839226533104e-06
+102104+29114,26.154000339594944,91.72203292722035,built_up,Medium,25.5065,0.3744033,Cool roof,401310.0,1.0,2.491839226533104e-06
+102104+29125,26.16388180792761,91.72203292736228,built_up,Medium,25.048065,0.33903715,Cool roof,401310.0,1.0,2.491839226533104e-06
+102104+29126,26.164780122782933,91.72203292748998,built_up,Medium,25.500275,0.23060673,Cool roof,401310.0,1.0,2.491839226533104e-06
+102104+29127,26.16567843830731,91.72203292736292,built_up,Medium,25.967804,0.20053785,Cool roof,401310.0,1.0,2.491839226533104e-06
+102104+29128,26.16657675382738,91.722032927433,built_up,High,26.844666,0.17326842,Cool roof,401310.0,1.0,2.491839226533104e-06
+102104+29129,26.167475068562908,91.72203292747444,built_up,High,26.76239,0.21968506,Cool roof,401310.0,1.0,2.491839226533104e-06
+102104+29130,26.168373384105664,91.72203292726115,built_up,Medium,26.816315,0.29418778,Cool roof,401310.0,1.0,2.491839226533104e-06
+102104+29131,26.169271699501287,91.72203292724495,built_up,Medium,26.516174,0.24450313,Cool roof,401310.0,1.0,2.491839226533104e-06
+102104+29134,26.17196664528108,91.72203292747554,grassland,High,30.44159,0.12200594,Green park,1025570.0,2.0,1.9501350468519945e-06
+102105+29083,26.126152565436087,91.72293124253214,built_up,Medium,28.068878,0.43074453,Cool roof,401310.0,1.0,2.491839226533104e-06
+102105+29084,26.127050880987653,91.72293124263716,built_up,High,28.157135,0.3228554,Cool roof,401310.0,1.0,2.491839226533104e-06
+102105+29085,26.127949196339475,91.7229312424875,built_up,High,27.89914,0.23429152,Cool roof,401310.0,1.0,2.491839226533104e-06
+102105+29086,26.12884751180224,91.72293124253513,built_up,High,27.834747,0.28517956,Cool roof,401310.0,1.0,2.491839226533104e-06
+102105+29087,26.12974582688991,91.72293124255457,built_up,High,27.87741,0.3088486,Cool roof,401310.0,1.0,2.491839226533104e-06
+102105+29088,26.13064414191315,91.72293124254564,built_up,High,28.133087,0.2766651,Cool roof,401310.0,1.0,2.491839226533104e-06
+102105+29090,26.132440772533105,91.72293124221676,built_up,High,27.723663,0.3027893,Cool roof,401310.0,1.0,2.491839226533104e-06
+102105+29091,26.13333908845315,91.72293124234837,built_up,High,28.271942,0.29996732,Cool roof,401310.0,1.0,2.491839226533104e-06
+102105+29092,26.13423740308263,91.7229312426772,built_up,High,28.648102,0.2660549,Cool roof,401310.0,1.0,2.491839226533104e-06
+102105+29093,26.135135718741367,91.72293124252596,built_up,High,29.195648,0.26513836,Cool roof,401310.0,1.0,2.491839226533104e-06
+102105+29094,26.13603403424028,91.72293124234632,built_up,High,28.686737,0.28637218,Cool roof,401310.0,1.0,2.491839226533104e-06
+102105+29095,26.136932349091627,91.72293124259004,built_up,High,28.329315,0.32048345,Cool roof,401310.0,1.0,2.491839226533104e-06
+102105+29096,26.13783066442724,91.7229312425793,built_up,High,29.136688,0.23043452,Cool roof,401310.0,1.0,2.491839226533104e-06
+102105+29097,26.1387289800568,91.72293124254018,built_up,High,28.582397,0.27360103,Cool roof,401310.0,1.0,2.491839226533104e-06
+102105+29099,26.14052561023234,91.72293124260248,built_up,Medium,27.801483,0.31691056,Cool roof,401310.0,1.0,2.491839226533104e-06
+102105+29114,26.15400033947196,91.72293124248588,built_up,Medium,24.838593,0.31664076,Cool roof,401310.0,1.0,2.491839226533104e-06
+102105+29126,26.164780122929088,91.72293124233548,built_up,Medium,24.900177,0.26964277,Cool roof,401310.0,1.0,2.491839226533104e-06
+102105+29127,26.16567843824818,91.72293124257054,built_up,Medium,25.613373,0.2560014,Cool roof,401310.0,1.0,2.491839226533104e-06
+102105+29128,26.16657675392711,91.72293124255089,built_up,Medium,26.325043,0.32001826,Cool roof,401310.0,1.0,2.491839226533104e-06
+102105+29129,26.1674750684577,91.72293124250264,built_up,Medium,26.553131,0.3384985,Cool roof,401310.0,1.0,2.491839226533104e-06
+102105+29130,26.168373383977325,91.72293124242596,built_up,High,26.881256,0.18358964,Cool roof,401310.0,1.0,2.491839226533104e-06
+102105+29131,26.16927169971361,91.72293124254644,built_up,Medium,26.428467,0.3075194,Cool roof,401310.0,1.0,2.491839226533104e-06
+102105+29134,26.17196664524239,91.72293124251074,grassland,High,29.56424,0.13082826,Green park,1025570.0,2.0,1.9501350468519945e-06
+102106+29092,26.13423740320601,91.72382955770132,built_up,High,28.10733,0.3110794,Cool roof,401310.0,1.0,2.491839226533104e-06
+102106+29093,26.135135718659747,91.72382955790437,built_up,High,28.560883,0.26210088,Cool roof,401310.0,1.0,2.491839226533104e-06
+102106+29094,26.13603403431792,91.72382955807905,built_up,High,28.13089,0.28691974,Cool roof,401310.0,1.0,2.491839226533104e-06
+102106+29095,26.13693234914648,91.72382955799972,built_up,High,27.805328,0.2933632,Cool roof,401310.0,1.0,2.491839226533104e-06
+102106+29096,26.13783066445913,91.72382955811808,built_up,High,28.176788,0.2937965,Cool roof,401310.0,1.0,2.491839226533104e-06
+102106+29097,26.13872897988406,91.72382955798244,built_up,Medium,27.96164,0.35585877,Cool roof,401310.0,1.0,2.491839226533104e-06
+102106+29098,26.1396272950263,91.7238295578184,built_up,Medium,27.746979,0.35465837,Cool roof,401310.0,1.0,2.491839226533104e-06
+102106+29099,26.14052561019572,91.72382955807772,built_up,Medium,27.648193,0.35353377,Cool roof,401310.0,1.0,2.491839226533104e-06
+102106+29100,26.14142392593582,91.7238295583089,built_up,Medium,27.734497,0.40900335,Cool roof,401310.0,1.0,2.491839226533104e-06
+102106+29126,26.164780123002533,91.72382955823336,built_up,Medium,24.110992,0.2819077,Cool roof,401310.0,1.0,2.491839226533104e-06
+102106+29127,26.165678438298848,91.72382955815236,built_up,Medium,25.244232,0.21175103,Cool roof,401310.0,1.0,2.491839226533104e-06
+102106+29128,26.166576753772496,91.72382955804297,built_up,Medium,26.04715,0.20356698,Cool roof,401310.0,1.0,2.491839226533104e-06
+102106+29129,26.16747506864428,91.7238295581309,built_up,Medium,26.597748,0.33218867,Cool roof,401310.0,1.0,2.491839226533104e-06
+102106+29130,26.16837338377716,91.7238295581907,built_up,High,27.18814,0.1950007,Cool roof,401310.0,1.0,2.491839226533104e-06
+102106+29131,26.169271699854296,91.7238295579964,built_up,High,27.377228,0.21464647,Cool roof,401310.0,1.0,2.491839226533104e-06
+102106+29132,26.170170014746294,91.72382955799964,built_up,Medium,26.520935,0.26630285,Cool roof,401310.0,1.0,2.491839226533104e-06
+102107+29093,26.13513571886377,91.72472787350446,built_up,High,27.970978,0.26140848,Cool roof,401310.0,1.0,2.491839226533104e-06
+102107+29094,26.13603403413526,91.72472787335629,built_up,High,27.782135,0.2297447,Cool roof,401310.0,1.0,2.491839226533104e-06
+102107+29095,26.13693234912308,91.72472787317996,built_up,High,27.880035,0.27352792,Cool roof,401310.0,1.0,2.491839226533104e-06
+102107+29096,26.137830664595167,91.72472787320136,built_up,High,28.230713,0.27149516,Cool roof,401310.0,1.0,2.491839226533104e-06
+102107+29097,26.13872897981528,91.72472787342048,built_up,High,28.318146,0.27813458,Cool roof,401310.0,1.0,2.491839226533104e-06
+102107+29098,26.13962729511696,91.72472787361166,built_up,High,28.051544,0.29401818,Cool roof,401310.0,1.0,2.491839226533104e-06
+102107+29099,26.14052561008173,91.72472787332336,built_up,High,27.831787,0.28413606,Cool roof,401310.0,1.0,2.491839226533104e-06
+102107+29100,26.14142392598109,91.72472787300693,built_up,Medium,27.439056,0.32925367,Cool roof,401310.0,1.0,2.491839226533104e-06
+102107+29105,26.145915501808457,91.7247278734883,built_up,Medium,27.068634,0.36945027,Cool roof,401310.0,1.0,2.491839226533104e-06
+102107+29107,26.14771213282185,91.72472787316812,built_up,Medium,27.899872,0.3785116,Cool roof,401310.0,1.0,2.491839226533104e-06
+102107+29127,26.16567843827681,91.72472787305264,built_up,Medium,25.204681,0.2574279,Cool roof,401310.0,1.0,2.491839226533104e-06
+102107+29128,26.166576753909844,91.72472787330516,built_up,High,25.936646,0.16513015,Cool roof,401310.0,1.0,2.491839226533104e-06
+102107+29129,26.16747506857688,91.72472787330403,built_up,High,26.60138,0.16765526,Cool roof,401310.0,1.0,2.491839226533104e-06
+102107+29130,26.1683733838688,91.72472787327432,built_up,High,26.93155,0.24573416,Cool roof,401310.0,1.0,2.491839226533104e-06
+102107+29131,26.169271699741525,91.7247278734424,built_up,High,27.215363,0.21449254,Cool roof,401310.0,1.0,2.491839226533104e-06
+102107+29132,26.17017001479256,91.72472787335658,built_up,High,26.954437,0.24016024,Cool roof,401310.0,1.0,2.491839226533104e-06
+102107+29133,26.1710683300568,91.7247278732426,built_up,High,26.745392,0.14394172,Cool roof,401310.0,1.0,2.491839226533104e-06
+102107+29134,26.17196664513297,91.72472787332622,bare_sparse,High,27.425812,0.27761164,Green park,1025570.0,2.0,1.9501350468519945e-06
+102108+29095,26.136932349021613,91.72562618855795,built_up,High,28.28711,0.29683372,Cool roof,401310.0,1.0,2.491839226533104e-06
+102108+29096,26.13783066465313,91.72562618848258,built_up,High,28.268097,0.2888185,Cool roof,401310.0,1.0,2.491839226533104e-06
+102108+29097,26.138728979850647,91.72562618837928,built_up,Medium,27.96167,0.32955122,Cool roof,401310.0,1.0,2.491839226533104e-06
+102108+29098,26.13962729513007,91.72562618824828,built_up,High,28.115112,0.26065645,Cool roof,401310.0,1.0,2.491839226533104e-06
+102108+29099,26.140525610072245,91.72562618854106,built_up,High,28.194824,0.23493326,Cool roof,401310.0,1.0,2.491839226533104e-06
+102108+29100,26.141423925949177,91.72562618880612,built_up,High,27.966858,0.250903,Cool roof,401310.0,1.0,2.491839226533104e-06
+102108+29101,26.14232224081891,91.72562618881784,built_up,Medium,27.764679,0.3438481,Cool roof,401310.0,1.0,2.491839226533104e-06
+102108+29105,26.14591550166408,91.72562618858534,built_up,Medium,27.372711,0.3356975,Cool roof,401310.0,1.0,2.491839226533104e-06
+102108+29106,26.14681381740684,91.72562618868368,built_up,Medium,27.52707,0.32329902,Cool roof,401310.0,1.0,2.491839226533104e-06
+102108+29107,26.147712132814306,91.7256261887539,built_up,High,27.935852,0.30796725,Cool roof,401310.0,1.0,2.491839226533104e-06
+102108+29110,26.15040707814309,91.72562618857192,grassland,High,30.471466,0.38757753,Green park,1025570.0,2.0,1.9501350468519945e-06
+102108+29127,26.165678438364225,91.72562618882866,built_up,Medium,25.130554,0.3093099,Cool roof,401310.0,1.0,2.491839226533104e-06
+102108+29128,26.166576753793027,91.72562618853964,built_up,Medium,25.664093,0.25552216,Cool roof,401310.0,1.0,2.491839226533104e-06
+102108+29129,26.167475068619268,91.72562618844836,built_up,High,26.511505,0.18140128,Cool roof,401310.0,1.0,2.491839226533104e-06
+102108+29130,26.16837338388861,91.72562618855532,built_up,High,26.873749,0.18811768,Cool roof,401310.0,1.0,2.491839226533104e-06
+102108+29131,26.16927169973892,91.7256261884086,built_up,High,27.057098,0.24316995,Cool roof,401310.0,1.0,2.491839226533104e-06
+102108+29132,26.17017001476719,91.72562618845969,built_up,Medium,26.840698,0.30357733,Cool roof,401310.0,1.0,2.491839226533104e-06
+102108+29133,26.171068330009003,91.7256261884828,built_up,Medium,26.745636,0.25944492,Cool roof,401310.0,1.0,2.491839226533104e-06
+102109+29098,26.139627295065303,91.72652450401014,built_up,Medium,27.451263,0.3207553,Cool roof,401310.0,1.0,2.491839226533104e-06
+102109+29099,26.14052561016744,91.72652450375509,built_up,High,28.0195,0.27217418,Cool roof,401310.0,1.0,2.491839226533104e-06
+102109+29100,26.141423926021943,91.7265245036984,built_up,High,27.754364,0.22819863,Cool roof,401310.0,1.0,2.491839226533104e-06
+102109+29101,26.142322240869422,91.72652450383968,built_up,High,27.657745,0.23410337,Cool roof,401310.0,1.0,2.491839226533104e-06
+102109+29102,26.143220555920056,91.72652450372802,built_up,High,27.82373,0.3067493,Cool roof,401310.0,1.0,2.491839226533104e-06
+102109+29105,26.145915501625424,91.72652450367828,built_up,Medium,27.610779,0.32456774,Cool roof,401310.0,1.0,2.491839226533104e-06
+102109+29106,26.14681381752762,91.72652450368186,built_up,Medium,27.407257,0.3056384,Cool roof,401310.0,1.0,2.491839226533104e-06
+102109+29107,26.147712132730817,91.72652450365794,built_up,High,27.371674,0.2683087,Cool roof,401310.0,1.0,2.491839226533104e-06
+102109+29108,26.148610447742755,91.72652450360609,built_up,High,27.997711,0.29438502,Cool roof,401310.0,1.0,2.491839226533104e-06
+102109+29127,26.16567843837945,91.7265245034712,built_up,Medium,25.399536,0.38223532,Cool roof,401310.0,1.0,2.491839226533104e-06
+102109+29129,26.16747506858967,91.72652450381536,built_up,High,25.956818,0.17786174,Cool roof,401310.0,1.0,2.491839226533104e-06
+102109+29130,26.168373383836595,91.72652450360712,built_up,High,26.733765,0.18036903,Cool roof,401310.0,1.0,2.491839226533104e-06
+102109+29131,26.16927169984648,91.72652450382276,built_up,High,27.12265,0.22506355,Cool roof,401310.0,1.0,2.491839226533104e-06
+102109+29132,26.17017001485233,91.72652450401092,built_up,Medium,27.090363,0.2720538,Cool roof,401310.0,1.0,2.491839226533104e-06
+102109+29133,26.171068329889746,91.72652450394544,built_up,Medium,27.042633,0.2974102,Cool roof,401310.0,1.0,2.491839226533104e-06
+102109+29134,26.171966645284712,91.72652450385202,built_up,High,26.591766,0.18389176,Cool roof,401310.0,1.0,2.491839226533104e-06
+102110+29099,26.140525610185257,91.7274228191192,built_up,Medium,27.50772,0.33749092,Cool roof,401310.0,1.0,2.491839226533104e-06
+102110+29100,26.14142392601736,91.7274228191923,built_up,Medium,27.396149,0.29821095,Cool roof,401310.0,1.0,2.491839226533104e-06
+102110+29101,26.142322240842766,91.72742281901223,built_up,Medium,27.219269,0.30486593,Cool roof,401310.0,1.0,2.491839226533104e-06
+102110+29102,26.1432205558715,91.72742281903058,built_up,Medium,27.491577,0.2899131,Cool roof,401310.0,1.0,2.491839226533104e-06
+102110+29103,26.14411887202024,91.72742281902164,built_up,High,27.570312,0.25498775,Cool roof,401310.0,1.0,2.491839226533104e-06
+102110+29104,26.145017186527483,91.72742281898542,built_up,High,28.118988,0.2612054,Cool roof,401310.0,1.0,2.491839226533104e-06
+102110+29105,26.145915501692,91.72742281914738,built_up,High,27.851105,0.3061087,Cool roof,401310.0,1.0,2.491839226533104e-06
+102110+29106,26.146813817390445,91.7274228190562,built_up,High,27.385742,0.2799723,Cool roof,401310.0,1.0,2.491839226533104e-06
+102110+29107,26.14771213275325,91.72742281893773,built_up,High,27.3573,0.25568527,Cool roof,401310.0,1.0,2.491839226533104e-06
+102110+29108,26.14861044774295,91.72742281901763,built_up,High,27.87082,0.27092674,Cool roof,401310.0,1.0,2.491839226533104e-06
+102110+29109,26.149508763669377,91.72742281907028,built_up,High,28.68692,0.31560445,Cool roof,401310.0,1.0,2.491839226533104e-06
+102110+29116,26.15579697014733,91.72742281889664,built_up,Medium,26.167389,0.38313103,Cool roof,401310.0,1.0,2.491839226533104e-06
+102110+29117,26.156695285604435,91.72742281895589,built_up,Medium,26.660522,0.32229277,Cool roof,401310.0,1.0,2.491839226533104e-06
+102110+29127,26.16567843832215,91.72742281916732,built_up,Medium,26.066803,0.39215723,Cool roof,401310.0,1.0,2.491839226533104e-06
+102110+29129,26.167475068305915,91.72742281910594,built_up,Medium,26.016815,0.19306874,Cool roof,401310.0,1.0,2.491839226533104e-06
+102110+29130,26.168373384076727,91.72742281926004,built_up,High,26.955048,0.18776973,Cool roof,401310.0,1.0,2.491839226533104e-06
+102110+29131,26.169271699700225,91.72742281916092,built_up,High,27.082367,0.16440889,Cool roof,401310.0,1.0,2.491839226533104e-06
+102110+29132,26.17017001486582,91.72742281880797,built_up,High,26.860657,0.18751906,Cool roof,401310.0,1.0,2.491839226533104e-06
+102110+29133,26.171068329881187,91.72742281887956,built_up,Medium,26.44519,0.23970056,Cool roof,401310.0,1.0,2.491839226533104e-06
+102110+29134,26.17196664525374,91.7274228189239,built_up,High,26.351654,0.20048508,Cool roof,401310.0,1.0,2.491839226533104e-06
+102111+29100,26.14142392575373,91.72832113425524,built_up,Medium,27.060791,0.2941432,Cool roof,401310.0,1.0,2.491839226533104e-06
+102111+29101,26.14232224092113,91.72832113420542,built_up,Medium,26.871643,0.2993801,Cool roof,401310.0,1.0,2.491839226533104e-06
+102111+29102,26.14322055592763,91.72832113435398,built_up,Medium,26.842865,0.31421852,Cool roof,401310.0,1.0,2.491839226533104e-06
+102111+29103,26.144118871872788,91.7283211342496,built_up,Medium,27.05893,0.3146043,Cool roof,401310.0,1.0,2.491839226533104e-06
+102111+29104,26.145017186721848,91.72832113434406,built_up,High,27.495514,0.28349605,Cool roof,401310.0,1.0,2.491839226533104e-06
+102111+29105,26.145915501682456,91.72832113441144,built_up,High,27.56662,0.2230414,Cool roof,401310.0,1.0,2.491839226533104e-06
+102111+29106,26.14681381735884,91.72832113445158,built_up,High,27.528107,0.23378567,Cool roof,401310.0,1.0,2.491839226533104e-06
+102111+29107,26.147712132699752,91.72832113446444,built_up,High,27.88266,0.21431512,Cool roof,401310.0,1.0,2.491839226533104e-06
+102111+29108,26.148610447849403,91.72832113445024,built_up,High,28.106018,0.21760295,Cool roof,401310.0,1.0,2.491839226533104e-06
+102111+29109,26.149508763571923,91.72832113440876,built_up,High,28.445282,0.29905236,Cool roof,401310.0,1.0,2.491839226533104e-06
+102111+29110,26.150407078010737,91.72832113434002,built_up,Medium,27.931152,0.3529664,Cool roof,401310.0,1.0,2.491839226533104e-06
+102111+29116,26.155796970077816,91.7283211344867,built_up,Medium,27.133575,0.42218092,Cool roof,401310.0,1.0,2.491839226533104e-06
+102111+29117,26.156695285512843,91.7283211342275,built_up,Medium,27.175537,0.33923402,Cool roof,401310.0,1.0,2.491839226533104e-06
+102111+29118,26.15759360089028,91.72832113439304,built_up,Medium,27.33722,0.33687356,Cool roof,401310.0,1.0,2.491839226533104e-06
+102111+29126,26.16478012282625,91.728321134286,built_up,Medium,25.487305,0.27775297,Cool roof,401310.0,1.0,2.491839226533104e-06
+102111+29127,26.1656784383743,91.72832113443242,built_up,Medium,26.244232,0.2134535,Cool roof,401310.0,1.0,2.491839226533104e-06
+102111+29128,26.166576753918378,91.72832113432564,built_up,Medium,25.947021,0.21620776,Cool roof,401310.0,1.0,2.491839226533104e-06
+102111+29129,26.16747506849593,91.72832113441775,built_up,Medium,26.188965,0.20235752,Cool roof,401310.0,1.0,2.491839226533104e-06
+102111+29130,26.16837338406287,91.72832113448236,built_up,Medium,26.932678,0.27756938,Cool roof,401310.0,1.0,2.491839226533104e-06
+102111+29131,26.169271699482334,91.72832113429376,built_up,High,27.124176,0.21525095,Cool roof,401310.0,1.0,2.491839226533104e-06
+102111+29132,26.170170014989665,91.72832113452996,built_up,High,26.743683,0.2025193,Cool roof,401310.0,1.0,2.491839226533104e-06
+102111+29133,26.17106832980115,91.72832113451274,built_up,Medium,26.489777,0.22523254,Cool roof,401310.0,1.0,2.491839226533104e-06
+102111+29134,26.171966645333807,91.72832113446847,built_up,High,26.632172,0.20702007,Cool roof,401310.0,1.0,2.491839226533104e-06
+102112+29102,26.14322055608913,91.72921944960176,built_up,Medium,26.703217,0.32512355,Cool roof,401310.0,1.0,2.491839226533104e-06
+102112+29103,26.144118871830383,91.72921944985391,built_up,Medium,26.628326,0.3499336,Cool roof,401310.0,1.0,2.491839226533104e-06
+102112+29104,26.14501718665773,91.72921944962728,built_up,Medium,27.019073,0.29983678,Cool roof,401310.0,1.0,2.491839226533104e-06
+102112+29105,26.14591550177865,91.72921944959968,built_up,High,27.549591,0.27848288,Cool roof,401310.0,1.0,2.491839226533104e-06
+102112+29106,26.14681381743297,91.72921944977092,built_up,High,27.851562,0.25968933,Cool roof,401310.0,1.0,2.491839226533104e-06
+102112+29107,26.14771213257015,91.72921944968924,built_up,High,27.867767,0.23189476,Cool roof,401310.0,1.0,2.491839226533104e-06
+102112+29108,26.14861044788011,91.72921944958068,built_up,High,27.775238,0.2099616,Cool roof,401310.0,1.0,2.491839226533104e-06
+102112+29109,26.14950876339873,91.72921944944532,built_up,High,28.307587,0.20976873,Cool roof,401310.0,1.0,2.491839226533104e-06
+102112+29110,26.15040707817968,91.72921944950878,built_up,High,27.946442,0.2678411,Cool roof,401310.0,1.0,2.491839226533104e-06
+102112+29111,26.151305394077305,91.7292194495454,built_up,High,27.929565,0.31508285,Cool roof,401310.0,1.0,2.491839226533104e-06
+102112+29112,26.15220370878743,91.729219449555,built_up,High,28.693512,0.3645087,Cool roof,401310.0,1.0,2.491839226533104e-06
+102112+29116,26.15579697011579,91.72921944954896,built_up,Medium,27.694305,0.32699043,Cool roof,401310.0,1.0,2.491839226533104e-06
+102112+29126,26.16478012300992,91.72921944979116,built_up,Medium,24.966888,0.24102154,Cool roof,401310.0,1.0,2.491839226533104e-06
+102112+29127,26.16567843835409,91.72921944984762,built_up,Medium,26.266327,0.24586238,Cool roof,401310.0,1.0,2.491839226533104e-06
+102112+29128,26.166576753694294,91.72921944965113,built_up,Medium,26.492126,0.25154293,Cool roof,401310.0,1.0,2.491839226533104e-06
+102112+29129,26.167475068613943,91.72921944942738,built_up,High,26.366394,0.20759925,Cool roof,401310.0,1.0,2.491839226533104e-06
+102112+29130,26.168373383977016,91.7292194494027,built_up,Medium,26.593842,0.22596985,Cool roof,401310.0,1.0,2.491839226533104e-06
+102112+29131,26.169271699556585,91.7292194495769,built_up,High,26.956665,0.22483344,Cool roof,401310.0,1.0,2.491839226533104e-06
+102112+29132,26.17017001504221,91.72921944949812,built_up,High,26.707672,0.22267054,Cool roof,401310.0,1.0,2.491839226533104e-06
+102112+29133,26.171068329831648,91.72921944961844,built_up,High,26.782806,0.21683966,Cool roof,401310.0,1.0,2.491839226533104e-06
+102112+29134,26.17196664534259,91.72921944971148,built_up,Medium,27.04129,0.26454374,Cool roof,401310.0,1.0,2.491839226533104e-06
+102113+29103,26.14411887189336,91.73011776502804,built_up,High,27.10971,0.19890587,Cool roof,401310.0,1.0,2.491839226533104e-06
+102113+29104,26.14501718651697,91.73011776515814,built_up,High,27.266968,0.21091126,Cool roof,401310.0,1.0,2.491839226533104e-06
+102113+29105,26.145915501798203,91.73011776503532,built_up,Medium,27.410736,0.29201132,Cool roof,401310.0,1.0,2.491839226533104e-06
+102113+29106,26.14681381743117,91.73011776488612,built_up,High,27.42331,0.26802158,Cool roof,401310.0,1.0,2.491839226533104e-06
+102113+29107,26.147712132546467,91.73011776493618,built_up,High,27.537628,0.2754955,Cool roof,401310.0,1.0,2.491839226533104e-06
+102113+29108,26.148610447835058,91.73011776495942,built_up,High,27.736786,0.2807874,Cool roof,401310.0,1.0,2.491839226533104e-06
+102113+29109,26.14950876351382,91.73011776518172,built_up,High,28.409576,0.1916838,Cool roof,401310.0,1.0,2.491839226533104e-06
+102113+29110,26.150407078091227,91.73011776515128,built_up,High,28.301056,0.20900045,Cool roof,401310.0,1.0,2.491839226533104e-06
+102113+29111,26.15130539414915,91.73011776509404,built_up,High,27.960419,0.22200233,Cool roof,401310.0,1.0,2.491839226533104e-06
+102113+29112,26.15220370883773,91.73011776523606,built_up,High,28.176361,0.24387607,Cool roof,401310.0,1.0,2.491839226533104e-06
+102113+29113,26.153102024460743,91.73011776512558,built_up,High,28.154816,0.30328155,Cool roof,401310.0,1.0,2.491839226533104e-06
+102113+29114,26.154000339619053,91.73011776498826,built_up,Medium,27.3815,0.35043904,Cool roof,401310.0,1.0,2.491839226533104e-06
+102113+29115,26.154898654626194,91.73011776505022,built_up,Medium,27.485962,0.3359315,Cool roof,401310.0,1.0,2.491839226533104e-06
+102113+29116,26.155796970261463,91.73011776508535,built_up,High,27.97287,0.29169402,Cool roof,401310.0,1.0,2.491839226533104e-06
+102113+29119,26.158491916221383,91.7301177650298,built_up,Medium,26.559174,0.4026713,Cool roof,401310.0,1.0,2.491839226533104e-06
+102113+29126,26.16478012293888,91.7301177648666,built_up,Medium,24.013153,0.28855973,Cool roof,401310.0,1.0,2.491839226533104e-06
+102113+29127,26.16567843844334,91.73011776483273,built_up,Medium,26.204132,0.2427702,Cool roof,401310.0,1.0,2.491839226533104e-06
+102113+29128,26.166576753580024,91.73011776499816,built_up,High,26.772919,0.20656943,Cool roof,401310.0,1.0,2.491839226533104e-06
+102113+29130,26.168373384001328,91.73011776524872,built_up,Medium,26.584229,0.27460444,Cool roof,401310.0,1.0,2.491839226533104e-06
+102113+29131,26.16927169955901,91.73011776510772,built_up,High,26.96286,0.22594643,Cool roof,401310.0,1.0,2.491839226533104e-06
+102113+29132,26.170170015023285,91.73011776516604,built_up,High,26.616333,0.17760138,Cool roof,401310.0,1.0,2.491839226533104e-06
+102113+29133,26.17106832997266,91.73011776519728,built_up,High,26.550934,0.20411368,Cool roof,401310.0,1.0,2.491839226533104e-06
+102113+29134,26.17196664509812,91.7301177649758,built_up,Medium,26.733856,0.2352478,Cool roof,401310.0,1.0,2.491839226533104e-06
+102113+29135,26.172864960302768,91.7301177649536,built_up,Medium,26.27826,0.21670589,Cool roof,401310.0,1.0,2.491839226533104e-06
+102114+29104,26.1450171864816,91.73101608016158,built_up,High,27.59616,0.25525987,Cool roof,401310.0,1.0,2.491839226533104e-06
+102114+29105,26.145915501741467,91.73101608017008,built_up,Medium,27.337952,0.31372276,Cool roof,401310.0,1.0,2.491839226533104e-06
+102114+29106,26.14681381753509,91.73101608037788,built_up,High,27.259064,0.2664737,Cool roof,401310.0,1.0,2.491839226533104e-06
+102114+29107,26.147712132629035,91.73101608055929,built_up,Medium,27.613403,0.31537893,Cool roof,401310.0,1.0,2.491839226533104e-06
+102114+29108,26.14861044771392,91.73101608048816,built_up,High,27.9693,0.25133133,Cool roof,401310.0,1.0,2.491839226533104e-06
+102114+29109,26.14950876355333,91.73101608016458,built_up,High,28.407928,0.17726146,Cool roof,401310.0,1.0,2.491839226533104e-06
+102114+29110,26.150407078109385,91.73101608026656,built_up,High,28.25821,0.18982121,Cool roof,401310.0,1.0,2.491839226533104e-06
+102114+29111,26.15130539414561,91.73101608034196,built_up,High,27.82315,0.25463802,Cool roof,401310.0,1.0,2.491839226533104e-06
+102114+29112,26.152203708812834,91.73101608016464,built_up,High,27.631592,0.25528637,Cool roof,401310.0,1.0,2.491839226533104e-06
+102114+29113,26.153102024414483,91.73101608018682,built_up,High,27.50357,0.24446724,Cool roof,401310.0,1.0,2.491839226533104e-06
+102114+29114,26.1540003395511,91.7310160801824,built_up,High,27.932526,0.2641247,Cool roof,401310.0,1.0,2.491839226533104e-06
+102114+29115,26.154898654719062,91.73101608015136,built_up,High,28.164673,0.264882,Cool roof,401310.0,1.0,2.491839226533104e-06
+102114+29116,26.15579697033263,91.7310160803198,built_up,High,28.052277,0.30506375,Cool roof,401310.0,1.0,2.491839226533104e-06
+102114+29127,26.165678438460223,91.73101608042012,built_up,Medium,25.457245,0.280487,Cool roof,401310.0,1.0,2.491839226533104e-06
+102114+29128,26.166576753575388,91.73101608026992,built_up,High,26.41986,0.20650104,Cool roof,401310.0,1.0,2.491839226533104e-06
+102114+29129,26.16747506881561,91.7310160803188,built_up,Medium,25.455414,0.21517491,Cool roof,401310.0,1.0,2.491839226533104e-06
+102114+29130,26.16837338395364,91.73101608034128,built_up,Medium,26.237946,0.2412723,Cool roof,401310.0,1.0,2.491839226533104e-06
+102114+29131,26.169271699489805,91.73101608033716,built_up,Medium,26.38089,0.24118516,Cool roof,401310.0,1.0,2.491839226533104e-06
+102114+29132,26.17017001511453,91.7310160803062,built_up,Medium,26.37027,0.23867124,Cool roof,401310.0,1.0,2.491839226533104e-06
+102114+29133,26.17106832986039,91.73101608024884,built_up,Medium,26.412048,0.24768032,Cool roof,401310.0,1.0,2.491839226533104e-06
+102114+29134,26.171966645146306,91.73101608039082,built_up,Medium,26.285187,0.21872148,Cool roof,401310.0,1.0,2.491839226533104e-06
+102114+29135,26.17286496032961,91.73101608050617,built_up,High,26.369781,0.15601312,Cool roof,401310.0,1.0,2.491839226533104e-06
+102114+29136,26.17376327609464,91.7310160803692,built_up,Medium,26.272308,0.24728987,Cool roof,401310.0,1.0,2.491839226533104e-06
+102115+29105,26.145915501790466,91.73191439532732,built_up,Medium,27.065582,0.275363,Cool roof,401310.0,1.0,2.491839226533104e-06
+102115+29106,26.146813817562744,91.73191439521464,built_up,Medium,27.077057,0.26669514,Cool roof,401310.0,1.0,2.491839226533104e-06
+102115+29107,26.147712132635338,91.73191439507538,built_up,High,27.609772,0.26302293,Cool roof,401310.0,1.0,2.491839226533104e-06
+102115+29108,26.14861044769903,91.73191439513582,built_up,High,27.748688,0.20708619,Cool roof,401310.0,1.0,2.491839226533104e-06
+102115+29109,26.1495087635171,91.731914395396,built_up,High,27.762848,0.19281955,Cool roof,401310.0,1.0,2.491839226533104e-06
+102115+29110,26.15040707823416,91.73191439540388,built_up,High,27.820251,0.1967159,Cool roof,401310.0,1.0,2.491839226533104e-06
+102115+29111,26.151305394066853,91.7319143953856,built_up,High,27.516602,0.2216052,Cool roof,401310.0,1.0,2.491839226533104e-06
+102115+29112,26.152203708712733,91.73191439534092,built_up,Medium,27.243195,0.30926058,Cool roof,401310.0,1.0,2.491839226533104e-06
+102115+29113,26.15310202447521,91.73191439526988,built_up,Medium,27.035187,0.3032092,Cool roof,401310.0,1.0,2.491839226533104e-06
+102115+29114,26.154000339590475,91.73191439539852,built_up,Medium,27.644684,0.327259,Cool roof,401310.0,1.0,2.491839226533104e-06
+102115+29115,26.15489865473708,91.7319143955008,built_up,High,27.8555,0.2609785,Cool roof,401310.0,1.0,2.491839226533104e-06
+102115+29116,26.15579697032948,91.7319143953508,built_up,High,27.538147,0.23481588,Cool roof,401310.0,1.0,2.491839226533104e-06
+102115+29117,26.156695285314555,91.7319143951746,built_up,High,27.679108,0.2662239,Cool roof,401310.0,1.0,2.491839226533104e-06
+102115+29128,26.166576753862376,91.7319143953376,built_up,Medium,26.230194,0.21412785,Cool roof,401310.0,1.0,2.491839226533104e-06
+102115+29129,26.16747506853546,91.7319143952972,built_up,Medium,25.905853,0.30967364,Cool roof,401310.0,1.0,2.491839226533104e-06
+102115+29130,26.168373384015936,91.73191439500428,built_up,Medium,26.46109,0.23308232,Cool roof,401310.0,1.0,2.491839226533104e-06
+102115+29131,26.169271699712912,91.73191439536272,built_up,Medium,26.365265,0.2180044,Cool roof,401310.0,1.0,2.491839226533104e-06
+102115+29132,26.17017001495216,91.73191439546903,built_up,High,26.354218,0.19483009,Cool roof,401310.0,1.0,2.491839226533104e-06
+102115+29133,26.17106832985883,91.73191439532286,built_up,High,26.706757,0.19651976,Cool roof,401310.0,1.0,2.491839226533104e-06
+102115+29134,26.171966645123213,91.73191439515028,built_up,High,26.841644,0.20390782,Cool roof,401310.0,1.0,2.491839226533104e-06
+102115+29135,26.17286496046733,91.73191439517724,built_up,High,26.993774,0.17508823,Cool roof,401310.0,1.0,2.491839226533104e-06
+102115+29136,26.173763276029025,91.73191439540376,built_up,High,27.044098,0.1644599,Cool roof,401310.0,1.0,2.491839226533104e-06
+102116+29107,26.1477121325657,91.73281271064587,built_up,Medium,27.311005,0.28749084,Cool roof,401310.0,1.0,2.491839226533104e-06
+102116+29108,26.14861044779024,91.7328127106122,built_up,High,27.385468,0.24511027,Cool roof,401310.0,1.0,2.491839226533104e-06
+102116+29109,26.14950876358731,91.73281271055237,built_up,High,27.262726,0.25287038,Cool roof,401310.0,1.0,2.491839226533104e-06
+102116+29110,26.15040707810119,91.73281271046658,built_up,High,27.36319,0.22907817,Cool roof,401310.0,1.0,2.491839226533104e-06
+102116+29111,26.15130539427673,91.73281271058028,built_up,High,27.123474,0.2359958,Cool roof,401310.0,1.0,2.491839226533104e-06
+102116+29112,26.152203708537748,91.73281271066828,built_up,Medium,26.952728,0.29333755,Cool roof,401310.0,1.0,2.491839226533104e-06
+102116+29113,26.15310202464273,91.73281271073007,built_up,Medium,26.664398,0.25615287,Cool roof,401310.0,1.0,2.491839226533104e-06
+102116+29114,26.15400033955534,91.73281271076574,built_up,Medium,26.955902,0.2944434,Cool roof,401310.0,1.0,2.491839226533104e-06
+102116+29115,26.15489865468044,91.73281271054954,built_up,High,27.314575,0.23646459,Cool roof,401310.0,1.0,2.491839226533104e-06
+102116+29116,26.155796970251824,91.73281271053284,built_up,High,27.14975,0.2506573,Cool roof,401310.0,1.0,2.491839226533104e-06
+102116+29117,26.15669528539774,91.7328127107159,built_up,High,27.14389,0.23108564,Cool roof,401310.0,1.0,2.491839226533104e-06
+102116+29118,26.157593601031536,91.73281271064732,built_up,Medium,27.047485,0.28320846,Cool roof,401310.0,1.0,2.491839226533104e-06
+102116+29119,26.158491916020115,91.73281271077846,built_up,Medium,26.903778,0.29144382,Cool roof,401310.0,1.0,2.491839226533104e-06
+102116+29120,26.159390230950684,91.73281271088342,built_up,Medium,26.946747,0.34525418,Cool roof,401310.0,1.0,2.491839226533104e-06
+102116+29121,26.16028854718199,91.73281271073634,built_up,Medium,27.283173,0.3065734,Cool roof,401310.0,1.0,2.491839226533104e-06
+102116+29122,26.161186861681653,91.73281271078898,built_up,Medium,27.354584,0.30447868,Cool roof,401310.0,1.0,2.491839226533104e-06
+102116+29128,26.166576754077173,91.73281271055656,built_up,Medium,26.531097,0.22350611,Cool roof,401310.0,1.0,2.491839226533104e-06
+102116+29129,26.167475068365107,91.73281271065215,built_up,Medium,26.661774,0.2739535,Cool roof,401310.0,1.0,2.491839226533104e-06
+102116+29130,26.16837338400624,91.73281271072156,built_up,High,26.665527,0.21819887,Cool roof,401310.0,1.0,2.491839226533104e-06
+102116+29131,26.1692716998642,91.73281271053892,built_up,Medium,26.30838,0.20571934,Cool roof,401310.0,1.0,2.491839226533104e-06
+102116+29132,26.17017001490046,91.7328127105562,built_up,High,26.47702,0.19412187,Cool roof,401310.0,1.0,2.491839226533104e-06
+102116+29133,26.1710683297858,91.73281271054752,built_up,High,26.943695,0.15697071,Cool roof,401310.0,1.0,2.491839226533104e-06
+102116+29134,26.171966645029016,91.73281271051248,built_up,High,27.018585,0.17620234,Cool roof,401310.0,1.0,2.491839226533104e-06
+102116+29135,26.17286496071592,91.7328127106772,built_up,High,26.906494,0.22985871,Cool roof,401310.0,1.0,2.491839226533104e-06
+102116+29136,26.173763276074293,91.73281271081554,built_up,High,26.961334,0.18565357,Cool roof,401310.0,1.0,2.491839226533104e-06
+102116+29137,26.17466159079761,91.73281271070177,built_up,Medium,26.521057,0.2298563,Cool roof,401310.0,1.0,2.491839226533104e-06
+102116+29138,26.175559906367813,91.73281271056204,built_up,High,26.368439,0.15576828,Cool roof,401310.0,1.0,2.491839226533104e-06
+102117+29109,26.149508763399933,91.73371102615782,built_up,Medium,27.106476,0.27072158,Cool roof,401310.0,1.0,2.491839226533104e-06
+102117+29110,26.150407078256663,91.73371102620403,built_up,Medium,27.006317,0.29379815,Cool roof,401310.0,1.0,2.491839226533104e-06
+102117+29111,26.15130539422937,91.7337110262245,built_up,High,26.954742,0.24556628,Cool roof,401310.0,1.0,2.491839226533104e-06
+102117+29112,26.152203708469408,91.73371102599292,built_up,Medium,26.972076,0.2734698,Cool roof,401310.0,1.0,2.491839226533104e-06
+102117+29113,26.15310202473557,91.73371102596153,built_up,Medium,26.673065,0.25440955,Cool roof,401310.0,1.0,2.491839226533104e-06
+102117+29114,26.154000339445176,91.73371102590436,built_up,Medium,26.635895,0.2624232,Cool roof,401310.0,1.0,2.491839226533104e-06
+102117+29115,26.154898654731287,91.73371102604696,built_up,Medium,26.786835,0.28528944,Cool roof,401310.0,1.0,2.491839226533104e-06
+102117+29116,26.15579697028185,91.73371102616402,built_up,Medium,26.825012,0.3023659,Cool roof,401310.0,1.0,2.491839226533104e-06
+102117+29117,26.156695285406773,91.73371102602944,built_up,High,26.959198,0.24953254,Cool roof,401310.0,1.0,2.491839226533104e-06
+102117+29118,26.157593601019588,91.73371102609444,built_up,Medium,27.149078,0.2683364,Cool roof,401310.0,1.0,2.491839226533104e-06
+102117+29119,26.15849191616917,91.73371102613343,built_up,High,27.186432,0.22781894,Cool roof,401310.0,1.0,2.491839226533104e-06
+102117+29120,26.15939023089691,91.73371102614672,built_up,Medium,26.893372,0.280078,Cool roof,401310.0,1.0,2.491839226533104e-06
+102117+29121,26.160288547107232,91.73371102613427,built_up,High,27.230377,0.26448262,Cool roof,401310.0,1.0,2.491839226533104e-06
+102117+29122,26.16118686176789,91.73371102609588,built_up,High,27.545227,0.26542395,Cool roof,401310.0,1.0,2.491839226533104e-06
+102117+29123,26.16208517700799,91.73371102625744,built_up,Medium,27.856232,0.37629327,Cool roof,401310.0,1.0,2.491839226533104e-06
+102117+29126,26.164780123020247,91.73371102613464,built_up,Medium,24.772858,0.27971435,Cool roof,401310.0,1.0,2.491839226533104e-06
+102117+29127,26.16567843807604,91.73371102619242,built_up,Medium,25.838287,0.2824117,Cool roof,401310.0,1.0,2.491839226533104e-06
+102117+29128,26.16657675403763,91.73371102622446,built_up,Medium,26.527496,0.23908944,Cool roof,401310.0,1.0,2.491839226533104e-06
+102117+29129,26.167475068486564,91.73371102623057,built_up,Medium,26.37735,0.23801842,Cool roof,401310.0,1.0,2.491839226533104e-06
+102117+29130,26.16837338392472,91.73371102621071,built_up,High,26.32135,0.19552995,Cool roof,401310.0,1.0,2.491839226533104e-06
+102117+29131,26.16927169976168,91.73371102616493,built_up,Medium,26.108215,0.20899905,Cool roof,401310.0,1.0,2.491839226533104e-06
+102117+29132,26.170170014959112,91.73371102609316,built_up,High,26.599396,0.18536559,Cool roof,401310.0,1.0,2.491839226533104e-06
+102117+29133,26.171068329641297,91.73371102599523,built_up,High,26.93573,0.1786764,Cool roof,401310.0,1.0,2.491839226533104e-06
+102117+29134,26.171966645227656,91.73371102609752,built_up,High,27.04544,0.19255002,Cool roof,401310.0,1.0,2.491839226533104e-06
+102117+29135,26.172864960711426,91.73371102617384,built_up,High,26.86905,0.22763893,Cool roof,401310.0,1.0,2.491839226533104e-06
+102117+29136,26.173763276048984,91.73371102599847,built_up,Medium,26.84317,0.24254516,Cool roof,401310.0,1.0,2.491839226533104e-06
+102117+29137,26.17466159075113,91.73371102602312,built_up,High,26.813263,0.19309168,Cool roof,401310.0,1.0,2.491839226533104e-06
+102117+29138,26.17555990648232,91.73371102624732,built_up,High,26.999664,0.17190544,Cool roof,401310.0,1.0,2.491839226533104e-06
+102117+29139,26.17645822225295,91.73371102621984,built_up,High,27.141083,0.17340942,Cool roof,401310.0,1.0,2.491839226533104e-06
+102117+29140,26.17735653674689,91.73371102616665,built_up,High,26.576355,0.15642783,Cool roof,401310.0,1.0,2.491839226533104e-06
+102118+29111,26.1513053939248,91.73460934139185,built_up,Medium,26.926178,0.2492618,Cool roof,401310.0,1.0,2.491839226533104e-06
+102118+29112,26.15220370868987,91.73460934151902,built_up,Medium,27.009552,0.27957973,Cool roof,401310.0,1.0,2.491839226533104e-06
+102118+29113,26.153102024571552,91.73460934162048,built_up,Medium,26.710693,0.24381709,Cool roof,401310.0,1.0,2.491839226533104e-06
+102118+29114,26.154000339442,91.73460934147012,built_up,Medium,26.70697,0.26650512,Cool roof,401310.0,1.0,2.491839226533104e-06
+102118+29115,26.15489865488964,91.73460934152013,built_up,Medium,26.501862,0.2942952,Cool roof,401310.0,1.0,2.491839226533104e-06
+102118+29116,26.15579697023739,91.7346093415444,built_up,Medium,26.336761,0.27813563,Cool roof,401310.0,1.0,2.491839226533104e-06
+102118+29117,26.156695285341662,91.73460934154296,built_up,Medium,26.733917,0.24179459,Cool roof,401310.0,1.0,2.491839226533104e-06
+102118+29118,26.157593601115483,91.73460934151623,built_up,High,26.955658,0.24480501,Cool roof,401310.0,1.0,2.491839226533104e-06
+102118+29119,26.15849191606243,91.73460934146377,built_up,High,26.856812,0.21219173,Cool roof,401310.0,1.0,2.491839226533104e-06
+102118+29120,26.159390230951363,91.73460934138558,built_up,Medium,26.741547,0.2515935,Cool roof,401310.0,1.0,2.491839226533104e-06
+102118+29121,26.16028854714085,91.73460934150734,built_up,Medium,26.963715,0.26596013,Cool roof,401310.0,1.0,2.491839226533104e-06
+102118+29122,26.161186861780703,91.7346093416034,built_up,High,27.467743,0.19934273,Cool roof,401310.0,1.0,2.491839226533104e-06
+102118+29123,26.162085177000165,91.73460934144802,built_up,High,27.635986,0.25873575,Cool roof,401310.0,1.0,2.491839226533104e-06
+102118+29124,26.162983492702057,91.73460934149304,built_up,Medium,27.54364,0.38242483,Cool roof,401310.0,1.0,2.491839226533104e-06
+102118+29127,26.165678438166942,91.73460934124785,built_up,Medium,26.132843,0.23595499,Cool roof,401310.0,1.0,2.491839226533104e-06
+102118+29128,26.16657675410772,91.73460934141563,built_up,High,26.932465,0.2457338,Cool roof,401310.0,1.0,2.491839226533104e-06
+102118+29129,26.16747506835403,91.73460934133205,built_up,Medium,26.539825,0.30660683,Cool roof,401310.0,1.0,2.491839226533104e-06
+102118+29130,26.168373383953355,91.73460934122288,built_up,Medium,26.19101,0.1969407,Cool roof,401310.0,1.0,2.491839226533104e-06
+102118+29131,26.16927169976951,91.73460934131396,built_up,High,26.363861,0.17425404,Cool roof,401310.0,1.0,2.491839226533104e-06
+102118+29132,26.170170014945946,91.73460934137908,built_up,Medium,26.380829,0.21090485,Cool roof,401310.0,1.0,2.491839226533104e-06
+102118+29133,26.171068329789467,91.73460934164464,built_up,High,26.779144,0.19126019,Cool roof,401310.0,1.0,2.491839226533104e-06
+102118+29134,26.17196664517288,91.73460934165828,built_up,High,26.72171,0.17695722,Cool roof,401310.0,1.0,2.491839226533104e-06
+102118+29135,26.17286496063599,91.7346093414203,built_up,High,26.607635,0.18450607,Cool roof,401310.0,1.0,2.491839226533104e-06
+102118+29136,26.17376327595291,91.73460934138272,built_up,High,26.93576,0.21541528,Cool roof,401310.0,1.0,2.491839226533104e-06
+102118+29137,26.174661590997854,91.73460934154512,built_up,High,26.963135,0.2084112,Cool roof,401310.0,1.0,2.491839226533104e-06
+102118+29138,26.175559906344283,91.73460934145588,built_up,High,27.305511,0.17043047,Cool roof,401310.0,1.0,2.491839226533104e-06
+102118+29139,26.17645822227624,91.73460934134089,built_up,High,27.482086,0.1579758,Cool roof,401310.0,1.0,2.491839226533104e-06
+102118+29140,26.177356536749382,91.73460934142612,built_up,High,26.977875,0.22085698,Cool roof,401310.0,1.0,2.491839226533104e-06
+102119+29113,26.153102024514503,91.7355076563739,built_up,Medium,26.570435,0.2627412,Cool roof,401310.0,1.0,2.491839226533104e-06
+102119+29114,26.154000339546144,91.73550765658273,built_up,Medium,26.720001,0.25075823,Cool roof,401310.0,1.0,2.491839226533104e-06
+102119+29115,26.154898654791488,91.73550765654016,built_up,Medium,26.465668,0.2641804,Cool roof,401310.0,1.0,2.491839226533104e-06
+102119+29116,26.155796970300266,91.73550765647208,built_up,Medium,26.208954,0.2724974,Cool roof,401310.0,1.0,2.491839226533104e-06
+102119+29117,26.15669528538424,91.7355076566044,built_up,Medium,26.305542,0.24507347,Cool roof,401310.0,1.0,2.491839226533104e-06
+102119+29118,26.15759360095542,91.73550765648532,built_up,Medium,26.676422,0.2870041,Cool roof,401310.0,1.0,2.491839226533104e-06
+102119+29119,26.15849191606373,91.73550765634072,built_up,Medium,26.540253,0.30171144,Cool roof,401310.0,1.0,2.491839226533104e-06
+102119+29121,26.16028854728288,91.73550765642749,built_up,Medium,26.659668,0.3543922,Cool roof,401310.0,1.0,2.491839226533104e-06
+102119+29122,26.161186861720267,91.73550765643267,built_up,High,27.2417,0.20865048,Cool roof,401310.0,1.0,2.491839226533104e-06
+102119+29123,26.162085176918914,91.73550765641218,built_up,High,27.55362,0.2567598,Cool roof,401310.0,1.0,2.491839226533104e-06
+102119+29124,26.162983492782512,91.73550765636618,built_up,High,27.782196,0.2672805,Cool roof,401310.0,1.0,2.491839226533104e-06
+102119+29125,26.163881807733407,91.7355076565208,built_up,Medium,26.786133,0.330762,Cool roof,401310.0,1.0,2.491839226533104e-06
+102119+29126,26.16478012280717,91.73550765664992,built_up,Medium,26.344055,0.39978442,Cool roof,401310.0,1.0,2.491839226533104e-06
+102119+29127,26.165678438367472,91.73550765675373,built_up,High,27.234406,0.24149998,Cool roof,401310.0,1.0,2.491839226533104e-06
+102119+29128,26.16657675392347,91.73550765660612,built_up,High,27.37503,0.24194853,Cool roof,401310.0,1.0,2.491839226533104e-06
+102119+29129,26.167475068331303,91.7355076564328,built_up,Medium,26.689575,0.28757638,Cool roof,401310.0,1.0,2.491839226533104e-06
+102119+29130,26.16837338409197,91.7355076566858,built_up,High,26.553375,0.21612617,Cool roof,401310.0,1.0,2.491839226533104e-06
+102119+29131,26.169271699705508,91.7355076566874,built_up,Medium,26.559357,0.24723417,Cool roof,401310.0,1.0,2.491839226533104e-06
+102119+29132,26.17017001486132,91.73550765643776,built_up,Medium,26.483978,0.25953284,Cool roof,401310.0,1.0,2.491839226533104e-06
+102119+29133,26.17106833004817,91.73550765638832,built_up,High,26.814636,0.20624045,Cool roof,401310.0,1.0,2.491839226533104e-06
+102119+29134,26.17196664504697,91.7355076565395,built_up,High,26.776093,0.17729542,Cool roof,401310.0,1.0,2.491839226533104e-06
+102119+29135,26.172864960489623,91.73550765643948,built_up,High,26.78897,0.19626233,Cool roof,401310.0,1.0,2.491839226533104e-06
+102119+29136,26.17376327614952,91.73550765653944,built_up,Medium,26.88144,0.27273035,Cool roof,401310.0,1.0,2.491839226533104e-06
+102119+29137,26.174661590992024,91.7355076566139,built_up,High,26.747253,0.16968675,Cool roof,401310.0,1.0,2.491839226533104e-06
+102119+29138,26.17555990613585,91.73550765643712,built_up,High,26.767426,0.15696137,Cool roof,401310.0,1.0,2.491839226533104e-06
+102119+29139,26.17645822241129,91.735507656461,built_up,High,26.670502,0.20465618,Cool roof,401310.0,1.0,2.491839226533104e-06
+102119+29140,26.17735653668148,91.73550765645916,built_up,High,26.918518,0.16394897,Cool roof,401310.0,1.0,2.491839226533104e-06
+102119+29141,26.178254851988235,91.73550765665752,built_up,High,27.350128,0.23075625,Cool roof,401310.0,1.0,2.491839226533104e-06
+102119+29142,26.17915316787764,91.73550765660464,built_up,High,27.122192,0.13698386,Cool roof,401310.0,1.0,2.491839226533104e-06
+102119+29143,26.18005148294518,91.73550765652604,built_up,High,26.110565,0.1604831,Cool roof,401310.0,1.0,2.491839226533104e-06
+102120+29115,26.154898654800668,91.73640597193622,built_up,Medium,26.50708,0.259898,Cool roof,401310.0,1.0,2.491839226533104e-06
+102120+29116,26.15579697028897,91.73640597200168,built_up,Medium,26.405792,0.2365557,Cool roof,401310.0,1.0,2.491839226533104e-06
+102120+29117,26.15669528553432,91.73640597204164,built_up,Medium,26.52118,0.23337713,Cool roof,401310.0,1.0,2.491839226533104e-06
+102120+29118,26.15759360072122,91.73640597205636,built_up,High,26.738434,0.21483713,Cool roof,401310.0,1.0,2.491839226533104e-06
+102120+29119,26.158491916173244,91.73640597204616,built_up,Medium,26.59085,0.28373986,Cool roof,401310.0,1.0,2.491839226533104e-06
+102120+29121,26.16028854735164,91.73640597194954,built_up,Medium,26.065521,0.26476657,Cool roof,401310.0,1.0,2.491839226533104e-06
+102120+29122,26.16118686158641,91.7364059718635,built_up,High,26.65561,0.20233782,Cool roof,401310.0,1.0,2.491839226533104e-06
+102120+29123,26.16208517712858,91.73640597197812,built_up,High,27.046295,0.24284846,Cool roof,401310.0,1.0,2.491839226533104e-06
+102120+29124,26.16298349260773,91.73640597206742,built_up,Medium,27.081055,0.32294366,Cool roof,401310.0,1.0,2.491839226533104e-06
+102120+29125,26.163881807902325,91.73640597190553,built_up,Medium,26.30954,0.2743445,Cool roof,401310.0,1.0,2.491839226533104e-06
+102120+29126,26.16478012277364,91.73640597194448,built_up,Medium,26.587738,0.23532006,Cool roof,401310.0,1.0,2.491839226533104e-06
+102120+29127,26.16567843849548,91.73640597195794,built_up,High,27.725525,0.19777958,Cool roof,401310.0,1.0,2.491839226533104e-06
+102120+29128,26.16657675366704,91.7364059719461,built_up,High,27.616974,0.19874394,Cool roof,401310.0,1.0,2.491839226533104e-06
+102120+29129,26.16747506860037,91.73640597213512,built_up,High,26.87564,0.24374317,Cool roof,401310.0,1.0,2.491839226533104e-06
+102120+29130,26.16837338397662,91.73640597207294,built_up,High,26.51767,0.19022271,Cool roof,401310.0,1.0,2.491839226533104e-06
+102120+29131,26.169271699751675,91.73640597198546,built_up,High,26.31842,0.1592964,Cool roof,401310.0,1.0,2.491839226533104e-06
+102120+29132,26.170170014705207,91.7364059720986,built_up,High,26.434784,0.1809167,Cool roof,401310.0,1.0,2.491839226533104e-06
+102120+29133,26.17106833005341,91.73640597196078,built_up,High,26.719543,0.18052281,Cool roof,401310.0,1.0,2.491839226533104e-06
+102120+29134,26.17196664521392,91.73640597202336,built_up,High,26.782623,0.1562743,Cool roof,401310.0,1.0,2.491839226533104e-06
+102120+29135,26.172864960271987,91.73640597206048,built_up,High,26.833344,0.23198496,Cool roof,401310.0,1.0,2.491839226533104e-06
+102120+29136,26.17376327627538,91.73640597184654,built_up,High,26.936554,0.18364246,Cool roof,401310.0,1.0,2.491839226533104e-06
+102120+29137,26.174661590915623,91.73640597183348,built_up,High,27.134735,0.2030604,Cool roof,401310.0,1.0,2.491839226533104e-06
+102120+29138,26.17555990622097,91.73640597202106,built_up,High,26.932343,0.16694257,Cool roof,401310.0,1.0,2.491839226533104e-06
+102120+29139,26.176458222293803,91.736405971957,built_up,High,26.790253,0.22141857,Cool roof,401310.0,1.0,2.491839226533104e-06
+102120+29140,26.177356536725508,91.73640597186764,built_up,High,26.642822,0.17363231,Cool roof,401310.0,1.0,2.491839226533104e-06
+102120+29141,26.17825485219377,91.73640597197917,built_up,High,27.192108,0.23516975,Cool roof,401310.0,1.0,2.491839226533104e-06
+102120+29142,26.179153167698964,91.73640597206536,built_up,High,27.232513,0.14965704,Cool roof,401310.0,1.0,2.491839226533104e-06
+102120+29143,26.18005148310964,91.7364059721263,built_up,High,26.335388,0.16698444,Cool roof,401310.0,1.0,2.491839226533104e-06
+102120+29144,26.18094979792176,91.7364059719358,built_up,Medium,25.17752,0.17915042,Cool roof,401310.0,1.0,2.491839226533104e-06
+102121+29116,26.155796970021203,91.73730428710408,built_up,Medium,26.366638,0.23827612,Cool roof,401310.0,1.0,2.491839226533104e-06
+102121+29117,26.15669528561027,91.737304286826,built_up,Medium,26.544464,0.2515008,Cool roof,401310.0,1.0,2.491839226533104e-06
+102121+29118,26.15759360077705,91.73730428697486,built_up,Medium,26.68222,0.24224843,Cool roof,401310.0,1.0,2.491839226533104e-06
+102121+29119,26.158491916208792,91.73730428709848,built_up,Medium,26.555939,0.2394825,Cool roof,401310.0,1.0,2.491839226533104e-06
+102121+29120,26.15939023085436,91.73730428719722,built_up,Medium,26.599731,0.28393432,Cool roof,401310.0,1.0,2.491839226533104e-06
+102121+29121,26.160288547346635,91.73730428727092,built_up,Medium,26.476227,0.29350838,Cool roof,401310.0,1.0,2.491839226533104e-06
+102121+29122,26.16118686156112,91.73730428731932,built_up,Medium,26.805267,0.25542152,Cool roof,401310.0,1.0,2.491839226533104e-06
+102121+29123,26.16208517726535,91.73730428734312,built_up,High,26.94571,0.23231639,Cool roof,401310.0,1.0,2.491839226533104e-06
+102121+29125,26.163881807816367,91.73730428731528,built_up,Medium,26.275696,0.32613963,Cool roof,401310.0,1.0,2.491839226533104e-06
+102121+29126,26.164780122849383,91.73730428726364,built_up,Medium,26.808746,0.28770825,Cool roof,401310.0,1.0,2.491839226533104e-06
+102121+29127,26.16567843836895,91.73730428718716,built_up,High,27.358215,0.2775453,Cool roof,401310.0,1.0,2.491839226533104e-06
+102121+29128,26.166576753702405,91.73730428708582,built_up,Medium,27.0896,0.29727817,Cool roof,401310.0,1.0,2.491839226533104e-06
+102121+29129,26.167475068615275,91.7373042869592,built_up,Medium,26.467865,0.30871692,Cool roof,401310.0,1.0,2.491839226533104e-06
+102121+29130,26.168373383971417,91.73730428703344,built_up,Medium,26.355255,0.22414753,Cool roof,401310.0,1.0,2.491839226533104e-06
+102121+29131,26.169271699726018,91.73730428708262,built_up,Medium,26.164764,0.20966925,Cool roof,401310.0,1.0,2.491839226533104e-06
+102121+29132,26.17017001484144,91.73730428710674,built_up,Medium,26.446503,0.22334316,Cool roof,401310.0,1.0,2.491839226533104e-06
+102121+29133,26.17106832998739,91.7373042873317,built_up,High,26.844543,0.22173783,Cool roof,401310.0,1.0,2.491839226533104e-06
+102121+29134,26.1719666451276,91.73730428707997,built_up,High,26.884796,0.1917566,Cool roof,401310.0,1.0,2.491839226533104e-06
+102121+29135,26.1728649603472,91.73730428702908,built_up,Medium,27.092072,0.28818333,Cool roof,401310.0,1.0,2.491839226533104e-06
+102121+29136,26.173763276148502,91.73730428717886,built_up,High,27.31192,0.16490074,Cool roof,401310.0,1.0,2.491839226533104e-06
+102121+29137,26.17466159095045,91.73730428707763,built_up,High,27.178314,0.24141206,Cool roof,401310.0,1.0,2.491839226533104e-06
+102121+29138,26.175559906417483,91.73730428717728,built_up,High,26.886017,0.20651811,Cool roof,401310.0,1.0,2.491839226533104e-06
+102121+29139,26.176458222105925,91.73730428725209,built_up,Medium,26.67331,0.24366996,Cool roof,401310.0,1.0,2.491839226533104e-06
+102121+29140,26.17735653688145,91.73730428730178,built_up,High,26.41452,0.20982009,Cool roof,401310.0,1.0,2.491839226533104e-06
+102121+29143,26.180051483022616,91.7373042868476,built_up,High,27.399597,0.15963703,Cool roof,401310.0,1.0,2.491839226533104e-06
+102121+29144,26.1809497979966,91.73730428702298,built_up,High,26.402283,0.16530189,Cool roof,401310.0,1.0,2.491839226533104e-06
+102121+29145,26.18184811346176,91.7373042871731,built_up,Medium,25.15866,0.21617289,Cool roof,401310.0,1.0,2.491839226533104e-06
+102122+29118,26.15759360094076,91.7382026027225,built_up,High,26.90683,0.24017255,Cool roof,401310.0,1.0,2.491839226533104e-06
+102122+29119,26.158491916170387,91.7382026027544,built_up,Medium,26.955536,0.29195407,Cool roof,401310.0,1.0,2.491839226533104e-06
+102122+29120,26.15939023079601,91.73820260253557,built_up,Medium,26.916443,0.29995584,Cool roof,401310.0,1.0,2.491839226533104e-06
+102122+29121,26.16028854726802,91.73820260229188,built_up,Medium,26.754303,0.25595158,Cool roof,401310.0,1.0,2.491839226533104e-06
+102122+29122,26.16118686164457,91.73820260224946,built_up,High,26.812164,0.23782961,Cool roof,401310.0,1.0,2.491839226533104e-06
+102122+29123,26.162085177328706,91.73820260240792,built_up,Medium,26.72403,0.38279247,Cool roof,401310.0,1.0,2.491839226533104e-06
+102122+29124,26.16298349258512,91.7382026025415,built_up,Medium,26.476532,0.29369757,Cool roof,401310.0,1.0,2.491839226533104e-06
+102122+29125,26.16388180765751,91.73820260242456,built_up,Medium,26.404327,0.27314767,Cool roof,401310.0,1.0,2.491839226533104e-06
+102122+29126,26.16478012303442,91.7382026025087,built_up,Medium,26.762543,0.32290038,Cool roof,401310.0,1.0,2.491839226533104e-06
+102122+29127,26.165678438170072,91.73820260256798,built_up,Medium,27.118744,0.3619804,Cool roof,401310.0,1.0,2.491839226533104e-06
+102122+29128,26.16657675384739,91.7382026026024,built_up,Medium,27.06546,0.26451647,Cool roof,401310.0,1.0,2.491839226533104e-06
+102122+29129,26.167475068558183,91.73820260283814,built_up,Medium,26.565704,0.22905019,Cool roof,401310.0,1.0,2.491839226533104e-06
+102122+29130,26.1683733840762,91.73820260282312,built_up,Medium,26.413147,0.23189886,Cool roof,401310.0,1.0,2.491839226533104e-06
+102122+29131,26.16927169962872,91.73820260278325,built_up,Medium,26.031189,0.22901025,Cool roof,401310.0,1.0,2.491839226533104e-06
+102122+29132,26.17017001490585,91.7382026027183,built_up,Medium,26.15561,0.2356062,Cool roof,401310.0,1.0,2.491839226533104e-06
+102122+29133,26.17106832984988,91.73820260240258,built_up,High,26.660675,0.17904465,Cool roof,401310.0,1.0,2.491839226533104e-06
+102122+29134,26.17196664515216,91.7382026025141,built_up,High,26.947174,0.22344042,Cool roof,401310.0,1.0,2.491839226533104e-06
+102122+29135,26.17286496053345,91.73820260282668,built_up,High,27.798706,0.21841724,Cool roof,401310.0,1.0,2.491839226533104e-06
+102122+29136,26.173763275950705,91.73820260266258,built_up,High,28.19925,0.17752987,Cool roof,401310.0,1.0,2.491839226533104e-06
+102122+29137,26.174661591096324,91.73820260269936,built_up,High,27.325653,0.18206912,Cool roof,401310.0,1.0,2.491839226533104e-06
+102122+29138,26.175559906361464,91.73820260271124,built_up,High,26.941986,0.20862556,Cool roof,401310.0,1.0,2.491839226533104e-06
+102122+29139,26.1764582220298,91.73820260247238,built_up,High,26.549408,0.18483263,Cool roof,401310.0,1.0,2.491839226533104e-06
+102122+29140,26.177356536967384,91.7382026024348,built_up,Medium,26.041595,0.30842483,Cool roof,401310.0,1.0,2.491839226533104e-06
+102122+29142,26.17915316785956,91.7382026027368,cropland,Medium,27.166656,0.29168916,Tree cover,334425.0,0.8,2.39216565747178e-06
+102122+29143,26.180051483048064,91.73820260285063,built_up,High,27.789825,0.16135052,Cool roof,401310.0,1.0,2.491839226533104e-06
+102122+29144,26.180949798001947,91.73820260271349,built_up,High,27.260437,0.16265745,Cool roof,401310.0,1.0,2.491839226533104e-06
+102122+29145,26.18184811344667,91.73820260255124,built_up,High,26.333435,0.16056834,Cool roof,401310.0,1.0,2.491839226533104e-06
+102122+29146,26.182746428616102,91.73820260259032,built_up,Medium,25.065094,0.14817488,Cool roof,401310.0,1.0,2.491839226533104e-06
+102123+29119,26.158491916240195,91.7391009175307,built_up,High,27.616913,0.27137107,Cool roof,401310.0,1.0,2.491839226533104e-06
+102123+29120,26.15939023066372,91.739100917672,built_up,High,27.393402,0.25417915,Cool roof,401310.0,1.0,2.491839226533104e-06
+102123+29121,26.160288547297974,91.73910091778863,built_up,High,26.96466,0.19732215,Cool roof,401310.0,1.0,2.491839226533104e-06
+102123+29122,26.16118686165459,91.73910091788068,built_up,Medium,26.60727,0.28445962,Cool roof,401310.0,1.0,2.491839226533104e-06
+102123+29124,26.16298349255547,91.73910091753967,built_up,High,26.790375,0.22327113,Cool roof,401310.0,1.0,2.491839226533104e-06
+102123+29125,26.16388180778976,91.739100917784,built_up,Medium,26.767487,0.24715954,Cool roof,401310.0,1.0,2.491839226533104e-06
+102123+29126,26.16478012296492,91.73910091777776,built_up,Medium,26.92807,0.32632545,Cool roof,401310.0,1.0,2.491839226533104e-06
+102123+29127,26.16567843826264,91.7391009177471,built_up,Medium,27.531097,0.31804124,Cool roof,401310.0,1.0,2.491839226533104e-06
+102123+29128,26.16657675373787,91.7391009176916,built_up,High,28.033539,0.2092027,Cool roof,401310.0,1.0,2.491839226533104e-06
+102123+29129,26.16747506861107,91.73910091738556,built_up,High,27.083313,0.24033186,Cool roof,401310.0,1.0,2.491839226533104e-06
+102123+29130,26.168373384108985,91.73910091750696,built_up,Medium,26.40982,0.2932799,Cool roof,401310.0,1.0,2.491839226533104e-06
+102123+29133,26.171068329823065,91.73910091794932,built_up,Medium,26.348175,0.20706142,Cool roof,401310.0,1.0,2.491839226533104e-06
+102123+29134,26.171966645287043,91.73910091797202,built_up,High,27.021515,0.17536539,Cool roof,401310.0,1.0,2.491839226533104e-06
+102123+29135,26.17286496046679,91.73910091774414,built_up,High,27.929932,0.19472599,Cool roof,401310.0,1.0,2.491839226533104e-06
+102123+29136,26.173763275864133,91.739100917718,built_up,High,28.001862,0.16540247,Cool roof,401310.0,1.0,2.491839226533104e-06
+102123+29137,26.17466159117162,91.73910091766724,built_up,High,27.118896,0.14869364,Cool roof,401310.0,1.0,2.491839226533104e-06
+102123+29138,26.17555990623486,91.73910091759164,built_up,High,26.514587,0.18534748,Cool roof,401310.0,1.0,2.491839226533104e-06
+102123+29139,26.17645822206525,91.73910091771737,built_up,Medium,26.15512,0.25254825,Cool roof,401310.0,1.0,2.491839226533104e-06
+102123+29142,26.17915316783524,91.73910091794627,grassland,High,27.19986,0.14850847,Green park,1025570.0,2.0,1.9501350468519945e-06
+102123+29143,26.18005148300383,91.73910091774736,built_up,High,27.772614,0.13424776,Cool roof,401310.0,1.0,2.491839226533104e-06
+102123+29144,26.18094979793761,91.73910091774972,built_up,High,27.286469,0.14173518,Cool roof,401310.0,1.0,2.491839226533104e-06
+102123+29145,26.181848113544536,91.7391009179536,built_up,High,26.721405,0.14660577,Cool roof,401310.0,1.0,2.491839226533104e-06
+102123+29146,26.1827464285121,91.73910091790694,built_up,High,26.11145,0.1594385,Cool roof,401310.0,1.0,2.491839226533104e-06
+102123+29147,26.18364474379192,91.73910091783542,built_up,Medium,25.402191,0.37821448,Cool roof,401310.0,1.0,2.491839226533104e-06
+102124+29121,26.16028854725432,91.73999923343762,built_up,High,27.237396,0.24439235,Cool roof,401310.0,1.0,2.491839226533104e-06
+102124+29122,26.1611868615912,91.7399992332127,built_up,High,27.157684,0.21892099,Cool roof,401310.0,1.0,2.491839226533104e-06
+102124+29123,26.162085177235827,91.73999923318932,built_up,High,27.068787,0.24311347,Cool roof,401310.0,1.0,2.491839226533104e-06
+102124+29124,26.162983492634744,91.7399992333674,built_up,High,27.056427,0.21158335,Cool roof,401310.0,1.0,2.491839226533104e-06
+102124+29125,26.16388180784928,91.7399992332954,built_up,High,27.020782,0.22079675,Cool roof,401310.0,1.0,2.491839226533104e-06
+102124+29126,26.1647801228227,91.739999233199,built_up,High,27.215729,0.22975029,Cool roof,401310.0,1.0,2.491839226533104e-06
+102124+29127,26.165678438282665,91.739999233078,built_up,High,27.793182,0.24661605,Cool roof,401310.0,1.0,2.491839226533104e-06
+102124+29128,26.16657675373816,91.7399992331587,built_up,High,28.228546,0.13900042,Cool roof,401310.0,1.0,2.491839226533104e-06
+102124+29129,26.167475068591607,91.73999923344094,built_up,High,26.77005,0.2289195,Cool roof,401310.0,1.0,2.491839226533104e-06
+102124+29134,26.17196664516885,91.73999923290458,built_up,High,27.460236,0.19187419,Cool roof,401310.0,1.0,2.491839226533104e-06
+102124+29135,26.172864960511014,91.7399992330406,built_up,High,27.529144,0.17260265,Cool roof,401310.0,1.0,2.491839226533104e-06
+102124+29136,26.173763276070577,91.73999923337794,built_up,High,27.079803,0.16583283,Cool roof,401310.0,1.0,2.491839226533104e-06
+102124+29137,26.17466159099437,91.73999923346496,built_up,High,26.640747,0.16607866,Cool roof,401310.0,1.0,2.491839226533104e-06
+102124+29138,26.175559906219664,91.73999923330165,built_up,High,26.283783,0.16132614,Cool roof,401310.0,1.0,2.491839226533104e-06
+102124+29139,26.17645822221246,91.73999923333984,built_up,High,26.248901,0.18622082,Cool roof,401310.0,1.0,2.491839226533104e-06
+102124+29140,26.17735653692805,91.73999923335364,built_up,Medium,26.542572,0.3709074,Cool roof,401310.0,1.0,2.491839226533104e-06
+102124+29141,26.17825485195217,91.73999923311708,built_up,Medium,26.937042,0.26639706,Cool roof,401310.0,1.0,2.491839226533104e-06
+102124+29142,26.17915316792304,91.73999923308206,built_up,High,27.142303,0.16146807,Cool roof,401310.0,1.0,2.491839226533104e-06
+102124+29143,26.180051482889912,91.73999923324858,built_up,High,27.417206,0.16273083,Cool roof,401310.0,1.0,2.491839226533104e-06
+102124+29144,26.18094979798592,91.73999923316477,built_up,High,27.28183,0.14245331,Cool roof,401310.0,1.0,2.491839226533104e-06
+102124+29145,26.181848113573107,91.73999923305632,built_up,High,27.024231,0.16076837,Cool roof,401310.0,1.0,2.491839226533104e-06
+102124+29146,26.18274642852092,91.7399992331494,built_up,High,26.77182,0.22964919,Cool roof,401310.0,1.0,2.491839226533104e-06
+102124+29147,26.18364474378082,91.73999923321809,built_up,Medium,25.924896,0.3115134,Cool roof,401310.0,1.0,2.491839226533104e-06
+102124+29149,26.18544137437343,91.73999923328223,built_up,Medium,24.331024,0.24915709,Cool roof,401310.0,1.0,2.491839226533104e-06
+102125+29123,26.162085177261424,91.74089754868156,built_up,High,27.525421,0.2800743,Cool roof,401310.0,1.0,2.491839226533104e-06
+102125+29124,26.162983492640947,91.74089754854292,built_up,High,27.353607,0.21839897,Cool roof,401310.0,1.0,2.491839226533104e-06
+102125+29125,26.163881807654104,91.74089754838036,built_up,High,27.086212,0.22140458,Cool roof,401310.0,1.0,2.491839226533104e-06
+102125+29126,26.16478012297176,91.74089754841948,built_up,High,27.213196,0.25352585,Cool roof,401310.0,1.0,2.491839226533104e-06
+102125+29127,26.165678438230174,91.74089754866036,built_up,High,27.818634,0.25114566,Cool roof,401310.0,1.0,2.491839226533104e-06
+102125+29128,26.166576753848247,91.74089754865116,built_up,High,28.245178,0.2020641,Cool roof,401310.0,1.0,2.491839226533104e-06
+102125+29129,26.167475068499964,91.74089754839184,built_up,Medium,26.695312,0.2649337,Cool roof,401310.0,1.0,2.491839226533104e-06
+102125+29135,26.172864960484123,91.74089754858772,built_up,High,27.245941,0.20494607,Cool roof,401310.0,1.0,2.491839226533104e-06
+102125+29136,26.17376327620592,91.74089754838502,built_up,High,27.003815,0.23143595,Cool roof,401310.0,1.0,2.491839226533104e-06
+102125+29137,26.174661590928352,91.74089754838408,built_up,High,26.709808,0.17670985,Cool roof,401310.0,1.0,2.491839226533104e-06
+102125+29138,26.17555990613408,91.74089754835916,built_up,Medium,26.39804,0.2195519,Cool roof,401310.0,1.0,2.491839226533104e-06
+102125+29139,26.176458222289096,91.74089754830986,built_up,High,26.774933,0.17401758,Cool roof,401310.0,1.0,2.491839226533104e-06
+102125+29140,26.17735653680333,91.74089754823636,built_up,High,27.086517,0.17218524,Cool roof,401310.0,1.0,2.491839226533104e-06
+102125+29141,26.17825485198985,91.74089754836484,built_up,High,27.226654,0.19603443,Cool roof,401310.0,1.0,2.491839226533104e-06
+102125+29142,26.17915316794097,91.74089754846892,built_up,High,26.920929,0.16837285,Cool roof,401310.0,1.0,2.491839226533104e-06
+102125+29143,26.18005148288845,91.74089754832286,built_up,High,27.289032,0.16660501,Cool roof,401310.0,1.0,2.491839226533104e-06
+102125+29144,26.18094979796472,91.74089754837856,built_up,High,27.512573,0.17302772,Cool roof,401310.0,1.0,2.491839226533104e-06
+102125+29145,26.181848113532347,91.74089754841008,built_up,High,27.334503,0.13963397,Cool roof,401310.0,1.0,2.491839226533104e-06
+102125+29146,26.182746428642385,91.74089754841722,built_up,High,26.836395,0.20994799,Cool roof,401310.0,1.0,2.491839226533104e-06
+102125+29147,26.18364474388289,91.74089754862612,built_up,Medium,25.855255,0.18956898,Cool roof,401310.0,1.0,2.491839226533104e-06
+102125+29148,26.184543059432755,91.74089754858484,built_up,Medium,25.387787,0.2341294,Cool roof,401310.0,1.0,2.491839226533104e-06
+102125+29149,26.185441374436373,91.74089754851944,built_up,Medium,24.984894,0.15823497,Cool roof,401310.0,1.0,2.491839226533104e-06
+102125+29150,26.186339689842576,91.7408975484298,built_up,Medium,24.322418,0.104487985,Cool roof,401310.0,1.0,2.491839226533104e-06
+102126+29135,26.17286496038613,91.74179586338283,built_up,High,27.29599,0.2163852,Cool roof,401310.0,1.0,2.491839226533104e-06
+102126+29136,26.17376327627051,91.74179586354404,built_up,Medium,26.837738,0.3072868,Cool roof,401310.0,1.0,2.491839226533104e-06
+102126+29137,26.174661590973543,91.7417958636813,built_up,Medium,26.604889,0.44907355,Cool roof,401310.0,1.0,2.491839226533104e-06
+102126+29138,26.175559906159886,91.7417958637944,built_up,Medium,26.490631,0.22582325,Cool roof,401310.0,1.0,2.491839226533104e-06
+102126+29139,26.17645822229552,91.74179586388372,built_up,High,27.185974,0.20508584,Cool roof,401310.0,1.0,2.491839226533104e-06
+102126+29140,26.177356536790366,91.7417958639491,built_up,High,27.404633,0.17095618,Cool roof,401310.0,1.0,2.491839226533104e-06
+102126+29141,26.17825485195749,91.74179586376437,built_up,High,27.180267,0.19023131,Cool roof,401310.0,1.0,2.491839226533104e-06
+102126+29142,26.17915316788924,91.74179586355584,built_up,High,26.633759,0.15926048,Cool roof,401310.0,1.0,2.491839226533104e-06
+102126+29143,26.18005148281716,91.74179586354911,built_up,High,27.206818,0.16021654,Cool roof,401310.0,1.0,2.491839226533104e-06
+102126+29144,26.18094979805601,91.7417958635182,built_up,High,27.520905,0.19311915,Cool roof,401310.0,1.0,2.491839226533104e-06
+102126+29145,26.181848113604403,91.74179586368948,built_up,High,27.231995,0.18862137,Cool roof,401310.0,1.0,2.491839226533104e-06
+102126+29146,26.182746428512743,91.74179586361085,built_up,High,26.80722,0.20899533,Cool roof,401310.0,1.0,2.491839226533104e-06
+102126+29147,26.18364474409813,91.74179586350824,built_up,Medium,26.079803,0.22276299,Cool roof,401310.0,1.0,2.491839226533104e-06
+102126+29148,26.18454305926434,91.74179586360763,built_up,Medium,25.752258,0.23512407,Cool roof,401310.0,1.0,2.491839226533104e-06
+102126+29149,26.18544137461265,91.74179586368284,built_up,Medium,25.578613,0.20807731,Cool roof,401310.0,1.0,2.491839226533104e-06
+102126+29150,26.18633968963521,91.74179586373388,built_up,High,25.360443,0.1284844,Cool roof,401310.0,1.0,2.491839226533104e-06
+102126+29151,26.18723800510555,91.74179586353522,built_up,Medium,25.00351,0.2087081,Cool roof,401310.0,1.0,2.491839226533104e-06
+102127+29135,26.172864960399004,91.74269417910816,built_up,High,27.53592,0.22460017,Cool roof,401310.0,1.0,2.491839226533104e-06
+102127+29136,26.17376327626417,91.74269417895508,built_up,Medium,26.475067,0.21987045,Cool roof,401310.0,1.0,2.491839226533104e-06
+102127+29139,26.176458222231723,91.74269417880564,built_up,Medium,26.979889,0.29969266,Cool roof,401310.0,1.0,2.491839226533104e-06
+102127+29140,26.17735653688916,91.74269417878372,built_up,Medium,27.39798,0.3014206,Cool roof,401310.0,1.0,2.491839226533104e-06
+102127+29141,26.17825485185493,91.74269417896376,built_up,High,26.947693,0.15095514,Cool roof,401310.0,1.0,2.491839226533104e-06
+102127+29142,26.179153167767808,91.74269417889415,built_up,High,26.460419,0.1338629,Cool roof,401310.0,1.0,2.491839226533104e-06
+102127+29143,26.18005148285814,91.742694178801,built_up,High,26.73819,0.1475045,Cool roof,401310.0,1.0,2.491839226533104e-06
+102127+29144,26.18094979807795,91.74269417891006,built_up,High,26.608246,0.21189764,Cool roof,401310.0,1.0,2.491839226533104e-06
+102127+29145,26.181848113606964,91.7426941787692,built_up,High,26.870758,0.18179063,Cool roof,401310.0,1.0,2.491839226533104e-06
+102127+29146,26.18274642849628,91.74269417883052,built_up,Medium,26.966827,0.2972987,Cool roof,401310.0,1.0,2.491839226533104e-06
+102127+29147,26.18364474406228,91.74269417886816,built_up,High,26.664337,0.18471478,Cool roof,401310.0,1.0,2.491839226533104e-06
+102127+29148,26.184543059391235,91.7426941788818,built_up,Medium,25.891907,0.20411435,Cool roof,401310.0,1.0,2.491839226533104e-06
+102127+29149,26.185441374538208,91.7426941788717,built_up,Medium,25.54242,0.2111157,Cool roof,401310.0,1.0,2.491839226533104e-06
+102127+29150,26.186339689723685,91.74269417883808,built_up,Medium,25.750824,0.17421086,Cool roof,401310.0,1.0,2.491839226533104e-06
+102127+29151,26.187238004992675,91.74269417900643,built_up,Medium,25.128082,0.27649784,Cool roof,401310.0,1.0,2.491839226533104e-06
+102128+29135,26.17286496034095,91.74359249405676,built_up,High,27.260284,0.21950106,Cool roof,401310.0,1.0,2.491839226533104e-06
+102128+29136,26.173763276186914,91.74359249404188,built_up,High,26.651703,0.20501158,Cool roof,401310.0,1.0,2.491839226533104e-06
+102128+29137,26.17466159085188,91.74359249400344,built_up,Medium,26.296844,0.27195942,Cool roof,401310.0,1.0,2.491839226533104e-06
+102128+29141,26.17825485204628,91.74359249383936,built_up,High,26.56546,0.22109078,Cool roof,401310.0,1.0,2.491839226533104e-06
+102128+29142,26.17915316775832,91.7435924941348,built_up,High,26.347412,0.12272,Cool roof,401310.0,1.0,2.491839226533104e-06
+102128+29143,26.180051482829608,91.74359249418076,built_up,High,25.87741,0.095701024,Cool roof,401310.0,1.0,2.491839226533104e-06
+102128+29144,26.180949798030564,91.74359249397745,built_up,Medium,25.770355,0.18661392,Cool roof,401310.0,1.0,2.491839226533104e-06
+102128+29145,26.181848113540205,91.74359249397656,built_up,High,26.657135,0.16578978,Cool roof,401310.0,1.0,2.491839226533104e-06
+102128+29146,26.18274642859261,91.74359249395194,built_up,High,26.977814,0.16974191,Cool roof,401310.0,1.0,2.491839226533104e-06
+102128+29147,26.18364474395727,91.74359249390358,built_up,High,26.874237,0.1952511,Cool roof,401310.0,1.0,2.491839226533104e-06
+102128+29148,26.18454305963148,91.74359249405786,built_up,Medium,26.186188,0.19774133,Cool roof,401310.0,1.0,2.491839226533104e-06
+102128+29149,26.185441374395143,91.74359249418865,built_up,Medium,25.81076,0.19910075,Cool roof,401310.0,1.0,2.491839226533104e-06
+102128+29150,26.18633968974389,91.7435924940697,built_up,High,26.036285,0.14236264,Cool roof,401310.0,1.0,2.491839226533104e-06
+102128+29151,26.187238004993343,91.74359249392724,built_up,Medium,25.354218,0.27500293,Cool roof,401310.0,1.0,2.491839226533104e-06
+102129+29135,26.17286496039376,91.74449080908138,built_up,High,26.734222,0.2003954,Cool roof,401310.0,1.0,2.491839226533104e-06
+102129+29136,26.173763276220875,91.74449080920402,built_up,Medium,26.622223,0.263872,Cool roof,401310.0,1.0,2.491839226533104e-06
+102129+29137,26.174661590866982,91.74449080930336,built_up,Medium,26.409454,0.3055656,Cool roof,401310.0,1.0,2.491839226533104e-06
+102129+29138,26.175559906359823,91.7444908093794,built_up,Medium,25.954987,0.36373803,Cool roof,401310.0,1.0,2.491839226533104e-06
+102129+29139,26.176458222074587,91.74449080943216,built_up,Medium,26.500671,0.3443046,Cool roof,401310.0,1.0,2.491839226533104e-06
+102129+29140,26.17735653687644,91.74449080946158,built_up,Medium,26.68161,0.3249383,Cool roof,401310.0,1.0,2.491839226533104e-06
+102129+29141,26.17825485216792,91.74449080946792,built_up,Medium,26.46872,0.21835947,Cool roof,401310.0,1.0,2.491839226533104e-06
+102129+29142,26.17915316786076,91.74449080945077,built_up,High,26.407745,0.17087406,Cool roof,401310.0,1.0,2.491839226533104e-06
+102129+29143,26.18005148273141,91.7444908094101,built_up,High,26.046173,0.12128682,Cool roof,401310.0,1.0,2.491839226533104e-06
+102129+29144,26.18094979809548,91.74449080957208,built_up,High,26.322052,0.1613792,Cool roof,401310.0,1.0,2.491839226533104e-06
+102129+29145,26.181848113404296,91.74449080948476,built_up,High,26.756622,0.18435131,Cool roof,401310.0,1.0,2.491839226533104e-06
+102129+29146,26.182746428619804,91.7444908093744,built_up,High,26.851105,0.22836562,Cool roof,401310.0,1.0,2.491839226533104e-06
+102129+29147,26.18364474396545,91.74449080946668,built_up,High,26.664917,0.20909846,Cool roof,401310.0,1.0,2.491839226533104e-06
+102129+29148,26.18454305962096,91.7444908093095,built_up,High,26.251282,0.18114574,Cool roof,401310.0,1.0,2.491839226533104e-06
+102129+29149,26.185441374365613,91.744490809129,built_up,Medium,25.894073,0.23055434,Cool roof,401310.0,1.0,2.491839226533104e-06
+102129+29150,26.18633968969533,91.74449080915092,built_up,Medium,25.678741,0.22946411,Cool roof,401310.0,1.0,2.491839226533104e-06
+102129+29151,26.187238005108046,91.74449080937552,built_up,Medium,25.359283,0.3072158,Cool roof,401310.0,1.0,2.491839226533104e-06
+102130+29135,26.172864960375296,91.74538912513752,built_up,Medium,25.659302,0.20408985,Cool roof,401310.0,1.0,2.491839226533104e-06
+102130+29139,26.176458222163383,91.74538912491144,built_up,Medium,26.285553,0.372382,Cool roof,401310.0,1.0,2.491839226533104e-06
+102130+29140,26.177356536946736,91.74538912507953,built_up,Medium,26.482697,0.25200376,Cool roof,401310.0,1.0,2.491839226533104e-06
+102130+29141,26.17825485203757,91.7453891249986,built_up,High,26.436981,0.1930513,Cool roof,401310.0,1.0,2.491839226533104e-06
+102130+29142,26.17915316789353,91.7453891248946,built_up,Medium,26.597137,0.23553984,Cool roof,401310.0,1.0,2.491839226533104e-06
+102130+29143,26.180051482745508,91.74538912499344,built_up,High,26.695679,0.16094866,Cool roof,401310.0,1.0,2.491839226533104e-06
+102130+29144,26.18094979809088,91.74538912484326,built_up,High,26.70169,0.15942231,Cool roof,401310.0,1.0,2.491839226533104e-06
+102130+29145,26.18184811338104,91.74538912489596,built_up,High,26.46347,0.1790921,Cool roof,401310.0,1.0,2.491839226533104e-06
+102130+29146,26.182746428759824,91.7453891251513,built_up,High,26.601746,0.17756353,Cool roof,401310.0,1.0,2.491839226533104e-06
+102130+29147,26.18364474390483,91.74538912515764,built_up,High,26.403656,0.15678106,Cool roof,401310.0,1.0,2.491839226533104e-06
+102130+29148,26.18454305954149,91.74538912514086,built_up,High,26.467285,0.13903873,Cool roof,401310.0,1.0,2.491839226533104e-06
+102130+29149,26.18544137426764,91.745389125101,built_up,Medium,26.253998,0.25419685,Cool roof,401310.0,1.0,2.491839226533104e-06
+102130+29150,26.18633968976029,91.74538912503807,built_up,Medium,25.579865,0.32718265,Cool roof,401310.0,1.0,2.491839226533104e-06
+102130+29151,26.187238005154505,91.74538912495186,built_up,Medium,25.464996,0.2162059,Cool roof,401310.0,1.0,2.491839226533104e-06
+102130+29152,26.18813632076962,91.7453891250683,built_up,Medium,25.141052,0.27643648,Cool roof,401310.0,1.0,2.491839226533104e-06
+102130+29153,26.189034635388328,91.7453891249359,built_up,Medium,23.980988,0.25873694,Cool roof,401310.0,1.0,2.491839226533104e-06
+102131+29134,26.17196664525897,91.74628744012232,built_up,High,25.918732,0.16769323,Cool roof,401310.0,1.0,2.491839226533104e-06
+102131+29135,26.17286496028573,91.74628744009148,cropland,Medium,25.212341,0.14827044,Tree cover,334425.0,0.8,2.39216565747178e-06
+102131+29136,26.173763276076016,91.74628744003778,cropland,Medium,25.343414,0.3106172,Tree cover,334425.0,0.8,2.39216565747178e-06
+102131+29139,26.176458222181783,91.74628744019182,built_up,Medium,27.05252,0.34427157,Cool roof,401310.0,1.0,2.491839226533104e-06
+102131+29140,26.177356536946814,91.74628744004669,built_up,Medium,27.16397,0.2718843,Cool roof,401310.0,1.0,2.491839226533104e-06
+102131+29141,26.17825485183701,91.7462874398787,built_up,High,26.966766,0.21154445,Cool roof,401310.0,1.0,2.491839226533104e-06
+102131+29142,26.17915316803857,91.74628743991376,built_up,Medium,26.470093,0.23845911,Cool roof,401310.0,1.0,2.491839226533104e-06
+102131+29143,26.18005148287205,91.74628744015216,built_up,High,26.251831,0.1868669,Cool roof,401310.0,1.0,2.491839226533104e-06
+102131+29144,26.180949797834828,91.74628744014151,built_up,Medium,26.207611,0.24995638,Cool roof,401310.0,1.0,2.491839226533104e-06
+102131+29145,26.181848113652368,91.7462874401078,built_up,Medium,26.241547,0.22574776,Cool roof,401310.0,1.0,2.491839226533104e-06
+102131+29146,26.182746428648567,91.74628744005123,built_up,Medium,26.667938,0.26112747,Cool roof,401310.0,1.0,2.491839226533104e-06
+102131+29147,26.18364474395721,91.7462874399718,built_up,Medium,26.564789,0.2679845,Cool roof,401310.0,1.0,2.491839226533104e-06
+102131+29148,26.184543059393235,91.7462874398695,built_up,Medium,26.287872,0.28771946,Cool roof,401310.0,1.0,2.491839226533104e-06
+102131+29149,26.185441374283023,91.74628743974436,built_up,Medium,25.965485,0.28812066,Cool roof,401310.0,1.0,2.491839226533104e-06
+102131+29150,26.18633968993896,91.74628744004823,built_up,Medium,25.531006,0.3379496,Cool roof,401310.0,1.0,2.491839226533104e-06
+102131+29151,26.187238004950764,91.74628744010332,built_up,Medium,25.54544,0.27858254,Cool roof,401310.0,1.0,2.491839226533104e-06
+102131+29152,26.18813632091112,91.74628743990957,built_up,Medium,25.02414,0.3869209,Cool roof,401310.0,1.0,2.491839226533104e-06
+102132+29133,26.171068330006275,91.74718575541374,built_up,Medium,26.542725,0.22133845,Cool roof,401310.0,1.0,2.491839226533104e-06
+102132+29134,26.1719666451168,91.74718575509122,built_up,Medium,26.326324,0.27301505,Cool roof,401310.0,1.0,2.491839226533104e-06
+102132+29135,26.172864960489186,91.74718575519812,built_up,Medium,26.024628,0.34229952,Cool roof,401310.0,1.0,2.491839226533104e-06
+102132+29136,26.17376327607916,91.74718575550834,built_up,Medium,25.545746,0.2415037,Cool roof,401310.0,1.0,2.491839226533104e-06
+102132+29137,26.174661590851752,91.74718575534406,cropland,Medium,25.288849,0.24567425,Tree cover,334425.0,0.8,2.39216565747178e-06
+102132+29140,26.17735653687651,91.74718575516656,built_up,Medium,27.089203,0.2885933,Cool roof,401310.0,1.0,2.491839226533104e-06
+102132+29141,26.178254851930514,91.7471857553634,built_up,High,26.84085,0.22178704,Cool roof,401310.0,1.0,2.491839226533104e-06
+102132+29142,26.1791531679318,91.74718575531185,built_up,Medium,26.205475,0.20903076,Cool roof,401310.0,1.0,2.491839226533104e-06
+102132+29143,26.18005148292892,91.74718575501149,built_up,Medium,26.140045,0.22584073,Cool roof,401310.0,1.0,2.491839226533104e-06
+102132+29144,26.180949797873208,91.74718575514038,built_up,Medium,26.054962,0.38183945,Cool roof,401310.0,1.0,2.491839226533104e-06
+102132+29145,26.181848113672423,91.74718575524663,built_up,Medium,26.608917,0.26092795,Cool roof,401310.0,1.0,2.491839226533104e-06
+102132+29146,26.18274642846834,91.74718575510433,built_up,High,26.75885,0.2059073,Cool roof,401310.0,1.0,2.491839226533104e-06
+102132+29147,26.18364474394061,91.74718575493934,built_up,Medium,26.01004,0.2815714,Cool roof,401310.0,1.0,2.491839226533104e-06
+102132+29148,26.18454305935833,91.74718575497768,built_up,Medium,26.089233,0.27369562,Cool roof,401310.0,1.0,2.491839226533104e-06
+102132+29149,26.185441374411564,91.74718575521914,built_up,Medium,25.977661,0.24710755,Cool roof,401310.0,1.0,2.491839226533104e-06
+102132+29150,26.18633969004918,91.74718575521176,built_up,Medium,25.469147,0.30827838,Cool roof,401310.0,1.0,2.491839226533104e-06
+102132+29151,26.18723800486089,91.74718575518196,built_up,Medium,25.36734,0.3228808,Cool roof,401310.0,1.0,2.491839226533104e-06
+102133+29132,26.170170015076124,91.74808407066138,built_up,Medium,26.236694,0.3611484,Cool roof,401310.0,1.0,2.491839226533104e-06
+102133+29133,26.17106832981096,91.74808407049858,built_up,High,26.433502,0.1984958,Cool roof,401310.0,1.0,2.491839226533104e-06
+102133+29134,26.171966645085305,91.74808407053952,built_up,Medium,26.21045,0.30666155,Cool roof,401310.0,1.0,2.491839226533104e-06
+102133+29135,26.172864960621705,91.74808407055806,built_up,Medium,26.25113,0.40435275,Cool roof,401310.0,1.0,2.491839226533104e-06
+102133+29136,26.17376327601139,91.74808407032825,built_up,Medium,26.014252,0.23139696,Cool roof,401310.0,1.0,2.491839226533104e-06
+102133+29137,26.174661590947814,91.74808407052764,built_up,Medium,25.283783,0.229341,Cool roof,401310.0,1.0,2.491839226533104e-06
+102133+29138,26.17555990636717,91.74808407070483,cropland,Medium,25.722626,0.34069723,Tree cover,334425.0,0.8,2.39216565747178e-06
+102133+29140,26.177356536735992,91.74808407054036,built_up,Medium,26.179382,0.42107615,Cool roof,401310.0,1.0,2.491839226533104e-06
+102133+29141,26.178254852135968,91.74808407042416,built_up,Medium,26.507599,0.33344784,Cool roof,401310.0,1.0,2.491839226533104e-06
+102133+29142,26.17915316775517,91.74808407051148,built_up,Medium,26.72586,0.28925622,Cool roof,401310.0,1.0,2.491839226533104e-06
+102133+29143,26.18005148291593,91.7480840705764,built_up,High,26.919891,0.20306097,Cool roof,401310.0,1.0,2.491839226533104e-06
+102133+29144,26.18094979802421,91.7480840706189,built_up,Medium,26.469513,0.28065017,Cool roof,401310.0,1.0,2.491839226533104e-06
+102133+29145,26.18184811362315,91.74808407063897,built_up,High,27.319794,0.25136688,Cool roof,401310.0,1.0,2.491839226533104e-06
+102133+29146,26.182746428401103,91.74808407063662,built_up,High,27.533112,0.16036536,Cool roof,401310.0,1.0,2.491839226533104e-06
+102133+29147,26.183644743855066,91.74808407061184,built_up,Medium,26.330841,0.3038402,Cool roof,401310.0,1.0,2.491839226533104e-06
+102133+29149,26.18544137447152,91.74808407094656,built_up,Medium,25.7612,0.30096325,Cool roof,401310.0,1.0,2.491839226533104e-06
+102134+29131,26.16927169977754,91.74898238599206,built_up,Medium,26.230713,0.24419823,Cool roof,401310.0,1.0,2.491839226533104e-06
+102134+29132,26.170170015009123,91.74898238598878,built_up,Medium,26.235748,0.22449034,Cool roof,401310.0,1.0,2.491839226533104e-06
+102134+29133,26.17106832972616,91.7489823859631,built_up,Medium,26.216309,0.21826501,Cool roof,401310.0,1.0,2.491839226533104e-06
+102134+29134,26.17196664516469,91.74898238591544,built_up,Medium,26.067535,0.24278077,Cool roof,401310.0,1.0,2.491839226533104e-06
+102134+29135,26.172864960500974,91.74898238584557,built_up,Medium,26.27414,0.21355955,Cool roof,401310.0,1.0,2.491839226533104e-06
+102134+29136,26.173763276054835,91.74898238597945,built_up,Medium,26.377502,0.22274801,Cool roof,401310.0,1.0,2.491839226533104e-06
+102134+29137,26.174661591155093,91.74898238609131,built_up,Medium,25.97583,0.21014406,Cool roof,401310.0,1.0,2.491839226533104e-06
+102134+29138,26.17555990619255,91.74898238595466,built_up,Medium,25.871185,0.3191523,Cool roof,401310.0,1.0,2.491839226533104e-06
+102134+29141,26.17825485208941,91.74898238586375,built_up,Medium,26.28244,0.34958133,Cool roof,401310.0,1.0,2.491839226533104e-06
+102134+29142,26.179153167872617,91.74898238586448,built_up,Medium,27.351166,0.33764708,Cool roof,401310.0,1.0,2.491839226533104e-06
+102134+29143,26.18005148301524,91.74898238606868,built_up,High,27.702667,0.29169428,Cool roof,401310.0,1.0,2.491839226533104e-06
+102134+29144,26.18094979792376,91.74898238602478,built_up,High,26.940704,0.23630121,Cool roof,401310.0,1.0,2.491839226533104e-06
+102134+29145,26.181848113686527,91.74898238595866,built_up,High,28.042816,0.1850332,Cool roof,401310.0,1.0,2.491839226533104e-06
+102134+29146,26.18274642844652,91.74898238609607,built_up,High,28.16571,0.19439398,Cool roof,401310.0,1.0,2.491839226533104e-06
+102134+29147,26.183644743882503,91.74898238621132,built_up,Medium,26.947052,0.27333704,Cool roof,401310.0,1.0,2.491839226533104e-06
+102134+29148,26.184543059628016,91.7489823860786,built_up,Medium,26.066132,0.3344809,Cool roof,401310.0,1.0,2.491839226533104e-06
+102134+29149,26.18544137446302,91.74898238592368,built_up,Medium,25.545135,0.30184004,Cool roof,401310.0,1.0,2.491839226533104e-06
+102134+29150,26.18633968951867,91.74898238597254,built_up,Medium,25.461853,0.37766466,Cool roof,401310.0,1.0,2.491839226533104e-06
+102134+29153,26.189034635109543,91.7489823859848,grassland,Medium,25.348572,0.3957198,Tree cover,334425.0,0.8,2.39216565747178e-06
+102135+29130,26.168373383985497,91.74988070150626,built_up,Medium,26.02005,0.2935736,Cool roof,401310.0,1.0,2.491839226533104e-06
+102135+29131,26.16927169965685,91.7498807014357,built_up,Medium,26.367157,0.29006678,Cool roof,401310.0,1.0,2.491839226533104e-06
+102135+29132,26.170170015052804,91.74988070134336,built_up,Medium,26.252197,0.27912727,Cool roof,401310.0,1.0,2.491839226533104e-06
+102135+29133,26.171068329751872,91.7498807014552,built_up,Medium,26.200592,0.40655148,Cool roof,401310.0,1.0,2.491839226533104e-06
+102135+29134,26.17196664517279,91.74988070154488,built_up,Medium,26.340698,0.29205972,Cool roof,401310.0,1.0,2.491839226533104e-06
+102135+29135,26.172864960491115,91.74988070161255,built_up,Medium,26.502014,0.23034835,Cool roof,401310.0,1.0,2.491839226533104e-06
+102135+29136,26.173763276027195,91.7498807014321,built_up,Medium,26.585358,0.25116065,Cool roof,401310.0,1.0,2.491839226533104e-06
+102135+29137,26.174661591109828,91.74988070122969,built_up,Medium,26.570587,0.26208916,Cool roof,401310.0,1.0,2.491839226533104e-06
+102135+29138,26.175559906129312,91.74988070123165,built_up,Medium,26.359924,0.27232024,Cool roof,401310.0,1.0,2.491839226533104e-06
+102135+29139,26.176458222280417,91.74988070143736,built_up,Medium,26.257965,0.22797737,Cool roof,401310.0,1.0,2.491839226533104e-06
+102135+29140,26.17735653679056,91.74988070162088,built_up,Medium,26.090424,0.2319535,Cool roof,401310.0,1.0,2.491839226533104e-06
+102135+29141,26.17825485197282,91.74988070155648,built_up,Medium,26.38504,0.27866036,Cool roof,401310.0,1.0,2.491839226533104e-06
+102135+29142,26.1791531679202,91.74988070147012,built_up,Medium,27.274445,0.32462704,Cool roof,401310.0,1.0,2.491839226533104e-06
+102135+29143,26.18005148304504,91.749880701362,built_up,High,27.688599,0.27411994,Cool roof,401310.0,1.0,2.491839226533104e-06
+102135+29144,26.18094979793577,91.74988070145784,built_up,High,27.256348,0.17636698,Cool roof,401310.0,1.0,2.491839226533104e-06
+102135+29145,26.181848113498614,91.74988070130551,built_up,High,28.49173,0.13764602,Cool roof,401310.0,1.0,2.491839226533104e-06
+102135+29146,26.182746428604737,91.74988070113125,built_up,High,28.300934,0.16393855,Cool roof,401310.0,1.0,2.491839226533104e-06
+102135+29147,26.18364474402312,91.7498807013871,built_up,High,26.976715,0.19132729,Cool roof,401310.0,1.0,2.491839226533104e-06
+102135+29148,26.18454305938658,91.7498807013946,built_up,Medium,26.239716,0.22734077,Cool roof,401310.0,1.0,2.491839226533104e-06
+102135+29149,26.185441374385928,91.74988070115396,built_up,Medium,25.54425,0.20157078,Cool roof,401310.0,1.0,2.491839226533104e-06
+102135+29151,26.18723800509068,91.7498807015112,built_up,Medium,25.249115,0.37223905,Cool roof,401310.0,1.0,2.491839226533104e-06
+102135+29154,26.1899329510682,91.74988070142956,built_up,Medium,25.14151,0.32949677,Cool roof,401310.0,1.0,2.491839226533104e-06
+102135+29155,26.19083126608389,91.74988070128276,built_up,Medium,24.288788,0.1859533,Cool roof,401310.0,1.0,2.491839226533104e-06
+102135+29156,26.19172958177512,91.7498807013402,built_up,Medium,22.556488,0.20924614,Cool roof,401310.0,1.0,2.491839226533104e-06
+102136+29130,26.168373383992584,91.75077901629024,built_up,Medium,26.019196,0.2574098,Cool roof,401310.0,1.0,2.491839226533104e-06
+102136+29131,26.169271699646327,91.75077901635656,built_up,Medium,26.275726,0.30794787,Cool roof,401310.0,1.0,2.491839226533104e-06
+102136+29132,26.17017001502483,91.7507790164011,built_up,Medium,26.4693,0.27189067,Cool roof,401310.0,1.0,2.491839226533104e-06
+102136+29133,26.17106832970629,91.75077901619797,built_up,Medium,26.443726,0.2521228,Cool roof,401310.0,1.0,2.491839226533104e-06
+102136+29134,26.171966645291413,91.750779016199,built_up,Medium,26.469086,0.2352903,Cool roof,401310.0,1.0,2.491839226533104e-06
+102136+29135,26.172864960410312,91.75077901617829,built_up,Medium,26.644806,0.2541241,Cool roof,401310.0,1.0,2.491839226533104e-06
+102136+29136,26.173763276110588,91.75077901636196,built_up,Medium,26.440582,0.29813242,Cool roof,401310.0,1.0,2.491839226533104e-06
+102136+29137,26.17466159099364,91.75077901652368,built_up,Medium,26.370758,0.28328186,Cool roof,401310.0,1.0,2.491839226533104e-06
+102136+29138,26.175559906177668,91.75077901643748,built_up,Medium,26.278534,0.25015572,Cool roof,401310.0,1.0,2.491839226533104e-06
+102136+29139,26.17645822231099,91.75077901632974,built_up,High,26.718353,0.21505904,Cool roof,401310.0,1.0,2.491839226533104e-06
+102136+29140,26.17735653680352,91.75077901620026,built_up,High,26.813263,0.20042334,Cool roof,401310.0,1.0,2.491839226533104e-06
+102136+29141,26.17825485196816,91.75077901627496,built_up,High,26.708954,0.18252622,Cool roof,401310.0,1.0,2.491839226533104e-06
+102136+29142,26.17915316789794,91.75077901632788,built_up,Medium,26.957123,0.26944458,Cool roof,401310.0,1.0,2.491839226533104e-06
+102136+29143,26.180051483005336,91.75077901635906,built_up,High,27.122559,0.21354276,Cool roof,401310.0,1.0,2.491839226533104e-06
+102136+29144,26.18094979806008,91.75077901636828,built_up,High,26.948395,0.20791236,Cool roof,401310.0,1.0,2.491839226533104e-06
+102136+29145,26.18184811324156,91.75077901635574,built_up,High,28.010956,0.1460891,Cool roof,401310.0,1.0,2.491839226533104e-06
+102136+29146,26.18274642869381,91.75077901632145,built_up,High,27.88263,0.21612793,Cool roof,401310.0,1.0,2.491839226533104e-06
+102136+29147,26.18364474409476,91.75077901626514,built_up,Medium,26.542755,0.35160005,Cool roof,401310.0,1.0,2.491839226533104e-06
+102136+29148,26.184543059440266,91.75077901641328,built_up,Medium,26.079987,0.35008717,Cool roof,401310.0,1.0,2.491839226533104e-06
+102136+29149,26.185441374240227,91.75077901653968,built_up,Medium,25.52832,0.213095,Cool roof,401310.0,1.0,2.491839226533104e-06
+102136+29154,26.18993295101606,91.7507790163918,built_up,Medium,25.375153,0.27747488,Cool roof,401310.0,1.0,2.491839226533104e-06
+102136+29155,26.19083126619609,91.7507790166132,built_up,Medium,24.942444,0.20401904,Cool roof,401310.0,1.0,2.491839226533104e-06
+102137+29130,26.16837338392768,91.75167733178009,built_up,Medium,26.117798,0.30488548,Cool roof,401310.0,1.0,2.491839226533104e-06
+102137+29131,26.169271699746137,91.75167733175712,built_up,Medium,26.244598,0.31460527,Cool roof,401310.0,1.0,2.491839226533104e-06
+102137+29132,26.170170014925063,91.75167733171264,built_up,Medium,26.408356,0.30531928,Cool roof,401310.0,1.0,2.491839226533104e-06
+102137+29133,26.17106832977124,91.75167733187251,built_up,Medium,26.161285,0.38069922,Cool roof,401310.0,1.0,2.491839226533104e-06
+102137+29134,26.171966645338752,91.75167733201089,built_up,Medium,25.966705,0.23650187,Cool roof,401310.0,1.0,2.491839226533104e-06
+102137+29135,26.1728649604404,91.7516773321277,built_up,Medium,26.31363,0.23869288,Cool roof,401310.0,1.0,2.491839226533104e-06
+102137+29136,26.173763276123235,91.75167733199709,built_up,Medium,26.49826,0.25712508,Cool roof,401310.0,1.0,2.491839226533104e-06
+102137+29137,26.17466159098868,91.7516773318449,built_up,Medium,26.327606,0.2870782,Cool roof,401310.0,1.0,2.491839226533104e-06
+102137+29138,26.17555990615527,91.75167733189711,built_up,Medium,26.559906,0.2493895,Cool roof,401310.0,1.0,2.491839226533104e-06
+102137+29139,26.17645822227133,91.75167733192782,built_up,High,26.945465,0.19161193,Cool roof,401310.0,1.0,2.491839226533104e-06
+102137+29140,26.17735653674626,91.75167733193696,built_up,High,27.085236,0.23564981,Cool roof,401310.0,1.0,2.491839226533104e-06
+102137+29141,26.17825485207561,91.7516773319246,built_up,High,27.00418,0.19393359,Cool roof,401310.0,1.0,2.491839226533104e-06
+102137+29142,26.179153167805804,91.7516773318907,built_up,High,26.951874,0.15733734,Cool roof,401310.0,1.0,2.491839226533104e-06
+102137+29143,26.180051483077744,91.75167733183504,built_up,High,26.725037,0.18692221,Cool roof,401310.0,1.0,2.491839226533104e-06
+102137+29144,26.18094979793292,91.75167733175785,built_up,Medium,26.477142,0.22343372,Cool roof,401310.0,1.0,2.491839226533104e-06
+102137+29145,26.18184811346106,91.75167733188503,built_up,High,27.360565,0.16574824,Cool roof,401310.0,1.0,2.491839226533104e-06
+102137+29146,26.18274642853197,91.75167733199096,built_up,Medium,27.252563,0.3217062,Cool roof,401310.0,1.0,2.491839226533104e-06
+102137+29147,26.18364474409709,91.75167733184917,built_up,Medium,26.16977,0.36292607,Cool roof,401310.0,1.0,2.491839226533104e-06
+102137+29148,26.184543059425515,91.75167733168558,built_up,Medium,25.8013,0.3130259,Cool roof,401310.0,1.0,2.491839226533104e-06
+102137+29149,26.18544137438983,91.75167733172664,built_up,Medium,25.550568,0.27520937,Cool roof,401310.0,1.0,2.491839226533104e-06
+102137+29154,26.189932951078333,91.75167733183343,built_up,Medium,25.220398,0.31564307,Cool roof,401310.0,1.0,2.491839226533104e-06
+102137+29155,26.19083126624076,91.75167733174486,built_up,Medium,25.43039,0.3047157,Cool roof,401310.0,1.0,2.491839226533104e-06
+102137+29156,26.191729581715,91.75167733186072,built_up,Medium,24.991486,0.19805388,Cool roof,401310.0,1.0,2.491839226533104e-06
+102138+29127,26.16567843841232,91.75257564695532,built_up,Medium,26.31784,0.36043096,Cool roof,401310.0,1.0,2.491839226533104e-06
+102138+29131,26.16927169977413,91.75257564685997,built_up,Medium,26.048126,0.3435024,Cool roof,401310.0,1.0,2.491839226533104e-06
+102138+29132,26.1701700149358,91.75257564695252,built_up,Medium,26.060577,0.35015655,Cool roof,401310.0,1.0,2.491839226533104e-06
+102138+29133,26.17106832994653,91.7525756470236,built_up,Medium,26.021454,0.3906656,Cool roof,401310.0,1.0,2.491839226533104e-06
+102138+29134,26.171966645133,91.75257564684742,built_up,Medium,26.260529,0.24330685,Cool roof,401310.0,1.0,2.491839226533104e-06
+102138+29135,26.172864960581173,91.75257564664992,built_up,Medium,26.658295,0.2613991,Cool roof,401310.0,1.0,2.491839226533104e-06
+102138+29136,26.17376327606495,91.75257564688296,built_up,High,26.952057,0.2456648,Cool roof,401310.0,1.0,2.491839226533104e-06
+102138+29137,26.17466159091314,91.752575646869,built_up,Medium,26.475372,0.23043056,Cool roof,401310.0,1.0,2.491839226533104e-06
+102138+29138,26.17555990624428,91.75257564683348,built_up,High,26.60379,0.2041463,Cool roof,401310.0,1.0,2.491839226533104e-06
+102138+29139,26.17645822234308,91.7525756470024,built_up,High,26.79245,0.1748029,Cool roof,401310.0,1.0,2.491839226533104e-06
+102138+29140,26.17735653661896,91.75257564692426,built_up,High,26.941315,0.19977869,Cool roof,401310.0,1.0,2.491839226533104e-06
+102138+29141,26.178254852112847,91.7525756468248,built_up,High,26.887604,0.20647371,Cool roof,401310.0,1.0,2.491839226533104e-06
+102138+29142,26.1791531678258,91.75257564692978,built_up,High,26.816803,0.16544013,Cool roof,401310.0,1.0,2.491839226533104e-06
+102138+29143,26.18005148308048,91.75257564701364,built_up,Medium,26.460724,0.24609955,Cool roof,401310.0,1.0,2.491839226533104e-06
+102138+29144,26.18094979791839,91.7525756470762,built_up,Medium,26.467438,0.2993836,Cool roof,401310.0,1.0,2.491839226533104e-06
+102138+29145,26.181848113611075,91.75257564711724,built_up,High,27.096954,0.16979133,Cool roof,401310.0,1.0,2.491839226533104e-06
+102138+29146,26.18274642848311,91.75257564713696,built_up,Medium,26.728638,0.36372894,Cool roof,401310.0,1.0,2.491839226533104e-06
+102138+29147,26.18364474403046,91.75257564713534,built_up,Medium,25.8656,0.36742434,Cool roof,401310.0,1.0,2.491839226533104e-06
+102138+29148,26.18454305934198,91.75257564711242,built_up,Medium,25.917816,0.3328971,Cool roof,401310.0,1.0,2.491839226533104e-06
+102138+29149,26.18544137447065,91.752575647068,built_up,Medium,25.733124,0.18722454,Cool roof,401310.0,1.0,2.491839226533104e-06
+102138+29150,26.186339689820294,91.75257564677626,built_up,Medium,25.6698,0.21098645,Cool roof,401310.0,1.0,2.491839226533104e-06
+102138+29151,26.187238005070807,91.75257564691536,built_up,Medium,25.62387,0.2717526,Cool roof,401310.0,1.0,2.491839226533104e-06
+102138+29152,26.18813632072452,91.75257564703293,built_up,Medium,25.748718,0.22906536,Cool roof,401310.0,1.0,2.491839226533104e-06
+102138+29153,26.189034635381827,91.75257564690295,built_up,Medium,25.725311,0.26812306,Cool roof,401310.0,1.0,2.491839226533104e-06
+102138+29154,26.189932951072883,91.75257564697768,built_up,Medium,25.753937,0.3162405,Cool roof,401310.0,1.0,2.491839226533104e-06
+102138+29155,26.19083126621788,91.7525756470311,built_up,Medium,25.786163,0.3672324,Cool roof,401310.0,1.0,2.491839226533104e-06
+102138+29156,26.191729581856816,91.75257564706295,built_up,Medium,25.68753,0.2435619,Cool roof,401310.0,1.0,2.491839226533104e-06
+102138+29157,26.192627896676253,91.75257564707351,built_up,Medium,24.696228,0.2785753,Cool roof,401310.0,1.0,2.491839226533104e-06
+102139+29126,26.164780123069185,91.75347396231192,built_up,Medium,26.556915,0.30009413,Cool roof,401310.0,1.0,2.491839226533104e-06
+102139+29127,26.16567843825464,91.7534739624207,built_up,Medium,26.40915,0.33740446,Cool roof,401310.0,1.0,2.491839226533104e-06
+102139+29132,26.17017001487489,91.7534739624223,built_up,Medium,25.855316,0.45391867,Cool roof,401310.0,1.0,2.491839226533104e-06
+102139+29133,26.17106832986838,91.75347396217862,built_up,Medium,26.149445,0.28996032,Cool roof,401310.0,1.0,2.491839226533104e-06
+102139+29134,26.17196664521992,91.75347396236567,built_up,Medium,26.459015,0.22638287,Cool roof,401310.0,1.0,2.491839226533104e-06
+102139+29135,26.17286496046886,91.75347396253166,built_up,Medium,26.72882,0.24227005,Cool roof,401310.0,1.0,2.491839226533104e-06
+102139+29136,26.17376327611771,91.75347396222467,built_up,High,26.84018,0.23218851,Cool roof,401310.0,1.0,2.491839226533104e-06
+102139+29137,26.174661590948823,91.75347396234848,built_up,Medium,26.578064,0.25659245,Cool roof,401310.0,1.0,2.491839226533104e-06
+102139+29138,26.17555990626271,91.75347396245118,built_up,High,26.91092,0.20035347,Cool roof,401310.0,1.0,2.491839226533104e-06
+102139+29139,26.176458222344444,91.75347396230686,built_up,High,26.882965,0.17296423,Cool roof,401310.0,1.0,2.491839226533104e-06
+102139+29140,26.17735653660341,91.75347396236738,built_up,High,26.989044,0.18684077,Cool roof,401310.0,1.0,2.491839226533104e-06
+102139+29141,26.178254852080048,91.7534739624068,built_up,High,26.795746,0.19821332,Cool roof,401310.0,1.0,2.491839226533104e-06
+102139+29142,26.1791531679579,91.75347396242512,built_up,High,26.56488,0.21649483,Cool roof,401310.0,1.0,2.491839226533104e-06
+102139+29144,26.18094979801634,91.75347396239808,built_up,Medium,26.630768,0.28124723,Cool roof,401310.0,1.0,2.491839226533104e-06
+102139+29145,26.181848113509982,91.75347396235316,built_up,High,26.94217,0.18523034,Cool roof,401310.0,1.0,2.491839226533104e-06
+102139+29146,26.182746428546725,91.75347396228688,built_up,Medium,26.316437,0.35696396,Cool roof,401310.0,1.0,2.491839226533104e-06
+102139+29147,26.183644743895208,91.75347396219954,built_up,Medium,25.77237,0.36413136,Cool roof,401310.0,1.0,2.491839226533104e-06
+102139+29148,26.1845430595534,91.75347396231705,built_up,Medium,25.735992,0.31638172,Cool roof,401310.0,1.0,2.491839226533104e-06
+102139+29149,26.185441374301075,91.75347396241344,built_up,Medium,25.82306,0.23535916,Cool roof,401310.0,1.0,2.491839226533104e-06
+102139+29150,26.186339689815423,91.75347396248856,built_up,Medium,26.194244,0.24445108,Cool roof,401310.0,1.0,2.491839226533104e-06
+102139+29151,26.187238005230995,91.75347396254236,built_up,Medium,26.149475,0.20636103,Cool roof,401310.0,1.0,2.491839226533104e-06
+102139+29152,26.188136320685505,91.75347396257528,built_up,Medium,25.970917,0.20510224,Cool roof,401310.0,1.0,2.491839226533104e-06
+102139+29153,26.18903463532574,91.7534739625871,built_up,Medium,25.895752,0.27218792,Cool roof,401310.0,1.0,2.491839226533104e-06
+102139+29154,26.189932950999548,91.75347396235163,built_up,Medium,26.257477,0.22306156,Cool roof,401310.0,1.0,2.491839226533104e-06
+102139+29155,26.19083126612764,91.75347396209509,built_up,Medium,26.124512,0.26164126,Cool roof,401310.0,1.0,2.491839226533104e-06
+102139+29156,26.191729581931103,91.75347396204342,built_up,Medium,25.938782,0.285099,Cool roof,401310.0,1.0,2.491839226533104e-06
+102139+29157,26.19262789673364,91.75347396219638,built_up,Medium,25.487518,0.23703106,Cool roof,401310.0,1.0,2.491839226533104e-06
+102139+29158,26.19352621194015,91.75347396232829,built_up,Medium,24.733582,0.20081902,Cool roof,401310.0,1.0,2.491839226533104e-06
+102140+29125,26.16388180762807,91.75437227780668,built_up,Medium,26.408783,0.27599806,Cool roof,401310.0,1.0,2.491839226533104e-06
+102140+29126,26.164780123037865,91.75437227762002,built_up,Medium,25.527771,0.3254102,Cool roof,401310.0,1.0,2.491839226533104e-06
+102140+29127,26.1656784382066,91.75437227741274,cropland,Medium,25.383423,0.2622381,Tree cover,334425.0,0.8,2.39216565747178e-06
+102140+29129,26.16747506847833,91.7543722778392,built_up,Medium,26.334442,0.43462935,Cool roof,401310.0,1.0,2.491839226533104e-06
+102140+29130,26.16837338402907,91.75437227756952,built_up,Medium,26.888885,0.2847761,Cool roof,401310.0,1.0,2.491839226533104e-06
+102140+29131,26.16927169979647,91.75437227750466,built_up,Medium,26.503448,0.32331732,Cool roof,401310.0,1.0,2.491839226533104e-06
+102140+29132,26.17017001474218,91.75437227764463,built_up,Medium,26.306732,0.3850592,Cool roof,401310.0,1.0,2.491839226533104e-06
+102140+29133,26.171068329900912,91.75437227776396,built_up,Medium,26.34967,0.29367054,Cool roof,401310.0,1.0,2.491839226533104e-06
+102140+29134,26.171966645235383,91.75437227763648,built_up,Medium,26.378387,0.24712774,Cool roof,401310.0,1.0,2.491839226533104e-06
+102140+29135,26.172864960467773,91.75437227748836,built_up,High,26.475067,0.18467128,Cool roof,401310.0,1.0,2.491839226533104e-06
+102140+29136,26.17376327609938,91.75437227777122,built_up,Medium,26.572845,0.23315507,Cool roof,401310.0,1.0,2.491839226533104e-06
+102140+29137,26.1746615909136,91.75437227758091,built_up,Medium,26.697357,0.23726752,Cool roof,401310.0,1.0,2.491839226533104e-06
+102140+29138,26.17555990621075,91.75437227736997,built_up,High,27.086456,0.17253388,Cool roof,401310.0,1.0,2.491839226533104e-06
+102140+29139,26.17645822227559,91.75437227736428,built_up,High,27.20163,0.17520209,Cool roof,401310.0,1.0,2.491839226533104e-06
+102140+29140,26.17735653688142,91.75437227756343,built_up,High,27.24759,0.14773689,Cool roof,401310.0,1.0,2.491839226533104e-06
+102140+29141,26.178254851977226,91.75437227774154,built_up,High,26.907623,0.21212111,Cool roof,401310.0,1.0,2.491839226533104e-06
+102140+29142,26.17915316783817,91.75437227744686,built_up,High,26.70398,0.19850002,Cool roof,401310.0,1.0,2.491839226533104e-06
+102140+29143,26.18005148305887,91.75437227735748,built_up,Medium,26.67508,0.24785498,Cool roof,401310.0,1.0,2.491839226533104e-06
+102140+29144,26.18094979804478,91.75437227747317,built_up,Medium,26.670624,0.25285202,Cool roof,401310.0,1.0,2.491839226533104e-06
+102140+29145,26.181848113339555,91.7543722773418,built_up,High,26.500946,0.19149263,Cool roof,401310.0,1.0,2.491839226533104e-06
+102140+29146,26.182746428723146,91.75437227741553,built_up,Medium,26.193085,0.29716232,Cool roof,401310.0,1.0,2.491839226533104e-06
+102140+29147,26.18364474387296,91.75437227769432,built_up,Medium,26.15152,0.35005966,Cool roof,401310.0,1.0,2.491839226533104e-06
+102140+29148,26.1845430595139,91.75437227750012,built_up,Medium,25.80606,0.3086605,Cool roof,401310.0,1.0,2.491839226533104e-06
+102140+29149,26.185441374426983,91.75437227751102,built_up,Medium,25.799438,0.20305121,Cool roof,401310.0,1.0,2.491839226533104e-06
+102140+29150,26.18633968974213,91.75437227750125,built_up,Medium,25.901215,0.22057301,Cool roof,401310.0,1.0,2.491839226533104e-06
+102140+29151,26.18723800514081,91.75437227724444,built_up,Medium,25.775146,0.19931744,Cool roof,401310.0,1.0,2.491839226533104e-06
+102140+29152,26.188136320760368,91.75437227719247,built_up,Medium,25.554016,0.23480855,Cool roof,401310.0,1.0,2.491839226533104e-06
+102140+29154,26.18993295085849,91.75437227747832,built_up,Medium,26.317596,0.27325967,Cool roof,401310.0,1.0,2.491839226533104e-06
+102140+29155,26.19083126615181,91.75437227758972,built_up,High,26.392242,0.20710115,Cool roof,401310.0,1.0,2.491839226533104e-06
+102140+29156,26.191729581938024,91.75437227768,built_up,Medium,26.02594,0.22437228,Cool roof,401310.0,1.0,2.491839226533104e-06
+102140+29157,26.19262789672384,91.75437227752349,built_up,Medium,25.722687,0.2826841,Cool roof,401310.0,1.0,2.491839226533104e-06
+102140+29158,26.19352621209522,91.75437227757202,built_up,Medium,25.156769,0.23730321,Cool roof,401310.0,1.0,2.491839226533104e-06
+102141+29125,26.16388180772276,91.75527059298344,built_up,Medium,25.9534,0.31597587,Cool roof,401310.0,1.0,2.491839226533104e-06
+102141+29126,26.16478012293384,91.75527059315849,cropland,Medium,24.35147,0.11265151,Tree cover,334425.0,0.8,2.39216565747178e-06
+102141+29127,26.16567843826784,91.75527059331266,cropland,Medium,24.81543,0.23867042,Tree cover,334425.0,0.8,2.39216565747178e-06
+102141+29130,26.16837338385833,91.7552705931999,built_up,Medium,26.772888,0.37539306,Cool roof,401310.0,1.0,2.491839226533104e-06
+102141+29131,26.16927169979082,91.75527059304576,built_up,Medium,26.220093,0.24676123,Cool roof,401310.0,1.0,2.491839226533104e-06
+102141+29132,26.170170014719982,91.7552705928712,built_up,Medium,26.212677,0.34870198,Cool roof,401310.0,1.0,2.491839226533104e-06
+102141+29133,26.17106833004397,91.75527059290192,built_up,Medium,26.319061,0.28546405,Cool roof,401310.0,1.0,2.491839226533104e-06
+102141+29134,26.17196664517956,91.7552705931377,built_up,Medium,26.241547,0.22589181,Cool roof,401310.0,1.0,2.491839226533104e-06
+102141+29135,26.172864960395405,91.75527059312668,built_up,Medium,26.143768,0.2038933,Cool roof,401310.0,1.0,2.491839226533104e-06
+102141+29136,26.17376327619226,91.7552705928693,built_up,Medium,26.359161,0.25023398,Cool roof,401310.0,1.0,2.491839226533104e-06
+102141+29137,26.174661590807613,91.75527059304332,built_up,Medium,26.493835,0.21980362,Cool roof,401310.0,1.0,2.491839226533104e-06
+102141+29138,26.175559906270195,91.7552705931965,built_up,High,26.791962,0.18416545,Cool roof,401310.0,1.0,2.491839226533104e-06
+102141+29139,26.17645822231813,91.75527059332885,built_up,High,27.01529,0.1720679,Cool roof,401310.0,1.0,2.491839226533104e-06
+102141+29140,26.177356536907418,91.75527059321476,built_up,Medium,27.077972,0.26038805,Cool roof,401310.0,1.0,2.491839226533104e-06
+102141+29141,26.17825485198633,91.75527059308028,built_up,Medium,26.803741,0.25231844,Cool roof,401310.0,1.0,2.491839226533104e-06
+102141+29142,26.179153167648582,91.75527059315084,built_up,Medium,26.702606,0.28436944,Cool roof,401310.0,1.0,2.491839226533104e-06
+102141+29143,26.18005148303454,91.75527059297464,built_up,High,26.975433,0.18958974,Cool roof,401310.0,1.0,2.491839226533104e-06
+102141+29144,26.18094979818568,91.75527059300369,built_up,High,26.91156,0.23912719,Cool roof,401310.0,1.0,2.491839226533104e-06
+102141+29145,26.181848113281784,91.75527059323828,built_up,Medium,26.436005,0.24220726,Cool roof,401310.0,1.0,2.491839226533104e-06
+102141+29146,26.182746428648485,91.75527059300006,built_up,Medium,26.321106,0.31503463,Cool roof,401310.0,1.0,2.491839226533104e-06
+102141+29147,26.183644743963523,91.755270592741,built_up,Medium,26.442108,0.21712464,Cool roof,401310.0,1.0,2.491839226533104e-06
+102141+29148,26.18454305940579,91.7552705929134,built_up,Medium,25.91153,0.19732367,Cool roof,401310.0,1.0,2.491839226533104e-06
+102141+29149,26.18544137448411,91.7552705928392,built_up,Medium,25.825226,0.19758533,Cool roof,401310.0,1.0,2.491839226533104e-06
+102141+29150,26.18633968978254,91.75527059297008,built_up,Medium,25.963287,0.24037404,Cool roof,401310.0,1.0,2.491839226533104e-06
+102141+29151,26.18723800516432,91.75527059330628,built_up,Medium,25.790985,0.2616585,Cool roof,401310.0,1.0,2.491839226533104e-06
+102141+29152,26.18813632076716,91.75527059339586,built_up,Medium,25.555145,0.31134826,Cool roof,401310.0,1.0,2.491839226533104e-06
+102141+29153,26.18903463537395,91.75527059323862,cropland,Medium,25.028778,0.28908888,Tree cover,334425.0,0.8,2.39216565747178e-06
+102141+29154,26.18993295083184,91.75527059306071,built_up,Medium,26.00296,0.31176853,Cool roof,401310.0,1.0,2.491839226533104e-06
+102141+29155,26.19083126629022,91.75527059308811,built_up,High,26.592133,0.19117285,Cool roof,401310.0,1.0,2.491839226533104e-06
+102141+29156,26.19172958187777,91.75527059309488,built_up,High,26.36203,0.20617911,Cool roof,401310.0,1.0,2.491839226533104e-06
+102141+29157,26.192627896646687,91.75527059308077,built_up,Medium,26.06961,0.2398241,Cool roof,401310.0,1.0,2.491839226533104e-06
+102141+29158,26.1935262121833,91.75527059304576,built_up,Medium,25.518341,0.24421181,Cool roof,401310.0,1.0,2.491839226533104e-06
+102141+29159,26.194424526898203,91.75527059321612,built_up,Medium,25.039154,0.23849584,Cool roof,401310.0,1.0,2.491839226533104e-06
+102142+29124,26.162983492672527,91.75616890798472,built_up,Medium,26.651611,0.27323782,Cool roof,401310.0,1.0,2.491839226533104e-06
+102142+29125,26.163881807744552,91.7561689078637,built_up,Medium,26.334747,0.2849618,Cool roof,401310.0,1.0,2.491839226533104e-06
+102142+29130,26.16837338397956,91.7561689076309,built_up,Medium,26.357208,0.38568118,Cool roof,401310.0,1.0,2.491839226533104e-06
+102142+29131,26.169271699713523,91.75616890783954,built_up,Medium,25.94397,0.3083824,Cool roof,401310.0,1.0,2.491839226533104e-06
+102142+29132,26.170170014807944,91.75616890802736,built_up,Medium,25.810577,0.33462763,Cool roof,401310.0,1.0,2.491839226533104e-06
+102142+29133,26.171068329933583,91.7561689079688,built_up,Medium,26.320892,0.27290508,Cool roof,401310.0,1.0,2.491839226533104e-06
+102142+29134,26.17196664523461,91.75616890766432,built_up,High,26.797302,0.23190002,Cool roof,401310.0,1.0,2.491839226533104e-06
+102142+29135,26.172864960433746,91.75616890779126,built_up,Medium,26.552216,0.2661218,Cool roof,401310.0,1.0,2.491839226533104e-06
+102142+29136,26.17376327603208,91.75616890789736,built_up,Medium,26.460785,0.24010265,Cool roof,401310.0,1.0,2.491839226533104e-06
+102142+29137,26.174661590995,91.75616890775709,built_up,Medium,26.412018,0.22582541,Cool roof,401310.0,1.0,2.491839226533104e-06
+102142+29138,26.175559906259068,91.75616890782274,built_up,High,26.48999,0.13095711,Cool roof,401310.0,1.0,2.491839226533104e-06
+102142+29139,26.17645822229028,91.75616890764204,built_up,High,26.814545,0.21719837,Cool roof,401310.0,1.0,2.491839226533104e-06
+102142+29140,26.17735653686304,91.7561689076664,built_up,Medium,26.933746,0.3101262,Cool roof,401310.0,1.0,2.491839226533104e-06
+102142+29141,26.178254851925573,91.75616890767036,built_up,High,26.912262,0.22923215,Cool roof,401310.0,1.0,2.491839226533104e-06
+102142+29142,26.17915316775308,91.75616890765409,built_up,High,27.158508,0.24487855,Cool roof,401310.0,1.0,2.491839226533104e-06
+102142+29143,26.18005148294052,91.7561689078433,built_up,High,27.445953,0.22886613,Cool roof,401310.0,1.0,2.491839226533104e-06
+102142+29144,26.180949798256908,91.75616890778596,built_up,High,27.338287,0.19454497,Cool roof,401310.0,1.0,2.491839226533104e-06
+102142+29145,26.18184811333682,91.75616890770816,built_up,Medium,26.565948,0.24066041,Cool roof,401310.0,1.0,2.491839226533104e-06
+102142+29146,26.182746428504664,91.75616890783613,built_up,Medium,26.218597,0.30064777,Cool roof,401310.0,1.0,2.491839226533104e-06
+102142+29147,26.18364474398513,91.75616890794342,built_up,Medium,26.36496,0.27402773,Cool roof,401310.0,1.0,2.491839226533104e-06
+102142+29148,26.18454305941102,91.75616890780437,built_up,Medium,26.036346,0.1947811,Cool roof,401310.0,1.0,2.491839226533104e-06
+102142+29149,26.18544137447245,91.75616890787056,built_up,Medium,25.660614,0.27999714,Cool roof,401310.0,1.0,2.491839226533104e-06
+102142+29150,26.186339689936293,91.75616890791616,built_up,Medium,25.499054,0.33201325,Cool roof,401310.0,1.0,2.491839226533104e-06
+102142+29151,26.187238005119752,91.75616890771556,built_up,Medium,25.577179,0.34965464,Cool roof,401310.0,1.0,2.491839226533104e-06
+102142+29152,26.18813632088783,91.7561689077205,built_up,Medium,25.638397,0.33179128,Cool roof,401310.0,1.0,2.491839226533104e-06
+102142+29153,26.189034635114187,91.75616890770496,built_up,Medium,25.330627,0.33569744,Cool roof,401310.0,1.0,2.491839226533104e-06
+102142+29154,26.189932950919257,91.75616890766884,built_up,Medium,25.819733,0.27558053,Cool roof,401310.0,1.0,2.491839226533104e-06
+102142+29155,26.19083126636109,91.756168907838,built_up,Medium,26.342468,0.21861964,Cool roof,401310.0,1.0,2.491839226533104e-06
+102142+29156,26.191729581750323,91.75616890776098,built_up,High,26.326782,0.19914487,Cool roof,401310.0,1.0,2.491839226533104e-06
+102142+29157,26.1926278966843,91.75616890766354,built_up,High,26.155304,0.1699259,Cool roof,401310.0,1.0,2.491839226533104e-06
+102142+29158,26.19352621220437,91.7561689077714,built_up,Medium,25.78946,0.21152698,Cool roof,401310.0,1.0,2.491839226533104e-06
+102142+29159,26.194424527084504,91.7561689078586,built_up,Medium,25.728851,0.28791767,Cool roof,401310.0,1.0,2.491839226533104e-06
+102142+29160,26.19532284327746,91.7561689079252,built_up,Medium,24.33664,0.21579489,Cool roof,401310.0,1.0,2.491839226533104e-06
+102143+29124,26.1629834926378,91.75706722343718,built_up,Medium,26.206635,0.3121981,Cool roof,401310.0,1.0,2.491839226533104e-06
+102143+29125,26.163881807693457,91.75706722345168,built_up,Medium,25.957611,0.28009793,Cool roof,401310.0,1.0,2.491839226533104e-06
+102143+29131,26.16927169974639,91.75706722356573,built_up,Medium,26.215546,0.42479062,Cool roof,401310.0,1.0,2.491839226533104e-06
+102143+29132,26.17017001482427,91.757067223439,built_up,Medium,25.982971,0.25906295,Cool roof,401310.0,1.0,2.491839226533104e-06
+102143+29133,26.171068329751563,91.75706722329184,built_up,Medium,26.401703,0.23347889,Cool roof,401310.0,1.0,2.491839226533104e-06
+102143+29134,26.17196664521855,91.75706722335038,built_up,High,27.213715,0.21642677,Cool roof,401310.0,1.0,2.491839226533104e-06
+102143+29135,26.17286496058293,91.75706722338872,built_up,High,26.803925,0.23815024,Cool roof,401310.0,1.0,2.491839226533104e-06
+102143+29136,26.17376327598293,91.75706722340686,built_up,Medium,26.257324,0.23820297,Cool roof,401310.0,1.0,2.491839226533104e-06
+102143+29137,26.174661591111644,91.75706722363094,built_up,High,26.422607,0.17965494,Cool roof,401310.0,1.0,2.491839226533104e-06
+102143+29138,26.175559906177195,91.75706722360844,built_up,High,26.393097,0.1567439,Cool roof,401310.0,1.0,2.491839226533104e-06
+102143+29139,26.176458222192224,91.75706722356574,built_up,High,26.181854,0.18738426,Cool roof,401310.0,1.0,2.491839226533104e-06
+102143+29140,26.177356536930404,91.75706722350326,built_up,Medium,26.294525,0.20438367,Cool roof,401310.0,1.0,2.491839226533104e-06
+102143+29141,26.178254851794613,91.75706722342036,built_up,High,27.151154,0.26428783,Cool roof,401310.0,1.0,2.491839226533104e-06
+102143+29142,26.17915316796968,91.75706722354296,built_up,High,27.824371,0.24874811,Cool roof,401310.0,1.0,2.491839226533104e-06
+102143+29143,26.180051482958792,91.75706722364536,built_up,High,27.959625,0.30177993,Cool roof,401310.0,1.0,2.491839226533104e-06
+102143+29144,26.18094979807686,91.7570672235018,built_up,Medium,27.7789,0.3241694,Cool roof,401310.0,1.0,2.491839226533104e-06
+102143+29145,26.181848113322182,91.75706722333784,built_up,Medium,26.791779,0.25696966,Cool roof,401310.0,1.0,2.491839226533104e-06
+102143+29146,26.182746428655808,91.7570672233794,built_up,Medium,26.374084,0.24645427,Cool roof,401310.0,1.0,2.491839226533104e-06
+102143+29147,26.18364474393777,91.75706722340097,built_up,Medium,26.415314,0.30035573,Cool roof,401310.0,1.0,2.491839226533104e-06
+102143+29148,26.184543059529428,91.75706722362824,built_up,Medium,26.038788,0.24950562,Cool roof,401310.0,1.0,2.491839226533104e-06
+102143+29149,26.185441374392184,91.7570672236094,built_up,Medium,25.77591,0.22693482,Cool roof,401310.0,1.0,2.491839226533104e-06
+102143+29150,26.186339689839844,91.75706722334436,built_up,Medium,25.67978,0.28231564,Cool roof,401310.0,1.0,2.491839226533104e-06
+102143+29151,26.18723800518872,91.75706722351082,built_up,Medium,25.837402,0.231036,Cool roof,401310.0,1.0,2.491839226533104e-06
+102143+29152,26.18813632075848,91.75706722343088,built_up,Medium,25.88382,0.30253166,Cool roof,401310.0,1.0,2.491839226533104e-06
+102143+29153,26.189034635150414,91.75706722333076,built_up,Medium,25.720184,0.28446317,Cool roof,401310.0,1.0,2.491839226533104e-06
+102143+29154,26.189932951120905,91.75706722366232,built_up,Medium,25.974274,0.2605407,Cool roof,401310.0,1.0,2.491839226533104e-06
+102143+29155,26.190831266182474,91.75706722352174,built_up,Medium,26.279968,0.25854325,Cool roof,401310.0,1.0,2.491839226533104e-06
+102143+29156,26.1917295817373,91.75706722336076,built_up,Medium,26.188873,0.26885936,Cool roof,401310.0,1.0,2.491839226533104e-06
+102143+29157,26.19262789683668,91.75706722363124,built_up,Medium,25.871857,0.24173589,Cool roof,401310.0,1.0,2.491839226533104e-06
+102143+29158,26.19352621215861,91.7570672236558,built_up,Medium,25.530151,0.22462296,Cool roof,401310.0,1.0,2.491839226533104e-06
+102143+29159,26.194424527022207,91.7570672234344,built_up,Medium,25.775818,0.25105992,Cool roof,401310.0,1.0,2.491839226533104e-06
+102143+29160,26.19532284319845,91.75706722319232,built_up,Medium,25.012024,0.2997626,Cool roof,401310.0,1.0,2.491839226533104e-06
+102144+29124,26.16298349252984,91.75796553904551,built_up,Medium,26.137177,0.24723466,Cool roof,401310.0,1.0,2.491839226533104e-06
+102144+29125,26.16388180775164,91.75796553896922,built_up,Medium,25.903564,0.333226,Cool roof,401310.0,1.0,2.491839226533104e-06
+102144+29129,26.16747506870275,91.75796553891682,built_up,Medium,25.535187,0.43567324,Cool roof,401310.0,1.0,2.491839226533104e-06
+102144+29130,26.168373384005854,91.7579655389667,built_up,Medium,26.557037,0.43895984,Cool roof,401310.0,1.0,2.491839226533104e-06
+102144+29131,26.16927169970726,91.7579655389964,built_up,Medium,26.460724,0.34113145,Cool roof,401310.0,1.0,2.491839226533104e-06
+102144+29132,26.170170014769123,91.75796553900612,built_up,Medium,26.590546,0.28295055,Cool roof,401310.0,1.0,2.491839226533104e-06
+102144+29133,26.171068329862216,91.75796553922218,built_up,Medium,26.77887,0.25647023,Cool roof,401310.0,1.0,2.491839226533104e-06
+102144+29134,26.171966645130865,91.75796553919211,built_up,High,27.22934,0.21140283,Cool roof,401310.0,1.0,2.491839226533104e-06
+102144+29135,26.172864960479227,91.75796553891615,built_up,Medium,26.676605,0.26392925,Cool roof,401310.0,1.0,2.491839226533104e-06
+102144+29136,26.173763276227,91.75796553907227,built_up,Medium,26.166046,0.20985071,Cool roof,401310.0,1.0,2.491839226533104e-06
+102144+29137,26.174661590975383,91.75796553898203,built_up,High,26.700165,0.15797374,Cool roof,401310.0,1.0,2.491839226533104e-06
+102144+29138,26.175559906206733,91.75796553887204,built_up,Medium,26.28363,0.33737543,Cool roof,401310.0,1.0,2.491839226533104e-06
+102144+29139,26.17645822220556,91.75796553896798,built_up,Medium,25.355682,0.3283946,Cool roof,401310.0,1.0,2.491839226533104e-06
+102144+29142,26.179153167934462,91.7579655393616,built_up,High,27.709381,0.27892205,Cool roof,401310.0,1.0,2.491839226533104e-06
+102144+29143,26.180051482907384,91.75796553915164,grassland,High,28.09616,0.28962278,Green park,1025570.0,2.0,1.9501350468519945e-06
+102144+29144,26.180949798009262,91.75796553914742,built_up,Medium,27.659393,0.34224236,Cool roof,401310.0,1.0,2.491839226533104e-06
+102144+29145,26.181848113420195,91.75796553934916,built_up,High,26.801727,0.21616167,Cool roof,401310.0,1.0,2.491839226533104e-06
+102144+29146,26.18274642855566,91.75796553930496,built_up,High,26.626495,0.21752259,Cool roof,401310.0,1.0,2.491839226533104e-06
+102144+29147,26.18364474400357,91.7579655392408,built_up,High,26.85788,0.23417492,Cool roof,401310.0,1.0,2.491839226533104e-06
+102144+29148,26.184543059578697,91.7579655391564,built_up,High,26.562012,0.21582554,Cool roof,401310.0,1.0,2.491839226533104e-06
+102144+29149,26.18544137424349,91.75796553905178,built_up,High,26.494293,0.18529573,Cool roof,401310.0,1.0,2.491839226533104e-06
+102144+29150,26.18633968985692,91.75796553915336,built_up,Medium,26.328552,0.21365906,Cool roof,401310.0,1.0,2.491839226533104e-06
+102144+29151,26.18723800518943,91.757965539009,built_up,Medium,26.177582,0.25086358,Cool roof,401310.0,1.0,2.491839226533104e-06
+102144+29152,26.18813632074318,91.7579655390708,built_up,Medium,25.920227,0.24460652,Cool roof,401310.0,1.0,2.491839226533104e-06
+102144+29153,26.18903463530036,91.75796553933816,built_up,Medium,25.500977,0.355247,Cool roof,401310.0,1.0,2.491839226533104e-06
+102144+29154,26.18993295107305,91.7579655391334,built_up,Medium,25.674835,0.32161057,Cool roof,401310.0,1.0,2.491839226533104e-06
+102144+29155,26.19083126611828,91.7579655391348,built_up,Medium,26.008636,0.3040545,Cool roof,401310.0,1.0,2.491839226533104e-06
+102144+29156,26.191729581838857,91.7579655393422,built_up,Medium,25.84848,0.29852864,Cool roof,401310.0,1.0,2.491839226533104e-06
+102144+29157,26.19262789673993,91.75796553907767,built_up,Medium,25.478546,0.37668043,Cool roof,401310.0,1.0,2.491839226533104e-06
+102144+29159,26.194424527075025,91.75796553893947,built_up,Medium,25.657715,0.25273663,Cool roof,401310.0,1.0,2.491839226533104e-06
+102144+29160,26.19532284323492,91.75796553929244,built_up,Medium,25.729889,0.27579916,Cool roof,401310.0,1.0,2.491839226533104e-06
+102145+29126,26.16478012306472,91.7588638538779,built_up,Medium,25.87918,0.41303626,Cool roof,401310.0,1.0,2.491839226533104e-06
+102145+29127,26.16567843815161,91.7588638538978,built_up,Medium,25.732147,0.32457808,Cool roof,401310.0,1.0,2.491839226533104e-06
+102145+29129,26.167475068624,91.75886385387749,built_up,Medium,25.901337,0.40498468,Cool roof,401310.0,1.0,2.491839226533104e-06
+102145+29130,26.16837338409289,91.75886385383788,built_up,Medium,26.858734,0.386033,Cool roof,401310.0,1.0,2.491839226533104e-06
+102145+29131,26.16927169959631,91.75886385377852,built_up,Medium,26.563171,0.3571976,Cool roof,401310.0,1.0,2.491839226533104e-06
+102145+29132,26.170170014824148,91.75886385369937,built_up,Medium,26.707367,0.32455018,Cool roof,401310.0,1.0,2.491839226533104e-06
+102145+29133,26.17106833008337,91.75886385382618,built_up,Medium,26.717316,0.3887517,Cool roof,401310.0,1.0,2.491839226533104e-06
+102145+29134,26.17196664497189,91.75886385393343,built_up,High,26.894012,0.21716017,Cool roof,401310.0,1.0,2.491839226533104e-06
+102145+29135,26.1728649604864,91.75886385402094,built_up,Medium,26.671875,0.26042566,Cool roof,401310.0,1.0,2.491839226533104e-06
+102145+29136,26.173763276218143,91.75886385386274,built_up,High,26.559753,0.18123384,Cool roof,401310.0,1.0,2.491839226533104e-06
+102145+29137,26.17466159095035,91.75886385391092,built_up,Medium,26.96582,0.2536334,Cool roof,401310.0,1.0,2.491839226533104e-06
+102145+29138,26.175559906347832,91.75886385416504,built_up,Medium,26.5513,0.3584492,Cool roof,401310.0,1.0,2.491839226533104e-06
+102145+29142,26.179153167829387,91.75886385362784,built_up,Medium,26.86679,0.31600434,Cool roof,401310.0,1.0,2.491839226533104e-06
+102145+29143,26.18005148296827,91.75886385378293,built_up,Medium,27.116364,0.31389034,Cool roof,401310.0,1.0,2.491839226533104e-06
+102145+29144,26.18094979805396,91.75886385391824,built_up,Medium,26.743927,0.29444203,Cool roof,401310.0,1.0,2.491839226533104e-06
+102145+29145,26.18184811344905,91.75886385380782,built_up,High,26.602081,0.19580576,Cool roof,401310.0,1.0,2.491839226533104e-06
+102145+29146,26.18274642856834,91.75886385390362,built_up,High,26.775726,0.18773876,Cool roof,401310.0,1.0,2.491839226533104e-06
+102145+29147,26.18364474400041,91.75886385397962,built_up,High,26.988312,0.15442333,Cool roof,401310.0,1.0,2.491839226533104e-06
+102145+29148,26.184543059377223,91.75886385380991,built_up,High,26.825592,0.1851416,Cool roof,401310.0,1.0,2.491839226533104e-06
+102145+29149,26.185441374390106,91.7588638538464,built_up,High,26.605743,0.2078983,Cool roof,401310.0,1.0,2.491839226533104e-06
+102145+29150,26.18633968980539,91.75886385386288,built_up,High,26.34024,0.19839866,Cool roof,401310.0,1.0,2.491839226533104e-06
+102145+29151,26.187238005121884,91.75886385385938,built_up,Medium,26.132904,0.23874691,Cool roof,401310.0,1.0,2.491839226533104e-06
+102145+29152,26.188136320841583,91.75886385383588,built_up,Medium,25.748291,0.42482013,Cool roof,401310.0,1.0,2.491839226533104e-06
+102145+29154,26.18993295095732,91.75886385395646,built_up,Medium,25.41919,0.3858036,Cool roof,401310.0,1.0,2.491839226533104e-06
+102145+29155,26.19083126616848,91.75886385387363,built_up,Medium,25.776245,0.24213119,Cool roof,401310.0,1.0,2.491839226533104e-06
+102145+29156,26.191729581873048,91.75886385377108,built_up,Medium,25.370758,0.24826965,Cool roof,401310.0,1.0,2.491839226533104e-06
+102145+29157,26.192627896576,91.7588638538745,built_up,Medium,25.359985,0.2994448,Cool roof,401310.0,1.0,2.491839226533104e-06
+102145+29159,26.194424527061027,91.75886385379629,built_up,Medium,25.142242,0.27893683,Cool roof,401310.0,1.0,2.491839226533104e-06
+102145+29160,26.19532284338668,91.7588638536144,built_up,Medium,25.498627,0.28982657,Cool roof,401310.0,1.0,2.491839226533104e-06
+102145+29161,26.196221157625672,91.75886385363852,built_up,Medium,24.723602,0.3060532,Cool roof,401310.0,1.0,2.491839226533104e-06
+102146+29123,26.162085177266853,91.75976216936044,built_up,Medium,25.639618,0.3961387,Cool roof,401310.0,1.0,2.491839226533104e-06
+102146+29125,26.163881807648973,91.75976216931728,built_up,Medium,25.994781,0.351708,Cool roof,401310.0,1.0,2.491839226533104e-06
+102146+29126,26.1647801231431,91.75976216926615,built_up,Medium,26.123383,0.41260484,Cool roof,401310.0,1.0,2.491839226533104e-06
+102146+29127,26.16567843803217,91.75976216919526,built_up,Medium,26.138763,0.19436613,Cool roof,401310.0,1.0,2.491839226533104e-06
+102146+29128,26.16657675382653,91.75976216910526,built_up,Medium,25.94101,0.27388504,Cool roof,401310.0,1.0,2.491839226533104e-06
+102146+29129,26.16747506865488,91.75976216922164,built_up,Medium,26.275757,0.4277183,Cool roof,401310.0,1.0,2.491839226533104e-06
+102146+29130,26.168373384107944,91.75976216931826,built_up,Medium,26.914124,0.30893394,Cool roof,401310.0,1.0,2.491839226533104e-06
+102146+29131,26.169271699595697,91.75976216939554,built_up,High,26.681,0.22359408,Cool roof,401310.0,1.0,2.491839226533104e-06
+102146+29132,26.170170014807702,91.75976216945352,built_up,High,26.772644,0.21385382,Cool roof,401310.0,1.0,2.491839226533104e-06
+102146+29133,26.171068330050925,91.759762169266,built_up,Medium,26.656128,0.25883397,Cool roof,401310.0,1.0,2.491839226533104e-06
+102146+29134,26.17196664510575,91.75976216928464,built_up,Medium,26.654785,0.26245147,Cool roof,401310.0,1.0,2.491839226533104e-06
+102146+29135,26.17286496042211,91.75976216928352,built_up,High,26.595123,0.21680714,Cool roof,401310.0,1.0,2.491839226533104e-06
+102146+29136,26.17376327613838,91.75976216926288,built_up,Medium,26.537018,0.2660774,Cool roof,401310.0,1.0,2.491839226533104e-06
+102146+29137,26.174661591036724,91.7597621692229,built_up,Medium,26.725555,0.38657767,Cool roof,401310.0,1.0,2.491839226533104e-06
+102146+29138,26.175559906236224,91.7597621689374,built_up,Medium,26.563202,0.2996148,Cool roof,401310.0,1.0,2.491839226533104e-06
+102146+29139,26.17645822220305,91.75976216885812,built_up,Medium,25.90799,0.33166558,Cool roof,401310.0,1.0,2.491839226533104e-06
+102146+29140,26.177356536893367,91.75976216921114,built_up,Medium,24.938995,0.3988253,Cool roof,401310.0,1.0,2.491839226533104e-06
+102146+29143,26.180051483141256,91.75976216924964,built_up,High,26.72873,0.2157879,Cool roof,401310.0,1.0,2.491839226533104e-06
+102146+29144,26.180949797847376,91.7597621690726,built_up,High,26.486053,0.20710711,Cool roof,401310.0,1.0,2.491839226533104e-06
+102146+29145,26.181848113590384,91.75976216910196,built_up,High,26.61203,0.17718518,Cool roof,401310.0,1.0,2.491839226533104e-06
+102146+29146,26.18274642851205,91.75976216911178,built_up,High,26.786407,0.19215621,Cool roof,401310.0,1.0,2.491839226533104e-06
+102146+29147,26.183644743927942,91.75976216887588,built_up,High,26.787384,0.17021225,Cool roof,401310.0,1.0,2.491839226533104e-06
+102146+29148,26.18454305947123,91.75976216907232,built_up,Medium,26.551239,0.23229079,Cool roof,401310.0,1.0,2.491839226533104e-06
+102146+29149,26.185441374468105,91.75976216924944,built_up,Medium,26.31839,0.22876465,Cool roof,401310.0,1.0,2.491839226533104e-06
+102146+29150,26.186339689685425,91.75976216918085,built_up,Medium,26.275177,0.28282067,Cool roof,401310.0,1.0,2.491839226533104e-06
+102146+29151,26.187238005168048,91.7597621690927,built_up,Medium,26.211304,0.25606805,Cool roof,401310.0,1.0,2.491839226533104e-06
+102146+29152,26.18813632087173,91.75976216921096,built_up,Medium,26.071564,0.33214027,Cool roof,401310.0,1.0,2.491839226533104e-06
+102146+29153,26.189034635397256,91.75976216930924,built_up,Medium,25.56485,0.42276084,Cool roof,401310.0,1.0,2.491839226533104e-06
+102146+29154,26.18993295095582,91.759762169162,built_up,Medium,25.390045,0.33422413,Cool roof,401310.0,1.0,2.491839226533104e-06
+102146+29155,26.190831266151143,91.7597621692214,built_up,Medium,25.692596,0.20179325,Cool roof,401310.0,1.0,2.491839226533104e-06
+102146+29156,26.19172958183972,91.75976216926104,built_up,Medium,25.269836,0.20684557,Cool roof,401310.0,1.0,2.491839226533104e-06
+102146+29157,26.19262789670877,91.75976216928112,built_up,Medium,25.544037,0.25470695,Cool roof,401310.0,1.0,2.491839226533104e-06
+102146+29158,26.193526211982515,91.75976216928166,built_up,Medium,25.902039,0.3503536,Cool roof,401310.0,1.0,2.491839226533104e-06
+102146+29161,26.196221157694783,91.75976216916511,built_up,Medium,24.386139,0.30883968,Cool roof,401310.0,1.0,2.491839226533104e-06
+102146+29162,26.19711947331954,91.75976216931276,built_up,Medium,24.63913,0.27323544,Cool roof,401310.0,1.0,2.491839226533104e-06
+102147+29123,26.16208517713749,91.76066048482404,built_up,Medium,25.554932,0.24742147,Cool roof,401310.0,1.0,2.491839226533104e-06
+102147+29124,26.162983492677824,91.7606604847212,built_up,Medium,25.94815,0.29966137,Cool roof,401310.0,1.0,2.491839226533104e-06
+102147+29125,26.163881807670304,91.76066048482494,built_up,Medium,26.353851,0.28171664,Cool roof,401310.0,1.0,2.491839226533104e-06
+102147+29126,26.1647801229666,91.76066048468346,built_up,Medium,26.694183,0.33016816,Cool roof,401310.0,1.0,2.491839226533104e-06
+102147+29127,26.165678438204186,91.76066048474875,built_up,Medium,26.585968,0.4322211,Cool roof,401310.0,1.0,2.491839226533104e-06
+102147+29128,26.166576753801063,91.76066048502068,built_up,Medium,26.274841,0.37772006,Cool roof,401310.0,1.0,2.491839226533104e-06
+102147+29129,26.16747506879539,91.76066048504713,built_up,Medium,26.303375,0.3683539,Cool roof,401310.0,1.0,2.491839226533104e-06
+102147+29130,26.168373383869188,91.76066048482856,built_up,Medium,26.59143,0.27826315,Cool roof,401310.0,1.0,2.491839226533104e-06
+102147+29131,26.169271699705074,91.76066048459064,built_up,Medium,26.70694,0.26811382,Cool roof,401310.0,1.0,2.491839226533104e-06
+102147+29132,26.170170014901604,91.76066048478503,built_up,High,26.921051,0.2266608,Cool roof,401310.0,1.0,2.491839226533104e-06
+102147+29133,26.17106832994701,91.76066048496013,built_up,Medium,26.834564,0.31268203,Cool roof,401310.0,1.0,2.491839226533104e-06
+102147+29134,26.171966645168336,91.76066048489017,built_up,High,26.746155,0.21372458,Cool roof,401310.0,1.0,2.491839226533104e-06
+102147+29135,26.172864960468868,91.76066048502705,built_up,High,26.572357,0.18970543,Cool roof,401310.0,1.0,2.491839226533104e-06
+102147+29136,26.17376327616947,91.76066048514436,built_up,Medium,26.623444,0.26527217,Cool roof,401310.0,1.0,2.491839226533104e-06
+102147+29137,26.1746615908702,91.76066048501622,built_up,Medium,26.564697,0.31457108,Cool roof,401310.0,1.0,2.491839226533104e-06
+102147+29139,26.176458222187183,91.76066048515402,built_up,Medium,26.182587,0.32486704,Cool roof,401310.0,1.0,2.491839226533104e-06
+102147+29140,26.177356537043824,91.7606604849681,built_up,Medium,25.397675,0.3999766,Cool roof,401310.0,1.0,2.491839226533104e-06
+102147+29143,26.180051483062787,91.76066048474584,built_up,Medium,26.542542,0.25657088,Cool roof,401310.0,1.0,2.491839226533104e-06
+102147+29144,26.18094979793503,91.76066048493428,built_up,High,26.773132,0.19712597,Cool roof,401310.0,1.0,2.491839226533104e-06
+102147+29145,26.18184811366256,91.7606604851034,built_up,High,26.97519,0.21701242,Cool roof,401310.0,1.0,2.491839226533104e-06
+102147+29146,26.182746428386444,91.76066048502726,built_up,High,27.029236,0.22956534,Cool roof,401310.0,1.0,2.491839226533104e-06
+102147+29147,26.18364474396847,91.7606604851575,built_up,Medium,26.644684,0.22824812,Cool roof,401310.0,1.0,2.491839226533104e-06
+102147+29148,26.184543059496274,91.76066048504248,built_up,Medium,26.17575,0.21716446,Cool roof,401310.0,1.0,2.491839226533104e-06
+102147+29149,26.18544137447732,91.76066048490792,built_up,Medium,26.14032,0.22934908,Cool roof,401310.0,1.0,2.491839226533104e-06
+102147+29150,26.18633968967917,91.76066048498018,built_up,Medium,26.628479,0.24510542,Cool roof,401310.0,1.0,2.491839226533104e-06
+102147+29151,26.187238005145964,91.76066048503311,built_up,Medium,26.671783,0.2365549,Cool roof,401310.0,1.0,2.491839226533104e-06
+102147+29152,26.188136320834005,91.7606604848406,built_up,Medium,26.514832,0.30682716,Cool roof,401310.0,1.0,2.491839226533104e-06
+102147+29153,26.18903463534352,91.76066048462869,built_up,Medium,25.831635,0.25731254,Cool roof,401310.0,1.0,2.491839226533104e-06
+102147+29155,26.19083126624822,91.76066048459884,built_up,Medium,25.286102,0.30745322,Cool roof,401310.0,1.0,2.491839226533104e-06
+102147+29156,26.19172958192096,91.76066048478069,built_up,Medium,24.880463,0.3328366,Cool roof,401310.0,1.0,2.491839226533104e-06
+102147+29157,26.192627896774383,91.76066048494296,built_up,Medium,25.122955,0.29464322,Cool roof,401310.0,1.0,2.491839226533104e-06
+102147+29158,26.19352621185052,91.76066048485995,built_up,Medium,25.971375,0.3197929,Cool roof,401310.0,1.0,2.491839226533104e-06
+102147+29161,26.1962211576976,91.76066048494673,built_up,Medium,23.844513,0.31405276,Cool roof,401310.0,1.0,2.491839226533104e-06
+102147+29162,26.197119473306536,91.7606604847864,built_up,Medium,24.281097,0.21629652,Cool roof,401310.0,1.0,2.491839226533104e-06
+102148+29122,26.161186861528144,91.76155879971589,built_up,Medium,26.124237,0.29281414,Cool roof,401310.0,1.0,2.491839226533104e-06
+102148+29123,26.162085177116715,91.761558799767,built_up,Medium,25.777313,0.29217127,Cool roof,401310.0,1.0,2.491839226533104e-06
+102148+29124,26.16298349264174,91.76155879979926,built_up,Medium,26.155548,0.3924386,Cool roof,401310.0,1.0,2.491839226533104e-06
+102148+29126,26.16478012289973,91.7615588000326,built_up,Medium,27.53656,0.2925311,Cool roof,401310.0,1.0,2.491839226533104e-06
+102148+29128,26.16657675388505,91.7615587999636,built_up,Medium,27.107635,0.3137602,Cool roof,401310.0,1.0,2.491839226533104e-06
+102148+29129,26.16747506868192,91.76155879990056,built_up,Medium,26.649597,0.37027034,Cool roof,401310.0,1.0,2.491839226533104e-06
+102148+29130,26.16837338374024,91.7615587998182,built_up,Medium,26.61795,0.35075042,Cool roof,401310.0,1.0,2.491839226533104e-06
+102148+29131,26.16927169974264,91.76155879994263,built_up,Medium,26.34018,0.3413645,Cool roof,401310.0,1.0,2.491839226533104e-06
+102148+29132,26.170170014923684,91.76155879982228,built_up,High,26.459808,0.20938164,Cool roof,401310.0,1.0,2.491839226533104e-06
+102148+29133,26.171068329953613,91.76155879968285,built_up,Medium,26.906403,0.24803218,Cool roof,401310.0,1.0,2.491839226533104e-06
+102148+29134,26.171966645159472,91.76155879974996,built_up,High,27.031158,0.20540763,Cool roof,401310.0,1.0,2.491839226533104e-06
+102148+29135,26.17286496044469,91.76155879957209,built_up,High,26.93518,0.220493,Cool roof,401310.0,1.0,2.491839226533104e-06
+102148+29136,26.17376327612965,91.7615587993753,built_up,High,27.190826,0.2586754,Cool roof,401310.0,1.0,2.491839226533104e-06
+102148+29137,26.174661590996863,91.76155879961128,built_up,Medium,26.891907,0.24924286,Cool roof,401310.0,1.0,2.491839226533104e-06
+102148+29140,26.177356536941915,91.76155879975248,built_up,Medium,26.113739,0.3428718,Cool roof,401310.0,1.0,2.491839226533104e-06
+102148+29143,26.18005148291445,91.76155879994728,built_up,Medium,26.482819,0.28681645,Cool roof,401310.0,1.0,2.491839226533104e-06
+102148+29144,26.18094979813516,91.76155879982316,built_up,High,26.440216,0.19402464,Cool roof,401310.0,1.0,2.491839226533104e-06
+102148+29145,26.18184811348346,91.76155879968016,built_up,Medium,26.457397,0.24643768,Cool roof,401310.0,1.0,2.491839226533104e-06
+102148+29146,26.18274642855544,91.76155879974375,built_up,High,26.601898,0.21870112,Cool roof,401310.0,1.0,2.491839226533104e-06
+102148+29147,26.18364474394038,91.76155879978847,built_up,Medium,26.360321,0.25591242,Cool roof,401310.0,1.0,2.491839226533104e-06
+102148+29148,26.18454305945237,91.76155879981408,built_up,Medium,26.2359,0.2044898,Cool roof,401310.0,1.0,2.491839226533104e-06
+102148+29149,26.185441374417927,91.76155879982036,built_up,High,26.428772,0.190611,Cool roof,401310.0,1.0,2.491839226533104e-06
+102148+29150,26.18633968978625,91.76155879980732,built_up,High,26.88559,0.23273258,Cool roof,401310.0,1.0,2.491839226533104e-06
+102148+29151,26.187238005055622,91.7615587997752,built_up,Medium,26.834015,0.260421,Cool roof,401310.0,1.0,2.491839226533104e-06
+102148+29152,26.18813632072819,91.76155879972416,built_up,Medium,26.859161,0.3625112,Cool roof,401310.0,1.0,2.491839226533104e-06
+102148+29154,26.189932950931787,91.76155880001603,built_up,Medium,25.22879,0.36797193,Cool roof,401310.0,1.0,2.491839226533104e-06
+102148+29157,26.19262789677279,91.76155879985834,built_up,Medium,24.319855,0.31609815,Cool roof,401310.0,1.0,2.491839226533104e-06
+102148+29158,26.19352621183329,91.76155879991796,built_up,Medium,25.464691,0.26598585,Cool roof,401310.0,1.0,2.491839226533104e-06
+102148+29159,26.194424526981614,91.76155879995828,built_up,Medium,25.904816,0.28410685,Cool roof,401310.0,1.0,2.491839226533104e-06
+102148+29162,26.197119473227232,91.76155879996458,built_up,Medium,24.332611,0.24132492,Cool roof,401310.0,1.0,2.491839226533104e-06
+102148+29163,26.19801778867976,91.76155879970226,built_up,Medium,24.449097,0.3274396,Cool roof,401310.0,1.0,2.491839226533104e-06
+102149+29122,26.161186861449423,91.76245711523208,built_up,Medium,26.31894,0.21071902,Cool roof,401310.0,1.0,2.491839226533104e-06
+102149+29123,26.162085177204684,91.7624571151924,built_up,Medium,25.816895,0.23978068,Cool roof,401310.0,1.0,2.491839226533104e-06
+102149+29124,26.162983492532582,91.76245711513386,built_up,Medium,25.87613,0.30819353,Cool roof,401310.0,1.0,2.491839226533104e-06
+102149+29126,26.16478012294216,91.7624571149601,built_up,High,27.638977,0.22482969,Cool roof,401310.0,1.0,2.491839226533104e-06
+102149+29128,26.16657675389669,91.76245711516265,built_up,Medium,27.167267,0.39782497,Cool roof,401310.0,1.0,2.491839226533104e-06
+102149+29129,26.167475068496284,91.76245711500964,built_up,Medium,26.794952,0.29868367,Cool roof,401310.0,1.0,2.491839226533104e-06
+102149+29130,26.16837338390326,91.76245711506394,built_up,Medium,26.765167,0.30596098,Cool roof,401310.0,1.0,2.491839226533104e-06
+102149+29131,26.16927169970837,91.76245711509934,built_up,High,26.76294,0.22742273,Cool roof,401310.0,1.0,2.491839226533104e-06
+102149+29132,26.170170014874124,91.76245711511564,built_up,High,26.995758,0.19597359,Cool roof,401310.0,1.0,2.491839226533104e-06
+102149+29133,26.17106832988876,91.76245711511304,built_up,High,27.219696,0.21414283,Cool roof,401310.0,1.0,2.491839226533104e-06
+102149+29134,26.17196664526129,91.7624571150918,built_up,Medium,26.949188,0.2788733,Cool roof,401310.0,1.0,2.491839226533104e-06
+102149+29135,26.17286496034924,91.7624571152776,built_up,Medium,27.11969,0.28335544,Cool roof,401310.0,1.0,2.491839226533104e-06
+102149+29136,26.17376327620087,91.7624571154443,built_up,High,27.312561,0.24260148,Cool roof,401310.0,1.0,2.491839226533104e-06
+102149+29137,26.1746615910528,91.76245711536616,built_up,Medium,26.901886,0.2621561,Cool roof,401310.0,1.0,2.491839226533104e-06
+102149+29138,26.175559906205866,91.76245711504323,built_up,Medium,26.745544,0.3011632,Cool roof,401310.0,1.0,2.491839226533104e-06
+102149+29139,26.17645822212643,91.76245711492736,built_up,Medium,26.851044,0.2595238,Cool roof,401310.0,1.0,2.491839226533104e-06
+102149+29140,26.17735653695195,91.76245711501872,built_up,High,26.729462,0.2133387,Cool roof,401310.0,1.0,2.491839226533104e-06
+102149+29141,26.17825485190368,91.76245711509122,built_up,High,26.091644,0.18318556,Cool roof,401310.0,1.0,2.491839226533104e-06
+102149+29142,26.179153167984108,91.7624571151444,built_up,Medium,25.875519,0.23481388,Cool roof,401310.0,1.0,2.491839226533104e-06
+102149+29143,26.18005148287842,91.76245711517892,built_up,Medium,26.345795,0.24812306,Cool roof,401310.0,1.0,2.491839226533104e-06
+102149+29144,26.180949798083983,91.76245711519476,built_up,High,26.398285,0.16567625,Cool roof,401310.0,1.0,2.491839226533104e-06
+102149+29145,26.18184811341665,91.76245711519128,built_up,Medium,26.360504,0.2632235,Cool roof,401310.0,1.0,2.491839226533104e-06
+102149+29146,26.18274642865547,91.76245711516891,built_up,Medium,26.88089,0.26042056,Cool roof,401310.0,1.0,2.491839226533104e-06
+102149+29147,26.18364474384315,91.76245711512767,built_up,High,26.910553,0.23349616,Cool roof,401310.0,1.0,2.491839226533104e-06
+102149+29148,26.184543059521623,91.76245711506732,built_up,High,26.459564,0.18876863,Cool roof,401310.0,1.0,2.491839226533104e-06
+102149+29149,26.185441374472063,91.76245711521427,built_up,High,26.468475,0.16881537,Cool roof,401310.0,1.0,2.491839226533104e-06
+102149+29150,26.18633968982474,91.76245711534231,built_up,High,27.095947,0.24016818,Cool roof,401310.0,1.0,2.491839226533104e-06
+102149+29151,26.18723800489704,91.76245711522532,built_up,High,27.133942,0.22356261,Cool roof,401310.0,1.0,2.491839226533104e-06
+102149+29152,26.18813632091821,91.76245711531536,built_up,High,26.939423,0.22960839,Cool roof,401310.0,1.0,2.491839226533104e-06
+102149+29153,26.189034635396595,91.76245711538655,built_up,Medium,26.394196,0.29069063,Cool roof,401310.0,1.0,2.491839226533104e-06
+102149+29154,26.189932950909085,91.76245711521288,built_up,Medium,26.155731,0.32732618,Cool roof,401310.0,1.0,2.491839226533104e-06
+102149+29155,26.19083126623959,91.76245711502013,built_up,Medium,25.30542,0.36289698,Cool roof,401310.0,1.0,2.491839226533104e-06
+102149+29157,26.1926278967042,91.7624571150296,built_up,Medium,24.246307,0.33729258,Cool roof,401310.0,1.0,2.491839226533104e-06
+102149+29158,26.193526211931,91.76245711500611,built_up,Medium,24.912842,0.3339396,Cool roof,401310.0,1.0,2.491839226533104e-06
+102149+29159,26.194424527064022,91.76245711518952,built_up,Medium,25.503265,0.32677612,Cool roof,401310.0,1.0,2.491839226533104e-06
+102149+29160,26.19532284332725,91.76245711512784,built_up,Medium,25.077637,0.4018153,Cool roof,401310.0,1.0,2.491839226533104e-06
+102149+29162,26.19711947326358,91.76245711517336,built_up,Medium,24.06842,0.3234644,Cool roof,401310.0,1.0,2.491839226533104e-06
+102150+29122,26.161186861661427,91.7633554304292,built_up,High,26.759125,0.1559224,Cool roof,401310.0,1.0,2.491839226533104e-06
+102150+29124,26.162983492532184,91.76335543082664,built_up,Medium,26.125183,0.23325343,Cool roof,401310.0,1.0,2.491839226533104e-06
+102150+29125,26.163881807660584,91.76335543065862,built_up,Medium,26.615387,0.30459026,Cool roof,401310.0,1.0,2.491839226533104e-06
+102150+29126,26.164780122911328,91.76335543047172,built_up,High,27.272186,0.24482484,Cool roof,401310.0,1.0,2.491839226533104e-06
+102150+29127,26.1656784384668,91.76335543049206,built_up,Medium,27.176514,0.31544554,Cool roof,401310.0,1.0,2.491839226533104e-06
+102150+29129,26.167475068420448,91.76335543047762,built_up,Medium,26.941772,0.31782886,Cool roof,401310.0,1.0,2.491839226533104e-06
+102150+29130,26.168373383994293,91.7633554304422,built_up,Medium,26.826996,0.33528724,Cool roof,401310.0,1.0,2.491839226533104e-06
+102150+29131,26.16927169978427,91.76335543061404,built_up,High,26.980011,0.23227699,Cool roof,401310.0,1.0,2.491839226533104e-06
+102150+29132,26.170170014934907,91.76335543076743,built_up,High,27.335602,0.17663519,Cool roof,401310.0,1.0,2.491839226533104e-06
+102150+29133,26.17106832975244,91.76335543067624,built_up,High,27.228638,0.2272524,Cool roof,401310.0,1.0,2.491839226533104e-06
+102150+29134,26.171966645291832,91.76335543056616,built_up,High,26.951447,0.23046507,Cool roof,401310.0,1.0,2.491839226533104e-06
+102150+29135,26.172864960364656,91.7633554304374,built_up,High,27.147064,0.26231566,Cool roof,401310.0,1.0,2.491839226533104e-06
+102150+29136,26.173763276201,91.76335543029002,built_up,High,27.176636,0.24362092,Cool roof,401310.0,1.0,2.491839226533104e-06
+102150+29137,26.174661591037967,91.76335543034988,built_up,High,26.965729,0.22584525,Cool roof,401310.0,1.0,2.491839226533104e-06
+102150+29138,26.17555990617592,91.76335543061724,built_up,High,26.923798,0.23128143,Cool roof,401310.0,1.0,2.491839226533104e-06
+102150+29139,26.1764582220812,91.76335543063976,built_up,High,27.114319,0.20802712,Cool roof,401310.0,1.0,2.491839226533104e-06
+102150+29140,26.177356537073905,91.76335543064364,built_up,High,26.939514,0.21951033,Cool roof,401310.0,1.0,2.491839226533104e-06
+102150+29141,26.1782548518282,91.76335543062886,built_up,High,26.416077,0.20171572,Cool roof,401310.0,1.0,2.491839226533104e-06
+102150+29142,26.17915316789352,91.76335543036949,built_up,Medium,26.111877,0.23234351,Cool roof,401310.0,1.0,2.491839226533104e-06
+102150+29143,26.18005148295484,91.76335543031736,built_up,Medium,26.287537,0.22601847,Cool roof,401310.0,1.0,2.491839226533104e-06
+102150+29144,26.18094979814511,91.76335543047227,built_up,Medium,26.196991,0.21186276,Cool roof,401310.0,1.0,2.491839226533104e-06
+102150+29145,26.18184811346248,91.76335543060858,built_up,Medium,26.067047,0.35018465,Cool roof,401310.0,1.0,2.491839226533104e-06
+102150+29146,26.18274642850457,91.76335543050048,built_up,Medium,26.910126,0.3048887,Cool roof,401310.0,1.0,2.491839226533104e-06
+102150+29147,26.18364474385874,91.7633554303737,built_up,Medium,26.836761,0.2541703,Cool roof,401310.0,1.0,2.491839226533104e-06
+102150+29148,26.184543059522085,91.76335543045398,built_up,Medium,26.251434,0.26649758,Cool roof,401310.0,1.0,2.491839226533104e-06
+102150+29149,26.18544137463937,91.7633554305154,built_up,High,26.313263,0.1805271,Cool roof,401310.0,1.0,2.491839226533104e-06
+102150+29150,26.186339689794973,91.76335543055814,built_up,Medium,26.74469,0.23843801,Cool roof,401310.0,1.0,2.491839226533104e-06
+102150+29151,26.187238004851974,91.76335543058222,built_up,High,26.758942,0.23424779,Cool roof,401310.0,1.0,2.491839226533104e-06
+102150+29152,26.18813632085803,91.76335543036149,built_up,Medium,26.755463,0.31519473,Cool roof,401310.0,1.0,2.491839226533104e-06
+102150+29153,26.18903463532147,91.76335543012226,built_up,Medium,26.703522,0.28621656,Cool roof,401310.0,1.0,2.491839226533104e-06
+102150+29154,26.189932951000443,91.76335543031608,built_up,Medium,26.400604,0.3897428,Cool roof,401310.0,1.0,2.491839226533104e-06
+102150+29155,26.190831266133884,91.76335543049105,built_up,Medium,25.096527,0.34708962,Cool roof,401310.0,1.0,2.491839226533104e-06
+102150+29156,26.191729581942507,91.76335543042158,built_up,Medium,24.30722,0.3519351,Cool roof,401310.0,1.0,2.491839226533104e-06
+102150+29157,26.192627896750203,91.7633554305592,built_up,Medium,24.610779,0.2652063,Cool roof,401310.0,1.0,2.491839226533104e-06
+102150+29158,26.19352621196188,91.76335543067816,built_up,Medium,24.780304,0.30641508,Cool roof,401310.0,1.0,2.491839226533104e-06
+102150+29159,26.194424527079622,91.76335543055248,built_up,Medium,25.268463,0.2727705,Cool roof,401310.0,1.0,2.491839226533104e-06
+102150+29161,26.196221157670585,91.76335543069662,built_up,Medium,24.610779,0.33028263,Cool roof,401310.0,1.0,2.491839226533104e-06
+102150+29162,26.197119473233464,91.76335543051452,built_up,Medium,24.473328,0.30613777,Cool roof,401310.0,1.0,2.491839226533104e-06
+102151+29122,26.16118686179984,91.7642537454813,built_up,High,26.947937,0.21731892,Cool roof,401310.0,1.0,2.491839226533104e-06
+102151+29123,26.16208517716088,91.76425374525934,bare_sparse,High,26.74643,0.17668381,Green park,1025570.0,2.0,1.9501350468519945e-06
+102151+29124,26.162983492640524,91.76425374524486,built_up,Medium,26.687225,0.23983149,Cool roof,401310.0,1.0,2.491839226533104e-06
+102151+29125,26.163881807572345,91.76425374543784,built_up,Medium,26.708466,0.272038,Cool roof,401310.0,1.0,2.491839226533104e-06
+102151+29126,26.16478012298996,91.76425374561282,built_up,High,26.852203,0.21138752,Cool roof,401310.0,1.0,2.491839226533104e-06
+102151+29127,26.16567843834868,91.76425374554344,built_up,Medium,26.781982,0.24943417,Cool roof,401310.0,1.0,2.491839226533104e-06
+102151+29128,26.16657675388472,91.7642537454552,built_up,Medium,26.520752,0.29392445,Cool roof,401310.0,1.0,2.491839226533104e-06
+102151+29129,26.16747506845441,91.76425374557442,built_up,High,26.926056,0.24074101,Cool roof,401310.0,1.0,2.491839226533104e-06
+102151+29130,26.168373384013144,91.76425374567542,built_up,High,26.878296,0.21279888,Cool roof,401310.0,1.0,2.491839226533104e-06
+102151+29131,26.169271699788546,91.76425374553229,built_up,High,27.125397,0.2441395,Cool roof,401310.0,1.0,2.491839226533104e-06
+102151+29132,26.17017001492388,91.76425374537048,built_up,High,27.467133,0.26802012,Cool roof,401310.0,1.0,2.491839226533104e-06
+102151+29133,26.17106832972682,91.76425374541616,built_up,High,26.992157,0.24372655,Cool roof,401310.0,1.0,2.491839226533104e-06
+102151+29134,26.171966645250908,91.7642537454436,built_up,Medium,26.86905,0.2675311,Cool roof,401310.0,1.0,2.491839226533104e-06
+102151+29135,26.172864960490944,91.76425374567836,built_up,High,27.037323,0.24186422,Cool roof,401310.0,1.0,2.491839226533104e-06
+102151+29136,26.173763276130188,91.76425374589464,built_up,Medium,26.828766,0.2693291,Cool roof,401310.0,1.0,2.491839226533104e-06
+102151+29137,26.1746615909524,91.76425374564062,built_up,Medium,27.096466,0.28588074,Cool roof,401310.0,1.0,2.491839226533104e-06
+102151+29138,26.175559906257376,91.76425374536817,built_up,Medium,26.657928,0.26431245,Cool roof,401310.0,1.0,2.491839226533104e-06
+102151+29139,26.17645822214771,91.76425374552932,built_up,Medium,26.153229,0.22907697,Cool roof,401310.0,1.0,2.491839226533104e-06
+102151+29140,26.17735653694333,91.76425374544591,built_up,Medium,25.850616,0.2553132,Cool roof,401310.0,1.0,2.491839226533104e-06
+102151+29141,26.17825485186465,91.76425374534384,built_up,Medium,26.001923,0.23658025,Cool roof,401310.0,1.0,2.491839226533104e-06
+102151+29142,26.179153167915185,91.76425374567542,built_up,Medium,26.127838,0.22093873,Cool roof,401310.0,1.0,2.491839226533104e-06
+102151+29143,26.18005148296123,91.7642537457624,built_up,Medium,26.382538,0.23411065,Cool roof,401310.0,1.0,2.491839226533104e-06
+102151+29144,26.18094979813674,91.764253745605,built_up,Medium,26.27835,0.24166043,Cool roof,401310.0,1.0,2.491839226533104e-06
+102151+29145,26.18184811343916,91.76425374542936,built_up,Medium,26.034332,0.31704432,Cool roof,401310.0,1.0,2.491839226533104e-06
+102151+29146,26.18274642846632,91.764253745461,built_up,Medium,26.69461,0.31611314,Cool roof,401310.0,1.0,2.491839226533104e-06
+102151+29147,26.18364474398733,91.76425374569996,built_up,Medium,26.33609,0.22709759,Cool roof,401310.0,1.0,2.491839226533104e-06
+102151+29148,26.18454305945396,91.76425374569472,built_up,Medium,26.110443,0.22947638,Cool roof,401310.0,1.0,2.491839226533104e-06
+102151+29149,26.185441374555936,91.76425374544507,built_up,High,26.35498,0.19483663,Cool roof,401310.0,1.0,2.491839226533104e-06
+102151+29150,26.18633968987873,91.76425374540274,built_up,Medium,26.422699,0.2523823,Cool roof,401310.0,1.0,2.491839226533104e-06
+102151+29153,26.18903463536024,91.7642537458427,built_up,Medium,26.498169,0.31280637,Cool roof,401310.0,1.0,2.491839226533104e-06
+102151+29156,26.19172958193626,91.76425374566408,built_up,Medium,23.918427,0.3085039,Cool roof,401310.0,1.0,2.491839226533104e-06
+102151+29157,26.192627896728848,91.7642537454922,built_up,Medium,24.61264,0.34068763,Cool roof,401310.0,1.0,2.491839226533104e-06
+102151+29158,26.1935262121077,91.76425374552784,built_up,Medium,25.284576,0.38266513,Cool roof,401310.0,1.0,2.491839226533104e-06
+102151+29159,26.19442452684627,91.7642537455448,built_up,Medium,25.213959,0.29174167,Cool roof,401310.0,1.0,2.491839226533104e-06
+102151+29160,26.195322843443137,91.76425374531712,built_up,Medium,25.103516,0.35755455,Cool roof,401310.0,1.0,2.491839226533104e-06
+102151+29162,26.19711947313724,91.76425374571056,built_up,Medium,25.343231,0.31257662,Cool roof,401310.0,1.0,2.491839226533104e-06
+102152+29122,26.16118686150067,91.76515206111787,built_up,High,26.79831,0.23446386,Cool roof,401310.0,1.0,2.491839226533104e-06
+102152+29123,26.16208517721109,91.76515206103082,built_up,High,26.719513,0.22001812,Cool roof,401310.0,1.0,2.491839226533104e-06
+102152+29124,26.16298349267598,91.76515206115164,built_up,Medium,26.72165,0.23954101,Cool roof,401310.0,1.0,2.491839226533104e-06
+102152+29125,26.16388180759303,91.76515206102836,built_up,Medium,26.681366,0.27928174,Cool roof,401310.0,1.0,2.491839226533104e-06
+102152+29126,26.164780122996056,91.7651520608866,built_up,Medium,26.70456,0.23874141,Cool roof,401310.0,1.0,2.491839226533104e-06
+102152+29127,26.165678438339828,91.76515206095256,built_up,Medium,26.39383,0.24850693,Cool roof,401310.0,1.0,2.491839226533104e-06
+102152+29128,26.166576753861104,91.76515206100052,built_up,Medium,26.112854,0.25261724,Cool roof,401310.0,1.0,2.491839226533104e-06
+102152+29129,26.16747506859819,91.76515206103048,built_up,Medium,26.37326,0.29055586,Cool roof,401310.0,1.0,2.491839226533104e-06
+102152+29130,26.16837338396,91.765152061042,built_up,Medium,26.518707,0.23194785,Cool roof,401310.0,1.0,2.491839226533104e-06
+102152+29131,26.1692716997208,91.76515206103508,built_up,High,27.045624,0.24426997,Cool roof,401310.0,1.0,2.491839226533104e-06
+102152+29132,26.1701700148412,91.76515206101014,built_up,High,27.225403,0.24813993,Cool roof,401310.0,1.0,2.491839226533104e-06
+102152+29133,26.17106832981153,91.765152060967,built_up,Medium,26.841034,0.29731807,Cool roof,401310.0,1.0,2.491839226533104e-06
+102152+29134,26.17196664532086,91.76515206113156,built_up,Medium,27.019196,0.34029344,Cool roof,401310.0,1.0,2.491839226533104e-06
+102152+29135,26.172864960545954,91.76515206105196,built_up,Medium,27.001709,0.26051673,Cool roof,401310.0,1.0,2.491839226533104e-06
+102152+29136,26.173763276170785,91.76515206095436,built_up,Medium,26.766144,0.25136232,Cool roof,401310.0,1.0,2.491839226533104e-06
+102152+29137,26.174661590795907,91.76515206106448,built_up,Medium,27.030182,0.2676512,Cool roof,401310.0,1.0,2.491839226533104e-06
+102152+29138,26.175559906268088,91.76515206115594,built_up,Medium,26.406158,0.3256537,Cool roof,401310.0,1.0,2.491839226533104e-06
+102152+29139,26.17645822214383,91.76515206100323,built_up,Medium,25.294312,0.356171,Cool roof,401310.0,1.0,2.491839226533104e-06
+102152+29141,26.178254852013204,91.76515206132122,built_up,Medium,25.042725,0.35410574,Cool roof,401310.0,1.0,2.491839226533104e-06
+102152+29142,26.179153167866847,91.76515206111408,built_up,Medium,25.838837,0.24678917,Cool roof,401310.0,1.0,2.491839226533104e-06
+102152+29143,26.180051482898115,91.7651520608887,built_up,Medium,26.442657,0.26149392,Cool roof,401310.0,1.0,2.491839226533104e-06
+102152+29144,26.18094979805887,91.76515206087105,built_up,Medium,26.251556,0.2916354,Cool roof,401310.0,1.0,2.491839226533104e-06
+102152+29145,26.181848113528485,91.76515206106087,built_up,Medium,26.13852,0.37587962,Cool roof,401310.0,1.0,2.491839226533104e-06
+102152+29146,26.18274642854052,91.76515206123231,built_up,Medium,26.533356,0.3911294,Cool roof,401310.0,1.0,2.491839226533104e-06
+102152+29147,26.183644744046948,91.76515206115955,built_up,Medium,26.50055,0.27514517,Cool roof,401310.0,1.0,2.491839226533104e-06
+102152+29148,26.18454305931685,91.76515206106858,built_up,High,26.570587,0.20140475,Cool roof,401310.0,1.0,2.491839226533104e-06
+102152+29149,26.185441374404075,91.76515206095937,built_up,Medium,26.508362,0.23390837,Cool roof,401310.0,1.0,2.491839226533104e-06
+102152+29150,26.186339689894066,91.76515206083216,built_up,Medium,26.395782,0.28134194,Cool roof,401310.0,1.0,2.491839226533104e-06
+102152+29151,26.18723800510296,91.76515206091248,built_up,Medium,26.156982,0.3563313,Cool roof,401310.0,1.0,2.491839226533104e-06
+102152+29152,26.1881363207154,91.76515206097432,built_up,Medium,25.838165,0.45226333,Cool roof,401310.0,1.0,2.491839226533104e-06
+102152+29153,26.18903463533092,91.765152060792,built_up,Medium,25.891571,0.35121176,Cool roof,401310.0,1.0,2.491839226533104e-06
+102152+29154,26.18993295098019,91.76515206081744,built_up,Medium,26.314728,0.46919557,Cool roof,401310.0,1.0,2.491839226533104e-06
+102152+29159,26.19442452691015,91.76515206112178,built_up,Medium,24.77771,0.37091276,Cool roof,401310.0,1.0,2.491839226533104e-06
+102153+29122,26.16118686149205,91.76605037656016,built_up,High,26.918976,0.19959627,Cool roof,401310.0,1.0,2.491839226533104e-06
+102153+29123,26.162085177188068,91.76605037660798,built_up,High,26.933258,0.18389632,Cool roof,401310.0,1.0,2.491839226533104e-06
+102153+29124,26.162983492638368,91.76605037641188,built_up,Medium,26.775543,0.25097725,Cool roof,401310.0,1.0,2.491839226533104e-06
+102153+29125,26.16388180772282,91.7660503766496,built_up,Medium,26.784576,0.2509239,Cool roof,401310.0,1.0,2.491839226533104e-06
+102153+29126,26.164780122929265,91.76605037686952,built_up,Medium,27.017365,0.27518442,Cool roof,401310.0,1.0,2.491839226533104e-06
+102153+29127,26.165678438258453,91.76605037661965,built_up,Medium,26.540192,0.29163793,Cool roof,401310.0,1.0,2.491839226533104e-06
+102153+29128,26.16657675376514,91.76605037635152,built_up,Medium,26.48529,0.33223817,Cool roof,401310.0,1.0,2.491839226533104e-06
+102153+29129,26.1674750686698,91.76605037629136,built_up,Medium,26.51715,0.25116256,Cool roof,401310.0,1.0,2.491839226533104e-06
+102153+29130,26.16837338401684,91.76605037643928,built_up,Medium,26.164825,0.3151962,Cool roof,401310.0,1.0,2.491839226533104e-06
+102153+29131,26.169271699763065,91.76605037656924,built_up,Medium,26.589752,0.27490056,Cool roof,401310.0,1.0,2.491839226533104e-06
+102153+29132,26.170170014687063,91.76605037645524,built_up,Medium,26.854706,0.29606846,Cool roof,401310.0,1.0,2.491839226533104e-06
+102153+29133,26.17106833000659,91.76605037654922,built_up,Medium,26.607574,0.23812477,Cool roof,401310.0,1.0,2.491839226533104e-06
+102153+29134,26.17196664531953,91.76605037662516,built_up,Medium,26.658783,0.30347586,Cool roof,401310.0,1.0,2.491839226533104e-06
+102153+29135,26.17286496034788,91.76605037645716,built_up,Medium,26.897797,0.24631289,Cool roof,401310.0,1.0,2.491839226533104e-06
+102153+29136,26.17376327614028,91.76605037627098,built_up,Medium,26.886505,0.26810437,Cool roof,401310.0,1.0,2.491839226533104e-06
+102153+29137,26.174661590932605,91.76605037629272,built_up,Medium,26.936798,0.33366325,Cool roof,401310.0,1.0,2.491839226533104e-06
+102153+29138,26.175559906390205,91.7660503765226,built_up,Medium,26.441864,0.4138952,Cool roof,401310.0,1.0,2.491839226533104e-06
+102153+29143,26.18005148294748,91.76605037649784,built_up,Medium,26.161713,0.27189824,Cool roof,401310.0,1.0,2.491839226533104e-06
+102153+29144,26.18094979809328,91.7660503766195,built_up,Medium,26.39273,0.24615423,Cool roof,401310.0,1.0,2.491839226533104e-06
+102153+29145,26.18184811354832,91.766050376497,built_up,Medium,26.603699,0.268774,Cool roof,401310.0,1.0,2.491839226533104e-06
+102153+29146,26.18274642854576,91.76605037635672,built_up,Medium,26.87439,0.29551876,Cool roof,401310.0,1.0,2.491839226533104e-06
+102153+29147,26.1836447440376,91.76605037642436,built_up,Medium,26.897339,0.2849997,Cool roof,401310.0,1.0,2.491839226533104e-06
+102153+29148,26.184543059292743,91.76605037647384,built_up,High,26.825714,0.20062312,Cool roof,401310.0,1.0,2.491839226533104e-06
+102153+29149,26.18544137436556,91.76605037650528,built_up,Medium,26.575897,0.24816225,Cool roof,401310.0,1.0,2.491839226533104e-06
+102153+29150,26.186339689840963,91.76605037651872,built_up,Medium,26.240356,0.2441901,Cool roof,401310.0,1.0,2.491839226533104e-06
+102153+29151,26.18723800521705,91.76605037651416,built_up,Medium,26.19159,0.29775223,Cool roof,401310.0,1.0,2.491839226533104e-06
+102153+29152,26.18813632063278,91.76605037649138,built_up,Medium,26.34317,0.38443342,Cool roof,401310.0,1.0,2.491839226533104e-06
+102153+29153,26.18903463523389,91.7660503764506,built_up,Medium,25.922516,0.35456327,Cool roof,401310.0,1.0,2.491839226533104e-06
+102153+29154,26.18993295105034,91.7660503763918,built_up,Medium,26.52475,0.33832097,Cool roof,401310.0,1.0,2.491839226533104e-06
+102153+29155,26.19083126632126,91.7660503763148,built_up,Medium,25.879425,0.3134936,Cool roof,401310.0,1.0,2.491839226533104e-06
+102153+29161,26.19622115759101,91.76605037637722,built_up,Medium,24.894043,0.37151337,Cool roof,401310.0,1.0,2.491839226533104e-06
+102154+29122,26.16118686159219,91.76694869148302,built_up,Medium,26.84433,0.3345289,Cool roof,401310.0,1.0,2.491839226533104e-06
+102154+29123,26.162085177091623,91.76694869143978,built_up,Medium,26.773163,0.24765445,Cool roof,401310.0,1.0,2.491839226533104e-06
+102154+29124,26.16298349270968,91.76694869160468,built_up,Medium,27.006378,0.29496595,Cool roof,401310.0,1.0,2.491839226533104e-06
+102154+29125,26.16388180777972,91.76694869152612,built_up,High,27.165497,0.26420313,Cool roof,401310.0,1.0,2.491839226533104e-06
+102154+29126,26.164780122971752,91.76694869142956,built_up,High,27.538544,0.22242244,Cool roof,401310.0,1.0,2.491839226533104e-06
+102154+29127,26.165678438104543,91.76694869154112,built_up,High,27.153107,0.2158705,Cool roof,401310.0,1.0,2.491839226533104e-06
+102154+29128,26.16657675377881,91.76694869163514,built_up,High,26.954681,0.18134034,Cool roof,401310.0,1.0,2.491839226533104e-06
+102154+29129,26.16747506866888,91.76694869171116,built_up,Medium,26.579865,0.23666708,Cool roof,401310.0,1.0,2.491839226533104e-06
+102154+29130,26.16837338400204,91.76694869154367,built_up,Medium,26.169952,0.33032027,Cool roof,401310.0,1.0,2.491839226533104e-06
+102154+29131,26.169271699733315,91.76694869135844,built_up,Medium,26.695831,0.26685268,Cool roof,401310.0,1.0,2.491839226533104e-06
+102154+29132,26.17017001482524,91.76694869160704,built_up,Medium,27.081818,0.27083957,Cool roof,401310.0,1.0,2.491839226533104e-06
+102154+29133,26.1710683299482,91.76694869161216,built_up,Medium,26.791626,0.29766834,Cool roof,401310.0,1.0,2.491839226533104e-06
+102154+29134,26.171966645246727,91.76694869137336,built_up,Medium,26.650604,0.26752272,Cool roof,401310.0,1.0,2.491839226533104e-06
+102154+29135,26.17286496044283,91.76694869156884,built_up,Medium,26.938416,0.26420707,Cool roof,401310.0,1.0,2.491839226533104e-06
+102154+29136,26.17376327603849,91.76694869174656,built_up,High,27.22519,0.23972851,Cool roof,401310.0,1.0,2.491839226533104e-06
+102154+29137,26.17466159099856,91.76694869168033,built_up,Medium,27.112213,0.38853225,Cool roof,401310.0,1.0,2.491839226533104e-06
+102154+29143,26.180051483108763,91.76694869158769,built_up,Medium,25.995392,0.2520918,Cool roof,401310.0,1.0,2.491839226533104e-06
+102154+29144,26.18094979805837,91.76694869162291,built_up,High,26.516602,0.21505366,Cool roof,401310.0,1.0,2.491839226533104e-06
+102154+29145,26.18184811331686,91.76694869141468,built_up,Medium,26.655884,0.23767415,Cool roof,401310.0,1.0,2.491839226533104e-06
+102154+29146,26.182746428663823,91.76694869141416,built_up,High,26.879791,0.23834458,Cool roof,401310.0,1.0,2.491839226533104e-06
+102154+29147,26.18364474395929,91.76694869139584,built_up,Medium,26.96579,0.27573255,Cool roof,401310.0,1.0,2.491839226533104e-06
+102154+29148,26.18454305938199,91.76694869136,built_up,High,26.763977,0.18372273,Cool roof,401310.0,1.0,2.491839226533104e-06
+102154+29149,26.185441374440217,91.76694869153206,built_up,Medium,26.553986,0.2797124,Cool roof,401310.0,1.0,2.491839226533104e-06
+102154+29150,26.18633968990104,91.76694869168594,built_up,Medium,26.143707,0.27407753,Cool roof,401310.0,1.0,2.491839226533104e-06
+102154+29151,26.18723800508112,91.7669486915963,built_up,Medium,26.112091,0.33315662,Cool roof,401310.0,1.0,2.491839226533104e-06
+102154+29153,26.18903463525074,91.7669486915896,built_up,Medium,25.75534,0.37925267,Cool roof,401310.0,1.0,2.491839226533104e-06
+102154+29154,26.18993295105279,91.76694869167235,built_up,Medium,26.071259,0.3609341,Cool roof,401310.0,1.0,2.491839226533104e-06
+102154+29155,26.19083126630913,91.76694869173733,built_up,Medium,26.035156,0.37618116,Cool roof,401310.0,1.0,2.491839226533104e-06
+102154+29156,26.19172958187693,91.76694869155855,built_up,Medium,24.700592,0.37122223,Cool roof,401310.0,1.0,2.491839226533104e-06
+102154+29161,26.1962211576742,91.7669486915262,built_up,Medium,24.723816,0.29955164,Cool roof,401310.0,1.0,2.491839226533104e-06
+102155+29122,26.16118686161889,91.76784700666386,built_up,Medium,26.936676,0.3089164,Cool roof,401310.0,1.0,2.491839226533104e-06
+102155+29123,26.16208517710392,91.7678470067555,built_up,High,26.943665,0.21589576,Cool roof,401310.0,1.0,2.491839226533104e-06
+102155+29124,26.162983492707923,91.76784700660367,built_up,High,27.425842,0.20107898,Cool roof,401310.0,1.0,2.491839226533104e-06
+102155+29125,26.16388180776355,91.76784700666,built_up,High,27.735443,0.22246814,Cool roof,401310.0,1.0,2.491839226533104e-06
+102155+29126,26.164780122941355,91.76784700669876,built_up,High,27.991455,0.2211801,Cool roof,401310.0,1.0,2.491839226533104e-06
+102155+29127,26.165678438242065,91.76784700672016,built_up,High,27.522217,0.14449534,Cool roof,401310.0,1.0,2.491839226533104e-06
+102155+29128,26.166576753720296,91.76784700672424,built_up,High,26.947632,0.1647516,Cool roof,401310.0,1.0,2.491839226533104e-06
+102155+29129,26.167475068777765,91.76784700671077,built_up,Medium,26.501373,0.24759495,Cool roof,401310.0,1.0,2.491839226533104e-06
+102155+29130,26.16837338373308,91.76784700667952,built_up,Medium,26.263397,0.30238536,Cool roof,401310.0,1.0,2.491839226533104e-06
+102155+29131,26.169271699813915,91.76784700663092,built_up,Medium,26.83957,0.26737654,Cool roof,401310.0,1.0,2.491839226533104e-06
+102155+29132,26.17017001489161,91.76784700656476,built_up,Medium,27.106049,0.2762413,Cool roof,401310.0,1.0,2.491839226533104e-06
+102155+29133,26.17106832981836,91.76784700648084,built_up,Medium,26.887482,0.26371863,Cool roof,401310.0,1.0,2.491839226533104e-06
+102155+29134,26.171966645284456,91.76784700660528,built_up,Medium,26.855408,0.2643652,Cool roof,401310.0,1.0,2.491839226533104e-06
+102155+29135,26.17286496046667,91.76784700648624,built_up,Medium,27.147125,0.2851715,Cool roof,401310.0,1.0,2.491839226533104e-06
+102155+29136,26.17376327604793,91.76784700634984,built_up,High,27.411469,0.2622436,Cool roof,401310.0,1.0,2.491839226533104e-06
+102155+29137,26.17466159099376,91.76784700642182,built_up,Medium,27.394989,0.3354699,Cool roof,401310.0,1.0,2.491839226533104e-06
+102155+29138,26.175559906240924,91.76784700670196,built_up,Medium,27.109161,0.45521626,Cool roof,401310.0,1.0,2.491839226533104e-06
+102155+29143,26.180051483018406,91.7678470067096,built_up,Medium,25.837555,0.2607609,Cool roof,401310.0,1.0,2.491839226533104e-06
+102155+29144,26.18094979795379,91.76784700643228,built_up,High,26.510773,0.21622168,Cool roof,401310.0,1.0,2.491839226533104e-06
+102155+29145,26.181848113380006,91.76784700658908,built_up,Medium,26.55072,0.24370408,Cool roof,401310.0,1.0,2.491839226533104e-06
+102155+29146,26.18274642871274,91.76784700672874,built_up,Medium,26.804718,0.25550938,Cool roof,401310.0,1.0,2.491839226533104e-06
+102155+29147,26.183644743812025,91.76784700662492,built_up,Medium,26.93515,0.2940508,Cool roof,401310.0,1.0,2.491839226533104e-06
+102155+29148,26.184543059584225,91.76784700672904,built_up,High,26.790558,0.14871547,Cool roof,401310.0,1.0,2.491839226533104e-06
+102155+29149,26.185441374446267,91.7678470068156,built_up,High,26.736328,0.2171564,Cool roof,401310.0,1.0,2.491839226533104e-06
+102155+29150,26.186339689892684,91.76784700665888,built_up,Medium,26.695404,0.3236097,Cool roof,401310.0,1.0,2.491839226533104e-06
+102155+29151,26.187238005058703,91.76784700671033,built_up,Medium,26.46634,0.3407611,Cool roof,401310.0,1.0,2.491839226533104e-06
+102155+29152,26.188136320627223,91.76784700674398,built_up,Medium,26.494476,0.47751972,Cool roof,401310.0,1.0,2.491839226533104e-06
+102155+29153,26.18903463538165,91.76784700676028,built_up,Medium,25.916382,0.40578562,Cool roof,401310.0,1.0,2.491839226533104e-06
+102155+29154,26.18993295098752,91.76784700675906,built_up,Medium,25.77713,0.40185818,Cool roof,401310.0,1.0,2.491839226533104e-06
+102155+29161,26.19622115787268,91.76784700670709,built_up,Medium,24.044281,0.232555,Cool roof,401310.0,1.0,2.491839226533104e-06
+102155+29162,26.19711947318,91.76784700656448,built_up,Medium,25.17334,0.32566226,Cool roof,401310.0,1.0,2.491839226533104e-06
+102155+29164,26.19891610370167,91.76784700690428,built_up,Medium,24.824066,0.19505343,Cool roof,401310.0,1.0,2.491839226533104e-06
+102156+29123,26.16208517704297,91.76874532225452,built_up,High,27.068756,0.22881861,Cool roof,401310.0,1.0,2.491839226533104e-06
+102156+29124,26.16298349263292,91.7687453222376,built_up,High,27.694977,0.19368564,Cool roof,401310.0,1.0,2.491839226533104e-06
+102156+29125,26.16388180785648,91.76874532220354,built_up,High,27.922394,0.23054473,Cool roof,401310.0,1.0,2.491839226533104e-06
+102156+29126,26.16478012283841,91.76874532215236,built_up,High,27.510101,0.20414871,Cool roof,401310.0,1.0,2.491839226533104e-06
+102156+29127,26.165678438306887,91.76874532208365,built_up,Medium,26.923798,0.25301182,Cool roof,401310.0,1.0,2.491839226533104e-06
+102156+29128,26.16657675377123,91.76874532222324,built_up,High,26.619324,0.18813002,Cool roof,401310.0,1.0,2.491839226533104e-06
+102156+29129,26.16747506863268,91.76874532211986,built_up,Medium,26.463806,0.2251178,Cool roof,401310.0,1.0,2.491839226533104e-06
+102156+29130,26.16837338393772,91.76874532222504,built_up,Medium,26.330505,0.24905445,Cool roof,401310.0,1.0,2.491839226533104e-06
+102156+29131,26.169271699822865,91.7687453225388,built_up,Medium,26.71521,0.3368586,Cool roof,401310.0,1.0,2.491839226533104e-06
+102156+29132,26.17017001470418,91.76874532238338,built_up,Medium,26.936981,0.32488525,Cool roof,401310.0,1.0,2.491839226533104e-06
+102156+29133,26.171068329981004,91.76874532243654,built_up,High,26.856842,0.22300412,Cool roof,401310.0,1.0,2.491839226533104e-06
+102156+29134,26.171966645251068,91.7687453224726,built_up,Medium,27.079376,0.2633428,Cool roof,401310.0,1.0,2.491839226533104e-06
+102156+29135,26.17286496041906,91.76874532249109,built_up,High,27.370453,0.2780781,Cool roof,401310.0,1.0,2.491839226533104e-06
+102156+29136,26.17376327598661,91.76874532249224,built_up,Medium,27.544708,0.29485893,Cool roof,401310.0,1.0,2.491839226533104e-06
+102156+29137,26.1746615911002,91.76874532247628,built_up,Medium,27.72882,0.31937996,Cool roof,401310.0,1.0,2.491839226533104e-06
+102156+29143,26.18005148285837,91.76874532201442,built_up,Medium,25.786346,0.28814316,Cool roof,401310.0,1.0,2.491839226533104e-06
+102156+29144,26.18094979796167,91.7687453221028,built_up,Medium,26.479034,0.26584962,Cool roof,401310.0,1.0,2.491839226533104e-06
+102156+29145,26.18184811355562,91.76874532217386,built_up,Medium,26.43277,0.27471253,Cool roof,401310.0,1.0,2.491839226533104e-06
+102156+29146,26.18274642869251,91.76874532222712,built_up,Medium,26.578583,0.2544387,Cool roof,401310.0,1.0,2.491839226533104e-06
+102156+29147,26.183644743777577,91.76874532226309,built_up,Medium,26.754547,0.2772345,Cool roof,401310.0,1.0,2.491839226533104e-06
+102156+29148,26.18454305971768,91.76874532228187,built_up,High,26.75708,0.20052603,Cool roof,401310.0,1.0,2.491839226533104e-06
+102156+29149,26.18544137438371,91.76874532228337,built_up,High,26.881134,0.2435098,Cool roof,401310.0,1.0,2.491839226533104e-06
+102156+29150,26.18633968981608,91.76874532226728,built_up,Medium,27.02826,0.3268979,Cool roof,401310.0,1.0,2.491839226533104e-06
+102156+29151,26.18723800514981,91.76874532223384,built_up,Medium,27.093536,0.37809673,Cool roof,401310.0,1.0,2.491839226533104e-06
+102156+29152,26.188136320522343,91.76874532218308,built_up,Medium,27.18576,0.4645104,Cool roof,401310.0,1.0,2.491839226533104e-06
+102156+29153,26.189034635444656,91.76874532211475,built_up,Medium,26.908966,0.3827159,Cool roof,401310.0,1.0,2.491839226533104e-06
+102156+29154,26.1899329510363,91.76874532225484,built_up,Medium,26.531708,0.42238483,Cool roof,401310.0,1.0,2.491839226533104e-06
+102156+29162,26.197119473115848,91.76874532229822,built_up,Medium,24.784515,0.33247817,Cool roof,401310.0,1.0,2.491839226533104e-06
+102156+29163,26.19801778881486,91.7687453222816,built_up,Medium,25.622284,0.29357737,Cool roof,401310.0,1.0,2.491839226533104e-06
+102156+29164,26.19891610379117,91.7687453222476,built_up,Medium,25.16806,0.32379478,Cool roof,401310.0,1.0,2.491839226533104e-06
+102157+29123,26.16208517709077,91.76964363725976,built_up,High,27.085083,0.24820027,Cool roof,401310.0,1.0,2.491839226533104e-06
+102157+29124,26.16298349266684,91.76964363737814,built_up,High,27.511505,0.17551559,Cool roof,401310.0,1.0,2.491839226533104e-06
+102157+29125,26.16388180769454,91.76964363725328,built_up,High,27.854797,0.20146087,Cool roof,401310.0,1.0,2.491839226533104e-06
+102157+29126,26.16478012302674,91.7696436373372,built_up,High,27.108978,0.23126869,Cool roof,401310.0,1.0,2.491839226533104e-06
+102157+29127,26.16567843829918,91.76964363763015,built_up,Medium,26.187103,0.27774268,Cool roof,401310.0,1.0,2.491839226533104e-06
+102157+29128,26.166576753749656,91.76964363745417,built_up,Medium,26.302643,0.2957072,Cool roof,401310.0,1.0,2.491839226533104e-06
+102157+29129,26.167475068597387,91.76964363748696,built_up,High,26.4758,0.19795865,Cool roof,401310.0,1.0,2.491839226533104e-06
+102157+29130,26.168373384070367,91.76964363750264,built_up,Medium,26.590973,0.23282915,Cool roof,401310.0,1.0,2.491839226533104e-06
+102157+29131,26.169271699759665,91.76964363727508,built_up,Medium,26.702911,0.26729342,Cool roof,401310.0,1.0,2.491839226533104e-06
+102157+29132,26.170170014627267,91.76964363725652,built_up,Medium,26.653198,0.25488138,Cool roof,401310.0,1.0,2.491839226533104e-06
+102157+29133,26.171068330072195,91.76964363722108,built_up,High,26.864655,0.22948824,Cool roof,401310.0,1.0,2.491839226533104e-06
+102157+29134,26.171966645146416,91.7696436371683,built_up,Medium,27.330353,0.30361226,Cool roof,401310.0,1.0,2.491839226533104e-06
+102157+29135,26.17286496048232,91.7696436370984,built_up,High,27.581451,0.28803346,Cool roof,401310.0,1.0,2.491839226533104e-06
+102157+29136,26.173763276035995,91.76964363723708,built_up,Medium,27.525818,0.3030643,Cool roof,401310.0,1.0,2.491839226533104e-06
+102157+29137,26.17466159113588,91.76964363735868,built_up,Medium,27.666992,0.3052621,Cool roof,401310.0,1.0,2.491839226533104e-06
+102157+29138,26.175559906172783,91.76964363723742,built_up,Medium,27.87091,0.45866218,Cool roof,401310.0,1.0,2.491839226533104e-06
+102157+29143,26.180051482992425,91.76964363750386,built_up,Medium,25.955841,0.27664664,Cool roof,401310.0,1.0,2.491839226533104e-06
+102157+29144,26.18094979790005,91.7696436375054,built_up,Medium,26.443817,0.29661974,Cool roof,401310.0,1.0,2.491839226533104e-06
+102157+29145,26.18184811366209,91.76964363749003,built_up,Medium,26.24646,0.27964723,Cool roof,401310.0,1.0,2.491839226533104e-06
+102157+29146,26.182746428602968,91.7696436374578,built_up,Medium,26.388184,0.24303776,Cool roof,401310.0,1.0,2.491839226533104e-06
+102157+29147,26.18364474385612,91.7696436374082,built_up,Medium,26.647858,0.23075587,Cool roof,401310.0,1.0,2.491839226533104e-06
+102157+29148,26.184543059600387,91.76964363734126,built_up,High,26.451752,0.20505632,Cool roof,401310.0,1.0,2.491839226533104e-06
+102157+29149,26.185441374434323,91.769643637257,built_up,Medium,26.773163,0.25168365,Cool roof,401310.0,1.0,2.491839226533104e-06
+102157+29150,26.18633968985281,91.76964363738156,built_up,High,27.240814,0.26524147,Cool roof,401310.0,1.0,2.491839226533104e-06
+102157+29151,26.18723800499092,91.76964363726326,built_up,Medium,27.426178,0.370662,Cool roof,401310.0,1.0,2.491839226533104e-06
+102157+29152,26.188136320713284,91.7696436373538,built_up,Medium,27.602295,0.38410684,Cool roof,401310.0,1.0,2.491839226533104e-06
+102157+29153,26.18903463525765,91.769643637427,built_up,Medium,27.484528,0.3977174,Cool roof,401310.0,1.0,2.491839226533104e-06
+102157+29154,26.189932951199143,91.76964363725692,built_up,Medium,26.49289,0.4290207,Cool roof,401310.0,1.0,2.491839226533104e-06
+102157+29162,26.197119473167515,91.7696436375378,built_up,Medium,24.041168,0.25226337,Cool roof,401310.0,1.0,2.491839226533104e-06
+102158+29123,26.162085177247324,91.77054195320144,built_up,High,26.86908,0.20399995,Cool roof,401310.0,1.0,2.491839226533104e-06
+102158+29124,26.162983492627696,91.7705419532288,built_up,High,27.506866,0.21846153,Cool roof,401310.0,1.0,2.491839226533104e-06
+102158+29125,26.16388180764152,91.77054195323926,built_up,High,27.586578,0.29447109,Cool roof,401310.0,1.0,2.491839226533104e-06
+102158+29126,26.16478012296021,91.77054195300693,built_up,High,26.768585,0.22491571,Cool roof,401310.0,1.0,2.491839226533104e-06
+102158+29127,26.165678438400928,91.77054195275768,built_up,Medium,26.205841,0.2855491,Cool roof,401310.0,1.0,2.491839226533104e-06
+102158+29128,26.16657675365571,91.77054195294336,built_up,Medium,26.237488,0.30129898,Cool roof,401310.0,1.0,2.491839226533104e-06
+102158+29129,26.16747506867191,91.77054195288645,built_up,Medium,26.515625,0.32171363,Cool roof,401310.0,1.0,2.491839226533104e-06
+102158+29130,26.16837338394903,91.77054195281264,built_up,Medium,26.237885,0.25662056,Cool roof,401310.0,1.0,2.491839226533104e-06
+102158+29131,26.169271699806608,91.77054195294788,built_up,Medium,26.394379,0.23358023,Cool roof,401310.0,1.0,2.491839226533104e-06
+102158+29132,26.17017001466069,91.7705419530662,built_up,High,26.765015,0.23436344,Cool roof,401310.0,1.0,2.491839226533104e-06
+102158+29133,26.17106832990977,91.77054195294149,built_up,High,26.927338,0.23783441,Cool roof,401310.0,1.0,2.491839226533104e-06
+102158+29134,26.17196664533424,91.7705419530258,built_up,Medium,27.133728,0.32853374,Cool roof,401310.0,1.0,2.491839226533104e-06
+102158+29135,26.172864960474648,91.77054195331938,built_up,High,27.314362,0.26478198,Cool roof,401310.0,1.0,2.491839226533104e-06
+102158+29136,26.17376327601428,91.7705419531442,built_up,High,27.31369,0.2739243,Cool roof,401310.0,1.0,2.491839226533104e-06
+102158+29137,26.17466159110064,91.7705419529519,built_up,High,27.401031,0.27133143,Cool roof,401310.0,1.0,2.491839226533104e-06
+102158+29138,26.175559906123848,91.77054195296866,built_up,Medium,27.40445,0.32679376,Cool roof,401310.0,1.0,2.491839226533104e-06
+102158+29142,26.179153167746616,91.7705419530928,built_up,Medium,25.707367,0.4026565,Cool roof,401310.0,1.0,2.491839226533104e-06
+102158+29143,26.180051482875,91.77054195302505,built_up,Medium,26.648712,0.26458883,Cool roof,401310.0,1.0,2.491839226533104e-06
+102158+29144,26.18094979795072,91.77054195294062,built_up,Medium,26.703766,0.23282735,Cool roof,401310.0,1.0,2.491839226533104e-06
+102158+29145,26.181848113699058,91.7705419530648,built_up,Medium,26.609955,0.26956412,Cool roof,401310.0,1.0,2.491839226533104e-06
+102158+29146,26.18274642844446,91.77054195294616,built_up,Medium,26.775177,0.2550242,Cool roof,401310.0,1.0,2.491839226533104e-06
+102158+29147,26.18364474404747,91.77054195303651,built_up,High,26.758514,0.20079274,Cool roof,401310.0,1.0,2.491839226533104e-06
+102158+29148,26.18454305941414,91.7705419531098,built_up,Medium,26.561066,0.24797785,Cool roof,401310.0,1.0,2.491839226533104e-06
+102158+29149,26.18544137441652,91.77054195294066,built_up,Medium,26.592133,0.3719558,Cool roof,401310.0,1.0,2.491839226533104e-06
+102158+29150,26.18633968982113,91.77054195275464,built_up,Medium,26.967194,0.2686756,Cool roof,401310.0,1.0,2.491839226533104e-06
+102158+29151,26.187238005127305,91.77054195300296,built_up,Medium,27.262482,0.29320344,Cool roof,401310.0,1.0,2.491839226533104e-06
+102158+29152,26.18813632083616,91.7705419532344,built_up,Medium,27.718262,0.31753182,Cool roof,401310.0,1.0,2.491839226533104e-06
+102158+29163,26.198017788641533,91.77054195308044,built_up,Medium,23.861237,0.29255757,Cool roof,401310.0,1.0,2.491839226533104e-06
+102159+29124,26.16298349269729,91.77144026765647,built_up,Medium,26.972748,0.30703503,Cool roof,401310.0,1.0,2.491839226533104e-06
+102159+29127,26.16567843843013,91.7714402680438,built_up,Medium,26.345612,0.27057648,Cool roof,401310.0,1.0,2.491839226533104e-06
+102159+29128,26.166576753671404,91.77144026791386,built_up,Medium,26.295807,0.29395396,Cool roof,401310.0,1.0,2.491839226533104e-06
+102159+29129,26.16747506867408,91.77144026799294,built_up,Medium,26.388763,0.31043747,Cool roof,401310.0,1.0,2.491839226533104e-06
+102159+29131,26.16927169978173,91.77144026787516,built_up,Medium,26.314117,0.43720287,Cool roof,401310.0,1.0,2.491839226533104e-06
+102159+29132,26.17017001480428,91.7714402679042,built_up,Medium,26.695282,0.29858577,Cool roof,401310.0,1.0,2.491839226533104e-06
+102159+29133,26.17106832985768,91.77144026814253,built_up,Medium,27.045288,0.28691146,Cool roof,401310.0,1.0,2.491839226533104e-06
+102159+29134,26.171966645268984,91.77144026791252,built_up,High,27.051239,0.23664139,Cool roof,401310.0,1.0,2.491839226533104e-06
+102159+29135,26.17286496057768,91.77144026766584,built_up,Medium,27.155548,0.27868384,Cool roof,401310.0,1.0,2.491839226533104e-06
+102159+29136,26.173763275921807,91.77144026785412,built_up,Medium,27.098663,0.30816936,Cool roof,401310.0,1.0,2.491839226533104e-06
+102159+29137,26.17466159099465,91.77144026780005,built_up,Medium,27.059479,0.26184252,Cool roof,401310.0,1.0,2.491839226533104e-06
+102159+29138,26.175559906186315,91.77144026772926,built_up,Medium,27.046783,0.31471732,Cool roof,401310.0,1.0,2.491839226533104e-06
+102159+29139,26.17645822232744,91.77144026764137,built_up,Medium,26.890533,0.4209674,Cool roof,401310.0,1.0,2.491839226533104e-06
+102159+29140,26.177356536827624,91.77144026753705,built_up,Medium,26.642578,0.28001565,Cool roof,401310.0,1.0,2.491839226533104e-06
+102159+29141,26.17825485199989,91.77144026764194,built_up,Medium,26.341461,0.27033907,Cool roof,401310.0,1.0,2.491839226533104e-06
+102159+29142,26.17915316793679,91.77144026772996,built_up,Medium,26.285309,0.30967584,Cool roof,401310.0,1.0,2.491839226533104e-06
+102159+29143,26.180051482687897,91.77144026780152,built_up,Medium,26.49649,0.28298277,Cool roof,401310.0,1.0,2.491839226533104e-06
+102159+29144,26.18094979811385,91.7714402678562,built_up,Medium,26.509125,0.22290681,Cool roof,401310.0,1.0,2.491839226533104e-06
+102159+29145,26.18184811366671,91.7714402678944,built_up,Medium,26.452942,0.27375212,Cool roof,401310.0,1.0,2.491839226533104e-06
+102159+29146,26.18274642839842,91.77144026791572,built_up,Medium,26.594055,0.28360248,Cool roof,401310.0,1.0,2.491839226533104e-06
+102159+29147,26.183644743988086,91.77144026769442,built_up,High,26.689545,0.21293741,Cool roof,401310.0,1.0,2.491839226533104e-06
+102159+29148,26.18454305952301,91.7714402676826,built_up,Medium,26.628082,0.26721275,Cool roof,401310.0,1.0,2.491839226533104e-06
+102159+29149,26.18544137432991,91.7714402678794,built_up,Medium,26.306976,0.43236756,Cool roof,401310.0,1.0,2.491839226533104e-06
+102159+29150,26.18633968972101,91.77144026783355,built_up,Medium,26.707367,0.3282148,Cool roof,401310.0,1.0,2.491839226533104e-06
+102159+29151,26.187238005377395,91.7714402677715,built_up,Medium,27.161774,0.31152079,Cool roof,401310.0,1.0,2.491839226533104e-06
+102159+29152,26.18813632070883,91.77144026769253,built_up,Medium,27.459381,0.33102334,Cool roof,401310.0,1.0,2.491839226533104e-06
+102159+29153,26.1890346352258,91.77144026759666,built_up,Medium,27.395294,0.33214834,Cool roof,401310.0,1.0,2.491839226533104e-06
+102159+29154,26.189932951140086,91.77144026771008,built_up,Medium,27.29483,0.4200979,Cool roof,401310.0,1.0,2.491839226533104e-06
+102159+29155,26.190831266145107,91.77144026780682,built_up,Medium,26.68686,0.43187633,Cool roof,401310.0,1.0,2.491839226533104e-06
+102160+29125,26.163881807681147,91.7723385830772,built_up,Medium,26.13861,0.26696953,Cool roof,401310.0,1.0,2.491839226533104e-06
+102160+29126,26.16478012297261,91.77233858311592,built_up,Medium,26.335785,0.24094482,Cool roof,401310.0,1.0,2.491839226533104e-06
+102160+29127,26.165678438205017,91.77233858291252,built_up,Medium,26.758087,0.31303233,Cool roof,401310.0,1.0,2.491839226533104e-06
+102160+29128,26.166576753796555,91.77233858291834,built_up,Medium,26.358368,0.24256474,Cool roof,401310.0,1.0,2.491839226533104e-06
+102160+29129,26.167475068785883,91.7723385831334,built_up,Medium,26.394287,0.31247362,Cool roof,401310.0,1.0,2.491839226533104e-06
+102160+29130,26.168373383854338,91.77233858310632,built_up,Medium,26.441956,0.33321205,Cool roof,401310.0,1.0,2.491839226533104e-06
+102160+29131,26.16927169968505,91.772338583063,built_up,Medium,26.620453,0.42370853,Cool roof,401310.0,1.0,2.491839226533104e-06
+102160+29132,26.170170014876053,91.77233858300302,built_up,Medium,26.901733,0.32823077,Cool roof,401310.0,1.0,2.491839226533104e-06
+102160+29133,26.17106832991629,91.77233858292657,built_up,Medium,27.036835,0.31789657,Cool roof,401310.0,1.0,2.491839226533104e-06
+102160+29134,26.17196664513228,91.7723385830596,built_up,Medium,27.049286,0.30785778,Cool roof,401310.0,1.0,2.491839226533104e-06
+102160+29135,26.17286496060942,91.77233858317594,built_up,Medium,26.993011,0.27381158,Cool roof,401310.0,1.0,2.491839226533104e-06
+102160+29136,26.17376327594039,91.77233858305014,built_up,Medium,26.73407,0.24017471,Cool roof,401310.0,1.0,2.491839226533104e-06
+102160+29137,26.17466159099989,91.7723385831338,built_up,High,26.877472,0.22872151,Cool roof,401310.0,1.0,2.491839226533104e-06
+102160+29138,26.175559906178208,91.772338583201,built_up,Medium,26.906097,0.28384757,Cool roof,401310.0,1.0,2.491839226533104e-06
+102160+29139,26.176458222305826,91.772338583252,built_up,Medium,26.761871,0.2601187,Cool roof,401310.0,1.0,2.491839226533104e-06
+102160+29140,26.177356536792825,91.77233858328628,built_up,Medium,26.413177,0.31162655,Cool roof,401310.0,1.0,2.491839226533104e-06
+102160+29141,26.17825485195141,91.77233858307795,built_up,Medium,26.657684,0.25751114,Cool roof,401310.0,1.0,2.491839226533104e-06
+102160+29142,26.17915316805728,91.77233858307936,built_up,Medium,26.581146,0.22405382,Cool roof,401310.0,1.0,2.491839226533104e-06
+102160+29143,26.180051482794696,91.77233858329002,built_up,Medium,26.514069,0.2490593,Cool roof,401310.0,1.0,2.491839226533104e-06
+102160+29144,26.180949798025527,91.77233858325827,built_up,Medium,26.405243,0.24553086,Cool roof,401310.0,1.0,2.491839226533104e-06
+102160+29145,26.18184811356504,91.77233858298416,built_up,Medium,26.396301,0.21504252,Cool roof,401310.0,1.0,2.491839226533104e-06
+102160+29146,26.18274642846519,91.77233858291947,built_up,High,26.574188,0.21754438,Cool roof,401310.0,1.0,2.491839226533104e-06
+102160+29147,26.18364474385956,91.77233858306413,built_up,High,26.660004,0.18322904,Cool roof,401310.0,1.0,2.491839226533104e-06
+102160+29148,26.18454305956328,91.77233858296634,built_up,Medium,26.416107,0.35794,Cool roof,401310.0,1.0,2.491839226533104e-06
+102160+29149,26.18544137453844,91.7723385830785,built_up,Medium,26.410248,0.38965526,Cool roof,401310.0,1.0,2.491839226533104e-06
+102160+29150,26.186339689734247,91.7723385833997,built_up,Medium,26.457367,0.36496404,Cool roof,401310.0,1.0,2.491839226533104e-06
+102160+29151,26.18723800519552,91.77233858325232,built_up,Medium,26.633026,0.40424708,Cool roof,401310.0,1.0,2.491839226533104e-06
+102160+29152,26.188136320695204,91.77233858308853,built_up,Medium,26.859528,0.3338165,Cool roof,401310.0,1.0,2.491839226533104e-06
+102160+29153,26.18903463519901,91.77233858313416,built_up,Medium,27.04364,0.41023383,Cool roof,401310.0,1.0,2.491839226533104e-06
+102160+29154,26.18993295109978,91.77233858293744,built_up,Medium,27.4935,0.36848837,Cool roof,401310.0,1.0,2.491839226533104e-06
+102160+29155,26.19083126627341,91.77233858294996,built_up,Medium,27.407745,0.42184022,Cool roof,401310.0,1.0,2.491839226533104e-06
+102161+29127,26.165678438270973,91.77323689881852,built_up,Medium,26.66446,0.28190106,Cool roof,401310.0,1.0,2.491839226533104e-06
+102161+29128,26.166576753849345,91.77323689896012,built_up,Medium,26.13559,0.30834943,Cool roof,401310.0,1.0,2.491839226533104e-06
+102161+29129,26.1674750686437,91.77323689863408,built_up,Medium,26.255249,0.30207017,Cool roof,401310.0,1.0,2.491839226533104e-06
+102161+29130,26.1683733838808,91.77323689851752,built_up,Medium,26.446594,0.31919223,Cool roof,401310.0,1.0,2.491839226533104e-06
+102161+29131,26.169271699698527,91.7732368986104,built_up,Medium,26.638947,0.3499071,Cool roof,401310.0,1.0,2.491839226533104e-06
+102161+29132,26.170170014876188,91.7732368986873,built_up,Medium,26.682892,0.2993897,Cool roof,401310.0,1.0,2.491839226533104e-06
+102161+29133,26.17106832990344,91.77323689874795,built_up,Medium,26.974762,0.29599443,Cool roof,401310.0,1.0,2.491839226533104e-06
+102161+29134,26.171966645288045,91.77323689879238,built_up,Medium,27.024506,0.29833356,Cool roof,401310.0,1.0,2.491839226533104e-06
+102161+29135,26.17286496038809,91.77323689859465,built_up,Medium,26.888123,0.3136499,Cool roof,401310.0,1.0,2.491839226533104e-06
+102161+29136,26.17376327607001,91.77323689860658,built_up,Medium,26.493713,0.3122619,Cool roof,401310.0,1.0,2.491839226533104e-06
+102161+29137,26.174661591116173,91.77323689882824,built_up,Medium,26.517975,0.2766635,Cool roof,401310.0,1.0,2.491839226533104e-06
+102161+29138,26.17555990609936,91.7732368988075,built_up,High,26.680145,0.21584986,Cool roof,401310.0,1.0,2.491839226533104e-06
+102161+29139,26.176458222395954,91.77323689877052,built_up,High,26.52243,0.19901465,Cool roof,401310.0,1.0,2.491839226533104e-06
+102161+29140,26.17735653668748,91.77323689871731,built_up,Medium,26.369904,0.2612465,Cool roof,401310.0,1.0,2.491839226533104e-06
+102161+29141,26.178254852015044,91.77323689887383,built_up,Medium,26.806091,0.25772667,Cool roof,401310.0,1.0,2.491839226533104e-06
+102161+29142,26.179153167925776,91.77323689878816,built_up,Medium,26.725708,0.24538854,Cool roof,401310.0,1.0,2.491839226533104e-06
+102161+29143,26.180051483013955,91.77323689868648,built_up,High,26.715881,0.21092176,Cool roof,401310.0,1.0,2.491839226533104e-06
+102161+29144,26.180949797867523,91.77323689879428,built_up,Medium,26.555603,0.24478379,Cool roof,401310.0,1.0,2.491839226533104e-06
+102161+29145,26.18184811357584,91.7732368988856,built_up,Medium,26.409088,0.21987388,Cool roof,401310.0,1.0,2.491839226533104e-06
+102161+29146,26.182746428462824,91.77323689896072,built_up,High,26.596832,0.20777844,Cool roof,401310.0,1.0,2.491839226533104e-06
+102161+29147,26.183644743844027,91.77323689879388,built_up,High,26.578644,0.20685074,Cool roof,401310.0,1.0,2.491839226533104e-06
+102161+29148,26.18454305953458,91.77323689883676,built_up,Medium,26.251312,0.33174115,Cool roof,401310.0,1.0,2.491839226533104e-06
+102161+29149,26.18544137467837,91.77323689886272,built_up,Medium,26.551147,0.3294761,Cool roof,401310.0,1.0,2.491839226533104e-06
+102161+29150,26.186339689679222,91.77323689864694,built_up,Medium,26.587128,0.33615708,Cool roof,401310.0,1.0,2.491839226533104e-06
+102161+29151,26.187238005126986,91.77323689864087,built_up,Medium,26.491302,0.28794608,Cool roof,401310.0,1.0,2.491839226533104e-06
+102161+29152,26.18813632079564,91.77323689884432,built_up,Medium,26.679657,0.3754,Cool roof,401310.0,1.0,2.491839226533104e-06
+102161+29153,26.18903463510416,91.77323689880556,built_up,Medium,27.1109,0.3252712,Cool roof,401310.0,1.0,2.491839226533104e-06
+102161+29154,26.18993295099176,91.77323689875035,built_up,Medium,27.35785,0.32552147,Cool roof,401310.0,1.0,2.491839226533104e-06
+102161+29155,26.190831266334,91.77323689867892,built_up,Medium,27.309875,0.4500614,Cool roof,401310.0,1.0,2.491839226533104e-06
+102162+29128,26.166576753829787,91.77413521350503,built_up,Medium,25.496246,0.25365058,Cool roof,401310.0,1.0,2.491839226533104e-06
+102162+29129,26.167475068611164,91.77413521376636,built_up,Medium,25.412567,0.23366223,Cool roof,401310.0,1.0,2.491839226533104e-06
+102162+29130,26.168373383835263,91.774135213786,built_up,Medium,26.13733,0.3113534,Cool roof,401310.0,1.0,2.491839226533104e-06
+102162+29131,26.169271699821984,91.77413521378988,built_up,Medium,26.803497,0.3311022,Cool roof,401310.0,1.0,2.491839226533104e-06
+102162+29132,26.170170014804853,91.7741352137777,built_up,Medium,26.843658,0.33294654,Cool roof,401310.0,1.0,2.491839226533104e-06
+102162+29133,26.171068330000743,91.7741352137493,built_up,Medium,26.861908,0.29690453,Cool roof,401310.0,1.0,2.491839226533104e-06
+102162+29134,26.17196664519076,91.77413521370488,built_up,Medium,26.856018,0.310361,Cool roof,401310.0,1.0,2.491839226533104e-06
+102162+29135,26.172864960277625,91.77413521364468,built_up,Medium,26.833832,0.2928777,Cool roof,401310.0,1.0,2.491839226533104e-06
+102162+29136,26.17376327631052,91.77413521379418,built_up,Medium,26.720245,0.25421464,Cool roof,401310.0,1.0,2.491839226533104e-06
+102162+29137,26.17466159097973,91.77413521370173,built_up,Medium,26.635498,0.31885073,Cool roof,401310.0,1.0,2.491839226533104e-06
+102162+29138,26.17555990613174,91.77413521359324,built_up,Medium,26.674713,0.27727085,Cool roof,401310.0,1.0,2.491839226533104e-06
+102162+29139,26.17645822241552,91.77413521369472,built_up,Medium,26.396515,0.270776,Cool roof,401310.0,1.0,2.491839226533104e-06
+102162+29140,26.177356536694056,91.77413521378038,built_up,Medium,26.552765,0.27703816,Cool roof,401310.0,1.0,2.491839226533104e-06
+102162+29141,26.178254852008635,91.77413521362408,built_up,High,26.906067,0.21720913,Cool roof,401310.0,1.0,2.491839226533104e-06
+102162+29142,26.179153167906204,91.77413521367752,built_up,High,26.900635,0.21913978,Cool roof,401310.0,1.0,2.491839226533104e-06
+102162+29143,26.18005148298158,91.77413521371469,built_up,High,27.18164,0.19489226,Cool roof,401310.0,1.0,2.491839226533104e-06
+102162+29144,26.180949797821807,91.77413521350992,built_up,High,26.944489,0.19376674,Cool roof,401310.0,1.0,2.491839226533104e-06
+102162+29145,26.181848113699267,91.77413521351508,built_up,Medium,26.601318,0.293804,Cool roof,401310.0,1.0,2.491839226533104e-06
+102162+29146,26.18274642839132,91.77413521350444,built_up,High,26.793793,0.22699004,Cool roof,401310.0,1.0,2.491839226533104e-06
+102162+29147,26.18364474394148,91.77413521370352,built_up,Medium,26.615814,0.23357874,Cool roof,401310.0,1.0,2.491839226533104e-06
+102162+29148,26.18454305961871,91.77413521388615,built_up,Medium,26.374542,0.29681948,Cool roof,401310.0,1.0,2.491839226533104e-06
+102162+29149,26.18544137438577,91.7741352136013,built_up,Medium,26.574738,0.36229882,Cool roof,401310.0,1.0,2.491839226533104e-06
+102162+29150,26.186339689737725,91.77413521352638,built_up,Medium,26.526459,0.38462022,Cool roof,401310.0,1.0,2.491839226533104e-06
+102162+29151,26.187238005172148,91.77413521366118,built_up,Medium,26.193634,0.39636847,Cool roof,401310.0,1.0,2.491839226533104e-06
+102162+29152,26.188136320827823,91.7741352135538,built_up,Medium,26.42215,0.35036206,Cool roof,401310.0,1.0,2.491839226533104e-06
+102162+29153,26.18903463512336,91.77413521365636,built_up,Medium,27.093658,0.33685067,Cool roof,401310.0,1.0,2.491839226533104e-06
+102162+29154,26.18993295099797,91.77413521374312,built_up,Medium,27.146301,0.31650817,Cool roof,401310.0,1.0,2.491839226533104e-06
+102162+29155,26.19083126632705,91.77413521381366,built_up,Medium,27.128876,0.44397682,Cool roof,401310.0,1.0,2.491839226533104e-06
+102163+29129,26.16747506850626,91.77503352948564,built_up,Medium,25.57602,0.23052146,Cool roof,401310.0,1.0,2.491839226533104e-06
+102163+29130,26.16837338389972,91.77503352941578,built_up,Medium,26.40799,0.31381866,Cool roof,401310.0,1.0,2.491839226533104e-06
+102163+29131,26.16927169987363,91.77503352955608,built_up,Medium,26.798248,0.30501795,Cool roof,401310.0,1.0,2.491839226533104e-06
+102163+29132,26.17017001466171,91.77503352945465,built_up,Medium,26.737274,0.26278445,Cool roof,401310.0,1.0,2.491839226533104e-06
+102163+29133,26.1710683300266,91.7750335293374,built_up,Medium,26.885406,0.34662855,Cool roof,401310.0,1.0,2.491839226533104e-06
+102163+29134,26.17196664520397,91.77503352943032,built_up,Medium,27.046112,0.32186532,Cool roof,401310.0,1.0,2.491839226533104e-06
+102163+29135,26.172864960460007,91.77503352973336,built_up,Medium,26.985138,0.2688591,Cool roof,401310.0,1.0,2.491839226533104e-06
+102163+29136,26.17376327611596,91.77503352956876,built_up,Medium,26.7753,0.24830005,Cool roof,401310.0,1.0,2.491839226533104e-06
+102163+29137,26.17466159095453,91.77503352938837,built_up,Medium,26.751617,0.2841005,Cool roof,401310.0,1.0,2.491839226533104e-06
+102163+29138,26.175559906275687,91.77503352964426,built_up,High,26.803497,0.23803113,Cool roof,401310.0,1.0,2.491839226533104e-06
+102163+29139,26.17645822218255,91.77503352943228,built_up,High,26.6362,0.19967014,Cool roof,401310.0,1.0,2.491839226533104e-06
+102163+29140,26.177356536812383,91.77503352920428,built_up,Medium,26.640015,0.2779536,Cool roof,401310.0,1.0,2.491839226533104e-06
+102163+29141,26.178254851932017,91.77503352941235,built_up,High,26.723663,0.22665337,Cool roof,401310.0,1.0,2.491839226533104e-06
+102163+29142,26.17915316799873,91.77503352937872,built_up,High,26.871857,0.2127928,Cool roof,401310.0,1.0,2.491839226533104e-06
+102163+29143,26.18005148287917,91.77503352932928,built_up,High,27.273773,0.17237602,Cool roof,401310.0,1.0,2.491839226533104e-06
+102163+29144,26.1809497978889,91.77503352949022,built_up,High,27.084259,0.2317813,Cool roof,401310.0,1.0,2.491839226533104e-06
+102163+29145,26.18184811357125,91.7750335294094,built_up,High,26.681427,0.21029487,Cool roof,401310.0,1.0,2.491839226533104e-06
+102163+29146,26.18274642861458,91.77503352953832,built_up,High,26.794128,0.21316302,Cool roof,401310.0,1.0,2.491839226533104e-06
+102163+29147,26.18364474396964,91.77503352965144,built_up,High,26.836182,0.18689482,Cool roof,401310.0,1.0,2.491839226533104e-06
+102163+29148,26.18454305945227,91.77503352929708,built_up,High,26.763336,0.21099265,Cool roof,401310.0,1.0,2.491839226533104e-06
+102163+29149,26.18544137438865,91.77503352937885,built_up,Medium,26.555634,0.3428014,Cool roof,401310.0,1.0,2.491839226533104e-06
+102163+29153,26.189034635438563,91.77503352954636,built_up,Medium,27.012054,0.39667222,Cool roof,401310.0,1.0,2.491839226533104e-06
+102163+29154,26.1899329509363,91.77503352977445,built_up,Medium,27.326965,0.38033795,Cool roof,401310.0,1.0,2.491839226533104e-06
+102163+29156,26.191729581879947,91.77503352950536,built_up,Medium,27.061676,0.428001,Cool roof,401310.0,1.0,2.491839226533104e-06
+102164+29131,26.1692716996713,91.77593184400128,built_up,Medium,26.809052,0.2961502,Cool roof,401310.0,1.0,2.491839226533104e-06
+102164+29132,26.170170014810708,91.77593184403648,built_up,Medium,26.895111,0.28573847,Cool roof,401310.0,1.0,2.491839226533104e-06
+102164+29133,26.17106832998133,91.7759318442825,built_up,Medium,26.925201,0.36099637,Cool roof,401310.0,1.0,2.491839226533104e-06
+102164+29134,26.17196664514555,91.77593184406086,built_up,Medium,26.920288,0.3167451,Cool roof,401310.0,1.0,2.491839226533104e-06
+102164+29135,26.17286496057128,91.77593184382346,built_up,Medium,26.802399,0.28719094,Cool roof,401310.0,1.0,2.491839226533104e-06
+102164+29136,26.17376327603246,91.77593184402254,built_up,Medium,26.796265,0.30245245,Cool roof,401310.0,1.0,2.491839226533104e-06
+102164+29137,26.174661591040365,91.7759318442058,built_up,Medium,26.845184,0.25580537,Cool roof,401310.0,1.0,2.491839226533104e-06
+102164+29138,26.175559906349065,91.77593184414762,built_up,High,26.967804,0.24193452,Cool roof,401310.0,1.0,2.491839226533104e-06
+102164+29139,26.17645822206116,91.7759318443,built_up,High,26.898468,0.19667926,Cool roof,401310.0,1.0,2.491839226533104e-06
+102164+29140,26.177356536860326,91.7759318444368,built_up,High,26.834747,0.17662932,Cool roof,401310.0,1.0,2.491839226533104e-06
+102164+29141,26.178254851967164,91.77593184433188,built_up,High,26.786194,0.21357788,Cool roof,401310.0,1.0,2.491839226533104e-06
+102164+29142,26.17915316783947,91.7759318442114,built_up,High,26.84262,0.2042749,Cool roof,401310.0,1.0,2.491839226533104e-06
+102164+29143,26.18005148288923,91.77593184407552,built_up,High,27.107086,0.21728414,Cool roof,401310.0,1.0,2.491839226533104e-06
+102164+29144,26.180949798068283,91.77593184414982,built_up,Medium,27.093567,0.28061545,Cool roof,401310.0,1.0,2.491839226533104e-06
+102164+29145,26.18184811337391,91.77593184420834,built_up,Medium,26.810638,0.29055592,Cool roof,401310.0,1.0,2.491839226533104e-06
+102164+29146,26.18274642876836,91.77593184402532,built_up,Medium,26.90097,0.2583933,Cool roof,401310.0,1.0,2.491839226533104e-06
+102164+29147,26.183644743929,91.77593184405268,built_up,High,27.006836,0.20532058,Cool roof,401310.0,1.0,2.491839226533104e-06
+102164+29148,26.184543059399,91.77593184429044,built_up,Medium,27.097015,0.27408776,Cool roof,401310.0,1.0,2.491839226533104e-06
+102164+29149,26.18544137450472,91.77593184428666,built_up,Medium,26.770172,0.3766888,Cool roof,401310.0,1.0,2.491839226533104e-06
+102164+29150,26.186339689830348,91.77593184404137,built_up,Medium,26.358185,0.34314024,Cool roof,401310.0,1.0,2.491839226533104e-06
+102164+29153,26.189034635503745,91.77593184411516,built_up,Medium,27.030304,0.39816615,Cool roof,401310.0,1.0,2.491839226533104e-06
+102164+29154,26.18993295098867,91.77593184403308,built_up,Medium,27.586395,0.3255252,Cool roof,401310.0,1.0,2.491839226533104e-06
+102164+29155,26.190831266110543,91.77593184416136,built_up,Medium,27.501556,0.42920643,Cool roof,401310.0,1.0,2.491839226533104e-06
+102164+29156,26.191729581907065,91.77593184404812,built_up,Medium,27.333221,0.44460937,Cool roof,401310.0,1.0,2.491839226533104e-06
+102165+29132,26.17017001507003,91.77683015990864,built_up,Medium,27.115845,0.26938426,Cool roof,401310.0,1.0,2.491839226533104e-06
+102165+29133,26.17106832986444,91.77683015983943,built_up,High,27.030731,0.23844215,Cool roof,401310.0,1.0,2.491839226533104e-06
+102165+29134,26.171966645015846,91.77683015975492,built_up,Medium,26.732086,0.276002,Cool roof,401310.0,1.0,2.491839226533104e-06
+102165+29135,26.17286496061128,91.77683015988096,built_up,High,26.852264,0.2404736,Cool roof,401310.0,1.0,2.491839226533104e-06
+102165+29136,26.173763276060185,91.77683015976596,built_up,High,26.922272,0.22180578,Cool roof,401310.0,1.0,2.491839226533104e-06
+102165+29137,26.17466159105528,91.7768301596356,built_up,High,26.88269,0.18283173,Cool roof,401310.0,1.0,2.491839226533104e-06
+102165+29138,26.17555990635171,91.7768301597156,built_up,High,26.929901,0.18597901,Cool roof,401310.0,1.0,2.491839226533104e-06
+102165+29139,26.176458222233308,91.77683015978025,built_up,High,26.631744,0.22447594,Cool roof,401310.0,1.0,2.491839226533104e-06
+102165+29140,26.177356536837888,91.77683015982932,built_up,High,26.958832,0.24921302,Cool roof,401310.0,1.0,2.491839226533104e-06
+102165+29141,26.17825485193244,91.77683015986328,built_up,Medium,26.999786,0.2673536,Cool roof,401310.0,1.0,2.491839226533104e-06
+102165+29142,26.17915316779212,91.77683015988188,built_up,Medium,26.78299,0.27941436,Cool roof,401310.0,1.0,2.491839226533104e-06
+102165+29145,26.18184811328921,91.77683015984488,built_up,Medium,26.317596,0.3534015,Cool roof,401310.0,1.0,2.491839226533104e-06
+102165+29146,26.1827464286712,91.77683015980207,built_up,Medium,26.634918,0.33289337,Cool roof,401310.0,1.0,2.491839226533104e-06
+102165+29147,26.18364474400117,91.7768301597437,built_up,High,27.01529,0.24323726,Cool roof,401310.0,1.0,2.491839226533104e-06
+102165+29148,26.18454305945872,91.77683015966974,built_up,Medium,27.081024,0.3397437,Cool roof,401310.0,1.0,2.491839226533104e-06
+102165+29149,26.18544137455198,91.7768301598064,built_up,Medium,26.968292,0.40734875,Cool roof,401310.0,1.0,2.491839226533104e-06
+102165+29153,26.18903463531909,91.7768301599731,built_up,Medium,26.747345,0.40852246,Cool roof,401310.0,1.0,2.491839226533104e-06
+102165+29154,26.18993295097352,91.77683015980702,built_up,Medium,27.237823,0.37767097,Cool roof,401310.0,1.0,2.491839226533104e-06
+102165+29155,26.19083126608276,91.7768301596254,built_up,Medium,27.937347,0.3791686,Cool roof,401310.0,1.0,2.491839226533104e-06
+102165+29156,26.191729581866834,91.77683015965414,built_up,Medium,27.549591,0.40691596,Cool roof,401310.0,1.0,2.491839226533104e-06
+102166+29133,26.171068329857697,91.77772847497846,built_up,High,26.936066,0.2006774,Cool roof,401310.0,1.0,2.491839226533104e-06
+102166+29134,26.17196664499719,91.77772847503148,built_up,High,26.694794,0.22313482,Cool roof,401310.0,1.0,2.491839226533104e-06
+102166+29135,26.17286496058,91.7777284748434,built_up,Medium,26.735687,0.24540724,Cool roof,401310.0,1.0,2.491839226533104e-06
+102166+29136,26.1737632760168,91.77772847486574,built_up,High,26.884674,0.21413249,Cool roof,401310.0,1.0,2.491839226533104e-06
+102166+29137,26.174661590999623,91.77772847487311,built_up,High,26.805725,0.22280608,Cool roof,401310.0,1.0,2.491839226533104e-06
+102166+29138,26.17555990646557,91.7777284748654,built_up,Medium,27.038666,0.32225862,Cool roof,401310.0,1.0,2.491839226533104e-06
+102166+29139,26.176458222152924,91.77772847484232,built_up,High,27.37793,0.26501086,Cool roof,401310.0,1.0,2.491839226533104e-06
+102166+29140,26.1773565369272,91.77772847480432,built_up,High,27.861603,0.21211901,Cool roof,401310.0,1.0,2.491839226533104e-06
+102166+29141,26.17825485182752,91.777728474751,built_up,High,27.820068,0.19780117,Cool roof,401310.0,1.0,2.491839226533104e-06
+102166+29142,26.17915316785688,91.77772847468252,built_up,Medium,27.17868,0.3889746,Cool roof,401310.0,1.0,2.491839226533104e-06
+102166+29147,26.18364474400439,91.77772847479082,built_up,Medium,26.42868,0.22279142,Cool roof,401310.0,1.0,2.491839226533104e-06
+102166+29148,26.184543059449663,91.7777284748575,built_up,Medium,26.460144,0.3979174,Cool roof,401310.0,1.0,2.491839226533104e-06
+102166+29150,26.186339689831563,91.7777284747191,built_up,Medium,26.021698,0.2774961,Cool roof,401310.0,1.0,2.491839226533104e-06
+102166+29154,26.18993295089064,91.77772847493748,built_up,Medium,26.788788,0.37803888,Cool roof,401310.0,1.0,2.491839226533104e-06
+102166+29155,26.1908312661692,91.77772847512357,built_up,Medium,28.006012,0.3306618,Cool roof,401310.0,1.0,2.491839226533104e-06
+102167+29136,26.17376327608429,91.77862679035272,built_up,Medium,26.844543,0.296611,Cool roof,401310.0,1.0,2.491839226533104e-06
+102167+29137,26.174661591055017,91.77862679049788,built_up,High,26.920593,0.22460066,Cool roof,401310.0,1.0,2.491839226533104e-06
+102167+29138,26.1755599063269,91.7786267904022,built_up,Medium,27.275482,0.27732334,Cool roof,401310.0,1.0,2.491839226533104e-06
+102167+29139,26.176458222184127,91.77862679029184,built_up,High,27.927948,0.23273169,Cool roof,401310.0,1.0,2.491839226533104e-06
+102167+29140,26.177356536946306,91.77862679039228,built_up,High,28.470795,0.2328395,Cool roof,401310.0,1.0,2.491839226533104e-06
+102167+29141,26.17825485183433,91.77862679047782,built_up,High,28.91455,0.16630055,Cool roof,401310.0,1.0,2.491839226533104e-06
+102167+29142,26.179153167851965,91.77862679054866,built_up,High,28.502625,0.15055077,Cool roof,401310.0,1.0,2.491839226533104e-06
+102167+29143,26.18005148286455,91.7786267903782,built_up,High,27.297882,0.27342364,Cool roof,401310.0,1.0,2.491839226533104e-06
+102167+29147,26.183644743938817,91.77862679045154,built_up,Medium,26.361298,0.20877573,Cool roof,401310.0,1.0,2.491839226533104e-06
+102167+29148,26.1845430595536,91.77862679043248,built_up,Medium,26.482819,0.31392533,Cool roof,401310.0,1.0,2.491839226533104e-06
+102167+29149,26.185441374440355,91.77862679062426,built_up,Medium,26.85904,0.38658,Cool roof,401310.0,1.0,2.491839226533104e-06
+102167+29150,26.186339689911307,91.77862679057516,built_up,Medium,26.195526,0.27917442,Cool roof,401310.0,1.0,2.491839226533104e-06
+102167+29151,26.18723800510134,91.77862679028522,built_up,Medium,26.209503,0.30673686,Cool roof,401310.0,1.0,2.491839226533104e-06
+102167+29152,26.18813632069476,91.77862679043226,built_up,Medium,25.958954,0.3338157,Cool roof,401310.0,1.0,2.491839226533104e-06
+102167+29154,26.189932951103767,91.77862679022924,built_up,Medium,26.456024,0.4314862,Cool roof,401310.0,1.0,2.491839226533104e-06
+102167+29155,26.19083126618812,91.77862679033134,built_up,Medium,27.641418,0.35500175,Cool roof,401310.0,1.0,2.491839226533104e-06
+102168+29140,26.177356536895186,91.77952510533773,built_up,High,28.055145,0.22255418,Cool roof,401310.0,1.0,2.491839226533104e-06
+102168+29141,26.17825485195328,91.7795251053364,built_up,High,28.877533,0.21935445,Cool roof,401310.0,1.0,2.491839226533104e-06
+102168+29142,26.17915316777684,91.77952510531996,built_up,High,28.633423,0.26065198,Cool roof,401310.0,1.0,2.491839226533104e-06
+102168+29143,26.180051482959296,91.77952510551476,built_up,Medium,26.958527,0.3194595,Cool roof,401310.0,1.0,2.491839226533104e-06
+102168+29146,26.182746428510065,91.7795251055594,built_up,Medium,26.253998,0.3925078,Cool roof,401310.0,1.0,2.491839226533104e-06
+102168+29147,26.18364474398588,91.77952510569524,built_up,High,26.505707,0.2094164,Cool roof,401310.0,1.0,2.491839226533104e-06
+102168+29148,26.184543059406792,91.77952510559042,built_up,Medium,26.655365,0.34987375,Cool roof,401310.0,1.0,2.491839226533104e-06
+102168+29149,26.18544137446341,91.779525105245,built_up,Medium,26.643707,0.34190378,Cool roof,401310.0,1.0,2.491839226533104e-06
+102168+29150,26.18633968992245,91.77952510533656,built_up,Medium,26.312408,0.26510102,Cool roof,401310.0,1.0,2.491839226533104e-06
+102168+29151,26.187238004918783,91.77952510541364,built_up,Medium,26.400848,0.26308522,Cool roof,401310.0,1.0,2.491839226533104e-06
+102168+29152,26.18813632086383,91.77952510524985,built_up,Medium,26.31186,0.34981894,Cool roof,401310.0,1.0,2.491839226533104e-06
+102168+29153,26.1890346352668,91.77952510552328,built_up,Medium,26.16275,0.29464912,Cool roof,401310.0,1.0,2.491839226533104e-06
+102168+29154,26.189932951067053,91.77952510555608,built_up,Medium,26.684662,0.3345521,Cool roof,401310.0,1.0,2.491839226533104e-06
+102168+29155,26.190831266139483,91.779525105348,built_up,Medium,27.294037,0.2879884,Cool roof,401310.0,1.0,2.491839226533104e-06
+102168+29156,26.19172958188728,91.7795251053512,built_up,Medium,27.395874,0.38928524,Cool roof,401310.0,1.0,2.491839226533104e-06
+102169+29143,26.18005148298454,91.780423421264,built_up,Medium,26.510162,0.34030902,Cool roof,401310.0,1.0,2.491839226533104e-06
+102169+29146,26.182746428499904,91.78042342082324,built_up,Medium,26.471191,0.3552171,Cool roof,401310.0,1.0,2.491839226533104e-06
+102169+29147,26.18364474414577,91.78042342087336,built_up,Medium,26.283417,0.21186423,Cool roof,401310.0,1.0,2.491839226533104e-06
+102169+29149,26.18544137441786,91.78042342138204,built_up,Medium,27.100922,0.28327012,Cool roof,401310.0,1.0,2.491839226533104e-06
+102169+29150,26.18633968986516,91.78042342116277,built_up,Medium,26.355804,0.25143403,Cool roof,401310.0,1.0,2.491839226533104e-06
+102169+29151,26.18723800503171,91.78042342115477,built_up,Medium,26.406128,0.31103107,Cool roof,401310.0,1.0,2.491839226533104e-06
+102169+29152,26.18813632078288,91.78042342135824,built_up,Medium,26.05954,0.31006867,Cool roof,401310.0,1.0,2.491839226533104e-06
+102169+29153,26.18903463535624,91.78042342109536,built_up,Medium,26.43515,0.27047303,Cool roof,401310.0,1.0,2.491839226533104e-06
+102169+29154,26.18993295096246,91.78042342104374,built_up,Medium,26.813019,0.29425618,Cool roof,401310.0,1.0,2.491839226533104e-06
+102169+29155,26.190831266205088,91.78042342120338,built_up,Medium,26.621185,0.35504866,Cool roof,401310.0,1.0,2.491839226533104e-06
+102169+29156,26.1917295817592,91.7804234211226,built_up,Medium,26.532196,0.45440367,Cool roof,401310.0,1.0,2.491839226533104e-06
+102170+29145,26.18184811364426,91.78132173637134,built_up,High,27.304169,0.25975057,Cool roof,401310.0,1.0,2.491839226533104e-06
+102170+29146,26.18274642842044,91.78132173634994,built_up,High,27.048492,0.24304226,Cool roof,401310.0,1.0,2.491839226533104e-06
+102170+29147,26.183644744054902,91.78132173608834,built_up,High,26.43814,0.20121448,Cool roof,401310.0,1.0,2.491839226533104e-06
+102170+29148,26.18454305963447,91.78132173603844,built_up,Medium,26.563965,0.41541782,Cool roof,401310.0,1.0,2.491839226533104e-06
+102170+29149,26.185441374303707,91.78132173597406,built_up,Medium,26.556244,0.35692513,Cool roof,401310.0,1.0,2.491839226533104e-06
+102170+29150,26.186339689739256,91.78132173589523,built_up,Medium,26.005127,0.33318302,Cool roof,401310.0,1.0,2.491839226533104e-06
+102170+29151,26.18723800525815,91.7813217360281,built_up,Medium,26.001678,0.34819257,Cool roof,401310.0,1.0,2.491839226533104e-06
+102170+29153,26.18903463519548,91.78132173625131,built_up,Medium,26.031128,0.2511743,Cool roof,401310.0,1.0,2.491839226533104e-06
+102170+29154,26.18993295097209,91.78132173611527,built_up,Medium,26.69748,0.26200715,Cool roof,401310.0,1.0,2.491839226533104e-06
+102170+29155,26.19083126620316,91.7813217359652,built_up,Medium,26.82962,0.4050262,Cool roof,401310.0,1.0,2.491839226533104e-06
+102170+29157,26.19262789665069,91.78132173629972,built_up,Medium,25.86203,0.4326732,Cool roof,401310.0,1.0,2.491839226533104e-06
+102171+29146,26.18274642845377,91.78222005135932,built_up,High,27.831268,0.18779983,Cool roof,401310.0,1.0,2.491839226533104e-06
+102171+29147,26.18364474389492,91.78222005146368,built_up,High,27.000702,0.23474984,Cool roof,401310.0,1.0,2.491839226533104e-06
+102171+29148,26.18454305964487,91.7822200513278,built_up,Medium,26.494751,0.36016658,Cool roof,401310.0,1.0,2.491839226533104e-06
+102171+29149,26.18544137430272,91.78222005140384,built_up,Medium,26.422333,0.34590903,Cool roof,401310.0,1.0,2.491839226533104e-06
+102171+29150,26.18633968972688,91.7822200514661,built_up,Medium,26.369843,0.2581239,Cool roof,401310.0,1.0,2.491839226533104e-06
+102171+29151,26.1872380052344,91.78222005128836,built_up,Medium,26.338287,0.39603254,Cool roof,401310.0,1.0,2.491839226533104e-06
+102171+29153,26.18903463533055,91.78222005111613,built_up,Medium,25.79538,0.2778058,Cool roof,401310.0,1.0,2.491839226533104e-06
+102171+29154,26.18993295091401,91.78222005134778,built_up,Medium,26.528229,0.25614193,Cool roof,401310.0,1.0,2.491839226533104e-06
+102171+29155,26.19083126631564,91.7822200515654,built_up,Medium,26.416473,0.46354672,Cool roof,401310.0,1.0,2.491839226533104e-06
+102171+29157,26.192627896740216,91.78222005128048,built_up,Medium,25.717987,0.3902398,Cool roof,401310.0,1.0,2.491839226533104e-06
+102171+29158,26.193526211856028,91.78222005145584,built_up,Medium,26.185364,0.42310092,Cool roof,401310.0,1.0,2.491839226533104e-06
+102172+29146,26.182746428417985,91.7831183666059,built_up,High,28.253906,0.2228733,Cool roof,401310.0,1.0,2.491839226533104e-06
+102172+29147,26.18364474402969,91.78311836662448,built_up,High,27.374237,0.19879636,Cool roof,401310.0,1.0,2.491839226533104e-06
+102172+29148,26.184543059404355,91.78311836662904,built_up,High,26.93686,0.24193996,Cool roof,401310.0,1.0,2.491839226533104e-06
+102172+29149,26.18544137459704,91.78311836661976,built_up,Medium,26.547577,0.24780886,Cool roof,401310.0,1.0,2.491839226533104e-06
+102172+29150,26.186339689646086,91.78311836682268,built_up,Medium,26.483795,0.26218432,Cool roof,401310.0,1.0,2.491839226533104e-06
+102172+29151,26.18723800514239,91.7831183667858,built_up,Medium,26.806976,0.32299006,Cool roof,401310.0,1.0,2.491839226533104e-06
+102172+29152,26.188136320677287,91.78311836673493,built_up,Medium,25.984406,0.36625698,Cool roof,401310.0,1.0,2.491839226533104e-06
+102172+29153,26.1890346353979,91.78311836667024,built_up,Medium,25.886566,0.29357466,Cool roof,401310.0,1.0,2.491839226533104e-06
+102172+29154,26.18993295096998,91.78311836659172,built_up,Medium,26.397797,0.30170256,Cool roof,401310.0,1.0,2.491839226533104e-06
+102172+29155,26.1908312663604,91.7831183664992,built_up,Medium,26.322327,0.4725112,Cool roof,401310.0,1.0,2.491839226533104e-06
+102172+29156,26.191729581698063,91.78311836661882,built_up,Medium,26.319122,0.425397,Cool roof,401310.0,1.0,2.491839226533104e-06
+102172+29157,26.19262789694451,91.78311836672444,built_up,Medium,26.256012,0.40547952,Cool roof,401310.0,1.0,2.491839226533104e-06
+102172+29158,26.193526211867,91.78311836681644,built_up,Medium,26.336517,0.4146944,Cool roof,401310.0,1.0,2.491839226533104e-06
+102172+29161,26.196221157799776,91.7831183667828,built_up,Medium,26.225372,0.4511653,Cool roof,401310.0,1.0,2.491839226533104e-06
+102173+29146,26.182746428494823,91.7840166818391,built_up,High,28.122498,0.25066888,Cool roof,401310.0,1.0,2.491839226533104e-06
+102173+29147,26.183644744095325,91.78401668199744,built_up,High,27.61911,0.23009048,Cool roof,401310.0,1.0,2.491839226533104e-06
+102173+29148,26.184543059277186,91.78401668191648,built_up,High,27.442444,0.26566234,Cool roof,401310.0,1.0,2.491839226533104e-06
+102173+29149,26.18544137464079,91.78401668182212,built_up,Medium,26.838318,0.32481325,Cool roof,401310.0,1.0,2.491839226533104e-06
+102173+29150,26.18633968967864,91.784016681714,built_up,Medium,26.915009,0.30940044,Cool roof,401310.0,1.0,2.491839226533104e-06
+102173+29151,26.18723800516373,91.78401668181776,built_up,Medium,26.983978,0.3322482,Cool roof,401310.0,1.0,2.491839226533104e-06
+102173+29152,26.1881363206876,91.78401668190796,built_up,Medium,26.383575,0.24737823,Cool roof,401310.0,1.0,2.491839226533104e-06
+102173+29153,26.18903463539736,91.7840166819848,built_up,Medium,26.315216,0.25445417,Cool roof,401310.0,1.0,2.491839226533104e-06
+102173+29154,26.18993295095824,91.78401668204806,built_up,Medium,26.372711,0.23359382,Cool roof,401310.0,1.0,2.491839226533104e-06
+102173+29155,26.19083126615552,91.78401668187156,built_up,Medium,26.088165,0.3088911,Cool roof,401310.0,1.0,2.491839226533104e-06
+102173+29156,26.191729581846023,91.78401668168122,built_up,Medium,26.72171,0.37951222,Cool roof,401310.0,1.0,2.491839226533104e-06
+102173+29157,26.19262789689933,91.78401668170328,built_up,Medium,26.556702,0.43896016,Cool roof,401310.0,1.0,2.491839226533104e-06
+102173+29158,26.193526211992907,91.78401668171152,built_up,Medium,26.483398,0.3621629,Cool roof,401310.0,1.0,2.491839226533104e-06
+102173+29159,26.19442452699219,91.78401668193216,built_up,Medium,26.123169,0.47971594,Cool roof,401310.0,1.0,2.491839226533104e-06
+102173+29161,26.19622115771049,91.78401668188074,built_up,Medium,25.785706,0.3777707,Cool roof,401310.0,1.0,2.491839226533104e-06
+102174+29146,26.182746428684307,91.78491499708292,built_up,High,27.76419,0.25887915,Cool roof,401310.0,1.0,2.491839226533104e-06
+102174+29147,26.183644744092177,91.78491499715597,built_up,High,27.359192,0.19670568,Cool roof,401310.0,1.0,2.491839226533104e-06
+102174+29148,26.184543059263,91.7849149972154,built_up,High,27.594574,0.29588163,Cool roof,401310.0,1.0,2.491839226533104e-06
+102174+29149,26.18544137461576,91.78491499726104,built_up,Medium,27.39209,0.3464575,Cool roof,401310.0,1.0,2.491839226533104e-06
+102174+29150,26.18633968964276,91.78491499729355,built_up,Medium,27.707886,0.32239196,Cool roof,401310.0,1.0,2.491839226533104e-06
+102174+29151,26.18723800511665,91.78491499708672,built_up,Medium,26.950165,0.3053149,Cool roof,401310.0,1.0,2.491839226533104e-06
+102174+29152,26.18813632081197,91.78491499709251,built_up,Medium,25.947968,0.24912079,Cool roof,401310.0,1.0,2.491839226533104e-06
+102174+29153,26.18903463532858,91.78491499708473,built_up,Medium,25.938934,0.2554711,Cool roof,401310.0,1.0,2.491839226533104e-06
+102174+29154,26.18993295106072,91.78491499706332,built_up,Medium,26.673187,0.31566998,Cool roof,401310.0,1.0,2.491839226533104e-06
+102174+29155,26.19083126606485,91.78491499725452,built_up,Medium,26.15445,0.45469606,Cool roof,401310.0,1.0,2.491839226533104e-06
+102174+29156,26.19172958192664,91.78491499743237,built_up,Medium,25.751862,0.37403005,Cool roof,401310.0,1.0,2.491839226533104e-06
+102174+29157,26.192627896786973,91.78491499737088,built_up,Medium,26.068909,0.3709176,Cool roof,401310.0,1.0,2.491839226533104e-06
+102174+29158,26.193526212051463,91.7849149972958,built_up,Medium,26.524506,0.41642442,Cool roof,401310.0,1.0,2.491839226533104e-06
+102174+29159,26.19442452704008,91.78491499720737,built_up,Medium,26.349976,0.45469657,Cool roof,401310.0,1.0,2.491839226533104e-06
+102174+29160,26.19532284334064,91.78491499710556,built_up,Medium,25.678772,0.43373448,Cool roof,401310.0,1.0,2.491839226533104e-06
+102174+29161,26.19622115755438,91.78491499721592,built_up,Medium,24.841217,0.3387677,Cool roof,401310.0,1.0,2.491839226533104e-06
+102175+29146,26.18274642862269,91.78581331316764,built_up,Medium,27.368866,0.29173443,Cool roof,401310.0,1.0,2.491839226533104e-06
+102175+29147,26.183644744019897,91.78581331292833,built_up,High,26.97583,0.18824351,Cool roof,401310.0,1.0,2.491839226533104e-06
+102175+29148,26.184543059362,91.78581331290204,built_up,High,27.683746,0.2551965,Cool roof,401310.0,1.0,2.491839226533104e-06
+102175+29149,26.18544137452177,91.7858133128626,built_up,High,27.974579,0.27565408,Cool roof,401310.0,1.0,2.491839226533104e-06
+102175+29150,26.186339689720224,91.7858133128096,built_up,High,28.292206,0.26399514,Cool roof,401310.0,1.0,2.491839226533104e-06
+102175+29151,26.18723800500168,91.78581331296982,built_up,Medium,27.51535,0.35158348,Cool roof,401310.0,1.0,2.491839226533104e-06
+102175+29152,26.188136320867915,91.78581331289074,built_up,Medium,26.479889,0.33005264,Cool roof,401310.0,1.0,2.491839226533104e-06
+102175+29153,26.18903463537385,91.78581331302424,built_up,Medium,25.80069,0.25388712,Cool roof,401310.0,1.0,2.491839226533104e-06
+102175+29154,26.1899329509132,91.78581331291863,built_up,Medium,26.81247,0.2663293,Cool roof,401310.0,1.0,2.491839226533104e-06
+102175+29155,26.19083126627072,91.78581331279992,built_up,Medium,26.82431,0.40977272,Cool roof,401310.0,1.0,2.491839226533104e-06
+102175+29156,26.19172958193971,91.785813312894,built_up,Medium,25.402313,0.3906962,Cool roof,401310.0,1.0,2.491839226533104e-06
+102175+29157,26.192627896607444,91.78581331274874,built_up,Medium,25.488922,0.3067503,Cool roof,401310.0,1.0,2.491839226533104e-06
+102175+29158,26.19352621222496,91.78581331281632,built_up,Medium,26.701996,0.33110207,Cool roof,401310.0,1.0,2.491839226533104e-06
+102175+29159,26.19442452683902,91.78581331287052,built_up,Medium,26.659729,0.40682447,Cool roof,401310.0,1.0,2.491839226533104e-06
+102175+29160,26.19532284331068,91.7858133126854,built_up,Medium,26.045013,0.39510202,Cool roof,401310.0,1.0,2.491839226533104e-06
+102176+29145,26.1818481135998,91.7867116275674,built_up,Medium,27.083496,0.30492285,Cool roof,401310.0,1.0,2.491839226533104e-06
+102176+29146,26.18274642867372,91.7867116274814,built_up,Medium,27.05304,0.2790619,Cool roof,401310.0,1.0,2.491839226533104e-06
+102176+29147,26.183644743878457,91.78671162760844,built_up,High,27.07129,0.23519267,Cool roof,401310.0,1.0,2.491839226533104e-06
+102176+29148,26.184543059392205,91.78671162749664,built_up,High,28.905273,0.20027663,Cool roof,401310.0,1.0,2.491839226533104e-06
+102176+29149,26.18544137435918,91.78671162737167,built_up,High,29.138336,0.28671873,Cool roof,401310.0,1.0,2.491839226533104e-06
+102176+29150,26.18633968991104,91.78671162745974,built_up,High,28.388397,0.35067087,Cool roof,401310.0,1.0,2.491839226533104e-06
+102176+29151,26.187238005000047,91.78671162753444,built_up,High,28.03122,0.28243947,Cool roof,401310.0,1.0,2.491839226533104e-06
+102176+29152,26.1881363208558,91.78671162759645,built_up,Medium,27.371399,0.30151758,Cool roof,401310.0,1.0,2.491839226533104e-06
+102176+29153,26.18903463535123,91.7867116274198,built_up,Medium,26.021637,0.29548028,Cool roof,401310.0,1.0,2.491839226533104e-06
+102176+29154,26.18993295087973,91.78671162745572,built_up,Medium,26.52658,0.29650193,Cool roof,401310.0,1.0,2.491839226533104e-06
+102176+29155,26.19083126622711,91.78671162747874,built_up,Medium,26.86435,0.37475124,Cool roof,401310.0,1.0,2.491839226533104e-06
+102176+29156,26.19172958188525,91.78671162726286,built_up,Medium,25.99295,0.45907885,Cool roof,401310.0,1.0,2.491839226533104e-06
+102176+29157,26.192627896724428,91.78671162748576,built_up,Medium,25.213776,0.28289336,Cool roof,401310.0,1.0,2.491839226533104e-06
+102176+29158,26.19352621214951,91.78671162746978,built_up,Medium,26.373718,0.33258972,Cool roof,401310.0,1.0,2.491839226533104e-06
+102176+29159,26.19442452693485,91.7867116274409,built_up,Medium,26.65384,0.39597228,Cool roof,401310.0,1.0,2.491839226533104e-06
+102176+29160,26.195322843214065,91.78671162762504,built_up,Medium,26.48294,0.421841,Cool roof,401310.0,1.0,2.491839226533104e-06
+102177+29145,26.181848113592,91.78760994326052,built_up,Medium,27.110504,0.32113072,Cool roof,401310.0,1.0,2.491839226533104e-06
+102177+29147,26.183644743850028,91.78760994312948,built_up,Medium,27.101349,0.3076215,Cool roof,401310.0,1.0,2.491839226533104e-06
+102177+29148,26.18454305935328,91.78760994315763,built_up,High,29.168427,0.178123,Cool roof,401310.0,1.0,2.491839226533104e-06
+102177+29149,26.185441374491887,91.78760994339903,built_up,High,29.519135,0.25582892,Cool roof,401310.0,1.0,2.491839226533104e-06
+102177+29150,26.18633968985148,91.7876099434018,built_up,High,28.210236,0.30879122,Cool roof,401310.0,1.0,2.491839226533104e-06
+102177+29151,26.187238005111936,91.78760994339208,built_up,Medium,27.611237,0.3597217,Cool roof,401310.0,1.0,2.491839226533104e-06
+102177+29152,26.188136320775595,91.78760994336945,built_up,Medium,27.44162,0.3256093,Cool roof,401310.0,1.0,2.491839226533104e-06
+102177+29153,26.189034635260366,91.78760994333366,built_up,Medium,26.417877,0.3320954,Cool roof,401310.0,1.0,2.491839226533104e-06
+102177+29154,26.18993295096067,91.7876099432854,built_up,Medium,26.641296,0.25970653,Cool roof,401310.0,1.0,2.491839226533104e-06
+102177+29155,26.19083126611561,91.78760994322444,built_up,Medium,26.888031,0.31484032,Cool roof,401310.0,1.0,2.491839226533104e-06
+102177+29158,26.193526212007065,91.78760994319062,built_up,Medium,25.442657,0.40690607,Cool roof,401310.0,1.0,2.491839226533104e-06
+102178+29145,26.181848113514704,91.78850825831206,built_up,Medium,27.321533,0.35197905,Cool roof,401310.0,1.0,2.491839226533104e-06
+102178+29147,26.183644743934227,91.788508258235,built_up,High,27.691559,0.29285696,Cool roof,401310.0,1.0,2.491839226533104e-06
+102178+29148,26.18454305942752,91.7885082584036,built_up,High,28.561249,0.17697364,Cool roof,401310.0,1.0,2.491839226533104e-06
+102178+29149,26.18544137455599,91.78850825833398,built_up,High,28.171051,0.30405095,Cool roof,401310.0,1.0,2.491839226533104e-06
+102178+29150,26.18633968972332,91.78850825825164,built_up,Medium,26.870514,0.32589036,Cool roof,401310.0,1.0,2.491839226533104e-06
+102178+29151,26.18723800515576,91.78850825815664,built_up,Medium,26.645538,0.32277042,Cool roof,401310.0,1.0,2.491839226533104e-06
+102178+29152,26.188136320808923,91.78850825827509,built_up,Medium,26.956207,0.27728498,Cool roof,401310.0,1.0,2.491839226533104e-06
+102178+29153,26.189034635283555,91.78850825838104,built_up,Medium,26.731964,0.33562005,Cool roof,401310.0,1.0,2.491839226533104e-06
+102178+29154,26.189932950973898,91.78850825847452,built_up,Medium,26.681671,0.27861014,Cool roof,401310.0,1.0,2.491839226533104e-06
+102178+29155,26.19083126611834,91.78850825855532,built_up,Medium,26.858307,0.31438467,Cool roof,401310.0,1.0,2.491839226533104e-06
+102178+29156,26.191729581937985,91.78850825839744,built_up,Medium,26.498596,0.42408344,Cool roof,401310.0,1.0,2.491839226533104e-06
+102178+29159,26.194424527107603,91.7885082583004,built_up,Medium,25.643372,0.35726556,Cool roof,401310.0,1.0,2.491839226533104e-06
+102178+29161,26.196221157720075,91.788508258324,built_up,Medium,25.902954,0.40525773,Cool roof,401310.0,1.0,2.491839226533104e-06
+102179+29146,26.18274642841176,91.789406573861,built_up,High,28.834106,0.19858225,Cool roof,401310.0,1.0,2.491839226533104e-06
+102179+29147,26.183644744131428,91.78940657373036,built_up,High,28.87796,0.19643973,Cool roof,401310.0,1.0,2.491839226533104e-06
+102179+29148,26.184543059432805,91.7894065738132,built_up,High,27.75473,0.16952947,Cool roof,401310.0,1.0,2.491839226533104e-06
+102179+29149,26.18544137436953,91.78940657365784,built_up,Medium,26.592194,0.26897988,Cool roof,401310.0,1.0,2.491839226533104e-06
+102179+29150,26.18633968989044,91.78940657371616,built_up,Medium,26.033325,0.31404468,Cool roof,401310.0,1.0,2.491839226533104e-06
+102179+29151,26.18723800494903,91.789406573762,built_up,Medium,25.827972,0.30853754,Cool roof,401310.0,1.0,2.491839226533104e-06
+102179+29152,26.18813632095613,91.78940657356964,built_up,Medium,26.113983,0.2381214,Cool roof,401310.0,1.0,2.491839226533104e-06
+102179+29153,26.189034635239032,91.7894065735912,built_up,Medium,26.377686,0.2866624,Cool roof,401310.0,1.0,2.491839226533104e-06
+102179+29154,26.189932951101003,91.78940657360025,built_up,Medium,26.65915,0.26074362,Cool roof,401310.0,1.0,2.491839226533104e-06
+102179+29155,26.190831266053543,91.78940657359682,built_up,Medium,26.927979,0.32908893,Cool roof,401310.0,1.0,2.491839226533104e-06
+102179+29156,26.19172958186304,91.78940657358116,built_up,Medium,26.981293,0.449485,Cool roof,401310.0,1.0,2.491839226533104e-06
+102179+29157,26.19262789685373,91.7894065735532,built_up,Medium,26.206146,0.4493876,Cool roof,401310.0,1.0,2.491839226533104e-06
+102179+29158,26.19352621188417,91.789406573513,built_up,Medium,25.488434,0.42719325,Cool roof,401310.0,1.0,2.491839226533104e-06
+102179+29159,26.19442452718472,91.78940657368628,built_up,Medium,25.334137,0.3935465,Cool roof,401310.0,1.0,2.491839226533104e-06
+102179+29160,26.195322843069647,91.7894065738471,built_up,Medium,25.148499,0.37843183,Cool roof,401310.0,1.0,2.491839226533104e-06
+102179+29161,26.19622115795884,91.78940657376948,built_up,Medium,25.815582,0.35160813,Cool roof,401310.0,1.0,2.491839226533104e-06
+102180+29145,26.181848113697857,91.79030488923276,built_up,Medium,27.173126,0.38036364,Cool roof,401310.0,1.0,2.491839226533104e-06
+102180+29146,26.182746428367828,91.79030488925416,built_up,High,28.990631,0.20874369,Cool roof,401310.0,1.0,2.491839226533104e-06
+102180+29147,26.183644744077707,91.79030488926352,built_up,High,28.73233,0.16107175,Cool roof,401310.0,1.0,2.491839226533104e-06
+102180+29148,26.184543059551068,91.79030488926084,built_up,Medium,27.079712,0.29299763,Cool roof,401310.0,1.0,2.491839226533104e-06
+102180+29149,26.18544137429624,91.79030488947208,built_up,Medium,25.978577,0.29843712,Cool roof,401310.0,1.0,2.491839226533104e-06
+102180+29150,26.18633968998915,91.79030488944534,built_up,Medium,25.807892,0.29529148,Cool roof,401310.0,1.0,2.491839226533104e-06
+102180+29151,26.187238004855818,91.79030488940631,built_up,Medium,25.390778,0.34724894,Cool roof,401310.0,1.0,2.491839226533104e-06
+102180+29152,26.18813632085332,91.79030488935526,built_up,Medium,25.090118,0.30301294,Cool roof,401310.0,1.0,2.491839226533104e-06
+102180+29153,26.1890346353082,91.79030488929192,built_up,Medium,25.947998,0.26546228,Cool roof,401310.0,1.0,2.491839226533104e-06
+102180+29154,26.189932950978267,91.79030488921636,built_up,Medium,26.75174,0.26787084,Cool roof,401310.0,1.0,2.491839226533104e-06
+102180+29155,26.190831266103142,91.79030488912896,built_up,Medium,26.806976,0.29652545,Cool roof,401310.0,1.0,2.491839226533104e-06
+102180+29156,26.19172958190286,91.7903048892557,built_up,Medium,26.84671,0.42596784,Cool roof,401310.0,1.0,2.491839226533104e-06
+102180+29157,26.19262789688342,91.79030488936996,built_up,Medium,26.360016,0.4631864,Cool roof,401310.0,1.0,2.491839226533104e-06
+102180+29160,26.195322843069803,91.79030488918772,built_up,Medium,25.313446,0.31338245,Cool roof,401310.0,1.0,2.491839226533104e-06
+102180+29161,26.19622115794922,91.79030488925358,built_up,Medium,25.238739,0.33570868,Cool roof,401310.0,1.0,2.491839226533104e-06
+102180+29163,26.198017788733573,91.79030488934904,built_up,Medium,24.70111,0.37288332,Cool roof,401310.0,1.0,2.491839226533104e-06
+102181+29144,26.18094979811252,91.79120320402404,built_up,High,27.507294,0.28425404,Cool roof,401310.0,1.0,2.491839226533104e-06
+102181+29145,26.18184811341243,91.79120320397128,built_up,Medium,27.550537,0.3074401,Cool roof,401310.0,1.0,2.491839226533104e-06
+102181+29146,26.18274642861849,91.79120320390672,built_up,High,28.797607,0.23318389,Cool roof,401310.0,1.0,2.491839226533104e-06
+102181+29147,26.18364474395502,91.79120320405627,built_up,High,28.32254,0.15045717,Cool roof,401310.0,1.0,2.491839226533104e-06
+102181+29148,26.184543059600564,91.79120320396808,built_up,Medium,26.479889,0.2850565,Cool roof,401310.0,1.0,2.491839226533104e-06
+102181+29149,26.18544137433595,91.7912032038676,built_up,Medium,25.882233,0.33344164,Cool roof,401310.0,1.0,2.491839226533104e-06
+102181+29150,26.18633968983747,91.79120320375532,built_up,Medium,25.506317,0.30169562,Cool roof,401310.0,1.0,2.491839226533104e-06
+102181+29153,26.1890346353093,91.79120320379964,built_up,Medium,25.46994,0.33372805,Cool roof,401310.0,1.0,2.491839226533104e-06
+102181+29154,26.18993295096977,91.79120320386605,built_up,Medium,26.444244,0.32589525,Cool roof,401310.0,1.0,2.491839226533104e-06
+102181+29155,26.190831266266983,91.79120320414636,built_up,Medium,26.598969,0.3649909,Cool roof,401310.0,1.0,2.491839226533104e-06
+102181+29156,26.191729581875148,91.79120320418868,built_up,Medium,26.64212,0.3879469,Cool roof,401310.0,1.0,2.491839226533104e-06
+102181+29157,26.192627896845742,91.7912032039932,built_up,Medium,26.274933,0.4531799,Cool roof,401310.0,1.0,2.491839226533104e-06
+102182+29144,26.18094979813112,91.79210151931532,built_up,High,27.408356,0.23384117,Cool roof,401310.0,1.0,2.491839226533104e-06
+102182+29145,26.181848113421417,91.79210151940232,built_up,Medium,27.467499,0.32509923,Cool roof,401310.0,1.0,2.491839226533104e-06
+102182+29146,26.18274642861805,91.7921015194775,built_up,High,28.122864,0.26812816,Cool roof,401310.0,1.0,2.491839226533104e-06
+102182+29147,26.183644743944985,91.79210151931493,built_up,High,27.485077,0.16276675,Cool roof,401310.0,1.0,2.491839226533104e-06
+102182+29148,26.18454305958127,91.7921015193667,built_up,Medium,26.243835,0.26716226,Cool roof,401310.0,1.0,2.491839226533104e-06
+102182+29149,26.185441374306865,91.7921015194071,built_up,Medium,25.770477,0.34474275,Cool roof,401310.0,1.0,2.491839226533104e-06
+102182+29152,26.188136320624714,91.79210151945784,built_up,Medium,24.861542,0.37924734,Cool roof,401310.0,1.0,2.491839226533104e-06
+102182+29153,26.189034635424644,91.79210151967736,built_up,Medium,25.616272,0.35617033,Cool roof,401310.0,1.0,2.491839226533104e-06
+102182+29154,26.18993295089355,91.79210151965954,built_up,Medium,26.273438,0.32776392,Cool roof,401310.0,1.0,2.491839226533104e-06
+102183+29143,26.18005148274376,91.7929998352595,built_up,High,28.05069,0.23853642,Cool roof,401310.0,1.0,2.491839226533104e-06
+102183+29144,26.180949798080032,91.79299983527147,built_up,Medium,26.881378,0.3546881,Cool roof,401310.0,1.0,2.491839226533104e-06
+102183+29145,26.181848113542863,91.79299983527186,built_up,Medium,27.223022,0.33053473,Cool roof,401310.0,1.0,2.491839226533104e-06
+102183+29146,26.18274642854829,91.79299983526086,built_up,High,27.528717,0.28924605,Cool roof,401310.0,1.0,2.491839226533104e-06
+102183+29147,26.183644743865973,91.79299983523872,built_up,Medium,27.036713,0.25686598,Cool roof,401310.0,1.0,2.491839226533104e-06
+102183+29148,26.184543059674784,91.79299983520497,built_up,Medium,26.12793,0.31214026,Cool roof,401310.0,1.0,2.491839226533104e-06
+102183+29149,26.18544137439132,91.79299983538556,built_up,Medium,25.642548,0.35465327,Cool roof,401310.0,1.0,2.491839226533104e-06
+102183+29153,26.18903463547173,91.79299983531638,built_up,Medium,25.484558,0.29490712,Cool roof,401310.0,1.0,2.491839226533104e-06
+102183+29154,26.189932950749448,91.7929998352137,built_up,Medium,26.252136,0.37024862,Cool roof,401310.0,1.0,2.491839226533104e-06
+102183+29155,26.19083126620957,91.79299983510008,built_up,Medium,26.246643,0.38823536,Cool roof,401310.0,1.0,2.491839226533104e-06
+102183+29159,26.19442452718724,91.792999835208,built_up,Medium,25.508179,0.4051924,Cool roof,401310.0,1.0,2.491839226533104e-06
+102183+29161,26.19622115770295,91.79299983530602,built_up,Medium,25.374725,0.40505633,Cool roof,401310.0,1.0,2.491839226533104e-06
+102184+29143,26.18005148263226,91.79389814996112,built_up,High,27.911926,0.27223077,Cool roof,401310.0,1.0,2.491839226533104e-06
+102184+29145,26.18184811341304,91.79389814980068,built_up,Medium,27.44632,0.33337364,Cool roof,401310.0,1.0,2.491839226533104e-06
+102184+29146,26.18274642877313,91.79389814992965,built_up,High,27.535065,0.2872025,Cool roof,401310.0,1.0,2.491839226533104e-06
+102184+29147,26.18364474371801,91.79389815004726,built_up,Medium,26.985077,0.34851238,Cool roof,401310.0,1.0,2.491839226533104e-06
+102184+29148,26.184543059699344,91.79389814992776,built_up,Medium,26.205933,0.34188935,Cool roof,401310.0,1.0,2.491839226533104e-06
+102184+29153,26.18903463545076,91.79389814984036,built_up,Medium,25.104828,0.30748942,Cool roof,401310.0,1.0,2.491839226533104e-06
+102184+29154,26.189932950901337,91.7938981501056,built_up,Medium,26.357208,0.40404093,Cool roof,401310.0,1.0,2.491839226533104e-06
+102184+29156,26.19172958211457,91.79389814992388,built_up,Medium,26.085114,0.38645205,Cool roof,401310.0,1.0,2.491839226533104e-06
+102184+29157,26.1926278965116,91.79389814992948,built_up,Medium,25.028107,0.33850646,Cool roof,401310.0,1.0,2.491839226533104e-06
+102184+29158,26.19352621204054,91.79389814992372,built_up,Medium,24.79538,0.3503156,Cool roof,401310.0,1.0,2.491839226533104e-06
+102184+29159,26.194424527111664,91.79389814968084,built_up,Medium,25.400726,0.3374743,Cool roof,401310.0,1.0,2.491839226533104e-06
+102184+29160,26.195322843312617,91.79389814965252,built_up,Medium,25.705353,0.30438417,Cool roof,401310.0,1.0,2.491839226533104e-06
+102184+29161,26.19622115779081,91.7938981498388,built_up,Medium,25.662018,0.34098876,Cool roof,401310.0,1.0,2.491839226533104e-06
+102184+29163,26.198017788681675,91.79389814995216,built_up,Medium,25.41986,0.38285604,Cool roof,401310.0,1.0,2.491839226533104e-06
+102184+29167,26.20161104940544,91.79389815004323,built_up,Medium,24.506561,0.36586684,Cool roof,401310.0,1.0,2.491839226533104e-06
+102185+29143,26.18005148281464,91.79479646527923,built_up,High,28.14743,0.29425082,Cool roof,401310.0,1.0,2.491839226533104e-06
+102185+29144,26.180949797950632,91.7947964653439,built_up,Medium,27.634796,0.33938783,Cool roof,401310.0,1.0,2.491839226533104e-06
+102185+29145,26.18184811357764,91.79479646539762,built_up,Medium,27.475128,0.33476198,Cool roof,401310.0,1.0,2.491839226533104e-06
+102185+29146,26.18274642856491,91.79479646521447,built_up,Medium,27.230988,0.36262366,Cool roof,401310.0,1.0,2.491839226533104e-06
+102185+29147,26.18364474386464,91.7947964650204,built_up,Medium,26.73288,0.36016518,Cool roof,401310.0,1.0,2.491839226533104e-06
+102185+29148,26.184543059655304,91.79479646526728,built_up,Medium,26.282928,0.28886423,Cool roof,401310.0,1.0,2.491839226533104e-06
+102185+29149,26.185441374353864,91.79479646527726,built_up,Medium,25.964874,0.389592,Cool roof,401310.0,1.0,2.491839226533104e-06
+102185+29150,26.186339689818745,91.79479646527612,built_up,Medium,25.652313,0.3305485,Cool roof,401310.0,1.0,2.491839226533104e-06
+102185+29151,26.187238005184472,91.79479646526376,built_up,Medium,25.615448,0.37669772,Cool roof,401310.0,1.0,2.491839226533104e-06
+102185+29153,26.189034635543827,91.79479646520632,built_up,Medium,25.002106,0.36255836,Cool roof,401310.0,1.0,2.491839226533104e-06
+102185+29154,26.18993295098552,91.7947964651612,built_up,Medium,26.076813,0.3420638,Cool roof,401310.0,1.0,2.491839226533104e-06
+102185+29155,26.190831266063444,91.7947964653311,built_up,Medium,26.552246,0.40931252,Cool roof,401310.0,1.0,2.491839226533104e-06
+102185+29156,26.191729581816908,91.79479646526389,built_up,Medium,25.927887,0.40630144,Cool roof,401310.0,1.0,2.491839226533104e-06
+102185+29157,26.192627896750853,91.79479646518574,built_up,Medium,25.190765,0.40341443,Cool roof,401310.0,1.0,2.491839226533104e-06
+102185+29158,26.19352621190685,91.7947964653226,built_up,Medium,24.733398,0.37284905,Cool roof,401310.0,1.0,2.491839226533104e-06
+102185+29159,26.19442452715084,91.7947964654481,built_up,Medium,25.338745,0.40591556,Cool roof,401310.0,1.0,2.491839226533104e-06
+102185+29160,26.19532284334289,91.79479646556268,built_up,Medium,25.527435,0.3520866,Cool roof,401310.0,1.0,2.491839226533104e-06
+102185+29161,26.19622115781201,91.79479646544031,built_up,Medium,25.315094,0.41908234,Cool roof,401310.0,1.0,2.491839226533104e-06
+102185+29162,26.19711947295515,91.79479646530685,built_up,Medium,24.915192,0.34966123,Cool roof,401310.0,1.0,2.491839226533104e-06
+102185+29163,26.19801778886685,91.7947964651624,built_up,Medium,25.502716,0.37141854,Cool roof,401310.0,1.0,2.491839226533104e-06
+102186+29143,26.180051482927173,91.79569478086148,built_up,Medium,27.717377,0.41042805,Cool roof,401310.0,1.0,2.491839226533104e-06
+102186+29145,26.18184811367273,91.79569478080728,built_up,Medium,27.014069,0.30433452,Cool roof,401310.0,1.0,2.491839226533104e-06
+102186+29146,26.18274642846934,91.79569478098983,built_up,Medium,26.751312,0.37731448,Cool roof,401310.0,1.0,2.491839226533104e-06
+102186+29147,26.18364474394229,91.79569478116169,built_up,Medium,26.431213,0.37036562,Cool roof,401310.0,1.0,2.491839226533104e-06
+102186+29148,26.184543059542293,91.7956947808709,built_up,Medium,26.075714,0.33892298,Cool roof,401310.0,1.0,2.491839226533104e-06
+102186+29149,26.18544137441392,91.79569478079516,built_up,Medium,25.521515,0.29205036,Cool roof,401310.0,1.0,2.491839226533104e-06
+102186+29150,26.18633968987008,91.79569478093464,built_up,Medium,25.581757,0.34780824,Cool roof,401310.0,1.0,2.491839226533104e-06
+102186+29151,26.18723800504515,91.79569478083768,built_up,Medium,25.764801,0.283828,Cool roof,401310.0,1.0,2.491839226533104e-06
+102186+29152,26.18813632080501,91.79569478095574,built_up,Medium,25.315582,0.34798297,Cool roof,401310.0,1.0,2.491839226533104e-06
+102186+29153,26.18903463538689,91.79569478106286,built_up,Medium,25.315216,0.28880882,Cool roof,401310.0,1.0,2.491839226533104e-06
+102186+29154,26.189932951001808,91.79569478093332,built_up,Medium,26.115051,0.282681,Cool roof,401310.0,1.0,2.491839226533104e-06
+102186+29159,26.194424527123186,91.79569478102738,built_up,Medium,25.153656,0.36684722,Cool roof,401310.0,1.0,2.491839226533104e-06
+102186+29160,26.19532284330653,91.79569478083332,built_up,Medium,25.485168,0.35722327,Cool roof,401310.0,1.0,2.491839226533104e-06
+102186+29162,26.197119472901186,91.7956947808641,built_up,Medium,25.03006,0.34073976,Cool roof,401310.0,1.0,2.491839226533104e-06
+102186+29163,26.198017788803806,91.7956947808632,built_up,Medium,24.918304,0.3574275,Cool roof,401310.0,1.0,2.491839226533104e-06
+102187+29143,26.18005148278808,91.79659309593174,built_up,Medium,26.681885,0.46867928,Cool roof,401310.0,1.0,2.491839226533104e-06
+102187+29145,26.181848113698337,91.79659309593023,built_up,Medium,26.856506,0.38032925,Cool roof,401310.0,1.0,2.491839226533104e-06
+102187+29146,26.18274642848658,91.79659309580089,built_up,Medium,26.539581,0.36041683,Cool roof,401310.0,1.0,2.491839226533104e-06
+102187+29147,26.183644743950826,91.79659309566102,built_up,Medium,26.430115,0.37882727,Cool roof,401310.0,1.0,2.491839226533104e-06
+102187+29148,26.184543059542275,91.79659309596236,built_up,Medium,26.232208,0.28089508,Cool roof,401310.0,1.0,2.491839226533104e-06
+102187+29149,26.18544137440518,91.79659309602724,built_up,Medium,25.936432,0.29998788,Cool roof,401310.0,1.0,2.491839226533104e-06
+102187+29150,26.1863396898528,91.79659309585548,built_up,Medium,25.735321,0.31722715,Cool roof,401310.0,1.0,2.491839226533104e-06
+102187+29151,26.18723800501953,91.79659309589915,built_up,Medium,25.876648,0.26149464,Cool roof,401310.0,1.0,2.491839226533104e-06
+102187+29152,26.18813632095262,91.79659309593256,built_up,Medium,25.503021,0.2781929,Cool roof,401310.0,1.0,2.491839226533104e-06
+102187+29153,26.18903463516188,91.79659309572932,built_up,Medium,25.34793,0.32212853,Cool roof,401310.0,1.0,2.491839226533104e-06
+102187+29154,26.18993295113215,91.79659309574129,built_up,Medium,25.966766,0.29754427,Cool roof,401310.0,1.0,2.491839226533104e-06
+102187+29160,26.19532284320335,91.79659309581724,built_up,Medium,25.470856,0.3284969,Cool roof,401310.0,1.0,2.491839226533104e-06
+102187+29161,26.196221157836607,91.79659309575533,built_up,Medium,25.893036,0.36504987,Cool roof,401310.0,1.0,2.491839226533104e-06
+102187+29162,26.197119472962505,91.79659309590843,built_up,Medium,25.323578,0.30507845,Cool roof,401310.0,1.0,2.491839226533104e-06
+102188+29146,26.182746428434506,91.7974914113302,built_up,Medium,26.198181,0.30793837,Cool roof,401310.0,1.0,2.491839226533104e-06
+102188+29147,26.18364474389021,91.79749141133011,built_up,Medium,26.551727,0.3368966,Cool roof,401310.0,1.0,2.491839226533104e-06
+102188+29148,26.18454305965525,91.79749141109382,built_up,Medium,26.108307,0.28532264,Cool roof,401310.0,1.0,2.491839226533104e-06
+102188+29149,26.185441374328025,91.7974914110734,built_up,Medium,26.172089,0.27540419,Cool roof,401310.0,1.0,2.491839226533104e-06
+102188+29150,26.186339689948884,91.79749141126868,built_up,Medium,26.21048,0.28415745,Cool roof,401310.0,1.0,2.491839226533104e-06
+102188+29151,26.18723800510724,91.7974914114532,built_up,Medium,26.31717,0.28795236,Cool roof,401310.0,1.0,2.491839226533104e-06
+102188+29152,26.188136320668075,91.79749141117536,built_up,Medium,25.90744,0.29106525,Cool roof,401310.0,1.0,2.491839226533104e-06
+102188+29153,26.18903463523287,91.7974914111134,built_up,Medium,25.638336,0.32398343,Cool roof,401310.0,1.0,2.491839226533104e-06
+102188+29154,26.1899329511946,91.79749141126716,built_up,Medium,25.575623,0.34442887,Cool roof,401310.0,1.0,2.491839226533104e-06
+102188+29160,26.19532284321528,91.79749141129356,built_up,Medium,25.469177,0.35092396,Cool roof,401310.0,1.0,2.491839226533104e-06
+102188+29161,26.19622115784018,91.79749141137472,built_up,Medium,26.072998,0.38461924,Cool roof,401310.0,1.0,2.491839226533104e-06
+102188+29162,26.19711947295736,91.79749141121964,built_up,Medium,25.329987,0.3604858,Cool roof,401310.0,1.0,2.491839226533104e-06
+102189+29145,26.18184811354159,91.79838972642108,built_up,Medium,26.739166,0.25926647,Cool roof,401310.0,1.0,2.491839226533104e-06
+102189+29146,26.182746428676843,91.79838972657124,built_up,Medium,26.505585,0.26949638,Cool roof,401310.0,1.0,2.491839226533104e-06
+102189+29147,26.18364474376063,91.79838972671136,built_up,Medium,26.611969,0.34231362,Cool roof,401310.0,1.0,2.491839226533104e-06
+102189+29148,26.18454305951732,91.79838972661548,built_up,Medium,26.081146,0.30089757,Cool roof,401310.0,1.0,2.491839226533104e-06
+102189+29149,26.185441374364032,91.79838972650931,built_up,Medium,26.341034,0.25397655,Cool roof,401310.0,1.0,2.491839226533104e-06
+102189+29150,26.18633968997636,91.79838972639288,built_up,Medium,26.428986,0.22508462,Cool roof,401310.0,1.0,2.491839226533104e-06
+102189+29151,26.187238005126524,91.79838972626638,built_up,Medium,26.21637,0.2832589,Cool roof,401310.0,1.0,2.491839226533104e-06
+102189+29152,26.18813632067918,91.798389726582,built_up,Medium,25.753265,0.24499428,Cool roof,401310.0,1.0,2.491839226533104e-06
+102189+29153,26.18903463523597,91.79838972666158,built_up,Medium,25.513702,0.2874446,Cool roof,401310.0,1.0,2.491839226533104e-06
+102189+29154,26.18993295118916,91.79838972650492,built_up,Medium,25.405853,0.36746532,Cool roof,401310.0,1.0,2.491839226533104e-06
+102189+29155,26.19083126605117,91.79838972656418,built_up,Medium,26.083038,0.35557288,Cool roof,401310.0,1.0,2.491839226533104e-06
+102189+29156,26.19172958177065,91.79838972661318,built_up,Medium,26.05362,0.32552838,Cool roof,401310.0,1.0,2.491839226533104e-06
+102189+29157,26.19262789703415,91.79838972665212,built_up,Medium,25.75174,0.3794641,Cool roof,401310.0,1.0,2.491839226533104e-06
+102189+29160,26.19532284334233,91.79838972670774,built_up,Medium,25.644562,0.34080598,Cool roof,401310.0,1.0,2.491839226533104e-06
+102189+29161,26.196221157777103,91.79838972670603,built_up,Medium,26.471832,0.3740735,Cool roof,401310.0,1.0,2.491839226533104e-06
+102189+29162,26.19711947288592,91.79838972669404,built_up,Medium,25.702118,0.41035503,Cool roof,401310.0,1.0,2.491839226533104e-06
+102190+29142,26.179153167896743,91.79928804176429,built_up,High,28.175934,0.2097959,Cool roof,401310.0,1.0,2.491839226533104e-06
+102190+29144,26.180949797956,91.79928804171588,built_up,Medium,27.371399,0.34306172,Cool roof,401310.0,1.0,2.491839226533104e-06
+102190+29145,26.18184811354083,91.79928804201585,built_up,Medium,27.273895,0.3660053,Cool roof,401310.0,1.0,2.491839226533104e-06
+102190+29146,26.18274642866809,91.79928804185388,built_up,High,27.32486,0.23876594,Cool roof,401310.0,1.0,2.491839226533104e-06
+102190+29147,26.18364474374388,91.79928804168208,built_up,Medium,26.961456,0.27246013,Cool roof,401310.0,1.0,2.491839226533104e-06
+102190+29148,26.18454305949255,91.7992880417264,built_up,Medium,26.522003,0.2745781,Cool roof,401310.0,1.0,2.491839226533104e-06
+102190+29149,26.18544137451285,91.7992880419866,built_up,Medium,26.621918,0.31259143,Cool roof,401310.0,1.0,2.491839226533104e-06
+102190+29150,26.186339689753453,91.79928804201104,built_up,Medium,26.046936,0.41120034,Cool roof,401310.0,1.0,2.491839226533104e-06
+102190+29151,26.18723800507756,91.79928804179993,built_up,Medium,25.514313,0.41622788,Cool roof,401310.0,1.0,2.491839226533104e-06
+102190+29152,26.18813632080417,91.79928804157872,built_up,Medium,25.355316,0.39715156,Cool roof,401310.0,1.0,2.491839226533104e-06
+102190+29153,26.189034635352773,91.7992880417994,built_up,Medium,25.228973,0.35725635,Cool roof,401310.0,1.0,2.491839226533104e-06
+102190+29155,26.19083126615196,91.79928804153342,built_up,Medium,25.917786,0.28800383,Cool roof,401310.0,1.0,2.491839226533104e-06
+102190+29156,26.19172958186308,91.79928804172437,built_up,Medium,25.69516,0.29720247,Cool roof,401310.0,1.0,2.491839226533104e-06
+102190+29157,26.19262789693681,91.79928804167932,built_up,Medium,25.457947,0.23908333,Cool roof,401310.0,1.0,2.491839226533104e-06
+102190+29158,26.193526212050635,91.79928804162444,built_up,Medium,25.243225,0.33704954,Cool roof,401310.0,1.0,2.491839226533104e-06
+102190+29160,26.195322843402547,91.7992880414854,built_up,Medium,25.301605,0.2576809,Cool roof,401310.0,1.0,2.491839226533104e-06
+102190+29161,26.196221157829328,91.79928804162678,built_up,Medium,25.87149,0.2651464,Cool roof,401310.0,1.0,2.491839226533104e-06
+102190+29162,26.19711947292996,91.79928804175832,built_up,Medium,25.700409,0.26107684,Cool roof,401310.0,1.0,2.491839226533104e-06
+102190+29163,26.198017788799675,91.79928804187982,built_up,Medium,25.497253,0.4186161,Cool roof,401310.0,1.0,2.491839226533104e-06
+102191+29142,26.1791531680323,91.8001863573317,built_up,High,28.30545,0.20603056,Cool roof,401310.0,1.0,2.491839226533104e-06
+102191+29144,26.180949798075712,91.80018635711004,built_up,Medium,27.731415,0.3248069,Cool roof,401310.0,1.0,2.491839226533104e-06
+102191+29145,26.18184811347059,91.8001863568715,built_up,Medium,27.60553,0.30109936,Cool roof,401310.0,1.0,2.491839226533104e-06
+102191+29146,26.1827464285902,91.80018635684952,built_up,High,27.779266,0.23111165,Cool roof,401310.0,1.0,2.491839226533104e-06
+102191+29147,26.183644743839924,91.80018635704388,built_up,High,27.202484,0.26561284,Cool roof,401310.0,1.0,2.491839226533104e-06
+102191+29148,26.18454305958078,91.80018635722836,built_up,Medium,26.54422,0.2464357,Cool roof,401310.0,1.0,2.491839226533104e-06
+102191+29154,26.189932950793025,91.8001863570024,built_up,Medium,25.303741,0.3967681,Cool roof,401310.0,1.0,2.491839226533104e-06
+102191+29155,26.19083126636697,91.80018635734515,built_up,Medium,26.036224,0.3239007,Cool roof,401310.0,1.0,2.491839226533104e-06
+102191+29162,26.197119473089643,91.80018635721346,built_up,Medium,24.855316,0.37007436,Cool roof,401310.0,1.0,2.491839226533104e-06
+102191+29163,26.198017788769423,91.80018635725274,built_up,Medium,25.51419,0.27083293,Cool roof,401310.0,1.0,2.491839226533104e-06
+102191+29169,26.20340768082741,91.8001863572832,built_up,Medium,25.19046,0.34153166,Cool roof,401310.0,1.0,2.491839226533104e-06
+102192+29142,26.179153167915683,91.801084672037,built_up,High,28.091614,0.21346463,Cool roof,401310.0,1.0,2.491839226533104e-06
+102192+29144,26.18094979794362,91.80108467254544,built_up,Medium,27.699127,0.30666035,Cool roof,401310.0,1.0,2.491839226533104e-06
+102192+29145,26.181848113331025,91.80108467244663,built_up,High,27.564606,0.25899473,Cool roof,401310.0,1.0,2.491839226533104e-06
+102192+29146,26.18274642862493,91.80108467233846,built_up,High,27.343018,0.22558177,Cool roof,401310.0,1.0,2.491839226533104e-06
+102192+29147,26.18364474404879,91.80108467244662,built_up,Medium,26.826202,0.2552134,Cool roof,401310.0,1.0,2.491839226533104e-06
+102192+29148,26.18454305941809,91.80108467231943,built_up,Medium,26.456451,0.29573092,Cool roof,401310.0,1.0,2.491839226533104e-06
+102192+29149,26.185441374604693,91.80108467218288,built_up,Medium,26.272675,0.30011377,Cool roof,401310.0,1.0,2.491839226533104e-06
+102192+29150,26.18633968964804,91.80108467226287,built_up,Medium,25.51236,0.291493,Cool roof,401310.0,1.0,2.491839226533104e-06
+102192+29154,26.189932950947977,91.80108467248787,built_up,Medium,25.520172,0.35539454,Cool roof,401310.0,1.0,2.491839226533104e-06
+102192+29155,26.19083126633233,91.80108467229452,built_up,Medium,26.145844,0.32411087,Cool roof,401310.0,1.0,2.491839226533104e-06
+102192+29156,26.191729581845856,91.80108467209178,built_up,Medium,25.674591,0.38905826,Cool roof,401310.0,1.0,2.491839226533104e-06
+102192+29163,26.19801778867288,91.80108467198828,built_up,Medium,25.178894,0.39383128,Cool roof,401310.0,1.0,2.491839226533104e-06
+102192+29164,26.19891610380513,91.8010846719355,built_up,Medium,25.641876,0.34325606,Cool roof,401310.0,1.0,2.491839226533104e-06
+102192+29165,26.19981441915424,91.8010846720993,built_up,Medium,25.198547,0.39582705,Cool roof,401310.0,1.0,2.491839226533104e-06
+102192+29168,26.202509364655512,91.80108467208152,built_up,Medium,24.629425,0.33254313,Cool roof,401310.0,1.0,2.491839226533104e-06
+102193+29142,26.179153167911,91.80198298801128,built_up,High,27.837067,0.22771537,Cool roof,401310.0,1.0,2.491839226533104e-06
+102193+29144,26.18094979810595,91.8019829876684,built_up,Medium,27.457397,0.37364313,Cool roof,401310.0,1.0,2.491839226533104e-06
+102193+29145,26.181848113304103,91.80198298793532,built_up,High,27.362366,0.26843464,Cool roof,401310.0,1.0,2.491839226533104e-06
+102193+29146,26.182746428590185,91.80198298796692,built_up,High,27.030548,0.24813293,Cool roof,401310.0,1.0,2.491839226533104e-06
+102193+29147,26.183644744006564,91.80198298776315,built_up,Medium,26.583588,0.25411904,Cool roof,401310.0,1.0,2.491839226533104e-06
+102193+29148,26.18454305936857,91.80198298777644,built_up,Medium,26.521912,0.26312533,Cool roof,401310.0,1.0,2.491839226533104e-06
+102193+29149,26.18544137454752,91.80198298778048,built_up,Medium,26.490082,0.2649737,Cool roof,401310.0,1.0,2.491839226533104e-06
+102193+29150,26.18633968976517,91.80198298777498,grassland,Medium,25.994781,0.2826076,Tree cover,334425.0,0.8,2.39216565747178e-06
+102193+29152,26.1881363209514,91.8019829879628,built_up,Medium,24.976044,0.36495423,Cool roof,401310.0,1.0,2.491839226533104e-06
+102193+29154,26.18993295103504,91.8019829876616,built_up,Medium,25.400848,0.3403395,Cool roof,401310.0,1.0,2.491839226533104e-06
+102193+29155,26.19083126622998,91.80198298783596,built_up,Medium,26.003052,0.3300257,Cool roof,401310.0,1.0,2.491839226533104e-06
+102193+29164,26.198916103816764,91.80198298808486,built_up,Medium,25.126068,0.33989272,Cool roof,401310.0,1.0,2.491839226533104e-06
+102193+29165,26.199814419158404,91.80198298794068,built_up,Medium,25.069427,0.39851913,Cool roof,401310.0,1.0,2.491839226533104e-06
+102194+29142,26.17915316783663,91.80288130294976,built_up,High,27.51352,0.25864312,Cool roof,401310.0,1.0,2.491839226533104e-06
+102194+29143,26.18005148295288,91.80288130292224,cropland,Medium,27.129333,0.43691576,Tree cover,334425.0,0.8,2.39216565747178e-06
+102194+29144,26.18094979801681,91.80288130288552,built_up,Medium,27.638092,0.3735285,Cool roof,401310.0,1.0,2.491839226533104e-06
+102194+29145,26.18184811357141,91.80288130283986,built_up,High,27.75885,0.27938366,Cool roof,401310.0,1.0,2.491839226533104e-06
+102194+29146,26.18274642848629,91.8028813030112,built_up,Medium,26.975891,0.26458767,Cool roof,401310.0,1.0,2.491839226533104e-06
+102194+29147,26.18364474389538,91.8028813029479,built_up,Medium,26.331512,0.3098601,Cool roof,401310.0,1.0,2.491839226533104e-06
+102194+29148,26.184543059431864,91.80288130287518,built_up,Medium,26.398407,0.30695623,Cool roof,401310.0,1.0,2.491839226533104e-06
+102194+29149,26.185441374603524,91.80288130301922,built_up,Medium,25.90921,0.33042297,Cool roof,401310.0,1.0,2.491839226533104e-06
+102194+29150,26.18633968981388,91.8028813031548,built_up,Medium,25.86966,0.35207698,Cool roof,401310.0,1.0,2.491839226533104e-06
+102194+29151,26.187238005107385,91.80288130305524,built_up,Medium,25.207794,0.3808179,Cool roof,401310.0,1.0,2.491839226533104e-06
+102194+29153,26.18903463513962,91.80288130305478,built_up,Medium,25.174469,0.36675176,Cool roof,401310.0,1.0,2.491839226533104e-06
+102194+29154,26.1899329510544,91.8028813031541,built_up,Medium,25.32724,0.38245332,Cool roof,401310.0,1.0,2.491839226533104e-06
+102194+29155,26.19083126624185,91.80288130301852,built_up,Medium,26.293457,0.33131465,Cool roof,401310.0,1.0,2.491839226533104e-06
+102194+29156,26.191729581922203,91.80288130287376,built_up,Medium,26.013214,0.45319182,Cool roof,401310.0,1.0,2.491839226533104e-06
+102194+29158,26.19352621204893,91.8028813030089,built_up,Medium,25.291779,0.36308178,Cool roof,401310.0,1.0,2.491839226533104e-06
+102194+29165,26.199814418914706,91.80288130297164,built_up,Medium,24.702148,0.37316474,Cool roof,401310.0,1.0,2.491839226533104e-06
+102195+29142,26.1791531678742,91.80377961825432,built_up,Medium,26.986908,0.30787423,Cool roof,401310.0,1.0,2.491839226533104e-06
+102195+29143,26.180051482982968,91.80377961836588,cropland,Medium,27.206757,0.45530725,Tree cover,334425.0,0.8,2.39216565747178e-06
+102195+29144,26.18094979785802,91.80377961824276,built_up,Medium,28.030487,0.35700244,Cool roof,401310.0,1.0,2.491839226533104e-06
+102195+29145,26.1818481135871,91.8037796181107,built_up,High,28.279083,0.193753,Cool roof,401310.0,1.0,2.491839226533104e-06
+102195+29146,26.182746428677167,91.80377961819585,built_up,Medium,27.243958,0.28839418,Cool roof,401310.0,1.0,2.491839226533104e-06
+102195+29147,26.18364474389701,91.80377961849824,built_up,Medium,26.421417,0.41561833,Cool roof,401310.0,1.0,2.491839226533104e-06
+102195+29148,26.1845430594262,91.80377961856594,built_up,Medium,26.033295,0.32912046,Cool roof,401310.0,1.0,2.491839226533104e-06
+102195+29154,26.18993295100585,91.80377961833524,built_up,Medium,25.643127,0.38412973,Cool roof,401310.0,1.0,2.491839226533104e-06
+102195+29155,26.190831266186027,91.8037796183412,built_up,Medium,26.396881,0.2748898,Cool roof,401310.0,1.0,2.491839226533104e-06
+102195+29156,26.19172958185944,91.80377961833864,built_up,Medium,26.415314,0.4140557,Cool roof,401310.0,1.0,2.491839226533104e-06
+102195+29158,26.193526211971395,91.8037796183067,built_up,Medium,25.316711,0.417433,Cool roof,401310.0,1.0,2.491839226533104e-06
+102196+29142,26.179153168023337,91.80467793360036,built_up,Medium,26.692078,0.34510943,Cool roof,401310.0,1.0,2.491839226533104e-06
+102196+29143,26.18005148276161,91.80467793339916,cropland,Medium,27.497345,0.42625508,Tree cover,334425.0,0.8,2.39216565747178e-06
+102196+29144,26.180949797993275,91.80467793341536,built_up,Medium,28.035675,0.34605327,Cool roof,401310.0,1.0,2.491839226533104e-06
+102196+29145,26.18184811353346,91.80467793364876,built_up,High,28.23114,0.20061243,Cool roof,401310.0,1.0,2.491839226533104e-06
+102196+29146,26.18274642879855,91.80467793364772,built_up,High,27.65561,0.2707592,Cool roof,401310.0,1.0,2.491839226533104e-06
+102196+29147,26.1836447438295,91.80467793341224,built_up,Medium,27.157013,0.40087244,Cool roof,401310.0,1.0,2.491839226533104e-06
+102196+29148,26.184543059533706,91.80467793339422,built_up,Medium,26.41101,0.31115532,Cool roof,401310.0,1.0,2.491839226533104e-06
+102196+29149,26.1854413743274,91.80467793336766,built_up,Medium,25.8266,0.45181865,Cool roof,401310.0,1.0,2.491839226533104e-06
+102196+29154,26.189932950889244,91.80467793333172,built_up,Medium,25.523438,0.3754209,Cool roof,401310.0,1.0,2.491839226533104e-06
+102196+29155,26.1908312662446,91.80467793325371,built_up,Medium,25.882538,0.2810239,Cool roof,401310.0,1.0,2.491839226533104e-06
+102196+29156,26.191729581910888,91.80467793339292,built_up,Medium,26.06491,0.25834906,Cool roof,401310.0,1.0,2.491839226533104e-06
+102196+29157,26.19262789675804,91.8046779335236,built_up,Medium,25.94461,0.34403056,Cool roof,401310.0,1.0,2.491839226533104e-06
+102196+29158,26.19352621200897,91.80467793364602,built_up,Medium,25.877594,0.40966022,Cool roof,401310.0,1.0,2.491839226533104e-06
+102197+29142,26.17915316792066,91.80557624888787,built_up,Medium,26.462616,0.37091914,Cool roof,401310.0,1.0,2.491839226533104e-06
+102197+29144,26.180949798059046,91.80557624875532,built_up,High,28.111603,0.30587667,Cool roof,401310.0,1.0,2.491839226533104e-06
+102197+29145,26.181848113592466,91.80557624867684,built_up,High,28.702942,0.19187927,Cool roof,401310.0,1.0,2.491839226533104e-06
+102197+29146,26.18274642866865,91.80557624858984,built_up,High,28.095367,0.27245575,Cool roof,401310.0,1.0,2.491839226533104e-06
+102197+29147,26.183644743874805,91.80557624872029,built_up,High,27.281555,0.2311586,Cool roof,401310.0,1.0,2.491839226533104e-06
+102197+29148,26.184543059572245,91.80557624884244,built_up,Medium,26.528534,0.30595982,Cool roof,401310.0,1.0,2.491839226533104e-06
+102197+29149,26.185441374359,91.80557624895609,built_up,Medium,26.730621,0.34728178,Cool roof,401310.0,1.0,2.491839226533104e-06
+102197+29155,26.19083126623547,91.80557624878575,built_up,Medium,25.818512,0.29205397,Cool roof,401310.0,1.0,2.491839226533104e-06
+102197+29156,26.19172958189481,91.80557624861524,built_up,Medium,26.381042,0.29432067,Cool roof,401310.0,1.0,2.491839226533104e-06
+102197+29157,26.19262789691714,91.80557624866216,built_up,Medium,26.489532,0.4035022,Cool roof,401310.0,1.0,2.491839226533104e-06
+102198+29142,26.17915316774796,91.80647456353914,built_up,Medium,26.340363,0.32453564,Cool roof,401310.0,1.0,2.491839226533104e-06
+102198+29144,26.18094979805513,91.80647456391092,built_up,High,28.434296,0.2984569,Cool roof,401310.0,1.0,2.491839226533104e-06
+102198+29145,26.18184811358215,91.80647456397172,built_up,High,29.597443,0.18590473,Cool roof,401310.0,1.0,2.491839226533104e-06
+102198+29146,26.18274642846945,91.80647456379856,built_up,High,29.08783,0.16926618,Cool roof,401310.0,1.0,2.491839226533104e-06
+102198+29147,26.183644744032915,91.80647456361709,built_up,High,28.069275,0.16936392,Cool roof,401310.0,1.0,2.491839226533104e-06
+102198+29148,26.184543059541827,91.8064745636535,built_up,High,27.542328,0.1795873,Cool roof,401310.0,1.0,2.491839226533104e-06
+102198+29149,26.18544137450377,91.80647456368185,built_up,High,27.754456,0.19027619,Cool roof,401310.0,1.0,2.491839226533104e-06
+102198+29150,26.186339689686733,91.80647456392808,built_up,High,28.163086,0.18302517,Cool roof,401310.0,1.0,2.491839226533104e-06
+102198+29151,26.187238004952487,91.80647456394009,built_up,High,27.68399,0.28710878,Cool roof,401310.0,1.0,2.491839226533104e-06
+102198+29152,26.18813632080322,91.80647456371808,built_up,Medium,26.78482,0.37607318,Cool roof,401310.0,1.0,2.491839226533104e-06
+102198+29155,26.190831266340385,91.8064745639068,built_up,Medium,25.537323,0.3362904,Cool roof,401310.0,1.0,2.491839226533104e-06
+102198+29157,26.192627896826767,91.8064745638412,built_up,Medium,25.410004,0.36281604,Cool roof,401310.0,1.0,2.491839226533104e-06
+102198+29158,26.19352621188243,91.80647456357056,built_up,Medium,26.665466,0.4527298,Cool roof,401310.0,1.0,2.491839226533104e-06
+102199+29142,26.179153167687183,91.8073728794872,built_up,Medium,25.962372,0.28940892,Cool roof,401310.0,1.0,2.491839226533104e-06
+102199+29144,26.180949797981373,91.80737287968572,built_up,High,28.144684,0.29693237,Cool roof,401310.0,1.0,2.491839226533104e-06
+102199+29145,26.181848113502163,91.80737287943398,built_up,High,28.892242,0.14363174,Cool roof,401310.0,1.0,2.491839226533104e-06
+102199+29146,26.18274642838288,91.80737287940036,built_up,High,29.186127,0.13369289,Cool roof,401310.0,1.0,2.491839226533104e-06
+102199+29147,26.18364474412208,91.80737287958502,built_up,High,28.78183,0.14452554,Cool roof,401310.0,1.0,2.491839226533104e-06
+102199+29148,26.184543059442447,91.80737287953592,built_up,High,28.650848,0.1377356,Cool roof,401310.0,1.0,2.491839226533104e-06
+102199+29149,26.18544137457994,91.80737287947872,built_up,High,28.243835,0.16775921,Cool roof,401310.0,1.0,2.491839226533104e-06
+102199+29150,26.18633968975649,91.80737287941372,built_up,High,28.417816,0.16499212,Cool roof,401310.0,1.0,2.491839226533104e-06
+102199+29151,26.18723800501568,91.8073728795668,built_up,High,28.131073,0.2254466,Cool roof,401310.0,1.0,2.491839226533104e-06
+102199+29152,26.18813632067787,91.80737287971162,built_up,High,27.98935,0.29024616,Cool roof,401310.0,1.0,2.491839226533104e-06
+102199+29154,26.189932951042326,91.80737287975198,built_up,Medium,26.134918,0.4438262,Cool roof,401310.0,1.0,2.491839226533104e-06
+102199+29155,26.190831266377582,91.8073728796473,built_up,Medium,25.929474,0.33931747,Cool roof,401310.0,1.0,2.491839226533104e-06
+102200+29143,26.18005148317865,91.80827119447883,built_up,Medium,27.118927,0.37982717,Cool roof,401310.0,1.0,2.491839226533104e-06
+102200+29144,26.18094979783812,91.80827119437446,built_up,High,27.860382,0.2285305,Cool roof,401310.0,1.0,2.491839226533104e-06
+102200+29145,26.18184811353464,91.80827119448864,built_up,High,27.952087,0.19387041,Cool roof,401310.0,1.0,2.491839226533104e-06
+102200+29146,26.182746428408944,91.80827119459497,built_up,High,28.35904,0.1731684,Cool roof,401310.0,1.0,2.491839226533104e-06
+102200+29147,26.183644744142093,91.80827119446752,built_up,High,28.672516,0.15075299,Cool roof,401310.0,1.0,2.491839226533104e-06
+102200+29148,26.18454305945606,91.8082711945584,built_up,High,28.655914,0.12028474,Cool roof,401310.0,1.0,2.491839226533104e-06
+102200+29149,26.18544137440537,91.8082711944157,built_up,High,28.159119,0.11456828,Cool roof,401310.0,1.0,2.491839226533104e-06
+102200+29150,26.18633968975765,91.80827119426536,built_up,High,27.875275,0.12512816,Cool roof,401310.0,1.0,2.491839226533104e-06
+102200+29151,26.187238005192377,91.80827119433314,built_up,High,27.681854,0.18513912,Cool roof,401310.0,1.0,2.491839226533104e-06
+102200+29152,26.18813632066622,91.8082711943933,built_up,High,28.356049,0.25559238,Cool roof,401310.0,1.0,2.491839226533104e-06
+102200+29154,26.189932951200348,91.80827119449076,built_up,Medium,26.483551,0.43633354,Cool roof,401310.0,1.0,2.491839226533104e-06
+102200+29155,26.19083126616513,91.80827119452782,built_up,Medium,25.99295,0.33543167,Cool roof,401310.0,1.0,2.491839226533104e-06
+102200+29160,26.19532284342469,91.80827119437132,built_up,Medium,26.266602,0.46371537,Cool roof,401310.0,1.0,2.491839226533104e-06
+102200+29161,26.196221157598384,91.80827119436243,built_up,Medium,26.210419,0.47034815,Cool roof,401310.0,1.0,2.491839226533104e-06
+102201+29143,26.180051482971944,91.80916951009928,built_up,Medium,27.37387,0.3479616,Cool roof,401310.0,1.0,2.491839226533104e-06
+102201+29144,26.180949797807138,91.80916950990851,built_up,High,27.791626,0.23440799,Cool roof,401310.0,1.0,2.491839226533104e-06
+102201+29145,26.18184811367957,91.80916950993584,built_up,High,27.645844,0.23888761,Cool roof,401310.0,1.0,2.491839226533104e-06
+102201+29146,26.18274642836588,91.809169509956,built_up,High,27.970673,0.17641115,Cool roof,401310.0,1.0,2.491839226533104e-06
+102201+29147,26.1836447440928,91.80916950996874,built_up,High,28.133514,0.15790272,Cool roof,401310.0,1.0,2.491839226533104e-06
+102201+29148,26.184543059582666,91.80916950997388,built_up,High,27.922943,0.15527454,Cool roof,401310.0,1.0,2.491839226533104e-06
+102201+29149,26.18544137416204,91.80916950997158,built_up,High,28.079742,0.16177401,Cool roof,401310.0,1.0,2.491839226533104e-06
+102201+29150,26.18633968987197,91.80916950996168,built_up,High,27.599762,0.14840385,Cool roof,401310.0,1.0,2.491839226533104e-06
+102201+29151,26.187238005118875,91.8091695099446,built_up,High,27.278748,0.16162701,Cool roof,401310.0,1.0,2.491839226533104e-06
+102201+29152,26.188136320768443,91.80916950992012,built_up,High,28.114288,0.2302526,Cool roof,401310.0,1.0,2.491839226533104e-06
+102201+29154,26.189932951108524,91.80916951007404,built_up,Medium,25.744354,0.40568742,Cool roof,401310.0,1.0,2.491839226533104e-06
+102201+29155,26.19083126606708,91.80916950980117,built_up,Medium,25.78476,0.28274557,Cool roof,401310.0,1.0,2.491839226533104e-06
+102201+29156,26.19172958188312,91.80916950997258,built_up,Medium,26.134705,0.44673422,Cool roof,401310.0,1.0,2.491839226533104e-06
+102201+29159,26.19442452704105,91.80916950998942,built_up,Medium,26.181488,0.42109188,Cool roof,401310.0,1.0,2.491839226533104e-06
+102202+29144,26.18094979788863,91.8100678254849,built_up,High,28.25882,0.20441459,Cool roof,401310.0,1.0,2.491839226533104e-06
+102202+29145,26.181848113572872,91.81006782542626,built_up,High,28.099396,0.2023872,Cool roof,401310.0,1.0,2.491839226533104e-06
+102202+29146,26.18274642861739,91.81006782558596,built_up,High,27.758362,0.1751925,Cool roof,401310.0,1.0,2.491839226533104e-06
+102202+29147,26.183644743974355,91.81006782573844,built_up,High,27.346222,0.17082761,Cool roof,401310.0,1.0,2.491839226533104e-06
+102202+29148,26.18454305945836,91.81006782543189,built_up,High,27.45639,0.15733778,Cool roof,401310.0,1.0,2.491839226533104e-06
+102202+29149,26.18544137439593,91.81006782557026,built_up,High,27.927216,0.1666896,Cool roof,401310.0,1.0,2.491839226533104e-06
+102202+29150,26.186339689735743,91.81006782570144,built_up,High,27.851044,0.16230698,Cool roof,401310.0,1.0,2.491839226533104e-06
+102202+29151,26.18723800515872,91.81006782559884,built_up,High,27.870209,0.17170015,Cool roof,401310.0,1.0,2.491839226533104e-06
+102202+29152,26.1881363208026,91.81006782571524,built_up,High,28.331665,0.1975824,Cool roof,401310.0,1.0,2.491839226533104e-06
+102202+29155,26.19083126608345,91.8100678255692,built_up,Medium,25.545197,0.24679638,Cool roof,401310.0,1.0,2.491839226533104e-06
+102202+29156,26.19172958189325,91.81006782543066,built_up,Medium,26.176666,0.44948336,Cool roof,401310.0,1.0,2.491839226533104e-06
+102202+29157,26.19262789670214,91.81006782551071,built_up,Medium,26.01123,0.3934835,Cool roof,401310.0,1.0,2.491839226533104e-06
+102202+29158,26.19352621191501,91.81006782558356,built_up,Medium,26.32248,0.27893546,Cool roof,401310.0,1.0,2.491839226533104e-06
+102202+29159,26.194424527033583,91.81006782542327,built_up,Medium,26.469452,0.3526517,Cool roof,401310.0,1.0,2.491839226533104e-06
+102202+29160,26.195322843282344,91.81006782548155,built_up,Medium,26.343658,0.46793768,Cool roof,401310.0,1.0,2.491839226533104e-06
+102203+29145,26.181848113396853,91.81096614065792,built_up,High,28.33731,0.17021553,Cool roof,401310.0,1.0,2.491839226533104e-06
+102203+29146,26.1827464287996,91.81096614050593,built_up,Medium,27.25064,0.33597785,Cool roof,401310.0,1.0,2.491839226533104e-06
+102203+29148,26.184543059265085,91.81096614063225,built_up,High,26.924255,0.13570935,Cool roof,401310.0,1.0,2.491839226533104e-06
+102203+29149,26.18544137456105,91.81096614045892,built_up,High,27.830322,0.16577174,Cool roof,401310.0,1.0,2.491839226533104e-06
+102203+29150,26.186339689712863,91.81096614050436,built_up,High,28.110352,0.16417609,Cool roof,401310.0,1.0,2.491839226533104e-06
+102203+29151,26.187238005130148,91.81096614054309,built_up,High,28.18808,0.1651176,Cool roof,401310.0,1.0,2.491839226533104e-06
+102203+29152,26.188136320768507,91.81096614034888,built_up,High,27.93512,0.1862206,Cool roof,401310.0,1.0,2.491839226533104e-06
+102203+29155,26.19083126621386,91.810966140401,built_up,Medium,25.546753,0.31739283,Cool roof,401310.0,1.0,2.491839226533104e-06
+102203+29157,26.19262789682099,91.81096614062692,built_up,Medium,25.593811,0.3680552,Cool roof,401310.0,1.0,2.491839226533104e-06
+102203+29159,26.194424527140864,91.81096614082432,built_up,Medium,25.958344,0.35199043,Cool roof,401310.0,1.0,2.491839226533104e-06
+102204+29145,26.181848113333302,91.81186445583168,built_up,High,28.172577,0.25418934,Cool roof,401310.0,1.0,2.491839226533104e-06
+102204+29148,26.18454305936693,91.81186445554812,built_up,High,26.41037,0.13908623,Cool roof,401310.0,1.0,2.491839226533104e-06
+102204+29149,26.185441374475072,91.81186445574116,built_up,High,27.268646,0.16167864,Cool roof,401310.0,1.0,2.491839226533104e-06
+102204+29150,26.186339689803503,91.81186445570152,built_up,High,27.411652,0.15508707,Cool roof,401310.0,1.0,2.491839226533104e-06
+102204+29151,26.18723800503333,91.81186445565514,built_up,High,27.655945,0.17133799,Cool roof,401310.0,1.0,2.491839226533104e-06
+102204+29152,26.18813632084776,91.81186445582752,built_up,High,27.51175,0.17716664,Cool roof,401310.0,1.0,2.491839226533104e-06
+102204+29154,26.18993295097085,91.8118644557004,built_up,Medium,25.196411,0.40539747,Cool roof,401310.0,1.0,2.491839226533104e-06
+102204+29155,26.190831266276565,91.81186445585278,built_up,Medium,25.702911,0.30383703,Cool roof,401310.0,1.0,2.491839226533104e-06
+102204+29156,26.191729581893217,91.81186445577228,built_up,Medium,26.449219,0.4390316,Cool roof,401310.0,1.0,2.491839226533104e-06
+102205+29148,26.1845430595816,91.81276277098574,built_up,High,26.243744,0.1664161,Cool roof,401310.0,1.0,2.491839226533104e-06
+102205+29149,26.185441374502275,91.81276277109303,built_up,Medium,26.862213,0.28400424,Cool roof,401310.0,1.0,2.491839226533104e-06
+102205+29151,26.18723800504985,91.81276277128852,built_up,Medium,26.605682,0.23906593,Cool roof,401310.0,1.0,2.491839226533104e-06
+102205+29152,26.188136320858764,91.81276277115032,built_up,Medium,26.72525,0.28542694,Cool roof,401310.0,1.0,2.491839226533104e-06
+102205+29155,26.190831266089617,91.81276277092232,built_up,Medium,25.204498,0.34349528,Cool roof,401310.0,1.0,2.491839226533104e-06
+102205+29156,26.191729581882687,91.8127627707576,built_up,Medium,26.058441,0.36862618,Cool roof,401310.0,1.0,2.491839226533104e-06
+102205+29157,26.192627896674683,91.8127627708123,built_up,Medium,25.960297,0.42348415,Cool roof,401310.0,1.0,2.491839226533104e-06
+102206+29149,26.18544137446087,91.8136610862136,built_up,High,26.898102,0.20585763,Cool roof,401310.0,1.0,2.491839226533104e-06
+102206+29156,26.19172958180464,91.81366108641518,built_up,Medium,25.678314,0.37959933,Cool roof,401310.0,1.0,2.491839226533104e-06
+102207+29155,26.19083126642228,91.81455940189448,built_up,Medium,24.50766,0.3379161,Cool roof,401310.0,1.0,2.491839226533104e-06
+102208+29156,26.19172958181014,91.81545771698018,built_up,Medium,26.044586,0.39902243,Cool roof,401310.0,1.0,2.491839226533104e-06
+102209+29155,26.19083126612003,91.81635603196472,built_up,Medium,25.024078,0.3383279,Cool roof,401310.0,1.0,2.491839226533104e-06
+102209+29156,26.191729582075297,91.81635603214214,built_up,Medium,25.406555,0.33522066,Cool roof,401310.0,1.0,2.491839226533104e-06
+102209+29157,26.192627896483664,91.81635603231352,built_up,Medium,25.369904,0.38680115,Cool roof,401310.0,1.0,2.491839226533104e-06
