{
"type": "FeatureCollection",
"name": "grid",
"crs": { "type": "name", "properties": { "name": "urn:ogc:def:crs:OGC:1.3:CRS84" } },
"features": [
{ "type": "Feature", "properties": { "grid_id": "91.7300_26.1500", "temperature": 34.3, "ndvi": 0.26, "priority": "Low", "recommended_action": "Cool roof", "cost_estimate": 146651 }, "geometry": { "type": "Polygon", "coordinates": [ [ [ 91.731, 26.15 ], [ 91.731, 26.151 ], [ 91.73, 26.151 ], [ 91.73, 26.15 ], [ 91.731, 26.15 ] ] ] } },
{ "type": "Feature", "properties": { "grid_id": "91.7300_26.1510", "temperature": 39.8, "ndvi": 0.76, "priority": "High", "recommended_action": "Cool roof", "cost_estimate": 38254 }, "geometry": { "type": "Polygon", "coordinates": [ [ [ 91.731, 26.151 ], [ 91.731, 26.152 ], [ 91.73, 26.152 ], [ 91.73, 26.151 ], [ 91.731, 26.151 ] ] ] } },
{ "type": "Feature", "properties": { "grid_id": "91.7300_26.1520", "temperature": 40.3, "ndvi": 0.38, "priority": "Medium", "recommended_action": "Cool roof", "cost_estimate": 137050 }, "geometry": { "type": "Polygon", "coordinates": [ [ [ 91.731, 26.152 ], [ 91.731, 26.153 ], [ 91.73, 26.153 ], [ 91.73, 26.152 ], [ 91.731, 26.152 ] ] ] } },
{ "type": "Feature", "properties": { "grid_id": "91.7300_26.1530", "temperature": 36.0, "ndvi": 0.47, "priority": "High", "recommended_action": "Green park", "cost_estimate": 128495 }, "geometry": { "type": "Polygon", "coordinates": [ [ [ 91.731, 26.153 ], [ 91.731, 26.154 ], [ 91.73, 26.154 ], [ 91.73, 26.153 ], [ 91.731, 26.153 ] ] ] } },
{ "type": "Feature", "properties": { "grid_id": "91.7300_26.1540", "temperature": 28.4, "ndvi": 0.61, "priority": "Medium", "recommended_action": "Tree cover", "cost_estimate": 125890 }, "geometry": { "type": "Polygon", "coordinates": [ [ [ 91.731, 26.154 ], [ 91.731, 26.155 ], [ 91.73, 26.155 ], [ 91.73, 26.154 ], [ 91.731, 26.154 ] ] ] } },
{ "type": "Feature", "properties": { "grid_id": "91.7300_26.1550", "temperature": 35.9, "ndvi": 0.03, "priority": "Low", "recommended_action": "Green park", "cost_estimate": 141301 }, "geometry": { "type": "Polygon", "coordinates": [ [ [ 91.731, 26.155 ], [ 91.731, 26.156 ], [ 91.73, 26.156 ], [ 91.73, 26.155 ], [ 91.731, 26.155 ] ] ] } },
{ "type": "Feature", "properties": { "grid_id": "91.7300_26.1560", "temperature": 41.0, "ndvi": 0.46, "priority": "Medium", "recommended_action": "Tree cover", "cost_estimate": 7057 }, "geometry": { "type": "Polygon", "coordinates": [ [ [ 91.731, 26.156 ], [ 91.731, 26.157 ], [ 91.73, 26.157 ], [ 91.73, 26.156 ], [ 91.731, 26.156 ] ] ] } },
{ "type": "Feature", "properties": { "grid_id": "91.7300_26.1570", "temperature": 39.7, "ndvi": 0.79, "priority": "Low", "recommended_action": "Green park", "cost_estimate": 187945 }, "geometry": { "type": "Polygon", "coordinates": [ [ [ 91.731, 26.157 ], [ 91.731, 26.158 ], [ 91.73, 26.158 ], [ 91.73, 26.157 ], [ 91.731, 26.157 ] ] ] } },
{ "type": "Feature", "properties": { "grid_id": "91.7300_26.1580", "temperature": 31.8, "ndvi": -0.06, "priority": "Low", "recommended_action": "Tree cover", "cost_estimate": 186517 }, "geometry": { "type": "Polygon", "coordinates": [ [ [ 91.731, 26.158 ], [ 91.731, 26.159 ], [ 91.73, 26.159 ], [ 91.73, 26.158 ], [ 91.731, 26.158 ] ] ] } },
{ "type": "Feature", "properties": { "grid_id": "91.7300_26.1590", "temperature": 29.6, "ndvi": -0.05, "priority": "Low", "recommended_action": "None", "cost_estimate": 66901 }, "geometry": { "type": "Polygon", "coordinates": [ [ [ 91.731, 26.159 ], [ 91.731, 26.16 ], [ 91.73, 26.16 ], [ 91.73, 26.159 ], [ 91.731, 26.159 ] ] ] } },
{ "type": "Feature", "properties": { "grid_id": "91.7300_26.1600", "temperature": 28.5, "ndvi": -0.09, "priority": "High", "recommended_action": "Tree cover", "cost_estimate": 55270 }, "geometry": { "type": "Polygon", "coordinates": [ [ [ 91.731, 26.16 ], [ 91.731, 26.161 ], [ 91.73, 26.161 ], [ 91.73, 26.16 ], [ 91.731, 26.16 ] ] ] } },
{ "type": "Feature", "properties": { "grid_id": "91.7300_26.1610", "temperature": 30.3, "ndvi": 0.77, "priority": "Medium", "recommended_action": "Tree cover", "cost_estimate": 73150 }, "geometry": { "type": "Polygon", "coordinates": [ [ [ 91.731, 26.161 ], [ 91.731, 26.162 ], [ 91.73, 26.162 ], [ 91.73, 26.161 ], [ 91.731, 26.161 ] ] ] } },
{ "type": "Feature", "properties": { "grid_id": "91.7300_26.1620", "temperature": 37.4, "ndvi": 0.65, "priority": "Low", "recommended_action": "None", "cost_estimate": 50460 }, "geometry": { "type": "Polygon", "coordinates": [ [ [ 91.731, 26.162 ], [ 91.731, 26.163 ], [ 91.73, 26.163 ], [ 91.73, 26.162 ], [ 91.731, 26.162 ] ] ] } },
{ "type": "Feature", "properties": { "grid_id": "91.7300_26.1630", "temperature": 41.8, "ndvi": 0.36, "priority": "Medium", "recommended_action": "Cool roof", "cost_estimate": 58782 }, "geometry": { "type": "Polygon", "coordinates": [ [ [ 91.731, 26.163 ], [ 91.731, 26.164 ], [ 91.73, 26.164 ], [ 91.73, 26.163 ], [ 91.731, 26.163 ] ] ] } },
{ "type": "Feature", "properties": { "grid_id": "91.7300_26.1640", "temperature": 31.4, "ndvi": 0.18, "priority": "Low", "recommended_action": "Tree cover", "cost_estimate": 178191 }, "geometry": { "type": "Polygon", "coordinates": [ [ [ 91.731, 26.164 ], [ 91.731, 26.165 ], [ 91.73, 26.165 ], [ 91.73, 26.164 ], [ 91.731, 26.164 ] ] ] } },
{ "type": "Feature", "properties": { "grid_id": "91.7300_26.1650", "temperature": 36.9, "ndvi": 0.16, "priority": "High", "recommended_action": "Green park", "cost_estimate": 12980 }, "geometry": { "type": "Polygon", "coordinates": [ [ [ 91.731, 26.165 ], [ 91.731, 26.166 ], [ 91.73, 26.166 ], [ 91.73, 26.165 ], [ 91.731, 26.165 ] ] ] } },
{ "type": "Feature", "properties": { "grid_id": "91.7300_26.1660", "temperature": 29.4, "ndvi": -0.03, "priority": "Medium", "recommended_action": "Cool roof", "cost_estimate": 140182 }, "geometry": { "type": "Polygon", "coordinates": [ [ [ 91.731, 26.166 ], [ 91.731, 26.167 ], [ 91.73, 26.167 ], [ 91.73, 26.166 ], [ 91.731, 26.166 ] ] ] } },
{ "type": "Feature", "properties": { "grid_id": "91.7300_26.1670", "temperature": 34.1, "ndvi": 0.54, "priority": "High", "recommended_action": "None", "cost_estimate": 168673 }, "geometry": { "type": "Polygon", "coordinates": [ [ [ 91.731, 26.167 ], [ 91.731, 26.168 ], [ 91.73, 26.168 ], [ 91.73, 26.167 ], [ 91.731, 26.167 ] ] ] } },
{ "type": "Feature", "properties": { "grid_id": "91.7300_26.1680", "temperature": 34.3, "ndvi": 0.15, "priority": "High", "recommended_action": "Green park", "cost_estimate": 73167 }, "geometry": { "type": "Polygon", "coordinates": [ [ [ 91.731, 26.168 ], [ 91.731, 26.169 ], [ 91.73, 26.169 ], [ 91.73, 26.168 ], [ 91.731, 26.168 ] ] ] } },
{ "type": "Feature", "properties": { "grid_id": "91.7300_26.1690", "temperature": 29.0, "ndvi": 0.61, "priority": "High", "recommended_action": "None", "cost_estimate": 50035 }, "geometry": { "type": "Polygon", "coordinates": [ [ [ 91.731, 26.169 ], [ 91.731, 26.17 ], [ 91.73, 26.17 ], [ 91.73, 26.169 ], [ 91.731, 26.169 ] ] ] } },
{ "type": "Feature", "properties": { "grid_id": "91.7300_26.1700", "temperature": 37.2, "ndvi": 0.6, "priority": "Low", "recommended_action": "Cool roof", "cost_estimate": 46074 }, "geometry": { "type": "Polygon", "coordinates": [ [ [ 91.731, 26.17 ], [ 91.731, 26.171 ], [ 91.73, 26.171 ], [ 91.73, 26.17 ], [ 91.731, 26.17 ] ] ] } },
{ "type": "Feature", "properties": { "grid_id": "91.7300_26.1710", "temperature": 41.7, "ndvi": -0.01, "priority": "Medium", "recommended_action": "Tree cover", "cost_estimate": 191283 }, "geometry": { "type": "Polygon", "coordinates": [ [ [ 91.731, 26.171 ], [ 91.731, 26.172 ], [ 91.73, 26.172 ], [ 91.73, 26.171 ], [ 91.731, 26.171 ] ] ] } },
{ "type": "Feature", "properties": { "grid_id": "91.7300_26.1720", "temperature": 40.8, "ndvi": 0.41, "priority": "Medium", "recommended_action": "Cool roof", "cost_estimate": 187499 }, "geometry": { "type": "Polygon", "coordinates": [ [ [ 91.731, 26.172 ], [ 91.731, 26.173 ], [ 91.73, 26.173 ], [ 91.73, 26.172 ], [ 91.731, 26.172 ] ] ] } },
{ "type": "Feature", "properties": { "grid_id": "91.7300_26.1730", "temperature": 35.3, "ndvi": 0.72, "priority": "Low", "recommended_action": "None", "cost_estimate": 142557 }, "geometry": { "type": "Polygon", "coordinates": [ [ [ 91.731, 26.173 ], [ 91.731, 26.174 ], [ 91.73, 26.174 ], [ 91.73, 26.173 ], [ 91.731, 26.173 ] ] ] } },
{ "type": "Feature", "properties": { "grid_id": "91.7300_26.1740", "temperature": 34.4, "ndvi": 0.52, "priority": "Low", "recommended_action": "Green park", "cost_estimate": 16886 }, "geometry": { "type": "Polygon", "coordinates": [ [ [ 91.731, 26.174 ], [ 91.731, 26.175 ], [ 91.73, 26.175 ], [ 91.73, 26.174 ], [ 91.731, 26.174 ] ] ] } },
{ "type": "Feature", "properties": { "grid_id": "91.7300_26.1750", "temperature": 40.8, "ndvi": 0.42, "priority": "Low", "recommended_action": "Green park", "cost_estimate": 74409 }, "geometry": { "type": "Polygon", "coordinates": [ [ [ 91.731, 26.175 ], [ 91.731, 26.176 ], [ 91.73, 26.176 ], [ 91.73, 26.175 ], [ 91.731, 26.175 ] ] ] } },
{ "type": "Feature", "properties": { "grid_id": "91.7300_26.1760", "temperature": 38.9, "ndvi": 0.18, "priority": "Low", "recommended_action": "None", "cost_estimate": 137154 }, "geometry": { "type": "Polygon", "coordinates": [ [ [ 91.731, 26.176 ], [ 91.731, 26.177 ], [ 91.73, 26.177 ], [ 91.73, 26.176 ], [ 91.731, 26.176 ] ] ] } },
{ "type": "Feature", "properties": { "grid_id": "91.7300_26.1770", "temperature": 39.3, "ndvi": 0.15, "priority": "Low", "recommended_action": "Tree cover", "cost_estimate": 7950 }, "geometry": { "type": "Polygon", "coordinates": [ [ [ 91.731, 26.177 ], [ 91.731, 26.178 ], [ 91.73, 26.178 ], [ 91.73, 26.177 ], [ 91.731, 26.177 ] ] ] } },
{ "type": "Feature", "properties": { "grid_id": "91.7300_26.1780", "temperature": 31.5, "ndvi": 0.76, "priority": "Low", "recommended_action": "Cool roof", "cost_estimate": 195243 }, "geometry": { "type": "Polygon", "coordinates": [ [ [ 91.731, 26.178 ], [ 91.731, 26.179 ], [ 91.73, 26.179 ], [ 91.73, 26.178 ], [ 91.731, 26.178 ] ] ] } },
{ "type": "Feature", "properties": { "grid_id": "91.7300_26.1790", "temperature": 28.6, "ndvi": 0.09, "priority": "Medium", "recommended_action": "Cool roof", "cost_estimate": 31026 }, "geometry": { "type": "Polygon", "coordinates": [ [ [ 91.731, 26.179 ], [ 91.731, 26.18 ], [ 91.73, 26.18 ], [ 91.73, 26.179 ], [ 91.731, 26.179 ] ] ] } },
{ "type": "Feature", "properties": { "grid_id": "91.7310_26.1500", "temperature": 33.4, "ndvi": 0.35, "priority": "Medium", "recommended_action": "None", "cost_estimate": 189003 }, "geometry": { "type": "Polygon", "coordinates": [ [ [ 91.732, 26.15 ], [ 91.732, 26.151 ], [ 91.731, 26.151 ], [ 91.731, 26.15 ], [ 91.732, 26.15 ] ] ] } },
{ "type": "Feature", "properties": { "grid_id": "91.7310_26.1510", "temperature": 35.4, "ndvi": 0.15, "priority": "High", "recommended_action": "None", "cost_estimate": 193492 }, "geometry": { "type": "Polygon", "coordinates": [ [ [ 91.732, 26.151 ], [ 91.732, 26.152 ], [ 91.731, 26.152 ], [ 91.731, 26.151 ], [ 91.732, 26.151 ] ] ] } },
{ "type": "Feature", "properties": { "grid_id": "91.7310_26.1520", "temperature": 28.9, "ndvi": 0.8, "priority": "High", "recommended_action": "None", "cost_estimate": 193506 }, "geometry": { "type": "Polygon", "coordinates": [ [ [ 91.732, 26.152 ], [ 91.732, 26.153 ], [ 91.731, 26.153 ], [ 91.731, 26.152 ], [ 91.732, 26.152 ] ] ] } },
{ "type": "Feature", "properties": { "grid_id": "91.7310_26.1530", "temperature": 40.3, "ndvi": 0.56, "priority": "High", "recommended_action": "Cool roof", "cost_estimate": 163892 }, "geometry": { "type": "Polygon", "coordinates": [ [ [ 91.732, 26.153 ], [ 91.732, 26.154 ], [ 91.731, 26.154 ], [ 91.731, 26.153 ], [ 91.732, 26.153 ] ] ] } },
{ "type": "Feature", "properties": { "grid_id": "91.7310_26.1540", "temperature": 41.5, "ndvi": 0.34, "priority": "High", "recommended_action": "Cool roof", "cost_estimate": 151717 }, "geometry": { "type": "Polygon", "coordinates": [ [ [ 91.732, 26.154 ], [ 91.732, 26.155 ], [ 91.731, 26.155 ], [ 91.731, 26.154 ], [ 91.732, 26.154 ] ] ] } },
{ "type": "Feature", "properties": { "grid_id": "91.7310_26.1550", "temperature": 41.2, "ndvi": 0.47, "priority": "High", "recommended_action": "Tree cover", "cost_estimate": 165672 }, "geometry": { "type": "Polygon", "coordinates": [ [ [ 91.732, 26.155 ], [ 91.732, 26.156 ], [ 91.731, 26.156 ], [ 91.731, 26.155 ], [ 91.732, 26.155 ] ] ] } },
{ "type": "Feature", "properties": { "grid_id": "91.7310_26.1560", "temperature": 36.3, "ndvi": -0.04, "priority": "Low", "recommended_action": "None", "cost_estimate": 64651 }, "geometry": { "type": "Polygon", "coordinates": [ [ [ 91.732, 26.156 ], [ 91.732, 26.157 ], [ 91.731, 26.157 ], [ 91.731, 26.156 ], [ 91.732, 26.156 ] ] ] } },
{ "type": "Feature", "properties": { "grid_id": "91.7310_26.1570", "temperature": 30.1, "ndvi": 0.63, "priority": "Low", "recommended_action": "Cool roof", "cost_estimate": 44389 }, "geometry": { "type": "Polygon", "coordinates": [ [ [ 91.732, 26.157 ], [ 91.732, 26.158 ], [ 91.731, 26.158 ], [ 91.731, 26.157 ], [ 91.732, 26.157 ] ] ] } },
{ "type": "Feature", "properties": { "grid_id": "91.7310_26.1580", "temperature": 30.5, "ndvi": 0.61, "priority": "Medium", "recommended_action": "Green park", "cost_estimate": 59454 }, "geometry": { "type": "Polygon", "coordinates": [ [ [ 91.732, 26.158 ], [ 91.732, 26.159 ], [ 91.731, 26.159 ], [ 91.731, 26.158 ], [ 91.732, 26.158 ] ] ] } },
{ "type": "Feature", "properties": { "grid_id": "91.7310_26.1590", "temperature": 28.5, "ndvi": -0.02, "priority": "High", "recommended_action": "Cool roof", "cost_estimate": 173720 }, "geometry": { "type": "Polygon", "coordinates": [ [ [ 91.732, 26.159 ], [ 91.732, 26.16 ], [ 91.731, 26.16 ], [ 91.731, 26.159 ], [ 91.732, 26.159 ] ] ] } },
{ "type": "Feature", "properties": { "grid_id": "91.7310_26.1600", "temperature": 32.3, "ndvi": 0.53, "priority": "Low", "recommended_action": "None", "cost_estimate": 20550 }, "geometry": { "type": "Polygon", "coordinates": [ [ [ 91.732, 26.16 ], [ 91.732, 26.161 ], [ 91.731, 26.161 ], [ 91.731, 26.16 ], [ 91.732, 26.16 ] ] ] } },
{ "type": "Feature", "properties": { "grid_id": "91.7310_26.1610", "temperature": 35.5, "ndvi": 0.21, "priority": "Medium", "recommended_action": "Green park", "cost_estimate": 185432 }, "geometry": { "type": "Polygon", "coordinates": [ [ [ 91.732, 26.161 ], [ 91.732, 26.162 ], [ 91.731, 26.162 ], [ 91.731, 26.161 ], [ 91.732, 26.161 ] ] ] } },
{ "type": "Feature", "properties": { "grid_id": "91.7310_26.1620", "temperature": 32.2, "ndvi": 0.05, "priority": "High", "recommended_action": "Tree cover", "cost_estimate": 68834 }, "geometry": { "type": "Polygon", "coordinates": [ [ [ 91.732, 26.162 ], [ 91.732, 26.163 ], [ 91.731, 26.163 ], [ 91.731, 26.162 ], [ 91.732, 26.162 ] ] ] } },
{ "type": "Feature", "properties": { "grid_id": "91.7310_26.1630", "temperature": 38.9, "ndvi": 0.33, "priority": "Medium", "recommended_action": "Cool roof", "cost_estimate": 106874 }, "geometry": { "type": "Polygon", "coordinates": [ [ [ 91.732, 26.163 ], [ 91.732, 26.164 ], [ 91.731, 26.164 ], [ 91.731, 26.163 ], [ 91.732, 26.163 ] ] ] } },
{ "type": "Feature", "properties": { "grid_id": "91.7310_26.1640", "temperature": 36.1, "ndvi": 0.24, "priority": "Medium", "recommended_action": "Green park", "cost_estimate": 37316 }, "geometry": { "type": "Polygon", "coordinates": [ [ [ 91.732, 26.164 ], [ 91.732, 26.165 ], [ 91.731, 26.165 ], [ 91.731, 26.164 ], [ 91.732, 26.164 ] ] ] } },
{ "type": "Feature", "properties": { "grid_id": "91.7310_26.1650", "temperature": 34.1, "ndvi": 0.49, "priority": "High", "recommended_action": "Cool roof", "cost_estimate": 25681 }, "geometry": { "type": "Polygon", "coordinates": [ [ [ 91.732, 26.165 ], [ 91.732, 26.166 ], [ 91.731, 26.166 ], [ 91.731, 26.165 ], [ 91.732, 26.165 ] ] ] } },
{ "type": "Feature", "properties": { "grid_id": "91.7310_26.1660", "temperature": 36.3, "ndvi": 0.6, "priority": "Low", "recommended_action": "Green park", "cost_estimate": 115524 }, "geometry": { "type": "Polygon", "coordinates": [ [ [ 91.732, 26.166 ], [ 91.732, 26.167 ], [ 91.731, 26.167 ], [ 91.731, 26.166 ], [ 91.732, 26.166 ] ] ] } },
{ "type": "Feature", "properties": { "grid_id": "91.7310_26.1670", "temperature": 34.0, "ndvi": 0.59, "priority": "High", "recommended_action": "Cool roof", "cost_estimate": 29488 }, "geometry": { "type": "Polygon", "coordinates": [ [ [ 91.732, 26.167 ], [ 91.732, 26.168 ], [ 91.731, 26.168 ], [ 91.731, 26.167 ], [ 91.732, 26.167 ] ] ] } },
{ "type": "Feature", "properties": { "grid_id": "91.7310_26.1680", "temperature": 41.0, "ndvi": 0.46, "priority": "Medium", "recommended_action": "Cool roof", "cost_estimate": 111474 }, "geometry": { "type": "Polygon", "coordinates": [ [ [ 91.732, 26.168 ], [ 91.732, 26.169 ], [ 91.731, 26.169 ], [ 91.731, 26.168 ], [ 91.732, 26.168 ] ] ] } },
{ "type": "Feature", "properties": { "grid_id": "91.7310_26.1690", "temperature": 38.1, "ndvi": -0.08, "priority": "High", "recommended_action": "None", "cost_estimate": 77156 }, "geometry": { "type": "Polygon", "coordinates": [ [ [ 91.732, 26.169 ], [ 91.732, 26.17 ], [ 91.731, 26.17 ], [ 91.731, 26.169 ], [ 91.732, 26.169 ] ] ] } },
{ "type": "Feature", "properties": { "grid_id": "91.7310_26.1700", "temperature": 31.6, "ndvi": 0.35, "priority": "High", "recommended_action": "Tree cover", "cost_estimate": 199759 }, "geometry": { "type": "Polygon", "coordinates": [ [ [ 91.732, 26.17 ], [ 91.732, 26.171 ], [ 91.731, 26.171 ], [ 91.731, 26.17 ], [ 91.732, 26.17 ] ] ] } },
{ "type": "Feature", "properties": { "grid_id": "91.7310_26.1710", "temperature": 32.5, "ndvi": 0.67, "priority": "High", "recommended_action": "Cool roof", "cost_estimate": 71212 }, "geometry": { "type": "Polygon", "coordinates": [ [ [ 91.732, 26.171 ], [ 91.732, 26.172 ], [ 91.731, 26.172 ], [ 91.731, 26.171 ], [ 91.732, 26.171 ] ] ] } },
{ "type": "Feature", "properties": { "grid_id": "91.7310_26.1720", "temperature": 36.2, "ndvi": -0.1, "priority": "Medium", "recommended_action": "Green park", "cost_estimate": 196695 }, "geometry": { "type": "Polygon", "coordinates": [ [ [ 91.732, 26.172 ], [ 91.732, 26.173 ], [ 91.731, 26.173 ], [ 91.731, 26.172 ], [ 91.732, 26.172 ] ] ] } },
{ "type": "Feature", "properties": { "grid_id": "91.7310_26.1730", "temperature": 41.5, "ndvi": 0.71, "priority": "High", "recommended_action": "None", "cost_estimate": 176318 }, "geometry": { "type": "Polygon", "coordinates": [ [ [ 91.732, 26.173 ], [ 91.732, 26.174 ], [ 91.731, 26.174 ], [ 91.731, 26.173 ], [ 91.732, 26.173 ] ] ] } },
{ "type": "Feature", "properties": { "grid_id": "91.7310_26.1740", "temperature": 40.0, "ndvi": 0.6, "priority": "Medium", "recommended_action": "Green park", "cost_estimate": 26988 }, "geometry": { "type": "Polygon", "coordinates": [ [ [ 91.732, 26.174 ], [ 91.732, 26.175 ], [ 91.731, 26.175 ], [ 91.731, 26.174 ], [ 91.732, 26.174 ] ] ] } },
{ "type": "Feature", "properties": { "grid_id": "91.7310_26.1750", "temperature": 32.1, "ndvi": 0.35, "priority": "Medium", "recommended_action": "Green park", "cost_estimate": 125040 }, "geometry": { "type": "Polygon", "coordinates": [ [ [ 91.732, 26.175 ], [ 91.732, 26.176 ], [ 91.731, 26.176 ], [ 91.731, 26.175 ], [ 91.732, 26.175 ] ] ] } },
{ "type": "Feature", "properties": { "grid_id": "91.7310_26.1760", "temperature": 33.6, "ndvi": 0.4, "priority": "Medium", "recommended_action": "Green park", "cost_estimate": 27200 }, "geometry": { "type": "Polygon", "coordinates": [ [ [ 91.732, 26.176 ], [ 91.732, 26.177 ], [ 91.731, 26.177 ], [ 91.731, 26.176 ], [ 91.732, 26.176 ] ] ] } },
{ "type": "Feature", "properties": { "grid_id": "91.7310_26.1770", "temperature": 39.6, "ndvi": 0.35, "priority": "High", "recommended_action": "Tree cover", "cost_estimate": 115254 }, "geometry": { "type": "Polygon", "coordinates": [ [ [ 91.732, 26.177 ], [ 91.732, 26.178 ], [ 91.731, 26.178 ], [ 91.731, 26.177 ], [ 91.732, 26.177 ] ] ] } },
{ "type": "Feature", "properties": { "grid_id": "91.7310_26.1780", "temperature": 33.4, "ndvi": 0.42, "priority": "Low", "recommended_action": "Green park", "cost_estimate": 143976 }, "geometry": { "type": "Polygon", "coordinates": [ [ [ 91.732, 26.178 ], [ 91.732, 26.179 ], [ 91.731, 26.179 ], [ 91.731, 26.178 ], [ 91.732, 26.178 ] ] ] } },
{ "type": "Feature", "properties": { "grid_id": "91.7310_26.1790", "temperature": 33.5, "ndvi": 0.04, "priority": "High", "recommended_action": "Green park", "cost_estimate": 54457 }, "geometry": { "type": "Polygon", "coordinates": [ [ [ 91.732, 26.179 ], [ 91.732, 26.18 ], [ 91.731, 26.18 ], [ 91.731, 26.179 ], [ 91.732, 26.179 ] ] ] } },
{ "type": "Feature", "properties": { "grid_id": "91.7320_26.1500", "temperature": 38.4, "ndvi": 0.65, "priority": "Medium", "recommended_action": "None", "cost_estimate": 74592 }, "geometry": { "type": "Polygon", "coordinates": [ [ [ 91.733, 26.15 ], [ 91.733, 26.151 ], [ 91.732, 26.151 ], [ 91.732, 26.15 ], [ 91.733, 26.15 ] ] ] } },
{ "type": "Feature", "properties": { "grid_id": "91.7320_26.1510", "temperature": 37.6, "ndvi": 0.29, "priority": "Medium", "recommended_action": "Green park", "cost_estimate": 121982 }, "geometry": { "type": "Polygon", "coordinates": [ [ [ 91.733, 26.151 ], [ 91.733, 26.152 ], [ 91.732, 26.152 ], [ 91.732, 26.151 ], [ 91.733, 26.151 ] ] ] } },
{ "type": "Feature", "properties": { "grid_id": "91.7320_26.1520", "temperature": 36.6, "ndvi": 0.32, "priority": "Low", "recommended_action": "Tree cover", "cost_estimate": 41737 }, "geometry": { "type": "Polygon", "coordinates": [ [ [ 91.733, 26.152 ], [ 91.733, 26.153 ], [ 91.732, 26.153 ], [ 91.732, 26.152 ], [ 91.733, 26.152 ] ] ] } },
{ "type": "Feature", "properties": { "grid_id": "91.7320_26.1530", "temperature": 32.2, "ndvi": 0.25, "priority": "High", "recommended_action": "Tree cover", "cost_estimate": 120760 }, "geometry": { "type": "Polygon", "coordinates": [ [ [ 91.733, 26.153 ], [ 91.733, 26.154 ], [ 91.732, 26.154 ], [ 91.732, 26.153 ], [ 91.733, 26.153 ] ] ] } },
{ "type": "Feature", "properties": { "grid_id": "91.7320_26.1540", "temperature": 37.2, "ndvi": 0.39, "priority": "Low", "recommended_action": "Tree cover", "cost_estimate": 153680 }, "geometry": { "type": "Polygon", "coordinates": [ [ [ 91.733, 26.154 ], [ 91.733, 26.155 ], [ 91.732, 26.155 ], [ 91.732, 26.154 ], [ 91.733, 26.154 ] ] ] } },
{ "type": "Feature", "properties": { "grid_id": "91.7320_26.1550", "temperature": 35.7, "ndvi": 0.34, "priority": "Medium", "recommended_action": "Cool roof", "cost_estimate": 131602 }, "geometry": { "type": "Polygon", "coordinates": [ [ [ 91.733, 26.155 ], [ 91.733, 26.156 ], [ 91.732, 26.156 ], [ 91.732, 26.155 ], [ 91.733, 26.155 ] ] ] } },
{ "type": "Feature", "properties": { "grid_id": "91.7320_26.1560", "temperature": 37.2, "ndvi": 0.54, "priority": "Medium", "recommended_action": "Cool roof", "cost_estimate": 45325 }, "geometry": { "type": "Polygon", "coordinates": [ [ [ 91.733, 26.156 ], [ 91.733, 26.157 ], [ 91.732, 26.157 ], [ 91.732, 26.156 ], [ 91.733, 26.156 ] ] ] } },
{ "type": "Feature", "properties": { "grid_id": "91.7320_26.1570", "temperature": 29.5, "ndvi": 0.09, "priority": "Low", "recommended_action": "None", "cost_estimate": 72184 }, "geometry": { "type": "Polygon", "coordinates": [ [ [ 91.733, 26.157 ], [ 91.733, 26.158 ], [ 91.732, 26.158 ], [ 91.732, 26.157 ], [ 91.733, 26.157 ] ] ] } },
{ "type": "Feature", "properties": { "grid_id": "91.7320_26.1580", "temperature": 40.5, "ndvi": 0.43, "priority": "High", "recommended_action": "Cool roof", "cost_estimate": 159591 }, "geometry": { "type": "Polygon", "coordinates": [ [ [ 91.733, 26.158 ], [ 91.733, 26.159 ], [ 91.732, 26.159 ], [ 91.732, 26.158 ], [ 91.733, 26.158 ] ] ] } },
{ "type": "Feature", "properties": { "grid_id": "91.7320_26.1590", "temperature": 32.1, "ndvi": 0.12, "priority": "Low", "recommended_action": "Cool roof", "cost_estimate": 50032 }, "geometry": { "type": "Polygon", "coordinates": [ [ [ 91.733, 26.159 ], [ 91.733, 26.16 ], [ 91.732, 26.16 ], [ 91.732, 26.159 ], [ 91.733, 26.159 ] ] ] } },
{ "type": "Feature", "properties": { "grid_id": "91.7320_26.1600", "temperature": 32.1, "ndvi": 0.36, "priority": "High", "recommended_action": "Tree cover", "cost_estimate": 141885 }, "geometry": { "type": "Polygon", "coordinates": [ [ [ 91.733, 26.16 ], [ 91.733, 26.161 ], [ 91.732, 26.161 ], [ 91.732, 26.16 ], [ 91.733, 26.16 ] ] ] } },
{ "type": "Feature", "properties": { "grid_id": "91.7320_26.1610", "temperature": 33.9, "ndvi": 0.77, "priority": "High", "recommended_action": "Tree cover", "cost_estimate": 171398 }, "geometry": { "type": "Polygon", "coordinates": [ [ [ 91.733, 26.161 ], [ 91.733, 26.162 ], [ 91.732, 26.162 ], [ 91.732, 26.161 ], [ 91.733, 26.161 ] ] ] } },
{ "type": "Feature", "properties": { "grid_id": "91.7320_26.1620", "temperature": 36.5, "ndvi": 0.5, "priority": "High", "recommended_action": "Green park", "cost_estimate": 107565 }, "geometry": { "type": "Polygon", "coordinates": [ [ [ 91.733, 26.162 ], [ 91.733, 26.163 ], [ 91.732, 26.163 ], [ 91.732, 26.162 ], [ 91.733, 26.162 ] ] ] } },
{ "type": "Feature", "properties": { "grid_id": "91.7320_26.1630", "temperature": 33.7, "ndvi": 0.36, "priority": "High", "recommended_action": "Cool roof", "cost_estimate": 123120 }, "geometry": { "type": "Polygon", "coordinates": [ [ [ 91.733, 26.163 ], [ 91.733, 26.164 ], [ 91.732, 26.164 ], [ 91.732, 26.163 ], [ 91.733, 26.163 ] ] ] } },
{ "type": "Feature", "properties": { "grid_id": "91.7320_26.1640", "temperature": 37.4, "ndvi": 0.2, "priority": "Low", "recommended_action": "None", "cost_estimate": 160502 }, "geometry": { "type": "Polygon", "coordinates": [ [ [ 91.733, 26.164 ], [ 91.733, 26.165 ], [ 91.732, 26.165 ], [ 91.732, 26.164 ], [ 91.733, 26.164 ] ] ] } },
{ "type": "Feature", "properties": { "grid_id": "91.7320_26.1650", "temperature": 36.0, "ndvi": 0.2, "priority": "Low", "recommended_action": "Cool roof", "cost_estimate": 77234 }, "geometry": { "type": "Polygon", "coordinates": [ [ [ 91.733, 26.165 ], [ 91.733, 26.166 ], [ 91.732, 26.166 ], [ 91.732, 26.165 ], [ 91.733, 26.165 ] ] ] } },
{ "type": "Feature", "properties": { "grid_id": "91.7320_26.1660", "temperature": 30.8, "ndvi": 0.19, "priority": "High", "recommended_action": "Green park", "cost_estimate": 60073 }, "geometry": { "type": "Polygon", "coordinates": [ [ [ 91.733, 26.166 ], [ 91.733, 26.167 ], [ 91.732, 26.167 ], [ 91.732, 26.166 ], [ 91.733, 26.166 ] ] ] } },
{ "type": "Feature", "properties": { "grid_id": "91.7320_26.1670", "temperature": 36.5, "ndvi": 0.52, "priority": "High", "recommended_action": "None", "cost_estimate": 24132 }, "geometry": { "type": "Polygon", "coordinates": [ [ [ 91.733, 26.167 ], [ 91.733, 26.168 ], [ 91.732, 26.168 ], [ 91.732, 26.167 ], [ 91.733, 26.167 ] ] ] } },
{ "type": "Feature", "properties": { "grid_id": "91.7320_26.1680", "temperature": 38.3, "ndvi": 0.72, "priority": "High", "recommended_action": "None", "cost_estimate": 195316 }, "geometry": { "type": "Polygon", "coordinates": [ [ [ 91.733, 26.168 ], [ 91.733, 26.169 ], [ 91.732, 26.169 ], [ 91.732, 26.168 ], [ 91.733, 26.168 ] ] ] } },
{ "type": "Feature", "properties": { "grid_id": "91.7320_26.1690", "temperature": 34.2, "ndvi": -0.05, "priority": "Low", "recommended_action": "Tree cover", "cost_estimate": 121856 }, "geometry": { "type": "Polygon", "coordinates": [ [ [ 91.733, 26.169 ], [ 91.733, 26.17 ], [ 91.732, 26.17 ], [ 91.732, 26.169 ], [ 91.733, 26.169 ] ] ] } },
{ "type": "Feature", "properties": { "grid_id": "91.7320_26.1700", "temperature": 29.2, "ndvi": 0.06, "priority": "Medium", "recommended_action": "Cool roof", "cost_estimate": 175609 }, "geometry": { "type": "Polygon", "coordinates": [ [ [ 91.733, 26.17 ], [ 91.733, 26.171 ], [ 91.732, 26.171 ], [ 91.732, 26.17 ], [ 91.733, 26.17 ] ] ] } },
{ "type": "Feature", "properties": { "grid_id": "91.7320_26.1710", "temperature": 36.7, "ndvi": 0.66, "priority": "Medium", "recommended_action": "Green park", "cost_estimate": 85574 }, "geometry": { "type": "Polygon", "coordinates": [ [ [ 91.733, 26.171 ], [ 91.733, 26.172 ], [ 91.732, 26.172 ], [ 91.732, 26.171 ], [ 91.733, 26.171 ] ] ] } },
{ "type": "Feature", "properties": { "grid_id": "91.7320_26.1720", "temperature": 38.5, "ndvi": 0.22, "priority": "Low", "recommended_action": "None", "cost_estimate": 56486 }, "geometry": { "type": "Polygon", "coordinates": [ [ [ 91.733, 26.172 ], [ 91.733, 26.173 ], [ 91.732, 26.173 ], [ 91.732, 26.172 ], [ 91.733, 26.172 ] ] ] } },
{ "type": "Feature", "properties": { "grid_id": "91.7320_26.1730", "temperature": 28.2, "ndvi": 0.56, "priority": "Low", "recommended_action": "None", "cost_estimate": 94294 }, "geometry": { "type": "Polygon", "coordinates": [ [ [ 91.733, 26.173 ], [ 91.733, 26.174 ], [ 91.732, 26.174 ], [ 91.732, 26.173 ], [ 91.733, 26.173 ] ] ] } },
{ "type": "Feature", "properties": { "grid_id": "91.7320_26.1740", "temperature": 41.2, "ndvi": 0.07, "priority": "High", "recommended_action": "Tree cover", "cost_estimate": 21772 }, "geometry": { "type": "Polygon", "coordinates": [ [ [ 91.733, 26.174 ], [ 91.733, 26.175 ], [ 91.732, 26.175 ], [ 91.732, 26.174 ], [ 91.733, 26.174 ] ] ] } },
{ "type": "Feature", "properties": { "grid_id": "91.7320_26.1750", "temperature": 35.6, "ndvi": 0.17, "priority": "Medium", "recommended_action": "None", "cost_estimate": 30607 }, "geometry": { "type": "Polygon", "coordinates": [ [ [ 91.733, 26.175 ], [ 91.733, 26.176 ], [ 91.732, 26.176 ], [ 91.732, 26.175 ], [ 91.733, 26.175 ] ] ] } },
{ "type": "Feature", "properties": { "grid_id": "91.7320_26.1760", "temperature": 33.4, "ndvi": 0.46, "priority": "Low", "recommended_action": "None", "cost_estimate": 72302 }, "geometry": { "type": "Polygon", "coordinates": [ [ [ 91.733, 26.176 ], [ 91.733, 26.177 ], [ 91.732, 26.177 ], [ 91.732, 26.176 ], [ 91.733, 26.176 ] ] ] } },
{ "type": "Feature", "properties": { "grid_id": "91.7320_26.1770", "temperature": 29.2, "ndvi": 0.26, "priority": "Low", "recommended_action": "Green park", "cost_estimate": 133759 }, "geometry": { "type": "Polygon", "coordinates": [ [ [ 91.733, 26.177 ], [ 91.733, 26.178 ], [ 91.732, 26.178 ], [ 91.732, 26.177 ], [ 91.733, 26.177 ] ] ] } },
{ "type": "Feature", "properties": { "grid_id": "91.7320_26.1780", "temperature": 35.2, "ndvi": 0.54, "priority": "Medium", "recommended_action": "Green park", "cost_estimate": 180746 }, "geometry": { "type": "Polygon", "coordinates": [ [ [ 91.733, 26.178 ], [ 91.733, 26.179 ], [ 91.732, 26.179 ], [ 91.732, 26.178 ], [ 91.733, 26.178 ] ] ] } },
{ "type": "Feature", "properties": { "grid_id": "91.7320_26.1790", "temperature": 30.0, "ndvi": 0.42, "priority": "Medium", "recommended_action": "Tree cover", "cost_estimate": 104305 }, "geometry": { "type": "Polygon", "coordinates": [ [ [ 91.733, 26.179 ], [ 91.733, 26.18 ], [ 91.732, 26.18 ], [ 91.732, 26.179 ], [ 91.733, 26.179 ] ] ] } },
{ "type": "Feature", "properties": { "grid_id": "91.7330_26.1500", "temperature": 38.9, "ndvi": 0.6, "priority": "High", "recommended_action": "Tree cover", "cost_estimate": 185490 }, "geometry": { "type": "Polygon", "coordinates": [ [ [ 91.734, 26.15 ], [ 91.734, 26.151 ], [ 91.733, 26.151 ], [ 91.733, 26.15 ], [ 91.734, 26.15 ] ] ] } },
{ "type": "Feature", "properties": { "grid_id": "91.7330_26.1510", "temperature": 40.2, "ndvi": 0.0, "priority": "Medium", "recommended_action": "Cool roof", "cost_estimate": 53705 }, "geometry": { "type": "Polygon", "coordinates": [ [ [ 91.734, 26.151 ], [ 91.734, 26.152 ], [ 91.733, 26.152 ], [ 91.733, 26.151 ], [ 91.734, 26.151 ] ] ] } },
{ "type": "Feature", "properties": { "grid_id": "91.7330_26.1520", "temperature": 29.7, "ndvi": 0.1, "priority": "Low", "recommended_action": "None", "cost_estimate": 172904 }, "geometry": { "type": "Polygon", "coordinates": [ [ [ 91.734, 26.152 ], [ 91.734, 26.153 ], [ 91.733, 26.153 ], [ 91.733, 26.152 ], [ 91.734, 26.152 ] ] ] } },
{ "type": "Feature", "properties": { "grid_id": "91.7330_26.1530", "temperature": 37.4, "ndvi": 0.36, "priority": "Low", "recommended_action": "Green park", "cost_estimate": 171925 }, "geometry": { "type": "Polygon", "coordinates": [ [ [ 91.734, 26.153 ], [ 91.734, 26.154 ], [ 91.733, 26.154 ], [ 91.733, 26.153 ], [ 91.734, 26.153 ] ] ] } },
{ "type": "Feature", "properties": { "grid_id": "91.7330_26.1540", "temperature": 31.2, "ndvi": -0.05, "priority": "Low", "recommended_action": "Green park", "cost_estimate": 182791 }, "geometry": { "type": "Polygon", "coordinates": [ [ [ 91.734, 26.154 ], [ 91.734, 26.155 ], [ 91.733, 26.155 ], [ 91.733, 26.154 ], [ 91.734, 26.154 ] ] ] } },
{ "type": "Feature", "properties": { "grid_id": "91.7330_26.1550", "temperature": 29.5, "ndvi": 0.14, "priority": "High", "recommended_action": "Green park", "cost_estimate": 152454 }, "geometry": { "type": "Polygon", "coordinates": [ [ [ 91.734, 26.155 ], [ 91.734, 26.156 ], [ 91.733, 26.156 ], [ 91.733, 26.155 ], [ 91.734, 26.155 ] ] ] } },
{ "type": "Feature", "properties": { "grid_id": "91.7330_26.1560", "temperature": 37.6, "ndvi": 0.26, "priority": "High", "recommended_action": "Cool roof", "cost_estimate": 10487 }, "geometry": { "type": "Polygon", "coordinates": [ [ [ 91.734, 26.156 ], [ 91.734, 26.157 ], [ 91.733, 26.157 ], [ 91.733, 26.156 ], [ 91.734, 26.156 ] ] ] } },
{ "type": "Feature", "properties": { "grid_id": "91.7330_26.1570", "temperature": 36.3, "ndvi": -0.0, "priority": "High", "recommended_action": "None", "cost_estimate": 28129 }, "geometry": { "type": "Polygon", "coordinates": [ [ [ 91.734, 26.157 ], [ 91.734, 26.158 ], [ 91.733, 26.158 ], [ 91.733, 26.157 ], [ 91.734, 26.157 ] ] ] } },
{ "type": "Feature", "properties": { "grid_id": "91.7330_26.1580", "temperature": 42.0, "ndvi": 0.35, "priority": "Medium", "recommended_action": "Tree cover", "cost_estimate": 26472 }, "geometry": { "type": "Polygon", "coordinates": [ [ [ 91.734, 26.158 ], [ 91.734, 26.159 ], [ 91.733, 26.159 ], [ 91.733, 26.158 ], [ 91.734, 26.158 ] ] ] } },
{ "type": "Feature", "properties": { "grid_id": "91.7330_26.1590", "temperature": 28.2, "ndvi": 0.05, "priority": "Low", "recommended_action": "Tree cover", "cost_estimate": 48720 }, "geometry": { "type": "Polygon", "coordinates": [ [ [ 91.734, 26.159 ], [ 91.734, 26.16 ], [ 91.733, 26.16 ], [ 91.733, 26.159 ], [ 91.734, 26.159 ] ] ] } },
{ "type": "Feature", "properties": { "grid_id": "91.7330_26.1600", "temperature": 34.5, "ndvi": 0.41, "priority": "Low", "recommended_action": "Tree cover", "cost_estimate": 166624 }, "geometry": { "type": "Polygon", "coordinates": [ [ [ 91.734, 26.16 ], [ 91.734, 26.161 ], [ 91.733, 26.161 ], [ 91.733, 26.16 ], [ 91.734, 26.16 ] ] ] } },
{ "type": "Feature", "properties": { "grid_id": "91.7330_26.1610", "temperature": 32.3, "ndvi": 0.47, "priority": "Medium", "recommended_action": "Green park", "cost_estimate": 74021 }, "geometry": { "type": "Polygon", "coordinates": [ [ [ 91.734, 26.161 ], [ 91.734, 26.162 ], [ 91.733, 26.162 ], [ 91.733, 26.161 ], [ 91.734, 26.161 ] ] ] } },
{ "type": "Feature", "properties": { "grid_id": "91.7330_26.1620", "temperature": 38.2, "ndvi": 0.05, "priority": "Low", "recommended_action": "Green park", "cost_estimate": 197596 }, "geometry": { "type": "Polygon", "coordinates": [ [ [ 91.734, 26.162 ], [ 91.734, 26.163 ], [ 91.733, 26.163 ], [ 91.733, 26.162 ], [ 91.734, 26.162 ] ] ] } },
{ "type": "Feature", "properties": { "grid_id": "91.7330_26.1630", "temperature": 41.2, "ndvi": 0.27, "priority": "Low", "recommended_action": "Tree cover", "cost_estimate": 6887 }, "geometry": { "type": "Polygon", "coordinates": [ [ [ 91.734, 26.163 ], [ 91.734, 26.164 ], [ 91.733, 26.164 ], [ 91.733, 26.163 ], [ 91.734, 26.163 ] ] ] } },
{ "type": "Feature", "properties": { "grid_id": "91.7330_26.1640", "temperature": 31.7, "ndvi": 0.77, "priority": "Medium", "recommended_action": "None", "cost_estimate": 109112 }, "geometry": { "type": "Polygon", "coordinates": [ [ [ 91.734, 26.164 ], [ 91.734, 26.165 ], [ 91.733, 26.165 ], [ 91.733, 26.164 ], [ 91.734, 26.164 ] ] ] } },
{ "type": "Feature", "properties": { "grid_id": "91.7330_26.1650", "temperature": 33.7, "ndvi": 0.15, "priority": "Low", "recommended_action": "None", "cost_estimate": 42322 }, "geometry": { "type": "Polygon", "coordinates": [ [ [ 91.734, 26.165 ], [ 91.734, 26.166 ], [ 91.733, 26.166 ], [ 91.733, 26.165 ], [ 91.734, 26.165 ] ] ] } },
{ "type": "Feature", "properties": { "grid_id": "91.7330_26.1660", "temperature": 37.5, "ndvi": 0.39, "priority": "Low", "recommended_action": "Tree cover", "cost_estimate": 31850 }, "geometry": { "type": "Polygon", "coordinates": [ [ [ 91.734, 26.166 ], [ 91.734, 26.167 ], [ 91.733, 26.167 ], [ 91.733, 26.166 ], [ 91.734, 26.166 ] ] ] } },
{ "type": "Feature", "properties": { "grid_id": "91.7330_26.1670", "temperature": 30.7, "ndvi": 0.57, "priority": "Medium", "recommended_action": "Cool roof", "cost_estimate": 119129 }, "geometry": { "type": "Polygon", "coordinates": [ [ [ 91.734, 26.167 ], [ 91.734, 26.168 ], [ 91.733, 26.168 ], [ 91.733, 26.167 ], [ 91.734, 26.167 ] ] ] } },
{ "type": "Feature", "properties": { "grid_id": "91.7330_26.1680", "temperature": 34.3, "ndvi": 0.08, "priority": "Medium", "recommended_action": "Green park", "cost_estimate": 87106 }, "geometry": { "type": "Polygon", "coordinates": [ [ [ 91.734, 26.168 ], [ 91.734, 26.169 ], [ 91.733, 26.169 ], [ 91.733, 26.168 ], [ 91.734, 26.168 ] ] ] } },
{ "type": "Feature", "properties": { "grid_id": "91.7330_26.1690", "temperature": 28.1, "ndvi": 0.15, "priority": "High", "recommended_action": "Tree cover", "cost_estimate": 21223 }, "geometry": { "type": "Polygon", "coordinates": [ [ [ 91.734, 26.169 ], [ 91.734, 26.17 ], [ 91.733, 26.17 ], [ 91.733, 26.169 ], [ 91.734, 26.169 ] ] ] } },
{ "type": "Feature", "properties": { "grid_id": "91.7330_26.1700", "temperature": 38.1, "ndvi": 0.54, "priority": "Low", "recommended_action": "None", "cost_estimate": 153114 }, "geometry": { "type": "Polygon", "coordinates": [ [ [ 91.734, 26.17 ], [ 91.734, 26.171 ], [ 91.733, 26.171 ], [ 91.733, 26.17 ], [ 91.734, 26.17 ] ] ] } },
{ "type": "Feature", "properties": { "grid_id": "91.7330_26.1710", "temperature": 41.5, "ndvi": 0.59, "priority": "Medium", "recommended_action": "Tree cover", "cost_estimate": 165834 }, "geometry": { "type": "Polygon", "coordinates": [ [ [ 91.734, 26.171 ], [ 91.734, 26.172 ], [ 91.733, 26.172 ], [ 91.733, 26.171 ], [ 91.734, 26.171 ] ] ] } },
{ "type": "Feature", "properties": { "grid_id": "91.7330_26.1720", "temperature": 37.6, "ndvi": 0.76, "priority": "Low", "recommended_action": "Tree cover", "cost_estimate": 63470 }, "geometry": { "type": "Polygon", "coordinates": [ [ [ 91.734, 26.172 ], [ 91.734, 26.173 ], [ 91.733, 26.173 ], [ 91.733, 26.172 ], [ 91.734, 26.172 ] ] ] } },
{ "type": "Feature", "properties": { "grid_id": "91.7330_26.1730", "temperature": 32.1, "ndvi": 0.59, "priority": "Medium", "recommended_action": "Green park", "cost_estimate": 129413 }, "geometry": { "type": "Polygon", "coordinates": [ [ [ 91.734, 26.173 ], [ 91.734, 26.174 ], [ 91.733, 26.174 ], [ 91.733, 26.173 ], [ 91.734, 26.173 ] ] ] } },
{ "type": "Feature", "properties": { "grid_id": "91.7330_26.1740", "temperature": 41.3, "ndvi": 0.38, "priority": "Medium", "recommended_action": "Green park", "cost_estimate": 168626 }, "geometry": { "type": "Polygon", "coordinates": [ [ [ 91.734, 26.174 ], [ 91.734, 26.175 ], [ 91.733, 26.175 ], [ 91.733, 26.174 ], [ 91.734, 26.174 ] ] ] } },
{ "type": "Feature", "properties": { "grid_id": "91.7330_26.1750", "temperature": 35.9, "ndvi": 0.72, "priority": "Low", "recommended_action": "Green park", "cost_estimate": 7737 }, "geometry": { "type": "Polygon", "coordinates": [ [ [ 91.734, 26.175 ], [ 91.734, 26.176 ], [ 91.733, 26.176 ], [ 91.733, 26.175 ], [ 91.734, 26.175 ] ] ] } },
{ "type": "Feature", "properties": { "grid_id": "91.7330_26.1760", "temperature": 34.2, "ndvi": 0.73, "priority": "High", "recommended_action": "None", "cost_estimate": 35123 }, "geometry": { "type": "Polygon", "coordinates": [ [ [ 91.734, 26.176 ], [ 91.734, 26.177 ], [ 91.733, 26.177 ], [ 91.733, 26.176 ], [ 91.734, 26.176 ] ] ] } },
{ "type": "Feature", "properties": { "grid_id": "91.7330_26.1770", "temperature": 38.9, "ndvi": 0.05, "priority": "Medium", "recommended_action": "None", "cost_estimate": 199724 }, "geometry": { "type": "Polygon", "coordinates": [ [ [ 91.734, 26.177 ], [ 91.734, 26.178 ], [ 91.733, 26.178 ], [ 91.733, 26.177 ], [ 91.734, 26.177 ] ] ] } },
{ "type": "Feature", "properties": { "grid_id": "91.7330_26.1780", "temperature": 39.6, "ndvi": -0.02, "priority": "Medium", "recommended_action": "Cool roof", "cost_estimate": 191130 }, "geometry": { "type": "Polygon", "coordinates": [ [ [ 91.734, 26.178 ], [ 91.734, 26.179 ], [ 91.733, 26.179 ], [ 91.733, 26.178 ], [ 91.734, 26.178 ] ] ] } },
{ "type": "Feature", "properties": { "grid_id": "91.7330_26.1790", "temperature": 35.5, "ndvi": 0.38, "priority": "Medium", "recommended_action": "Tree cover", "cost_estimate": 123597 }, "geometry": { "type": "Polygon", "coordinates": [ [ [ 91.734, 26.179 ], [ 91.734, 26.18 ], [ 91.733, 26.18 ], [ 91.733, 26.179 ], [ 91.734, 26.179 ] ] ] } },
{ "type": "Feature", "properties": { "grid_id": "91.7340_26.1500", "temperature": 36.9, "ndvi": 0.31, "priority": "High", "recommended_action": "Cool roof", "cost_estimate": 36990 }, "geometry": { "type": "Polygon", "coordinates": [ [ [ 91.735, 26.15 ], [ 91.735, 26.151 ], [ 91.734, 26.151 ], [ 91.734, 26.15 ], [ 91.735, 26.15 ] ] ] } },
{ "type": "Feature", "properties": { "grid_id": "91.7340_26.1510", "temperature": 29.7, "ndvi": 0.41, "priority": "High", "recommended_action": "Cool roof", "cost_estimate": 167236 }, "geometry": { "type": "Polygon", "coordinates": [ [ [ 91.735, 26.151 ], [ 91.735, 26.152 ], [ 91.734, 26.152 ], [ 91.734, 26.151 ], [ 91.735, 26.151 ] ] ] } },
{ "type": "Feature", "properties": { "grid_id": "91.7340_26.1520", "temperature": 30.8, "ndvi": 0.0, "priority": "Medium", "recommended_action": "Cool roof", "cost_estimate": 155614 }, "geometry": { "type": "Polygon", "coordinates": [ [ [ 91.735, 26.152 ], [ 91.735, 26.153 ], [ 91.734, 26.153 ], [ 91.734, 26.152 ], [ 91.735, 26.152 ] ] ] } },
{ "type": "Feature", "properties": { "grid_id": "91.7340_26.1530", "temperature": 38.8, "ndvi": 0.06, "priority": "Medium", "recommended_action": "Green park", "cost_estimate": 175773 }, "geometry": { "type": "Polygon", "coordinates": [ [ [ 91.735, 26.153 ], [ 91.735, 26.154 ], [ 91.734, 26.154 ], [ 91.734, 26.153 ], [ 91.735, 26.153 ] ] ] } },
{ "type": "Feature", "properties": { "grid_id": "91.7340_26.1540", "temperature": 29.9, "ndvi": 0.73, "priority": "Low", "recommended_action": "Green park", "cost_estimate": 80044 }, "geometry": { "type": "Polygon", "coordinates": [ [ [ 91.735, 26.154 ], [ 91.735, 26.155 ], [ 91.734, 26.155 ], [ 91.734, 26.154 ], [ 91.735, 26.154 ] ] ] } },
{ "type": "Feature", "properties": { "grid_id": "91.7340_26.1550", "temperature": 39.1, "ndvi": 0.09, "priority": "Low", "recommended_action": "None", "cost_estimate": 43965 }, "geometry": { "type": "Polygon", "coordinates": [ [ [ 91.735, 26.155 ], [ 91.735, 26.156 ], [ 91.734, 26.156 ], [ 91.734, 26.155 ], [ 91.735, 26.155 ] ] ] } },
{ "type": "Feature", "properties": { "grid_id": "91.7340_26.1560", "temperature": 35.4, "ndvi": 0.6, "priority": "Low", "recommended_action": "Tree cover", "cost_estimate": 189711 }, "geometry": { "type": "Polygon", "coordinates": [ [ [ 91.735, 26.156 ], [ 91.735, 26.157 ], [ 91.734, 26.157 ], [ 91.734, 26.156 ], [ 91.735, 26.156 ] ] ] } },
{ "type": "Feature", "properties": { "grid_id": "91.7340_26.1570", "temperature": 39.9, "ndvi": 0.48, "priority": "Low", "recommended_action": "Green park", "cost_estimate": 129661 }, "geometry": { "type": "Polygon", "coordinates": [ [ [ 91.735, 26.157 ], [ 91.735, 26.158 ], [ 91.734, 26.158 ], [ 91.734, 26.157 ], [ 91.735, 26.157 ] ] ] } },
{ "type": "Feature", "properties": { "grid_id": "91.7340_26.1580", "temperature": 28.0, "ndvi": 0.52, "priority": "Low", "recommended_action": "Cool roof", "cost_estimate": 111770 }, "geometry": { "type": "Polygon", "coordinates": [ [ [ 91.735, 26.158 ], [ 91.735, 26.159 ], [ 91.734, 26.159 ], [ 91.734, 26.158 ], [ 91.735, 26.158 ] ] ] } },
{ "type": "Feature", "properties": { "grid_id": "91.7340_26.1590", "temperature": 30.9, "ndvi": 0.18, "priority": "Low", "recommended_action": "Tree cover", "cost_estimate": 182784 }, "geometry": { "type": "Polygon", "coordinates": [ [ [ 91.735, 26.159 ], [ 91.735, 26.16 ], [ 91.734, 26.16 ], [ 91.734, 26.159 ], [ 91.735, 26.159 ] ] ] } },
{ "type": "Feature", "properties": { "grid_id": "91.7340_26.1600", "temperature": 38.0, "ndvi": 0.79, "priority": "High", "recommended_action": "Cool roof", "cost_estimate": 130713 }, "geometry": { "type": "Polygon", "coordinates": [ [ [ 91.735, 26.16 ], [ 91.735, 26.161 ], [ 91.734, 26.161 ], [ 91.734, 26.16 ], [ 91.735, 26.16 ] ] ] } },
{ "type": "Feature", "properties": { "grid_id": "91.7340_26.1610", "temperature": 40.3, "ndvi": -0.07, "priority": "Medium", "recommended_action": "Tree cover", "cost_estimate": 161626 }, "geometry": { "type": "Polygon", "coordinates": [ [ [ 91.735, 26.161 ], [ 91.735, 26.162 ], [ 91.734, 26.162 ], [ 91.734, 26.161 ], [ 91.735, 26.161 ] ] ] } },
{ "type": "Feature", "properties": { "grid_id": "91.7340_26.1620", "temperature": 33.4, "ndvi": 0.46, "priority": "Low", "recommended_action": "Green park", "cost_estimate": 146044 }, "geometry": { "type": "Polygon", "coordinates": [ [ [ 91.735, 26.162 ], [ 91.735, 26.163 ], [ 91.734, 26.163 ], [ 91.734, 26.162 ], [ 91.735, 26.162 ] ] ] } },
{ "type": "Feature", "properties": { "grid_id": "91.7340_26.1630", "temperature": 34.5, "ndvi": 0.42, "priority": "Low", "recommended_action": "Cool roof", "cost_estimate": 99231 }, "geometry": { "type": "Polygon", "coordinates": [ [ [ 91.735, 26.163 ], [ 91.735, 26.164 ], [ 91.734, 26.164 ], [ 91.734, 26.163 ], [ 91.735, 26.163 ] ] ] } },
{ "type": "Feature", "properties": { "grid_id": "91.7340_26.1640", "temperature": 38.6, "ndvi": 0.75, "priority": "Medium", "recommended_action": "Cool roof", "cost_estimate": 138433 }, "geometry": { "type": "Polygon", "coordinates": [ [ [ 91.735, 26.164 ], [ 91.735, 26.165 ], [ 91.734, 26.165 ], [ 91.734, 26.164 ], [ 91.735, 26.164 ] ] ] } },
{ "type": "Feature", "properties": { "grid_id": "91.7340_26.1650", "temperature": 33.7, "ndvi": 0.55, "priority": "Medium", "recommended_action": "Cool roof", "cost_estimate": 29248 }, "geometry": { "type": "Polygon", "coordinates": [ [ [ 91.735, 26.165 ], [ 91.735, 26.166 ], [ 91.734, 26.166 ], [ 91.734, 26.165 ], [ 91.735, 26.165 ] ] ] } },
{ "type": "Feature", "properties": { "grid_id": "91.7340_26.1660", "temperature": 31.8, "ndvi": 0.75, "priority": "Medium", "recommended_action": "Tree cover", "cost_estimate": 5982 }, "geometry": { "type": "Polygon", "coordinates": [ [ [ 91.735, 26.166 ], [ 91.735, 26.167 ], [ 91.734, 26.167 ], [ 91.734, 26.166 ], [ 91.735, 26.166 ] ] ] } },
{ "type": "Feature", "properties": { "grid_id": "91.7340_26.1670", "temperature": 32.1, "ndvi": 0.79, "priority": "High", "recommended_action": "Cool roof", "cost_estimate": 63104 }, "geometry": { "type": "Polygon", "coordinates": [ [ [ 91.735, 26.167 ], [ 91.735, 26.168 ], [ 91.734, 26.168 ], [ 91.734, 26.167 ], [ 91.735, 26.167 ] ] ] } },
{ "type": "Feature", "properties": { "grid_id": "91.7340_26.1680", "temperature": 33.6, "ndvi": 0.57, "priority": "High", "recommended_action": "Tree cover", "cost_estimate": 189286 }, "geometry": { "type": "Polygon", "coordinates": [ [ [ 91.735, 26.168 ], [ 91.735, 26.169 ], [ 91.734, 26.169 ], [ 91.734, 26.168 ], [ 91.735, 26.168 ] ] ] } },
{ "type": "Feature", "properties": { "grid_id": "91.7340_26.1690", "temperature": 30.5, "ndvi": 0.41, "priority": "High", "recommended_action": "Cool roof", "cost_estimate": 47321 }, "geometry": { "type": "Polygon", "coordinates": [ [ [ 91.735, 26.169 ], [ 91.735, 26.17 ], [ 91.734, 26.17 ], [ 91.734, 26.169 ], [ 91.735, 26.169 ] ] ] } },
{ "type": "Feature", "properties": { "grid_id": "91.7340_26.1700", "temperature": 29.4, "ndvi": 0.25, "priority": "Medium", "recommended_action": "None", "cost_estimate": 98209 }, "geometry": { "type": "Polygon", "coordinates": [ [ [ 91.735, 26.17 ], [ 91.735, 26.171 ], [ 91.734, 26.171 ], [ 91.734, 26.17 ], [ 91.735, 26.17 ] ] ] } },
{ "type": "Feature", "properties": { "grid_id": "91.7340_26.1710", "temperature": 31.1, "ndvi": 0.39, "priority": "Medium", "recommended_action": "None", "cost_estimate": 89183 }, "geometry": { "type": "Polygon", "coordinates": [ [ [ 91.735, 26.171 ], [ 91.735, 26.172 ], [ 91.734, 26.172 ], [ 91.734, 26.171 ], [ 91.735, 26.171 ] ] ] } },
{ "type": "Feature", "properties": { "grid_id": "91.7340_26.1720", "temperature": 37.1, "ndvi": 0.61, "priority": "Medium", "recommended_action": "Tree cover", "cost_estimate": 61153 }, "geometry": { "type": "Polygon", "coordinates": [ [ [ 91.735, 26.172 ], [ 91.735, 26.173 ], [ 91.734, 26.173 ], [ 91.734, 26.172 ], [ 91.735, 26.172 ] ] ] } },
{ "type": "Feature", "properties": { "grid_id": "91.7340_26.1730", "temperature": 33.2, "ndvi": 0.53, "priority": "High", "recommended_action": "Tree cover", "cost_estimate": 152068 }, "geometry": { "type": "Polygon", "coordinates": [ [ [ 91.735, 26.173 ], [ 91.735, 26.174 ], [ 91.734, 26.174 ], [ 91.734, 26.173 ], [ 91.735, 26.173 ] ] ] } },
{ "type": "Feature", "properties": { "grid_id": "91.7340_26.1740", "temperature": 37.7, "ndvi": 0.19, "priority": "High", "recommended_action": "Tree cover", "cost_estimate": 127549 }, "geometry": { "type": "Polygon", "coordinates": [ [ [ 91.735, 26.174 ], [ 91.735, 26.175 ], [ 91.734, 26.175 ], [ 91.734, 26.174 ], [ 91.735, 26.174 ] ] ] } },
{ "type": "Feature", "properties": { "grid_id": "91.7340_26.1750", "temperature": 35.2, "ndvi": -0.04, "priority": "High", "recommended_action": "None", "cost_estimate": 176138 }, "geometry": { "type": "Polygon", "coordinates": [ [ [ 91.735, 26.175 ], [ 91.735, 26.176 ], [ 91.734, 26.176 ], [ 91.734, 26.175 ], [ 91.735, 26.175 ] ] ] } },
{ "type": "Feature", "properties": { "grid_id": "91.7340_26.1760", "temperature": 33.7, "ndvi": 0.71, "priority": "High", "recommended_action": "Green park", "cost_estimate": 113755 }, "geometry": { "type": "Polygon", "coordinates": [ [ [ 91.735, 26.176 ], [ 91.735, 26.177 ], [ 91.734, 26.177 ], [ 91.734, 26.176 ], [ 91.735, 26.176 ] ] ] } },
{ "type": "Feature", "properties": { "grid_id": "91.7340_26.1770", "temperature": 39.4, "ndvi": 0.17, "priority": "Medium", "recommended_action": "Tree cover", "cost_estimate": 68786 }, "geometry": { "type": "Polygon", "coordinates": [ [ [ 91.735, 26.177 ], [ 91.735, 26.178 ], [ 91.734, 26.178 ], [ 91.734, 26.177 ], [ 91.735, 26.177 ] ] ] } },
{ "type": "Feature", "properties": { "grid_id": "91.7340_26.1780", "temperature": 41.0, "ndvi": 0.56, "priority": "High", "recommended_action": "None", "cost_estimate": 66012 }, "geometry": { "type": "Polygon", "coordinates": [ [ [ 91.735, 26.178 ], [ 91.735, 26.179 ], [ 91.734, 26.179 ], [ 91.734, 26.178 ], [ 91.735, 26.178 ] ] ] } },
{ "type": "Feature", "properties": { "grid_id": "91.7340_26.1790", "temperature": 37.6, "ndvi": 0.72, "priority": "Medium", "recommended_action": "None", "cost_estimate": 28279 }, "geometry": { "type": "Polygon", "coordinates": [ [ [ 91.735, 26.179 ], [ 91.735, 26.18 ], [ 91.734, 26.18 ], [ 91.734, 26.179 ], [ 91.735, 26.179 ] ] ] } },
{ "type": "Feature", "properties": { "grid_id": "91.7350_26.1500", "temperature": 31.4, "ndvi": 0.37, "priority": "Medium", "recommended_action": "Tree cover", "cost_estimate": 196261 }, "geometry": { "type": "Polygon", "coordinates": [ [ [ 91.736, 26.15 ], [ 91.736, 26.151 ], [ 91.735, 26.151 ], [ 91.735, 26.15 ], [ 91.736, 26.15 ] ] ] } },
{ "type": "Feature", "properties": { "grid_id": "91.7350_26.1510", "temperature": 31.8, "ndvi": 0.41, "priority": "Low", "recommended_action": "Cool roof", "cost_estimate": 26567 }, "geometry": { "type": "Polygon", "coordinates": [ [ [ 91.736, 26.151 ], [ 91.736, 26.152 ], [ 91.735, 26.152 ], [ 91.735, 26.151 ], [ 91.736, 26.151 ] ] ] } },
{ "type": "Feature", "properties": { "grid_id": "91.7350_26.1520", "temperature": 41.6, "ndvi": 0.68, "priority": "Low", "recommended_action": "Green park", "cost_estimate": 182417 }, "geometry": { "type": "Polygon", "coordinates": [ [ [ 91.736, 26.152 ], [ 91.736, 26.153 ], [ 91.735, 26.153 ], [ 91.735, 26.152 ], [ 91.736, 26.152 ] ] ] } },
{ "type": "Feature", "properties": { "grid_id": "91.7350_26.1530", "temperature": 29.8, "ndvi": -0.1, "priority": "Low", "recommended_action": "Green park", "cost_estimate": 166082 }, "geometry": { "type": "Polygon", "coordinates": [ [ [ 91.736, 26.153 ], [ 91.736, 26.154 ], [ 91.735, 26.154 ], [ 91.735, 26.153 ], [ 91.736, 26.153 ] ] ] } },
{ "type": "Feature", "properties": { "grid_id": "91.7350_26.1540", "temperature": 32.1, "ndvi": 0.77, "priority": "Low", "recommended_action": "None", "cost_estimate": 113279 }, "geometry": { "type": "Polygon", "coordinates": [ [ [ 91.736, 26.154 ], [ 91.736, 26.155 ], [ 91.735, 26.155 ], [ 91.735, 26.154 ], [ 91.736, 26.154 ] ] ] } },
{ "type": "Feature", "properties": { "grid_id": "91.7350_26.1550", "temperature": 28.8, "ndvi": 0.22, "priority": "Medium", "recommended_action": "Cool roof", "cost_estimate": 61062 }, "geometry": { "type": "Polygon", "coordinates": [ [ [ 91.736, 26.155 ], [ 91.736, 26.156 ], [ 91.735, 26.156 ], [ 91.735, 26.155 ], [ 91.736, 26.155 ] ] ] } },
{ "type": "Feature", "properties": { "grid_id": "91.7350_26.1560", "temperature": 29.0, "ndvi": 0.73, "priority": "High", "recommended_action": "Tree cover", "cost_estimate": 151957 }, "geometry": { "type": "Polygon", "coordinates": [ [ [ 91.736, 26.156 ], [ 91.736, 26.157 ], [ 91.735, 26.157 ], [ 91.735, 26.156 ], [ 91.736, 26.156 ] ] ] } },
{ "type": "Feature", "properties": { "grid_id": "91.7350_26.1570", "temperature": 35.2, "ndvi": 0.2, "priority": "High", "recommended_action": "None", "cost_estimate": 115595 }, "geometry": { "type": "Polygon", "coordinates": [ [ [ 91.736, 26.157 ], [ 91.736, 26.158 ], [ 91.735, 26.158 ], [ 91.735, 26.157 ], [ 91.736, 26.157 ] ] ] } },
{ "type": "Feature", "properties": { "grid_id": "91.7350_26.1580", "temperature": 34.5, "ndvi": 0.52, "priority": "Medium", "recommended_action": "None", "cost_estimate": 89337 }, "geometry": { "type": "Polygon", "coordinates": [ [ [ 91.736, 26.158 ], [ 91.736, 26.159 ], [ 91.735, 26.159 ], [ 91.735, 26.158 ], [ 91.736, 26.158 ] ] ] } },
{ "type": "Feature", "properties": { "grid_id": "91.7350_26.1590", "temperature": 40.1, "ndvi": 0.18, "priority": "Low", "recommended_action": "Tree cover", "cost_estimate": 152543 }, "geometry": { "type": "Polygon", "coordinates": [ [ [ 91.736, 26.159 ], [ 91.736, 26.16 ], [ 91.735, 26.16 ], [ 91.735, 26.159 ], [ 91.736, 26.159 ] ] ] } },
{ "type": "Feature", "properties": { "grid_id": "91.7350_26.1600", "temperature": 28.3, "ndvi": -0.0, "priority": "Low", "recommended_action": "None", "cost_estimate": 189050 }, "geometry": { "type": "Polygon", "coordinates": [ [ [ 91.736, 26.16 ], [ 91.736, 26.161 ], [ 91.735, 26.161 ], [ 91.735, 26.16 ], [ 91.736, 26.16 ] ] ] } },
{ "type": "Feature", "properties": { "grid_id": "91.7350_26.1610", "temperature": 28.6, "ndvi": -0.03, "priority": "Medium", "recommended_action": "Green park", "cost_estimate": 97365 }, "geometry": { "type": "Polygon", "coordinates": [ [ [ 91.736, 26.161 ], [ 91.736, 26.162 ], [ 91.735, 26.162 ], [ 91.735, 26.161 ], [ 91.736, 26.161 ] ] ] } },
{ "type": "Feature", "properties": { "grid_id": "91.7350_26.1620", "temperature": 40.6, "ndvi": 0.55, "priority": "High", "recommended_action": "Green park", "cost_estimate": 48536 }, "geometry": { "type": "Polygon", "coordinates": [ [ [ 91.736, 26.162 ], [ 91.736, 26.163 ], [ 91.735, 26.163 ], [ 91.735, 26.162 ], [ 91.736, 26.162 ] ] ] } },
{ "type": "Feature", "properties": { "grid_id": "91.7350_26.1630", "temperature": 38.4, "ndvi": 0.69, "priority": "Medium", "recommended_action": "Cool roof", "cost_estimate": 139281 }, "geometry": { "type": "Polygon", "coordinates": [ [ [ 91.736, 26.163 ], [ 91.736, 26.164 ], [ 91.735, 26.164 ], [ 91.735, 26.163 ], [ 91.736, 26.163 ] ] ] } },
{ "type": "Feature", "properties": { "grid_id": "91.7350_26.1640", "temperature": 31.5, "ndvi": 0.38, "priority": "Low", "recommended_action": "Green park", "cost_estimate": 192388 }, "geometry": { "type": "Polygon", "coordinates": [ [ [ 91.736, 26.164 ], [ 91.736, 26.165 ], [ 91.735, 26.165 ], [ 91.735, 26.164 ], [ 91.736, 26.164 ] ] ] } },
{ "type": "Feature", "properties": { "grid_id": "91.7350_26.1650", "temperature": 41.8, "ndvi": 0.27, "priority": "Medium", "recommended_action": "Cool roof", "cost_estimate": 72340 }, "geometry": { "type": "Polygon", "coordinates": [ [ [ 91.736, 26.165 ], [ 91.736, 26.166 ], [ 91.735, 26.166 ], [ 91.735, 26.165 ], [ 91.736, 26.165 ] ] ] } },
{ "type": "Feature", "properties": { "grid_id": "91.7350_26.1660", "temperature": 31.5, "ndvi": -0.03, "priority": "High", "recommended_action": "Cool roof", "cost_estimate": 65925 }, "geometry": { "type": "Polygon", "coordinates": [ [ [ 91.736, 26.166 ], [ 91.736, 26.167 ], [ 91.735, 26.167 ], [ 91.735, 26.166 ], [ 91.736, 26.166 ] ] ] } },
{ "type": "Feature", "properties": { "grid_id": "91.7350_26.1670", "temperature": 36.7, "ndvi": 0.75, "priority": "Medium", "recommended_action": "None", "cost_estimate": 189433 }, "geometry": { "type": "Polygon", "coordinates": [ [ [ 91.736, 26.167 ], [ 91.736, 26.168 ], [ 91.735, 26.168 ], [ 91.735, 26.167 ], [ 91.736, 26.167 ] ] ] } },
{ "type": "Feature", "properties": { "grid_id": "91.7350_26.1680", "temperature": 38.9, "ndvi": 0.04, "priority": "Medium", "recommended_action": "Tree cover", "cost_estimate": 131974 }, "geometry": { "type": "Polygon", "coordinates": [ [ [ 91.736, 26.168 ], [ 91.736, 26.169 ], [ 91.735, 26.169 ], [ 91.735, 26.168 ], [ 91.736, 26.168 ] ] ] } },
{ "type": "Feature", "properties": { "grid_id": "91.7350_26.1690", "temperature": 35.4, "ndvi": 0.49, "priority": "Medium", "recommended_action": "None", "cost_estimate": 191481 }, "geometry": { "type": "Polygon", "coordinates": [ [ [ 91.736, 26.169 ], [ 91.736, 26.17 ], [ 91.735, 26.17 ], [ 91.735, 26.169 ], [ 91.736, 26.169 ] ] ] } },
{ "type": "Feature", "properties": { "grid_id": "91.7350_26.1700", "temperature": 38.4, "ndvi": 0.43, "priority": "High", "recommended_action": "Tree cover", "cost_estimate": 39854 }, "geometry": { "type": "Polygon", "coordinates": [ [ [ 91.736, 26.17 ], [ 91.736, 26.171 ], [ 91.735, 26.171 ], [ 91.735, 26.17 ], [ 91.736, 26.17 ] ] ] } },
{ "type": "Feature", "properties": { "grid_id": "91.7350_26.1710", "temperature": 41.0, "ndvi": 0.58, "priority": "High", "recommended_action": "Green park", "cost_estimate": 84635 }, "geometry": { "type": "Polygon", "coordinates": [ [ [ 91.736, 26.171 ], [ 91.736, 26.172 ], [ 91.735, 26.172 ], [ 91.735, 26.171 ], [ 91.736, 26.171 ] ] ] } },
{ "type": "Feature", "properties": { "grid_id": "91.7350_26.1720", "temperature": 41.1, "ndvi": 0.21, "priority": "Low", "recommended_action": "Tree cover", "cost_estimate": 20460 }, "geometry": { "type": "Polygon", "coordinates": [ [ [ 91.736, 26.172 ], [ 91.736, 26.173 ], [ 91.735, 26.173 ], [ 91.735, 26.172 ], [ 91.736, 26.172 ] ] ] } },
{ "type": "Feature", "properties": { "grid_id": "91.7350_26.1730", "temperature": 37.6, "ndvi": -0.07, "priority": "Low", "recommended_action": "Green park", "cost_estimate": 132124 }, "geometry": { "type": "Polygon", "coordinates": [ [ [ 91.736, 26.173 ], [ 91.736, 26.174 ], [ 91.735, 26.174 ], [ 91.735, 26.173 ], [ 91.736, 26.173 ] ] ] } },
{ "type": "Feature", "properties": { "grid_id": "91.7350_26.1740", "temperature": 31.8, "ndvi": 0.29, "priority": "Low", "recommended_action": "Green park", "cost_estimate": 39397 }, "geometry": { "type": "Polygon", "coordinates": [ [ [ 91.736, 26.174 ], [ 91.736, 26.175 ], [ 91.735, 26.175 ], [ 91.735, 26.174 ], [ 91.736, 26.174 ] ] ] } },
{ "type": "Feature", "properties": { "grid_id": "91.7350_26.1750", "temperature": 32.5, "ndvi": -0.04, "priority": "High", "recommended_action": "Tree cover", "cost_estimate": 127172 }, "geometry": { "type": "Polygon", "coordinates": [ [ [ 91.736, 26.175 ], [ 91.736, 26.176 ], [ 91.735, 26.176 ], [ 91.735, 26.175 ], [ 91.736, 26.175 ] ] ] } },
{ "type": "Feature", "properties": { "grid_id": "91.7350_26.1760", "temperature": 28.5, "ndvi": -0.04, "priority": "High", "recommended_action": "Tree cover", "cost_estimate": 124402 }, "geometry": { "type": "Polygon", "coordinates": [ [ [ 91.736, 26.176 ], [ 91.736, 26.177 ], [ 91.735, 26.177 ], [ 91.735, 26.176 ], [ 91.736, 26.176 ] ] ] } },
{ "type": "Feature", "properties": { "grid_id": "91.7350_26.1770", "temperature": 40.8, "ndvi": 0.31, "priority": "Medium", "recommended_action": "Cool roof", "cost_estimate": 92695 }, "geometry": { "type": "Polygon", "coordinates": [ [ [ 91.736, 26.177 ], [ 91.736, 26.178 ], [ 91.735, 26.178 ], [ 91.735, 26.177 ], [ 91.736, 26.177 ] ] ] } },
{ "type": "Feature", "properties": { "grid_id": "91.7350_26.1780", "temperature": 32.3, "ndvi": 0.36, "priority": "Medium", "recommended_action": "Cool roof", "cost_estimate": 97980 }, "geometry": { "type": "Polygon", "coordinates": [ [ [ 91.736, 26.178 ], [ 91.736, 26.179 ], [ 91.735, 26.179 ], [ 91.735, 26.178 ], [ 91.736, 26.178 ] ] ] } },
{ "type": "Feature", "properties": { "grid_id": "91.7350_26.1790", "temperature": 28.1, "ndvi": 0.31, "priority": "High", "recommended_action": "Green park", "cost_estimate": 183079 }, "geometry": { "type": "Polygon", "coordinates": [ [ [ 91.736, 26.179 ], [ 91.736, 26.18 ], [ 91.735, 26.18 ], [ 91.735, 26.179 ], [ 91.736, 26.179 ] ] ] } },
{ "type": "Feature", "properties": { "grid_id": "91.7360_26.1500", "temperature": 30.9, "ndvi": 0.62, "priority": "High", "recommended_action": "Green park", "cost_estimate": 54681 }, "geometry": { "type": "Polygon", "coordinates": [ [ [ 91.737, 26.15 ], [ 91.737, 26.151 ], [ 91.736, 26.151 ], [ 91.736, 26.15 ], [ 91.737, 26.15 ] ] ] } },
{ "type": "Feature", "properties": { "grid_id": "91.7360_26.1510", "temperature": 39.4, "ndvi": 0.69, "priority": "High", "recommended_action": "Green park", "cost_estimate": 129029 }, "geometry": { "type": "Polygon", "coordinates": [ [ [ 91.737, 26.151 ], [ 91.737, 26.152 ], [ 91.736, 26.152 ], [ 91.736, 26.151 ], [ 91.737, 26.151 ] ] ] } },
{ "type": "Feature", "properties": { "grid_id": "91.7360_26.1520", "temperature": 31.4, "ndvi": 0.54, "priority": "High", "recommended_action": "Green park", "cost_estimate": 21749 }, "geometry": { "type": "Polygon", "coordinates": [ [ [ 91.737, 26.152 ], [ 91.737, 26.153 ], [ 91.736, 26.153 ], [ 91.736, 26.152 ], [ 91.737, 26.152 ] ] ] } },
{ "type": "Feature", "properties": { "grid_id": "91.7360_26.1530", "temperature": 28.6, "ndvi": -0.03, "priority": "Medium", "recommended_action": "Tree cover", "cost_estimate": 99367 }, "geometry": { "type": "Polygon", "coordinates": [ [ [ 91.737, 26.153 ], [ 91.737, 26.154 ], [ 91.736, 26.154 ], [ 91.736, 26.153 ], [ 91.737, 26.153 ] ] ] } },
{ "type": "Feature", "properties": { "grid_id": "91.7360_26.1540", "temperature": 34.9, "ndvi": 0.62, "priority": "Low", "recommended_action": "Tree cover", "cost_estimate": 69766 }, "geometry": { "type": "Polygon", "coordinates": [ [ [ 91.737, 26.154 ], [ 91.737, 26.155 ], [ 91.736, 26.155 ], [ 91.736, 26.154 ], [ 91.737, 26.154 ] ] ] } },
{ "type": "Feature", "properties": { "grid_id": "91.7360_26.1550", "temperature": 40.4, "ndvi": 0.47, "priority": "High", "recommended_action": "Cool roof", "cost_estimate": 33599 }, "geometry": { "type": "Polygon", "coordinates": [ [ [ 91.737, 26.155 ], [ 91.737, 26.156 ], [ 91.736, 26.156 ], [ 91.736, 26.155 ], [ 91.737, 26.155 ] ] ] } },
{ "type": "Feature", "properties": { "grid_id": "91.7360_26.1560", "temperature": 28.7, "ndvi": 0.38, "priority": "High", "recommended_action": "None", "cost_estimate": 103409 }, "geometry": { "type": "Polygon", "coordinates": [ [ [ 91.737, 26.156 ], [ 91.737, 26.157 ], [ 91.736, 26.157 ], [ 91.736, 26.156 ], [ 91.737, 26.156 ] ] ] } },
{ "type": "Feature", "properties": { "grid_id": "91.7360_26.1570", "temperature": 30.2, "ndvi": 0.07, "priority": "Medium", "recommended_action": "None", "cost_estimate": 188964 }, "geometry": { "type": "Polygon", "coordinates": [ [ [ 91.737, 26.157 ], [ 91.737, 26.158 ], [ 91.736, 26.158 ], [ 91.736, 26.157 ], [ 91.737, 26.157 ] ] ] } },
{ "type": "Feature", "properties": { "grid_id": "91.7360_26.1580", "temperature": 31.0, "ndvi": 0.63, "priority": "High", "recommended_action": "Cool roof", "cost_estimate": 172270 }, "geometry": { "type": "Polygon", "coordinates": [ [ [ 91.737, 26.158 ], [ 91.737, 26.159 ], [ 91.736, 26.159 ], [ 91.736, 26.158 ], [ 91.737, 26.158 ] ] ] } },
{ "type": "Feature", "properties": { "grid_id": "91.7360_26.1590", "temperature": 34.5, "ndvi": -0.0, "priority": "Medium", "recommended_action": "Tree cover", "cost_estimate": 101967 }, "geometry": { "type": "Polygon", "coordinates": [ [ [ 91.737, 26.159 ], [ 91.737, 26.16 ], [ 91.736, 26.16 ], [ 91.736, 26.159 ], [ 91.737, 26.159 ] ] ] } },
{ "type": "Feature", "properties": { "grid_id": "91.7360_26.1600", "temperature": 33.1, "ndvi": 0.14, "priority": "High", "recommended_action": "Cool roof", "cost_estimate": 50728 }, "geometry": { "type": "Polygon", "coordinates": [ [ [ 91.737, 26.16 ], [ 91.737, 26.161 ], [ 91.736, 26.161 ], [ 91.736, 26.16 ], [ 91.737, 26.16 ] ] ] } },
{ "type": "Feature", "properties": { "grid_id": "91.7360_26.1610", "temperature": 31.4, "ndvi": 0.18, "priority": "Medium", "recommended_action": "None", "cost_estimate": 59368 }, "geometry": { "type": "Polygon", "coordinates": [ [ [ 91.737, 26.161 ], [ 91.737, 26.162 ], [ 91.736, 26.162 ], [ 91.736, 26.161 ], [ 91.737, 26.161 ] ] ] } },
{ "type": "Feature", "properties": { "grid_id": "91.7360_26.1620", "temperature": 34.4, "ndvi": 0.24, "priority": "High", "recommended_action": "Cool roof", "cost_estimate": 115760 }, "geometry": { "type": "Polygon", "coordinates": [ [ [ 91.737, 26.162 ], [ 91.737, 26.163 ], [ 91.736, 26.163 ], [ 91.736, 26.162 ], [ 91.737, 26.162 ] ] ] } },
{ "type": "Feature", "properties": { "grid_id": "91.7360_26.1630", "temperature": 28.5, "ndvi": 0.4, "priority": "Low", "recommended_action": "Green park", "cost_estimate": 158490 }, "geometry": { "type": "Polygon", "coordinates": [ [ [ 91.737, 26.163 ], [ 91.737, 26.164 ], [ 91.736, 26.164 ], [ 91.736, 26.163 ], [ 91.737, 26.163 ] ] ] } },
{ "type": "Feature", "properties": { "grid_id": "91.7360_26.1640", "temperature": 38.0, "ndvi": 0.07, "priority": "High", "recommended_action": "Tree cover", "cost_estimate": 84803 }, "geometry": { "type": "Polygon", "coordinates": [ [ [ 91.737, 26.164 ], [ 91.737, 26.165 ], [ 91.736, 26.165 ], [ 91.736, 26.164 ], [ 91.737, 26.164 ] ] ] } },
{ "type": "Feature", "properties": { "grid_id": "91.7360_26.1650", "temperature": 33.7, "ndvi": 0.32, "priority": "High", "recommended_action": "Green park", "cost_estimate": 178956 }, "geometry": { "type": "Polygon", "coordinates": [ [ [ 91.737, 26.165 ], [ 91.737, 26.166 ], [ 91.736, 26.166 ], [ 91.736, 26.165 ], [ 91.737, 26.165 ] ] ] } },
{ "type": "Feature", "properties": { "grid_id": "91.7360_26.1660", "temperature": 28.4, "ndvi": 0.28, "priority": "Medium", "recommended_action": "None", "cost_estimate": 68789 }, "geometry": { "type": "Polygon", "coordinates": [ [ [ 91.737, 26.166 ], [ 91.737, 26.167 ], [ 91.736, 26.167 ], [ 91.736, 26.166 ], [ 91.737, 26.166 ] ] ] } },
{ "type": "Feature", "properties": { "grid_id": "91.7360_26.1670", "temperature": 33.3, "ndvi": 0.67, "priority": "Medium", "recommended_action": "Cool roof", "cost_estimate": 33411 }, "geometry": { "type": "Polygon", "coordinates": [ [ [ 91.737, 26.167 ], [ 91.737, 26.168 ], [ 91.736, 26.168 ], [ 91.736, 26.167 ], [ 91.737, 26.167 ] ] ] } },
{ "type": "Feature", "properties": { "grid_id": "91.7360_26.1680", "temperature": 33.9, "ndvi": 0.5, "priority": "Medium", "recommended_action": "Cool roof", "cost_estimate": 29789 }, "geometry": { "type": "Polygon", "coordinates": [ [ [ 91.737, 26.168 ], [ 91.737, 26.169 ], [ 91.736, 26.169 ], [ 91.736, 26.168 ], [ 91.737, 26.168 ] ] ] } },
{ "type": "Feature", "properties": { "grid_id": "91.7360_26.1690", "temperature": 33.3, "ndvi": 0.71, "priority": "Low", "recommended_action": "Cool roof", "cost_estimate": 56783 }, "geometry": { "type": "Polygon", "coordinates": [ [ [ 91.737, 26.169 ], [ 91.737, 26.17 ], [ 91.736, 26.17 ], [ 91.736, 26.169 ], [ 91.737, 26.169 ] ] ] } },
{ "type": "Feature", "properties": { "grid_id": "91.7360_26.1700", "temperature": 33.5, "ndvi": 0.74, "priority": "Medium", "recommended_action": "Tree cover", "cost_estimate": 30153 }, "geometry": { "type": "Polygon", "coordinates": [ [ [ 91.737, 26.17 ], [ 91.737, 26.171 ], [ 91.736, 26.171 ], [ 91.736, 26.17 ], [ 91.737, 26.17 ] ] ] } },
{ "type": "Feature", "properties": { "grid_id": "91.7360_26.1710", "temperature": 38.3, "ndvi": -0.07, "priority": "Low", "recommended_action": "Tree cover", "cost_estimate": 40104 }, "geometry": { "type": "Polygon", "coordinates": [ [ [ 91.737, 26.171 ], [ 91.737, 26.172 ], [ 91.736, 26.172 ], [ 91.736, 26.171 ], [ 91.737, 26.171 ] ] ] } },
{ "type": "Feature", "properties": { "grid_id": "91.7360_26.1720", "temperature": 29.6, "ndvi": 0.69, "priority": "High", "recommended_action": "Cool roof", "cost_estimate": 143699 }, "geometry": { "type": "Polygon", "coordinates": [ [ [ 91.737, 26.172 ], [ 91.737, 26.173 ], [ 91.736, 26.173 ], [ 91.736, 26.172 ], [ 91.737, 26.172 ] ] ] } },
{ "type": "Feature", "properties": { "grid_id": "91.7360_26.1730", "temperature": 35.9, "ndvi": 0.02, "priority": "Medium", "recommended_action": "Tree cover", "cost_estimate": 182707 }, "geometry": { "type": "Polygon", "coordinates": [ [ [ 91.737, 26.173 ], [ 91.737, 26.174 ], [ 91.736, 26.174 ], [ 91.736, 26.173 ], [ 91.737, 26.173 ] ] ] } },
{ "type": "Feature", "properties": { "grid_id": "91.7360_26.1740", "temperature": 36.1, "ndvi": 0.12, "priority": "High", "recommended_action": "Tree cover", "cost_estimate": 86857 }, "geometry": { "type": "Polygon", "coordinates": [ [ [ 91.737, 26.174 ], [ 91.737, 26.175 ], [ 91.736, 26.175 ], [ 91.736, 26.174 ], [ 91.737, 26.174 ] ] ] } },
{ "type": "Feature", "properties": { "grid_id": "91.7360_26.1750", "temperature": 38.3, "ndvi": 0.57, "priority": "Medium", "recommended_action": "Cool roof", "cost_estimate": 72700 }, "geometry": { "type": "Polygon", "coordinates": [ [ [ 91.737, 26.175 ], [ 91.737, 26.176 ], [ 91.736, 26.176 ], [ 91.736, 26.175 ], [ 91.737, 26.175 ] ] ] } },
{ "type": "Feature", "properties": { "grid_id": "91.7360_26.1760", "temperature": 36.7, "ndvi": -0.04, "priority": "Medium", "recommended_action": "None", "cost_estimate": 86722 }, "geometry": { "type": "Polygon", "coordinates": [ [ [ 91.737, 26.176 ], [ 91.737, 26.177 ], [ 91.736, 26.177 ], [ 91.736, 26.176 ], [ 91.737, 26.176 ] ] ] } },
{ "type": "Feature", "properties": { "grid_id": "91.7360_26.1770", "temperature": 40.5, "ndvi": 0.41, "priority": "Medium", "recommended_action": "Tree cover", "cost_estimate": 189232 }, "geometry": { "type": "Polygon", "coordinates": [ [ [ 91.737, 26.177 ], [ 91.737, 26.178 ], [ 91.736, 26.178 ], [ 91.736, 26.177 ], [ 91.737, 26.177 ] ] ] } },
{ "type": "Feature", "properties": { "grid_id": "91.7360_26.1780", "temperature": 39.2, "ndvi": 0.75, "priority": "Medium", "recommended_action": "Tree cover", "cost_estimate": 93555 }, "geometry": { "type": "Polygon", "coordinates": [ [ [ 91.737, 26.178 ], [ 91.737, 26.179 ], [ 91.736, 26.179 ], [ 91.736, 26.178 ], [ 91.737, 26.178 ] ] ] } },
{ "type": "Feature", "properties": { "grid_id": "91.7360_26.1790", "temperature": 40.6, "ndvi": 0.51, "priority": "Low", "recommended_action": "Green park", "cost_estimate": 106207 }, "geometry": { "type": "Polygon", "coordinates": [ [ [ 91.737, 26.179 ], [ 91.737, 26.18 ], [ 91.736, 26.18 ], [ 91.736, 26.179 ], [ 91.737, 26.179 ] ] ] } },
{ "type": "Feature", "properties": { "grid_id": "91.7370_26.1500", "temperature": 34.0, "ndvi": 0.22, "priority": "Medium", "recommended_action": "Tree cover", "cost_estimate": 11961 }, "geometry": { "type": "Polygon", "coordinates": [ [ [ 91.738, 26.15 ], [ 91.738, 26.151 ], [ 91.737, 26.151 ], [ 91.737, 26.15 ], [ 91.738, 26.15 ] ] ] } },
{ "type": "Feature", "properties": { "grid_id": "91.7370_26.1510", "temperature": 40.5, "ndvi": 0.44, "priority": "Medium", "recommended_action": "Tree cover", "cost_estimate": 71370 }, "geometry": { "type": "Polygon", "coordinates": [ [ [ 91.738, 26.151 ], [ 91.738, 26.152 ], [ 91.737, 26.152 ], [ 91.737, 26.151 ], [ 91.738, 26.151 ] ] ] } },
{ "type": "Feature", "properties": { "grid_id": "91.7370_26.1520", "temperature": 41.4, "ndvi": 0.11, "priority": "Medium", "recommended_action": "Cool roof", "cost_estimate": 128673 }, "geometry": { "type": "Polygon", "coordinates": [ [ [ 91.738, 26.152 ], [ 91.738, 26.153 ], [ 91.737, 26.153 ], [ 91.737, 26.152 ], [ 91.738, 26.152 ] ] ] } },
{ "type": "Feature", "properties": { "grid_id": "91.7370_26.1530", "temperature": 31.6, "ndvi": 0.0, "priority": "Medium", "recommended_action": "Cool roof", "cost_estimate": 138758 }, "geometry": { "type": "Polygon", "coordinates": [ [ [ 91.738, 26.153 ], [ 91.738, 26.154 ], [ 91.737, 26.154 ], [ 91.737, 26.153 ], [ 91.738, 26.153 ] ] ] } },
{ "type": "Feature", "properties": { "grid_id": "91.7370_26.1540", "temperature": 39.1, "ndvi": 0.77, "priority": "High", "recommended_action": "None", "cost_estimate": 124431 }, "geometry": { "type": "Polygon", "coordinates": [ [ [ 91.738, 26.154 ], [ 91.738, 26.155 ], [ 91.737, 26.155 ], [ 91.737, 26.154 ], [ 91.738, 26.154 ] ] ] } },
{ "type": "Feature", "properties": { "grid_id": "91.7370_26.1550", "temperature": 28.6, "ndvi": 0.12, "priority": "High", "recommended_action": "Green park", "cost_estimate": 60463 }, "geometry": { "type": "Polygon", "coordinates": [ [ [ 91.738, 26.155 ], [ 91.738, 26.156 ], [ 91.737, 26.156 ], [ 91.737, 26.155 ], [ 91.738, 26.155 ] ] ] } },
{ "type": "Feature", "properties": { "grid_id": "91.7370_26.1560", "temperature": 40.9, "ndvi": 0.77, "priority": "High", "recommended_action": "Cool roof", "cost_estimate": 29446 }, "geometry": { "type": "Polygon", "coordinates": [ [ [ 91.738, 26.156 ], [ 91.738, 26.157 ], [ 91.737, 26.157 ], [ 91.737, 26.156 ], [ 91.738, 26.156 ] ] ] } },
{ "type": "Feature", "properties": { "grid_id": "91.7370_26.1570", "temperature": 33.0, "ndvi": 0.31, "priority": "High", "recommended_action": "Green park", "cost_estimate": 21462 }, "geometry": { "type": "Polygon", "coordinates": [ [ [ 91.738, 26.157 ], [ 91.738, 26.158 ], [ 91.737, 26.158 ], [ 91.737, 26.157 ], [ 91.738, 26.157 ] ] ] } },
{ "type": "Feature", "properties": { "grid_id": "91.7370_26.1580", "temperature": 33.3, "ndvi": -0.04, "priority": "Low", "recommended_action": "Cool roof", "cost_estimate": 140262 }, "geometry": { "type": "Polygon", "coordinates": [ [ [ 91.738, 26.158 ], [ 91.738, 26.159 ], [ 91.737, 26.159 ], [ 91.737, 26.158 ], [ 91.738, 26.158 ] ] ] } },
{ "type": "Feature", "properties": { "grid_id": "91.7370_26.1590", "temperature": 40.5, "ndvi": 0.06, "priority": "Low", "recommended_action": "Cool roof", "cost_estimate": 136956 }, "geometry": { "type": "Polygon", "coordinates": [ [ [ 91.738, 26.159 ], [ 91.738, 26.16 ], [ 91.737, 26.16 ], [ 91.737, 26.159 ], [ 91.738, 26.159 ] ] ] } },
{ "type": "Feature", "properties": { "grid_id": "91.7370_26.1600", "temperature": 41.3, "ndvi": 0.69, "priority": "Low", "recommended_action": "Cool roof", "cost_estimate": 120818 }, "geometry": { "type": "Polygon", "coordinates": [ [ [ 91.738, 26.16 ], [ 91.738, 26.161 ], [ 91.737, 26.161 ], [ 91.737, 26.16 ], [ 91.738, 26.16 ] ] ] } },
{ "type": "Feature", "properties": { "grid_id": "91.7370_26.1610", "temperature": 36.7, "ndvi": 0.72, "priority": "Medium", "recommended_action": "Tree cover", "cost_estimate": 18572 }, "geometry": { "type": "Polygon", "coordinates": [ [ [ 91.738, 26.161 ], [ 91.738, 26.162 ], [ 91.737, 26.162 ], [ 91.737, 26.161 ], [ 91.738, 26.161 ] ] ] } },
{ "type": "Feature", "properties": { "grid_id": "91.7370_26.1620", "temperature": 35.3, "ndvi": 0.04, "priority": "Medium", "recommended_action": "Tree cover", "cost_estimate": 48371 }, "geometry": { "type": "Polygon", "coordinates": [ [ [ 91.738, 26.162 ], [ 91.738, 26.163 ], [ 91.737, 26.163 ], [ 91.737, 26.162 ], [ 91.738, 26.162 ] ] ] } },
{ "type": "Feature", "properties": { "grid_id": "91.7370_26.1630", "temperature": 33.0, "ndvi": -0.01, "priority": "Low", "recommended_action": "None", "cost_estimate": 21924 }, "geometry": { "type": "Polygon", "coordinates": [ [ [ 91.738, 26.163 ], [ 91.738, 26.164 ], [ 91.737, 26.164 ], [ 91.737, 26.163 ], [ 91.738, 26.163 ] ] ] } },
{ "type": "Feature", "properties": { "grid_id": "91.7370_26.1640", "temperature": 35.0, "ndvi": 0.66, "priority": "Low", "recommended_action": "None", "cost_estimate": 142209 }, "geometry": { "type": "Polygon", "coordinates": [ [ [ 91.738, 26.164 ], [ 91.738, 26.165 ], [ 91.737, 26.165 ], [ 91.737, 26.164 ], [ 91.738, 26.164 ] ] ] } },
{ "type": "Feature", "properties": { "grid_id": "91.7370_26.1650", "temperature": 31.0, "ndvi": 0.09, "priority": "Low", "recommended_action": "Tree cover", "cost_estimate": 30892 }, "geometry": { "type": "Polygon", "coordinates": [ [ [ 91.738, 26.165 ], [ 91.738, 26.166 ], [ 91.737, 26.166 ], [ 91.737, 26.165 ], [ 91.738, 26.165 ] ] ] } },
{ "type": "Feature", "properties": { "grid_id": "91.7370_26.1660", "temperature": 38.3, "ndvi": -0.1, "priority": "Low", "recommended_action": "None", "cost_estimate": 105143 }, "geometry": { "type": "Polygon", "coordinates": [ [ [ 91.738, 26.166 ], [ 91.738, 26.167 ], [ 91.737, 26.167 ], [ 91.737, 26.166 ], [ 91.738, 26.166 ] ] ] } },
{ "type": "Feature", "properties": { "grid_id": "91.7370_26.1670", "temperature": 34.6, "ndvi": 0.75, "priority": "Medium", "recommended_action": "Cool roof", "cost_estimate": 139600 }, "geometry": { "type": "Polygon", "coordinates": [ [ [ 91.738, 26.167 ], [ 91.738, 26.168 ], [ 91.737, 26.168 ], [ 91.737, 26.167 ], [ 91.738, 26.167 ] ] ] } },
{ "type": "Feature", "properties": { "grid_id": "91.7370_26.1680", "temperature": 42.0, "ndvi": 0.71, "priority": "Medium", "recommended_action": "None", "cost_estimate": 24321 }, "geometry": { "type": "Polygon", "coordinates": [ [ [ 91.738, 26.168 ], [ 91.738, 26.169 ], [ 91.737, 26.169 ], [ 91.737, 26.168 ], [ 91.738, 26.168 ] ] ] } },
{ "type": "Feature", "properties": { "grid_id": "91.7370_26.1690", "temperature": 36.9, "ndvi": -0.04, "priority": "Medium", "recommended_action": "None", "cost_estimate": 129280 }, "geometry": { "type": "Polygon", "coordinates": [ [ [ 91.738, 26.169 ], [ 91.738, 26.17 ], [ 91.737, 26.17 ], [ 91.737, 26.169 ], [ 91.738, 26.169 ] ] ] } },
{ "type": "Feature", "properties": { "grid_id": "91.7370_26.1700", "temperature": 32.2, "ndvi": -0.01, "priority": "Low", "recommended_action": "Cool roof", "cost_estimate": 93751 }, "geometry": { "type": "Polygon", "coordinates": [ [ [ 91.738, 26.17 ], [ 91.738, 26.171 ], [ 91.737, 26.171 ], [ 91.737, 26.17 ], [ 91.738, 26.17 ] ] ] } },
{ "type": "Feature", "properties": { "grid_id": "91.7370_26.1710", "temperature": 38.8, "ndvi": 0.79, "priority": "Medium", "recommended_action": "Tree cover", "cost_estimate": 84253 }, "geometry": { "type": "Polygon", "coordinates": [ [ [ 91.738, 26.171 ], [ 91.738, 26.172 ], [ 91.737, 26.172 ], [ 91.737, 26.171 ], [ 91.738, 26.171 ] ] ] } },
{ "type": "Feature", "properties": { "grid_id": "91.7370_26.1720", "temperature": 36.1, "ndvi": 0.71, "priority": "Low", "recommended_action": "Cool roof", "cost_estimate": 67543 }, "geometry": { "type": "Polygon", "coordinates": [ [ [ 91.738, 26.172 ], [ 91.738, 26.173 ], [ 91.737, 26.173 ], [ 91.737, 26.172 ], [ 91.738, 26.172 ] ] ] } },
{ "type": "Feature", "properties": { "grid_id": "91.7370_26.1730", "temperature": 31.5, "ndvi": 0.6, "priority": "Medium", "recommended_action": "Cool roof", "cost_estimate": 108116 }, "geometry": { "type": "Polygon", "coordinates": [ [ [ 91.738, 26.173 ], [ 91.738, 26.174 ], [ 91.737, 26.174 ], [ 91.737, 26.173 ], [ 91.738, 26.173 ] ] ] } },
{ "type": "Feature", "properties": { "grid_id": "91.7370_26.1740", "temperature": 41.1, "ndvi": 0.08, "priority": "High", "recommended_action": "Green park", "cost_estimate": 107203 }, "geometry": { "type": "Polygon", "coordinates": [ [ [ 91.738, 26.174 ], [ 91.738, 26.175 ], [ 91.737, 26.175 ], [ 91.737, 26.174 ], [ 91.738, 26.174 ] ] ] } },
{ "type": "Feature", "properties": { "grid_id": "91.7370_26.1750", "temperature": 30.0, "ndvi": 0.6, "priority": "High", "recommended_action": "Cool roof", "cost_estimate": 75131 }, "geometry": { "type": "Polygon", "coordinates": [ [ [ 91.738, 26.175 ], [ 91.738, 26.176 ], [ 91.737, 26.176 ], [ 91.737, 26.175 ], [ 91.738, 26.175 ] ] ] } },
{ "type": "Feature", "properties": { "grid_id": "91.7370_26.1760", "temperature": 28.8, "ndvi": 0.19, "priority": "Low", "recommended_action": "None", "cost_estimate": 87648 }, "geometry": { "type": "Polygon", "coordinates": [ [ [ 91.738, 26.176 ], [ 91.738, 26.177 ], [ 91.737, 26.177 ], [ 91.737, 26.176 ], [ 91.738, 26.176 ] ] ] } },
{ "type": "Feature", "properties": { "grid_id": "91.7370_26.1770", "temperature": 34.8, "ndvi": 0.11, "priority": "High", "recommended_action": "None", "cost_estimate": 168152 }, "geometry": { "type": "Polygon", "coordinates": [ [ [ 91.738, 26.177 ], [ 91.738, 26.178 ], [ 91.737, 26.178 ], [ 91.737, 26.177 ], [ 91.738, 26.177 ] ] ] } },
{ "type": "Feature", "properties": { "grid_id": "91.7370_26.1780", "temperature": 38.3, "ndvi": 0.74, "priority": "High", "recommended_action": "Green park", "cost_estimate": 135001 }, "geometry": { "type": "Polygon", "coordinates": [ [ [ 91.738, 26.178 ], [ 91.738, 26.179 ], [ 91.737, 26.179 ], [ 91.737, 26.178 ], [ 91.738, 26.178 ] ] ] } },
{ "type": "Feature", "properties": { "grid_id": "91.7370_26.1790", "temperature": 42.0, "ndvi": 0.06, "priority": "High", "recommended_action": "Cool roof", "cost_estimate": 46688 }, "geometry": { "type": "Polygon", "coordinates": [ [ [ 91.738, 26.179 ], [ 91.738, 26.18 ], [ 91.737, 26.18 ], [ 91.737, 26.179 ], [ 91.738, 26.179 ] ] ] } },
{ "type": "Feature", "properties": { "grid_id": "91.7380_26.1500", "temperature": 36.2, "ndvi": -0.08, "priority": "High", "recommended_action": "None", "cost_estimate": 193249 }, "geometry": { "type": "Polygon", "coordinates": [ [ [ 91.739, 26.15 ], [ 91.739, 26.151 ], [ 91.738, 26.151 ], [ 91.738, 26.15 ], [ 91.739, 26.15 ] ] ] } },
{ "type": "Feature", "properties": { "grid_id": "91.7380_26.1510", "temperature": 37.1, "ndvi": 0.47, "priority": "High", "recommended_action": "Tree cover", "cost_estimate": 83654 }, "geometry": { "type": "Polygon", "coordinates": [ [ [ 91.739, 26.151 ], [ 91.739, 26.152 ], [ 91.738, 26.152 ], [ 91.738, 26.151 ], [ 91.739, 26.151 ] ] ] } },
{ "type": "Feature", "properties": { "grid_id": "91.7380_26.1520", "temperature": 39.0, "ndvi": 0.65, "priority": "Low", "recommended_action": "Green park", "cost_estimate": 6873 }, "geometry": { "type": "Polygon", "coordinates": [ [ [ 91.739, 26.152 ], [ 91.739, 26.153 ], [ 91.738, 26.153 ], [ 91.738, 26.152 ], [ 91.739, 26.152 ] ] ] } },
{ "type": "Feature", "properties": { "grid_id": "91.7380_26.1530", "temperature": 33.5, "ndvi": 0.1, "priority": "High", "recommended_action": "Tree cover", "cost_estimate": 145557 }, "geometry": { "type": "Polygon", "coordinates": [ [ [ 91.739, 26.153 ], [ 91.739, 26.154 ], [ 91.738, 26.154 ], [ 91.738, 26.153 ], [ 91.739, 26.153 ] ] ] } },
{ "type": "Feature", "properties": { "grid_id": "91.7380_26.1540", "temperature": 38.6, "ndvi": 0.49, "priority": "High", "recommended_action": "Cool roof", "cost_estimate": 95496 }, "geometry": { "type": "Polygon", "coordinates": [ [ [ 91.739, 26.154 ], [ 91.739, 26.155 ], [ 91.738, 26.155 ], [ 91.738, 26.154 ], [ 91.739, 26.154 ] ] ] } },
{ "type": "Feature", "properties": { "grid_id": "91.7380_26.1550", "temperature": 34.4, "ndvi": 0.32, "priority": "High", "recommended_action": "Tree cover", "cost_estimate": 51385 }, "geometry": { "type": "Polygon", "coordinates": [ [ [ 91.739, 26.155 ], [ 91.739, 26.156 ], [ 91.738, 26.156 ], [ 91.738, 26.155 ], [ 91.739, 26.155 ] ] ] } },
{ "type": "Feature", "properties": { "grid_id": "91.7380_26.1560", "temperature": 29.6, "ndvi": 0.51, "priority": "Medium", "recommended_action": "None", "cost_estimate": 54696 }, "geometry": { "type": "Polygon", "coordinates": [ [ [ 91.739, 26.156 ], [ 91.739, 26.157 ], [ 91.738, 26.157 ], [ 91.738, 26.156 ], [ 91.739, 26.156 ] ] ] } },
{ "type": "Feature", "properties": { "grid_id": "91.7380_26.1570", "temperature": 32.0, "ndvi": 0.71, "priority": "High", "recommended_action": "Tree cover", "cost_estimate": 145005 }, "geometry": { "type": "Polygon", "coordinates": [ [ [ 91.739, 26.157 ], [ 91.739, 26.158 ], [ 91.738, 26.158 ], [ 91.738, 26.157 ], [ 91.739, 26.157 ] ] ] } },
{ "type": "Feature", "properties": { "grid_id": "91.7380_26.1580", "temperature": 29.2, "ndvi": 0.12, "priority": "Medium", "recommended_action": "None", "cost_estimate": 53015 }, "geometry": { "type": "Polygon", "coordinates": [ [ [ 91.739, 26.158 ], [ 91.739, 26.159 ], [ 91.738, 26.159 ], [ 91.738, 26.158 ], [ 91.739, 26.158 ] ] ] } },
{ "type": "Feature", "properties": { "grid_id": "91.7380_26.1590", "temperature": 33.2, "ndvi": 0.36, "priority": "High", "recommended_action": "Cool roof", "cost_estimate": 125958 }, "geometry": { "type": "Polygon", "coordinates": [ [ [ 91.739, 26.159 ], [ 91.739, 26.16 ], [ 91.738, 26.16 ], [ 91.738, 26.159 ], [ 91.739, 26.159 ] ] ] } },
{ "type": "Feature", "properties": { "grid_id": "91.7380_26.1600", "temperature": 35.6, "ndvi": 0.07, "priority": "High", "recommended_action": "Cool roof", "cost_estimate": 188004 }, "geometry": { "type": "Polygon", "coordinates": [ [ [ 91.739, 26.16 ], [ 91.739, 26.161 ], [ 91.738, 26.161 ], [ 91.738, 26.16 ], [ 91.739, 26.16 ] ] ] } },
{ "type": "Feature", "properties": { "grid_id": "91.7380_26.1610", "temperature": 40.7, "ndvi": 0.05, "priority": "High", "recommended_action": "Cool roof", "cost_estimate": 113382 }, "geometry": { "type": "Polygon", "coordinates": [ [ [ 91.739, 26.161 ], [ 91.739, 26.162 ], [ 91.738, 26.162 ], [ 91.738, 26.161 ], [ 91.739, 26.161 ] ] ] } },
{ "type": "Feature", "properties": { "grid_id": "91.7380_26.1620", "temperature": 34.0, "ndvi": 0.58, "priority": "Medium", "recommended_action": "Cool roof", "cost_estimate": 167554 }, "geometry": { "type": "Polygon", "coordinates": [ [ [ 91.739, 26.162 ], [ 91.739, 26.163 ], [ 91.738, 26.163 ], [ 91.738, 26.162 ], [ 91.739, 26.162 ] ] ] } },
{ "type": "Feature", "properties": { "grid_id": "91.7380_26.1630", "temperature": 40.5, "ndvi": 0.74, "priority": "Low", "recommended_action": "Green park", "cost_estimate": 186977 }, "geometry": { "type": "Polygon", "coordinates": [ [ [ 91.739, 26.163 ], [ 91.739, 26.164 ], [ 91.738, 26.164 ], [ 91.738, 26.163 ], [ 91.739, 26.163 ] ] ] } },
{ "type": "Feature", "properties": { "grid_id": "91.7380_26.1640", "temperature": 37.2, "ndvi": 0.16, "priority": "Medium", "recommended_action": "Green park", "cost_estimate": 25578 }, "geometry": { "type": "Polygon", "coordinates": [ [ [ 91.739, 26.164 ], [ 91.739, 26.165 ], [ 91.738, 26.165 ], [ 91.738, 26.164 ], [ 91.739, 26.164 ] ] ] } },
{ "type": "Feature", "properties": { "grid_id": "91.7380_26.1650", "temperature": 35.5, "ndvi": 0.34, "priority": "Medium", "recommended_action": "None", "cost_estimate": 91259 }, "geometry": { "type": "Polygon", "coordinates": [ [ [ 91.739, 26.165 ], [ 91.739, 26.166 ], [ 91.738, 26.166 ], [ 91.738, 26.165 ], [ 91.739, 26.165 ] ] ] } },
{ "type": "Feature", "properties": { "grid_id": "91.7380_26.1660", "temperature": 30.8, "ndvi": 0.03, "priority": "Medium", "recommended_action": "Green park", "cost_estimate": 61818 }, "geometry": { "type": "Polygon", "coordinates": [ [ [ 91.739, 26.166 ], [ 91.739, 26.167 ], [ 91.738, 26.167 ], [ 91.738, 26.166 ], [ 91.739, 26.166 ] ] ] } },
{ "type": "Feature", "properties": { "grid_id": "91.7380_26.1670", "temperature": 32.2, "ndvi": 0.52, "priority": "Medium", "recommended_action": "Tree cover", "cost_estimate": 198127 }, "geometry": { "type": "Polygon", "coordinates": [ [ [ 91.739, 26.167 ], [ 91.739, 26.168 ], [ 91.738, 26.168 ], [ 91.738, 26.167 ], [ 91.739, 26.167 ] ] ] } },
{ "type": "Feature", "properties": { "grid_id": "91.7380_26.1680", "temperature": 35.5, "ndvi": 0.18, "priority": "High", "recommended_action": "None", "cost_estimate": 124986 }, "geometry": { "type": "Polygon", "coordinates": [ [ [ 91.739, 26.168 ], [ 91.739, 26.169 ], [ 91.738, 26.169 ], [ 91.738, 26.168 ], [ 91.739, 26.168 ] ] ] } },
{ "type": "Feature", "properties": { "grid_id": "91.7380_26.1690", "temperature": 39.7, "ndvi": 0.23, "priority": "Medium", "recommended_action": "Cool roof", "cost_estimate": 141255 }, "geometry": { "type": "Polygon", "coordinates": [ [ [ 91.739, 26.169 ], [ 91.739, 26.17 ], [ 91.738, 26.17 ], [ 91.738, 26.169 ], [ 91.739, 26.169 ] ] ] } },
{ "type": "Feature", "properties": { "grid_id": "91.7380_26.1700", "temperature": 41.2, "ndvi": 0.73, "priority": "Medium", "recommended_action": "None", "cost_estimate": 81879 }, "geometry": { "type": "Polygon", "coordinates": [ [ [ 91.739, 26.17 ], [ 91.739, 26.171 ], [ 91.738, 26.171 ], [ 91.738, 26.17 ], [ 91.739, 26.17 ] ] ] } },
{ "type": "Feature", "properties": { "grid_id": "91.7380_26.1710", "temperature": 29.1, "ndvi": 0.78, "priority": "High", "recommended_action": "None", "cost_estimate": 26389 }, "geometry": { "type": "Polygon", "coordinates": [ [ [ 91.739, 26.171 ], [ 91.739, 26.172 ], [ 91.738, 26.172 ], [ 91.738, 26.171 ], [ 91.739, 26.171 ] ] ] } },
{ "type": "Feature", "properties": { "grid_id": "91.7380_26.1720", "temperature": 37.8, "ndvi": -0.09, "priority": "Low", "recommended_action": "None", "cost_estimate": 168059 }, "geometry": { "type": "Polygon", "coordinates": [ [ [ 91.739, 26.172 ], [ 91.739, 26.173 ], [ 91.738, 26.173 ], [ 91.738, 26.172 ], [ 91.739, 26.172 ] ] ] } },
{ "type": "Feature", "properties": { "grid_id": "91.7380_26.1730", "temperature": 33.7, "ndvi": 0.76, "priority": "Low", "recommended_action": "Cool roof", "cost_estimate": 104355 }, "geometry": { "type": "Polygon", "coordinates": [ [ [ 91.739, 26.173 ], [ 91.739, 26.174 ], [ 91.738, 26.174 ], [ 91.738, 26.173 ], [ 91.739, 26.173 ] ] ] } },
{ "type": "Feature", "properties": { "grid_id": "91.7380_26.1740", "temperature": 40.1, "ndvi": 0.71, "priority": "Medium", "recommended_action": "Tree cover", "cost_estimate": 91689 }, "geometry": { "type": "Polygon", "coordinates": [ [ [ 91.739, 26.174 ], [ 91.739, 26.175 ], [ 91.738, 26.175 ], [ 91.738, 26.174 ], [ 91.739, 26.174 ] ] ] } },
{ "type": "Feature", "properties": { "grid_id": "91.7380_26.1750", "temperature": 40.2, "ndvi": 0.47, "priority": "High", "recommended_action": "None", "cost_estimate": 114508 }, "geometry": { "type": "Polygon", "coordinates": [ [ [ 91.739, 26.175 ], [ 91.739, 26.176 ], [ 91.738, 26.176 ], [ 91.738, 26.175 ], [ 91.739, 26.175 ] ] ] } },
{ "type": "Feature", "properties": { "grid_id": "91.7380_26.1760", "temperature": 36.5, "ndvi": -0.09, "priority": "Low", "recommended_action": "Tree cover", "cost_estimate": 129735 }, "geometry": { "type": "Polygon", "coordinates": [ [ [ 91.739, 26.176 ], [ 91.739, 26.177 ], [ 91.738, 26.177 ], [ 91.738, 26.176 ], [ 91.739, 26.176 ] ] ] } },
{ "type": "Feature", "properties": { "grid_id": "91.7380_26.1770", "temperature": 38.2, "ndvi": 0.41, "priority": "Low", "recommended_action": "Tree cover", "cost_estimate": 14731 }, "geometry": { "type": "Polygon", "coordinates": [ [ [ 91.739, 26.177 ], [ 91.739, 26.178 ], [ 91.738, 26.178 ], [ 91.738, 26.177 ], [ 91.739, 26.177 ] ] ] } },
{ "type": "Feature", "properties": { "grid_id": "91.7380_26.1780", "temperature": 35.4, "ndvi": 0.3, "priority": "Low", "recommended_action": "Tree cover", "cost_estimate": 65844 }, "geometry": { "type": "Polygon", "coordinates": [ [ [ 91.739, 26.178 ], [ 91.739, 26.179 ], [ 91.738, 26.179 ], [ 91.738, 26.178 ], [ 91.739, 26.178 ] ] ] } },
{ "type": "Feature", "properties": { "grid_id": "91.7380_26.1790", "temperature": 39.0, "ndvi": 0.62, "priority": "Low", "recommended_action": "Cool roof", "cost_estimate": 88453 }, "geometry": { "type": "Polygon", "coordinates": [ [ [ 91.739, 26.179 ], [ 91.739, 26.18 ], [ 91.738, 26.18 ], [ 91.738, 26.179 ], [ 91.739, 26.179 ] ] ] } },
{ "type": "Feature", "properties": { "grid_id": "91.7390_26.1500", "temperature": 36.0, "ndvi": 0.72, "priority": "Low", "recommended_action": "Green park", "cost_estimate": 147111 }, "geometry": { "type": "Polygon", "coordinates": [ [ [ 91.74, 26.15 ], [ 91.74, 26.151 ], [ 91.739, 26.151 ], [ 91.739, 26.15 ], [ 91.74, 26.15 ] ] ] } },
{ "type": "Feature", "properties": { "grid_id": "91.7390_26.1510", "temperature": 37.7, "ndvi": 0.46, "priority": "Medium", "recommended_action": "Tree cover", "cost_estimate": 174638 }, "geometry": { "type": "Polygon", "coordinates": [ [ [ 91.74, 26.151 ], [ 91.74, 26.152 ], [ 91.739, 26.152 ], [ 91.739, 26.151 ], [ 91.74, 26.151 ] ] ] } },
{ "type": "Feature", "properties": { "grid_id": "91.7390_26.1520", "temperature": 29.5, "ndvi": 0.48, "priority": "Medium", "recommended_action": "Cool roof", "cost_estimate": 84551 }, "geometry": { "type": "Polygon", "coordinates": [ [ [ 91.74, 26.152 ], [ 91.74, 26.153 ], [ 91.739, 26.153 ], [ 91.739, 26.152 ], [ 91.74, 26.152 ] ] ] } },
{ "type": "Feature", "properties": { "grid_id": "91.7390_26.1530", "temperature": 41.8, "ndvi": 0.39, "priority": "Low", "recommended_action": "Cool roof", "cost_estimate": 82505 }, "geometry": { "type": "Polygon", "coordinates": [ [ [ 91.74, 26.153 ], [ 91.74, 26.154 ], [ 91.739, 26.154 ], [ 91.739, 26.153 ], [ 91.74, 26.153 ] ] ] } },
{ "type": "Feature", "properties": { "grid_id": "91.7390_26.1540", "temperature": 28.1, "ndvi": 0.33, "priority": "High", "recommended_action": "Cool roof", "cost_estimate": 47354 }, "geometry": { "type": "Polygon", "coordinates": [ [ [ 91.74, 26.154 ], [ 91.74, 26.155 ], [ 91.739, 26.155 ], [ 91.739, 26.154 ], [ 91.74, 26.154 ] ] ] } },
{ "type": "Feature", "properties": { "grid_id": "91.7390_26.1550", "temperature": 31.3, "ndvi": 0.5, "priority": "High", "recommended_action": "Tree cover", "cost_estimate": 117009 }, "geometry": { "type": "Polygon", "coordinates": [ [ [ 91.74, 26.155 ], [ 91.74, 26.156 ], [ 91.739, 26.156 ], [ 91.739, 26.155 ], [ 91.74, 26.155 ] ] ] } },
{ "type": "Feature", "properties": { "grid_id": "91.7390_26.1560", "temperature": 34.8, "ndvi": 0.59, "priority": "High", "recommended_action": "Tree cover", "cost_estimate": 93258 }, "geometry": { "type": "Polygon", "coordinates": [ [ [ 91.74, 26.156 ], [ 91.74, 26.157 ], [ 91.739, 26.157 ], [ 91.739, 26.156 ], [ 91.74, 26.156 ] ] ] } },
{ "type": "Feature", "properties": { "grid_id": "91.7390_26.1570", "temperature": 37.9, "ndvi": 0.11, "priority": "Medium", "recommended_action": "Tree cover", "cost_estimate": 109726 }, "geometry": { "type": "Polygon", "coordinates": [ [ [ 91.74, 26.157 ], [ 91.74, 26.158 ], [ 91.739, 26.158 ], [ 91.739, 26.157 ], [ 91.74, 26.157 ] ] ] } },
{ "type": "Feature", "properties": { "grid_id": "91.7390_26.1580", "temperature": 33.0, "ndvi": -0.06, "priority": "Low", "recommended_action": "None", "cost_estimate": 88588 }, "geometry": { "type": "Polygon", "coordinates": [ [ [ 91.74, 26.158 ], [ 91.74, 26.159 ], [ 91.739, 26.159 ], [ 91.739, 26.158 ], [ 91.74, 26.158 ] ] ] } },
{ "type": "Feature", "properties": { "grid_id": "91.7390_26.1590", "temperature": 29.7, "ndvi": -0.05, "priority": "High", "recommended_action": "Tree cover", "cost_estimate": 39581 }, "geometry": { "type": "Polygon", "coordinates": [ [ [ 91.74, 26.159 ], [ 91.74, 26.16 ], [ 91.739, 26.16 ], [ 91.739, 26.159 ], [ 91.74, 26.159 ] ] ] } },
{ "type": "Feature", "properties": { "grid_id": "91.7390_26.1600", "temperature": 34.9, "ndvi": 0.68, "priority": "Low", "recommended_action": "Tree cover", "cost_estimate": 169542 }, "geometry": { "type": "Polygon", "coordinates": [ [ [ 91.74, 26.16 ], [ 91.74, 26.161 ], [ 91.739, 26.161 ], [ 91.739, 26.16 ], [ 91.74, 26.16 ] ] ] } },
{ "type": "Feature", "properties": { "grid_id": "91.7390_26.1610", "temperature": 37.0, "ndvi": 0.41, "priority": "Medium", "recommended_action": "Cool roof", "cost_estimate": 118362 }, "geometry": { "type": "Polygon", "coordinates": [ [ [ 91.74, 26.161 ], [ 91.74, 26.162 ], [ 91.739, 26.162 ], [ 91.739, 26.161 ], [ 91.74, 26.161 ] ] ] } },
{ "type": "Feature", "properties": { "grid_id": "91.7390_26.1620", "temperature": 37.0, "ndvi": 0.3, "priority": "High", "recommended_action": "Green park", "cost_estimate": 107301 }, "geometry": { "type": "Polygon", "coordinates": [ [ [ 91.74, 26.162 ], [ 91.74, 26.163 ], [ 91.739, 26.163 ], [ 91.739, 26.162 ], [ 91.74, 26.162 ] ] ] } },
{ "type": "Feature", "properties": { "grid_id": "91.7390_26.1630", "temperature": 32.2, "ndvi": 0.02, "priority": "Medium", "recommended_action": "Green park", "cost_estimate": 120460 }, "geometry": { "type": "Polygon", "coordinates": [ [ [ 91.74, 26.163 ], [ 91.74, 26.164 ], [ 91.739, 26.164 ], [ 91.739, 26.163 ], [ 91.74, 26.163 ] ] ] } },
{ "type": "Feature", "properties": { "grid_id": "91.7390_26.1640", "temperature": 35.0, "ndvi": 0.13, "priority": "Low", "recommended_action": "Green park", "cost_estimate": 60561 }, "geometry": { "type": "Polygon", "coordinates": [ [ [ 91.74, 26.164 ], [ 91.74, 26.165 ], [ 91.739, 26.165 ], [ 91.739, 26.164 ], [ 91.74, 26.164 ] ] ] } },
{ "type": "Feature", "properties": { "grid_id": "91.7390_26.1650", "temperature": 33.8, "ndvi": -0.09, "priority": "High", "recommended_action": "Tree cover", "cost_estimate": 102741 }, "geometry": { "type": "Polygon", "coordinates": [ [ [ 91.74, 26.165 ], [ 91.74, 26.166 ], [ 91.739, 26.166 ], [ 91.739, 26.165 ], [ 91.74, 26.165 ] ] ] } },
{ "type": "Feature", "properties": { "grid_id": "91.7390_26.1660", "temperature": 31.6, "ndvi": 0.69, "priority": "High", "recommended_action": "Tree cover", "cost_estimate": 30507 }, "geometry": { "type": "Polygon", "coordinates": [ [ [ 91.74, 26.166 ], [ 91.74, 26.167 ], [ 91.739, 26.167 ], [ 91.739, 26.166 ], [ 91.74, 26.166 ] ] ] } },
{ "type": "Feature", "properties": { "grid_id": "91.7390_26.1670", "temperature": 34.8, "ndvi": -0.01, "priority": "High", "recommended_action": "Green park", "cost_estimate": 93123 }, "geometry": { "type": "Polygon", "coordinates": [ [ [ 91.74, 26.167 ], [ 91.74, 26.168 ], [ 91.739, 26.168 ], [ 91.739, 26.167 ], [ 91.74, 26.167 ] ] ] } },
{ "type": "Feature", "properties": { "grid_id": "91.7390_26.1680", "temperature": 41.7, "ndvi": 0.31, "priority": "Low", "recommended_action": "None", "cost_estimate": 30573 }, "geometry": { "type": "Polygon", "coordinates": [ [ [ 91.74, 26.168 ], [ 91.74, 26.169 ], [ 91.739, 26.169 ], [ 91.739, 26.168 ], [ 91.74, 26.168 ] ] ] } },
{ "type": "Feature", "properties": { "grid_id": "91.7390_26.1690", "temperature": 34.2, "ndvi": 0.33, "priority": "Medium", "recommended_action": "Green park", "cost_estimate": 94958 }, "geometry": { "type": "Polygon", "coordinates": [ [ [ 91.74, 26.169 ], [ 91.74, 26.17 ], [ 91.739, 26.17 ], [ 91.739, 26.169 ], [ 91.74, 26.169 ] ] ] } },
{ "type": "Feature", "properties": { "grid_id": "91.7390_26.1700", "temperature": 31.3, "ndvi": 0.52, "priority": "Low", "recommended_action": "Green park", "cost_estimate": 164539 }, "geometry": { "type": "Polygon", "coordinates": [ [ [ 91.74, 26.17 ], [ 91.74, 26.171 ], [ 91.739, 26.171 ], [ 91.739, 26.17 ], [ 91.74, 26.17 ] ] ] } },
{ "type": "Feature", "properties": { "grid_id": "91.7390_26.1710", "temperature": 41.4, "ndvi": 0.41, "priority": "High", "recommended_action": "Tree cover", "cost_estimate": 100626 }, "geometry": { "type": "Polygon", "coordinates": [ [ [ 91.74, 26.171 ], [ 91.74, 26.172 ], [ 91.739, 26.172 ], [ 91.739, 26.171 ], [ 91.74, 26.171 ] ] ] } },
{ "type": "Feature", "properties": { "grid_id": "91.7390_26.1720", "temperature": 37.4, "ndvi": 0.19, "priority": "Low", "recommended_action": "None", "cost_estimate": 15133 }, "geometry": { "type": "Polygon", "coordinates": [ [ [ 91.74, 26.172 ], [ 91.74, 26.173 ], [ 91.739, 26.173 ], [ 91.739, 26.172 ], [ 91.74, 26.172 ] ] ] } },
{ "type": "Feature", "properties": { "grid_id": "91.7390_26.1730", "temperature": 30.9, "ndvi": 0.61, "priority": "High", "recommended_action": "Green park", "cost_estimate": 135760 }, "geometry": { "type": "Polygon", "coordinates": [ [ [ 91.74, 26.173 ], [ 91.74, 26.174 ], [ 91.739, 26.174 ], [ 91.739, 26.173 ], [ 91.74, 26.173 ] ] ] } },
{ "type": "Feature", "properties": { "grid_id": "91.7390_26.1740", "temperature": 36.9, "ndvi": 0.49, "priority": "High", "recommended_action": "Cool roof", "cost_estimate": 77710 }, "geometry": { "type": "Polygon", "coordinates": [ [ [ 91.74, 26.174 ], [ 91.74, 26.175 ], [ 91.739, 26.175 ], [ 91.739, 26.174 ], [ 91.74, 26.174 ] ] ] } },
{ "type": "Feature", "properties": { "grid_id": "91.7390_26.1750", "temperature": 37.6, "ndvi": 0.64, "priority": "Medium", "recommended_action": "Green park", "cost_estimate": 169028 }, "geometry": { "type": "Polygon", "coordinates": [ [ [ 91.74, 26.175 ], [ 91.74, 26.176 ], [ 91.739, 26.176 ], [ 91.739, 26.175 ], [ 91.74, 26.175 ] ] ] } },
{ "type": "Feature", "properties": { "grid_id": "91.7390_26.1760", "temperature": 33.1, "ndvi": 0.34, "priority": "Low", "recommended_action": "Tree cover", "cost_estimate": 143576 }, "geometry": { "type": "Polygon", "coordinates": [ [ [ 91.74, 26.176 ], [ 91.74, 26.177 ], [ 91.739, 26.177 ], [ 91.739, 26.176 ], [ 91.74, 26.176 ] ] ] } },
{ "type": "Feature", "properties": { "grid_id": "91.7390_26.1770", "temperature": 32.9, "ndvi": 0.38, "priority": "Low", "recommended_action": "Cool roof", "cost_estimate": 195686 }, "geometry": { "type": "Polygon", "coordinates": [ [ [ 91.74, 26.177 ], [ 91.74, 26.178 ], [ 91.739, 26.178 ], [ 91.739, 26.177 ], [ 91.74, 26.177 ] ] ] } },
{ "type": "Feature", "properties": { "grid_id": "91.7390_26.1780", "temperature": 41.3, "ndvi": 0.69, "priority": "High", "recommended_action": "Cool roof", "cost_estimate": 84537 }, "geometry": { "type": "Polygon", "coordinates": [ [ [ 91.74, 26.178 ], [ 91.74, 26.179 ], [ 91.739, 26.179 ], [ 91.739, 26.178 ], [ 91.74, 26.178 ] ] ] } },
{ "type": "Feature", "properties": { "grid_id": "91.7390_26.1790", "temperature": 36.6, "ndvi": 0.17, "priority": "Medium", "recommended_action": "None", "cost_estimate": 97133 }, "geometry": { "type": "Polygon", "coordinates": [ [ [ 91.74, 26.179 ], [ 91.74, 26.18 ], [ 91.739, 26.18 ], [ 91.739, 26.179 ], [ 91.74, 26.179 ] ] ] } },
{ "type": "Feature", "properties": { "grid_id": "91.7400_26.1500", "temperature": 35.2, "ndvi": 0.51, "priority": "Low", "recommended_action": "Green park", "cost_estimate": 106929 }, "geometry": { "type": "Polygon", "coordinates": [ [ [ 91.741, 26.15 ], [ 91.741, 26.151 ], [ 91.74, 26.151 ], [ 91.74, 26.15 ], [ 91.741, 26.15 ] ] ] } },
{ "type": "Feature", "properties": { "grid_id": "91.7400_26.1510", "temperature": 39.2, "ndvi": 0.32, "priority": "High", "recommended_action": "Tree cover", "cost_estimate": 192028 }, "geometry": { "type": "Polygon", "coordinates": [ [ [ 91.741, 26.151 ], [ 91.741, 26.152 ], [ 91.74, 26.152 ], [ 91.74, 26.151 ], [ 91.741, 26.151 ] ] ] } },
{ "type": "Feature", "properties": { "grid_id": "91.7400_26.1520", "temperature": 41.8, "ndvi": 0.07, "priority": "Low", "recommended_action": "Cool roof", "cost_estimate": 41511 }, "geometry": { "type": "Polygon", "coordinates": [ [ [ 91.741, 26.152 ], [ 91.741, 26.153 ], [ 91.74, 26.153 ], [ 91.74, 26.152 ], [ 91.741, 26.152 ] ] ] } },
{ "type": "Feature", "properties": { "grid_id": "91.7400_26.1530", "temperature": 36.6, "ndvi": 0.49, "priority": "Medium", "recommended_action": "Tree cover", "cost_estimate": 157388 }, "geometry": { "type": "Polygon", "coordinates": [ [ [ 91.741, 26.153 ], [ 91.741, 26.154 ], [ 91.74, 26.154 ], [ 91.74, 26.153 ], [ 91.741, 26.153 ] ] ] } },
{ "type": "Feature", "properties": { "grid_id": "91.7400_26.1540", "temperature": 36.1, "ndvi": 0.79, "priority": "Low", "recommended_action": "Cool roof", "cost_estimate": 47637 }, "geometry": { "type": "Polygon", "coordinates": [ [ [ 91.741, 26.154 ], [ 91.741, 26.155 ], [ 91.74, 26.155 ], [ 91.74, 26.154 ], [ 91.741, 26.154 ] ] ] } },
{ "type": "Feature", "properties": { "grid_id": "91.7400_26.1550", "temperature": 33.4, "ndvi": 0.8, "priority": "Medium", "recommended_action": "None", "cost_estimate": 116611 }, "geometry": { "type": "Polygon", "coordinates": [ [ [ 91.741, 26.155 ], [ 91.741, 26.156 ], [ 91.74, 26.156 ], [ 91.74, 26.155 ], [ 91.741, 26.155 ] ] ] } },
{ "type": "Feature", "properties": { "grid_id": "91.7400_26.1560", "temperature": 30.4, "ndvi": 0.44, "priority": "Medium", "recommended_action": "None", "cost_estimate": 89618 }, "geometry": { "type": "Polygon", "coordinates": [ [ [ 91.741, 26.156 ], [ 91.741, 26.157 ], [ 91.74, 26.157 ], [ 91.74, 26.156 ], [ 91.741, 26.156 ] ] ] } },
{ "type": "Feature", "properties": { "grid_id": "91.7400_26.1570", "temperature": 35.4, "ndvi": 0.28, "priority": "High", "recommended_action": "None", "cost_estimate": 104407 }, "geometry": { "type": "Polygon", "coordinates": [ [ [ 91.741, 26.157 ], [ 91.741, 26.158 ], [ 91.74, 26.158 ], [ 91.74, 26.157 ], [ 91.741, 26.157 ] ] ] } },
{ "type": "Feature", "properties": { "grid_id": "91.7400_26.1580", "temperature": 36.7, "ndvi": 0.78, "priority": "Medium", "recommended_action": "Cool roof", "cost_estimate": 136724 }, "geometry": { "type": "Polygon", "coordinates": [ [ [ 91.741, 26.158 ], [ 91.741, 26.159 ], [ 91.74, 26.159 ], [ 91.74, 26.158 ], [ 91.741, 26.158 ] ] ] } },
{ "type": "Feature", "properties": { "grid_id": "91.7400_26.1590", "temperature": 30.3, "ndvi": 0.4, "priority": "Low", "recommended_action": "Tree cover", "cost_estimate": 113551 }, "geometry": { "type": "Polygon", "coordinates": [ [ [ 91.741, 26.159 ], [ 91.741, 26.16 ], [ 91.74, 26.16 ], [ 91.74, 26.159 ], [ 91.741, 26.159 ] ] ] } },
{ "type": "Feature", "properties": { "grid_id": "91.7400_26.1600", "temperature": 37.2, "ndvi": -0.01, "priority": "High", "recommended_action": "None", "cost_estimate": 64409 }, "geometry": { "type": "Polygon", "coordinates": [ [ [ 91.741, 26.16 ], [ 91.741, 26.161 ], [ 91.74, 26.161 ], [ 91.74, 26.16 ], [ 91.741, 26.16 ] ] ] } },
{ "type": "Feature", "properties": { "grid_id": "91.7400_26.1610", "temperature": 28.2, "ndvi": 0.24, "priority": "Medium", "recommended_action": "Green park", "cost_estimate": 173949 }, "geometry": { "type": "Polygon", "coordinates": [ [ [ 91.741, 26.161 ], [ 91.741, 26.162 ], [ 91.74, 26.162 ], [ 91.74, 26.161 ], [ 91.741, 26.161 ] ] ] } },
{ "type": "Feature", "properties": { "grid_id": "91.7400_26.1620", "temperature": 39.0, "ndvi": 0.25, "priority": "Medium", "recommended_action": "Cool roof", "cost_estimate": 178983 }, "geometry": { "type": "Polygon", "coordinates": [ [ [ 91.741, 26.162 ], [ 91.741, 26.163 ], [ 91.74, 26.163 ], [ 91.74, 26.162 ], [ 91.741, 26.162 ] ] ] } },
{ "type": "Feature", "properties": { "grid_id": "91.7400_26.1630", "temperature": 35.6, "ndvi": 0.69, "priority": "Medium", "recommended_action": "Green park", "cost_estimate": 116559 }, "geometry": { "type": "Polygon", "coordinates": [ [ [ 91.741, 26.163 ], [ 91.741, 26.164 ], [ 91.74, 26.164 ], [ 91.74, 26.163 ], [ 91.741, 26.163 ] ] ] } },
{ "type": "Feature", "properties": { "grid_id": "91.7400_26.1640", "temperature": 37.7, "ndvi": 0.1, "priority": "Low", "recommended_action": "Tree cover", "cost_estimate": 99345 }, "geometry": { "type": "Polygon", "coordinates": [ [ [ 91.741, 26.164 ], [ 91.741, 26.165 ], [ 91.74, 26.165 ], [ 91.74, 26.164 ], [ 91.741, 26.164 ] ] ] } },
{ "type": "Feature", "properties": { "grid_id": "91.7400_26.1650", "temperature": 35.2, "ndvi": 0.61, "priority": "High", "recommended_action": "Cool roof", "cost_estimate": 183023 }, "geometry": { "type": "Polygon", "coordinates": [ [ [ 91.741, 26.165 ], [ 91.741, 26.166 ], [ 91.74, 26.166 ], [ 91.74, 26.165 ], [ 91.741, 26.165 ] ] ] } },
{ "type": "Feature", "properties": { "grid_id": "91.7400_26.1660", "temperature": 39.8, "ndvi": 0.71, "priority": "Medium", "recommended_action": "Green park", "cost_estimate": 91131 }, "geometry": { "type": "Polygon", "coordinates": [ [ [ 91.741, 26.166 ], [ 91.741, 26.167 ], [ 91.74, 26.167 ], [ 91.74, 26.166 ], [ 91.741, 26.166 ] ] ] } },
{ "type": "Feature", "properties": { "grid_id": "91.7400_26.1670", "temperature": 32.8, "ndvi": -0.09, "priority": "Medium", "recommended_action": "None", "cost_estimate": 51746 }, "geometry": { "type": "Polygon", "coordinates": [ [ [ 91.741, 26.167 ], [ 91.741, 26.168 ], [ 91.74, 26.168 ], [ 91.74, 26.167 ], [ 91.741, 26.167 ] ] ] } },
{ "type": "Feature", "properties": { "grid_id": "91.7400_26.1680", "temperature": 35.4, "ndvi": 0.05, "priority": "Low", "recommended_action": "None", "cost_estimate": 57859 }, "geometry": { "type": "Polygon", "coordinates": [ [ [ 91.741, 26.168 ], [ 91.741, 26.169 ], [ 91.74, 26.169 ], [ 91.74, 26.168 ], [ 91.741, 26.168 ] ] ] } },
{ "type": "Feature", "properties": { "grid_id": "91.7400_26.1690", "temperature": 36.1, "ndvi": 0.07, "priority": "High", "recommended_action": "Tree cover", "cost_estimate": 61191 }, "geometry": { "type": "Polygon", "coordinates": [ [ [ 91.741, 26.169 ], [ 91.741, 26.17 ], [ 91.74, 26.17 ], [ 91.74, 26.169 ], [ 91.741, 26.169 ] ] ] } },
{ "type": "Feature", "properties": { "grid_id": "91.7400_26.1700", "temperature": 38.5, "ndvi": 0.68, "priority": "Medium", "recommended_action": "None", "cost_estimate": 99635 }, "geometry": { "type": "Polygon", "coordinates": [ [ [ 91.741, 26.17 ], [ 91.741, 26.171 ], [ 91.74, 26.171 ], [ 91.74, 26.17 ], [ 91.741, 26.17 ] ] ] } },
{ "type": "Feature", "properties": { "grid_id": "91.7400_26.1710", "temperature": 35.3, "ndvi": 0.55, "priority": "Medium", "recommended_action": "Green park", "cost_estimate": 23035 }, "geometry": { "type": "Polygon", "coordinates": [ [ [ 91.741, 26.171 ], [ 91.741, 26.172 ], [ 91.74, 26.172 ], [ 91.74, 26.171 ], [ 91.741, 26.171 ] ] ] } },
{ "type": "Feature", "properties": { "grid_id": "91.7400_26.1720", "temperature": 39.9, "ndvi": 0.46, "priority": "Medium", "recommended_action": "Green park", "cost_estimate": 97749 }, "geometry": { "type": "Polygon", "coordinates": [ [ [ 91.741, 26.172 ], [ 91.741, 26.173 ], [ 91.74, 26.173 ], [ 91.74, 26.172 ], [ 91.741, 26.172 ] ] ] } },
{ "type": "Feature", "properties": { "grid_id": "91.7400_26.1730", "temperature": 38.0, "ndvi": 0.74, "priority": "Medium", "recommended_action": "Green park", "cost_estimate": 51556 }, "geometry": { "type": "Polygon", "coordinates": [ [ [ 91.741, 26.173 ], [ 91.741, 26.174 ], [ 91.74, 26.174 ], [ 91.74, 26.173 ], [ 91.741, 26.173 ] ] ] } },
{ "type": "Feature", "properties": { "grid_id": "91.7400_26.1740", "temperature": 29.4, "ndvi": 0.79, "priority": "Medium", "recommended_action": "Cool roof", "cost_estimate": 193220 }, "geometry": { "type": "Polygon", "coordinates": [ [ [ 91.741, 26.174 ], [ 91.741, 26.175 ], [ 91.74, 26.175 ], [ 91.74, 26.174 ], [ 91.741, 26.174 ] ] ] } },
{ "type": "Feature", "properties": { "grid_id": "91.7400_26.1750", "temperature": 31.6, "ndvi": 0.7, "priority": "High", "recommended_action": "Cool roof", "cost_estimate": 106572 }, "geometry": { "type": "Polygon", "coordinates": [ [ [ 91.741, 26.175 ], [ 91.741, 26.176 ], [ 91.74, 26.176 ], [ 91.74, 26.175 ], [ 91.741, 26.175 ] ] ] } },
{ "type": "Feature", "properties": { "grid_id": "91.7400_26.1760", "temperature": 41.7, "ndvi": 0.77, "priority": "Low", "recommended_action": "Tree cover", "cost_estimate": 149846 }, "geometry": { "type": "Polygon", "coordinates": [ [ [ 91.741, 26.176 ], [ 91.741, 26.177 ], [ 91.74, 26.177 ], [ 91.74, 26.176 ], [ 91.741, 26.176 ] ] ] } },
{ "type": "Feature", "properties": { "grid_id": "91.7400_26.1770", "temperature": 32.2, "ndvi": 0.66, "priority": "Low", "recommended_action": "Green park", "cost_estimate": 178053 }, "geometry": { "type": "Polygon", "coordinates": [ [ [ 91.741, 26.177 ], [ 91.741, 26.178 ], [ 91.74, 26.178 ], [ 91.74, 26.177 ], [ 91.741, 26.177 ] ] ] } },
{ "type": "Feature", "properties": { "grid_id": "91.7400_26.1780", "temperature": 29.8, "ndvi": 0.15, "priority": "Medium", "recommended_action": "Green park", "cost_estimate": 134655 }, "geometry": { "type": "Polygon", "coordinates": [ [ [ 91.741, 26.178 ], [ 91.741, 26.179 ], [ 91.74, 26.179 ], [ 91.74, 26.178 ], [ 91.741, 26.178 ] ] ] } },
{ "type": "Feature", "properties": { "grid_id": "91.7400_26.1790", "temperature": 41.6, "ndvi": 0.57, "priority": "Medium", "recommended_action": "Green park", "cost_estimate": 161189 }, "geometry": { "type": "Polygon", "coordinates": [ [ [ 91.741, 26.179 ], [ 91.741, 26.18 ], [ 91.74, 26.18 ], [ 91.74, 26.179 ], [ 91.741, 26.179 ] ] ] } },
{ "type": "Feature", "properties": { "grid_id": "91.7410_26.1500", "temperature": 34.1, "ndvi": 0.78, "priority": "Medium", "recommended_action": "Tree cover", "cost_estimate": 63949 }, "geometry": { "type": "Polygon", "coordinates": [ [ [ 91.742, 26.15 ], [ 91.742, 26.151 ], [ 91.741, 26.151 ], [ 91.741, 26.15 ], [ 91.742, 26.15 ] ] ] } },
{ "type": "Feature", "properties": { "grid_id": "91.7410_26.1510", "temperature": 38.9, "ndvi": 0.15, "priority": "Low", "recommended_action": "Tree cover", "cost_estimate": 194894 }, "geometry": { "type": "Polygon", "coordinates": [ [ [ 91.742, 26.151 ], [ 91.742, 26.152 ], [ 91.741, 26.152 ], [ 91.741, 26.151 ], [ 91.742, 26.151 ] ] ] } },
{ "type": "Feature", "properties": { "grid_id": "91.7410_26.1520", "temperature": 36.0, "ndvi": 0.72, "priority": "Medium", "recommended_action": "Green park", "cost_estimate": 69640 }, "geometry": { "type": "Polygon", "coordinates": [ [ [ 91.742, 26.152 ], [ 91.742, 26.153 ], [ 91.741, 26.153 ], [ 91.741, 26.152 ], [ 91.742, 26.152 ] ] ] } },
{ "type": "Feature", "properties": { "grid_id": "91.7410_26.1530", "temperature": 36.4, "ndvi": 0.45, "priority": "High", "recommended_action": "None", "cost_estimate": 34734 }, "geometry": { "type": "Polygon", "coordinates": [ [ [ 91.742, 26.153 ], [ 91.742, 26.154 ], [ 91.741, 26.154 ], [ 91.741, 26.153 ], [ 91.742, 26.153 ] ] ] } },
{ "type": "Feature", "properties": { "grid_id": "91.7410_26.1540", "temperature": 39.6, "ndvi": 0.51, "priority": "High", "recommended_action": "None", "cost_estimate": 21359 }, "geometry": { "type": "Polygon", "coordinates": [ [ [ 91.742, 26.154 ], [ 91.742, 26.155 ], [ 91.741, 26.155 ], [ 91.741, 26.154 ], [ 91.742, 26.154 ] ] ] } },
{ "type": "Feature", "properties": { "grid_id": "91.7410_26.1550", "temperature": 32.5, "ndvi": 0.1, "priority": "Medium", "recommended_action": "Tree cover", "cost_estimate": 22612 }, "geometry": { "type": "Polygon", "coordinates": [ [ [ 91.742, 26.155 ], [ 91.742, 26.156 ], [ 91.741, 26.156 ], [ 91.741, 26.155 ], [ 91.742, 26.155 ] ] ] } },
{ "type": "Feature", "properties": { "grid_id": "91.7410_26.1560", "temperature": 30.1, "ndvi": 0.65, "priority": "High", "recommended_action": "Cool roof", "cost_estimate": 132638 }, "geometry": { "type": "Polygon", "coordinates": [ [ [ 91.742, 26.156 ], [ 91.742, 26.157 ], [ 91.741, 26.157 ], [ 91.741, 26.156 ], [ 91.742, 26.156 ] ] ] } },
{ "type": "Feature", "properties": { "grid_id": "91.7410_26.1570", "temperature": 39.0, "ndvi": 0.69, "priority": "High", "recommended_action": "None", "cost_estimate": 41399 }, "geometry": { "type": "Polygon", "coordinates": [ [ [ 91.742, 26.157 ], [ 91.742, 26.158 ], [ 91.741, 26.158 ], [ 91.741, 26.157 ], [ 91.742, 26.157 ] ] ] } },
{ "type": "Feature", "properties": { "grid_id": "91.7410_26.1580", "temperature": 30.7, "ndvi": 0.61, "priority": "Medium", "recommended_action": "Tree cover", "cost_estimate": 48243 }, "geometry": { "type": "Polygon", "coordinates": [ [ [ 91.742, 26.158 ], [ 91.742, 26.159 ], [ 91.741, 26.159 ], [ 91.741, 26.158 ], [ 91.742, 26.158 ] ] ] } },
{ "type": "Feature", "properties": { "grid_id": "91.7410_26.1590", "temperature": 31.0, "ndvi": 0.23, "priority": "High", "recommended_action": "Green park", "cost_estimate": 81398 }, "geometry": { "type": "Polygon", "coordinates": [ [ [ 91.742, 26.159 ], [ 91.742, 26.16 ], [ 91.741, 26.16 ], [ 91.741, 26.159 ], [ 91.742, 26.159 ] ] ] } },
{ "type": "Feature", "properties": { "grid_id": "91.7410_26.1600", "temperature": 30.1, "ndvi": 0.12, "priority": "High", "recommended_action": "Cool roof", "cost_estimate": 66409 }, "geometry": { "type": "Polygon", "coordinates": [ [ [ 91.742, 26.16 ], [ 91.742, 26.161 ], [ 91.741, 26.161 ], [ 91.741, 26.16 ], [ 91.742, 26.16 ] ] ] } },
{ "type": "Feature", "properties": { "grid_id": "91.7410_26.1610", "temperature": 34.0, "ndvi": -0.09, "priority": "Low", "recommended_action": "None", "cost_estimate": 70402 }, "geometry": { "type": "Polygon", "coordinates": [ [ [ 91.742, 26.161 ], [ 91.742, 26.162 ], [ 91.741, 26.162 ], [ 91.741, 26.161 ], [ 91.742, 26.161 ] ] ] } },
{ "type": "Feature", "properties": { "grid_id": "91.7410_26.1620", "temperature": 33.3, "ndvi": 0.27, "priority": "Medium", "recommended_action": "None", "cost_estimate": 61922 }, "geometry": { "type": "Polygon", "coordinates": [ [ [ 91.742, 26.162 ], [ 91.742, 26.163 ], [ 91.741, 26.163 ], [ 91.741, 26.162 ], [ 91.742, 26.162 ] ] ] } },
{ "type": "Feature", "properties": { "grid_id": "91.7410_26.1630", "temperature": 33.6, "ndvi": 0.12, "priority": "Medium", "recommended_action": "None", "cost_estimate": 141026 }, "geometry": { "type": "Polygon", "coordinates": [ [ [ 91.742, 26.163 ], [ 91.742, 26.164 ], [ 91.741, 26.164 ], [ 91.741, 26.163 ], [ 91.742, 26.163 ] ] ] } },
{ "type": "Feature", "properties": { "grid_id": "91.7410_26.1640", "temperature": 35.6, "ndvi": 0.46, "priority": "Medium", "recommended_action": "Cool roof", "cost_estimate": 144460 }, "geometry": { "type": "Polygon", "coordinates": [ [ [ 91.742, 26.164 ], [ 91.742, 26.165 ], [ 91.741, 26.165 ], [ 91.741, 26.164 ], [ 91.742, 26.164 ] ] ] } },
{ "type": "Feature", "properties": { "grid_id": "91.7410_26.1650", "temperature": 39.4, "ndvi": 0.03, "priority": "Medium", "recommended_action": "Cool roof", "cost_estimate": 196899 }, "geometry": { "type": "Polygon", "coordinates": [ [ [ 91.742, 26.165 ], [ 91.742, 26.166 ], [ 91.741, 26.166 ], [ 91.741, 26.165 ], [ 91.742, 26.165 ] ] ] } },
{ "type": "Feature", "properties": { "grid_id": "91.7410_26.1660", "temperature": 28.7, "ndvi": 0.09, "priority": "High", "recommended_action": "Cool roof", "cost_estimate": 90636 }, "geometry": { "type": "Polygon", "coordinates": [ [ [ 91.742, 26.166 ], [ 91.742, 26.167 ], [ 91.741, 26.167 ], [ 91.741, 26.166 ], [ 91.742, 26.166 ] ] ] } },
{ "type": "Feature", "properties": { "grid_id": "91.7410_26.1670", "temperature": 41.3, "ndvi": 0.41, "priority": "Medium", "recommended_action": "Green park", "cost_estimate": 117470 }, "geometry": { "type": "Polygon", "coordinates": [ [ [ 91.742, 26.167 ], [ 91.742, 26.168 ], [ 91.741, 26.168 ], [ 91.741, 26.167 ], [ 91.742, 26.167 ] ] ] } },
{ "type": "Feature", "properties": { "grid_id": "91.7410_26.1680", "temperature": 36.7, "ndvi": 0.04, "priority": "Medium", "recommended_action": "None", "cost_estimate": 154913 }, "geometry": { "type": "Polygon", "coordinates": [ [ [ 91.742, 26.168 ], [ 91.742, 26.169 ], [ 91.741, 26.169 ], [ 91.741, 26.168 ], [ 91.742, 26.168 ] ] ] } },
{ "type": "Feature", "properties": { "grid_id": "91.7410_26.1690", "temperature": 36.2, "ndvi": 0.65, "priority": "High", "recommended_action": "Green park", "cost_estimate": 61607 }, "geometry": { "type": "Polygon", "coordinates": [ [ [ 91.742, 26.169 ], [ 91.742, 26.17 ], [ 91.741, 26.17 ], [ 91.741, 26.169 ], [ 91.742, 26.169 ] ] ] } },
{ "type": "Feature", "properties": { "grid_id": "91.7410_26.1700", "temperature": 40.2, "ndvi": 0.12, "priority": "High", "recommended_action": "Tree cover", "cost_estimate": 187925 }, "geometry": { "type": "Polygon", "coordinates": [ [ [ 91.742, 26.17 ], [ 91.742, 26.171 ], [ 91.741, 26.171 ], [ 91.741, 26.17 ], [ 91.742, 26.17 ] ] ] } },
{ "type": "Feature", "properties": { "grid_id": "91.7410_26.1710", "temperature": 35.2, "ndvi": 0.22, "priority": "High", "recommended_action": "Green park", "cost_estimate": 187851 }, "geometry": { "type": "Polygon", "coordinates": [ [ [ 91.742, 26.171 ], [ 91.742, 26.172 ], [ 91.741, 26.172 ], [ 91.741, 26.171 ], [ 91.742, 26.171 ] ] ] } },
{ "type": "Feature", "properties": { "grid_id": "91.7410_26.1720", "temperature": 40.3, "ndvi": 0.31, "priority": "Medium", "recommended_action": "Green park", "cost_estimate": 133312 }, "geometry": { "type": "Polygon", "coordinates": [ [ [ 91.742, 26.172 ], [ 91.742, 26.173 ], [ 91.741, 26.173 ], [ 91.741, 26.172 ], [ 91.742, 26.172 ] ] ] } },
{ "type": "Feature", "properties": { "grid_id": "91.7410_26.1730", "temperature": 40.9, "ndvi": 0.73, "priority": "High", "recommended_action": "Cool roof", "cost_estimate": 95150 }, "geometry": { "type": "Polygon", "coordinates": [ [ [ 91.742, 26.173 ], [ 91.742, 26.174 ], [ 91.741, 26.174 ], [ 91.741, 26.173 ], [ 91.742, 26.173 ] ] ] } },
{ "type": "Feature", "properties": { "grid_id": "91.7410_26.1740", "temperature": 37.2, "ndvi": 0.0, "priority": "Low", "recommended_action": "Tree cover", "cost_estimate": 42166 }, "geometry": { "type": "Polygon", "coordinates": [ [ [ 91.742, 26.174 ], [ 91.742, 26.175 ], [ 91.741, 26.175 ], [ 91.741, 26.174 ], [ 91.742, 26.174 ] ] ] } },
{ "type": "Feature", "properties": { "grid_id": "91.7410_26.1750", "temperature": 29.9, "ndvi": 0.08, "priority": "Low", "recommended_action": "Tree cover", "cost_estimate": 173608 }, "geometry": { "type": "Polygon", "coordinates": [ [ [ 91.742, 26.175 ], [ 91.742, 26.176 ], [ 91.741, 26.176 ], [ 91.741, 26.175 ], [ 91.742, 26.175 ] ] ] } },
{ "type": "Feature", "properties": { "grid_id": "91.7410_26.1760", "temperature": 32.8, "ndvi": 0.7, "priority": "Medium", "recommended_action": "Green park", "cost_estimate": 74623 }, "geometry": { "type": "Polygon", "coordinates": [ [ [ 91.742, 26.176 ], [ 91.742, 26.177 ], [ 91.741, 26.177 ], [ 91.741, 26.176 ], [ 91.742, 26.176 ] ] ] } },
{ "type": "Feature", "properties": { "grid_id": "91.7410_26.1770", "temperature": 31.6, "ndvi": -0.05, "priority": "Medium", "recommended_action": "None", "cost_estimate": 91607 }, "geometry": { "type": "Polygon", "coordinates": [ [ [ 91.742, 26.177 ], [ 91.742, 26.178 ], [ 91.741, 26.178 ], [ 91.741, 26.177 ], [ 91.742, 26.177 ] ] ] } },
{ "type": "Feature", "properties": { "grid_id": "91.7410_26.1780", "temperature": 39.0, "ndvi": -0.04, "priority": "Medium", "recommended_action": "None", "cost_estimate": 22744 }, "geometry": { "type": "Polygon", "coordinates": [ [ [ 91.742, 26.178 ], [ 91.742, 26.179 ], [ 91.741, 26.179 ], [ 91.741, 26.178 ], [ 91.742, 26.178 ] ] ] } },
{ "type": "Feature", "properties": { "grid_id": "91.7410_26.1790", "temperature": 32.0, "ndvi": 0.78, "priority": "Medium", "recommended_action": "Cool roof", "cost_estimate": 21301 }, "geometry": { "type": "Polygon", "coordinates": [ [ [ 91.742, 26.179 ], [ 91.742, 26.18 ], [ 91.741, 26.18 ], [ 91.741, 26.179 ], [ 91.742, 26.179 ] ] ] } },
{ "type": "Feature", "properties": { "grid_id": "91.7420_26.1500", "temperature": 41.0, "ndvi": 0.43, "priority": "Low", "recommended_action": "Cool roof", "cost_estimate": 138193 }, "geometry": { "type": "Polygon", "coordinates": [ [ [ 91.743, 26.15 ], [ 91.743, 26.151 ], [ 91.742, 26.151 ], [ 91.742, 26.15 ], [ 91.743, 26.15 ] ] ] } },
{ "type": "Feature", "properties": { "grid_id": "91.7420_26.1510", "temperature": 38.1, "ndvi": 0.22, "priority": "Medium", "recommended_action": "Cool roof", "cost_estimate": 107033 }, "geometry": { "type": "Polygon", "coordinates": [ [ [ 91.743, 26.151 ], [ 91.743, 26.152 ], [ 91.742, 26.152 ], [ 91.742, 26.151 ], [ 91.743, 26.151 ] ] ] } },
{ "type": "Feature", "properties": { "grid_id": "91.7420_26.1520", "temperature": 36.0, "ndvi": 0.47, "priority": "High", "recommended_action": "Cool roof", "cost_estimate": 106216 }, "geometry": { "type": "Polygon", "coordinates": [ [ [ 91.743, 26.152 ], [ 91.743, 26.153 ], [ 91.742, 26.153 ], [ 91.742, 26.152 ], [ 91.743, 26.152 ] ] ] } },
{ "type": "Feature", "properties": { "grid_id": "91.7420_26.1530", "temperature": 33.4, "ndvi": 0.65, "priority": "High", "recommended_action": "None", "cost_estimate": 55526 }, "geometry": { "type": "Polygon", "coordinates": [ [ [ 91.743, 26.153 ], [ 91.743, 26.154 ], [ 91.742, 26.154 ], [ 91.742, 26.153 ], [ 91.743, 26.153 ] ] ] } },
{ "type": "Feature", "properties": { "grid_id": "91.7420_26.1540", "temperature": 29.9, "ndvi": -0.03, "priority": "Low", "recommended_action": "None", "cost_estimate": 13318 }, "geometry": { "type": "Polygon", "coordinates": [ [ [ 91.743, 26.154 ], [ 91.743, 26.155 ], [ 91.742, 26.155 ], [ 91.742, 26.154 ], [ 91.743, 26.154 ] ] ] } },
{ "type": "Feature", "properties": { "grid_id": "91.7420_26.1550", "temperature": 28.2, "ndvi": 0.29, "priority": "Medium", "recommended_action": "Green park", "cost_estimate": 148903 }, "geometry": { "type": "Polygon", "coordinates": [ [ [ 91.743, 26.155 ], [ 91.743, 26.156 ], [ 91.742, 26.156 ], [ 91.742, 26.155 ], [ 91.743, 26.155 ] ] ] } },
{ "type": "Feature", "properties": { "grid_id": "91.7420_26.1560", "temperature": 36.5, "ndvi": 0.46, "priority": "High", "recommended_action": "None", "cost_estimate": 130179 }, "geometry": { "type": "Polygon", "coordinates": [ [ [ 91.743, 26.156 ], [ 91.743, 26.157 ], [ 91.742, 26.157 ], [ 91.742, 26.156 ], [ 91.743, 26.156 ] ] ] } },
{ "type": "Feature", "properties": { "grid_id": "91.7420_26.1570", "temperature": 33.1, "ndvi": 0.25, "priority": "Low", "recommended_action": "None", "cost_estimate": 21163 }, "geometry": { "type": "Polygon", "coordinates": [ [ [ 91.743, 26.157 ], [ 91.743, 26.158 ], [ 91.742, 26.158 ], [ 91.742, 26.157 ], [ 91.743, 26.157 ] ] ] } },
{ "type": "Feature", "properties": { "grid_id": "91.7420_26.1580", "temperature": 41.1, "ndvi": 0.16, "priority": "Low", "recommended_action": "Tree cover", "cost_estimate": 62563 }, "geometry": { "type": "Polygon", "coordinates": [ [ [ 91.743, 26.158 ], [ 91.743, 26.159 ], [ 91.742, 26.159 ], [ 91.742, 26.158 ], [ 91.743, 26.158 ] ] ] } },
{ "type": "Feature", "properties": { "grid_id": "91.7420_26.1590", "temperature": 38.2, "ndvi": 0.32, "priority": "High", "recommended_action": "Cool roof", "cost_estimate": 183073 }, "geometry": { "type": "Polygon", "coordinates": [ [ [ 91.743, 26.159 ], [ 91.743, 26.16 ], [ 91.742, 26.16 ], [ 91.742, 26.159 ], [ 91.743, 26.159 ] ] ] } },
{ "type": "Feature", "properties": { "grid_id": "91.7420_26.1600", "temperature": 37.0, "ndvi": 0.65, "priority": "Low", "recommended_action": "None", "cost_estimate": 128164 }, "geometry": { "type": "Polygon", "coordinates": [ [ [ 91.743, 26.16 ], [ 91.743, 26.161 ], [ 91.742, 26.161 ], [ 91.742, 26.16 ], [ 91.743, 26.16 ] ] ] } },
{ "type": "Feature", "properties": { "grid_id": "91.7420_26.1610", "temperature": 31.1, "ndvi": 0.3, "priority": "High", "recommended_action": "Green park", "cost_estimate": 29250 }, "geometry": { "type": "Polygon", "coordinates": [ [ [ 91.743, 26.161 ], [ 91.743, 26.162 ], [ 91.742, 26.162 ], [ 91.742, 26.161 ], [ 91.743, 26.161 ] ] ] } },
{ "type": "Feature", "properties": { "grid_id": "91.7420_26.1620", "temperature": 36.1, "ndvi": 0.38, "priority": "Low", "recommended_action": "None", "cost_estimate": 136150 }, "geometry": { "type": "Polygon", "coordinates": [ [ [ 91.743, 26.162 ], [ 91.743, 26.163 ], [ 91.742, 26.163 ], [ 91.742, 26.162 ], [ 91.743, 26.162 ] ] ] } },
{ "type": "Feature", "properties": { "grid_id": "91.7420_26.1630", "temperature": 30.1, "ndvi": 0.76, "priority": "Low", "recommended_action": "Tree cover", "cost_estimate": 120487 }, "geometry": { "type": "Polygon", "coordinates": [ [ [ 91.743, 26.163 ], [ 91.743, 26.164 ], [ 91.742, 26.164 ], [ 91.742, 26.163 ], [ 91.743, 26.163 ] ] ] } },
{ "type": "Feature", "properties": { "grid_id": "91.7420_26.1640", "temperature": 28.4, "ndvi": 0.37, "priority": "High", "recommended_action": "None", "cost_estimate": 25771 }, "geometry": { "type": "Polygon", "coordinates": [ [ [ 91.743, 26.164 ], [ 91.743, 26.165 ], [ 91.742, 26.165 ], [ 91.742, 26.164 ], [ 91.743, 26.164 ] ] ] } },
{ "type": "Feature", "properties": { "grid_id": "91.7420_26.1650", "temperature": 38.3, "ndvi": 0.6, "priority": "High", "recommended_action": "Cool roof", "cost_estimate": 16663 }, "geometry": { "type": "Polygon", "coordinates": [ [ [ 91.743, 26.165 ], [ 91.743, 26.166 ], [ 91.742, 26.166 ], [ 91.742, 26.165 ], [ 91.743, 26.165 ] ] ] } },
{ "type": "Feature", "properties": { "grid_id": "91.7420_26.1660", "temperature": 31.4, "ndvi": 0.11, "priority": "Medium", "recommended_action": "Cool roof", "cost_estimate": 73100 }, "geometry": { "type": "Polygon", "coordinates": [ [ [ 91.743, 26.166 ], [ 91.743, 26.167 ], [ 91.742, 26.167 ], [ 91.742, 26.166 ], [ 91.743, 26.166 ] ] ] } },
{ "type": "Feature", "properties": { "grid_id": "91.7420_26.1670", "temperature": 33.3, "ndvi": 0.32, "priority": "High", "recommended_action": "Cool roof", "cost_estimate": 158153 }, "geometry": { "type": "Polygon", "coordinates": [ [ [ 91.743, 26.167 ], [ 91.743, 26.168 ], [ 91.742, 26.168 ], [ 91.742, 26.167 ], [ 91.743, 26.167 ] ] ] } },
{ "type": "Feature", "properties": { "grid_id": "91.7420_26.1680", "temperature": 29.8, "ndvi": 0.02, "priority": "Low", "recommended_action": "Cool roof", "cost_estimate": 93608 }, "geometry": { "type": "Polygon", "coordinates": [ [ [ 91.743, 26.168 ], [ 91.743, 26.169 ], [ 91.742, 26.169 ], [ 91.742, 26.168 ], [ 91.743, 26.168 ] ] ] } },
{ "type": "Feature", "properties": { "grid_id": "91.7420_26.1690", "temperature": 35.0, "ndvi": -0.03, "priority": "Medium", "recommended_action": "Cool roof", "cost_estimate": 99009 }, "geometry": { "type": "Polygon", "coordinates": [ [ [ 91.743, 26.169 ], [ 91.743, 26.17 ], [ 91.742, 26.17 ], [ 91.742, 26.169 ], [ 91.743, 26.169 ] ] ] } },
{ "type": "Feature", "properties": { "grid_id": "91.7420_26.1700", "temperature": 39.2, "ndvi": -0.01, "priority": "Medium", "recommended_action": "None", "cost_estimate": 136076 }, "geometry": { "type": "Polygon", "coordinates": [ [ [ 91.743, 26.17 ], [ 91.743, 26.171 ], [ 91.742, 26.171 ], [ 91.742, 26.17 ], [ 91.743, 26.17 ] ] ] } },
{ "type": "Feature", "properties": { "grid_id": "91.7420_26.1710", "temperature": 33.3, "ndvi": 0.26, "priority": "Medium", "recommended_action": "None", "cost_estimate": 53216 }, "geometry": { "type": "Polygon", "coordinates": [ [ [ 91.743, 26.171 ], [ 91.743, 26.172 ], [ 91.742, 26.172 ], [ 91.742, 26.171 ], [ 91.743, 26.171 ] ] ] } },
{ "type": "Feature", "properties": { "grid_id": "91.7420_26.1720", "temperature": 37.5, "ndvi": 0.26, "priority": "Medium", "recommended_action": "Tree cover", "cost_estimate": 129414 }, "geometry": { "type": "Polygon", "coordinates": [ [ [ 91.743, 26.172 ], [ 91.743, 26.173 ], [ 91.742, 26.173 ], [ 91.742, 26.172 ], [ 91.743, 26.172 ] ] ] } },
{ "type": "Feature", "properties": { "grid_id": "91.7420_26.1730", "temperature": 38.1, "ndvi": 0.68, "priority": "Low", "recommended_action": "Green park", "cost_estimate": 141150 }, "geometry": { "type": "Polygon", "coordinates": [ [ [ 91.743, 26.173 ], [ 91.743, 26.174 ], [ 91.742, 26.174 ], [ 91.742, 26.173 ], [ 91.743, 26.173 ] ] ] } },
{ "type": "Feature", "properties": { "grid_id": "91.7420_26.1740", "temperature": 30.9, "ndvi": 0.08, "priority": "High", "recommended_action": "None", "cost_estimate": 64013 }, "geometry": { "type": "Polygon", "coordinates": [ [ [ 91.743, 26.174 ], [ 91.743, 26.175 ], [ 91.742, 26.175 ], [ 91.742, 26.174 ], [ 91.743, 26.174 ] ] ] } },
{ "type": "Feature", "properties": { "grid_id": "91.7420_26.1750", "temperature": 31.1, "ndvi": -0.02, "priority": "Low", "recommended_action": "Tree cover", "cost_estimate": 95023 }, "geometry": { "type": "Polygon", "coordinates": [ [ [ 91.743, 26.175 ], [ 91.743, 26.176 ], [ 91.742, 26.176 ], [ 91.742, 26.175 ], [ 91.743, 26.175 ] ] ] } },
{ "type": "Feature", "properties": { "grid_id": "91.7420_26.1760", "temperature": 32.2, "ndvi": 0.33, "priority": "Low", "recommended_action": "Cool roof", "cost_estimate": 122715 }, "geometry": { "type": "Polygon", "coordinates": [ [ [ 91.743, 26.176 ], [ 91.743, 26.177 ], [ 91.742, 26.177 ], [ 91.742, 26.176 ], [ 91.743, 26.176 ] ] ] } },
{ "type": "Feature", "properties": { "grid_id": "91.7420_26.1770", "temperature": 39.4, "ndvi": 0.59, "priority": "Medium", "recommended_action": "None", "cost_estimate": 127385 }, "geometry": { "type": "Polygon", "coordinates": [ [ [ 91.743, 26.177 ], [ 91.743, 26.178 ], [ 91.742, 26.178 ], [ 91.742, 26.177 ], [ 91.743, 26.177 ] ] ] } },
{ "type": "Feature", "properties": { "grid_id": "91.7420_26.1780", "temperature": 30.6, "ndvi": 0.21, "priority": "Low", "recommended_action": "Green park", "cost_estimate": 30341 }, "geometry": { "type": "Polygon", "coordinates": [ [ [ 91.743, 26.178 ], [ 91.743, 26.179 ], [ 91.742, 26.179 ], [ 91.742, 26.178 ], [ 91.743, 26.178 ] ] ] } },
{ "type": "Feature", "properties": { "grid_id": "91.7420_26.1790", "temperature": 29.0, "ndvi": 0.15, "priority": "Low", "recommended_action": "Tree cover", "cost_estimate": 133753 }, "geometry": { "type": "Polygon", "coordinates": [ [ [ 91.743, 26.179 ], [ 91.743, 26.18 ], [ 91.742, 26.18 ], [ 91.742, 26.179 ], [ 91.743, 26.179 ] ] ] } },
{ "type": "Feature", "properties": { "grid_id": "91.7430_26.1500", "temperature": 32.5, "ndvi": 0.71, "priority": "Low", "recommended_action": "Green park", "cost_estimate": 60323 }, "geometry": { "type": "Polygon", "coordinates": [ [ [ 91.744, 26.15 ], [ 91.744, 26.151 ], [ 91.743, 26.151 ], [ 91.743, 26.15 ], [ 91.744, 26.15 ] ] ] } },
{ "type": "Feature", "properties": { "grid_id": "91.7430_26.1510", "temperature": 38.9, "ndvi": 0.38, "priority": "Low", "recommended_action": "Cool roof", "cost_estimate": 102491 }, "geometry": { "type": "Polygon", "coordinates": [ [ [ 91.744, 26.151 ], [ 91.744, 26.152 ], [ 91.743, 26.152 ], [ 91.743, 26.151 ], [ 91.744, 26.151 ] ] ] } },
{ "type": "Feature", "properties": { "grid_id": "91.7430_26.1520", "temperature": 38.2, "ndvi": 0.63, "priority": "Medium", "recommended_action": "Tree cover", "cost_estimate": 70650 }, "geometry": { "type": "Polygon", "coordinates": [ [ [ 91.744, 26.152 ], [ 91.744, 26.153 ], [ 91.743, 26.153 ], [ 91.743, 26.152 ], [ 91.744, 26.152 ] ] ] } },
{ "type": "Feature", "properties": { "grid_id": "91.7430_26.1530", "temperature": 30.9, "ndvi": 0.0, "priority": "Low", "recommended_action": "Tree cover", "cost_estimate": 165280 }, "geometry": { "type": "Polygon", "coordinates": [ [ [ 91.744, 26.153 ], [ 91.744, 26.154 ], [ 91.743, 26.154 ], [ 91.743, 26.153 ], [ 91.744, 26.153 ] ] ] } },
{ "type": "Feature", "properties": { "grid_id": "91.7430_26.1540", "temperature": 31.9, "ndvi": 0.46, "priority": "Medium", "recommended_action": "Tree cover", "cost_estimate": 56660 }, "geometry": { "type": "Polygon", "coordinates": [ [ [ 91.744, 26.154 ], [ 91.744, 26.155 ], [ 91.743, 26.155 ], [ 91.743, 26.154 ], [ 91.744, 26.154 ] ] ] } },
{ "type": "Feature", "properties": { "grid_id": "91.7430_26.1550", "temperature": 39.9, "ndvi": 0.71, "priority": "Low", "recommended_action": "Tree cover", "cost_estimate": 182727 }, "geometry": { "type": "Polygon", "coordinates": [ [ [ 91.744, 26.155 ], [ 91.744, 26.156 ], [ 91.743, 26.156 ], [ 91.743, 26.155 ], [ 91.744, 26.155 ] ] ] } },
{ "type": "Feature", "properties": { "grid_id": "91.7430_26.1560", "temperature": 34.4, "ndvi": 0.78, "priority": "High", "recommended_action": "None", "cost_estimate": 53495 }, "geometry": { "type": "Polygon", "coordinates": [ [ [ 91.744, 26.156 ], [ 91.744, 26.157 ], [ 91.743, 26.157 ], [ 91.743, 26.156 ], [ 91.744, 26.156 ] ] ] } },
{ "type": "Feature", "properties": { "grid_id": "91.7430_26.1570", "temperature": 33.6, "ndvi": 0.48, "priority": "High", "recommended_action": "Tree cover", "cost_estimate": 157821 }, "geometry": { "type": "Polygon", "coordinates": [ [ [ 91.744, 26.157 ], [ 91.744, 26.158 ], [ 91.743, 26.158 ], [ 91.743, 26.157 ], [ 91.744, 26.157 ] ] ] } },
{ "type": "Feature", "properties": { "grid_id": "91.7430_26.1580", "temperature": 28.5, "ndvi": 0.74, "priority": "Medium", "recommended_action": "Tree cover", "cost_estimate": 197572 }, "geometry": { "type": "Polygon", "coordinates": [ [ [ 91.744, 26.158 ], [ 91.744, 26.159 ], [ 91.743, 26.159 ], [ 91.743, 26.158 ], [ 91.744, 26.158 ] ] ] } },
{ "type": "Feature", "properties": { "grid_id": "91.7430_26.1590", "temperature": 39.5, "ndvi": -0.05, "priority": "Low", "recommended_action": "Cool roof", "cost_estimate": 164255 }, "geometry": { "type": "Polygon", "coordinates": [ [ [ 91.744, 26.159 ], [ 91.744, 26.16 ], [ 91.743, 26.16 ], [ 91.743, 26.159 ], [ 91.744, 26.159 ] ] ] } },
{ "type": "Feature", "properties": { "grid_id": "91.7430_26.1600", "temperature": 36.0, "ndvi": 0.4, "priority": "Medium", "recommended_action": "Tree cover", "cost_estimate": 70442 }, "geometry": { "type": "Polygon", "coordinates": [ [ [ 91.744, 26.16 ], [ 91.744, 26.161 ], [ 91.743, 26.161 ], [ 91.743, 26.16 ], [ 91.744, 26.16 ] ] ] } },
{ "type": "Feature", "properties": { "grid_id": "91.7430_26.1610", "temperature": 29.7, "ndvi": 0.51, "priority": "High", "recommended_action": "None", "cost_estimate": 30300 }, "geometry": { "type": "Polygon", "coordinates": [ [ [ 91.744, 26.161 ], [ 91.744, 26.162 ], [ 91.743, 26.162 ], [ 91.743, 26.161 ], [ 91.744, 26.161 ] ] ] } },
{ "type": "Feature", "properties": { "grid_id": "91.7430_26.1620", "temperature": 30.5, "ndvi": 0.19, "priority": "High", "recommended_action": "Green park", "cost_estimate": 53347 }, "geometry": { "type": "Polygon", "coordinates": [ [ [ 91.744, 26.162 ], [ 91.744, 26.163 ], [ 91.743, 26.163 ], [ 91.743, 26.162 ], [ 91.744, 26.162 ] ] ] } },
{ "type": "Feature", "properties": { "grid_id": "91.7430_26.1630", "temperature": 33.9, "ndvi": 0.72, "priority": "Medium", "recommended_action": "None", "cost_estimate": 183235 }, "geometry": { "type": "Polygon", "coordinates": [ [ [ 91.744, 26.163 ], [ 91.744, 26.164 ], [ 91.743, 26.164 ], [ 91.743, 26.163 ], [ 91.744, 26.163 ] ] ] } },
{ "type": "Feature", "properties": { "grid_id": "91.7430_26.1640", "temperature": 37.4, "ndvi": 0.49, "priority": "High", "recommended_action": "Tree cover", "cost_estimate": 18366 }, "geometry": { "type": "Polygon", "coordinates": [ [ [ 91.744, 26.164 ], [ 91.744, 26.165 ], [ 91.743, 26.165 ], [ 91.743, 26.164 ], [ 91.744, 26.164 ] ] ] } },
{ "type": "Feature", "properties": { "grid_id": "91.7430_26.1650", "temperature": 33.5, "ndvi": 0.19, "priority": "Low", "recommended_action": "None", "cost_estimate": 109822 }, "geometry": { "type": "Polygon", "coordinates": [ [ [ 91.744, 26.165 ], [ 91.744, 26.166 ], [ 91.743, 26.166 ], [ 91.743, 26.165 ], [ 91.744, 26.165 ] ] ] } },
{ "type": "Feature", "properties": { "grid_id": "91.7430_26.1660", "temperature": 34.5, "ndvi": 0.25, "priority": "High", "recommended_action": "Cool roof", "cost_estimate": 45342 }, "geometry": { "type": "Polygon", "coordinates": [ [ [ 91.744, 26.166 ], [ 91.744, 26.167 ], [ 91.743, 26.167 ], [ 91.743, 26.166 ], [ 91.744, 26.166 ] ] ] } },
{ "type": "Feature", "properties": { "grid_id": "91.7430_26.1670", "temperature": 39.8, "ndvi": -0.04, "priority": "Medium", "recommended_action": "Tree cover", "cost_estimate": 175487 }, "geometry": { "type": "Polygon", "coordinates": [ [ [ 91.744, 26.167 ], [ 91.744, 26.168 ], [ 91.743, 26.168 ], [ 91.743, 26.167 ], [ 91.744, 26.167 ] ] ] } },
{ "type": "Feature", "properties": { "grid_id": "91.7430_26.1680", "temperature": 31.7, "ndvi": 0.46, "priority": "Medium", "recommended_action": "Cool roof", "cost_estimate": 83369 }, "geometry": { "type": "Polygon", "coordinates": [ [ [ 91.744, 26.168 ], [ 91.744, 26.169 ], [ 91.743, 26.169 ], [ 91.743, 26.168 ], [ 91.744, 26.168 ] ] ] } },
{ "type": "Feature", "properties": { "grid_id": "91.7430_26.1690", "temperature": 39.7, "ndvi": 0.18, "priority": "High", "recommended_action": "None", "cost_estimate": 161407 }, "geometry": { "type": "Polygon", "coordinates": [ [ [ 91.744, 26.169 ], [ 91.744, 26.17 ], [ 91.743, 26.17 ], [ 91.743, 26.169 ], [ 91.744, 26.169 ] ] ] } },
{ "type": "Feature", "properties": { "grid_id": "91.7430_26.1700", "temperature": 34.4, "ndvi": -0.03, "priority": "High", "recommended_action": "Tree cover", "cost_estimate": 152554 }, "geometry": { "type": "Polygon", "coordinates": [ [ [ 91.744, 26.17 ], [ 91.744, 26.171 ], [ 91.743, 26.171 ], [ 91.743, 26.17 ], [ 91.744, 26.17 ] ] ] } },
{ "type": "Feature", "properties": { "grid_id": "91.7430_26.1710", "temperature": 33.9, "ndvi": 0.47, "priority": "Medium", "recommended_action": "Cool roof", "cost_estimate": 120024 }, "geometry": { "type": "Polygon", "coordinates": [ [ [ 91.744, 26.171 ], [ 91.744, 26.172 ], [ 91.743, 26.172 ], [ 91.743, 26.171 ], [ 91.744, 26.171 ] ] ] } },
{ "type": "Feature", "properties": { "grid_id": "91.7430_26.1720", "temperature": 31.0, "ndvi": -0.02, "priority": "High", "recommended_action": "None", "cost_estimate": 73566 }, "geometry": { "type": "Polygon", "coordinates": [ [ [ 91.744, 26.172 ], [ 91.744, 26.173 ], [ 91.743, 26.173 ], [ 91.743, 26.172 ], [ 91.744, 26.172 ] ] ] } },
{ "type": "Feature", "properties": { "grid_id": "91.7430_26.1730", "temperature": 38.0, "ndvi": 0.34, "priority": "High", "recommended_action": "Cool roof", "cost_estimate": 176117 }, "geometry": { "type": "Polygon", "coordinates": [ [ [ 91.744, 26.173 ], [ 91.744, 26.174 ], [ 91.743, 26.174 ], [ 91.743, 26.173 ], [ 91.744, 26.173 ] ] ] } },
{ "type": "Feature", "properties": { "grid_id": "91.7430_26.1740", "temperature": 33.1, "ndvi": -0.04, "priority": "Medium", "recommended_action": "Cool roof", "cost_estimate": 155197 }, "geometry": { "type": "Polygon", "coordinates": [ [ [ 91.744, 26.174 ], [ 91.744, 26.175 ], [ 91.743, 26.175 ], [ 91.743, 26.174 ], [ 91.744, 26.174 ] ] ] } },
{ "type": "Feature", "properties": { "grid_id": "91.7430_26.1750", "temperature": 37.7, "ndvi": 0.07, "priority": "Low", "recommended_action": "None", "cost_estimate": 98432 }, "geometry": { "type": "Polygon", "coordinates": [ [ [ 91.744, 26.175 ], [ 91.744, 26.176 ], [ 91.743, 26.176 ], [ 91.743, 26.175 ], [ 91.744, 26.175 ] ] ] } },
{ "type": "Feature", "properties": { "grid_id": "91.7430_26.1760", "temperature": 29.0, "ndvi": 0.39, "priority": "High", "recommended_action": "Cool roof", "cost_estimate": 9786 }, "geometry": { "type": "Polygon", "coordinates": [ [ [ 91.744, 26.176 ], [ 91.744, 26.177 ], [ 91.743, 26.177 ], [ 91.743, 26.176 ], [ 91.744, 26.176 ] ] ] } },
{ "type": "Feature", "properties": { "grid_id": "91.7430_26.1770", "temperature": 40.2, "ndvi": 0.03, "priority": "Low", "recommended_action": "None", "cost_estimate": 198185 }, "geometry": { "type": "Polygon", "coordinates": [ [ [ 91.744, 26.177 ], [ 91.744, 26.178 ], [ 91.743, 26.178 ], [ 91.743, 26.177 ], [ 91.744, 26.177 ] ] ] } },
{ "type": "Feature", "properties": { "grid_id": "91.7430_26.1780", "temperature": 35.7, "ndvi": 0.21, "priority": "Medium", "recommended_action": "Tree cover", "cost_estimate": 56047 }, "geometry": { "type": "Polygon", "coordinates": [ [ [ 91.744, 26.178 ], [ 91.744, 26.179 ], [ 91.743, 26.179 ], [ 91.743, 26.178 ], [ 91.744, 26.178 ] ] ] } },
{ "type": "Feature", "properties": { "grid_id": "91.7430_26.1790", "temperature": 40.2, "ndvi": 0.32, "priority": "Medium", "recommended_action": "None", "cost_estimate": 32918 }, "geometry": { "type": "Polygon", "coordinates": [ [ [ 91.744, 26.179 ], [ 91.744, 26.18 ], [ 91.743, 26.18 ], [ 91.743, 26.179 ], [ 91.744, 26.179 ] ] ] } },
{ "type": "Feature", "properties": { "grid_id": "91.7440_26.1500", "temperature": 33.9, "ndvi": 0.66, "priority": "High", "recommended_action": "Green park", "cost_estimate": 68069 }, "geometry": { "type": "Polygon", "coordinates": [ [ [ 91.745, 26.15 ], [ 91.745, 26.151 ], [ 91.744, 26.151 ], [ 91.744, 26.15 ], [ 91.745, 26.15 ] ] ] } },
{ "type": "Feature", "properties": { "grid_id": "91.7440_26.1510", "temperature": 38.5, "ndvi": 0.22, "priority": "High", "recommended_action": "Tree cover", "cost_estimate": 167690 }, "geometry": { "type": "Polygon", "coordinates": [ [ [ 91.745, 26.151 ], [ 91.745, 26.152 ], [ 91.744, 26.152 ], [ 91.744, 26.151 ], [ 91.745, 26.151 ] ] ] } },
{ "type": "Feature", "properties": { "grid_id": "91.7440_26.1520", "temperature": 39.1, "ndvi": 0.61, "priority": "Medium", "recommended_action": "Green park", "cost_estimate": 101301 }, "geometry": { "type": "Polygon", "coordinates": [ [ [ 91.745, 26.152 ], [ 91.745, 26.153 ], [ 91.744, 26.153 ], [ 91.744, 26.152 ], [ 91.745, 26.152 ] ] ] } },
{ "type": "Feature", "properties": { "grid_id": "91.7440_26.1530", "temperature": 34.9, "ndvi": 0.1, "priority": "High", "recommended_action": "Green park", "cost_estimate": 44271 }, "geometry": { "type": "Polygon", "coordinates": [ [ [ 91.745, 26.153 ], [ 91.745, 26.154 ], [ 91.744, 26.154 ], [ 91.744, 26.153 ], [ 91.745, 26.153 ] ] ] } },
{ "type": "Feature", "properties": { "grid_id": "91.7440_26.1540", "temperature": 31.1, "ndvi": 0.62, "priority": "Low", "recommended_action": "Cool roof", "cost_estimate": 66710 }, "geometry": { "type": "Polygon", "coordinates": [ [ [ 91.745, 26.154 ], [ 91.745, 26.155 ], [ 91.744, 26.155 ], [ 91.744, 26.154 ], [ 91.745, 26.154 ] ] ] } },
{ "type": "Feature", "properties": { "grid_id": "91.7440_26.1550", "temperature": 38.2, "ndvi": 0.68, "priority": "High", "recommended_action": "Cool roof", "cost_estimate": 138485 }, "geometry": { "type": "Polygon", "coordinates": [ [ [ 91.745, 26.155 ], [ 91.745, 26.156 ], [ 91.744, 26.156 ], [ 91.744, 26.155 ], [ 91.745, 26.155 ] ] ] } },
{ "type": "Feature", "properties": { "grid_id": "91.7440_26.1560", "temperature": 31.4, "ndvi": 0.12, "priority": "Medium", "recommended_action": "Cool roof", "cost_estimate": 65605 }, "geometry": { "type": "Polygon", "coordinates": [ [ [ 91.745, 26.156 ], [ 91.745, 26.157 ], [ 91.744, 26.157 ], [ 91.744, 26.156 ], [ 91.745, 26.156 ] ] ] } },
{ "type": "Feature", "properties": { "grid_id": "91.7440_26.1570", "temperature": 36.4, "ndvi": 0.64, "priority": "Medium", "recommended_action": "Green park", "cost_estimate": 25198 }, "geometry": { "type": "Polygon", "coordinates": [ [ [ 91.745, 26.157 ], [ 91.745, 26.158 ], [ 91.744, 26.158 ], [ 91.744, 26.157 ], [ 91.745, 26.157 ] ] ] } },
{ "type": "Feature", "properties": { "grid_id": "91.7440_26.1580", "temperature": 37.9, "ndvi": 0.15, "priority": "High", "recommended_action": "Green park", "cost_estimate": 119548 }, "geometry": { "type": "Polygon", "coordinates": [ [ [ 91.745, 26.158 ], [ 91.745, 26.159 ], [ 91.744, 26.159 ], [ 91.744, 26.158 ], [ 91.745, 26.158 ] ] ] } },
{ "type": "Feature", "properties": { "grid_id": "91.7440_26.1590", "temperature": 28.4, "ndvi": 0.2, "priority": "Low", "recommended_action": "Cool roof", "cost_estimate": 10133 }, "geometry": { "type": "Polygon", "coordinates": [ [ [ 91.745, 26.159 ], [ 91.745, 26.16 ], [ 91.744, 26.16 ], [ 91.744, 26.159 ], [ 91.745, 26.159 ] ] ] } },
{ "type": "Feature", "properties": { "grid_id": "91.7440_26.1600", "temperature": 31.2, "ndvi": -0.03, "priority": "High", "recommended_action": "None", "cost_estimate": 21552 }, "geometry": { "type": "Polygon", "coordinates": [ [ [ 91.745, 26.16 ], [ 91.745, 26.161 ], [ 91.744, 26.161 ], [ 91.744, 26.16 ], [ 91.745, 26.16 ] ] ] } },
{ "type": "Feature", "properties": { "grid_id": "91.7440_26.1610", "temperature": 40.6, "ndvi": 0.41, "priority": "Low", "recommended_action": "Cool roof", "cost_estimate": 170499 }, "geometry": { "type": "Polygon", "coordinates": [ [ [ 91.745, 26.161 ], [ 91.745, 26.162 ], [ 91.744, 26.162 ], [ 91.744, 26.161 ], [ 91.745, 26.161 ] ] ] } },
{ "type": "Feature", "properties": { "grid_id": "91.7440_26.1620", "temperature": 32.4, "ndvi": 0.68, "priority": "Medium", "recommended_action": "Green park", "cost_estimate": 189025 }, "geometry": { "type": "Polygon", "coordinates": [ [ [ 91.745, 26.162 ], [ 91.745, 26.163 ], [ 91.744, 26.163 ], [ 91.744, 26.162 ], [ 91.745, 26.162 ] ] ] } },
{ "type": "Feature", "properties": { "grid_id": "91.7440_26.1630", "temperature": 37.2, "ndvi": 0.4, "priority": "Low", "recommended_action": "Tree cover", "cost_estimate": 120370 }, "geometry": { "type": "Polygon", "coordinates": [ [ [ 91.745, 26.163 ], [ 91.745, 26.164 ], [ 91.744, 26.164 ], [ 91.744, 26.163 ], [ 91.745, 26.163 ] ] ] } },
{ "type": "Feature", "properties": { "grid_id": "91.7440_26.1640", "temperature": 32.2, "ndvi": 0.79, "priority": "Medium", "recommended_action": "Tree cover", "cost_estimate": 49027 }, "geometry": { "type": "Polygon", "coordinates": [ [ [ 91.745, 26.164 ], [ 91.745, 26.165 ], [ 91.744, 26.165 ], [ 91.744, 26.164 ], [ 91.745, 26.164 ] ] ] } },
{ "type": "Feature", "properties": { "grid_id": "91.7440_26.1650", "temperature": 40.5, "ndvi": 0.48, "priority": "High", "recommended_action": "Green park", "cost_estimate": 35424 }, "geometry": { "type": "Polygon", "coordinates": [ [ [ 91.745, 26.165 ], [ 91.745, 26.166 ], [ 91.744, 26.166 ], [ 91.744, 26.165 ], [ 91.745, 26.165 ] ] ] } },
{ "type": "Feature", "properties": { "grid_id": "91.7440_26.1660", "temperature": 39.0, "ndvi": 0.55, "priority": "Medium", "recommended_action": "Green park", "cost_estimate": 104277 }, "geometry": { "type": "Polygon", "coordinates": [ [ [ 91.745, 26.166 ], [ 91.745, 26.167 ], [ 91.744, 26.167 ], [ 91.744, 26.166 ], [ 91.745, 26.166 ] ] ] } },
{ "type": "Feature", "properties": { "grid_id": "91.7440_26.1670", "temperature": 38.9, "ndvi": 0.02, "priority": "Low", "recommended_action": "None", "cost_estimate": 117158 }, "geometry": { "type": "Polygon", "coordinates": [ [ [ 91.745, 26.167 ], [ 91.745, 26.168 ], [ 91.744, 26.168 ], [ 91.744, 26.167 ], [ 91.745, 26.167 ] ] ] } },
{ "type": "Feature", "properties": { "grid_id": "91.7440_26.1680", "temperature": 35.5, "ndvi": -0.08, "priority": "Medium", "recommended_action": "None", "cost_estimate": 191338 }, "geometry": { "type": "Polygon", "coordinates": [ [ [ 91.745, 26.168 ], [ 91.745, 26.169 ], [ 91.744, 26.169 ], [ 91.744, 26.168 ], [ 91.745, 26.168 ] ] ] } },
{ "type": "Feature", "properties": { "grid_id": "91.7440_26.1690", "temperature": 33.7, "ndvi": 0.46, "priority": "High", "recommended_action": "None", "cost_estimate": 16185 }, "geometry": { "type": "Polygon", "coordinates": [ [ [ 91.745, 26.169 ], [ 91.745, 26.17 ], [ 91.744, 26.17 ], [ 91.744, 26.169 ], [ 91.745, 26.169 ] ] ] } },
{ "type": "Feature", "properties": { "grid_id": "91.7440_26.1700", "temperature": 38.2, "ndvi": 0.19, "priority": "Low", "recommended_action": "Cool roof", "cost_estimate": 87085 }, "geometry": { "type": "Polygon", "coordinates": [ [ [ 91.745, 26.17 ], [ 91.745, 26.171 ], [ 91.744, 26.171 ], [ 91.744, 26.17 ], [ 91.745, 26.17 ] ] ] } },
{ "type": "Feature", "properties": { "grid_id": "91.7440_26.1710", "temperature": 41.4, "ndvi": -0.0, "priority": "Low", "recommended_action": "Cool roof", "cost_estimate": 61490 }, "geometry": { "type": "Polygon", "coordinates": [ [ [ 91.745, 26.171 ], [ 91.745, 26.172 ], [ 91.744, 26.172 ], [ 91.744, 26.171 ], [ 91.745, 26.171 ] ] ] } },
{ "type": "Feature", "properties": { "grid_id": "91.7440_26.1720", "temperature": 38.0, "ndvi": -0.09, "priority": "Low", "recommended_action": "Green park", "cost_estimate": 152754 }, "geometry": { "type": "Polygon", "coordinates": [ [ [ 91.745, 26.172 ], [ 91.745, 26.173 ], [ 91.744, 26.173 ], [ 91.744, 26.172 ], [ 91.745, 26.172 ] ] ] } },
{ "type": "Feature", "properties": { "grid_id": "91.7440_26.1730", "temperature": 32.2, "ndvi": 0.77, "priority": "High", "recommended_action": "None", "cost_estimate": 191575 }, "geometry": { "type": "Polygon", "coordinates": [ [ [ 91.745, 26.173 ], [ 91.745, 26.174 ], [ 91.744, 26.174 ], [ 91.744, 26.173 ], [ 91.745, 26.173 ] ] ] } },
{ "type": "Feature", "properties": { "grid_id": "91.7440_26.1740", "temperature": 32.3, "ndvi": 0.73, "priority": "Medium", "recommended_action": "Cool roof", "cost_estimate": 17709 }, "geometry": { "type": "Polygon", "coordinates": [ [ [ 91.745, 26.174 ], [ 91.745, 26.175 ], [ 91.744, 26.175 ], [ 91.744, 26.174 ], [ 91.745, 26.174 ] ] ] } },
{ "type": "Feature", "properties": { "grid_id": "91.7440_26.1750", "temperature": 39.4, "ndvi": 0.74, "priority": "Medium", "recommended_action": "Tree cover", "cost_estimate": 158603 }, "geometry": { "type": "Polygon", "coordinates": [ [ [ 91.745, 26.175 ], [ 91.745, 26.176 ], [ 91.744, 26.176 ], [ 91.744, 26.175 ], [ 91.745, 26.175 ] ] ] } },
{ "type": "Feature", "properties": { "grid_id": "91.7440_26.1760", "temperature": 34.9, "ndvi": 0.42, "priority": "Low", "recommended_action": "None", "cost_estimate": 78326 }, "geometry": { "type": "Polygon", "coordinates": [ [ [ 91.745, 26.176 ], [ 91.745, 26.177 ], [ 91.744, 26.177 ], [ 91.744, 26.176 ], [ 91.745, 26.176 ] ] ] } },
{ "type": "Feature", "properties": { "grid_id": "91.7440_26.1770", "temperature": 41.6, "ndvi": 0.33, "priority": "Low", "recommended_action": "Tree cover", "cost_estimate": 80131 }, "geometry": { "type": "Polygon", "coordinates": [ [ [ 91.745, 26.177 ], [ 91.745, 26.178 ], [ 91.744, 26.178 ], [ 91.744, 26.177 ], [ 91.745, 26.177 ] ] ] } },
{ "type": "Feature", "properties": { "grid_id": "91.7440_26.1780", "temperature": 32.4, "ndvi": 0.72, "priority": "Medium", "recommended_action": "Green park", "cost_estimate": 19138 }, "geometry": { "type": "Polygon", "coordinates": [ [ [ 91.745, 26.178 ], [ 91.745, 26.179 ], [ 91.744, 26.179 ], [ 91.744, 26.178 ], [ 91.745, 26.178 ] ] ] } },
{ "type": "Feature", "properties": { "grid_id": "91.7440_26.1790", "temperature": 37.8, "ndvi": 0.16, "priority": "High", "recommended_action": "Tree cover", "cost_estimate": 198164 }, "geometry": { "type": "Polygon", "coordinates": [ [ [ 91.745, 26.179 ], [ 91.745, 26.18 ], [ 91.744, 26.18 ], [ 91.744, 26.179 ], [ 91.745, 26.179 ] ] ] } },
{ "type": "Feature", "properties": { "grid_id": "91.7450_26.1500", "temperature": 31.8, "ndvi": 0.02, "priority": "Low", "recommended_action": "Cool roof", "cost_estimate": 170162 }, "geometry": { "type": "Polygon", "coordinates": [ [ [ 91.746, 26.15 ], [ 91.746, 26.151 ], [ 91.745, 26.151 ], [ 91.745, 26.15 ], [ 91.746, 26.15 ] ] ] } },
{ "type": "Feature", "properties": { "grid_id": "91.7450_26.1510", "temperature": 37.4, "ndvi": 0.51, "priority": "Low", "recommended_action": "Green park", "cost_estimate": 38829 }, "geometry": { "type": "Polygon", "coordinates": [ [ [ 91.746, 26.151 ], [ 91.746, 26.152 ], [ 91.745, 26.152 ], [ 91.745, 26.151 ], [ 91.746, 26.151 ] ] ] } },
{ "type": "Feature", "properties": { "grid_id": "91.7450_26.1520", "temperature": 38.9, "ndvi": -0.02, "priority": "High", "recommended_action": "None", "cost_estimate": 108113 }, "geometry": { "type": "Polygon", "coordinates": [ [ [ 91.746, 26.152 ], [ 91.746, 26.153 ], [ 91.745, 26.153 ], [ 91.745, 26.152 ], [ 91.746, 26.152 ] ] ] } },
{ "type": "Feature", "properties": { "grid_id": "91.7450_26.1530", "temperature": 29.8, "ndvi": -0.09, "priority": "Low", "recommended_action": "Green park", "cost_estimate": 50509 }, "geometry": { "type": "Polygon", "coordinates": [ [ [ 91.746, 26.153 ], [ 91.746, 26.154 ], [ 91.745, 26.154 ], [ 91.745, 26.153 ], [ 91.746, 26.153 ] ] ] } },
{ "type": "Feature", "properties": { "grid_id": "91.7450_26.1540", "temperature": 38.0, "ndvi": 0.32, "priority": "High", "recommended_action": "None", "cost_estimate": 81645 }, "geometry": { "type": "Polygon", "coordinates": [ [ [ 91.746, 26.154 ], [ 91.746, 26.155 ], [ 91.745, 26.155 ], [ 91.745, 26.154 ], [ 91.746, 26.154 ] ] ] } },
{ "type": "Feature", "properties": { "grid_id": "91.7450_26.1550", "temperature": 39.2, "ndvi": 0.06, "priority": "Medium", "recommended_action": "Green park", "cost_estimate": 121147 }, "geometry": { "type": "Polygon", "coordinates": [ [ [ 91.746, 26.155 ], [ 91.746, 26.156 ], [ 91.745, 26.156 ], [ 91.745, 26.155 ], [ 91.746, 26.155 ] ] ] } },
{ "type": "Feature", "properties": { "grid_id": "91.7450_26.1560", "temperature": 39.2, "ndvi": 0.76, "priority": "Medium", "recommended_action": "Cool roof", "cost_estimate": 78926 }, "geometry": { "type": "Polygon", "coordinates": [ [ [ 91.746, 26.156 ], [ 91.746, 26.157 ], [ 91.745, 26.157 ], [ 91.745, 26.156 ], [ 91.746, 26.156 ] ] ] } },
{ "type": "Feature", "properties": { "grid_id": "91.7450_26.1570", "temperature": 36.6, "ndvi": -0.03, "priority": "Medium", "recommended_action": "Green park", "cost_estimate": 75934 }, "geometry": { "type": "Polygon", "coordinates": [ [ [ 91.746, 26.157 ], [ 91.746, 26.158 ], [ 91.745, 26.158 ], [ 91.745, 26.157 ], [ 91.746, 26.157 ] ] ] } },
{ "type": "Feature", "properties": { "grid_id": "91.7450_26.1580", "temperature": 41.5, "ndvi": 0.48, "priority": "Low", "recommended_action": "Green park", "cost_estimate": 7746 }, "geometry": { "type": "Polygon", "coordinates": [ [ [ 91.746, 26.158 ], [ 91.746, 26.159 ], [ 91.745, 26.159 ], [ 91.745, 26.158 ], [ 91.746, 26.158 ] ] ] } },
{ "type": "Feature", "properties": { "grid_id": "91.7450_26.1590", "temperature": 33.2, "ndvi": 0.16, "priority": "Medium", "recommended_action": "Cool roof", "cost_estimate": 98605 }, "geometry": { "type": "Polygon", "coordinates": [ [ [ 91.746, 26.159 ], [ 91.746, 26.16 ], [ 91.745, 26.16 ], [ 91.745, 26.159 ], [ 91.746, 26.159 ] ] ] } },
{ "type": "Feature", "properties": { "grid_id": "91.7450_26.1600", "temperature": 38.7, "ndvi": 0.48, "priority": "Medium", "recommended_action": "Cool roof", "cost_estimate": 137153 }, "geometry": { "type": "Polygon", "coordinates": [ [ [ 91.746, 26.16 ], [ 91.746, 26.161 ], [ 91.745, 26.161 ], [ 91.745, 26.16 ], [ 91.746, 26.16 ] ] ] } },
{ "type": "Feature", "properties": { "grid_id": "91.7450_26.1610", "temperature": 33.2, "ndvi": 0.23, "priority": "Low", "recommended_action": "Green park", "cost_estimate": 104538 }, "geometry": { "type": "Polygon", "coordinates": [ [ [ 91.746, 26.161 ], [ 91.746, 26.162 ], [ 91.745, 26.162 ], [ 91.745, 26.161 ], [ 91.746, 26.161 ] ] ] } },
{ "type": "Feature", "properties": { "grid_id": "91.7450_26.1620", "temperature": 30.4, "ndvi": -0.06, "priority": "Medium", "recommended_action": "Cool roof", "cost_estimate": 110771 }, "geometry": { "type": "Polygon", "coordinates": [ [ [ 91.746, 26.162 ], [ 91.746, 26.163 ], [ 91.745, 26.163 ], [ 91.745, 26.162 ], [ 91.746, 26.162 ] ] ] } },
{ "type": "Feature", "properties": { "grid_id": "91.7450_26.1630", "temperature": 31.0, "ndvi": 0.78, "priority": "High", "recommended_action": "Cool roof", "cost_estimate": 105828 }, "geometry": { "type": "Polygon", "coordinates": [ [ [ 91.746, 26.163 ], [ 91.746, 26.164 ], [ 91.745, 26.164 ], [ 91.745, 26.163 ], [ 91.746, 26.163 ] ] ] } },
{ "type": "Feature", "properties": { "grid_id": "91.7450_26.1640", "temperature": 38.5, "ndvi": 0.54, "priority": "Low", "recommended_action": "Tree cover", "cost_estimate": 154458 }, "geometry": { "type": "Polygon", "coordinates": [ [ [ 91.746, 26.164 ], [ 91.746, 26.165 ], [ 91.745, 26.165 ], [ 91.745, 26.164 ], [ 91.746, 26.164 ] ] ] } },
{ "type": "Feature", "properties": { "grid_id": "91.7450_26.1650", "temperature": 29.1, "ndvi": 0.11, "priority": "Medium", "recommended_action": "None", "cost_estimate": 17503 }, "geometry": { "type": "Polygon", "coordinates": [ [ [ 91.746, 26.165 ], [ 91.746, 26.166 ], [ 91.745, 26.166 ], [ 91.745, 26.165 ], [ 91.746, 26.165 ] ] ] } },
{ "type": "Feature", "properties": { "grid_id": "91.7450_26.1660", "temperature": 37.6, "ndvi": 0.04, "priority": "High", "recommended_action": "Green park", "cost_estimate": 183018 }, "geometry": { "type": "Polygon", "coordinates": [ [ [ 91.746, 26.166 ], [ 91.746, 26.167 ], [ 91.745, 26.167 ], [ 91.745, 26.166 ], [ 91.746, 26.166 ] ] ] } },
{ "type": "Feature", "properties": { "grid_id": "91.7450_26.1670", "temperature": 40.0, "ndvi": -0.04, "priority": "Medium", "recommended_action": "Tree cover", "cost_estimate": 18456 }, "geometry": { "type": "Polygon", "coordinates": [ [ [ 91.746, 26.167 ], [ 91.746, 26.168 ], [ 91.745, 26.168 ], [ 91.745, 26.167 ], [ 91.746, 26.167 ] ] ] } },
{ "type": "Feature", "properties": { "grid_id": "91.7450_26.1680", "temperature": 38.4, "ndvi": 0.06, "priority": "Low", "recommended_action": "Green park", "cost_estimate": 136117 }, "geometry": { "type": "Polygon", "coordinates": [ [ [ 91.746, 26.168 ], [ 91.746, 26.169 ], [ 91.745, 26.169 ], [ 91.745, 26.168 ], [ 91.746, 26.168 ] ] ] } },
{ "type": "Feature", "properties": { "grid_id": "91.7450_26.1690", "temperature": 38.5, "ndvi": 0.67, "priority": "Low", "recommended_action": "Green park", "cost_estimate": 68126 }, "geometry": { "type": "Polygon", "coordinates": [ [ [ 91.746, 26.169 ], [ 91.746, 26.17 ], [ 91.745, 26.17 ], [ 91.745, 26.169 ], [ 91.746, 26.169 ] ] ] } },
{ "type": "Feature", "properties": { "grid_id": "91.7450_26.1700", "temperature": 40.7, "ndvi": 0.23, "priority": "Medium", "recommended_action": "Tree cover", "cost_estimate": 117291 }, "geometry": { "type": "Polygon", "coordinates": [ [ [ 91.746, 26.17 ], [ 91.746, 26.171 ], [ 91.745, 26.171 ], [ 91.745, 26.17 ], [ 91.746, 26.17 ] ] ] } },
{ "type": "Feature", "properties": { "grid_id": "91.7450_26.1710", "temperature": 39.3, "ndvi": 0.5, "priority": "High", "recommended_action": "None", "cost_estimate": 22144 }, "geometry": { "type": "Polygon", "coordinates": [ [ [ 91.746, 26.171 ], [ 91.746, 26.172 ], [ 91.745, 26.172 ], [ 91.745, 26.171 ], [ 91.746, 26.171 ] ] ] } },
{ "type": "Feature", "properties": { "grid_id": "91.7450_26.1720", "temperature": 28.5, "ndvi": 0.77, "priority": "Medium", "recommended_action": "Cool roof", "cost_estimate": 101976 }, "geometry": { "type": "Polygon", "coordinates": [ [ [ 91.746, 26.172 ], [ 91.746, 26.173 ], [ 91.745, 26.173 ], [ 91.745, 26.172 ], [ 91.746, 26.172 ] ] ] } },
{ "type": "Feature", "properties": { "grid_id": "91.7450_26.1730", "temperature": 41.5, "ndvi": 0.19, "priority": "Low", "recommended_action": "Cool roof", "cost_estimate": 36515 }, "geometry": { "type": "Polygon", "coordinates": [ [ [ 91.746, 26.173 ], [ 91.746, 26.174 ], [ 91.745, 26.174 ], [ 91.745, 26.173 ], [ 91.746, 26.173 ] ] ] } },
{ "type": "Feature", "properties": { "grid_id": "91.7450_26.1740", "temperature": 31.0, "ndvi": 0.37, "priority": "High", "recommended_action": "Tree cover", "cost_estimate": 155497 }, "geometry": { "type": "Polygon", "coordinates": [ [ [ 91.746, 26.174 ], [ 91.746, 26.175 ], [ 91.745, 26.175 ], [ 91.745, 26.174 ], [ 91.746, 26.174 ] ] ] } },
{ "type": "Feature", "properties": { "grid_id": "91.7450_26.1750", "temperature": 34.0, "ndvi": 0.45, "priority": "Low", "recommended_action": "Green park", "cost_estimate": 56762 }, "geometry": { "type": "Polygon", "coordinates": [ [ [ 91.746, 26.175 ], [ 91.746, 26.176 ], [ 91.745, 26.176 ], [ 91.745, 26.175 ], [ 91.746, 26.175 ] ] ] } },
{ "type": "Feature", "properties": { "grid_id": "91.7450_26.1760", "temperature": 28.1, "ndvi": 0.4, "priority": "Medium", "recommended_action": "None", "cost_estimate": 136868 }, "geometry": { "type": "Polygon", "coordinates": [ [ [ 91.746, 26.176 ], [ 91.746, 26.177 ], [ 91.745, 26.177 ], [ 91.745, 26.176 ], [ 91.746, 26.176 ] ] ] } },
{ "type": "Feature", "properties": { "grid_id": "91.7450_26.1770", "temperature": 33.2, "ndvi": 0.52, "priority": "Low", "recommended_action": "Green park", "cost_estimate": 40966 }, "geometry": { "type": "Polygon", "coordinates": [ [ [ 91.746, 26.177 ], [ 91.746, 26.178 ], [ 91.745, 26.178 ], [ 91.745, 26.177 ], [ 91.746, 26.177 ] ] ] } },
{ "type": "Feature", "properties": { "grid_id": "91.7450_26.1780", "temperature": 31.5, "ndvi": 0.52, "priority": "Medium", "recommended_action": "None", "cost_estimate": 183351 }, "geometry": { "type": "Polygon", "coordinates": [ [ [ 91.746, 26.178 ], [ 91.746, 26.179 ], [ 91.745, 26.179 ], [ 91.745, 26.178 ], [ 91.746, 26.178 ] ] ] } },
{ "type": "Feature", "properties": { "grid_id": "91.7450_26.1790", "temperature": 36.0, "ndvi": 0.19, "priority": "High", "recommended_action": "Tree cover", "cost_estimate": 137737 }, "geometry": { "type": "Polygon", "coordinates": [ [ [ 91.746, 26.179 ], [ 91.746, 26.18 ], [ 91.745, 26.18 ], [ 91.745, 26.179 ], [ 91.746, 26.179 ] ] ] } },
{ "type": "Feature", "properties": { "grid_id": "91.7460_26.1500", "temperature": 39.2, "ndvi": 0.19, "priority": "Low", "recommended_action": "Tree cover", "cost_estimate": 64470 }, "geometry": { "type": "Polygon", "coordinates": [ [ [ 91.747, 26.15 ], [ 91.747, 26.151 ], [ 91.746, 26.151 ], [ 91.746, 26.15 ], [ 91.747, 26.15 ] ] ] } },
{ "type": "Feature", "properties": { "grid_id": "91.7460_26.1510", "temperature": 33.0, "ndvi": 0.05, "priority": "High", "recommended_action": "Cool roof", "cost_estimate": 103557 }, "geometry": { "type": "Polygon", "coordinates": [ [ [ 91.747, 26.151 ], [ 91.747, 26.152 ], [ 91.746, 26.152 ], [ 91.746, 26.151 ], [ 91.747, 26.151 ] ] ] } },
{ "type": "Feature", "properties": { "grid_id": "91.7460_26.1520", "temperature": 31.9, "ndvi": -0.01, "priority": "Medium", "recommended_action": "None", "cost_estimate": 10158 }, "geometry": { "type": "Polygon", "coordinates": [ [ [ 91.747, 26.152 ], [ 91.747, 26.153 ], [ 91.746, 26.153 ], [ 91.746, 26.152 ], [ 91.747, 26.152 ] ] ] } },
{ "type": "Feature", "properties": { "grid_id": "91.7460_26.1530", "temperature": 32.9, "ndvi": 0.29, "priority": "Low", "recommended_action": "Tree cover", "cost_estimate": 177008 }, "geometry": { "type": "Polygon", "coordinates": [ [ [ 91.747, 26.153 ], [ 91.747, 26.154 ], [ 91.746, 26.154 ], [ 91.746, 26.153 ], [ 91.747, 26.153 ] ] ] } },
{ "type": "Feature", "properties": { "grid_id": "91.7460_26.1540", "temperature": 32.6, "ndvi": 0.6, "priority": "High", "recommended_action": "Green park", "cost_estimate": 153118 }, "geometry": { "type": "Polygon", "coordinates": [ [ [ 91.747, 26.154 ], [ 91.747, 26.155 ], [ 91.746, 26.155 ], [ 91.746, 26.154 ], [ 91.747, 26.154 ] ] ] } },
{ "type": "Feature", "properties": { "grid_id": "91.7460_26.1550", "temperature": 30.4, "ndvi": 0.23, "priority": "Medium", "recommended_action": "None", "cost_estimate": 71209 }, "geometry": { "type": "Polygon", "coordinates": [ [ [ 91.747, 26.155 ], [ 91.747, 26.156 ], [ 91.746, 26.156 ], [ 91.746, 26.155 ], [ 91.747, 26.155 ] ] ] } },
{ "type": "Feature", "properties": { "grid_id": "91.7460_26.1560", "temperature": 29.9, "ndvi": 0.5, "priority": "Low", "recommended_action": "None", "cost_estimate": 57362 }, "geometry": { "type": "Polygon", "coordinates": [ [ [ 91.747, 26.156 ], [ 91.747, 26.157 ], [ 91.746, 26.157 ], [ 91.746, 26.156 ], [ 91.747, 26.156 ] ] ] } },
{ "type": "Feature", "properties": { "grid_id": "91.7460_26.1570", "temperature": 29.5, "ndvi": 0.51, "priority": "Low", "recommended_action": "Green park", "cost_estimate": 134676 }, "geometry": { "type": "Polygon", "coordinates": [ [ [ 91.747, 26.157 ], [ 91.747, 26.158 ], [ 91.746, 26.158 ], [ 91.746, 26.157 ], [ 91.747, 26.157 ] ] ] } },
{ "type": "Feature", "properties": { "grid_id": "91.7460_26.1580", "temperature": 30.1, "ndvi": 0.23, "priority": "Low", "recommended_action": "Green park", "cost_estimate": 98223 }, "geometry": { "type": "Polygon", "coordinates": [ [ [ 91.747, 26.158 ], [ 91.747, 26.159 ], [ 91.746, 26.159 ], [ 91.746, 26.158 ], [ 91.747, 26.158 ] ] ] } },
{ "type": "Feature", "properties": { "grid_id": "91.7460_26.1590", "temperature": 38.0, "ndvi": 0.79, "priority": "Medium", "recommended_action": "Cool roof", "cost_estimate": 103009 }, "geometry": { "type": "Polygon", "coordinates": [ [ [ 91.747, 26.159 ], [ 91.747, 26.16 ], [ 91.746, 26.16 ], [ 91.746, 26.159 ], [ 91.747, 26.159 ] ] ] } },
{ "type": "Feature", "properties": { "grid_id": "91.7460_26.1600", "temperature": 31.8, "ndvi": 0.75, "priority": "Low", "recommended_action": "Tree cover", "cost_estimate": 85430 }, "geometry": { "type": "Polygon", "coordinates": [ [ [ 91.747, 26.16 ], [ 91.747, 26.161 ], [ 91.746, 26.161 ], [ 91.746, 26.16 ], [ 91.747, 26.16 ] ] ] } },
{ "type": "Feature", "properties": { "grid_id": "91.7460_26.1610", "temperature": 41.9, "ndvi": 0.21, "priority": "Low", "recommended_action": "Cool roof", "cost_estimate": 90156 }, "geometry": { "type": "Polygon", "coordinates": [ [ [ 91.747, 26.161 ], [ 91.747, 26.162 ], [ 91.746, 26.162 ], [ 91.746, 26.161 ], [ 91.747, 26.161 ] ] ] } },
{ "type": "Feature", "properties": { "grid_id": "91.7460_26.1620", "temperature": 41.3, "ndvi": 0.11, "priority": "Low", "recommended_action": "Cool roof", "cost_estimate": 91209 }, "geometry": { "type": "Polygon", "coordinates": [ [ [ 91.747, 26.162 ], [ 91.747, 26.163 ], [ 91.746, 26.163 ], [ 91.746, 26.162 ], [ 91.747, 26.162 ] ] ] } },
{ "type": "Feature", "properties": { "grid_id": "91.7460_26.1630", "temperature": 38.8, "ndvi": 0.54, "priority": "Low", "recommended_action": "Cool roof", "cost_estimate": 9286 }, "geometry": { "type": "Polygon", "coordinates": [ [ [ 91.747, 26.163 ], [ 91.747, 26.164 ], [ 91.746, 26.164 ], [ 91.746, 26.163 ], [ 91.747, 26.163 ] ] ] } },
{ "type": "Feature", "properties": { "grid_id": "91.7460_26.1640", "temperature": 41.7, "ndvi": 0.61, "priority": "High", "recommended_action": "Green park", "cost_estimate": 25056 }, "geometry": { "type": "Polygon", "coordinates": [ [ [ 91.747, 26.164 ], [ 91.747, 26.165 ], [ 91.746, 26.165 ], [ 91.746, 26.164 ], [ 91.747, 26.164 ] ] ] } },
{ "type": "Feature", "properties": { "grid_id": "91.7460_26.1650", "temperature": 39.9, "ndvi": 0.69, "priority": "Low", "recommended_action": "Green park", "cost_estimate": 138907 }, "geometry": { "type": "Polygon", "coordinates": [ [ [ 91.747, 26.165 ], [ 91.747, 26.166 ], [ 91.746, 26.166 ], [ 91.746, 26.165 ], [ 91.747, 26.165 ] ] ] } },
{ "type": "Feature", "properties": { "grid_id": "91.7460_26.1660", "temperature": 40.7, "ndvi": 0.58, "priority": "Medium", "recommended_action": "None", "cost_estimate": 180972 }, "geometry": { "type": "Polygon", "coordinates": [ [ [ 91.747, 26.166 ], [ 91.747, 26.167 ], [ 91.746, 26.167 ], [ 91.746, 26.166 ], [ 91.747, 26.166 ] ] ] } },
{ "type": "Feature", "properties": { "grid_id": "91.7460_26.1670", "temperature": 41.5, "ndvi": 0.42, "priority": "Low", "recommended_action": "None", "cost_estimate": 149335 }, "geometry": { "type": "Polygon", "coordinates": [ [ [ 91.747, 26.167 ], [ 91.747, 26.168 ], [ 91.746, 26.168 ], [ 91.746, 26.167 ], [ 91.747, 26.167 ] ] ] } },
{ "type": "Feature", "properties": { "grid_id": "91.7460_26.1680", "temperature": 37.8, "ndvi": 0.39, "priority": "High", "recommended_action": "Cool roof", "cost_estimate": 137900 }, "geometry": { "type": "Polygon", "coordinates": [ [ [ 91.747, 26.168 ], [ 91.747, 26.169 ], [ 91.746, 26.169 ], [ 91.746, 26.168 ], [ 91.747, 26.168 ] ] ] } },
{ "type": "Feature", "properties": { "grid_id": "91.7460_26.1690", "temperature": 40.0, "ndvi": 0.07, "priority": "Low", "recommended_action": "Tree cover", "cost_estimate": 45994 }, "geometry": { "type": "Polygon", "coordinates": [ [ [ 91.747, 26.169 ], [ 91.747, 26.17 ], [ 91.746, 26.17 ], [ 91.746, 26.169 ], [ 91.747, 26.169 ] ] ] } },
{ "type": "Feature", "properties": { "grid_id": "91.7460_26.1700", "temperature": 32.7, "ndvi": 0.72, "priority": "Medium", "recommended_action": "Cool roof", "cost_estimate": 70334 }, "geometry": { "type": "Polygon", "coordinates": [ [ [ 91.747, 26.17 ], [ 91.747, 26.171 ], [ 91.746, 26.171 ], [ 91.746, 26.17 ], [ 91.747, 26.17 ] ] ] } },
{ "type": "Feature", "properties": { "grid_id": "91.7460_26.1710", "temperature": 30.8, "ndvi": -0.0, "priority": "Medium", "recommended_action": "Green park", "cost_estimate": 191997 }, "geometry": { "type": "Polygon", "coordinates": [ [ [ 91.747, 26.171 ], [ 91.747, 26.172 ], [ 91.746, 26.172 ], [ 91.746, 26.171 ], [ 91.747, 26.171 ] ] ] } },
{ "type": "Feature", "properties": { "grid_id": "91.7460_26.1720", "temperature": 31.9, "ndvi": 0.5, "priority": "High", "recommended_action": "Cool roof", "cost_estimate": 63421 }, "geometry": { "type": "Polygon", "coordinates": [ [ [ 91.747, 26.172 ], [ 91.747, 26.173 ], [ 91.746, 26.173 ], [ 91.746, 26.172 ], [ 91.747, 26.172 ] ] ] } },
{ "type": "Feature", "properties": { "grid_id": "91.7460_26.1730", "temperature": 39.8, "ndvi": 0.26, "priority": "High", "recommended_action": "Tree cover", "cost_estimate": 26376 }, "geometry": { "type": "Polygon", "coordinates": [ [ [ 91.747, 26.173 ], [ 91.747, 26.174 ], [ 91.746, 26.174 ], [ 91.746, 26.173 ], [ 91.747, 26.173 ] ] ] } },
{ "type": "Feature", "properties": { "grid_id": "91.7460_26.1740", "temperature": 30.6, "ndvi": 0.67, "priority": "High", "recommended_action": "None", "cost_estimate": 23062 }, "geometry": { "type": "Polygon", "coordinates": [ [ [ 91.747, 26.174 ], [ 91.747, 26.175 ], [ 91.746, 26.175 ], [ 91.746, 26.174 ], [ 91.747, 26.174 ] ] ] } },
{ "type": "Feature", "properties": { "grid_id": "91.7460_26.1750", "temperature": 36.3, "ndvi": 0.67, "priority": "Medium", "recommended_action": "None", "cost_estimate": 83893 }, "geometry": { "type": "Polygon", "coordinates": [ [ [ 91.747, 26.175 ], [ 91.747, 26.176 ], [ 91.746, 26.176 ], [ 91.746, 26.175 ], [ 91.747, 26.175 ] ] ] } },
{ "type": "Feature", "properties": { "grid_id": "91.7460_26.1760", "temperature": 33.9, "ndvi": 0.16, "priority": "Medium", "recommended_action": "Tree cover", "cost_estimate": 105107 }, "geometry": { "type": "Polygon", "coordinates": [ [ [ 91.747, 26.176 ], [ 91.747, 26.177 ], [ 91.746, 26.177 ], [ 91.746, 26.176 ], [ 91.747, 26.176 ] ] ] } },
{ "type": "Feature", "properties": { "grid_id": "91.7460_26.1770", "temperature": 33.0, "ndvi": 0.73, "priority": "High", "recommended_action": "Green park", "cost_estimate": 144609 }, "geometry": { "type": "Polygon", "coordinates": [ [ [ 91.747, 26.177 ], [ 91.747, 26.178 ], [ 91.746, 26.178 ], [ 91.746, 26.177 ], [ 91.747, 26.177 ] ] ] } },
{ "type": "Feature", "properties": { "grid_id": "91.7460_26.1780", "temperature": 36.7, "ndvi": 0.2, "priority": "Medium", "recommended_action": "Green park", "cost_estimate": 159138 }, "geometry": { "type": "Polygon", "coordinates": [ [ [ 91.747, 26.178 ], [ 91.747, 26.179 ], [ 91.746, 26.179 ], [ 91.746, 26.178 ], [ 91.747, 26.178 ] ] ] } },
{ "type": "Feature", "properties": { "grid_id": "91.7460_26.1790", "temperature": 41.5, "ndvi": 0.33, "priority": "High", "recommended_action": "Tree cover", "cost_estimate": 119904 }, "geometry": { "type": "Polygon", "coordinates": [ [ [ 91.747, 26.179 ], [ 91.747, 26.18 ], [ 91.746, 26.18 ], [ 91.746, 26.179 ], [ 91.747, 26.179 ] ] ] } },
{ "type": "Feature", "properties": { "grid_id": "91.7470_26.1500", "temperature": 37.5, "ndvi": -0.09, "priority": "Medium", "recommended_action": "None", "cost_estimate": 72916 }, "geometry": { "type": "Polygon", "coordinates": [ [ [ 91.748, 26.15 ], [ 91.748, 26.151 ], [ 91.747, 26.151 ], [ 91.747, 26.15 ], [ 91.748, 26.15 ] ] ] } },
{ "type": "Feature", "properties": { "grid_id": "91.7470_26.1510", "temperature": 29.4, "ndvi": 0.32, "priority": "High", "recommended_action": "Tree cover", "cost_estimate": 70024 }, "geometry": { "type": "Polygon", "coordinates": [ [ [ 91.748, 26.151 ], [ 91.748, 26.152 ], [ 91.747, 26.152 ], [ 91.747, 26.151 ], [ 91.748, 26.151 ] ] ] } },
{ "type": "Feature", "properties": { "grid_id": "91.7470_26.1520", "temperature": 39.4, "ndvi": 0.46, "priority": "High", "recommended_action": "Green park", "cost_estimate": 52637 }, "geometry": { "type": "Polygon", "coordinates": [ [ [ 91.748, 26.152 ], [ 91.748, 26.153 ], [ 91.747, 26.153 ], [ 91.747, 26.152 ], [ 91.748, 26.152 ] ] ] } },
{ "type": "Feature", "properties": { "grid_id": "91.7470_26.1530", "temperature": 33.5, "ndvi": 0.41, "priority": "Medium", "recommended_action": "Green park", "cost_estimate": 113228 }, "geometry": { "type": "Polygon", "coordinates": [ [ [ 91.748, 26.153 ], [ 91.748, 26.154 ], [ 91.747, 26.154 ], [ 91.747, 26.153 ], [ 91.748, 26.153 ] ] ] } },
{ "type": "Feature", "properties": { "grid_id": "91.7470_26.1540", "temperature": 34.4, "ndvi": 0.39, "priority": "High", "recommended_action": "Green park", "cost_estimate": 30095 }, "geometry": { "type": "Polygon", "coordinates": [ [ [ 91.748, 26.154 ], [ 91.748, 26.155 ], [ 91.747, 26.155 ], [ 91.747, 26.154 ], [ 91.748, 26.154 ] ] ] } },
{ "type": "Feature", "properties": { "grid_id": "91.7470_26.1550", "temperature": 41.9, "ndvi": 0.6, "priority": "Medium", "recommended_action": "Cool roof", "cost_estimate": 65456 }, "geometry": { "type": "Polygon", "coordinates": [ [ [ 91.748, 26.155 ], [ 91.748, 26.156 ], [ 91.747, 26.156 ], [ 91.747, 26.155 ], [ 91.748, 26.155 ] ] ] } },
{ "type": "Feature", "properties": { "grid_id": "91.7470_26.1560", "temperature": 31.6, "ndvi": 0.41, "priority": "High", "recommended_action": "None", "cost_estimate": 155287 }, "geometry": { "type": "Polygon", "coordinates": [ [ [ 91.748, 26.156 ], [ 91.748, 26.157 ], [ 91.747, 26.157 ], [ 91.747, 26.156 ], [ 91.748, 26.156 ] ] ] } },
{ "type": "Feature", "properties": { "grid_id": "91.7470_26.1570", "temperature": 36.3, "ndvi": 0.38, "priority": "Medium", "recommended_action": "Cool roof", "cost_estimate": 42833 }, "geometry": { "type": "Polygon", "coordinates": [ [ [ 91.748, 26.157 ], [ 91.748, 26.158 ], [ 91.747, 26.158 ], [ 91.747, 26.157 ], [ 91.748, 26.157 ] ] ] } },
{ "type": "Feature", "properties": { "grid_id": "91.7470_26.1580", "temperature": 33.2, "ndvi": 0.75, "priority": "Low", "recommended_action": "Tree cover", "cost_estimate": 28859 }, "geometry": { "type": "Polygon", "coordinates": [ [ [ 91.748, 26.158 ], [ 91.748, 26.159 ], [ 91.747, 26.159 ], [ 91.747, 26.158 ], [ 91.748, 26.158 ] ] ] } },
{ "type": "Feature", "properties": { "grid_id": "91.7470_26.1590", "temperature": 32.8, "ndvi": 0.41, "priority": "Low", "recommended_action": "Cool roof", "cost_estimate": 67538 }, "geometry": { "type": "Polygon", "coordinates": [ [ [ 91.748, 26.159 ], [ 91.748, 26.16 ], [ 91.747, 26.16 ], [ 91.747, 26.159 ], [ 91.748, 26.159 ] ] ] } },
{ "type": "Feature", "properties": { "grid_id": "91.7470_26.1600", "temperature": 38.1, "ndvi": 0.03, "priority": "Low", "recommended_action": "Green park", "cost_estimate": 22232 }, "geometry": { "type": "Polygon", "coordinates": [ [ [ 91.748, 26.16 ], [ 91.748, 26.161 ], [ 91.747, 26.161 ], [ 91.747, 26.16 ], [ 91.748, 26.16 ] ] ] } },
{ "type": "Feature", "properties": { "grid_id": "91.7470_26.1610", "temperature": 40.8, "ndvi": 0.28, "priority": "Medium", "recommended_action": "Tree cover", "cost_estimate": 111837 }, "geometry": { "type": "Polygon", "coordinates": [ [ [ 91.748, 26.161 ], [ 91.748, 26.162 ], [ 91.747, 26.162 ], [ 91.747, 26.161 ], [ 91.748, 26.161 ] ] ] } },
{ "type": "Feature", "properties": { "grid_id": "91.7470_26.1620", "temperature": 36.0, "ndvi": 0.58, "priority": "High", "recommended_action": "Green park", "cost_estimate": 148553 }, "geometry": { "type": "Polygon", "coordinates": [ [ [ 91.748, 26.162 ], [ 91.748, 26.163 ], [ 91.747, 26.163 ], [ 91.747, 26.162 ], [ 91.748, 26.162 ] ] ] } },
{ "type": "Feature", "properties": { "grid_id": "91.7470_26.1630", "temperature": 30.1, "ndvi": 0.26, "priority": "Medium", "recommended_action": "None", "cost_estimate": 10850 }, "geometry": { "type": "Polygon", "coordinates": [ [ [ 91.748, 26.163 ], [ 91.748, 26.164 ], [ 91.747, 26.164 ], [ 91.747, 26.163 ], [ 91.748, 26.163 ] ] ] } },
{ "type": "Feature", "properties": { "grid_id": "91.7470_26.1640", "temperature": 29.8, "ndvi": 0.52, "priority": "High", "recommended_action": "Green park", "cost_estimate": 181760 }, "geometry": { "type": "Polygon", "coordinates": [ [ [ 91.748, 26.164 ], [ 91.748, 26.165 ], [ 91.747, 26.165 ], [ 91.747, 26.164 ], [ 91.748, 26.164 ] ] ] } },
{ "type": "Feature", "properties": { "grid_id": "91.7470_26.1650", "temperature": 30.4, "ndvi": 0.31, "priority": "Low", "recommended_action": "Green park", "cost_estimate": 148685 }, "geometry": { "type": "Polygon", "coordinates": [ [ [ 91.748, 26.165 ], [ 91.748, 26.166 ], [ 91.747, 26.166 ], [ 91.747, 26.165 ], [ 91.748, 26.165 ] ] ] } },
{ "type": "Feature", "properties": { "grid_id": "91.7470_26.1660", "temperature": 39.6, "ndvi": 0.56, "priority": "Medium", "recommended_action": "Tree cover", "cost_estimate": 175980 }, "geometry": { "type": "Polygon", "coordinates": [ [ [ 91.748, 26.166 ], [ 91.748, 26.167 ], [ 91.747, 26.167 ], [ 91.747, 26.166 ], [ 91.748, 26.166 ] ] ] } },
{ "type": "Feature", "properties": { "grid_id": "91.7470_26.1670", "temperature": 40.2, "ndvi": 0.05, "priority": "High", "recommended_action": "Cool roof", "cost_estimate": 157682 }, "geometry": { "type": "Polygon", "coordinates": [ [ [ 91.748, 26.167 ], [ 91.748, 26.168 ], [ 91.747, 26.168 ], [ 91.747, 26.167 ], [ 91.748, 26.167 ] ] ] } },
{ "type": "Feature", "properties": { "grid_id": "91.7470_26.1680", "temperature": 37.5, "ndvi": 0.45, "priority": "Low", "recommended_action": "Cool roof", "cost_estimate": 99493 }, "geometry": { "type": "Polygon", "coordinates": [ [ [ 91.748, 26.168 ], [ 91.748, 26.169 ], [ 91.747, 26.169 ], [ 91.747, 26.168 ], [ 91.748, 26.168 ] ] ] } },
{ "type": "Feature", "properties": { "grid_id": "91.7470_26.1690", "temperature": 32.0, "ndvi": 0.1, "priority": "Medium", "recommended_action": "Cool roof", "cost_estimate": 149838 }, "geometry": { "type": "Polygon", "coordinates": [ [ [ 91.748, 26.169 ], [ 91.748, 26.17 ], [ 91.747, 26.17 ], [ 91.747, 26.169 ], [ 91.748, 26.169 ] ] ] } },
{ "type": "Feature", "properties": { "grid_id": "91.7470_26.1700", "temperature": 34.4, "ndvi": 0.49, "priority": "High", "recommended_action": "Tree cover", "cost_estimate": 39560 }, "geometry": { "type": "Polygon", "coordinates": [ [ [ 91.748, 26.17 ], [ 91.748, 26.171 ], [ 91.747, 26.171 ], [ 91.747, 26.17 ], [ 91.748, 26.17 ] ] ] } },
{ "type": "Feature", "properties": { "grid_id": "91.7470_26.1710", "temperature": 36.4, "ndvi": 0.16, "priority": "Medium", "recommended_action": "Tree cover", "cost_estimate": 152790 }, "geometry": { "type": "Polygon", "coordinates": [ [ [ 91.748, 26.171 ], [ 91.748, 26.172 ], [ 91.747, 26.172 ], [ 91.747, 26.171 ], [ 91.748, 26.171 ] ] ] } },
{ "type": "Feature", "properties": { "grid_id": "91.7470_26.1720", "temperature": 28.6, "ndvi": 0.75, "priority": "High", "recommended_action": "Cool roof", "cost_estimate": 86603 }, "geometry": { "type": "Polygon", "coordinates": [ [ [ 91.748, 26.172 ], [ 91.748, 26.173 ], [ 91.747, 26.173 ], [ 91.747, 26.172 ], [ 91.748, 26.172 ] ] ] } },
{ "type": "Feature", "properties": { "grid_id": "91.7470_26.1730", "temperature": 37.7, "ndvi": 0.58, "priority": "High", "recommended_action": "Green park", "cost_estimate": 156870 }, "geometry": { "type": "Polygon", "coordinates": [ [ [ 91.748, 26.173 ], [ 91.748, 26.174 ], [ 91.747, 26.174 ], [ 91.747, 26.173 ], [ 91.748, 26.173 ] ] ] } },
{ "type": "Feature", "properties": { "grid_id": "91.7470_26.1740", "temperature": 41.6, "ndvi": 0.1, "priority": "Medium", "recommended_action": "Cool roof", "cost_estimate": 90876 }, "geometry": { "type": "Polygon", "coordinates": [ [ [ 91.748, 26.174 ], [ 91.748, 26.175 ], [ 91.747, 26.175 ], [ 91.747, 26.174 ], [ 91.748, 26.174 ] ] ] } },
{ "type": "Feature", "properties": { "grid_id": "91.7470_26.1750", "temperature": 38.9, "ndvi": 0.3, "priority": "Low", "recommended_action": "Green park", "cost_estimate": 107854 }, "geometry": { "type": "Polygon", "coordinates": [ [ [ 91.748, 26.175 ], [ 91.748, 26.176 ], [ 91.747, 26.176 ], [ 91.747, 26.175 ], [ 91.748, 26.175 ] ] ] } },
{ "type": "Feature", "properties": { "grid_id": "91.7470_26.1760", "temperature": 32.5, "ndvi": 0.45, "priority": "Low", "recommended_action": "Green park", "cost_estimate": 192842 }, "geometry": { "type": "Polygon", "coordinates": [ [ [ 91.748, 26.176 ], [ 91.748, 26.177 ], [ 91.747, 26.177 ], [ 91.747, 26.176 ], [ 91.748, 26.176 ] ] ] } },
{ "type": "Feature", "properties": { "grid_id": "91.7470_26.1770", "temperature": 35.9, "ndvi": 0.01, "priority": "Low", "recommended_action": "Green park", "cost_estimate": 42224 }, "geometry": { "type": "Polygon", "coordinates": [ [ [ 91.748, 26.177 ], [ 91.748, 26.178 ], [ 91.747, 26.178 ], [ 91.747, 26.177 ], [ 91.748, 26.177 ] ] ] } },
{ "type": "Feature", "properties": { "grid_id": "91.7470_26.1780", "temperature": 28.8, "ndvi": 0.29, "priority": "High", "recommended_action": "None", "cost_estimate": 177001 }, "geometry": { "type": "Polygon", "coordinates": [ [ [ 91.748, 26.178 ], [ 91.748, 26.179 ], [ 91.747, 26.179 ], [ 91.747, 26.178 ], [ 91.748, 26.178 ] ] ] } },
{ "type": "Feature", "properties": { "grid_id": "91.7470_26.1790", "temperature": 38.3, "ndvi": 0.54, "priority": "Low", "recommended_action": "None", "cost_estimate": 92082 }, "geometry": { "type": "Polygon", "coordinates": [ [ [ 91.748, 26.179 ], [ 91.748, 26.18 ], [ 91.747, 26.18 ], [ 91.747, 26.179 ], [ 91.748, 26.179 ] ] ] } },
{ "type": "Feature", "properties": { "grid_id": "91.7480_26.1500", "temperature": 31.3, "ndvi": 0.18, "priority": "Medium", "recommended_action": "Tree cover", "cost_estimate": 67237 }, "geometry": { "type": "Polygon", "coordinates": [ [ [ 91.749, 26.15 ], [ 91.749, 26.151 ], [ 91.748, 26.151 ], [ 91.748, 26.15 ], [ 91.749, 26.15 ] ] ] } },
{ "type": "Feature", "properties": { "grid_id": "91.7480_26.1510", "temperature": 40.5, "ndvi": 0.7, "priority": "High", "recommended_action": "Tree cover", "cost_estimate": 128133 }, "geometry": { "type": "Polygon", "coordinates": [ [ [ 91.749, 26.151 ], [ 91.749, 26.152 ], [ 91.748, 26.152 ], [ 91.748, 26.151 ], [ 91.749, 26.151 ] ] ] } },
{ "type": "Feature", "properties": { "grid_id": "91.7480_26.1520", "temperature": 35.2, "ndvi": 0.74, "priority": "Medium", "recommended_action": "Tree cover", "cost_estimate": 109361 }, "geometry": { "type": "Polygon", "coordinates": [ [ [ 91.749, 26.152 ], [ 91.749, 26.153 ], [ 91.748, 26.153 ], [ 91.748, 26.152 ], [ 91.749, 26.152 ] ] ] } },
{ "type": "Feature", "properties": { "grid_id": "91.7480_26.1530", "temperature": 28.1, "ndvi": 0.31, "priority": "Low", "recommended_action": "Tree cover", "cost_estimate": 172269 }, "geometry": { "type": "Polygon", "coordinates": [ [ [ 91.749, 26.153 ], [ 91.749, 26.154 ], [ 91.748, 26.154 ], [ 91.748, 26.153 ], [ 91.749, 26.153 ] ] ] } },
{ "type": "Feature", "properties": { "grid_id": "91.7480_26.1540", "temperature": 33.9, "ndvi": 0.27, "priority": "High", "recommended_action": "Cool roof", "cost_estimate": 57414 }, "geometry": { "type": "Polygon", "coordinates": [ [ [ 91.749, 26.154 ], [ 91.749, 26.155 ], [ 91.748, 26.155 ], [ 91.748, 26.154 ], [ 91.749, 26.154 ] ] ] } },
{ "type": "Feature", "properties": { "grid_id": "91.7480_26.1550", "temperature": 40.1, "ndvi": 0.57, "priority": "Medium", "recommended_action": "Tree cover", "cost_estimate": 148838 }, "geometry": { "type": "Polygon", "coordinates": [ [ [ 91.749, 26.155 ], [ 91.749, 26.156 ], [ 91.748, 26.156 ], [ 91.748, 26.155 ], [ 91.749, 26.155 ] ] ] } },
{ "type": "Feature", "properties": { "grid_id": "91.7480_26.1560", "temperature": 37.9, "ndvi": 0.29, "priority": "Medium", "recommended_action": "Tree cover", "cost_estimate": 101262 }, "geometry": { "type": "Polygon", "coordinates": [ [ [ 91.749, 26.156 ], [ 91.749, 26.157 ], [ 91.748, 26.157 ], [ 91.748, 26.156 ], [ 91.749, 26.156 ] ] ] } },
{ "type": "Feature", "properties": { "grid_id": "91.7480_26.1570", "temperature": 35.7, "ndvi": 0.39, "priority": "High", "recommended_action": "Tree cover", "cost_estimate": 154951 }, "geometry": { "type": "Polygon", "coordinates": [ [ [ 91.749, 26.157 ], [ 91.749, 26.158 ], [ 91.748, 26.158 ], [ 91.748, 26.157 ], [ 91.749, 26.157 ] ] ] } },
{ "type": "Feature", "properties": { "grid_id": "91.7480_26.1580", "temperature": 31.7, "ndvi": 0.47, "priority": "High", "recommended_action": "Cool roof", "cost_estimate": 159200 }, "geometry": { "type": "Polygon", "coordinates": [ [ [ 91.749, 26.158 ], [ 91.749, 26.159 ], [ 91.748, 26.159 ], [ 91.748, 26.158 ], [ 91.749, 26.158 ] ] ] } },
{ "type": "Feature", "properties": { "grid_id": "91.7480_26.1590", "temperature": 32.0, "ndvi": 0.57, "priority": "High", "recommended_action": "Cool roof", "cost_estimate": 114566 }, "geometry": { "type": "Polygon", "coordinates": [ [ [ 91.749, 26.159 ], [ 91.749, 26.16 ], [ 91.748, 26.16 ], [ 91.748, 26.159 ], [ 91.749, 26.159 ] ] ] } },
{ "type": "Feature", "properties": { "grid_id": "91.7480_26.1600", "temperature": 35.7, "ndvi": 0.21, "priority": "Medium", "recommended_action": "None", "cost_estimate": 27901 }, "geometry": { "type": "Polygon", "coordinates": [ [ [ 91.749, 26.16 ], [ 91.749, 26.161 ], [ 91.748, 26.161 ], [ 91.748, 26.16 ], [ 91.749, 26.16 ] ] ] } },
{ "type": "Feature", "properties": { "grid_id": "91.7480_26.1610", "temperature": 38.3, "ndvi": 0.61, "priority": "Low", "recommended_action": "Tree cover", "cost_estimate": 48899 }, "geometry": { "type": "Polygon", "coordinates": [ [ [ 91.749, 26.161 ], [ 91.749, 26.162 ], [ 91.748, 26.162 ], [ 91.748, 26.161 ], [ 91.749, 26.161 ] ] ] } },
{ "type": "Feature", "properties": { "grid_id": "91.7480_26.1620", "temperature": 31.7, "ndvi": 0.41, "priority": "Medium", "recommended_action": "None", "cost_estimate": 165208 }, "geometry": { "type": "Polygon", "coordinates": [ [ [ 91.749, 26.162 ], [ 91.749, 26.163 ], [ 91.748, 26.163 ], [ 91.748, 26.162 ], [ 91.749, 26.162 ] ] ] } },
{ "type": "Feature", "properties": { "grid_id": "91.7480_26.1630", "temperature": 36.5, "ndvi": 0.66, "priority": "Medium", "recommended_action": "Green park", "cost_estimate": 194746 }, "geometry": { "type": "Polygon", "coordinates": [ [ [ 91.749, 26.163 ], [ 91.749, 26.164 ], [ 91.748, 26.164 ], [ 91.748, 26.163 ], [ 91.749, 26.163 ] ] ] } },
{ "type": "Feature", "properties": { "grid_id": "91.7480_26.1640", "temperature": 33.7, "ndvi": -0.04, "priority": "Medium", "recommended_action": "Green park", "cost_estimate": 98557 }, "geometry": { "type": "Polygon", "coordinates": [ [ [ 91.749, 26.164 ], [ 91.749, 26.165 ], [ 91.748, 26.165 ], [ 91.748, 26.164 ], [ 91.749, 26.164 ] ] ] } },
{ "type": "Feature", "properties": { "grid_id": "91.7480_26.1650", "temperature": 29.9, "ndvi": 0.14, "priority": "Low", "recommended_action": "Tree cover", "cost_estimate": 51202 }, "geometry": { "type": "Polygon", "coordinates": [ [ [ 91.749, 26.165 ], [ 91.749, 26.166 ], [ 91.748, 26.166 ], [ 91.748, 26.165 ], [ 91.749, 26.165 ] ] ] } },
{ "type": "Feature", "properties": { "grid_id": "91.7480_26.1660", "temperature": 30.0, "ndvi": 0.78, "priority": "Low", "recommended_action": "Green park", "cost_estimate": 156631 }, "geometry": { "type": "Polygon", "coordinates": [ [ [ 91.749, 26.166 ], [ 91.749, 26.167 ], [ 91.748, 26.167 ], [ 91.748, 26.166 ], [ 91.749, 26.166 ] ] ] } },
{ "type": "Feature", "properties": { "grid_id": "91.7480_26.1670", "temperature": 37.8, "ndvi": 0.42, "priority": "Low", "recommended_action": "Green park", "cost_estimate": 161220 }, "geometry": { "type": "Polygon", "coordinates": [ [ [ 91.749, 26.167 ], [ 91.749, 26.168 ], [ 91.748, 26.168 ], [ 91.748, 26.167 ], [ 91.749, 26.167 ] ] ] } },
{ "type": "Feature", "properties": { "grid_id": "91.7480_26.1680", "temperature": 29.2, "ndvi": 0.48, "priority": "Low", "recommended_action": "Green park", "cost_estimate": 173708 }, "geometry": { "type": "Polygon", "coordinates": [ [ [ 91.749, 26.168 ], [ 91.749, 26.169 ], [ 91.748, 26.169 ], [ 91.748, 26.168 ], [ 91.749, 26.168 ] ] ] } },
{ "type": "Feature", "properties": { "grid_id": "91.7480_26.1690", "temperature": 39.4, "ndvi": 0.42, "priority": "Low", "recommended_action": "Tree cover", "cost_estimate": 52193 }, "geometry": { "type": "Polygon", "coordinates": [ [ [ 91.749, 26.169 ], [ 91.749, 26.17 ], [ 91.748, 26.17 ], [ 91.748, 26.169 ], [ 91.749, 26.169 ] ] ] } },
{ "type": "Feature", "properties": { "grid_id": "91.7480_26.1700", "temperature": 33.1, "ndvi": -0.04, "priority": "Low", "recommended_action": "Cool roof", "cost_estimate": 140071 }, "geometry": { "type": "Polygon", "coordinates": [ [ [ 91.749, 26.17 ], [ 91.749, 26.171 ], [ 91.748, 26.171 ], [ 91.748, 26.17 ], [ 91.749, 26.17 ] ] ] } },
{ "type": "Feature", "properties": { "grid_id": "91.7480_26.1710", "temperature": 28.2, "ndvi": 0.02, "priority": "Low", "recommended_action": "None", "cost_estimate": 193029 }, "geometry": { "type": "Polygon", "coordinates": [ [ [ 91.749, 26.171 ], [ 91.749, 26.172 ], [ 91.748, 26.172 ], [ 91.748, 26.171 ], [ 91.749, 26.171 ] ] ] } },
{ "type": "Feature", "properties": { "grid_id": "91.7480_26.1720", "temperature": 31.0, "ndvi": 0.57, "priority": "Low", "recommended_action": "None", "cost_estimate": 64045 }, "geometry": { "type": "Polygon", "coordinates": [ [ [ 91.749, 26.172 ], [ 91.749, 26.173 ], [ 91.748, 26.173 ], [ 91.748, 26.172 ], [ 91.749, 26.172 ] ] ] } },
{ "type": "Feature", "properties": { "grid_id": "91.7480_26.1730", "temperature": 29.5, "ndvi": 0.23, "priority": "Medium", "recommended_action": "None", "cost_estimate": 65616 }, "geometry": { "type": "Polygon", "coordinates": [ [ [ 91.749, 26.173 ], [ 91.749, 26.174 ], [ 91.748, 26.174 ], [ 91.748, 26.173 ], [ 91.749, 26.173 ] ] ] } },
{ "type": "Feature", "properties": { "grid_id": "91.7480_26.1740", "temperature": 38.4, "ndvi": 0.33, "priority": "High", "recommended_action": "Green park", "cost_estimate": 135817 }, "geometry": { "type": "Polygon", "coordinates": [ [ [ 91.749, 26.174 ], [ 91.749, 26.175 ], [ 91.748, 26.175 ], [ 91.748, 26.174 ], [ 91.749, 26.174 ] ] ] } },
{ "type": "Feature", "properties": { "grid_id": "91.7480_26.1750", "temperature": 30.1, "ndvi": 0.04, "priority": "High", "recommended_action": "Tree cover", "cost_estimate": 117548 }, "geometry": { "type": "Polygon", "coordinates": [ [ [ 91.749, 26.175 ], [ 91.749, 26.176 ], [ 91.748, 26.176 ], [ 91.748, 26.175 ], [ 91.749, 26.175 ] ] ] } },
{ "type": "Feature", "properties": { "grid_id": "91.7480_26.1760", "temperature": 40.7, "ndvi": 0.71, "priority": "Low", "recommended_action": "Tree cover", "cost_estimate": 53244 }, "geometry": { "type": "Polygon", "coordinates": [ [ [ 91.749, 26.176 ], [ 91.749, 26.177 ], [ 91.748, 26.177 ], [ 91.748, 26.176 ], [ 91.749, 26.176 ] ] ] } },
{ "type": "Feature", "properties": { "grid_id": "91.7480_26.1770", "temperature": 28.2, "ndvi": 0.71, "priority": "Low", "recommended_action": "Cool roof", "cost_estimate": 82390 }, "geometry": { "type": "Polygon", "coordinates": [ [ [ 91.749, 26.177 ], [ 91.749, 26.178 ], [ 91.748, 26.178 ], [ 91.748, 26.177 ], [ 91.749, 26.177 ] ] ] } },
{ "type": "Feature", "properties": { "grid_id": "91.7480_26.1780", "temperature": 41.8, "ndvi": 0.57, "priority": "Medium", "recommended_action": "Green park", "cost_estimate": 188175 }, "geometry": { "type": "Polygon", "coordinates": [ [ [ 91.749, 26.178 ], [ 91.749, 26.179 ], [ 91.748, 26.179 ], [ 91.748, 26.178 ], [ 91.749, 26.178 ] ] ] } },
{ "type": "Feature", "properties": { "grid_id": "91.7480_26.1790", "temperature": 33.3, "ndvi": 0.39, "priority": "Low", "recommended_action": "Cool roof", "cost_estimate": 30602 }, "geometry": { "type": "Polygon", "coordinates": [ [ [ 91.749, 26.179 ], [ 91.749, 26.18 ], [ 91.748, 26.18 ], [ 91.748, 26.179 ], [ 91.749, 26.179 ] ] ] } },
{ "type": "Feature", "properties": { "grid_id": "91.7490_26.1500", "temperature": 41.5, "ndvi": 0.17, "priority": "Low", "recommended_action": "Cool roof", "cost_estimate": 21732 }, "geometry": { "type": "Polygon", "coordinates": [ [ [ 91.75, 26.15 ], [ 91.75, 26.151 ], [ 91.749, 26.151 ], [ 91.749, 26.15 ], [ 91.75, 26.15 ] ] ] } },
{ "type": "Feature", "properties": { "grid_id": "91.7490_26.1510", "temperature": 38.6, "ndvi": 0.36, "priority": "Low", "recommended_action": "Green park", "cost_estimate": 97339 }, "geometry": { "type": "Polygon", "coordinates": [ [ [ 91.75, 26.151 ], [ 91.75, 26.152 ], [ 91.749, 26.152 ], [ 91.749, 26.151 ], [ 91.75, 26.151 ] ] ] } },
{ "type": "Feature", "properties": { "grid_id": "91.7490_26.1520", "temperature": 36.6, "ndvi": 0.25, "priority": "High", "recommended_action": "Green park", "cost_estimate": 144514 }, "geometry": { "type": "Polygon", "coordinates": [ [ [ 91.75, 26.152 ], [ 91.75, 26.153 ], [ 91.749, 26.153 ], [ 91.749, 26.152 ], [ 91.75, 26.152 ] ] ] } },
{ "type": "Feature", "properties": { "grid_id": "91.7490_26.1530", "temperature": 28.6, "ndvi": 0.22, "priority": "High", "recommended_action": "None", "cost_estimate": 189187 }, "geometry": { "type": "Polygon", "coordinates": [ [ [ 91.75, 26.153 ], [ 91.75, 26.154 ], [ 91.749, 26.154 ], [ 91.749, 26.153 ], [ 91.75, 26.153 ] ] ] } },
{ "type": "Feature", "properties": { "grid_id": "91.7490_26.1540", "temperature": 41.2, "ndvi": 0.01, "priority": "Low", "recommended_action": "Green park", "cost_estimate": 16017 }, "geometry": { "type": "Polygon", "coordinates": [ [ [ 91.75, 26.154 ], [ 91.75, 26.155 ], [ 91.749, 26.155 ], [ 91.749, 26.154 ], [ 91.75, 26.154 ] ] ] } },
{ "type": "Feature", "properties": { "grid_id": "91.7490_26.1550", "temperature": 29.5, "ndvi": 0.39, "priority": "High", "recommended_action": "None", "cost_estimate": 184978 }, "geometry": { "type": "Polygon", "coordinates": [ [ [ 91.75, 26.155 ], [ 91.75, 26.156 ], [ 91.749, 26.156 ], [ 91.749, 26.155 ], [ 91.75, 26.155 ] ] ] } },
{ "type": "Feature", "properties": { "grid_id": "91.7490_26.1560", "temperature": 37.8, "ndvi": 0.26, "priority": "High", "recommended_action": "Tree cover", "cost_estimate": 16582 }, "geometry": { "type": "Polygon", "coordinates": [ [ [ 91.75, 26.156 ], [ 91.75, 26.157 ], [ 91.749, 26.157 ], [ 91.749, 26.156 ], [ 91.75, 26.156 ] ] ] } },
{ "type": "Feature", "properties": { "grid_id": "91.7490_26.1570", "temperature": 29.3, "ndvi": -0.01, "priority": "High", "recommended_action": "Tree cover", "cost_estimate": 127234 }, "geometry": { "type": "Polygon", "coordinates": [ [ [ 91.75, 26.157 ], [ 91.75, 26.158 ], [ 91.749, 26.158 ], [ 91.749, 26.157 ], [ 91.75, 26.157 ] ] ] } },
{ "type": "Feature", "properties": { "grid_id": "91.7490_26.1580", "temperature": 28.5, "ndvi": 0.19, "priority": "High", "recommended_action": "Green park", "cost_estimate": 156604 }, "geometry": { "type": "Polygon", "coordinates": [ [ [ 91.75, 26.158 ], [ 91.75, 26.159 ], [ 91.749, 26.159 ], [ 91.749, 26.158 ], [ 91.75, 26.158 ] ] ] } },
{ "type": "Feature", "properties": { "grid_id": "91.7490_26.1590", "temperature": 41.1, "ndvi": 0.67, "priority": "High", "recommended_action": "Tree cover", "cost_estimate": 186764 }, "geometry": { "type": "Polygon", "coordinates": [ [ [ 91.75, 26.159 ], [ 91.75, 26.16 ], [ 91.749, 26.16 ], [ 91.749, 26.159 ], [ 91.75, 26.159 ] ] ] } },
{ "type": "Feature", "properties": { "grid_id": "91.7490_26.1600", "temperature": 32.3, "ndvi": 0.39, "priority": "High", "recommended_action": "Cool roof", "cost_estimate": 145510 }, "geometry": { "type": "Polygon", "coordinates": [ [ [ 91.75, 26.16 ], [ 91.75, 26.161 ], [ 91.749, 26.161 ], [ 91.749, 26.16 ], [ 91.75, 26.16 ] ] ] } },
{ "type": "Feature", "properties": { "grid_id": "91.7490_26.1610", "temperature": 36.7, "ndvi": 0.06, "priority": "Medium", "recommended_action": "Cool roof", "cost_estimate": 149833 }, "geometry": { "type": "Polygon", "coordinates": [ [ [ 91.75, 26.161 ], [ 91.75, 26.162 ], [ 91.749, 26.162 ], [ 91.749, 26.161 ], [ 91.75, 26.161 ] ] ] } },
{ "type": "Feature", "properties": { "grid_id": "91.7490_26.1620", "temperature": 40.9, "ndvi": 0.27, "priority": "Low", "recommended_action": "Tree cover", "cost_estimate": 142328 }, "geometry": { "type": "Polygon", "coordinates": [ [ [ 91.75, 26.162 ], [ 91.75, 26.163 ], [ 91.749, 26.163 ], [ 91.749, 26.162 ], [ 91.75, 26.162 ] ] ] } },
{ "type": "Feature", "properties": { "grid_id": "91.7490_26.1630", "temperature": 33.0, "ndvi": -0.01, "priority": "Medium", "recommended_action": "None", "cost_estimate": 20763 }, "geometry": { "type": "Polygon", "coordinates": [ [ [ 91.75, 26.163 ], [ 91.75, 26.164 ], [ 91.749, 26.164 ], [ 91.749, 26.163 ], [ 91.75, 26.163 ] ] ] } },
{ "type": "Feature", "properties": { "grid_id": "91.7490_26.1640", "temperature": 28.4, "ndvi": -0.03, "priority": "High", "recommended_action": "None", "cost_estimate": 45327 }, "geometry": { "type": "Polygon", "coordinates": [ [ [ 91.75, 26.164 ], [ 91.75, 26.165 ], [ 91.749, 26.165 ], [ 91.749, 26.164 ], [ 91.75, 26.164 ] ] ] } },
{ "type": "Feature", "properties": { "grid_id": "91.7490_26.1650", "temperature": 37.7, "ndvi": 0.11, "priority": "High", "recommended_action": "Cool roof", "cost_estimate": 73265 }, "geometry": { "type": "Polygon", "coordinates": [ [ [ 91.75, 26.165 ], [ 91.75, 26.166 ], [ 91.749, 26.166 ], [ 91.749, 26.165 ], [ 91.75, 26.165 ] ] ] } },
{ "type": "Feature", "properties": { "grid_id": "91.7490_26.1660", "temperature": 39.6, "ndvi": 0.41, "priority": "Low", "recommended_action": "Cool roof", "cost_estimate": 182279 }, "geometry": { "type": "Polygon", "coordinates": [ [ [ 91.75, 26.166 ], [ 91.75, 26.167 ], [ 91.749, 26.167 ], [ 91.749, 26.166 ], [ 91.75, 26.166 ] ] ] } },
{ "type": "Feature", "properties": { "grid_id": "91.7490_26.1670", "temperature": 31.1, "ndvi": 0.44, "priority": "High", "recommended_action": "None", "cost_estimate": 171936 }, "geometry": { "type": "Polygon", "coordinates": [ [ [ 91.75, 26.167 ], [ 91.75, 26.168 ], [ 91.749, 26.168 ], [ 91.749, 26.167 ], [ 91.75, 26.167 ] ] ] } },
{ "type": "Feature", "properties": { "grid_id": "91.7490_26.1680", "temperature": 36.2, "ndvi": 0.53, "priority": "Low", "recommended_action": "Cool roof", "cost_estimate": 28426 }, "geometry": { "type": "Polygon", "coordinates": [ [ [ 91.75, 26.168 ], [ 91.75, 26.169 ], [ 91.749, 26.169 ], [ 91.749, 26.168 ], [ 91.75, 26.168 ] ] ] } },
{ "type": "Feature", "properties": { "grid_id": "91.7490_26.1690", "temperature": 38.6, "ndvi": 0.79, "priority": "Medium", "recommended_action": "Tree cover", "cost_estimate": 81481 }, "geometry": { "type": "Polygon", "coordinates": [ [ [ 91.75, 26.169 ], [ 91.75, 26.17 ], [ 91.749, 26.17 ], [ 91.749, 26.169 ], [ 91.75, 26.169 ] ] ] } },
{ "type": "Feature", "properties": { "grid_id": "91.7490_26.1700", "temperature": 36.2, "ndvi": 0.35, "priority": "High", "recommended_action": "None", "cost_estimate": 97028 }, "geometry": { "type": "Polygon", "coordinates": [ [ [ 91.75, 26.17 ], [ 91.75, 26.171 ], [ 91.749, 26.171 ], [ 91.749, 26.17 ], [ 91.75, 26.17 ] ] ] } },
{ "type": "Feature", "properties": { "grid_id": "91.7490_26.1710", "temperature": 31.2, "ndvi": 0.12, "priority": "Medium", "recommended_action": "Tree cover", "cost_estimate": 100026 }, "geometry": { "type": "Polygon", "coordinates": [ [ [ 91.75, 26.171 ], [ 91.75, 26.172 ], [ 91.749, 26.172 ], [ 91.749, 26.171 ], [ 91.75, 26.171 ] ] ] } },
{ "type": "Feature", "properties": { "grid_id": "91.7490_26.1720", "temperature": 36.1, "ndvi": 0.15, "priority": "Medium", "recommended_action": "Tree cover", "cost_estimate": 15169 }, "geometry": { "type": "Polygon", "coordinates": [ [ [ 91.75, 26.172 ], [ 91.75, 26.173 ], [ 91.749, 26.173 ], [ 91.749, 26.172 ], [ 91.75, 26.172 ] ] ] } },
{ "type": "Feature", "properties": { "grid_id": "91.7490_26.1730", "temperature": 29.3, "ndvi": 0.02, "priority": "High", "recommended_action": "Cool roof", "cost_estimate": 101824 }, "geometry": { "type": "Polygon", "coordinates": [ [ [ 91.75, 26.173 ], [ 91.75, 26.174 ], [ 91.749, 26.174 ], [ 91.749, 26.173 ], [ 91.75, 26.173 ] ] ] } },
{ "type": "Feature", "properties": { "grid_id": "91.7490_26.1740", "temperature": 31.9, "ndvi": -0.02, "priority": "High", "recommended_action": "Tree cover", "cost_estimate": 5027 }, "geometry": { "type": "Polygon", "coordinates": [ [ [ 91.75, 26.174 ], [ 91.75, 26.175 ], [ 91.749, 26.175 ], [ 91.749, 26.174 ], [ 91.75, 26.174 ] ] ] } },
{ "type": "Feature", "properties": { "grid_id": "91.7490_26.1750", "temperature": 31.9, "ndvi": 0.5, "priority": "Low", "recommended_action": "Cool roof", "cost_estimate": 131148 }, "geometry": { "type": "Polygon", "coordinates": [ [ [ 91.75, 26.175 ], [ 91.75, 26.176 ], [ 91.749, 26.176 ], [ 91.749, 26.175 ], [ 91.75, 26.175 ] ] ] } },
{ "type": "Feature", "properties": { "grid_id": "91.7490_26.1760", "temperature": 29.2, "ndvi": 0.74, "priority": "Low", "recommended_action": "None", "cost_estimate": 28133 }, "geometry": { "type": "Polygon", "coordinates": [ [ [ 91.75, 26.176 ], [ 91.75, 26.177 ], [ 91.749, 26.177 ], [ 91.749, 26.176 ], [ 91.75, 26.176 ] ] ] } },
{ "type": "Feature", "properties": { "grid_id": "91.7490_26.1770", "temperature": 34.7, "ndvi": -0.01, "priority": "High", "recommended_action": "Tree cover", "cost_estimate": 59612 }, "geometry": { "type": "Polygon", "coordinates": [ [ [ 91.75, 26.177 ], [ 91.75, 26.178 ], [ 91.749, 26.178 ], [ 91.749, 26.177 ], [ 91.75, 26.177 ] ] ] } },
{ "type": "Feature", "properties": { "grid_id": "91.7490_26.1780", "temperature": 37.9, "ndvi": 0.18, "priority": "High", "recommended_action": "Cool roof", "cost_estimate": 134525 }, "geometry": { "type": "Polygon", "coordinates": [ [ [ 91.75, 26.178 ], [ 91.75, 26.179 ], [ 91.749, 26.179 ], [ 91.749, 26.178 ], [ 91.75, 26.178 ] ] ] } },
{ "type": "Feature", "properties": { "grid_id": "91.7490_26.1790", "temperature": 31.0, "ndvi": 0.53, "priority": "High", "recommended_action": "Green park", "cost_estimate": 138303 }, "geometry": { "type": "Polygon", "coordinates": [ [ [ 91.75, 26.179 ], [ 91.75, 26.18 ], [ 91.749, 26.18 ], [ 91.749, 26.179 ], [ 91.75, 26.179 ] ] ] } },
{ "type": "Feature", "properties": { "grid_id": "91.7500_26.1500", "temperature": 32.7, "ndvi": 0.67, "priority": "High", "recommended_action": "Cool roof", "cost_estimate": 55955 }, "geometry": { "type": "Polygon", "coordinates": [ [ [ 91.751000000000104, 26.15 ], [ 91.751000000000104, 26.151 ], [ 91.75, 26.151 ], [ 91.75, 26.15 ], [ 91.751000000000104, 26.15 ] ] ] } },
{ "type": "Feature", "properties": { "grid_id": "91.7500_26.1510", "temperature": 40.9, "ndvi": 0.22, "priority": "High", "recommended_action": "Green park", "cost_estimate": 85264 }, "geometry": { "type": "Polygon", "coordinates": [ [ [ 91.751000000000104, 26.151 ], [ 91.751000000000104, 26.152 ], [ 91.75, 26.152 ], [ 91.75, 26.151 ], [ 91.751000000000104, 26.151 ] ] ] } },
{ "type": "Feature", "properties": { "grid_id": "91.7500_26.1520", "temperature": 38.8, "ndvi": -0.06, "priority": "Medium", "recommended_action": "Tree cover", "cost_estimate": 48997 }, "geometry": { "type": "Polygon", "coordinates": [ [ [ 91.751000000000104, 26.152 ], [ 91.751000000000104, 26.153 ], [ 91.75, 26.153 ], [ 91.75, 26.152 ], [ 91.751000000000104, 26.152 ] ] ] } },
{ "type": "Feature", "properties": { "grid_id": "91.7500_26.1530", "temperature": 29.8, "ndvi": 0.13, "priority": "Low", "recommended_action": "Green park", "cost_estimate": 138572 }, "geometry": { "type": "Polygon", "coordinates": [ [ [ 91.751000000000104, 26.153 ], [ 91.751000000000104, 26.154 ], [ 91.75, 26.154 ], [ 91.75, 26.153 ], [ 91.751000000000104, 26.153 ] ] ] } },
{ "type": "Feature", "properties": { "grid_id": "91.7500_26.1540", "temperature": 35.8, "ndvi": 0.24, "priority": "Low", "recommended_action": "Cool roof", "cost_estimate": 147072 }, "geometry": { "type": "Polygon", "coordinates": [ [ [ 91.751000000000104, 26.154 ], [ 91.751000000000104, 26.155 ], [ 91.75, 26.155 ], [ 91.75, 26.154 ], [ 91.751000000000104, 26.154 ] ] ] } },
{ "type": "Feature", "properties": { "grid_id": "91.7500_26.1550", "temperature": 35.1, "ndvi": 0.32, "priority": "High", "recommended_action": "None", "cost_estimate": 82128 }, "geometry": { "type": "Polygon", "coordinates": [ [ [ 91.751000000000104, 26.155 ], [ 91.751000000000104, 26.156 ], [ 91.75, 26.156 ], [ 91.75, 26.155 ], [ 91.751000000000104, 26.155 ] ] ] } },
{ "type": "Feature", "properties": { "grid_id": "91.7500_26.1560", "temperature": 35.0, "ndvi": 0.15, "priority": "Medium", "recommended_action": "None", "cost_estimate": 9580 }, "geometry": { "type": "Polygon", "coordinates": [ [ [ 91.751000000000104, 26.156 ], [ 91.751000000000104, 26.157 ], [ 91.75, 26.157 ], [ 91.75, 26.156 ], [ 91.751000000000104, 26.156 ] ] ] } },
{ "type": "Feature", "properties": { "grid_id": "91.7500_26.1570", "temperature": 35.9, "ndvi": 0.06, "priority": "Medium", "recommended_action": "Cool roof", "cost_estimate": 51369 }, "geometry": { "type": "Polygon", "coordinates": [ [ [ 91.751000000000104, 26.157 ], [ 91.751000000000104, 26.158 ], [ 91.75, 26.158 ], [ 91.75, 26.157 ], [ 91.751000000000104, 26.157 ] ] ] } },
{ "type": "Feature", "properties": { "grid_id": "91.7500_26.1580", "temperature": 38.9, "ndvi": -0.01, "priority": "High", "recommended_action": "Tree cover", "cost_estimate": 152901 }, "geometry": { "type": "Polygon", "coordinates": [ [ [ 91.751000000000104, 26.158 ], [ 91.751000000000104, 26.159 ], [ 91.75, 26.159 ], [ 91.75, 26.158 ], [ 91.751000000000104, 26.158 ] ] ] } },
{ "type": "Feature", "properties": { "grid_id": "91.7500_26.1590", "temperature": 29.2, "ndvi": 0.48, "priority": "Low", "recommended_action": "Cool roof", "cost_estimate": 31090 }, "geometry": { "type": "Polygon", "coordinates": [ [ [ 91.751000000000104, 26.159 ], [ 91.751000000000104, 26.16 ], [ 91.75, 26.16 ], [ 91.75, 26.159 ], [ 91.751000000000104, 26.159 ] ] ] } },
{ "type": "Feature", "properties": { "grid_id": "91.7500_26.1600", "temperature": 39.3, "ndvi": -0.0, "priority": "Low", "recommended_action": "Tree cover", "cost_estimate": 147514 }, "geometry": { "type": "Polygon", "coordinates": [ [ [ 91.751000000000104, 26.16 ], [ 91.751000000000104, 26.161 ], [ 91.75, 26.161 ], [ 91.75, 26.16 ], [ 91.751000000000104, 26.16 ] ] ] } },
{ "type": "Feature", "properties": { "grid_id": "91.7500_26.1610", "temperature": 29.6, "ndvi": 0.25, "priority": "Low", "recommended_action": "Tree cover", "cost_estimate": 68954 }, "geometry": { "type": "Polygon", "coordinates": [ [ [ 91.751000000000104, 26.161 ], [ 91.751000000000104, 26.162 ], [ 91.75, 26.162 ], [ 91.75, 26.161 ], [ 91.751000000000104, 26.161 ] ] ] } },
{ "type": "Feature", "properties": { "grid_id": "91.7500_26.1620", "temperature": 40.7, "ndvi": 0.46, "priority": "Low", "recommended_action": "Green park", "cost_estimate": 117054 }, "geometry": { "type": "Polygon", "coordinates": [ [ [ 91.751000000000104, 26.162 ], [ 91.751000000000104, 26.163 ], [ 91.75, 26.163 ], [ 91.75, 26.162 ], [ 91.751000000000104, 26.162 ] ] ] } },
{ "type": "Feature", "properties": { "grid_id": "91.7500_26.1630", "temperature": 28.2, "ndvi": 0.64, "priority": "Medium", "recommended_action": "None", "cost_estimate": 36472 }, "geometry": { "type": "Polygon", "coordinates": [ [ [ 91.751000000000104, 26.163 ], [ 91.751000000000104, 26.164 ], [ 91.75, 26.164 ], [ 91.75, 26.163 ], [ 91.751000000000104, 26.163 ] ] ] } },
{ "type": "Feature", "properties": { "grid_id": "91.7500_26.1640", "temperature": 32.5, "ndvi": 0.4, "priority": "High", "recommended_action": "Green park", "cost_estimate": 145129 }, "geometry": { "type": "Polygon", "coordinates": [ [ [ 91.751000000000104, 26.164 ], [ 91.751000000000104, 26.165 ], [ 91.75, 26.165 ], [ 91.75, 26.164 ], [ 91.751000000000104, 26.164 ] ] ] } },
{ "type": "Feature", "properties": { "grid_id": "91.7500_26.1650", "temperature": 40.9, "ndvi": 0.27, "priority": "High", "recommended_action": "Tree cover", "cost_estimate": 77934 }, "geometry": { "type": "Polygon", "coordinates": [ [ [ 91.751000000000104, 26.165 ], [ 91.751000000000104, 26.166 ], [ 91.75, 26.166 ], [ 91.75, 26.165 ], [ 91.751000000000104, 26.165 ] ] ] } },
{ "type": "Feature", "properties": { "grid_id": "91.7500_26.1660", "temperature": 35.7, "ndvi": -0.02, "priority": "Low", "recommended_action": "None", "cost_estimate": 172960 }, "geometry": { "type": "Polygon", "coordinates": [ [ [ 91.751000000000104, 26.166 ], [ 91.751000000000104, 26.167 ], [ 91.75, 26.167 ], [ 91.75, 26.166 ], [ 91.751000000000104, 26.166 ] ] ] } },
{ "type": "Feature", "properties": { "grid_id": "91.7500_26.1670", "temperature": 34.0, "ndvi": 0.61, "priority": "High", "recommended_action": "Green park", "cost_estimate": 22036 }, "geometry": { "type": "Polygon", "coordinates": [ [ [ 91.751000000000104, 26.167 ], [ 91.751000000000104, 26.168 ], [ 91.75, 26.168 ], [ 91.75, 26.167 ], [ 91.751000000000104, 26.167 ] ] ] } },
{ "type": "Feature", "properties": { "grid_id": "91.7500_26.1680", "temperature": 41.7, "ndvi": 0.55, "priority": "Medium", "recommended_action": "Cool roof", "cost_estimate": 131382 }, "geometry": { "type": "Polygon", "coordinates": [ [ [ 91.751000000000104, 26.168 ], [ 91.751000000000104, 26.169 ], [ 91.75, 26.169 ], [ 91.75, 26.168 ], [ 91.751000000000104, 26.168 ] ] ] } },
{ "type": "Feature", "properties": { "grid_id": "91.7500_26.1690", "temperature": 33.9, "ndvi": 0.4, "priority": "Low", "recommended_action": "Green park", "cost_estimate": 121664 }, "geometry": { "type": "Polygon", "coordinates": [ [ [ 91.751000000000104, 26.169 ], [ 91.751000000000104, 26.17 ], [ 91.75, 26.17 ], [ 91.75, 26.169 ], [ 91.751000000000104, 26.169 ] ] ] } },
{ "type": "Feature", "properties": { "grid_id": "91.7500_26.1700", "temperature": 41.5, "ndvi": 0.01, "priority": "Medium", "recommended_action": "Green park", "cost_estimate": 55557 }, "geometry": { "type": "Polygon", "coordinates": [ [ [ 91.751000000000104, 26.17 ], [ 91.751000000000104, 26.171 ], [ 91.75, 26.171 ], [ 91.75, 26.17 ], [ 91.751000000000104, 26.17 ] ] ] } },
{ "type": "Feature", "properties": { "grid_id": "91.7500_26.1710", "temperature": 34.4, "ndvi": 0.1, "priority": "High", "recommended_action": "Green park", "cost_estimate": 88348 }, "geometry": { "type": "Polygon", "coordinates": [ [ [ 91.751000000000104, 26.171 ], [ 91.751000000000104, 26.172 ], [ 91.75, 26.172 ], [ 91.75, 26.171 ], [ 91.751000000000104, 26.171 ] ] ] } },
{ "type": "Feature", "properties": { "grid_id": "91.7500_26.1720", "temperature": 32.1, "ndvi": 0.54, "priority": "High", "recommended_action": "Tree cover", "cost_estimate": 127220 }, "geometry": { "type": "Polygon", "coordinates": [ [ [ 91.751000000000104, 26.172 ], [ 91.751000000000104, 26.173 ], [ 91.75, 26.173 ], [ 91.75, 26.172 ], [ 91.751000000000104, 26.172 ] ] ] } },
{ "type": "Feature", "properties": { "grid_id": "91.7500_26.1730", "temperature": 33.6, "ndvi": 0.69, "priority": "Low", "recommended_action": "Tree cover", "cost_estimate": 159940 }, "geometry": { "type": "Polygon", "coordinates": [ [ [ 91.751000000000104, 26.173 ], [ 91.751000000000104, 26.174 ], [ 91.75, 26.174 ], [ 91.75, 26.173 ], [ 91.751000000000104, 26.173 ] ] ] } },
{ "type": "Feature", "properties": { "grid_id": "91.7500_26.1740", "temperature": 38.5, "ndvi": 0.19, "priority": "Medium", "recommended_action": "None", "cost_estimate": 137888 }, "geometry": { "type": "Polygon", "coordinates": [ [ [ 91.751000000000104, 26.174 ], [ 91.751000000000104, 26.175 ], [ 91.75, 26.175 ], [ 91.75, 26.174 ], [ 91.751000000000104, 26.174 ] ] ] } },
{ "type": "Feature", "properties": { "grid_id": "91.7500_26.1750", "temperature": 29.2, "ndvi": 0.73, "priority": "Medium", "recommended_action": "Green park", "cost_estimate": 171176 }, "geometry": { "type": "Polygon", "coordinates": [ [ [ 91.751000000000104, 26.175 ], [ 91.751000000000104, 26.176 ], [ 91.75, 26.176 ], [ 91.75, 26.175 ], [ 91.751000000000104, 26.175 ] ] ] } },
{ "type": "Feature", "properties": { "grid_id": "91.7500_26.1760", "temperature": 39.1, "ndvi": 0.18, "priority": "Low", "recommended_action": "Cool roof", "cost_estimate": 25143 }, "geometry": { "type": "Polygon", "coordinates": [ [ [ 91.751000000000104, 26.176 ], [ 91.751000000000104, 26.177 ], [ 91.75, 26.177 ], [ 91.75, 26.176 ], [ 91.751000000000104, 26.176 ] ] ] } },
{ "type": "Feature", "properties": { "grid_id": "91.7500_26.1770", "temperature": 30.7, "ndvi": 0.63, "priority": "Low", "recommended_action": "Tree cover", "cost_estimate": 199640 }, "geometry": { "type": "Polygon", "coordinates": [ [ [ 91.751000000000104, 26.177 ], [ 91.751000000000104, 26.178 ], [ 91.75, 26.178 ], [ 91.75, 26.177 ], [ 91.751000000000104, 26.177 ] ] ] } },
{ "type": "Feature", "properties": { "grid_id": "91.7500_26.1780", "temperature": 35.4, "ndvi": 0.57, "priority": "High", "recommended_action": "Green park", "cost_estimate": 13816 }, "geometry": { "type": "Polygon", "coordinates": [ [ [ 91.751000000000104, 26.178 ], [ 91.751000000000104, 26.179 ], [ 91.75, 26.179 ], [ 91.75, 26.178 ], [ 91.751000000000104, 26.178 ] ] ] } },
{ "type": "Feature", "properties": { "grid_id": "91.7500_26.1790", "temperature": 40.5, "ndvi": 0.68, "priority": "Low", "recommended_action": "None", "cost_estimate": 25059 }, "geometry": { "type": "Polygon", "coordinates": [ [ [ 91.751000000000104, 26.179 ], [ 91.751000000000104, 26.18 ], [ 91.75, 26.18 ], [ 91.75, 26.179 ], [ 91.751000000000104, 26.179 ] ] ] } },
{ "type": "Feature", "properties": { "grid_id": "91.7510_26.1500", "temperature": 33.6, "ndvi": 0.49, "priority": "Low", "recommended_action": "Tree cover", "cost_estimate": 85717 }, "geometry": { "type": "Polygon", "coordinates": [ [ [ 91.752000000000109, 26.15 ], [ 91.752000000000109, 26.151 ], [ 91.751000000000104, 26.151 ], [ 91.751000000000104, 26.15 ], [ 91.752000000000109, 26.15 ] ] ] } },
{ "type": "Feature", "properties": { "grid_id": "91.7510_26.1510", "temperature": 42.0, "ndvi": -0.06, "priority": "High", "recommended_action": "Cool roof", "cost_estimate": 141320 }, "geometry": { "type": "Polygon", "coordinates": [ [ [ 91.752000000000109, 26.151 ], [ 91.752000000000109, 26.152 ], [ 91.751000000000104, 26.152 ], [ 91.751000000000104, 26.151 ], [ 91.752000000000109, 26.151 ] ] ] } },
{ "type": "Feature", "properties": { "grid_id": "91.7510_26.1520", "temperature": 30.1, "ndvi": 0.32, "priority": "High", "recommended_action": "None", "cost_estimate": 129257 }, "geometry": { "type": "Polygon", "coordinates": [ [ [ 91.752000000000109, 26.152 ], [ 91.752000000000109, 26.153 ], [ 91.751000000000104, 26.153 ], [ 91.751000000000104, 26.152 ], [ 91.752000000000109, 26.152 ] ] ] } },
{ "type": "Feature", "properties": { "grid_id": "91.7510_26.1530", "temperature": 35.7, "ndvi": 0.12, "priority": "Medium", "recommended_action": "Green park", "cost_estimate": 15534 }, "geometry": { "type": "Polygon", "coordinates": [ [ [ 91.752000000000109, 26.153 ], [ 91.752000000000109, 26.154 ], [ 91.751000000000104, 26.154 ], [ 91.751000000000104, 26.153 ], [ 91.752000000000109, 26.153 ] ] ] } },
{ "type": "Feature", "properties": { "grid_id": "91.7510_26.1540", "temperature": 34.7, "ndvi": -0.09, "priority": "High", "recommended_action": "Green park", "cost_estimate": 124611 }, "geometry": { "type": "Polygon", "coordinates": [ [ [ 91.752000000000109, 26.154 ], [ 91.752000000000109, 26.155 ], [ 91.751000000000104, 26.155 ], [ 91.751000000000104, 26.154 ], [ 91.752000000000109, 26.154 ] ] ] } },
{ "type": "Feature", "properties": { "grid_id": "91.7510_26.1550", "temperature": 41.4, "ndvi": 0.14, "priority": "Low", "recommended_action": "Tree cover", "cost_estimate": 152382 }, "geometry": { "type": "Polygon", "coordinates": [ [ [ 91.752000000000109, 26.155 ], [ 91.752000000000109, 26.156 ], [ 91.751000000000104, 26.156 ], [ 91.751000000000104, 26.155 ], [ 91.752000000000109, 26.155 ] ] ] } },
{ "type": "Feature", "properties": { "grid_id": "91.7510_26.1560", "temperature": 35.5, "ndvi": 0.17, "priority": "High", "recommended_action": "Cool roof", "cost_estimate": 165155 }, "geometry": { "type": "Polygon", "coordinates": [ [ [ 91.752000000000109, 26.156 ], [ 91.752000000000109, 26.157 ], [ 91.751000000000104, 26.157 ], [ 91.751000000000104, 26.156 ], [ 91.752000000000109, 26.156 ] ] ] } },
{ "type": "Feature", "properties": { "grid_id": "91.7510_26.1570", "temperature": 36.3, "ndvi": 0.53, "priority": "Low", "recommended_action": "Cool roof", "cost_estimate": 133357 }, "geometry": { "type": "Polygon", "coordinates": [ [ [ 91.752000000000109, 26.157 ], [ 91.752000000000109, 26.158 ], [ 91.751000000000104, 26.158 ], [ 91.751000000000104, 26.157 ], [ 91.752000000000109, 26.157 ] ] ] } },
{ "type": "Feature", "properties": { "grid_id": "91.7510_26.1580", "temperature": 34.1, "ndvi": 0.58, "priority": "High", "recommended_action": "Tree cover", "cost_estimate": 193385 }, "geometry": { "type": "Polygon", "coordinates": [ [ [ 91.752000000000109, 26.158 ], [ 91.752000000000109, 26.159 ], [ 91.751000000000104, 26.159 ], [ 91.751000000000104, 26.158 ], [ 91.752000000000109, 26.158 ] ] ] } },
{ "type": "Feature", "properties": { "grid_id": "91.7510_26.1590", "temperature": 40.7, "ndvi": 0.57, "priority": "High", "recommended_action": "Tree cover", "cost_estimate": 173688 }, "geometry": { "type": "Polygon", "coordinates": [ [ [ 91.752000000000109, 26.159 ], [ 91.752000000000109, 26.16 ], [ 91.751000000000104, 26.16 ], [ 91.751000000000104, 26.159 ], [ 91.752000000000109, 26.159 ] ] ] } },
{ "type": "Feature", "properties": { "grid_id": "91.7510_26.1600", "temperature": 34.1, "ndvi": 0.44, "priority": "Medium", "recommended_action": "None", "cost_estimate": 112330 }, "geometry": { "type": "Polygon", "coordinates": [ [ [ 91.752000000000109, 26.16 ], [ 91.752000000000109, 26.161 ], [ 91.751000000000104, 26.161 ], [ 91.751000000000104, 26.16 ], [ 91.752000000000109, 26.16 ] ] ] } },
{ "type": "Feature", "properties": { "grid_id": "91.7510_26.1610", "temperature": 39.2, "ndvi": 0.45, "priority": "High", "recommended_action": "Tree cover", "cost_estimate": 99156 }, "geometry": { "type": "Polygon", "coordinates": [ [ [ 91.752000000000109, 26.161 ], [ 91.752000000000109, 26.162 ], [ 91.751000000000104, 26.162 ], [ 91.751000000000104, 26.161 ], [ 91.752000000000109, 26.161 ] ] ] } },
{ "type": "Feature", "properties": { "grid_id": "91.7510_26.1620", "temperature": 32.9, "ndvi": 0.32, "priority": "High", "recommended_action": "Tree cover", "cost_estimate": 122478 }, "geometry": { "type": "Polygon", "coordinates": [ [ [ 91.752000000000109, 26.162 ], [ 91.752000000000109, 26.163 ], [ 91.751000000000104, 26.163 ], [ 91.751000000000104, 26.162 ], [ 91.752000000000109, 26.162 ] ] ] } },
{ "type": "Feature", "properties": { "grid_id": "91.7510_26.1630", "temperature": 31.2, "ndvi": -0.04, "priority": "Medium", "recommended_action": "Green park", "cost_estimate": 119438 }, "geometry": { "type": "Polygon", "coordinates": [ [ [ 91.752000000000109, 26.163 ], [ 91.752000000000109, 26.164 ], [ 91.751000000000104, 26.164 ], [ 91.751000000000104, 26.163 ], [ 91.752000000000109, 26.163 ] ] ] } },
{ "type": "Feature", "properties": { "grid_id": "91.7510_26.1640", "temperature": 39.2, "ndvi": 0.44, "priority": "Medium", "recommended_action": "Tree cover", "cost_estimate": 181026 }, "geometry": { "type": "Polygon", "coordinates": [ [ [ 91.752000000000109, 26.164 ], [ 91.752000000000109, 26.165 ], [ 91.751000000000104, 26.165 ], [ 91.751000000000104, 26.164 ], [ 91.752000000000109, 26.164 ] ] ] } },
{ "type": "Feature", "properties": { "grid_id": "91.7510_26.1650", "temperature": 28.6, "ndvi": 0.63, "priority": "High", "recommended_action": "Green park", "cost_estimate": 108214 }, "geometry": { "type": "Polygon", "coordinates": [ [ [ 91.752000000000109, 26.165 ], [ 91.752000000000109, 26.166 ], [ 91.751000000000104, 26.166 ], [ 91.751000000000104, 26.165 ], [ 91.752000000000109, 26.165 ] ] ] } },
{ "type": "Feature", "properties": { "grid_id": "91.7510_26.1660", "temperature": 39.7, "ndvi": 0.23, "priority": "Medium", "recommended_action": "Tree cover", "cost_estimate": 25371 }, "geometry": { "type": "Polygon", "coordinates": [ [ [ 91.752000000000109, 26.166 ], [ 91.752000000000109, 26.167 ], [ 91.751000000000104, 26.167 ], [ 91.751000000000104, 26.166 ], [ 91.752000000000109, 26.166 ] ] ] } },
{ "type": "Feature", "properties": { "grid_id": "91.7510_26.1670", "temperature": 29.6, "ndvi": 0.43, "priority": "Low", "recommended_action": "Tree cover", "cost_estimate": 111911 }, "geometry": { "type": "Polygon", "coordinates": [ [ [ 91.752000000000109, 26.167 ], [ 91.752000000000109, 26.168 ], [ 91.751000000000104, 26.168 ], [ 91.751000000000104, 26.167 ], [ 91.752000000000109, 26.167 ] ] ] } },
{ "type": "Feature", "properties": { "grid_id": "91.7510_26.1680", "temperature": 30.6, "ndvi": -0.07, "priority": "Low", "recommended_action": "Tree cover", "cost_estimate": 155885 }, "geometry": { "type": "Polygon", "coordinates": [ [ [ 91.752000000000109, 26.168 ], [ 91.752000000000109, 26.169 ], [ 91.751000000000104, 26.169 ], [ 91.751000000000104, 26.168 ], [ 91.752000000000109, 26.168 ] ] ] } },
{ "type": "Feature", "properties": { "grid_id": "91.7510_26.1690", "temperature": 32.7, "ndvi": 0.11, "priority": "High", "recommended_action": "Green park", "cost_estimate": 165490 }, "geometry": { "type": "Polygon", "coordinates": [ [ [ 91.752000000000109, 26.169 ], [ 91.752000000000109, 26.17 ], [ 91.751000000000104, 26.17 ], [ 91.751000000000104, 26.169 ], [ 91.752000000000109, 26.169 ] ] ] } },
{ "type": "Feature", "properties": { "grid_id": "91.7510_26.1700", "temperature": 31.2, "ndvi": 0.73, "priority": "Medium", "recommended_action": "Green park", "cost_estimate": 84243 }, "geometry": { "type": "Polygon", "coordinates": [ [ [ 91.752000000000109, 26.17 ], [ 91.752000000000109, 26.171 ], [ 91.751000000000104, 26.171 ], [ 91.751000000000104, 26.17 ], [ 91.752000000000109, 26.17 ] ] ] } },
{ "type": "Feature", "properties": { "grid_id": "91.7510_26.1710", "temperature": 38.4, "ndvi": 0.0, "priority": "High", "recommended_action": "None", "cost_estimate": 118976 }, "geometry": { "type": "Polygon", "coordinates": [ [ [ 91.752000000000109, 26.171 ], [ 91.752000000000109, 26.172 ], [ 91.751000000000104, 26.172 ], [ 91.751000000000104, 26.171 ], [ 91.752000000000109, 26.171 ] ] ] } },
{ "type": "Feature", "properties": { "grid_id": "91.7510_26.1720", "temperature": 30.7, "ndvi": 0.2, "priority": "Medium", "recommended_action": "None", "cost_estimate": 110110 }, "geometry": { "type": "Polygon", "coordinates": [ [ [ 91.752000000000109, 26.172 ], [ 91.752000000000109, 26.173 ], [ 91.751000000000104, 26.173 ], [ 91.751000000000104, 26.172 ], [ 91.752000000000109, 26.172 ] ] ] } },
{ "type": "Feature", "properties": { "grid_id": "91.7510_26.1730", "temperature": 35.3, "ndvi": 0.16, "priority": "Medium", "recommended_action": "Cool roof", "cost_estimate": 101590 }, "geometry": { "type": "Polygon", "coordinates": [ [ [ 91.752000000000109, 26.173 ], [ 91.752000000000109, 26.174 ], [ 91.751000000000104, 26.174 ], [ 91.751000000000104, 26.173 ], [ 91.752000000000109, 26.173 ] ] ] } },
{ "type": "Feature", "properties": { "grid_id": "91.7510_26.1740", "temperature": 41.5, "ndvi": 0.21, "priority": "Low", "recommended_action": "Cool roof", "cost_estimate": 6727 }, "geometry": { "type": "Polygon", "coordinates": [ [ [ 91.752000000000109, 26.174 ], [ 91.752000000000109, 26.175 ], [ 91.751000000000104, 26.175 ], [ 91.751000000000104, 26.174 ], [ 91.752000000000109, 26.174 ] ] ] } },
{ "type": "Feature", "properties": { "grid_id": "91.7510_26.1750", "temperature": 38.9, "ndvi": 0.77, "priority": "Low", "recommended_action": "Cool roof", "cost_estimate": 9833 }, "geometry": { "type": "Polygon", "coordinates": [ [ [ 91.752000000000109, 26.175 ], [ 91.752000000000109, 26.176 ], [ 91.751000000000104, 26.176 ], [ 91.751000000000104, 26.175 ], [ 91.752000000000109, 26.175 ] ] ] } },
{ "type": "Feature", "properties": { "grid_id": "91.7510_26.1760", "temperature": 39.5, "ndvi": 0.36, "priority": "Low", "recommended_action": "Tree cover", "cost_estimate": 188305 }, "geometry": { "type": "Polygon", "coordinates": [ [ [ 91.752000000000109, 26.176 ], [ 91.752000000000109, 26.177 ], [ 91.751000000000104, 26.177 ], [ 91.751000000000104, 26.176 ], [ 91.752000000000109, 26.176 ] ] ] } },
{ "type": "Feature", "properties": { "grid_id": "91.7510_26.1770", "temperature": 30.3, "ndvi": 0.49, "priority": "Medium", "recommended_action": "Green park", "cost_estimate": 146031 }, "geometry": { "type": "Polygon", "coordinates": [ [ [ 91.752000000000109, 26.177 ], [ 91.752000000000109, 26.178 ], [ 91.751000000000104, 26.178 ], [ 91.751000000000104, 26.177 ], [ 91.752000000000109, 26.177 ] ] ] } },
{ "type": "Feature", "properties": { "grid_id": "91.7510_26.1780", "temperature": 32.2, "ndvi": 0.27, "priority": "Low", "recommended_action": "Green park", "cost_estimate": 112655 }, "geometry": { "type": "Polygon", "coordinates": [ [ [ 91.752000000000109, 26.178 ], [ 91.752000000000109, 26.179 ], [ 91.751000000000104, 26.179 ], [ 91.751000000000104, 26.178 ], [ 91.752000000000109, 26.178 ] ] ] } },
{ "type": "Feature", "properties": { "grid_id": "91.7510_26.1790", "temperature": 29.3, "ndvi": 0.44, "priority": "High", "recommended_action": "None", "cost_estimate": 169288 }, "geometry": { "type": "Polygon", "coordinates": [ [ [ 91.752000000000109, 26.179 ], [ 91.752000000000109, 26.18 ], [ 91.751000000000104, 26.18 ], [ 91.751000000000104, 26.179 ], [ 91.752000000000109, 26.179 ] ] ] } },
{ "type": "Feature", "properties": { "grid_id": "91.7520_26.1500", "temperature": 37.0, "ndvi": 0.13, "priority": "Medium", "recommended_action": "Green park", "cost_estimate": 158885 }, "geometry": { "type": "Polygon", "coordinates": [ [ [ 91.753000000000114, 26.15 ], [ 91.753000000000114, 26.151 ], [ 91.752000000000109, 26.151 ], [ 91.752000000000109, 26.15 ], [ 91.753000000000114, 26.15 ] ] ] } },
{ "type": "Feature", "properties": { "grid_id": "91.7520_26.1510", "temperature": 32.5, "ndvi": 0.22, "priority": "Low", "recommended_action": "Cool roof", "cost_estimate": 5566 }, "geometry": { "type": "Polygon", "coordinates": [ [ [ 91.753000000000114, 26.151 ], [ 91.753000000000114, 26.152 ], [ 91.752000000000109, 26.152 ], [ 91.752000000000109, 26.151 ], [ 91.753000000000114, 26.151 ] ] ] } },
{ "type": "Feature", "properties": { "grid_id": "91.7520_26.1520", "temperature": 28.2, "ndvi": 0.07, "priority": "Medium", "recommended_action": "Tree cover", "cost_estimate": 14183 }, "geometry": { "type": "Polygon", "coordinates": [ [ [ 91.753000000000114, 26.152 ], [ 91.753000000000114, 26.153 ], [ 91.752000000000109, 26.153 ], [ 91.752000000000109, 26.152 ], [ 91.753000000000114, 26.152 ] ] ] } },
{ "type": "Feature", "properties": { "grid_id": "91.7520_26.1530", "temperature": 31.8, "ndvi": -0.02, "priority": "High", "recommended_action": "Cool roof", "cost_estimate": 112117 }, "geometry": { "type": "Polygon", "coordinates": [ [ [ 91.753000000000114, 26.153 ], [ 91.753000000000114, 26.154 ], [ 91.752000000000109, 26.154 ], [ 91.752000000000109, 26.153 ], [ 91.753000000000114, 26.153 ] ] ] } },
{ "type": "Feature", "properties": { "grid_id": "91.7520_26.1540", "temperature": 31.3, "ndvi": -0.09, "priority": "Medium", "recommended_action": "Cool roof", "cost_estimate": 123310 }, "geometry": { "type": "Polygon", "coordinates": [ [ [ 91.753000000000114, 26.154 ], [ 91.753000000000114, 26.155 ], [ 91.752000000000109, 26.155 ], [ 91.752000000000109, 26.154 ], [ 91.753000000000114, 26.154 ] ] ] } },
{ "type": "Feature", "properties": { "grid_id": "91.7520_26.1550", "temperature": 42.0, "ndvi": 0.8, "priority": "Low", "recommended_action": "Cool roof", "cost_estimate": 63680 }, "geometry": { "type": "Polygon", "coordinates": [ [ [ 91.753000000000114, 26.155 ], [ 91.753000000000114, 26.156 ], [ 91.752000000000109, 26.156 ], [ 91.752000000000109, 26.155 ], [ 91.753000000000114, 26.155 ] ] ] } },
{ "type": "Feature", "properties": { "grid_id": "91.7520_26.1560", "temperature": 28.7, "ndvi": 0.73, "priority": "Low", "recommended_action": "Tree cover", "cost_estimate": 95600 }, "geometry": { "type": "Polygon", "coordinates": [ [ [ 91.753000000000114, 26.156 ], [ 91.753000000000114, 26.157 ], [ 91.752000000000109, 26.157 ], [ 91.752000000000109, 26.156 ], [ 91.753000000000114, 26.156 ] ] ] } },
{ "type": "Feature", "properties": { "grid_id": "91.7520_26.1570", "temperature": 41.1, "ndvi": 0.05, "priority": "Medium", "recommended_action": "Tree cover", "cost_estimate": 53617 }, "geometry": { "type": "Polygon", "coordinates": [ [ [ 91.753000000000114, 26.157 ], [ 91.753000000000114, 26.158 ], [ 91.752000000000109, 26.158 ], [ 91.752000000000109, 26.157 ], [ 91.753000000000114, 26.157 ] ] ] } },
{ "type": "Feature", "properties": { "grid_id": "91.7520_26.1580", "temperature": 30.4, "ndvi": 0.26, "priority": "Low", "recommended_action": "Green park", "cost_estimate": 141264 }, "geometry": { "type": "Polygon", "coordinates": [ [ [ 91.753000000000114, 26.158 ], [ 91.753000000000114, 26.159 ], [ 91.752000000000109, 26.159 ], [ 91.752000000000109, 26.158 ], [ 91.753000000000114, 26.158 ] ] ] } },
{ "type": "Feature", "properties": { "grid_id": "91.7520_26.1590", "temperature": 38.7, "ndvi": 0.26, "priority": "Low", "recommended_action": "None", "cost_estimate": 138388 }, "geometry": { "type": "Polygon", "coordinates": [ [ [ 91.753000000000114, 26.159 ], [ 91.753000000000114, 26.16 ], [ 91.752000000000109, 26.16 ], [ 91.752000000000109, 26.159 ], [ 91.753000000000114, 26.159 ] ] ] } },
{ "type": "Feature", "properties": { "grid_id": "91.7520_26.1600", "temperature": 36.7, "ndvi": 0.63, "priority": "High", "recommended_action": "None", "cost_estimate": 159817 }, "geometry": { "type": "Polygon", "coordinates": [ [ [ 91.753000000000114, 26.16 ], [ 91.753000000000114, 26.161 ], [ 91.752000000000109, 26.161 ], [ 91.752000000000109, 26.16 ], [ 91.753000000000114, 26.16 ] ] ] } },
{ "type": "Feature", "properties": { "grid_id": "91.7520_26.1610", "temperature": 41.7, "ndvi": 0.31, "priority": "Low", "recommended_action": "Green park", "cost_estimate": 172915 }, "geometry": { "type": "Polygon", "coordinates": [ [ [ 91.753000000000114, 26.161 ], [ 91.753000000000114, 26.162 ], [ 91.752000000000109, 26.162 ], [ 91.752000000000109, 26.161 ], [ 91.753000000000114, 26.161 ] ] ] } },
{ "type": "Feature", "properties": { "grid_id": "91.7520_26.1620", "temperature": 38.7, "ndvi": 0.35, "priority": "Low", "recommended_action": "Tree cover", "cost_estimate": 78882 }, "geometry": { "type": "Polygon", "coordinates": [ [ [ 91.753000000000114, 26.162 ], [ 91.753000000000114, 26.163 ], [ 91.752000000000109, 26.163 ], [ 91.752000000000109, 26.162 ], [ 91.753000000000114, 26.162 ] ] ] } },
{ "type": "Feature", "properties": { "grid_id": "91.7520_26.1630", "temperature": 36.1, "ndvi": 0.12, "priority": "Medium", "recommended_action": "None", "cost_estimate": 192394 }, "geometry": { "type": "Polygon", "coordinates": [ [ [ 91.753000000000114, 26.163 ], [ 91.753000000000114, 26.164 ], [ 91.752000000000109, 26.164 ], [ 91.752000000000109, 26.163 ], [ 91.753000000000114, 26.163 ] ] ] } },
{ "type": "Feature", "properties": { "grid_id": "91.7520_26.1640", "temperature": 29.9, "ndvi": 0.52, "priority": "High", "recommended_action": "None", "cost_estimate": 193021 }, "geometry": { "type": "Polygon", "coordinates": [ [ [ 91.753000000000114, 26.164 ], [ 91.753000000000114, 26.165 ], [ 91.752000000000109, 26.165 ], [ 91.752000000000109, 26.164 ], [ 91.753000000000114, 26.164 ] ] ] } },
{ "type": "Feature", "properties": { "grid_id": "91.7520_26.1650", "temperature": 28.5, "ndvi": 0.53, "priority": "High", "recommended_action": "Green park", "cost_estimate": 147937 }, "geometry": { "type": "Polygon", "coordinates": [ [ [ 91.753000000000114, 26.165 ], [ 91.753000000000114, 26.166 ], [ 91.752000000000109, 26.166 ], [ 91.752000000000109, 26.165 ], [ 91.753000000000114, 26.165 ] ] ] } },
{ "type": "Feature", "properties": { "grid_id": "91.7520_26.1660", "temperature": 34.1, "ndvi": 0.12, "priority": "Low", "recommended_action": "None", "cost_estimate": 24053 }, "geometry": { "type": "Polygon", "coordinates": [ [ [ 91.753000000000114, 26.166 ], [ 91.753000000000114, 26.167 ], [ 91.752000000000109, 26.167 ], [ 91.752000000000109, 26.166 ], [ 91.753000000000114, 26.166 ] ] ] } },
{ "type": "Feature", "properties": { "grid_id": "91.7520_26.1670", "temperature": 38.6, "ndvi": 0.59, "priority": "Low", "recommended_action": "None", "cost_estimate": 86279 }, "geometry": { "type": "Polygon", "coordinates": [ [ [ 91.753000000000114, 26.167 ], [ 91.753000000000114, 26.168 ], [ 91.752000000000109, 26.168 ], [ 91.752000000000109, 26.167 ], [ 91.753000000000114, 26.167 ] ] ] } },
{ "type": "Feature", "properties": { "grid_id": "91.7520_26.1680", "temperature": 32.9, "ndvi": 0.09, "priority": "Medium", "recommended_action": "Green park", "cost_estimate": 64175 }, "geometry": { "type": "Polygon", "coordinates": [ [ [ 91.753000000000114, 26.168 ], [ 91.753000000000114, 26.169 ], [ 91.752000000000109, 26.169 ], [ 91.752000000000109, 26.168 ], [ 91.753000000000114, 26.168 ] ] ] } },
{ "type": "Feature", "properties": { "grid_id": "91.7520_26.1690", "temperature": 38.9, "ndvi": 0.33, "priority": "Medium", "recommended_action": "Tree cover", "cost_estimate": 45777 }, "geometry": { "type": "Polygon", "coordinates": [ [ [ 91.753000000000114, 26.169 ], [ 91.753000000000114, 26.17 ], [ 91.752000000000109, 26.17 ], [ 91.752000000000109, 26.169 ], [ 91.753000000000114, 26.169 ] ] ] } },
{ "type": "Feature", "properties": { "grid_id": "91.7520_26.1700", "temperature": 38.4, "ndvi": 0.06, "priority": "High", "recommended_action": "Tree cover", "cost_estimate": 74791 }, "geometry": { "type": "Polygon", "coordinates": [ [ [ 91.753000000000114, 26.17 ], [ 91.753000000000114, 26.171 ], [ 91.752000000000109, 26.171 ], [ 91.752000000000109, 26.17 ], [ 91.753000000000114, 26.17 ] ] ] } },
{ "type": "Feature", "properties": { "grid_id": "91.7520_26.1710", "temperature": 39.3, "ndvi": 0.36, "priority": "Low", "recommended_action": "Tree cover", "cost_estimate": 19250 }, "geometry": { "type": "Polygon", "coordinates": [ [ [ 91.753000000000114, 26.171 ], [ 91.753000000000114, 26.172 ], [ 91.752000000000109, 26.172 ], [ 91.752000000000109, 26.171 ], [ 91.753000000000114, 26.171 ] ] ] } },
{ "type": "Feature", "properties": { "grid_id": "91.7520_26.1720", "temperature": 40.1, "ndvi": 0.17, "priority": "High", "recommended_action": "Tree cover", "cost_estimate": 90467 }, "geometry": { "type": "Polygon", "coordinates": [ [ [ 91.753000000000114, 26.172 ], [ 91.753000000000114, 26.173 ], [ 91.752000000000109, 26.173 ], [ 91.752000000000109, 26.172 ], [ 91.753000000000114, 26.172 ] ] ] } },
{ "type": "Feature", "properties": { "grid_id": "91.7520_26.1730", "temperature": 33.5, "ndvi": 0.34, "priority": "Medium", "recommended_action": "Tree cover", "cost_estimate": 160396 }, "geometry": { "type": "Polygon", "coordinates": [ [ [ 91.753000000000114, 26.173 ], [ 91.753000000000114, 26.174 ], [ 91.752000000000109, 26.174 ], [ 91.752000000000109, 26.173 ], [ 91.753000000000114, 26.173 ] ] ] } },
{ "type": "Feature", "properties": { "grid_id": "91.7520_26.1740", "temperature": 34.0, "ndvi": 0.51, "priority": "Low", "recommended_action": "Cool roof", "cost_estimate": 59480 }, "geometry": { "type": "Polygon", "coordinates": [ [ [ 91.753000000000114, 26.174 ], [ 91.753000000000114, 26.175 ], [ 91.752000000000109, 26.175 ], [ 91.752000000000109, 26.174 ], [ 91.753000000000114, 26.174 ] ] ] } },
{ "type": "Feature", "properties": { "grid_id": "91.7520_26.1750", "temperature": 28.0, "ndvi": 0.27, "priority": "Low", "recommended_action": "Green park", "cost_estimate": 185920 }, "geometry": { "type": "Polygon", "coordinates": [ [ [ 91.753000000000114, 26.175 ], [ 91.753000000000114, 26.176 ], [ 91.752000000000109, 26.176 ], [ 91.752000000000109, 26.175 ], [ 91.753000000000114, 26.175 ] ] ] } },
{ "type": "Feature", "properties": { "grid_id": "91.7520_26.1760", "temperature": 40.3, "ndvi": 0.52, "priority": "Medium", "recommended_action": "Cool roof", "cost_estimate": 104000 }, "geometry": { "type": "Polygon", "coordinates": [ [ [ 91.753000000000114, 26.176 ], [ 91.753000000000114, 26.177 ], [ 91.752000000000109, 26.177 ], [ 91.752000000000109, 26.176 ], [ 91.753000000000114, 26.176 ] ] ] } },
{ "type": "Feature", "properties": { "grid_id": "91.7520_26.1770", "temperature": 37.2, "ndvi": 0.7, "priority": "High", "recommended_action": "None", "cost_estimate": 168260 }, "geometry": { "type": "Polygon", "coordinates": [ [ [ 91.753000000000114, 26.177 ], [ 91.753000000000114, 26.178 ], [ 91.752000000000109, 26.178 ], [ 91.752000000000109, 26.177 ], [ 91.753000000000114, 26.177 ] ] ] } },
{ "type": "Feature", "properties": { "grid_id": "91.7520_26.1780", "temperature": 33.3, "ndvi": 0.71, "priority": "Medium", "recommended_action": "Tree cover", "cost_estimate": 38221 }, "geometry": { "type": "Polygon", "coordinates": [ [ [ 91.753000000000114, 26.178 ], [ 91.753000000000114, 26.179 ], [ 91.752000000000109, 26.179 ], [ 91.752000000000109, 26.178 ], [ 91.753000000000114, 26.178 ] ] ] } },
{ "type": "Feature", "properties": { "grid_id": "91.7520_26.1790", "temperature": 40.7, "ndvi": 0.26, "priority": "Low", "recommended_action": "Cool roof", "cost_estimate": 6744 }, "geometry": { "type": "Polygon", "coordinates": [ [ [ 91.753000000000114, 26.179 ], [ 91.753000000000114, 26.18 ], [ 91.752000000000109, 26.18 ], [ 91.752000000000109, 26.179 ], [ 91.753000000000114, 26.179 ] ] ] } },
{ "type": "Feature", "properties": { "grid_id": "91.7530_26.1500", "temperature": 32.2, "ndvi": 0.57, "priority": "Medium", "recommended_action": "None", "cost_estimate": 104093 }, "geometry": { "type": "Polygon", "coordinates": [ [ [ 91.754000000000119, 26.15 ], [ 91.754000000000119, 26.151 ], [ 91.753000000000114, 26.151 ], [ 91.753000000000114, 26.15 ], [ 91.754000000000119, 26.15 ] ] ] } },
{ "type": "Feature", "properties": { "grid_id": "91.7530_26.1510", "temperature": 28.6, "ndvi": 0.02, "priority": "Low", "recommended_action": "Green park", "cost_estimate": 32632 }, "geometry": { "type": "Polygon", "coordinates": [ [ [ 91.754000000000119, 26.151 ], [ 91.754000000000119, 26.152 ], [ 91.753000000000114, 26.152 ], [ 91.753000000000114, 26.151 ], [ 91.754000000000119, 26.151 ] ] ] } },
{ "type": "Feature", "properties": { "grid_id": "91.7530_26.1520", "temperature": 36.8, "ndvi": 0.49, "priority": "High", "recommended_action": "Green park", "cost_estimate": 151771 }, "geometry": { "type": "Polygon", "coordinates": [ [ [ 91.754000000000119, 26.152 ], [ 91.754000000000119, 26.153 ], [ 91.753000000000114, 26.153 ], [ 91.753000000000114, 26.152 ], [ 91.754000000000119, 26.152 ] ] ] } },
{ "type": "Feature", "properties": { "grid_id": "91.7530_26.1530", "temperature": 36.8, "ndvi": 0.41, "priority": "High", "recommended_action": "Green park", "cost_estimate": 183484 }, "geometry": { "type": "Polygon", "coordinates": [ [ [ 91.754000000000119, 26.153 ], [ 91.754000000000119, 26.154 ], [ 91.753000000000114, 26.154 ], [ 91.753000000000114, 26.153 ], [ 91.754000000000119, 26.153 ] ] ] } },
{ "type": "Feature", "properties": { "grid_id": "91.7530_26.1540", "temperature": 35.7, "ndvi": 0.07, "priority": "High", "recommended_action": "Tree cover", "cost_estimate": 9873 }, "geometry": { "type": "Polygon", "coordinates": [ [ [ 91.754000000000119, 26.154 ], [ 91.754000000000119, 26.155 ], [ 91.753000000000114, 26.155 ], [ 91.753000000000114, 26.154 ], [ 91.754000000000119, 26.154 ] ] ] } },
{ "type": "Feature", "properties": { "grid_id": "91.7530_26.1550", "temperature": 34.8, "ndvi": 0.64, "priority": "Medium", "recommended_action": "Cool roof", "cost_estimate": 92933 }, "geometry": { "type": "Polygon", "coordinates": [ [ [ 91.754000000000119, 26.155 ], [ 91.754000000000119, 26.156 ], [ 91.753000000000114, 26.156 ], [ 91.753000000000114, 26.155 ], [ 91.754000000000119, 26.155 ] ] ] } },
{ "type": "Feature", "properties": { "grid_id": "91.7530_26.1560", "temperature": 29.8, "ndvi": 0.56, "priority": "High", "recommended_action": "Cool roof", "cost_estimate": 70250 }, "geometry": { "type": "Polygon", "coordinates": [ [ [ 91.754000000000119, 26.156 ], [ 91.754000000000119, 26.157 ], [ 91.753000000000114, 26.157 ], [ 91.753000000000114, 26.156 ], [ 91.754000000000119, 26.156 ] ] ] } },
{ "type": "Feature", "properties": { "grid_id": "91.7530_26.1570", "temperature": 33.0, "ndvi": 0.44, "priority": "High", "recommended_action": "None", "cost_estimate": 184198 }, "geometry": { "type": "Polygon", "coordinates": [ [ [ 91.754000000000119, 26.157 ], [ 91.754000000000119, 26.158 ], [ 91.753000000000114, 26.158 ], [ 91.753000000000114, 26.157 ], [ 91.754000000000119, 26.157 ] ] ] } },
{ "type": "Feature", "properties": { "grid_id": "91.7530_26.1580", "temperature": 40.0, "ndvi": 0.3, "priority": "Low", "recommended_action": "Green park", "cost_estimate": 38141 }, "geometry": { "type": "Polygon", "coordinates": [ [ [ 91.754000000000119, 26.158 ], [ 91.754000000000119, 26.159 ], [ 91.753000000000114, 26.159 ], [ 91.753000000000114, 26.158 ], [ 91.754000000000119, 26.158 ] ] ] } },
{ "type": "Feature", "properties": { "grid_id": "91.7530_26.1590", "temperature": 32.6, "ndvi": 0.75, "priority": "Low", "recommended_action": "Tree cover", "cost_estimate": 66394 }, "geometry": { "type": "Polygon", "coordinates": [ [ [ 91.754000000000119, 26.159 ], [ 91.754000000000119, 26.16 ], [ 91.753000000000114, 26.16 ], [ 91.753000000000114, 26.159 ], [ 91.754000000000119, 26.159 ] ] ] } },
{ "type": "Feature", "properties": { "grid_id": "91.7530_26.1600", "temperature": 30.7, "ndvi": 0.4, "priority": "Medium", "recommended_action": "Cool roof", "cost_estimate": 151172 }, "geometry": { "type": "Polygon", "coordinates": [ [ [ 91.754000000000119, 26.16 ], [ 91.754000000000119, 26.161 ], [ 91.753000000000114, 26.161 ], [ 91.753000000000114, 26.16 ], [ 91.754000000000119, 26.16 ] ] ] } },
{ "type": "Feature", "properties": { "grid_id": "91.7530_26.1610", "temperature": 30.7, "ndvi": 0.33, "priority": "Medium", "recommended_action": "None", "cost_estimate": 163754 }, "geometry": { "type": "Polygon", "coordinates": [ [ [ 91.754000000000119, 26.161 ], [ 91.754000000000119, 26.162 ], [ 91.753000000000114, 26.162 ], [ 91.753000000000114, 26.161 ], [ 91.754000000000119, 26.161 ] ] ] } },
{ "type": "Feature", "properties": { "grid_id": "91.7530_26.1620", "temperature": 39.5, "ndvi": 0.33, "priority": "Medium", "recommended_action": "Green park", "cost_estimate": 47105 }, "geometry": { "type": "Polygon", "coordinates": [ [ [ 91.754000000000119, 26.162 ], [ 91.754000000000119, 26.163 ], [ 91.753000000000114, 26.163 ], [ 91.753000000000114, 26.162 ], [ 91.754000000000119, 26.162 ] ] ] } },
{ "type": "Feature", "properties": { "grid_id": "91.7530_26.1630", "temperature": 35.3, "ndvi": 0.57, "priority": "Medium", "recommended_action": "None", "cost_estimate": 46647 }, "geometry": { "type": "Polygon", "coordinates": [ [ [ 91.754000000000119, 26.163 ], [ 91.754000000000119, 26.164 ], [ 91.753000000000114, 26.164 ], [ 91.753000000000114, 26.163 ], [ 91.754000000000119, 26.163 ] ] ] } },
{ "type": "Feature", "properties": { "grid_id": "91.7530_26.1640", "temperature": 29.9, "ndvi": 0.15, "priority": "Medium", "recommended_action": "Tree cover", "cost_estimate": 24355 }, "geometry": { "type": "Polygon", "coordinates": [ [ [ 91.754000000000119, 26.164 ], [ 91.754000000000119, 26.165 ], [ 91.753000000000114, 26.165 ], [ 91.753000000000114, 26.164 ], [ 91.754000000000119, 26.164 ] ] ] } },
{ "type": "Feature", "properties": { "grid_id": "91.7530_26.1650", "temperature": 37.2, "ndvi": 0.65, "priority": "Medium", "recommended_action": "Cool roof", "cost_estimate": 85717 }, "geometry": { "type": "Polygon", "coordinates": [ [ [ 91.754000000000119, 26.165 ], [ 91.754000000000119, 26.166 ], [ 91.753000000000114, 26.166 ], [ 91.753000000000114, 26.165 ], [ 91.754000000000119, 26.165 ] ] ] } },
{ "type": "Feature", "properties": { "grid_id": "91.7530_26.1660", "temperature": 34.3, "ndvi": -0.01, "priority": "Low", "recommended_action": "Tree cover", "cost_estimate": 108301 }, "geometry": { "type": "Polygon", "coordinates": [ [ [ 91.754000000000119, 26.166 ], [ 91.754000000000119, 26.167 ], [ 91.753000000000114, 26.167 ], [ 91.753000000000114, 26.166 ], [ 91.754000000000119, 26.166 ] ] ] } },
{ "type": "Feature", "properties": { "grid_id": "91.7530_26.1670", "temperature": 35.8, "ndvi": 0.04, "priority": "Low", "recommended_action": "Tree cover", "cost_estimate": 118366 }, "geometry": { "type": "Polygon", "coordinates": [ [ [ 91.754000000000119, 26.167 ], [ 91.754000000000119, 26.168 ], [ 91.753000000000114, 26.168 ], [ 91.753000000000114, 26.167 ], [ 91.754000000000119, 26.167 ] ] ] } },
{ "type": "Feature", "properties": { "grid_id": "91.7530_26.1680", "temperature": 32.9, "ndvi": 0.38, "priority": "High", "recommended_action": "Cool roof", "cost_estimate": 167976 }, "geometry": { "type": "Polygon", "coordinates": [ [ [ 91.754000000000119, 26.168 ], [ 91.754000000000119, 26.169 ], [ 91.753000000000114, 26.169 ], [ 91.753000000000114, 26.168 ], [ 91.754000000000119, 26.168 ] ] ] } },
{ "type": "Feature", "properties": { "grid_id": "91.7530_26.1690", "temperature": 30.9, "ndvi": 0.37, "priority": "Medium", "recommended_action": "Green park", "cost_estimate": 158732 }, "geometry": { "type": "Polygon", "coordinates": [ [ [ 91.754000000000119, 26.169 ], [ 91.754000000000119, 26.17 ], [ 91.753000000000114, 26.17 ], [ 91.753000000000114, 26.169 ], [ 91.754000000000119, 26.169 ] ] ] } },
{ "type": "Feature", "properties": { "grid_id": "91.7530_26.1700", "temperature": 30.9, "ndvi": 0.61, "priority": "Medium", "recommended_action": "Green park", "cost_estimate": 13326 }, "geometry": { "type": "Polygon", "coordinates": [ [ [ 91.754000000000119, 26.17 ], [ 91.754000000000119, 26.171 ], [ 91.753000000000114, 26.171 ], [ 91.753000000000114, 26.17 ], [ 91.754000000000119, 26.17 ] ] ] } },
{ "type": "Feature", "properties": { "grid_id": "91.7530_26.1710", "temperature": 39.1, "ndvi": 0.13, "priority": "High", "recommended_action": "None", "cost_estimate": 110447 }, "geometry": { "type": "Polygon", "coordinates": [ [ [ 91.754000000000119, 26.171 ], [ 91.754000000000119, 26.172 ], [ 91.753000000000114, 26.172 ], [ 91.753000000000114, 26.171 ], [ 91.754000000000119, 26.171 ] ] ] } },
{ "type": "Feature", "properties": { "grid_id": "91.7530_26.1720", "temperature": 32.6, "ndvi": 0.25, "priority": "Low", "recommended_action": "Green park", "cost_estimate": 10730 }, "geometry": { "type": "Polygon", "coordinates": [ [ [ 91.754000000000119, 26.172 ], [ 91.754000000000119, 26.173 ], [ 91.753000000000114, 26.173 ], [ 91.753000000000114, 26.172 ], [ 91.754000000000119, 26.172 ] ] ] } },
{ "type": "Feature", "properties": { "grid_id": "91.7530_26.1730", "temperature": 40.3, "ndvi": 0.78, "priority": "High", "recommended_action": "None", "cost_estimate": 57827 }, "geometry": { "type": "Polygon", "coordinates": [ [ [ 91.754000000000119, 26.173 ], [ 91.754000000000119, 26.174 ], [ 91.753000000000114, 26.174 ], [ 91.753000000000114, 26.173 ], [ 91.754000000000119, 26.173 ] ] ] } },
{ "type": "Feature", "properties": { "grid_id": "91.7530_26.1740", "temperature": 35.9, "ndvi": 0.16, "priority": "Low", "recommended_action": "Green park", "cost_estimate": 112376 }, "geometry": { "type": "Polygon", "coordinates": [ [ [ 91.754000000000119, 26.174 ], [ 91.754000000000119, 26.175 ], [ 91.753000000000114, 26.175 ], [ 91.753000000000114, 26.174 ], [ 91.754000000000119, 26.174 ] ] ] } },
{ "type": "Feature", "properties": { "grid_id": "91.7530_26.1750", "temperature": 33.3, "ndvi": 0.35, "priority": "High", "recommended_action": "Green park", "cost_estimate": 96731 }, "geometry": { "type": "Polygon", "coordinates": [ [ [ 91.754000000000119, 26.175 ], [ 91.754000000000119, 26.176 ], [ 91.753000000000114, 26.176 ], [ 91.753000000000114, 26.175 ], [ 91.754000000000119, 26.175 ] ] ] } },
{ "type": "Feature", "properties": { "grid_id": "91.7530_26.1760", "temperature": 32.2, "ndvi": 0.77, "priority": "High", "recommended_action": "Green park", "cost_estimate": 174556 }, "geometry": { "type": "Polygon", "coordinates": [ [ [ 91.754000000000119, 26.176 ], [ 91.754000000000119, 26.177 ], [ 91.753000000000114, 26.177 ], [ 91.753000000000114, 26.176 ], [ 91.754000000000119, 26.176 ] ] ] } },
{ "type": "Feature", "properties": { "grid_id": "91.7530_26.1770", "temperature": 29.5, "ndvi": 0.74, "priority": "High", "recommended_action": "Green park", "cost_estimate": 14670 }, "geometry": { "type": "Polygon", "coordinates": [ [ [ 91.754000000000119, 26.177 ], [ 91.754000000000119, 26.178 ], [ 91.753000000000114, 26.178 ], [ 91.753000000000114, 26.177 ], [ 91.754000000000119, 26.177 ] ] ] } },
{ "type": "Feature", "properties": { "grid_id": "91.7530_26.1780", "temperature": 34.2, "ndvi": 0.67, "priority": "Low", "recommended_action": "Cool roof", "cost_estimate": 108645 }, "geometry": { "type": "Polygon", "coordinates": [ [ [ 91.754000000000119, 26.178 ], [ 91.754000000000119, 26.179 ], [ 91.753000000000114, 26.179 ], [ 91.753000000000114, 26.178 ], [ 91.754000000000119, 26.178 ] ] ] } },
{ "type": "Feature", "properties": { "grid_id": "91.7530_26.1790", "temperature": 36.0, "ndvi": 0.72, "priority": "High", "recommended_action": "Green park", "cost_estimate": 126521 }, "geometry": { "type": "Polygon", "coordinates": [ [ [ 91.754000000000119, 26.179 ], [ 91.754000000000119, 26.18 ], [ 91.753000000000114, 26.18 ], [ 91.753000000000114, 26.179 ], [ 91.754000000000119, 26.179 ] ] ] } },
{ "type": "Feature", "properties": { "grid_id": "91.7540_26.1500", "temperature": 30.9, "ndvi": 0.66, "priority": "Medium", "recommended_action": "Green park", "cost_estimate": 108660 }, "geometry": { "type": "Polygon", "coordinates": [ [ [ 91.755000000000123, 26.15 ], [ 91.755000000000123, 26.151 ], [ 91.754000000000119, 26.151 ], [ 91.754000000000119, 26.15 ], [ 91.755000000000123, 26.15 ] ] ] } },
{ "type": "Feature", "properties": { "grid_id": "91.7540_26.1510", "temperature": 32.2, "ndvi": 0.64, "priority": "High", "recommended_action": "Tree cover", "cost_estimate": 113333 }, "geometry": { "type": "Polygon", "coordinates": [ [ [ 91.755000000000123, 26.151 ], [ 91.755000000000123, 26.152 ], [ 91.754000000000119, 26.152 ], [ 91.754000000000119, 26.151 ], [ 91.755000000000123, 26.151 ] ] ] } },
{ "type": "Feature", "properties": { "grid_id": "91.7540_26.1520", "temperature": 30.0, "ndvi": 0.73, "priority": "High", "recommended_action": "Cool roof", "cost_estimate": 101786 }, "geometry": { "type": "Polygon", "coordinates": [ [ [ 91.755000000000123, 26.152 ], [ 91.755000000000123, 26.153 ], [ 91.754000000000119, 26.153 ], [ 91.754000000000119, 26.152 ], [ 91.755000000000123, 26.152 ] ] ] } },
{ "type": "Feature", "properties": { "grid_id": "91.7540_26.1530", "temperature": 34.4, "ndvi": 0.24, "priority": "Low", "recommended_action": "Tree cover", "cost_estimate": 16401 }, "geometry": { "type": "Polygon", "coordinates": [ [ [ 91.755000000000123, 26.153 ], [ 91.755000000000123, 26.154 ], [ 91.754000000000119, 26.154 ], [ 91.754000000000119, 26.153 ], [ 91.755000000000123, 26.153 ] ] ] } },
{ "type": "Feature", "properties": { "grid_id": "91.7540_26.1540", "temperature": 29.9, "ndvi": 0.02, "priority": "Low", "recommended_action": "None", "cost_estimate": 95459 }, "geometry": { "type": "Polygon", "coordinates": [ [ [ 91.755000000000123, 26.154 ], [ 91.755000000000123, 26.155 ], [ 91.754000000000119, 26.155 ], [ 91.754000000000119, 26.154 ], [ 91.755000000000123, 26.154 ] ] ] } },
{ "type": "Feature", "properties": { "grid_id": "91.7540_26.1550", "temperature": 41.9, "ndvi": 0.41, "priority": "Medium", "recommended_action": "Green park", "cost_estimate": 39525 }, "geometry": { "type": "Polygon", "coordinates": [ [ [ 91.755000000000123, 26.155 ], [ 91.755000000000123, 26.156 ], [ 91.754000000000119, 26.156 ], [ 91.754000000000119, 26.155 ], [ 91.755000000000123, 26.155 ] ] ] } },
{ "type": "Feature", "properties": { "grid_id": "91.7540_26.1560", "temperature": 40.7, "ndvi": 0.07, "priority": "Medium", "recommended_action": "None", "cost_estimate": 94681 }, "geometry": { "type": "Polygon", "coordinates": [ [ [ 91.755000000000123, 26.156 ], [ 91.755000000000123, 26.157 ], [ 91.754000000000119, 26.157 ], [ 91.754000000000119, 26.156 ], [ 91.755000000000123, 26.156 ] ] ] } },
{ "type": "Feature", "properties": { "grid_id": "91.7540_26.1570", "temperature": 31.1, "ndvi": 0.02, "priority": "Low", "recommended_action": "None", "cost_estimate": 94729 }, "geometry": { "type": "Polygon", "coordinates": [ [ [ 91.755000000000123, 26.157 ], [ 91.755000000000123, 26.158 ], [ 91.754000000000119, 26.158 ], [ 91.754000000000119, 26.157 ], [ 91.755000000000123, 26.157 ] ] ] } },
{ "type": "Feature", "properties": { "grid_id": "91.7540_26.1580", "temperature": 35.4, "ndvi": 0.46, "priority": "High", "recommended_action": "Cool roof", "cost_estimate": 160062 }, "geometry": { "type": "Polygon", "coordinates": [ [ [ 91.755000000000123, 26.158 ], [ 91.755000000000123, 26.159 ], [ 91.754000000000119, 26.159 ], [ 91.754000000000119, 26.158 ], [ 91.755000000000123, 26.158 ] ] ] } },
{ "type": "Feature", "properties": { "grid_id": "91.7540_26.1590", "temperature": 35.7, "ndvi": -0.01, "priority": "Medium", "recommended_action": "Tree cover", "cost_estimate": 120690 }, "geometry": { "type": "Polygon", "coordinates": [ [ [ 91.755000000000123, 26.159 ], [ 91.755000000000123, 26.16 ], [ 91.754000000000119, 26.16 ], [ 91.754000000000119, 26.159 ], [ 91.755000000000123, 26.159 ] ] ] } },
{ "type": "Feature", "properties": { "grid_id": "91.7540_26.1600", "temperature": 29.0, "ndvi": 0.37, "priority": "Low", "recommended_action": "Tree cover", "cost_estimate": 14039 }, "geometry": { "type": "Polygon", "coordinates": [ [ [ 91.755000000000123, 26.16 ], [ 91.755000000000123, 26.161 ], [ 91.754000000000119, 26.161 ], [ 91.754000000000119, 26.16 ], [ 91.755000000000123, 26.16 ] ] ] } },
{ "type": "Feature", "properties": { "grid_id": "91.7540_26.1610", "temperature": 31.3, "ndvi": 0.11, "priority": "High", "recommended_action": "Green park", "cost_estimate": 165842 }, "geometry": { "type": "Polygon", "coordinates": [ [ [ 91.755000000000123, 26.161 ], [ 91.755000000000123, 26.162 ], [ 91.754000000000119, 26.162 ], [ 91.754000000000119, 26.161 ], [ 91.755000000000123, 26.161 ] ] ] } },
{ "type": "Feature", "properties": { "grid_id": "91.7540_26.1620", "temperature": 40.9, "ndvi": 0.08, "priority": "Medium", "recommended_action": "Tree cover", "cost_estimate": 34748 }, "geometry": { "type": "Polygon", "coordinates": [ [ [ 91.755000000000123, 26.162 ], [ 91.755000000000123, 26.163 ], [ 91.754000000000119, 26.163 ], [ 91.754000000000119, 26.162 ], [ 91.755000000000123, 26.162 ] ] ] } },
{ "type": "Feature", "properties": { "grid_id": "91.7540_26.1630", "temperature": 38.6, "ndvi": 0.41, "priority": "High", "recommended_action": "Tree cover", "cost_estimate": 82123 }, "geometry": { "type": "Polygon", "coordinates": [ [ [ 91.755000000000123, 26.163 ], [ 91.755000000000123, 26.164 ], [ 91.754000000000119, 26.164 ], [ 91.754000000000119, 26.163 ], [ 91.755000000000123, 26.163 ] ] ] } },
{ "type": "Feature", "properties": { "grid_id": "91.7540_26.1640", "temperature": 30.3, "ndvi": 0.6, "priority": "High", "recommended_action": "None", "cost_estimate": 13368 }, "geometry": { "type": "Polygon", "coordinates": [ [ [ 91.755000000000123, 26.164 ], [ 91.755000000000123, 26.165 ], [ 91.754000000000119, 26.165 ], [ 91.754000000000119, 26.164 ], [ 91.755000000000123, 26.164 ] ] ] } },
{ "type": "Feature", "properties": { "grid_id": "91.7540_26.1650", "temperature": 40.1, "ndvi": 0.05, "priority": "High", "recommended_action": "Tree cover", "cost_estimate": 144330 }, "geometry": { "type": "Polygon", "coordinates": [ [ [ 91.755000000000123, 26.165 ], [ 91.755000000000123, 26.166 ], [ 91.754000000000119, 26.166 ], [ 91.754000000000119, 26.165 ], [ 91.755000000000123, 26.165 ] ] ] } },
{ "type": "Feature", "properties": { "grid_id": "91.7540_26.1660", "temperature": 40.2, "ndvi": 0.19, "priority": "Medium", "recommended_action": "None", "cost_estimate": 158516 }, "geometry": { "type": "Polygon", "coordinates": [ [ [ 91.755000000000123, 26.166 ], [ 91.755000000000123, 26.167 ], [ 91.754000000000119, 26.167 ], [ 91.754000000000119, 26.166 ], [ 91.755000000000123, 26.166 ] ] ] } },
{ "type": "Feature", "properties": { "grid_id": "91.7540_26.1670", "temperature": 30.2, "ndvi": 0.14, "priority": "High", "recommended_action": "Tree cover", "cost_estimate": 90596 }, "geometry": { "type": "Polygon", "coordinates": [ [ [ 91.755000000000123, 26.167 ], [ 91.755000000000123, 26.168 ], [ 91.754000000000119, 26.168 ], [ 91.754000000000119, 26.167 ], [ 91.755000000000123, 26.167 ] ] ] } },
{ "type": "Feature", "properties": { "grid_id": "91.7540_26.1680", "temperature": 38.7, "ndvi": 0.09, "priority": "Medium", "recommended_action": "Cool roof", "cost_estimate": 176246 }, "geometry": { "type": "Polygon", "coordinates": [ [ [ 91.755000000000123, 26.168 ], [ 91.755000000000123, 26.169 ], [ 91.754000000000119, 26.169 ], [ 91.754000000000119, 26.168 ], [ 91.755000000000123, 26.168 ] ] ] } },
{ "type": "Feature", "properties": { "grid_id": "91.7540_26.1690", "temperature": 31.3, "ndvi": 0.18, "priority": "Low", "recommended_action": "Tree cover", "cost_estimate": 110230 }, "geometry": { "type": "Polygon", "coordinates": [ [ [ 91.755000000000123, 26.169 ], [ 91.755000000000123, 26.17 ], [ 91.754000000000119, 26.17 ], [ 91.754000000000119, 26.169 ], [ 91.755000000000123, 26.169 ] ] ] } },
{ "type": "Feature", "properties": { "grid_id": "91.7540_26.1700", "temperature": 29.9, "ndvi": 0.0, "priority": "Medium", "recommended_action": "Green park", "cost_estimate": 119226 }, "geometry": { "type": "Polygon", "coordinates": [ [ [ 91.755000000000123, 26.17 ], [ 91.755000000000123, 26.171 ], [ 91.754000000000119, 26.171 ], [ 91.754000000000119, 26.17 ], [ 91.755000000000123, 26.17 ] ] ] } },
{ "type": "Feature", "properties": { "grid_id": "91.7540_26.1710", "temperature": 28.7, "ndvi": 0.03, "priority": "Medium", "recommended_action": "None", "cost_estimate": 130531 }, "geometry": { "type": "Polygon", "coordinates": [ [ [ 91.755000000000123, 26.171 ], [ 91.755000000000123, 26.172 ], [ 91.754000000000119, 26.172 ], [ 91.754000000000119, 26.171 ], [ 91.755000000000123, 26.171 ] ] ] } },
{ "type": "Feature", "properties": { "grid_id": "91.7540_26.1720", "temperature": 32.8, "ndvi": 0.26, "priority": "High", "recommended_action": "Green park", "cost_estimate": 79005 }, "geometry": { "type": "Polygon", "coordinates": [ [ [ 91.755000000000123, 26.172 ], [ 91.755000000000123, 26.173 ], [ 91.754000000000119, 26.173 ], [ 91.754000000000119, 26.172 ], [ 91.755000000000123, 26.172 ] ] ] } },
{ "type": "Feature", "properties": { "grid_id": "91.7540_26.1730", "temperature": 31.2, "ndvi": 0.68, "priority": "Medium", "recommended_action": "None", "cost_estimate": 160707 }, "geometry": { "type": "Polygon", "coordinates": [ [ [ 91.755000000000123, 26.173 ], [ 91.755000000000123, 26.174 ], [ 91.754000000000119, 26.174 ], [ 91.754000000000119, 26.173 ], [ 91.755000000000123, 26.173 ] ] ] } },
{ "type": "Feature", "properties": { "grid_id": "91.7540_26.1740", "temperature": 41.3, "ndvi": 0.23, "priority": "Low", "recommended_action": "Green park", "cost_estimate": 44760 }, "geometry": { "type": "Polygon", "coordinates": [ [ [ 91.755000000000123, 26.174 ], [ 91.755000000000123, 26.175 ], [ 91.754000000000119, 26.175 ], [ 91.754000000000119, 26.174 ], [ 91.755000000000123, 26.174 ] ] ] } },
{ "type": "Feature", "properties": { "grid_id": "91.7540_26.1750", "temperature": 31.2, "ndvi": 0.61, "priority": "Medium", "recommended_action": "Tree cover", "cost_estimate": 108437 }, "geometry": { "type": "Polygon", "coordinates": [ [ [ 91.755000000000123, 26.175 ], [ 91.755000000000123, 26.176 ], [ 91.754000000000119, 26.176 ], [ 91.754000000000119, 26.175 ], [ 91.755000000000123, 26.175 ] ] ] } },
{ "type": "Feature", "properties": { "grid_id": "91.7540_26.1760", "temperature": 32.9, "ndvi": 0.46, "priority": "Low", "recommended_action": "Cool roof", "cost_estimate": 116640 }, "geometry": { "type": "Polygon", "coordinates": [ [ [ 91.755000000000123, 26.176 ], [ 91.755000000000123, 26.177 ], [ 91.754000000000119, 26.177 ], [ 91.754000000000119, 26.176 ], [ 91.755000000000123, 26.176 ] ] ] } },
{ "type": "Feature", "properties": { "grid_id": "91.7540_26.1770", "temperature": 37.9, "ndvi": 0.04, "priority": "Medium", "recommended_action": "Green park", "cost_estimate": 153366 }, "geometry": { "type": "Polygon", "coordinates": [ [ [ 91.755000000000123, 26.177 ], [ 91.755000000000123, 26.178 ], [ 91.754000000000119, 26.178 ], [ 91.754000000000119, 26.177 ], [ 91.755000000000123, 26.177 ] ] ] } },
{ "type": "Feature", "properties": { "grid_id": "91.7540_26.1780", "temperature": 39.7, "ndvi": 0.6, "priority": "Medium", "recommended_action": "Green park", "cost_estimate": 61361 }, "geometry": { "type": "Polygon", "coordinates": [ [ [ 91.755000000000123, 26.178 ], [ 91.755000000000123, 26.179 ], [ 91.754000000000119, 26.179 ], [ 91.754000000000119, 26.178 ], [ 91.755000000000123, 26.178 ] ] ] } },
{ "type": "Feature", "properties": { "grid_id": "91.7540_26.1790", "temperature": 28.8, "ndvi": 0.42, "priority": "High", "recommended_action": "None", "cost_estimate": 78349 }, "geometry": { "type": "Polygon", "coordinates": [ [ [ 91.755000000000123, 26.179 ], [ 91.755000000000123, 26.18 ], [ 91.754000000000119, 26.18 ], [ 91.754000000000119, 26.179 ], [ 91.755000000000123, 26.179 ] ] ] } },
{ "type": "Feature", "properties": { "grid_id": "91.7550_26.1500", "temperature": 37.5, "ndvi": -0.07, "priority": "Low", "recommended_action": "None", "cost_estimate": 102066 }, "geometry": { "type": "Polygon", "coordinates": [ [ [ 91.756000000000128, 26.15 ], [ 91.756000000000128, 26.151 ], [ 91.755000000000123, 26.151 ], [ 91.755000000000123, 26.15 ], [ 91.756000000000128, 26.15 ] ] ] } },
{ "type": "Feature", "properties": { "grid_id": "91.7550_26.1510", "temperature": 33.4, "ndvi": 0.47, "priority": "High", "recommended_action": "Tree cover", "cost_estimate": 119794 }, "geometry": { "type": "Polygon", "coordinates": [ [ [ 91.756000000000128, 26.151 ], [ 91.756000000000128, 26.152 ], [ 91.755000000000123, 26.152 ], [ 91.755000000000123, 26.151 ], [ 91.756000000000128, 26.151 ] ] ] } },
{ "type": "Feature", "properties": { "grid_id": "91.7550_26.1520", "temperature": 39.7, "ndvi": 0.6, "priority": "Low", "recommended_action": "Cool roof", "cost_estimate": 116605 }, "geometry": { "type": "Polygon", "coordinates": [ [ [ 91.756000000000128, 26.152 ], [ 91.756000000000128, 26.153 ], [ 91.755000000000123, 26.153 ], [ 91.755000000000123, 26.152 ], [ 91.756000000000128, 26.152 ] ] ] } },
{ "type": "Feature", "properties": { "grid_id": "91.7550_26.1530", "temperature": 31.1, "ndvi": 0.23, "priority": "Medium", "recommended_action": "None", "cost_estimate": 30599 }, "geometry": { "type": "Polygon", "coordinates": [ [ [ 91.756000000000128, 26.153 ], [ 91.756000000000128, 26.154 ], [ 91.755000000000123, 26.154 ], [ 91.755000000000123, 26.153 ], [ 91.756000000000128, 26.153 ] ] ] } },
{ "type": "Feature", "properties": { "grid_id": "91.7550_26.1540", "temperature": 35.9, "ndvi": 0.16, "priority": "Medium", "recommended_action": "Cool roof", "cost_estimate": 153721 }, "geometry": { "type": "Polygon", "coordinates": [ [ [ 91.756000000000128, 26.154 ], [ 91.756000000000128, 26.155 ], [ 91.755000000000123, 26.155 ], [ 91.755000000000123, 26.154 ], [ 91.756000000000128, 26.154 ] ] ] } },
{ "type": "Feature", "properties": { "grid_id": "91.7550_26.1550", "temperature": 39.3, "ndvi": 0.22, "priority": "Medium", "recommended_action": "Tree cover", "cost_estimate": 75221 }, "geometry": { "type": "Polygon", "coordinates": [ [ [ 91.756000000000128, 26.155 ], [ 91.756000000000128, 26.156 ], [ 91.755000000000123, 26.156 ], [ 91.755000000000123, 26.155 ], [ 91.756000000000128, 26.155 ] ] ] } },
{ "type": "Feature", "properties": { "grid_id": "91.7550_26.1560", "temperature": 28.2, "ndvi": 0.7, "priority": "High", "recommended_action": "Green park", "cost_estimate": 155526 }, "geometry": { "type": "Polygon", "coordinates": [ [ [ 91.756000000000128, 26.156 ], [ 91.756000000000128, 26.157 ], [ 91.755000000000123, 26.157 ], [ 91.755000000000123, 26.156 ], [ 91.756000000000128, 26.156 ] ] ] } },
{ "type": "Feature", "properties": { "grid_id": "91.7550_26.1570", "temperature": 36.0, "ndvi": 0.74, "priority": "High", "recommended_action": "None", "cost_estimate": 96075 }, "geometry": { "type": "Polygon", "coordinates": [ [ [ 91.756000000000128, 26.157 ], [ 91.756000000000128, 26.158 ], [ 91.755000000000123, 26.158 ], [ 91.755000000000123, 26.157 ], [ 91.756000000000128, 26.157 ] ] ] } },
{ "type": "Feature", "properties": { "grid_id": "91.7550_26.1580", "temperature": 29.7, "ndvi": 0.28, "priority": "High", "recommended_action": "Tree cover", "cost_estimate": 66047 }, "geometry": { "type": "Polygon", "coordinates": [ [ [ 91.756000000000128, 26.158 ], [ 91.756000000000128, 26.159 ], [ 91.755000000000123, 26.159 ], [ 91.755000000000123, 26.158 ], [ 91.756000000000128, 26.158 ] ] ] } },
{ "type": "Feature", "properties": { "grid_id": "91.7550_26.1590", "temperature": 31.2, "ndvi": 0.76, "priority": "Low", "recommended_action": "None", "cost_estimate": 157930 }, "geometry": { "type": "Polygon", "coordinates": [ [ [ 91.756000000000128, 26.159 ], [ 91.756000000000128, 26.16 ], [ 91.755000000000123, 26.16 ], [ 91.755000000000123, 26.159 ], [ 91.756000000000128, 26.159 ] ] ] } },
{ "type": "Feature", "properties": { "grid_id": "91.7550_26.1600", "temperature": 35.7, "ndvi": 0.0, "priority": "High", "recommended_action": "None", "cost_estimate": 81852 }, "geometry": { "type": "Polygon", "coordinates": [ [ [ 91.756000000000128, 26.16 ], [ 91.756000000000128, 26.161 ], [ 91.755000000000123, 26.161 ], [ 91.755000000000123, 26.16 ], [ 91.756000000000128, 26.16 ] ] ] } },
{ "type": "Feature", "properties": { "grid_id": "91.7550_26.1610", "temperature": 31.1, "ndvi": 0.78, "priority": "Medium", "recommended_action": "None", "cost_estimate": 16235 }, "geometry": { "type": "Polygon", "coordinates": [ [ [ 91.756000000000128, 26.161 ], [ 91.756000000000128, 26.162 ], [ 91.755000000000123, 26.162 ], [ 91.755000000000123, 26.161 ], [ 91.756000000000128, 26.161 ] ] ] } },
{ "type": "Feature", "properties": { "grid_id": "91.7550_26.1620", "temperature": 34.1, "ndvi": 0.3, "priority": "Medium", "recommended_action": "Tree cover", "cost_estimate": 7465 }, "geometry": { "type": "Polygon", "coordinates": [ [ [ 91.756000000000128, 26.162 ], [ 91.756000000000128, 26.163 ], [ 91.755000000000123, 26.163 ], [ 91.755000000000123, 26.162 ], [ 91.756000000000128, 26.162 ] ] ] } },
{ "type": "Feature", "properties": { "grid_id": "91.7550_26.1630", "temperature": 35.4, "ndvi": 0.01, "priority": "Low", "recommended_action": "None", "cost_estimate": 35718 }, "geometry": { "type": "Polygon", "coordinates": [ [ [ 91.756000000000128, 26.163 ], [ 91.756000000000128, 26.164 ], [ 91.755000000000123, 26.164 ], [ 91.755000000000123, 26.163 ], [ 91.756000000000128, 26.163 ] ] ] } },
{ "type": "Feature", "properties": { "grid_id": "91.7550_26.1640", "temperature": 30.4, "ndvi": 0.14, "priority": "Medium", "recommended_action": "Cool roof", "cost_estimate": 102349 }, "geometry": { "type": "Polygon", "coordinates": [ [ [ 91.756000000000128, 26.164 ], [ 91.756000000000128, 26.165 ], [ 91.755000000000123, 26.165 ], [ 91.755000000000123, 26.164 ], [ 91.756000000000128, 26.164 ] ] ] } },
{ "type": "Feature", "properties": { "grid_id": "91.7550_26.1650", "temperature": 41.6, "ndvi": 0.25, "priority": "High", "recommended_action": "Green park", "cost_estimate": 63821 }, "geometry": { "type": "Polygon", "coordinates": [ [ [ 91.756000000000128, 26.165 ], [ 91.756000000000128, 26.166 ], [ 91.755000000000123, 26.166 ], [ 91.755000000000123, 26.165 ], [ 91.756000000000128, 26.165 ] ] ] } },
{ "type": "Feature", "properties": { "grid_id": "91.7550_26.1660", "temperature": 38.7, "ndvi": 0.22, "priority": "Low", "recommended_action": "Cool roof", "cost_estimate": 86489 }, "geometry": { "type": "Polygon", "coordinates": [ [ [ 91.756000000000128, 26.166 ], [ 91.756000000000128, 26.167 ], [ 91.755000000000123, 26.167 ], [ 91.755000000000123, 26.166 ], [ 91.756000000000128, 26.166 ] ] ] } },
{ "type": "Feature", "properties": { "grid_id": "91.7550_26.1670", "temperature": 28.8, "ndvi": 0.05, "priority": "High", "recommended_action": "Green park", "cost_estimate": 22307 }, "geometry": { "type": "Polygon", "coordinates": [ [ [ 91.756000000000128, 26.167 ], [ 91.756000000000128, 26.168 ], [ 91.755000000000123, 26.168 ], [ 91.755000000000123, 26.167 ], [ 91.756000000000128, 26.167 ] ] ] } },
{ "type": "Feature", "properties": { "grid_id": "91.7550_26.1680", "temperature": 38.4, "ndvi": 0.32, "priority": "Medium", "recommended_action": "Tree cover", "cost_estimate": 7220 }, "geometry": { "type": "Polygon", "coordinates": [ [ [ 91.756000000000128, 26.168 ], [ 91.756000000000128, 26.169 ], [ 91.755000000000123, 26.169 ], [ 91.755000000000123, 26.168 ], [ 91.756000000000128, 26.168 ] ] ] } },
{ "type": "Feature", "properties": { "grid_id": "91.7550_26.1690", "temperature": 37.0, "ndvi": 0.17, "priority": "Medium", "recommended_action": "Cool roof", "cost_estimate": 119384 }, "geometry": { "type": "Polygon", "coordinates": [ [ [ 91.756000000000128, 26.169 ], [ 91.756000000000128, 26.17 ], [ 91.755000000000123, 26.17 ], [ 91.755000000000123, 26.169 ], [ 91.756000000000128, 26.169 ] ] ] } },
{ "type": "Feature", "properties": { "grid_id": "91.7550_26.1700", "temperature": 30.3, "ndvi": 0.1, "priority": "Medium", "recommended_action": "Tree cover", "cost_estimate": 128154 }, "geometry": { "type": "Polygon", "coordinates": [ [ [ 91.756000000000128, 26.17 ], [ 91.756000000000128, 26.171 ], [ 91.755000000000123, 26.171 ], [ 91.755000000000123, 26.17 ], [ 91.756000000000128, 26.17 ] ] ] } },
{ "type": "Feature", "properties": { "grid_id": "91.7550_26.1710", "temperature": 39.1, "ndvi": 0.04, "priority": "Low", "recommended_action": "Tree cover", "cost_estimate": 31434 }, "geometry": { "type": "Polygon", "coordinates": [ [ [ 91.756000000000128, 26.171 ], [ 91.756000000000128, 26.172 ], [ 91.755000000000123, 26.172 ], [ 91.755000000000123, 26.171 ], [ 91.756000000000128, 26.171 ] ] ] } },
{ "type": "Feature", "properties": { "grid_id": "91.7550_26.1720", "temperature": 28.2, "ndvi": -0.09, "priority": "High", "recommended_action": "Cool roof", "cost_estimate": 21272 }, "geometry": { "type": "Polygon", "coordinates": [ [ [ 91.756000000000128, 26.172 ], [ 91.756000000000128, 26.173 ], [ 91.755000000000123, 26.173 ], [ 91.755000000000123, 26.172 ], [ 91.756000000000128, 26.172 ] ] ] } },
{ "type": "Feature", "properties": { "grid_id": "91.7550_26.1730", "temperature": 38.6, "ndvi": 0.23, "priority": "Low", "recommended_action": "Tree cover", "cost_estimate": 175052 }, "geometry": { "type": "Polygon", "coordinates": [ [ [ 91.756000000000128, 26.173 ], [ 91.756000000000128, 26.174 ], [ 91.755000000000123, 26.174 ], [ 91.755000000000123, 26.173 ], [ 91.756000000000128, 26.173 ] ] ] } },
{ "type": "Feature", "properties": { "grid_id": "91.7550_26.1740", "temperature": 34.2, "ndvi": 0.01, "priority": "High", "recommended_action": "None", "cost_estimate": 176432 }, "geometry": { "type": "Polygon", "coordinates": [ [ [ 91.756000000000128, 26.174 ], [ 91.756000000000128, 26.175 ], [ 91.755000000000123, 26.175 ], [ 91.755000000000123, 26.174 ], [ 91.756000000000128, 26.174 ] ] ] } },
{ "type": "Feature", "properties": { "grid_id": "91.7550_26.1750", "temperature": 34.9, "ndvi": 0.15, "priority": "Medium", "recommended_action": "None", "cost_estimate": 118307 }, "geometry": { "type": "Polygon", "coordinates": [ [ [ 91.756000000000128, 26.175 ], [ 91.756000000000128, 26.176 ], [ 91.755000000000123, 26.176 ], [ 91.755000000000123, 26.175 ], [ 91.756000000000128, 26.175 ] ] ] } },
{ "type": "Feature", "properties": { "grid_id": "91.7550_26.1760", "temperature": 41.2, "ndvi": 0.65, "priority": "High", "recommended_action": "None", "cost_estimate": 111706 }, "geometry": { "type": "Polygon", "coordinates": [ [ [ 91.756000000000128, 26.176 ], [ 91.756000000000128, 26.177 ], [ 91.755000000000123, 26.177 ], [ 91.755000000000123, 26.176 ], [ 91.756000000000128, 26.176 ] ] ] } },
{ "type": "Feature", "properties": { "grid_id": "91.7550_26.1770", "temperature": 38.0, "ndvi": 0.35, "priority": "High", "recommended_action": "Cool roof", "cost_estimate": 6593 }, "geometry": { "type": "Polygon", "coordinates": [ [ [ 91.756000000000128, 26.177 ], [ 91.756000000000128, 26.178 ], [ 91.755000000000123, 26.178 ], [ 91.755000000000123, 26.177 ], [ 91.756000000000128, 26.177 ] ] ] } },
{ "type": "Feature", "properties": { "grid_id": "91.7550_26.1780", "temperature": 33.1, "ndvi": -0.06, "priority": "High", "recommended_action": "Green park", "cost_estimate": 31717 }, "geometry": { "type": "Polygon", "coordinates": [ [ [ 91.756000000000128, 26.178 ], [ 91.756000000000128, 26.179 ], [ 91.755000000000123, 26.179 ], [ 91.755000000000123, 26.178 ], [ 91.756000000000128, 26.178 ] ] ] } },
{ "type": "Feature", "properties": { "grid_id": "91.7550_26.1790", "temperature": 40.8, "ndvi": 0.17, "priority": "Low", "recommended_action": "Cool roof", "cost_estimate": 70259 }, "geometry": { "type": "Polygon", "coordinates": [ [ [ 91.756000000000128, 26.179 ], [ 91.756000000000128, 26.18 ], [ 91.755000000000123, 26.18 ], [ 91.755000000000123, 26.179 ], [ 91.756000000000128, 26.179 ] ] ] } },
{ "type": "Feature", "properties": { "grid_id": "91.7560_26.1500", "temperature": 30.0, "ndvi": 0.71, "priority": "High", "recommended_action": "None", "cost_estimate": 157046 }, "geometry": { "type": "Polygon", "coordinates": [ [ [ 91.757000000000133, 26.15 ], [ 91.757000000000133, 26.151 ], [ 91.756000000000128, 26.151 ], [ 91.756000000000128, 26.15 ], [ 91.757000000000133, 26.15 ] ] ] } },
{ "type": "Feature", "properties": { "grid_id": "91.7560_26.1510", "temperature": 28.1, "ndvi": 0.59, "priority": "Low", "recommended_action": "None", "cost_estimate": 194775 }, "geometry": { "type": "Polygon", "coordinates": [ [ [ 91.757000000000133, 26.151 ], [ 91.757000000000133, 26.152 ], [ 91.756000000000128, 26.152 ], [ 91.756000000000128, 26.151 ], [ 91.757000000000133, 26.151 ] ] ] } },
{ "type": "Feature", "properties": { "grid_id": "91.7560_26.1520", "temperature": 35.9, "ndvi": -0.03, "priority": "Low", "recommended_action": "Green park", "cost_estimate": 142998 }, "geometry": { "type": "Polygon", "coordinates": [ [ [ 91.757000000000133, 26.152 ], [ 91.757000000000133, 26.153 ], [ 91.756000000000128, 26.153 ], [ 91.756000000000128, 26.152 ], [ 91.757000000000133, 26.152 ] ] ] } },
{ "type": "Feature", "properties": { "grid_id": "91.7560_26.1530", "temperature": 40.1, "ndvi": 0.27, "priority": "High", "recommended_action": "Cool roof", "cost_estimate": 73467 }, "geometry": { "type": "Polygon", "coordinates": [ [ [ 91.757000000000133, 26.153 ], [ 91.757000000000133, 26.154 ], [ 91.756000000000128, 26.154 ], [ 91.756000000000128, 26.153 ], [ 91.757000000000133, 26.153 ] ] ] } },
{ "type": "Feature", "properties": { "grid_id": "91.7560_26.1540", "temperature": 39.7, "ndvi": 0.67, "priority": "High", "recommended_action": "None", "cost_estimate": 194281 }, "geometry": { "type": "Polygon", "coordinates": [ [ [ 91.757000000000133, 26.154 ], [ 91.757000000000133, 26.155 ], [ 91.756000000000128, 26.155 ], [ 91.756000000000128, 26.154 ], [ 91.757000000000133, 26.154 ] ] ] } },
{ "type": "Feature", "properties": { "grid_id": "91.7560_26.1550", "temperature": 33.1, "ndvi": 0.08, "priority": "Medium", "recommended_action": "Green park", "cost_estimate": 67319 }, "geometry": { "type": "Polygon", "coordinates": [ [ [ 91.757000000000133, 26.155 ], [ 91.757000000000133, 26.156 ], [ 91.756000000000128, 26.156 ], [ 91.756000000000128, 26.155 ], [ 91.757000000000133, 26.155 ] ] ] } },
{ "type": "Feature", "properties": { "grid_id": "91.7560_26.1560", "temperature": 29.5, "ndvi": 0.11, "priority": "High", "recommended_action": "Tree cover", "cost_estimate": 188433 }, "geometry": { "type": "Polygon", "coordinates": [ [ [ 91.757000000000133, 26.156 ], [ 91.757000000000133, 26.157 ], [ 91.756000000000128, 26.157 ], [ 91.756000000000128, 26.156 ], [ 91.757000000000133, 26.156 ] ] ] } },
{ "type": "Feature", "properties": { "grid_id": "91.7560_26.1570", "temperature": 40.2, "ndvi": 0.53, "priority": "Medium", "recommended_action": "Tree cover", "cost_estimate": 64112 }, "geometry": { "type": "Polygon", "coordinates": [ [ [ 91.757000000000133, 26.157 ], [ 91.757000000000133, 26.158 ], [ 91.756000000000128, 26.158 ], [ 91.756000000000128, 26.157 ], [ 91.757000000000133, 26.157 ] ] ] } },
{ "type": "Feature", "properties": { "grid_id": "91.7560_26.1580", "temperature": 33.6, "ndvi": 0.41, "priority": "Medium", "recommended_action": "Green park", "cost_estimate": 99559 }, "geometry": { "type": "Polygon", "coordinates": [ [ [ 91.757000000000133, 26.158 ], [ 91.757000000000133, 26.159 ], [ 91.756000000000128, 26.159 ], [ 91.756000000000128, 26.158 ], [ 91.757000000000133, 26.158 ] ] ] } },
{ "type": "Feature", "properties": { "grid_id": "91.7560_26.1590", "temperature": 38.7, "ndvi": 0.42, "priority": "Medium", "recommended_action": "Green park", "cost_estimate": 47945 }, "geometry": { "type": "Polygon", "coordinates": [ [ [ 91.757000000000133, 26.159 ], [ 91.757000000000133, 26.16 ], [ 91.756000000000128, 26.16 ], [ 91.756000000000128, 26.159 ], [ 91.757000000000133, 26.159 ] ] ] } },
{ "type": "Feature", "properties": { "grid_id": "91.7560_26.1600", "temperature": 31.2, "ndvi": 0.73, "priority": "High", "recommended_action": "Green park", "cost_estimate": 5632 }, "geometry": { "type": "Polygon", "coordinates": [ [ [ 91.757000000000133, 26.16 ], [ 91.757000000000133, 26.161 ], [ 91.756000000000128, 26.161 ], [ 91.756000000000128, 26.16 ], [ 91.757000000000133, 26.16 ] ] ] } },
{ "type": "Feature", "properties": { "grid_id": "91.7560_26.1610", "temperature": 33.8, "ndvi": 0.32, "priority": "Low", "recommended_action": "None", "cost_estimate": 28153 }, "geometry": { "type": "Polygon", "coordinates": [ [ [ 91.757000000000133, 26.161 ], [ 91.757000000000133, 26.162 ], [ 91.756000000000128, 26.162 ], [ 91.756000000000128, 26.161 ], [ 91.757000000000133, 26.161 ] ] ] } },
{ "type": "Feature", "properties": { "grid_id": "91.7560_26.1620", "temperature": 36.2, "ndvi": 0.78, "priority": "High", "recommended_action": "Tree cover", "cost_estimate": 41212 }, "geometry": { "type": "Polygon", "coordinates": [ [ [ 91.757000000000133, 26.162 ], [ 91.757000000000133, 26.163 ], [ 91.756000000000128, 26.163 ], [ 91.756000000000128, 26.162 ], [ 91.757000000000133, 26.162 ] ] ] } },
{ "type": "Feature", "properties": { "grid_id": "91.7560_26.1630", "temperature": 35.9, "ndvi": -0.0, "priority": "Medium", "recommended_action": "None", "cost_estimate": 79882 }, "geometry": { "type": "Polygon", "coordinates": [ [ [ 91.757000000000133, 26.163 ], [ 91.757000000000133, 26.164 ], [ 91.756000000000128, 26.164 ], [ 91.756000000000128, 26.163 ], [ 91.757000000000133, 26.163 ] ] ] } },
{ "type": "Feature", "properties": { "grid_id": "91.7560_26.1640", "temperature": 30.0, "ndvi": 0.71, "priority": "High", "recommended_action": "Cool roof", "cost_estimate": 137563 }, "geometry": { "type": "Polygon", "coordinates": [ [ [ 91.757000000000133, 26.164 ], [ 91.757000000000133, 26.165 ], [ 91.756000000000128, 26.165 ], [ 91.756000000000128, 26.164 ], [ 91.757000000000133, 26.164 ] ] ] } },
{ "type": "Feature", "properties": { "grid_id": "91.7560_26.1650", "temperature": 28.6, "ndvi": 0.12, "priority": "Low", "recommended_action": "Green park", "cost_estimate": 6436 }, "geometry": { "type": "Polygon", "coordinates": [ [ [ 91.757000000000133, 26.165 ], [ 91.757000000000133, 26.166 ], [ 91.756000000000128, 26.166 ], [ 91.756000000000128, 26.165 ], [ 91.757000000000133, 26.165 ] ] ] } },
{ "type": "Feature", "properties": { "grid_id": "91.7560_26.1660", "temperature": 34.6, "ndvi": 0.5, "priority": "Low", "recommended_action": "Cool roof", "cost_estimate": 74138 }, "geometry": { "type": "Polygon", "coordinates": [ [ [ 91.757000000000133, 26.166 ], [ 91.757000000000133, 26.167 ], [ 91.756000000000128, 26.167 ], [ 91.756000000000128, 26.166 ], [ 91.757000000000133, 26.166 ] ] ] } },
{ "type": "Feature", "properties": { "grid_id": "91.7560_26.1670", "temperature": 39.0, "ndvi": 0.46, "priority": "Low", "recommended_action": "Cool roof", "cost_estimate": 191968 }, "geometry": { "type": "Polygon", "coordinates": [ [ [ 91.757000000000133, 26.167 ], [ 91.757000000000133, 26.168 ], [ 91.756000000000128, 26.168 ], [ 91.756000000000128, 26.167 ], [ 91.757000000000133, 26.167 ] ] ] } },
{ "type": "Feature", "properties": { "grid_id": "91.7560_26.1680", "temperature": 39.2, "ndvi": 0.4, "priority": "Medium", "recommended_action": "Green park", "cost_estimate": 148975 }, "geometry": { "type": "Polygon", "coordinates": [ [ [ 91.757000000000133, 26.168 ], [ 91.757000000000133, 26.169 ], [ 91.756000000000128, 26.169 ], [ 91.756000000000128, 26.168 ], [ 91.757000000000133, 26.168 ] ] ] } },
{ "type": "Feature", "properties": { "grid_id": "91.7560_26.1690", "temperature": 39.4, "ndvi": 0.57, "priority": "High", "recommended_action": "Green park", "cost_estimate": 121035 }, "geometry": { "type": "Polygon", "coordinates": [ [ [ 91.757000000000133, 26.169 ], [ 91.757000000000133, 26.17 ], [ 91.756000000000128, 26.17 ], [ 91.756000000000128, 26.169 ], [ 91.757000000000133, 26.169 ] ] ] } },
{ "type": "Feature", "properties": { "grid_id": "91.7560_26.1700", "temperature": 33.0, "ndvi": 0.38, "priority": "High", "recommended_action": "Tree cover", "cost_estimate": 64088 }, "geometry": { "type": "Polygon", "coordinates": [ [ [ 91.757000000000133, 26.17 ], [ 91.757000000000133, 26.171 ], [ 91.756000000000128, 26.171 ], [ 91.756000000000128, 26.17 ], [ 91.757000000000133, 26.17 ] ] ] } },
{ "type": "Feature", "properties": { "grid_id": "91.7560_26.1710", "temperature": 31.8, "ndvi": 0.42, "priority": "High", "recommended_action": "Tree cover", "cost_estimate": 21983 }, "geometry": { "type": "Polygon", "coordinates": [ [ [ 91.757000000000133, 26.171 ], [ 91.757000000000133, 26.172 ], [ 91.756000000000128, 26.172 ], [ 91.756000000000128, 26.171 ], [ 91.757000000000133, 26.171 ] ] ] } },
{ "type": "Feature", "properties": { "grid_id": "91.7560_26.1720", "temperature": 39.9, "ndvi": 0.7, "priority": "Low", "recommended_action": "Cool roof", "cost_estimate": 132442 }, "geometry": { "type": "Polygon", "coordinates": [ [ [ 91.757000000000133, 26.172 ], [ 91.757000000000133, 26.173 ], [ 91.756000000000128, 26.173 ], [ 91.756000000000128, 26.172 ], [ 91.757000000000133, 26.172 ] ] ] } },
{ "type": "Feature", "properties": { "grid_id": "91.7560_26.1730", "temperature": 37.4, "ndvi": 0.6, "priority": "High", "recommended_action": "Tree cover", "cost_estimate": 46321 }, "geometry": { "type": "Polygon", "coordinates": [ [ [ 91.757000000000133, 26.173 ], [ 91.757000000000133, 26.174 ], [ 91.756000000000128, 26.174 ], [ 91.756000000000128, 26.173 ], [ 91.757000000000133, 26.173 ] ] ] } },
{ "type": "Feature", "properties": { "grid_id": "91.7560_26.1740", "temperature": 36.2, "ndvi": 0.68, "priority": "Low", "recommended_action": "Tree cover", "cost_estimate": 57176 }, "geometry": { "type": "Polygon", "coordinates": [ [ [ 91.757000000000133, 26.174 ], [ 91.757000000000133, 26.175 ], [ 91.756000000000128, 26.175 ], [ 91.756000000000128, 26.174 ], [ 91.757000000000133, 26.174 ] ] ] } },
{ "type": "Feature", "properties": { "grid_id": "91.7560_26.1750", "temperature": 41.2, "ndvi": 0.33, "priority": "Low", "recommended_action": "Tree cover", "cost_estimate": 9361 }, "geometry": { "type": "Polygon", "coordinates": [ [ [ 91.757000000000133, 26.175 ], [ 91.757000000000133, 26.176 ], [ 91.756000000000128, 26.176 ], [ 91.756000000000128, 26.175 ], [ 91.757000000000133, 26.175 ] ] ] } },
{ "type": "Feature", "properties": { "grid_id": "91.7560_26.1760", "temperature": 41.1, "ndvi": -0.02, "priority": "Medium", "recommended_action": "None", "cost_estimate": 155735 }, "geometry": { "type": "Polygon", "coordinates": [ [ [ 91.757000000000133, 26.176 ], [ 91.757000000000133, 26.177 ], [ 91.756000000000128, 26.177 ], [ 91.756000000000128, 26.176 ], [ 91.757000000000133, 26.176 ] ] ] } },
{ "type": "Feature", "properties": { "grid_id": "91.7560_26.1770", "temperature": 31.7, "ndvi": 0.03, "priority": "Low", "recommended_action": "Green park", "cost_estimate": 9419 }, "geometry": { "type": "Polygon", "coordinates": [ [ [ 91.757000000000133, 26.177 ], [ 91.757000000000133, 26.178 ], [ 91.756000000000128, 26.178 ], [ 91.756000000000128, 26.177 ], [ 91.757000000000133, 26.177 ] ] ] } },
{ "type": "Feature", "properties": { "grid_id": "91.7560_26.1780", "temperature": 33.3, "ndvi": 0.51, "priority": "Medium", "recommended_action": "Tree cover", "cost_estimate": 116594 }, "geometry": { "type": "Polygon", "coordinates": [ [ [ 91.757000000000133, 26.178 ], [ 91.757000000000133, 26.179 ], [ 91.756000000000128, 26.179 ], [ 91.756000000000128, 26.178 ], [ 91.757000000000133, 26.178 ] ] ] } },
{ "type": "Feature", "properties": { "grid_id": "91.7560_26.1790", "temperature": 30.0, "ndvi": 0.64, "priority": "Medium", "recommended_action": "Cool roof", "cost_estimate": 32531 }, "geometry": { "type": "Polygon", "coordinates": [ [ [ 91.757000000000133, 26.179 ], [ 91.757000000000133, 26.18 ], [ 91.756000000000128, 26.18 ], [ 91.756000000000128, 26.179 ], [ 91.757000000000133, 26.179 ] ] ] } },
{ "type": "Feature", "properties": { "grid_id": "91.7570_26.1500", "temperature": 38.6, "ndvi": 0.22, "priority": "Low", "recommended_action": "None", "cost_estimate": 68856 }, "geometry": { "type": "Polygon", "coordinates": [ [ [ 91.758000000000138, 26.15 ], [ 91.758000000000138, 26.151 ], [ 91.757000000000133, 26.151 ], [ 91.757000000000133, 26.15 ], [ 91.758000000000138, 26.15 ] ] ] } },
{ "type": "Feature", "properties": { "grid_id": "91.7570_26.1510", "temperature": 35.7, "ndvi": 0.04, "priority": "Medium", "recommended_action": "Cool roof", "cost_estimate": 44058 }, "geometry": { "type": "Polygon", "coordinates": [ [ [ 91.758000000000138, 26.151 ], [ 91.758000000000138, 26.152 ], [ 91.757000000000133, 26.152 ], [ 91.757000000000133, 26.151 ], [ 91.758000000000138, 26.151 ] ] ] } },
{ "type": "Feature", "properties": { "grid_id": "91.7570_26.1520", "temperature": 34.3, "ndvi": 0.79, "priority": "Medium", "recommended_action": "Cool roof", "cost_estimate": 45150 }, "geometry": { "type": "Polygon", "coordinates": [ [ [ 91.758000000000138, 26.152 ], [ 91.758000000000138, 26.153 ], [ 91.757000000000133, 26.153 ], [ 91.757000000000133, 26.152 ], [ 91.758000000000138, 26.152 ] ] ] } },
{ "type": "Feature", "properties": { "grid_id": "91.7570_26.1530", "temperature": 41.0, "ndvi": 0.15, "priority": "Medium", "recommended_action": "Green park", "cost_estimate": 150191 }, "geometry": { "type": "Polygon", "coordinates": [ [ [ 91.758000000000138, 26.153 ], [ 91.758000000000138, 26.154 ], [ 91.757000000000133, 26.154 ], [ 91.757000000000133, 26.153 ], [ 91.758000000000138, 26.153 ] ] ] } },
{ "type": "Feature", "properties": { "grid_id": "91.7570_26.1540", "temperature": 37.3, "ndvi": 0.16, "priority": "Medium", "recommended_action": "None", "cost_estimate": 94478 }, "geometry": { "type": "Polygon", "coordinates": [ [ [ 91.758000000000138, 26.154 ], [ 91.758000000000138, 26.155 ], [ 91.757000000000133, 26.155 ], [ 91.757000000000133, 26.154 ], [ 91.758000000000138, 26.154 ] ] ] } },
{ "type": "Feature", "properties": { "grid_id": "91.7570_26.1550", "temperature": 29.1, "ndvi": 0.39, "priority": "High", "recommended_action": "Cool roof", "cost_estimate": 199863 }, "geometry": { "type": "Polygon", "coordinates": [ [ [ 91.758000000000138, 26.155 ], [ 91.758000000000138, 26.156 ], [ 91.757000000000133, 26.156 ], [ 91.757000000000133, 26.155 ], [ 91.758000000000138, 26.155 ] ] ] } },
{ "type": "Feature", "properties": { "grid_id": "91.7570_26.1560", "temperature": 39.5, "ndvi": 0.17, "priority": "High", "recommended_action": "Tree cover", "cost_estimate": 56649 }, "geometry": { "type": "Polygon", "coordinates": [ [ [ 91.758000000000138, 26.156 ], [ 91.758000000000138, 26.157 ], [ 91.757000000000133, 26.157 ], [ 91.757000000000133, 26.156 ], [ 91.758000000000138, 26.156 ] ] ] } },
{ "type": "Feature", "properties": { "grid_id": "91.7570_26.1570", "temperature": 38.6, "ndvi": 0.52, "priority": "Medium", "recommended_action": "Green park", "cost_estimate": 144127 }, "geometry": { "type": "Polygon", "coordinates": [ [ [ 91.758000000000138, 26.157 ], [ 91.758000000000138, 26.158 ], [ 91.757000000000133, 26.158 ], [ 91.757000000000133, 26.157 ], [ 91.758000000000138, 26.157 ] ] ] } },
{ "type": "Feature", "properties": { "grid_id": "91.7570_26.1580", "temperature": 37.4, "ndvi": 0.19, "priority": "Low", "recommended_action": "Green park", "cost_estimate": 109490 }, "geometry": { "type": "Polygon", "coordinates": [ [ [ 91.758000000000138, 26.158 ], [ 91.758000000000138, 26.159 ], [ 91.757000000000133, 26.159 ], [ 91.757000000000133, 26.158 ], [ 91.758000000000138, 26.158 ] ] ] } },
{ "type": "Feature", "properties": { "grid_id": "91.7570_26.1590", "temperature": 41.6, "ndvi": 0.47, "priority": "Medium", "recommended_action": "Tree cover", "cost_estimate": 135800 }, "geometry": { "type": "Polygon", "coordinates": [ [ [ 91.758000000000138, 26.159 ], [ 91.758000000000138, 26.16 ], [ 91.757000000000133, 26.16 ], [ 91.757000000000133, 26.159 ], [ 91.758000000000138, 26.159 ] ] ] } },
{ "type": "Feature", "properties": { "grid_id": "91.7570_26.1600", "temperature": 32.5, "ndvi": 0.15, "priority": "Low", "recommended_action": "Cool roof", "cost_estimate": 145270 }, "geometry": { "type": "Polygon", "coordinates": [ [ [ 91.758000000000138, 26.16 ], [ 91.758000000000138, 26.161 ], [ 91.757000000000133, 26.161 ], [ 91.757000000000133, 26.16 ], [ 91.758000000000138, 26.16 ] ] ] } },
{ "type": "Feature", "properties": { "grid_id": "91.7570_26.1610", "temperature": 32.9, "ndvi": 0.15, "priority": "Medium", "recommended_action": "Green park", "cost_estimate": 23547 }, "geometry": { "type": "Polygon", "coordinates": [ [ [ 91.758000000000138, 26.161 ], [ 91.758000000000138, 26.162 ], [ 91.757000000000133, 26.162 ], [ 91.757000000000133, 26.161 ], [ 91.758000000000138, 26.161 ] ] ] } },
{ "type": "Feature", "properties": { "grid_id": "91.7570_26.1620", "temperature": 29.7, "ndvi": 0.04, "priority": "Low", "recommended_action": "Cool roof", "cost_estimate": 147569 }, "geometry": { "type": "Polygon", "coordinates": [ [ [ 91.758000000000138, 26.162 ], [ 91.758000000000138, 26.163 ], [ 91.757000000000133, 26.163 ], [ 91.757000000000133, 26.162 ], [ 91.758000000000138, 26.162 ] ] ] } },
{ "type": "Feature", "properties": { "grid_id": "91.7570_26.1630", "temperature": 31.8, "ndvi": 0.2, "priority": "High", "recommended_action": "Tree cover", "cost_estimate": 45729 }, "geometry": { "type": "Polygon", "coordinates": [ [ [ 91.758000000000138, 26.163 ], [ 91.758000000000138, 26.164 ], [ 91.757000000000133, 26.164 ], [ 91.757000000000133, 26.163 ], [ 91.758000000000138, 26.163 ] ] ] } },
{ "type": "Feature", "properties": { "grid_id": "91.7570_26.1640", "temperature": 28.6, "ndvi": 0.2, "priority": "Medium", "recommended_action": "Tree cover", "cost_estimate": 170196 }, "geometry": { "type": "Polygon", "coordinates": [ [ [ 91.758000000000138, 26.164 ], [ 91.758000000000138, 26.165 ], [ 91.757000000000133, 26.165 ], [ 91.757000000000133, 26.164 ], [ 91.758000000000138, 26.164 ] ] ] } },
{ "type": "Feature", "properties": { "grid_id": "91.7570_26.1650", "temperature": 29.1, "ndvi": 0.04, "priority": "Medium", "recommended_action": "Green park", "cost_estimate": 59241 }, "geometry": { "type": "Polygon", "coordinates": [ [ [ 91.758000000000138, 26.165 ], [ 91.758000000000138, 26.166 ], [ 91.757000000000133, 26.166 ], [ 91.757000000000133, 26.165 ], [ 91.758000000000138, 26.165 ] ] ] } },
{ "type": "Feature", "properties": { "grid_id": "91.7570_26.1660", "temperature": 32.7, "ndvi": 0.19, "priority": "High", "recommended_action": "None", "cost_estimate": 199661 }, "geometry": { "type": "Polygon", "coordinates": [ [ [ 91.758000000000138, 26.166 ], [ 91.758000000000138, 26.167 ], [ 91.757000000000133, 26.167 ], [ 91.757000000000133, 26.166 ], [ 91.758000000000138, 26.166 ] ] ] } },
{ "type": "Feature", "properties": { "grid_id": "91.7570_26.1670", "temperature": 33.8, "ndvi": 0.76, "priority": "Low", "recommended_action": "Cool roof", "cost_estimate": 153622 }, "geometry": { "type": "Polygon", "coordinates": [ [ [ 91.758000000000138, 26.167 ], [ 91.758000000000138, 26.168 ], [ 91.757000000000133, 26.168 ], [ 91.757000000000133, 26.167 ], [ 91.758000000000138, 26.167 ] ] ] } },
{ "type": "Feature", "properties": { "grid_id": "91.7570_26.1680", "temperature": 31.7, "ndvi": 0.14, "priority": "Medium", "recommended_action": "Tree cover", "cost_estimate": 167249 }, "geometry": { "type": "Polygon", "coordinates": [ [ [ 91.758000000000138, 26.168 ], [ 91.758000000000138, 26.169 ], [ 91.757000000000133, 26.169 ], [ 91.757000000000133, 26.168 ], [ 91.758000000000138, 26.168 ] ] ] } },
{ "type": "Feature", "properties": { "grid_id": "91.7570_26.1690", "temperature": 30.5, "ndvi": 0.31, "priority": "Medium", "recommended_action": "Tree cover", "cost_estimate": 100579 }, "geometry": { "type": "Polygon", "coordinates": [ [ [ 91.758000000000138, 26.169 ], [ 91.758000000000138, 26.17 ], [ 91.757000000000133, 26.17 ], [ 91.757000000000133, 26.169 ], [ 91.758000000000138, 26.169 ] ] ] } },
{ "type": "Feature", "properties": { "grid_id": "91.7570_26.1700", "temperature": 35.4, "ndvi": 0.68, "priority": "Medium", "recommended_action": "Green park", "cost_estimate": 35169 }, "geometry": { "type": "Polygon", "coordinates": [ [ [ 91.758000000000138, 26.17 ], [ 91.758000000000138, 26.171 ], [ 91.757000000000133, 26.171 ], [ 91.757000000000133, 26.17 ], [ 91.758000000000138, 26.17 ] ] ] } },
{ "type": "Feature", "properties": { "grid_id": "91.7570_26.1710", "temperature": 36.3, "ndvi": 0.36, "priority": "Low", "recommended_action": "None", "cost_estimate": 25907 }, "geometry": { "type": "Polygon", "coordinates": [ [ [ 91.758000000000138, 26.171 ], [ 91.758000000000138, 26.172 ], [ 91.757000000000133, 26.172 ], [ 91.757000000000133, 26.171 ], [ 91.758000000000138, 26.171 ] ] ] } },
{ "type": "Feature", "properties": { "grid_id": "91.7570_26.1720", "temperature": 29.3, "ndvi": 0.62, "priority": "Low", "recommended_action": "Cool roof", "cost_estimate": 71119 }, "geometry": { "type": "Polygon", "coordinates": [ [ [ 91.758000000000138, 26.172 ], [ 91.758000000000138, 26.173 ], [ 91.757000000000133, 26.173 ], [ 91.757000000000133, 26.172 ], [ 91.758000000000138, 26.172 ] ] ] } },
{ "type": "Feature", "properties": { "grid_id": "91.7570_26.1730", "temperature": 29.1, "ndvi": 0.54, "priority": "Low", "recommended_action": "Green park", "cost_estimate": 22853 }, "geometry": { "type": "Polygon", "coordinates": [ [ [ 91.758000000000138, 26.173 ], [ 91.758000000000138, 26.174 ], [ 91.757000000000133, 26.174 ], [ 91.757000000000133, 26.173 ], [ 91.758000000000138, 26.173 ] ] ] } },
{ "type": "Feature", "properties": { "grid_id": "91.7570_26.1740", "temperature": 38.5, "ndvi": 0.77, "priority": "Low", "recommended_action": "Cool roof", "cost_estimate": 165697 }, "geometry": { "type": "Polygon", "coordinates": [ [ [ 91.758000000000138, 26.174 ], [ 91.758000000000138, 26.175 ], [ 91.757000000000133, 26.175 ], [ 91.757000000000133, 26.174 ], [ 91.758000000000138, 26.174 ] ] ] } },
{ "type": "Feature", "properties": { "grid_id": "91.7570_26.1750", "temperature": 28.6, "ndvi": 0.22, "priority": "High", "recommended_action": "None", "cost_estimate": 64366 }, "geometry": { "type": "Polygon", "coordinates": [ [ [ 91.758000000000138, 26.175 ], [ 91.758000000000138, 26.176 ], [ 91.757000000000133, 26.176 ], [ 91.757000000000133, 26.175 ], [ 91.758000000000138, 26.175 ] ] ] } },
{ "type": "Feature", "properties": { "grid_id": "91.7570_26.1760", "temperature": 33.7, "ndvi": -0.08, "priority": "Medium", "recommended_action": "None", "cost_estimate": 185001 }, "geometry": { "type": "Polygon", "coordinates": [ [ [ 91.758000000000138, 26.176 ], [ 91.758000000000138, 26.177 ], [ 91.757000000000133, 26.177 ], [ 91.757000000000133, 26.176 ], [ 91.758000000000138, 26.176 ] ] ] } },
{ "type": "Feature", "properties": { "grid_id": "91.7570_26.1770", "temperature": 32.9, "ndvi": 0.11, "priority": "Medium", "recommended_action": "Tree cover", "cost_estimate": 176990 }, "geometry": { "type": "Polygon", "coordinates": [ [ [ 91.758000000000138, 26.177 ], [ 91.758000000000138, 26.178 ], [ 91.757000000000133, 26.178 ], [ 91.757000000000133, 26.177 ], [ 91.758000000000138, 26.177 ] ] ] } },
{ "type": "Feature", "properties": { "grid_id": "91.7570_26.1780", "temperature": 35.5, "ndvi": 0.77, "priority": "Low", "recommended_action": "Green park", "cost_estimate": 181570 }, "geometry": { "type": "Polygon", "coordinates": [ [ [ 91.758000000000138, 26.178 ], [ 91.758000000000138, 26.179 ], [ 91.757000000000133, 26.179 ], [ 91.757000000000133, 26.178 ], [ 91.758000000000138, 26.178 ] ] ] } },
{ "type": "Feature", "properties": { "grid_id": "91.7570_26.1790", "temperature": 36.4, "ndvi": 0.23, "priority": "High", "recommended_action": "Tree cover", "cost_estimate": 38204 }, "geometry": { "type": "Polygon", "coordinates": [ [ [ 91.758000000000138, 26.179 ], [ 91.758000000000138, 26.18 ], [ 91.757000000000133, 26.18 ], [ 91.757000000000133, 26.179 ], [ 91.758000000000138, 26.179 ] ] ] } },
{ "type": "Feature", "properties": { "grid_id": "91.7580_26.1500", "temperature": 39.5, "ndvi": 0.47, "priority": "High", "recommended_action": "Green park", "cost_estimate": 114165 }, "geometry": { "type": "Polygon", "coordinates": [ [ [ 91.759000000000142, 26.15 ], [ 91.759000000000142, 26.151 ], [ 91.758000000000138, 26.151 ], [ 91.758000000000138, 26.15 ], [ 91.759000000000142, 26.15 ] ] ] } },
{ "type": "Feature", "properties": { "grid_id": "91.7580_26.1510", "temperature": 35.8, "ndvi": 0.57, "priority": "Medium", "recommended_action": "Green park", "cost_estimate": 71339 }, "geometry": { "type": "Polygon", "coordinates": [ [ [ 91.759000000000142, 26.151 ], [ 91.759000000000142, 26.152 ], [ 91.758000000000138, 26.152 ], [ 91.758000000000138, 26.151 ], [ 91.759000000000142, 26.151 ] ] ] } },
{ "type": "Feature", "properties": { "grid_id": "91.7580_26.1520", "temperature": 34.6, "ndvi": 0.72, "priority": "Low", "recommended_action": "Green park", "cost_estimate": 132084 }, "geometry": { "type": "Polygon", "coordinates": [ [ [ 91.759000000000142, 26.152 ], [ 91.759000000000142, 26.153 ], [ 91.758000000000138, 26.153 ], [ 91.758000000000138, 26.152 ], [ 91.759000000000142, 26.152 ] ] ] } },
{ "type": "Feature", "properties": { "grid_id": "91.7580_26.1530", "temperature": 40.3, "ndvi": 0.24, "priority": "High", "recommended_action": "Green park", "cost_estimate": 148889 }, "geometry": { "type": "Polygon", "coordinates": [ [ [ 91.759000000000142, 26.153 ], [ 91.759000000000142, 26.154 ], [ 91.758000000000138, 26.154 ], [ 91.758000000000138, 26.153 ], [ 91.759000000000142, 26.153 ] ] ] } },
{ "type": "Feature", "properties": { "grid_id": "91.7580_26.1540", "temperature": 37.5, "ndvi": 0.08, "priority": "Medium", "recommended_action": "Green park", "cost_estimate": 7797 }, "geometry": { "type": "Polygon", "coordinates": [ [ [ 91.759000000000142, 26.154 ], [ 91.759000000000142, 26.155 ], [ 91.758000000000138, 26.155 ], [ 91.758000000000138, 26.154 ], [ 91.759000000000142, 26.154 ] ] ] } },
{ "type": "Feature", "properties": { "grid_id": "91.7580_26.1550", "temperature": 30.7, "ndvi": 0.75, "priority": "Low", "recommended_action": "None", "cost_estimate": 107528 }, "geometry": { "type": "Polygon", "coordinates": [ [ [ 91.759000000000142, 26.155 ], [ 91.759000000000142, 26.156 ], [ 91.758000000000138, 26.156 ], [ 91.758000000000138, 26.155 ], [ 91.759000000000142, 26.155 ] ] ] } },
{ "type": "Feature", "properties": { "grid_id": "91.7580_26.1560", "temperature": 29.0, "ndvi": 0.13, "priority": "Medium", "recommended_action": "None", "cost_estimate": 53961 }, "geometry": { "type": "Polygon", "coordinates": [ [ [ 91.759000000000142, 26.156 ], [ 91.759000000000142, 26.157 ], [ 91.758000000000138, 26.157 ], [ 91.758000000000138, 26.156 ], [ 91.759000000000142, 26.156 ] ] ] } },
{ "type": "Feature", "properties": { "grid_id": "91.7580_26.1570", "temperature": 28.2, "ndvi": 0.53, "priority": "High", "recommended_action": "None", "cost_estimate": 167134 }, "geometry": { "type": "Polygon", "coordinates": [ [ [ 91.759000000000142, 26.157 ], [ 91.759000000000142, 26.158 ], [ 91.758000000000138, 26.158 ], [ 91.758000000000138, 26.157 ], [ 91.759000000000142, 26.157 ] ] ] } },
{ "type": "Feature", "properties": { "grid_id": "91.7580_26.1580", "temperature": 36.8, "ndvi": 0.56, "priority": "High", "recommended_action": "None", "cost_estimate": 135035 }, "geometry": { "type": "Polygon", "coordinates": [ [ [ 91.759000000000142, 26.158 ], [ 91.759000000000142, 26.159 ], [ 91.758000000000138, 26.159 ], [ 91.758000000000138, 26.158 ], [ 91.759000000000142, 26.158 ] ] ] } },
{ "type": "Feature", "properties": { "grid_id": "91.7580_26.1590", "temperature": 29.6, "ndvi": -0.09, "priority": "Medium", "recommended_action": "Cool roof", "cost_estimate": 101711 }, "geometry": { "type": "Polygon", "coordinates": [ [ [ 91.759000000000142, 26.159 ], [ 91.759000000000142, 26.16 ], [ 91.758000000000138, 26.16 ], [ 91.758000000000138, 26.159 ], [ 91.759000000000142, 26.159 ] ] ] } },
{ "type": "Feature", "properties": { "grid_id": "91.7580_26.1600", "temperature": 40.6, "ndvi": 0.62, "priority": "Low", "recommended_action": "Cool roof", "cost_estimate": 139557 }, "geometry": { "type": "Polygon", "coordinates": [ [ [ 91.759000000000142, 26.16 ], [ 91.759000000000142, 26.161 ], [ 91.758000000000138, 26.161 ], [ 91.758000000000138, 26.16 ], [ 91.759000000000142, 26.16 ] ] ] } },
{ "type": "Feature", "properties": { "grid_id": "91.7580_26.1610", "temperature": 29.7, "ndvi": 0.38, "priority": "Low", "recommended_action": "Tree cover", "cost_estimate": 32623 }, "geometry": { "type": "Polygon", "coordinates": [ [ [ 91.759000000000142, 26.161 ], [ 91.759000000000142, 26.162 ], [ 91.758000000000138, 26.162 ], [ 91.758000000000138, 26.161 ], [ 91.759000000000142, 26.161 ] ] ] } },
{ "type": "Feature", "properties": { "grid_id": "91.7580_26.1620", "temperature": 37.8, "ndvi": 0.18, "priority": "High", "recommended_action": "Tree cover", "cost_estimate": 65765 }, "geometry": { "type": "Polygon", "coordinates": [ [ [ 91.759000000000142, 26.162 ], [ 91.759000000000142, 26.163 ], [ 91.758000000000138, 26.163 ], [ 91.758000000000138, 26.162 ], [ 91.759000000000142, 26.162 ] ] ] } },
{ "type": "Feature", "properties": { "grid_id": "91.7580_26.1630", "temperature": 40.4, "ndvi": 0.74, "priority": "Medium", "recommended_action": "Cool roof", "cost_estimate": 110290 }, "geometry": { "type": "Polygon", "coordinates": [ [ [ 91.759000000000142, 26.163 ], [ 91.759000000000142, 26.164 ], [ 91.758000000000138, 26.164 ], [ 91.758000000000138, 26.163 ], [ 91.759000000000142, 26.163 ] ] ] } },
{ "type": "Feature", "properties": { "grid_id": "91.7580_26.1640", "temperature": 33.0, "ndvi": 0.38, "priority": "High", "recommended_action": "None", "cost_estimate": 57825 }, "geometry": { "type": "Polygon", "coordinates": [ [ [ 91.759000000000142, 26.164 ], [ 91.759000000000142, 26.165 ], [ 91.758000000000138, 26.165 ], [ 91.758000000000138, 26.164 ], [ 91.759000000000142, 26.164 ] ] ] } },
{ "type": "Feature", "properties": { "grid_id": "91.7580_26.1650", "temperature": 38.2, "ndvi": 0.58, "priority": "Low", "recommended_action": "None", "cost_estimate": 51841 }, "geometry": { "type": "Polygon", "coordinates": [ [ [ 91.759000000000142, 26.165 ], [ 91.759000000000142, 26.166 ], [ 91.758000000000138, 26.166 ], [ 91.758000000000138, 26.165 ], [ 91.759000000000142, 26.165 ] ] ] } },
{ "type": "Feature", "properties": { "grid_id": "91.7580_26.1660", "temperature": 38.8, "ndvi": -0.03, "priority": "High", "recommended_action": "Cool roof", "cost_estimate": 149622 }, "geometry": { "type": "Polygon", "coordinates": [ [ [ 91.759000000000142, 26.166 ], [ 91.759000000000142, 26.167 ], [ 91.758000000000138, 26.167 ], [ 91.758000000000138, 26.166 ], [ 91.759000000000142, 26.166 ] ] ] } },
{ "type": "Feature", "properties": { "grid_id": "91.7580_26.1670", "temperature": 28.7, "ndvi": 0.67, "priority": "High", "recommended_action": "Cool roof", "cost_estimate": 27672 }, "geometry": { "type": "Polygon", "coordinates": [ [ [ 91.759000000000142, 26.167 ], [ 91.759000000000142, 26.168 ], [ 91.758000000000138, 26.168 ], [ 91.758000000000138, 26.167 ], [ 91.759000000000142, 26.167 ] ] ] } },
{ "type": "Feature", "properties": { "grid_id": "91.7580_26.1680", "temperature": 36.8, "ndvi": 0.6, "priority": "Low", "recommended_action": "Green park", "cost_estimate": 65298 }, "geometry": { "type": "Polygon", "coordinates": [ [ [ 91.759000000000142, 26.168 ], [ 91.759000000000142, 26.169 ], [ 91.758000000000138, 26.169 ], [ 91.758000000000138, 26.168 ], [ 91.759000000000142, 26.168 ] ] ] } },
{ "type": "Feature", "properties": { "grid_id": "91.7580_26.1690", "temperature": 40.0, "ndvi": 0.06, "priority": "High", "recommended_action": "Green park", "cost_estimate": 69570 }, "geometry": { "type": "Polygon", "coordinates": [ [ [ 91.759000000000142, 26.169 ], [ 91.759000000000142, 26.17 ], [ 91.758000000000138, 26.17 ], [ 91.758000000000138, 26.169 ], [ 91.759000000000142, 26.169 ] ] ] } },
{ "type": "Feature", "properties": { "grid_id": "91.7580_26.1700", "temperature": 31.5, "ndvi": 0.16, "priority": "Low", "recommended_action": "Tree cover", "cost_estimate": 89909 }, "geometry": { "type": "Polygon", "coordinates": [ [ [ 91.759000000000142, 26.17 ], [ 91.759000000000142, 26.171 ], [ 91.758000000000138, 26.171 ], [ 91.758000000000138, 26.17 ], [ 91.759000000000142, 26.17 ] ] ] } },
{ "type": "Feature", "properties": { "grid_id": "91.7580_26.1710", "temperature": 35.5, "ndvi": 0.19, "priority": "Medium", "recommended_action": "Green park", "cost_estimate": 90166 }, "geometry": { "type": "Polygon", "coordinates": [ [ [ 91.759000000000142, 26.171 ], [ 91.759000000000142, 26.172 ], [ 91.758000000000138, 26.172 ], [ 91.758000000000138, 26.171 ], [ 91.759000000000142, 26.171 ] ] ] } },
{ "type": "Feature", "properties": { "grid_id": "91.7580_26.1720", "temperature": 35.3, "ndvi": 0.53, "priority": "High", "recommended_action": "Green park", "cost_estimate": 121918 }, "geometry": { "type": "Polygon", "coordinates": [ [ [ 91.759000000000142, 26.172 ], [ 91.759000000000142, 26.173 ], [ 91.758000000000138, 26.173 ], [ 91.758000000000138, 26.172 ], [ 91.759000000000142, 26.172 ] ] ] } },
{ "type": "Feature", "properties": { "grid_id": "91.7580_26.1730", "temperature": 40.1, "ndvi": 0.32, "priority": "High", "recommended_action": "Cool roof", "cost_estimate": 62582 }, "geometry": { "type": "Polygon", "coordinates": [ [ [ 91.759000000000142, 26.173 ], [ 91.759000000000142, 26.174 ], [ 91.758000000000138, 26.174 ], [ 91.758000000000138, 26.173 ], [ 91.759000000000142, 26.173 ] ] ] } },
{ "type": "Feature", "properties": { "grid_id": "91.7580_26.1740", "temperature": 39.6, "ndvi": 0.78, "priority": "Low", "recommended_action": "Green park", "cost_estimate": 186298 }, "geometry": { "type": "Polygon", "coordinates": [ [ [ 91.759000000000142, 26.174 ], [ 91.759000000000142, 26.175 ], [ 91.758000000000138, 26.175 ], [ 91.758000000000138, 26.174 ], [ 91.759000000000142, 26.174 ] ] ] } },
{ "type": "Feature", "properties": { "grid_id": "91.7580_26.1750", "temperature": 28.6, "ndvi": 0.45, "priority": "High", "recommended_action": "None", "cost_estimate": 158638 }, "geometry": { "type": "Polygon", "coordinates": [ [ [ 91.759000000000142, 26.175 ], [ 91.759000000000142, 26.176 ], [ 91.758000000000138, 26.176 ], [ 91.758000000000138, 26.175 ], [ 91.759000000000142, 26.175 ] ] ] } },
{ "type": "Feature", "properties": { "grid_id": "91.7580_26.1760", "temperature": 38.4, "ndvi": 0.45, "priority": "Low", "recommended_action": "None", "cost_estimate": 36776 }, "geometry": { "type": "Polygon", "coordinates": [ [ [ 91.759000000000142, 26.176 ], [ 91.759000000000142, 26.177 ], [ 91.758000000000138, 26.177 ], [ 91.758000000000138, 26.176 ], [ 91.759000000000142, 26.176 ] ] ] } },
{ "type": "Feature", "properties": { "grid_id": "91.7580_26.1770", "temperature": 41.1, "ndvi": 0.25, "priority": "High", "recommended_action": "Cool roof", "cost_estimate": 70820 }, "geometry": { "type": "Polygon", "coordinates": [ [ [ 91.759000000000142, 26.177 ], [ 91.759000000000142, 26.178 ], [ 91.758000000000138, 26.178 ], [ 91.758000000000138, 26.177 ], [ 91.759000000000142, 26.177 ] ] ] } },
{ "type": "Feature", "properties": { "grid_id": "91.7580_26.1780", "temperature": 39.1, "ndvi": 0.35, "priority": "High", "recommended_action": "Green park", "cost_estimate": 131234 }, "geometry": { "type": "Polygon", "coordinates": [ [ [ 91.759000000000142, 26.178 ], [ 91.759000000000142, 26.179 ], [ 91.758000000000138, 26.179 ], [ 91.758000000000138, 26.178 ], [ 91.759000000000142, 26.178 ] ] ] } },
{ "type": "Feature", "properties": { "grid_id": "91.7580_26.1790", "temperature": 31.4, "ndvi": 0.54, "priority": "High", "recommended_action": "Cool roof", "cost_estimate": 98119 }, "geometry": { "type": "Polygon", "coordinates": [ [ [ 91.759000000000142, 26.179 ], [ 91.759000000000142, 26.18 ], [ 91.758000000000138, 26.18 ], [ 91.758000000000138, 26.179 ], [ 91.759000000000142, 26.179 ] ] ] } },
{ "type": "Feature", "properties": { "grid_id": "91.7590_26.1500", "temperature": 39.9, "ndvi": -0.05, "priority": "Low", "recommended_action": "None", "cost_estimate": 93283 }, "geometry": { "type": "Polygon", "coordinates": [ [ [ 91.760000000000147, 26.15 ], [ 91.760000000000147, 26.151 ], [ 91.759000000000142, 26.151 ], [ 91.759000000000142, 26.15 ], [ 91.760000000000147, 26.15 ] ] ] } },
{ "type": "Feature", "properties": { "grid_id": "91.7590_26.1510", "temperature": 36.6, "ndvi": 0.61, "priority": "High", "recommended_action": "None", "cost_estimate": 46440 }, "geometry": { "type": "Polygon", "coordinates": [ [ [ 91.760000000000147, 26.151 ], [ 91.760000000000147, 26.152 ], [ 91.759000000000142, 26.152 ], [ 91.759000000000142, 26.151 ], [ 91.760000000000147, 26.151 ] ] ] } },
{ "type": "Feature", "properties": { "grid_id": "91.7590_26.1520", "temperature": 33.8, "ndvi": -0.03, "priority": "High", "recommended_action": "None", "cost_estimate": 19160 }, "geometry": { "type": "Polygon", "coordinates": [ [ [ 91.760000000000147, 26.152 ], [ 91.760000000000147, 26.153 ], [ 91.759000000000142, 26.153 ], [ 91.759000000000142, 26.152 ], [ 91.760000000000147, 26.152 ] ] ] } },
{ "type": "Feature", "properties": { "grid_id": "91.7590_26.1530", "temperature": 32.2, "ndvi": 0.07, "priority": "High", "recommended_action": "None", "cost_estimate": 14097 }, "geometry": { "type": "Polygon", "coordinates": [ [ [ 91.760000000000147, 26.153 ], [ 91.760000000000147, 26.154 ], [ 91.759000000000142, 26.154 ], [ 91.759000000000142, 26.153 ], [ 91.760000000000147, 26.153 ] ] ] } },
{ "type": "Feature", "properties": { "grid_id": "91.7590_26.1540", "temperature": 34.6, "ndvi": 0.35, "priority": "Low", "recommended_action": "Green park", "cost_estimate": 79771 }, "geometry": { "type": "Polygon", "coordinates": [ [ [ 91.760000000000147, 26.154 ], [ 91.760000000000147, 26.155 ], [ 91.759000000000142, 26.155 ], [ 91.759000000000142, 26.154 ], [ 91.760000000000147, 26.154 ] ] ] } },
{ "type": "Feature", "properties": { "grid_id": "91.7590_26.1550", "temperature": 35.3, "ndvi": 0.33, "priority": "Low", "recommended_action": "Tree cover", "cost_estimate": 13266 }, "geometry": { "type": "Polygon", "coordinates": [ [ [ 91.760000000000147, 26.155 ], [ 91.760000000000147, 26.156 ], [ 91.759000000000142, 26.156 ], [ 91.759000000000142, 26.155 ], [ 91.760000000000147, 26.155 ] ] ] } },
{ "type": "Feature", "properties": { "grid_id": "91.7590_26.1560", "temperature": 36.6, "ndvi": 0.59, "priority": "Low", "recommended_action": "Green park", "cost_estimate": 45364 }, "geometry": { "type": "Polygon", "coordinates": [ [ [ 91.760000000000147, 26.156 ], [ 91.760000000000147, 26.157 ], [ 91.759000000000142, 26.157 ], [ 91.759000000000142, 26.156 ], [ 91.760000000000147, 26.156 ] ] ] } },
{ "type": "Feature", "properties": { "grid_id": "91.7590_26.1570", "temperature": 29.2, "ndvi": 0.0, "priority": "High", "recommended_action": "Green park", "cost_estimate": 194912 }, "geometry": { "type": "Polygon", "coordinates": [ [ [ 91.760000000000147, 26.157 ], [ 91.760000000000147, 26.158 ], [ 91.759000000000142, 26.158 ], [ 91.759000000000142, 26.157 ], [ 91.760000000000147, 26.157 ] ] ] } },
{ "type": "Feature", "properties": { "grid_id": "91.7590_26.1580", "temperature": 41.5, "ndvi": -0.05, "priority": "High", "recommended_action": "Cool roof", "cost_estimate": 179112 }, "geometry": { "type": "Polygon", "coordinates": [ [ [ 91.760000000000147, 26.158 ], [ 91.760000000000147, 26.159 ], [ 91.759000000000142, 26.159 ], [ 91.759000000000142, 26.158 ], [ 91.760000000000147, 26.158 ] ] ] } },
{ "type": "Feature", "properties": { "grid_id": "91.7590_26.1590", "temperature": 38.2, "ndvi": 0.19, "priority": "High", "recommended_action": "Tree cover", "cost_estimate": 51279 }, "geometry": { "type": "Polygon", "coordinates": [ [ [ 91.760000000000147, 26.159 ], [ 91.760000000000147, 26.16 ], [ 91.759000000000142, 26.16 ], [ 91.759000000000142, 26.159 ], [ 91.760000000000147, 26.159 ] ] ] } },
{ "type": "Feature", "properties": { "grid_id": "91.7590_26.1600", "temperature": 34.2, "ndvi": 0.55, "priority": "Medium", "recommended_action": "Tree cover", "cost_estimate": 153872 }, "geometry": { "type": "Polygon", "coordinates": [ [ [ 91.760000000000147, 26.16 ], [ 91.760000000000147, 26.161 ], [ 91.759000000000142, 26.161 ], [ 91.759000000000142, 26.16 ], [ 91.760000000000147, 26.16 ] ] ] } },
{ "type": "Feature", "properties": { "grid_id": "91.7590_26.1610", "temperature": 34.7, "ndvi": 0.33, "priority": "Low", "recommended_action": "Tree cover", "cost_estimate": 154021 }, "geometry": { "type": "Polygon", "coordinates": [ [ [ 91.760000000000147, 26.161 ], [ 91.760000000000147, 26.162 ], [ 91.759000000000142, 26.162 ], [ 91.759000000000142, 26.161 ], [ 91.760000000000147, 26.161 ] ] ] } },
{ "type": "Feature", "properties": { "grid_id": "91.7590_26.1620", "temperature": 36.3, "ndvi": 0.12, "priority": "Low", "recommended_action": "Tree cover", "cost_estimate": 18605 }, "geometry": { "type": "Polygon", "coordinates": [ [ [ 91.760000000000147, 26.162 ], [ 91.760000000000147, 26.163 ], [ 91.759000000000142, 26.163 ], [ 91.759000000000142, 26.162 ], [ 91.760000000000147, 26.162 ] ] ] } },
{ "type": "Feature", "properties": { "grid_id": "91.7590_26.1630", "temperature": 33.7, "ndvi": 0.49, "priority": "High", "recommended_action": "Green park", "cost_estimate": 198669 }, "geometry": { "type": "Polygon", "coordinates": [ [ [ 91.760000000000147, 26.163 ], [ 91.760000000000147, 26.164 ], [ 91.759000000000142, 26.164 ], [ 91.759000000000142, 26.163 ], [ 91.760000000000147, 26.163 ] ] ] } },
{ "type": "Feature", "properties": { "grid_id": "91.7590_26.1640", "temperature": 32.3, "ndvi": 0.48, "priority": "Low", "recommended_action": "Tree cover", "cost_estimate": 110578 }, "geometry": { "type": "Polygon", "coordinates": [ [ [ 91.760000000000147, 26.164 ], [ 91.760000000000147, 26.165 ], [ 91.759000000000142, 26.165 ], [ 91.759000000000142, 26.164 ], [ 91.760000000000147, 26.164 ] ] ] } },
{ "type": "Feature", "properties": { "grid_id": "91.7590_26.1650", "temperature": 31.8, "ndvi": 0.15, "priority": "Medium", "recommended_action": "Cool roof", "cost_estimate": 160290 }, "geometry": { "type": "Polygon", "coordinates": [ [ [ 91.760000000000147, 26.165 ], [ 91.760000000000147, 26.166 ], [ 91.759000000000142, 26.166 ], [ 91.759000000000142, 26.165 ], [ 91.760000000000147, 26.165 ] ] ] } },
{ "type": "Feature", "properties": { "grid_id": "91.7590_26.1660", "temperature": 37.0, "ndvi": 0.36, "priority": "High", "recommended_action": "Green park", "cost_estimate": 39455 }, "geometry": { "type": "Polygon", "coordinates": [ [ [ 91.760000000000147, 26.166 ], [ 91.760000000000147, 26.167 ], [ 91.759000000000142, 26.167 ], [ 91.759000000000142, 26.166 ], [ 91.760000000000147, 26.166 ] ] ] } },
{ "type": "Feature", "properties": { "grid_id": "91.7590_26.1670", "temperature": 34.5, "ndvi": 0.05, "priority": "Low", "recommended_action": "Tree cover", "cost_estimate": 112633 }, "geometry": { "type": "Polygon", "coordinates": [ [ [ 91.760000000000147, 26.167 ], [ 91.760000000000147, 26.168 ], [ 91.759000000000142, 26.168 ], [ 91.759000000000142, 26.167 ], [ 91.760000000000147, 26.167 ] ] ] } },
{ "type": "Feature", "properties": { "grid_id": "91.7590_26.1680", "temperature": 33.4, "ndvi": 0.03, "priority": "Medium", "recommended_action": "None", "cost_estimate": 9010 }, "geometry": { "type": "Polygon", "coordinates": [ [ [ 91.760000000000147, 26.168 ], [ 91.760000000000147, 26.169 ], [ 91.759000000000142, 26.169 ], [ 91.759000000000142, 26.168 ], [ 91.760000000000147, 26.168 ] ] ] } },
{ "type": "Feature", "properties": { "grid_id": "91.7590_26.1690", "temperature": 28.0, "ndvi": 0.76, "priority": "High", "recommended_action": "None", "cost_estimate": 60686 }, "geometry": { "type": "Polygon", "coordinates": [ [ [ 91.760000000000147, 26.169 ], [ 91.760000000000147, 26.17 ], [ 91.759000000000142, 26.17 ], [ 91.759000000000142, 26.169 ], [ 91.760000000000147, 26.169 ] ] ] } },
{ "type": "Feature", "properties": { "grid_id": "91.7590_26.1700", "temperature": 41.6, "ndvi": 0.09, "priority": "Low", "recommended_action": "Green park", "cost_estimate": 32401 }, "geometry": { "type": "Polygon", "coordinates": [ [ [ 91.760000000000147, 26.17 ], [ 91.760000000000147, 26.171 ], [ 91.759000000000142, 26.171 ], [ 91.759000000000142, 26.17 ], [ 91.760000000000147, 26.17 ] ] ] } },
{ "type": "Feature", "properties": { "grid_id": "91.7590_26.1710", "temperature": 36.6, "ndvi": 0.33, "priority": "High", "recommended_action": "Green park", "cost_estimate": 98679 }, "geometry": { "type": "Polygon", "coordinates": [ [ [ 91.760000000000147, 26.171 ], [ 91.760000000000147, 26.172 ], [ 91.759000000000142, 26.172 ], [ 91.759000000000142, 26.171 ], [ 91.760000000000147, 26.171 ] ] ] } },
{ "type": "Feature", "properties": { "grid_id": "91.7590_26.1720", "temperature": 32.7, "ndvi": 0.58, "priority": "High", "recommended_action": "Green park", "cost_estimate": 82044 }, "geometry": { "type": "Polygon", "coordinates": [ [ [ 91.760000000000147, 26.172 ], [ 91.760000000000147, 26.173 ], [ 91.759000000000142, 26.173 ], [ 91.759000000000142, 26.172 ], [ 91.760000000000147, 26.172 ] ] ] } },
{ "type": "Feature", "properties": { "grid_id": "91.7590_26.1730", "temperature": 38.0, "ndvi": 0.6, "priority": "High", "recommended_action": "Green park", "cost_estimate": 160748 }, "geometry": { "type": "Polygon", "coordinates": [ [ [ 91.760000000000147, 26.173 ], [ 91.760000000000147, 26.174 ], [ 91.759000000000142, 26.174 ], [ 91.759000000000142, 26.173 ], [ 91.760000000000147, 26.173 ] ] ] } },
{ "type": "Feature", "properties": { "grid_id": "91.7590_26.1740", "temperature": 40.9, "ndvi": 0.26, "priority": "Low", "recommended_action": "Cool roof", "cost_estimate": 122206 }, "geometry": { "type": "Polygon", "coordinates": [ [ [ 91.760000000000147, 26.174 ], [ 91.760000000000147, 26.175 ], [ 91.759000000000142, 26.175 ], [ 91.759000000000142, 26.174 ], [ 91.760000000000147, 26.174 ] ] ] } },
{ "type": "Feature", "properties": { "grid_id": "91.7590_26.1750", "temperature": 35.8, "ndvi": 0.75, "priority": "Medium", "recommended_action": "None", "cost_estimate": 129759 }, "geometry": { "type": "Polygon", "coordinates": [ [ [ 91.760000000000147, 26.175 ], [ 91.760000000000147, 26.176 ], [ 91.759000000000142, 26.176 ], [ 91.759000000000142, 26.175 ], [ 91.760000000000147, 26.175 ] ] ] } },
{ "type": "Feature", "properties": { "grid_id": "91.7590_26.1760", "temperature": 30.6, "ndvi": 0.28, "priority": "Low", "recommended_action": "Tree cover", "cost_estimate": 180494 }, "geometry": { "type": "Polygon", "coordinates": [ [ [ 91.760000000000147, 26.176 ], [ 91.760000000000147, 26.177 ], [ 91.759000000000142, 26.177 ], [ 91.759000000000142, 26.176 ], [ 91.760000000000147, 26.176 ] ] ] } },
{ "type": "Feature", "properties": { "grid_id": "91.7590_26.1770", "temperature": 28.6, "ndvi": -0.04, "priority": "High", "recommended_action": "None", "cost_estimate": 82189 }, "geometry": { "type": "Polygon", "coordinates": [ [ [ 91.760000000000147, 26.177 ], [ 91.760000000000147, 26.178 ], [ 91.759000000000142, 26.178 ], [ 91.759000000000142, 26.177 ], [ 91.760000000000147, 26.177 ] ] ] } },
{ "type": "Feature", "properties": { "grid_id": "91.7590_26.1780", "temperature": 35.2, "ndvi": 0.61, "priority": "Low", "recommended_action": "Tree cover", "cost_estimate": 117205 }, "geometry": { "type": "Polygon", "coordinates": [ [ [ 91.760000000000147, 26.178 ], [ 91.760000000000147, 26.179 ], [ 91.759000000000142, 26.179 ], [ 91.759000000000142, 26.178 ], [ 91.760000000000147, 26.178 ] ] ] } },
{ "type": "Feature", "properties": { "grid_id": "91.7590_26.1790", "temperature": 28.2, "ndvi": -0.06, "priority": "High", "recommended_action": "Green park", "cost_estimate": 138743 }, "geometry": { "type": "Polygon", "coordinates": [ [ [ 91.760000000000147, 26.179 ], [ 91.760000000000147, 26.18 ], [ 91.759000000000142, 26.18 ], [ 91.759000000000142, 26.179 ], [ 91.760000000000147, 26.179 ] ] ] } }
]
}
